--------- beginning of system
06-11 10:33:36.740  4329  4424 V WindowManagerShell: Transition requested (#1449): android.os.BinderProxy@e39a571 TransitionRequestInfo { type = OPEN, triggerTask = TaskInfo{userId=0 taskId=2805 effectiveUid=10602 displayId=0 isRunning=true baseIntent=Intent { flg=0x10000000 cmp=com.earthengine.minimalglobe/.MainActivity mCallingUid=2000 } baseActivity=ComponentInfo{com.earthengine.minimalglobe/com.earthengine.minimalglobe.MainActivity} topActivity=ComponentInfo{com.earthengine.minimalglobe/com.earthengine.minimalglobe.MainActivity} origActivity=null realActivity=ComponentInfo{com.earthengine.minimalglobe/com.earthengine.minimalglobe.MainActivity}
06-11 10:33:36.740  4329  4424 V WindowManagerShell:  numActivities=1 lastActiveTime=242614059 supportsSplitScreenMultiWindow=true supportsMultiWindow=true supportsPocketStudioMultiWindow=true isInFlexibleEmbedded = false uid = 10602 pid = 0 resizeMode=1 isResizeable=true minWidth=-1 minHeight=-1 defaultMinSize=220 token=WCT{android.window.IWindowContainerToken$Stub$Proxy@55a0f56} topActivityType=1 pictureInPictureParams=null shouldDockBigOverlays=false launchIntoPipHostTaskId=-1 lastParentTaskIdBeforePip=-1 displayCutoutSafeInsets=Rect(0, 139 - 0, 0)
06-11 10:33:36.740  4329  4424 V WindowManagerShell:  topActivityInfo=ActivityInfo{a88ebd7 com.earthengine.minimalglobe.MainActivity} launchCookies=[] positionInParent=Point(0, 0) parentTaskId=-1 isFocused=false isVisible=false isVisibleRequested=false isTopActivityNoDisplay=false isSleeping=false locusId=null displayAreaFeatureId=1 isTopActivityTransparent=false isActivityStackTransparent=false lastNonFullscreenBounds=Rect(322, 807 - 918, 2047) capturedLink=null capturedLinkTimestamp=0 requestedVisibleTypes=-9 topActivityRequestOpenInBrowserEducationTimestamp=0
06-11 10:33:36.740  4329  4424 V WindowManagerShell:  appCompatTaskInfo=AppCompatTaskInfo { topActivityInSizeCompat=false topActivityInOplusCompatMode=false eligibleForLetterboxEducation= false isLetterboxEducationEnabled= false isLetterboxDoubleTapEnabled= false eligibleForUserAspectRatioButton= false topActivityBoundsLetterboxed= false isFromLetterboxDoubleTap= false topActivityLetterboxVerticalPosition= -1 topActivityLetterboxHorizontalPosition= -1 topActivityLetterboxWidth=-1 topActivityLetterboxHeight=-1 topActivityAppBounds=Rect(0, 0 - 1240, 2772) isUserFullscreenOverrideEnabled=false isSystemFullscreenOverrideEnabled=false hasMinAspectRatioOverride=false topActivityLetterboxBounds=null cameraCompatTaskInfo=CameraCompatTaskInfo { freeformCameraCompatMode=inactive}} topActivityMainWindowFrame=null topActivityLetterboxInsets=Rect(0, 0 - 0, 0)
06-11 10:33:36.740  4329  4424 V WindowManagerShell:  mOplusExtraBundle = Bundle[mParcelledData.dataSize=1488]}, pipChange = null, remoteTransition = null, displayChange = null, flags = 0, debugId = 1449 }
06-11 10:33:36.740  4329  4424 D ShellSplitScreen: logExit: no-op, mLoggerSessionId is null
06-11 10:33:36.740  3189  5958 I AccessibilityWindowsPopulator: getInsensibleFlag flag = 0
--------- beginning of main
06-11 10:33:36.741 25296 25296 I AstScreen.RxLauncherStateMonitor: setValue launcherState PAUSE value PAUSE
06-11 10:33:36.741 25296 25296 I AstScreen.AssistantScreen.EventProcessor.state: onPause enter: false resume:false lastEvent: enter_back_end
06-11 10:33:36.741  4650  4650 I GCP.ChildCardSnapshotManager:  addOrUpdateChildCardSnapshot: 1781139090859, sceneKey: 210000000_210000000, layoutGravity: 2[gcSdk:v1.3.130-5a024cf,gcPlugin:v16.56.0-ff09c7f3]
06-11 10:33:36.742 25296 25296 I AstScreen.AssistantScreen.EventProcessor.state: onPause isEnterResume false
06-11 10:33:36.742 25296 25296 I AstScreen.AssistantScreen.EnterBooster: onWindowPause do
06-11 10:33:36.742  4329  4498 D ShellStartingWindow: inconsize = 560
06-11 10:33:36.742  1708  1815 W ANDR-PERF-LM: MetaMeter: handlePrimaryAsync() 118: AdaptLaunch MetaMeter. No MeterMgr Available to handle this Primary Async. !!!!
06-11 10:33:36.742  1708  1815 W ANDR-PERF-LM: MetaMeter: handlePrimaryAsync() 118: AdaptLaunch MetaMeter. No MeterMgr Available to handle this Primary Async. !!!!
06-11 10:33:36.743  4329  4493 E OplusBracketLog: [OplusViewMirrorManager] updateHostViewRootIfNeeded, not support android.view.ViewRootImpl@bda718
06-11 10:33:36.743  1667 15952 I sensors-hal: handle_oplus_wise_rgb_event:230, wise_rgb:algo_type = 3
06-11 10:33:36.743  4329  4493 D ViewRootImplExtImpl: wrapConfigInfoIntoFlags rotation=0, smallestScreenWidthDp=0, residentWS=false, scenario=0, bounds=Rect(0, 0 - 1240, 2772), relayoutAsync=false, flags=0, newFlags=1453326336, title=Splash Screen com.earthengine.minimalglobe
06-11 10:33:36.743  1667 15952 I sensors-hal: handle_oplus_wise_rgb_event:285, wise_rgb: raw_lux 503.305176, raw_cct 6290.245117, r/g/b/c: 41024.500000/35949.988281/20092.207031/90338.054688, R/G/B: 0.000000/0.000000/0.000000, brl 1529.000000, lux: 503.305176, cct: 6290.245117, ts 242614059834241, cnt 3726
06-11 10:33:36.744  3189  4338 V WindowManager: Relayout Window{640d93e u0 Splash Screen com.earthengine.minimalglobe}: viewVisibility=0, oldvis=0, req=1240x2772 , apr = 8, vsysui=, x=0, y=0
06-11 10:33:36.744  3189  4338 I WindowManager: Window{640d93e u0 Splash Screen com.earthengine.minimalglobe} state from NO_SURFACE to DRAW_PENDING; reason: resetDrawState
06-11 10:33:36.744  9703 11042 D RealConnection:: Platform.get().getSelectedProtocol(sslSocket):http/1.1
06-11 10:33:36.744  9703 11042 D RealConnection:: supportsTlsExtensions:true
06-11 10:33:36.744  9703 11042 D RealConnection:: maybeProtocol:http/1.1
06-11 10:33:36.744  9703 11042 D RealConnection:: protocol:http/1.1
06-11 10:33:36.745  3189  4338 D DisplayModeDirector: setAppRequest displayId : 4  modeId: 0  requestedRefreshRate: 0.0  requestedMinRefreshRateRange: 0.0  requestedMaxRefreshRateRange: 0.0
06-11 10:33:36.746  3189  4338 D DisplayModeDirector: setAppRequest displayId : 0  modeId: 1  requestedRefreshRate: 0.0  requestedMinRefreshRateRange: 0.0  requestedMaxRefreshRateRange: 120.00001
06-11 10:33:36.746  3189  4338 D QuickBackInputPolicy: hasMultiChildrenInTask: false
06-11 10:33:36.746  3189  4338 D WindowManager: NFW_findFocusedWindowIfNeeded:Window{ef2a2ae u0 com.android.launcher/com.android.launcher.Launcher} mCurrentFocus:Window{ef2a2ae u0 com.android.launcher/com.android.launcher.Launcher}
06-11 10:33:36.746  3189  4338 D WindowManager: NFW_findFocusedWindowIfNeeded:null mCurrentFocus:null
06-11 10:33:36.747  4329  4493 W VRI[minimalglobe]: updateBlastSurfaceIfNeeded, surfaceSize:Point(1240, 2772), lastSurfaceSize:Point(0, 0), format:-3, blastBufferQueue:null
06-11 10:33:36.747  4329  4493 W libc    : Access denied finding property "vendor.display.enable_optimal_refresh_rate"
06-11 10:33:36.747  4329  4493 D BufferQueueConsumer: [](id:10e900000535,api:0,p:-1,c:4329) connect: controlledByApp=false
06-11 10:33:36.748  4329  4493 D BufferQueueConsumer: [VRI[minimalglobe]#1332(BLAST Consumer)1332](id:10e900000535,api:0,p:-1,c:4329) setMaxAcquiredBufferCount: 2
06-11 10:33:36.748  4329  4493 W libc    : Access denied finding property "vendor.display.enable_optimal_refresh_rate"
06-11 10:33:36.749  3189  3606 I OplusHansManager : front pkg: com.earthengine.minimalglobe, uid: 10602, prev pkg: com.android.launcher, prev uid: 10196
06-11 10:33:36.749  4329  4630 D HWUI    : createSurface new attribs array
06-11 10:33:36.749  4329  4630 D libEGL  : this is from skia gles
06-11 10:33:36.749  4329  4630 D BufferQueueProducer: [VRI[minimalglobe]#1332(BLAST Consumer)1332](id:10e900000535,api:1,p:4329,c:4329) connect: api=1 producerControlledByApp=true
06-11 10:33:36.749  3189  3606 D RefreshRate: don't do app switch boost,arDisplayId:0 mDisplayId:0 currentSettingMode:3 hasAppSwitchBoostPriority:true is supportRefreshRateSwitch:true
06-11 10:33:36.749  3189  3949 D JobSchedulerServiceExtImpl: updateOsenseRestrictMode for 1 true false
06-11 10:33:36.749  3189  3606 V SensorManager: call sensorServiceCommonInterface name: setScreenShotDisable
06-11 10:33:36.749  3189  3606 D SensorServiceExtImpl: sensorServiceCommonInterface funcName = setScreenShotDisable, flag = 0, status = 0
06-11 10:33:36.750  3189  3949 I [UAH_CLIENT]: UahEventAcquire, cmdid:1, pkg:com.earthengine.minimalglobe, identity:com.android.server.wm
06-11 10:33:36.750  4329  4493 I SurfaceControl:  setExtendedRangeBrightness sc=Surface(name=Splash Screen com.earthengine.minimalglobe)/@0x9b2fa06,currentBufferRatio=1.0,desiredRatio=1.0
06-11 10:33:36.750  3189  3606 D ActivityTaskManager: setAppVisibility(Token{87dc88c ActivityRecord{137169095 u0 com.earthengine.minimalglobe/.MainActivity t2805}}, visible=true):  visible=false mVisibleRequested=false
06-11 10:33:36.750  3189  3606 D ActivityTaskManager: setVisibility(Token{87dc88c ActivityRecord{137169095 u0 com.earthengine.minimalglobe/.MainActivity t2805}}, visible=true) defer commitVisibility for transition collecting
06-11 10:33:36.750  3189  3606 V SensorManager: call sensorServiceCommonInterface name: setScreenShotDisable
06-11 10:33:36.750  3189  3606 D SensorServiceExtImpl: sensorServiceCommonInterface funcName = setScreenShotDisable, flag = 0, status = 0
06-11 10:33:36.750  3189  3949 I [UAH_CLIENT]: UahEventAcquire, cmdid:1, pkg:com.earthengine.minimalglobe, identity:com.android.server.wm
06-11 10:33:36.750  3189  3606 D ActivityTaskManager: setAppVisibility(Token{7b9f27d ActivityRecord{6207955 u0 com.android.launcher/.Launcher t2}}, visible=false):  visible=true mVisibleRequested=true
06-11 10:33:36.750  3189  3606 D ActivityTaskManager: setVisibility(Token{7b9f27d ActivityRecord{6207955 u0 com.android.launcher/.Launcher t2}}, visible=false) defer commitVisibility for transition collecting
06-11 10:33:36.750  3189  3606 D DisplayModeDirector: setAppRequest displayId : 4  modeId: 0  requestedRefreshRate: 0.0  requestedMinRefreshRateRange: 0.0  requestedMaxRefreshRateRange: 0.0
06-11 10:33:36.752  3189  3606 D DisplayModeDirector: setAppRequest displayId : 0  modeId: 1  requestedRefreshRate: 0.0  requestedMinRefreshRateRange: 0.0  requestedMaxRefreshRateRange: 120.00001
06-11 10:33:36.756  3189  3606 I system_server: _Desupression native alloc gc_urgency: 81888 native bytes: 178802984
06-11 10:33:36.756  6716  6716 I SG::PackageReceiver: onReceive action = android.intent.action.PACKAGE_REMOVED [base|com.oplus.pantanal.ums|2.0.44-25e9612]
06-11 10:33:36.757  1708  1815 W ANDR-PERF-LM: MetaMeter: handlePrimaryAsync() 118: AdaptLaunch MetaMeter. No MeterMgr Available to handle this Primary Async. !!!!
06-11 10:33:36.757  6716 11213 I AdviceUMS.AdviceMigrationManager: onChange: packageName = com.earthengine.minimalglobe
06-11 10:33:36.757  6716 11213 I 6716UMS[16056002][b33855b].PackageMetaMonitor_Travel: updateMetaData: packageName = com.earthengine.minimalglobe, metaDataValueMap = {MonitorMetaDataItem(packageName=com.coloros.sceneservice, metaName=advice_host, defaultValue=)=ums, MonitorMetaDataItem(packageName=com.oplus.metis, metaName=isMigrateToUms, defaultValue=false)=false, MonitorMetaDataItem(packageName=com.coloros.sceneservice, metaName=app_switch_migrated, defaultValue=false)=false, MonitorMetaDataItem(packageName=com.coloros.sceneservice, metaName=dispatch_analyze_from, defaultValue=)=SMS,SMS_IDLE,CALENDAR,CALENDAR_IDLE, MonitorMetaDataItem(packageName=com.coloros.sceneservice, metaName=dispatch_analyze_domain, defaultValue=)=FLIGHT,TRAIN,MOVIE,HOTEL,EXPRESS,BANK,HOSPITAL, MonitorMetaDataItem(packageName=com.oplus.systemui.plugins, metaName=entranceBgColor, defaultValue=false)=true}
06-11 10:33:36.757  1708  1815 W ANDR-PERF-LM: MetaMeter: handlePrimaryAsync() 118: AdaptLaunch MetaMeter. No MeterMgr Available to handle this Primary Async. !!!!
06-11 10:33:36.757  6716  6716 I CardService[1006200].ApplicationStateChangeMonitor: ApplicationStateChangeReceiver onReceive
06-11 10:33:36.757  6716  6716 I CardService[1006200].ApplicationStateChangeMonitor: ApplicationStateChangeReceiver onReceive, action =android.intent.action.PACKAGE_REMOVED, packageName =*om.ea*theng*ne.mi*imalg*obe, isUpdated = true
06-11 10:33:36.757  6716  6716 I CardService[1006200].CardServiceDisplayDataRepository: onConfigChanged:com.earthengine.minimalglobe
06-11 10:33:36.758  3189  3942 D osense-blo: [0, false] [0, false] [0, false] 
06-11 10:33:36.758  3189  4242 I Osense-BaseDecisionMaker: notifySceneToAthenaPolicy: SCENE_APP_SWITCH, bundle: Bundle[{prevPkgName=com.android.launcher, curUid=10602, isGame=false, curPkgName=com.earthengine.minimalglobe, prevUid=10196}]
06-11 10:33:36.758  6716  6716 I CardConfig.PackageObserver: onReceive: action = android.intent.action.PACKAGE_REMOVED, name = minimalglobe, isUpdated = true
06-11 10:33:36.758  8454  8454 I ContextAware_DaemonReceiver: onReceive:android.intent.action.PACKAGE_REMOVED
06-11 10:33:36.758  8454  9024 I ContextAware_AppRecommendDispatch: dispatch app event with app_uninstall_event
06-11 10:33:36.758  8454  9164 I ContextAware_DaemonReceiver: handleBroadcast:android.intent.action.PACKAGE_REMOVED, for replacing
06-11 10:33:36.759  6716  6716 I SG::PackageReceiver: onReceive action = android.intent.action.PACKAGE_ADDED
06-11 10:33:36.760  4329  4630 D BLASTBufferQueue: [VRI[minimalglobe]#1332](f:0,a:1) acquireNextBufferLocked size=1240x2772 mFrameNumber=1 applyTransaction=true mTimestamp=200710482729422(auto) mPendingTransactions.size=0 graphicBufferId=18592913434369 transform=0
06-11 10:33:36.760  6716 11342 I AdviceUMS.AdviceMigrationManager: onChange: packageName = com.earthengine.minimalglobe
06-11 10:33:36.760  6716 11342 I 6716UMS[16056002][b33855b].PackageMetaMonitor_Travel: updateMetaData: packageName = com.earthengine.minimalglobe, metaDataValueMap = {MonitorMetaDataItem(packageName=com.coloros.sceneservice, metaName=advice_host, defaultValue=)=ums, MonitorMetaDataItem(packageName=com.oplus.metis, metaName=isMigrateToUms, defaultValue=false)=false, MonitorMetaDataItem(packageName=com.coloros.sceneservice, metaName=app_switch_migrated, defaultValue=false)=false, MonitorMetaDataItem(packageName=com.coloros.sceneservice, metaName=dispatch_analyze_from, defaultValue=)=SMS,SMS_IDLE,CALENDAR,CALENDAR_IDLE, MonitorMetaDataItem(packageName=com.coloros.sceneservice, metaName=dispatch_analyze_domain, defaultValue=)=FLIGHT,TRAIN,MOVIE,HOTEL,EXPRESS,BANK,HOSPITAL, MonitorMetaDataItem(packageName=com.oplus.systemui.plugins, metaName=entranceBgColor, defaultValue=false)=true}
06-11 10:33:36.760  4329  4630 D VRI[minimalglobe]: Received frameCommittedCallback lastAttemptedDrawFrameNum=1 didProduceBuffer=true syncBuffer=false
06-11 10:33:36.760  4329  4493 D VRI[minimalglobe]: draw finished. seqId=0
06-11 10:33:36.761  3189  5016 D WindowManager: onSyncFinishedDrawing: Window{640d93e u0 Splash Screen com.earthengine.minimalglobe}
06-11 10:33:36.761  3189  5016 I WindowManager: finishDrawing skipLayout:false,syncSeqId=0,mPrepareSyncSeqId=0 Window{640d93e u0 Splash Screen com.earthengine.minimalglobe} com.android.server.wm.WindowManagerService.finishDrawingWindow:3217 com.android.server.wm.Session.finishDrawing:399 android.view.IWindowSession$Stub.onTransact:793 
06-11 10:33:36.761  3189  5016 I WindowManager: Window{640d93e u0 Splash Screen com.earthengine.minimalglobe} state from DRAW_PENDING to COMMIT_DRAW_PENDING; reason: finishDrawingLocked
06-11 10:33:36.761  8454  8454 I ContextAware_DaemonReceiver: onReceive end
06-11 10:33:36.761  3189  4441 D NativeFreezeManager: freezeForAppSwitchScene mAppLaunchFzDxEnable enter, mFgAppPkgname com.earthengine.minimalglobe
06-11 10:33:36.761  3189  3252 D DisplayModeDirector: setAppRequest displayId : 4  modeId: 0  requestedRefreshRate: 0.0  requestedMinRefreshRateRange: 0.0  requestedMaxRefreshRateRange: 0.0
06-11 10:33:36.761  8454  8454 I metis_v2_SettingBroadcastReceiver: onReceive, action = android.intent.action.PACKAGE_REMOVED
06-11 10:33:36.762  6716  6716 I CardService[1006200].ApplicationStateChangeMonitor: ApplicationStateChangeReceiver onReceive
06-11 10:33:36.762  6716  6716 I CardService[1006200].ApplicationStateChangeMonitor: ApplicationStateChangeReceiver onReceive, action =android.intent.action.PACKAGE_ADDED, packageName =*om.ea*theng*ne.mi*imalg*obe, isUpdated = true
06-11 10:33:36.762  8454  8454 I metis_v2_SettingBroadcastReceiver: onReceive:android.intent.action.PACKAGE_REMOVED, for replacing
06-11 10:33:36.762  6716  6716 I CardService[1006200].CardServiceDisplayDataRepository: onConfigChanged:com.earthengine.minimalglobe
06-11 10:33:36.762  6716  6716 I CardConfig.PackageObserver: onReceive: action = android.intent.action.PACKAGE_ADDED, name = minimalglobe, isUpdated = true
06-11 10:33:36.762  3189  3252 I WindowManager: Window{640d93e u0 Splash Screen com.earthengine.minimalglobe} state from COMMIT_DRAW_PENDING to READY_TO_SHOW; reason: commitFinishDrawingLocked
06-11 10:33:36.762  3189  3252 D ActivityTaskManager: onStartingWindowDrawn: app=null, mStartingData=SplashScreenStartingData{c607cec removeAfterTransaction= 0}, finishing=false,mLaunchedFromBubble=false, mVisibleRequested=true, mDisplayContent=Display{#0 state=ON size=1240x2772 ROTATION_0}, isZoomMode=false
06-11 10:33:36.763  3189  3252 D FlexibleTaskController: isFullToFlexibleAnimating: false
06-11 10:33:36.763  3189  4683 D OplusHansManager : onUidHansStateChanged: uid = 10602, isFreeze = false, frozenStatus = 0
06-11 10:33:36.763  3189  3252 D WindowManager: rotation(ROTATION_0) no changed  displayId = 0, lastOrientation = -1
06-11 10:33:36.763  3189  3252 D DisplayModeDirector: setAppRequest displayId : 0  modeId: 1  requestedRefreshRate: 0.0  requestedMinRefreshRateRange: 0.0  requestedMaxRefreshRateRange: 120.00001
06-11 10:33:36.763  3189  3252 D ActivityTaskManager: commitVisibility: ActivityRecord{137169095 u0 com.earthengine.minimalglobe/.MainActivity t2805}: visible=true visibleRequested=true, isInTransition=true 
06-11 10:33:36.763  3189  3252 I WindowManager: Window{640d93e u0 Splash Screen com.earthengine.minimalglobe} state from READY_TO_SHOW to HAS_DRAWN; reason: performShowLocked
06-11 10:33:36.763  3189  3252 I WindowStateExtImpl: onSurfaceShowChange show = true mPackageName = com.earthengine.minimalglobe parentPkgName = com.earthengine.minimalglobe
06-11 10:33:36.763  3189  3252 D CoreBackPreview:  return markWindowHasDrawn mComposed: false  mWaitTransition: false
06-11 10:33:36.764  3189  3252 E OplusAppQuickStart_AppQuickStartController: not start from launcher transition:1449
06-11 10:33:36.764  3189  3252 D Transition: collectOrderChanges onTopTasksEnd: [Task{f676a63 #2805 type=standard A=10602:com.earthengine.minimalglobe}], reportedOnTop:null, mOnTopTasksStart: [Task{f676a63 #2805 type=standard A=10602:com.earthengine.minimalglobe}], TDA child: [Task{24bf9 #3 type=undefined}, Task{b8e7980 #2804 type=standard A=10602:com.earthengine.minimalglobe}, Task{8354b3d #1 type=home}, Task{f676a63 #2805 type=standard A=10602:com.earthengine.minimalglobe}]
06-11 10:33:36.764  3189  5958 I InputDispatcher: updateFocusedWindow,  on display 0, reason: NO_WINDOW, result:   FocusedWindows: <none>
06-11 10:33:36.764  3189  3252 D OplusFlexibleActivityTransitionManager: fixTransitType type result:1, targets: [ChangeInfo{c2da611 container=Task{f676a63 #2805 type=standard A=10602:com.earthengine.minimalglobe} flags=0x10}, ChangeInfo{a2f1376 container=Task{8354b3d #1 type=home} flags=0x10}]
06-11 10:33:36.765  4650  4650 D VRI[Launcher]: onFocusEvent false
06-11 10:33:36.766  3189  3252 D OplusTransitionAnimationManager: activityRecordCount0fullScreenArBeHindStartingWindow null
06-11 10:33:36.766  3189  3252 D OplusTransitionAnimationManager: activityRecordCount0fullScreenArBeHindStartingWindow null
06-11 10:33:36.767  3189  3252 D QuickBackInputPolicy: resetInputInterceptState for remoteTransition: false
06-11 10:33:36.767  3189  3252 D OplusTransitionController: onTransactionReady, transition: 1449, info: {id=1449 t=OPEN f=0x0 trk=0 r=[0@Point(0, 0)] c=[{WCT{RemoteToken{7916a13 Task{f676a63 #2805 type=standard A=10602:com.earthengine.minimalglobe}}} m=OPEN f=NONE leash=Surface(name=Task=2805)/@0x6f0f102 sb=Rect(0, 0 - 1240, 2772) eb=Rect(0, 0 - 1240, 2772) epz=Point(1240, 2772) d=0 taskParent=-1},{WCT{RemoteToken{d6c47d5 Task{8354b3d #1 type=home}}} m=TO_BACK f=SHOW_WALLPAPER leash=Surface(name=Task=1)/@0x60d1c92 sb=Rect(0, 0 - 1240, 2772) eb=Rect(0, 0 - 1240, 2772) epz=Point(1240, 2772) d=0 taskParent=-1}] 
06-11 10:33:36.767  3189  3252 D OplusTransitionController: extendInfo=[
06-11 10:33:36.767  3189  3252 D OplusTransitionController:  OplusTransitionExtendedInfo{mTmpFinishT=null, mInOplusCompatMode=false, mIsProcessRunning=false, mHasMismatchBoundsTarget=false, mRecentsController=null, mRemoteTransition=null, mIsTranslucentActivityToHome=false, mAvoidInterceptKeyEventToHome=false, mIsFromHome=false, mParentLeash=null, mBackAnimClosingLeash=null, mIsOplusAnimRes=false, mKeepBgForContinuous=false, mIsBalAllow=true, mTaskNotInRecent=false, mIsPredictiveBackAnim=false, mIsMergedWithPredictive=false, mIsLaunchFromSpruce=false, mIsLaunchFromDrive=false, mGlobalSearchPageSwitch=false, mNeedNoAlphaGlobalSearchScene=false, mAssistScreenShowing=false, mSwipeUpBrowserScreenShowing=false, mUserIdTransition=0
06-11 10:33:36.767  3189  3252 D OplusTransitionController: , mInRemoteScene=false, mInPreReady=false, mPreStart=false, mToken=null, mAbortByRemoteFromHome=false, mShellApplyToken=null, mRequestTransitionTaskId=2805, mAbortTransitionOnShell=0, mStartFromShortcut=false, mRemovedTaskId=-1, mTransitionInterruptType=0, mMergeSecondTaskId=-1, mTaskIdStartFromRecents=0, mTransitionId=1449, mCanUseSpringSlideAnim=false, mTransitionLaunchFrom=0, mFoldChangeType=-1, mAnimStartingPosition=[0, 0, 0, 0], mIsOpeningStkDialogActivity=false, mSecondaryHomeToFrontWhenUnFolding=false, mIsNeedApplyStartTForEmbedded=false
06-11 10:33:36.767  3189  3252 D OplusTransitionController: , mNeedCanvasExitAnim=false, mMergeSecondTaskAnimation=false, mIsLaunchUnityStart=false, mIsLaunchFromAssistantByDefault=false, mSkipRemoteTransitionfalse, mIsStartFromKeyguard=false flags=0x0, mWCT=null, mIsOpenMergeToInValidPredictive=false, mPromoteTaskWhenKeyguard-1, mRootLayerZOrderArray={}}]}, targets : [ChangeInfo{c2da611 container=Task{f676a63 #2805 type=standard A=10602:com.earthengine.minimalglobe} flags=0x10}, ChangeInfo{a2f1376 container=Task{8354b3d #1 type=home} flags=0x10}], participants: {ActivityRecord{6207955 u0 com.android.launcher/.Launcher t2}, WallpaperWindowToken{279cd35 showWhenLocked=false}, ActivityRecord{137169095 u0 com.earthengine.minimalglobe/.MainActivity t2805}, WallpaperWindowToken{b349257 showWhenLocked=true}, Task{f676a63 #2805 type=standard A=10602:com.earthengine.minimalglobe}}
06-11 10:33:36.768  8454  8454 I ContextAware_DaemonReceiver: onReceive:android.intent.action.PACKAGE_ADDED
06-11 10:33:36.768  8454  8454 I ContextAware_DaemonReceiver: onReceive end
06-11 10:33:36.768  3189  3252 D DisplayModeDirector: setAppRequest displayId : 4  modeId: 0  requestedRefreshRate: 0.0  requestedMinRefreshRateRange: 0.0  requestedMaxRefreshRateRange: 0.0
06-11 10:33:36.768  4329 24904 V WindowManagerShell: onTransitionReady(transaction=13696650857171)
06-11 10:33:36.767  1575  1575 D Zygote  : Forked child process 29276
06-11 10:33:36.768  8454  9164 I ContextAware_DaemonReceiver: handleBroadcast:android.intent.action.PACKAGE_ADDED, for replacing
06-11 10:33:36.769  8454  8454 I metis_v2_SettingBroadcastReceiver: onReceive, action = android.intent.action.PACKAGE_ADDED
06-11 10:33:36.769  8454  8454 I metis_v2_SettingBroadcastReceiver: onReceive:android.intent.action.PACKAGE_ADDED, for replacing
06-11 10:33:36.768  4329  4424 V WindowManagerShell: onTransitionReady (#1449) android.os.BinderProxy@e39a571: {id=1449 t=OPEN f=0x0 trk=0 r=[0@Point(0, 0)] c=[
06-11 10:33:36.768  4329  4424 V WindowManagerShell:         {m=OPEN f=NONE leash=Surface(name=Task=2805)/@0x31a9178 sb=Rect(0, 0 - 1240, 2772) eb=Rect(0, 0 - 1240, 2772) epz=Point(1240, 2772) d=0 taskParent=-1},
06-11 10:33:36.768  4329  4424 V WindowManagerShell:         {m=TO_BACK f=SHOW_WALLPAPER leash=Surface(name=Task=1)/@0x572b051 sb=Rect(0, 0 - 1240, 2772) eb=Rect(0, 0 - 1240, 2772) epz=Point(1240, 2772) d=0 taskParent=-1}
06-11 10:33:36.768  4329  4424 V WindowManagerShell:     ] 
06-11 10:33:36.768  4329  4424 V WindowManagerShell: extendInfo=[
06-11 10:33:36.768  4329  4424 V WindowManagerShell:  OplusTransitionExtendedInfo{mTmpFinishT=null, mInOplusCompatMode=false, mIsProcessRunning=false, mHasMismatchBoundsTarget=false, mRecentsController=null, mRemoteTransition=null, mIsTranslucentActivityToHome=false, mAvoidInterceptKeyEventToHome=false, mIsFromHome=false, mParentLeash=null, mBackAnimClosingLeash=null, mIsOplusAnimRes=false, mKeepBgForContinuous=false, mIsBalAllow=true, mTaskNotInRecent=false, mIsPredictiveBackAnim=false, mIsMergedWithPredictive=false, mIsLaunchFromSpruce=false, mIsLaunchFromDrive=false, mGlobalSearchPageSwitch=false, mNeedNoAlphaGlobalSearchScene=false, mAssistScreenShowing=false, mSwipeUpBrowserScreenShowing=false, mUserIdTransition=0
06-11 10:33:36.768  4329  4424 V WindowManagerShell: , mInRemoteScene=false, mInPreReady=false, mPreStart=false, mToken=null, mAbortByRemoteFromHome=false, mShellApplyToken=null, mRequestTransitionTaskId=2805, mAbortTransitionOnShell=0, mStartFromShortcut=false, mRemovedTaskId=-1, mTransitionInterruptType=0, mMergeSecondTaskId=-1, mTaskIdStartFromRecents=0, mTransitionId=1449, mCanUseSpringSlideAnim=false, mTransitionLaunchFrom=0, mFoldChangeType=-1, mAnimStartingPosition=[0, 0, 0, 0], mIsOpeningStkDialogActivity=false, mSecondaryHomeToFrontWhenUnFolding=false, mIsNeedApplyStartTForEmbedded=false
06-11 10:33:36.768  4329  4424 V WindowManagerShell: , mNeedCanvasExitAnim=false, mMergeSecondTaskAnimation=false, mIsLaunchUnityStart=false, mIsLaunchFromAssistantByDefault=false, mSkipRemoteTransitionfalse, mIsStartFromKeyguard=false flags=0x0, mWCT=null, mIsOpenMergeToInValidPredictive=false, mPromoteTaskWhenKeyguard-1, mRootLayerZOrderArray={}}]}
06-11 10:33:36.769  4329  4424 D OplusShellTransition: dispatchReady, active:(#1449) android.os.BinderProxy@e39a571@0, isSync=false, track:com.android.wm.shell.transition.Transitions$Track@6ea9631
06-11 10:33:36.769  3189  3252 D DisplayModeDirector: setAppRequest displayId : 0  modeId: 1  requestedRefreshRate: 0.0  requestedMinRefreshRateRange: 0.0  requestedMaxRefreshRateRange: 120.00001
06-11 10:33:36.769  4329  4424 D OplusShellTransition: Abort transition (#1449) android.os.BinderProxy@e39a571@0 WMCore requested. reason: 0; abortTransition: false
06-11 10:33:36.769  4329  4424 V WindowManagerShell: Transition (#1449) android.os.BinderProxy@e39a571@0 ready while (#1448) android.os.BinderProxy@39ae441@0 is still animating. Notify the animating transition in case they can be merged
06-11 10:33:36.769  4329  4424 D OplusShellTransition: RemoteTransitionHandler, Merge into remote: RemoteTransition { remoteTransition = android.window.IRemoteTransition$Stub$Proxy@4e96d80, appThread = android.app.IApplicationThread$Stub$Proxy@7c0cfb9, debugName = QuickstepLaunchHome }
06-11 10:33:36.769  4329  4424 V WindowManagerShell:    Merge into remote: RemoteTransition { remoteTransition = android.window.IRemoteTransition$Stub$Proxy@4e96d80, appThread = android.app.IApplicationThread$Stub$Proxy@7c0cfb9, debugName = QuickstepLaunchHome }
06-11 10:33:36.769  4329  4424 D OplusShellTransition: mergeSecondTaskAnimation: falselaunchFromAssistantByDefaultfalse
06-11 10:33:36.769  4329  4424 D OplusShellTransition: ShellContinuousTransitionControllerisInvalidTaskTransition, transition 1449: hasOpenChange = true ,hasChangeModeChange =false
06-11 10:33:36.769  3189  3252 D FlexibleWindowManagerService: onFlexibleWindowTaskAppeared: task = 2805, visible = true
06-11 10:33:36.770  3189  3252 D OplusFlexibleWindowMinimizedManagerHelper: onTaskAppered taskInfo:2805
06-11 10:33:36.770  3189  3252 D OplusFlexibleDragToSplitAnimController: visibleFlexibleTaskInfos delete:2805
06-11 10:33:36.770  3189  3252 D OplusFlexibleDragAnimationBaseState: handleRunningTaskInfo:TaskInfo{userId=0 taskId=2805 effectiveUid=10602 displayId=0 isRunning=true baseIntent=Intent { flg=0x10000000 cmp=com.earthengine.minimalglobe/.MainActivity mCallingUid=2000 } baseActivity=ComponentInfo{com.earthengine.minimalglobe/com.earthengine.minimalglobe.MainActivity} topActivity=ComponentInfo{com.earthengine.minimalglobe/com.earthengine.minimalglobe.MainActivity} origActivity=null realActivity=ComponentInfo{com.earthengine.minimalglobe/com.earthengine.minimalglobe.MainActivity}
06-11 10:33:36.770  3189  3252 D OplusFlexibleDragAnimationBaseState:  numActivities=1 lastActiveTime=242614059 supportsSplitScreenMultiWindow=true supportsMultiWindow=true supportsPocketStudioMultiWindow=true isInFlexibleEmbedded = false uid = 10602 pid = 0 resizeMode=1 isResizeable=true minWidth=-1 minHeight=-1 defaultMinSize=220 token=WCT{RemoteToken{7916a13 Task{f676a63 #2805 type=standard A=10602:com.earthengine.minimalglobe}}} topActivityType=1 pictureInPictureParams=null shouldDockBigOverlays=false launchIntoPipHostTaskId=-1 lastParentTaskIdBeforePip=-1 displayCutoutSafeInsets=Rect(0, 0 - 0, 0)
06-11 10:33:36.770  3189  3252 D OplusFlexibleDragAnimationBaseState:  topActivityInfo=ActivityInfo{819357c com.earthengine.minimalglobe.MainActivity} launchCookies=[] positionInParent=Point(0, 0) parentTaskId=-1 isFocused=false isVisible=true isVisibleRequested=true isTopActivityNoDisplay=false isSleeping=false locusId=null displayAreaFeatureId=1 isTopActivityTransparent=false isActivityStackTransparent=false lastNonFullscreenBounds=Rect(322, 807 - 918, 2047) capturedLink=null capturedLinkTimestamp=0 requestedVisibleTypes=-9 topActivityRequestOpenInBrowserEducationTimestamp=0
06-11 10:33:36.770  3189  3252 D OplusFlexibleDragAnimationBaseState:  appCompatTaskInfo=AppCompatTaskInfo { topActivityInSizeCompat=false topActivityInOplusCompatMode=false eligibleForLetterboxEducation= false isLetterboxEducationEnabled= false isLetterboxDoubleTapEnabled= false eligibleForUserAspectRatioButton= false topActivityBoundsLetterboxed= false isFromLetterboxDoubleTap= false topActivityLetterboxVerticalPosition= -1 topActivityLetterboxHorizontalPosition= -1 topActivityLetterboxWidth=-1 topActivityLetterboxHeight=-1 topActivityAppBounds=Rect(0, 0 - 1240, 2772) isUserFullscreenOverrideEnabled=false isSystemFullscreenOverrideEnabled=false hasMinAspectRatioOverride=false topActivityLetterboxBounds=null cameraCompatTaskInfo=CameraCompatTaskInfo { freeformCameraCompatMode=inactive}} topActivityMainWindowFrame=null topActivityLetterboxInsets=Rect(0, 0 - 0, 0)
06-11 10:33:36.770  3189  3252 D OplusFlexibleDragAnimationBaseState:  mOplusExtraBundle = Bundle[{androidx.flexible.taskFrame=Rect(0, 0 - 0, 0), androidx.flexible.Alpha=1.0, androidx.activity.task.attach.blur=0, androidx.activity.LaunchInsensible=0, androidx.activity.LaunchCornerRadius=0, key_flexible_task_state=0, topActivitySupportAppInnerSplit=false, key_flexible_task_animating_type=-1, key_flexible_task_root_activity_processname=com.earthengine.minimalglobe, androidx.activity.LaunchScenario=0, is_oplus_clone_task=false, flexible_super_mini_state=false, topRunningActivityHash=137169095, androidx.activity.LaunchScale=1.0, androidx.activity.LaunchShadowRadius=0, is_transient_hide_for_task_info=false, key_flexible_task_root_activity_pid=0, key_flexible_task_root_activity_uid=10602}]}state:0
06-11 10:33:36.770  3189  3252 E FlexibleWindowManagerService: notifyTaskObserverToAttachController not need to notify!
06-11 10:33:36.770  3189  3252 D FlexibleWindowManagerService: should not dispatch appeared task Task{f676a63 #2805 type=standard A=10602:com.earthengine.minimalglobe}
06-11 10:33:36.770  4650 22425 D AnimSeqTimeStamp: resetLastRecentFinishTime
06-11 10:33:36.770  4650 22425 D RemoteAnimInflectUtil: needMergeTask = false
06-11 10:33:36.770  4650 22425 I RemoteAnimationRunnerCompat: shouldInterrupt: changes size 2
06-11 10:33:36.770  4650 22425 I RemoteAnimationRunnerCompat: shouldInterrupt: taskId = 1, task = com.android.launcher/.Launcher, activityType = 2
06-11 10:33:36.770  4650 22425 I RemoteAnimationRunnerCompat: Found launcher task
06-11 10:33:36.770  4650 22425 I RemoteAnimationRunnerCompat: shouldInterrupt: taskId = 2805, task = com.earthengine.minimalglobe/.MainActivity, activityType = 1
06-11 10:33:36.770  4650 22425 I RemoteAnimationRunnerCompat: Found app task
06-11 10:33:36.771  4329  4424 D ShellTaskOrganizer: Task appeared taskId=2805, parentTaskId=-1, taskVisibility=true
06-11 10:33:36.771  4650 22425 D RemoteAnimationUtil: updateWCTExtendInfo extResult:null
06-11 10:33:36.771  4650 22425 I RemoteAnimRunnerExt: handleReverseToOpenInterruption, reverse to open not running
06-11 10:33:36.771  4650 22425 W RemoteAnimFrameRateManager: this os is not support dynamic frame rate .
06-11 10:33:36.771  4650 22425 D RemoteAnimInflectUtil: getIsFromHome, result:false
06-11 10:33:36.771  4650 22425 D AnimSeqTimeStamp: resetLastStartAppTime
06-11 10:33:36.771  4650 22425 D AnimSeqTimeStamp: resetLastLaunchTaskTime
06-11 10:33:36.771  4329  4424 D ShellTaskOrganizerExt: visibleFlexibleTaskInfos delete:2805
06-11 10:33:36.771  4329  4424 D ShellTaskOrganizerExt: isOnCanvas size:0
06-11 10:33:36.771  4329  4424 D ShellTaskOrganizerExt: isOnThreeFlexibleCanvas size:0
06-11 10:33:36.771  4650 22425 W RemoteToRecentsTransitionHelper[u0]: unexpected null mergedTransition, just finish current transition as normal
06-11 10:33:36.771  3189  3606 I OplusAppSwitchManagerService: appswitch unregisterAppSwitchObserver pkgName = com.opos.ads_40375636 config = OplusAppSwitchConfig = {  observerFingerPrint = 200914040}
06-11 10:33:36.771  3189  3606 I OplusAppSwitchStateDispatcher: unregisterAppSwitchObserver ok, pkgName = com.opos.ads info = OplusAppSwitchRuleInfo = {  observer = null observerFingerPrint = 200914040}
06-11 10:33:36.771  4650 22425 D RemoteAnimationRunnerCompat: animationFinishedCallback start, transition id: 1448, multiOpenId: -1, isPredictiveBackBlockablAnim: false, mFinishCallback: android.window.IRemoteTransitionFinishedCallback$Stub$Proxy@41276f0, mMultiRemoteCallback: null
06-11 10:33:36.771  4650 22425 W RemoteAnimFrameRateManager: this os is not support dynamic frame rate .
06-11 10:33:36.771  4650 22425 D RemoteAnimationTargetCompat: Apply to task leash: Surface(name=Task=2804)/@0xc521aa2, param: BreakParam@143957864{isValid=true, ignoreInvalid=false, x=948.5913, y=1445.5725, scale=0.15486489, alpha=0.0, radius=247.99998, crop=Rect(0, 0 - 1240, 1240), nextFrameRectF=RectF(0.0, 0.0, 0.0, 0.0), remoteFinish=false, needForBidUpdate=false, noNeedInterrupt=false}
06-11 10:33:36.771  4650  5023 I RemoteAnimationRunnerCompat: remove token is null, return
06-11 10:33:36.771  4650 22425 D RemoteAnimRunnerExt: setPredictiveBackAnimPair, id: 1448, active: false, previous id: -1
06-11 10:33:36.771  4650 22425 W RemoteAnimRunnerExt: setPredictiveBackBlockablAnimPair, miss matching id for inactive
06-11 10:33:36.771  4650 22425 D RemoteAnimationRunnerCompat: animationFinishedCallback call, transition id: 1448, needMergeT: true, mergeTransition: null
06-11 10:33:36.771  4329  4424 D ZoomController: onTaskMovedToFront, task id:2805
06-11 10:33:36.771  4329  4424 I ZoomUiController: FloatHandle-isFloatHandleShow mPackageName = null
06-11 10:33:36.772  4329 24913 D OplusShellTransition: RemoteTransitionHandlerandroid.os.BinderProxy@39ae441, onTransitionFinished thread=363, true
06-11 10:33:36.772  4329  4424 D OplusShellTransition: RemoteTransitionHandlerandroid.os.BinderProxy@39ae441, onTransitionFinished, finishTransaction.mNativeObject=-5476376626357799424, thread=37
06-11 10:33:36.772  4329  4424 V WindowManagerShell: Transition animation finished (aborted=false), notifying core (#1448) android.os.BinderProxy@39ae441@0
06-11 10:33:36.772  4329  4424 D SplitScreen-->AppLockManager: setStartFromSafeControl mStartFromSafeControl=false
06-11 10:33:36.772  4329  4424 D TransitionAnimationUtil: hasSameTasksInBothTransition compareInfo, mergeSecondTaskId = -1
06-11 10:33:36.772  4329  4424 D ShellTaskOrganizerExt: adjust change for exiting mini task: -1
06-11 10:33:36.774  8454 29138 I ContextAware_AppSortAlgorithmManager: sortForAppUserEvent sendMessage
06-11 10:33:36.774  3189  5975 D Transition: finishTransition ar ActivityRecord{6207955 u0 com.android.launcher/.Launcher t2}, isVisibleRequested=false, state=PAUSED, visibleAtTransitionEndTokens={ActivityRecord{6207955 u0 com.android.launcher/.Launcher t2}, WallpaperWindowToken{279cd35 showWhenLocked=false}}, this=TransitionRecord{1aa088b id=1448 track=0 type=CLOSE flags=0x0 state=2 c=[
06-11 10:33:36.774  3189  5975 D Transition:    ChangeInfo{a822d68 container=ActivityRecord{6207955 u0 com.android.launcher/.Launcher t2} flags=0x0}
06-11 10:33:36.774  3189  5975 D Transition:    ChangeInfo{c2d4280 container=WallpaperWindowToken{279cd35 showWhenLocked=false} flags=0x0}
06-11 10:33:36.774  3189  5975 D Transition:    ChangeInfo{9b33581 container=Display{#0 state=ON size=1240x2772 ROTATION_0} flags=0x0}
06-11 10:33:36.774  3189  5975 D Transition:    ChangeInfo{44377b2 container=Task{8354b3d #1 type=home} flags=0x30}
06-11 10:33:36.774  3189  5975 D Transition:    ChangeInfo{e614626 container=ActivityRecord{143025512 u0 com.earthengine.minimalglobe/.MainActivity t2804 f} isExiting} flags=0x0}
06-11 10:33:36.774  3189  5975 D Transition:    ChangeInfo{4de6303 container=Task{b8e7980 #2804 type=standard A=10602:com.earthengine.minimalglobe} flags=0x0}
06-11 10:33:36.774  3189  5975 D Transition:    ChangeInfo{a2ea267 container=DefaultTaskDisplayArea@196011559 flags=0x0}
06-11 10:33:36.774  3189  5975 D Transition:    ChangeInfo{e00b814 container=Task{cc210d4 #2 type=undefined I=com.android.launcher/.Launcher} flags=0x30}
06-11 10:33:36.774  3189  5975 D Transition: ]
06-11 10:33:36.774  3189  5975 D Transition: }
06-11 10:33:36.774  3189  5975 D Transition: finishTransition ar ActivityRecord{143025512 u0 com.earthengine.minimalglobe/.MainActivity t2804 f} isExiting}, isVisibleRequested=false, state=DESTROYED, visibleAtTransitionEndTokens={ActivityRecord{6207955 u0 com.android.launcher/.Launcher t2}, WallpaperWindowToken{279cd35 showWhenLocked=false}}, this=TransitionRecord{1aa088b id=1448 track=0 type=CLOSE flags=0x0 state=2 c=[
06-11 10:33:36.774  3189  5975 D Transition:    ChangeInfo{a822d68 container=ActivityRecord{6207955 u0 com.android.launcher/.Launcher t2} flags=0x0}
06-11 10:33:36.774  3189  5975 D Transition:    ChangeInfo{c2d4280 container=WallpaperWindowToken{279cd35 showWhenLocked=false} flags=0x0}
06-11 10:33:36.774  3189  5975 D Transition:    ChangeInfo{9b33581 container=Display{#0 state=ON size=1240x2772 ROTATION_0} flags=0x0}
06-11 10:33:36.774  3189  5975 D Transition:    ChangeInfo{44377b2 container=Task{8354b3d #1 type=home} flags=0x30}
06-11 10:33:36.774  3189  5975 D Transition:    ChangeInfo{e614626 container=ActivityRecord{143025512 u0 com.earthengine.minimalglobe/.MainActivity t2804 f} isExiting} flags=0x0}
06-11 10:33:36.774  3189  5975 D Transition:    ChangeInfo{4de6303 container=Task{b8e7980 #2804 type=standard A=10602:com.earthengine.minimalglobe} flags=0x0}
06-11 10:33:36.774  3189  5975 D Transition:    ChangeInfo{a2ea267 container=DefaultTaskDisplayArea@196011559 flags=0x0}
06-11 10:33:36.774  3189  5975 D Transition:    ChangeInfo{e00b814 container=Task{cc210d4 #2 type=undefined I=com.android.launcher/.Launcher} flags=0x30}
06-11 10:33:36.774  3189  5975 D Transition: ]
06-11 10:33:36.774  3189  5975 D Transition: }
06-11 10:33:36.774  8454  8173 I metis_v2_BreenoSwitchSettingObserver: panta-sugg-getMasterSwitchStatus from cache:true
06-11 10:33:36.774  3189  5975 D ActivityTaskManager: commitVisibility: ActivityRecord{143025512 u0 com.earthengine.minimalglobe/.MainActivity t2804 f} isExiting}: visible=false visibleRequested=false, isInTransition=false 
06-11 10:33:36.774  3189  5975 D WindowManager: NFW_setClientVisible:ActivityRecord{143025512 u0 com.earthengine.minimalglobe/.MainActivity t2804 f} isExiting} clientVisible:false
06-11 10:33:36.774  3189  5975 W ActivityManager: pid 3189 system sent binder code 7 with flags 1 to frozen apps and got error -32
06-11 10:33:36.774  3189  5975 D ActivityManager: Too many transaction errors, throttling freezer binder callback.
06-11 10:33:36.774  3189  5975 W WindowManager: Exception thrown during dispatchAppVisibility Window{702bbed u0 com.earthengine.minimalglobe/com.earthengine.minimalglobe.MainActivity EXITING}
06-11 10:33:36.774  3189  5975 W WindowManager: android.os.DeadObjectException
06-11 10:33:36.774  3189  5975 W WindowManager: 	at android.os.BinderProxy.transactNative(Native Method)
06-11 10:33:36.774  3189  5975 W WindowManager: 	at android.os.BinderProxy.transact(BinderProxy.java:685)
06-11 10:33:36.774  3189  5975 W WindowManager: 	at android.view.IWindow$Stub$Proxy.dispatchAppVisibility(IWindow.java:609)
06-11 10:33:36.774  3189  5975 W WindowManager: 	at com.android.server.wm.WindowState.sendAppVisibilityToClients(WindowState.java:3644)
06-11 10:33:36.774  3189  5975 W WindowManager: 	at com.android.server.wm.WindowContainer.sendAppVisibilityToClients(WindowContainer.java:1499)
06-11 10:33:36.774  3189  5975 W WindowManager: 	at com.android.server.wm.WindowToken.setClientVisible(WindowToken.java:427)
06-11 10:33:36.774  3189  5975 W WindowManager: 	at com.android.server.wm.ActivityRecord.setClientVisible(ActivityRecord.java:8317)
06-11 10:33:36.774  3189  5975 W WindowManager: 	at com.android.server.wm.ActivityRecord.commitVisibility(ActivityRecord.java:6830)
06-11 10:33:36.774  3189  5975 W WindowManager: 	at com.android.server.wm.Transition.finishTransition(Transition.java:1700)
06-11 10:33:36.774  3189  5975 W WindowManager: 	at com.android.server.wm.TransitionController.finishTransition(TransitionController.java:1171)
06-11 10:33:36.774  3189  5975 W WindowManager: 	at com.android.server.wm.WindowOrganizerController.finishTransition(WindowOrganizerController.java:595)
06-11 10:33:36.774  3189  5975 W WindowManager: 	at android.window.IWindowOrganizerController$Stub.onTransact(IWindowOrganizerController.java:376)
06-11 10:33:36.774  3189  5975 W WindowManager: 	at com.android.server.wm.WindowOrganizerController.onTransact(WindowOrganizerController.java:238)
06-11 10:33:36.774  3189  5975 W WindowManager: 	at android.os.Binder.execTransactInternal(Binder.java:1444)
06-11 10:33:36.774  3189  5975 W WindowManager: 	at android.os.Binder.execTransact(Binder.java:1378)
06-11 10:33:36.774  3189  5975 W Process : Unable to open /proc/27559/status
06-11 10:33:36.774  3189  5975 I WindowManager: Window{702bbed u0 com.earthengine.minimalglobe/com.earthengine.minimalglobe.MainActivity EXITING} state from HAS_DRAWN to DRAW_PENDING; reason: resetDrawState
06-11 10:33:36.775  3189  5975 I OplusAppSwitchManagerService:  handleAppVisible , r = ActivityRecord{6207955 u0 com.android.launcher/.Launcher t2}
06-11 10:33:36.775  3189  5975 D WindowManager: NFW_findFocusedWindowIfNeeded:null mCurrentFocus:Window{ef2a2ae u0 com.android.launcher/com.android.launcher.Launcher}
06-11 10:33:36.775  3189  5975 D WindowManager: attachImeScreenshotOnTargetIfNeeded, mImeHiding = false, requestedVisibleTypes = -9
06-11 10:33:36.775  3189  5975 V WindowManager: Changing focus from Window{ef2a2ae u0 com.android.launcher/com.android.launcher.Launcher} to null,diplayid=0
06-11 10:33:36.776  3189  5975 D WindowManager: setFrameRateStart invalid typeId return!
06-11 10:33:36.776  3189  5975 D WindowManager: setFrameRateStart invalid typeId return!
06-11 10:33:36.777  3189  3606 D Transition: finishTransaction-onCommitted syncId=1448
06-11 10:33:36.777 25296 25296 I MainLooperBlockDetector: com.oplus.advice.frameworks.drivers.settings.repository.SeedlingDataExchangeRepository$packageUpdateBroadcastReceiver$2$1.onReceive
06-11 10:33:36.777  6500  6500 W MediaProvider: WorkProfileOwnerApps cache miss for package com.earthengine.minimalglobe
06-11 10:33:36.777  6500  6500 D PickerSyncLockManager: Trying to acquire lock com.android.providers.media.photopicker.sync.CloseableReentrantLock@87ea405[Unlocked]. Lock Name = CLOUD_PROVIDER_LOCK. Threads that may be waiting to acquire this lock = []
06-11 10:33:36.777  6500  6500 D CloseableReentrantLock: Successfully acquired lock com.android.providers.media.photopicker.sync.CloseableReentrantLock@87ea405[Locked by thread main]. Lock Name = CLOUD_PROVIDER_LOCK. Threads that may be waiting to acquire this lock = []
06-11 10:33:36.777  6500  6500 D CloseableReentrantLock: Successfully released lock com.android.providers.media.photopicker.sync.CloseableReentrantLock@87ea405[Unlocked]. Lock Name = CLOUD_PROVIDER_LOCK. Threads that may be waiting to acquire this lock = []
06-11 10:33:36.777  3189  3264 D WallpaperControllerExtImpl: screenshot + id = 2 userId = 0
06-11 10:33:36.777  3189  5975 D WindowManager: NFW_findFocusedWindowIfNeeded:null mCurrentFocus:null
06-11 10:33:36.777  3189  5975 D DisplayModeDirector: setAppRequest displayId : 4  modeId: 0  requestedRefreshRate: 0.0  requestedMinRefreshRateRange: 0.0  requestedMaxRefreshRateRange: 0.0
06-11 10:33:36.778  3189  5975 D DisplayModeDirector: setAppRequest displayId : 0  modeId: 1  requestedRefreshRate: 0.0  requestedMinRefreshRateRange: 0.0  requestedMaxRefreshRateRange: 120.00001
06-11 10:33:36.778  3189  5975 I TaskOrganizerController: onTaskInfoChanged taskid 2804 config { mBounds=Rect(0, 0 - 1240, 2772) mAppBounds=Rect(0, 0 - 1240, 2772) mMaxBounds=Rect(0, 0 - 1240, 2772) mDisplayRotation=ROTATION_0 mWindowingMode=fullscreen mActivityType=standard mAlwaysOnTop=undefined mRotation=ROTATION_0}
06-11 10:33:36.778  3189  5975 D OplusFlexibleDragToSplitAnimController: visibleFlexibleTaskInfos delete:2804
06-11 10:33:36.778  3189  5975 D OplusFlexibleDragAnimationBaseState: handleRunningTaskInfo:TaskInfo{userId=0 taskId=2804 effectiveUid=10602 displayId=0 isRunning=false baseIntent=Intent { flg=0x10000000 cmp=com.earthengine.minimalglobe/.MainActivity mCallingUid=2000 } baseActivity=null topActivity=null origActivity=null realActivity=ComponentInfo{com.earthengine.minimalglobe/com.earthengine.minimalglobe.MainActivity}
06-11 10:33:36.778  3189  5975 D OplusFlexibleDragAnimationBaseState:  numActivities=0 lastActiveTime=242518328 supportsSplitScreenMultiWindow=true supportsMultiWindow=true supportsPocketStudioMultiWindow=true isInFlexibleEmbedded = false uid = -1 pid = -1 resizeMode=1 isResizeable=true minWidth=-1 minHeight=-1 defaultMinSize=220 token=WCT{RemoteToken{c551e36 Task{b8e7980 #2804 type=standard A=10602:com.earthengine.minimalglobe}}} topActivityType=1 pictureInPictureParams=null shouldDockBigOverlays=false launchIntoPipHostTaskId=-1 lastParentTaskIdBeforePip=-1 displayCutoutSafeInsets=Rect(0, 139 - 0, 0)
06-11 10:33:36.778  3189  5975 D OplusFlexibleDragAnimationBaseState:  topActivityInfo=null launchCookies=[] positionInParent=Point(0, 0) parentTaskId=-1 isFocused=false isVisible=false isVisibleRequested=false isTopActivityNoDisplay=false isSleeping=false locusId=null displayAreaFeatureId=1 isTopActivityTransparent=false isActivityStackTransparent=true lastNonFullscreenBounds=Rect(322, 807 - 918, 2047) capturedLink=null capturedLinkTimestamp=0 requestedVisibleTypes=-9 topActivityRequestOpenInBrowserEducationTimestamp=0
06-11 10:33:36.778  3189  5975 D OplusFlexibleDragAnimationBaseState:  appCompatTaskInfo=AppCompatTaskInfo { topActivityInSizeCompat=false topActivityInOplusCompatMode=false eligibleForLetterboxEducation= false isLetterboxEducationEnabled= false isLetterboxDoubleTapEnabled= false eligibleForUserAspectRatioButton= false topActivityBoundsLetterboxed= false isFromLetterboxDoubleTap= false topActivityLetterboxVerticalPosition= -1 topActivityLetterboxHorizontalPosition= -1 topActivityLetterboxWidth=-1 topActivityLetterboxHeight=-1 topActivityAppBounds=Rect(0, 0 - 0, 0) isUserFullscreenOverrideEnabled=false isSystemFullscreenOverrideEnabled=false hasMinAspectRatioOverride=false topActivityLetterboxBounds=null cameraCompatTaskInfo=CameraCompatTaskInfo { freeformCameraCompatMode=undefined}} topActivityMainWindowFrame=null topActivityLetterboxInsets=Rect(0, 0 - 0, 0)
06-11 10:33:36.778  3189  5975 D OplusFlexibleDragAnimationBaseState:  mOplusExtraBundle = Bundle[{androidx.flexible.taskFrame=Rect(0, 0 - 0, 0), androidx.flexible.Alpha=1.0, androidx.activity.task.attach.blur=0, androidx.activity.LaunchInsensible=0, androidx.activity.LaunchCornerRadius=0, key_flexible_task_state=0, topActivitySupportAppInnerSplit=false, key_flexible_task_animating_type=-1, androidx.activity.LaunchScenario=0, is_oplus_clone_task=false, flexible_super_mini_state=false, androidx.activity.LaunchScale=1.0, androidx.activity.LaunchShadowRadius=0, is_transient_hide_for_task_info=false}]}state:0
06-11 10:33:36.778  3189  5975 E FlexibleWindowManagerService: notifyTaskObserverToAttachController not need to notify!
06-11 10:33:36.779 10577 10577 I MainLooperBlockDetector: com.heytap.iflow.downloads.oaps.MarketDownloadHelper$1.onReceive
06-11 10:33:36.779 10577 10577 I MainLooperBlockDetector: com.heytap.iflow.downloads.oaps.MarketDownloadHelper$1.onReceive
06-11 10:33:36.779 10577 10577 I MainLooperBlockDetector: com.heytap.iflow.downloads.oaps.MarketDownloadHelper$1.onReceive
06-11 10:33:36.779 25296 25296 I MainLooperBlockDetector: com.oplus.assistantscreen.common.helper.ApplicationStateChangeMonitor$ApplicationStateChangeReceiver.onReceive
06-11 10:33:36.779 25296 25296 I AstScreen.ApplicationStateChangeMonitor: ApplicationStateChangeReceiver onReceive
06-11 10:33:36.779 25296 25296 I AstScreen.ApplicationStateChangeMonitor: ApplicationStateChangeReceiver onReceive, action = android.intent.action.PACKAGE_REMOVED packageName = *o*.*a*t*e*g*n*.*i*i*a*g*o*e
06-11 10:33:36.779 25296 25296 I MainLooperBlockDetector: com.oplus.assistantscreen.recentlyused.repository.utils.ProgramPkgStatusManager$packageUpdateBroadcastReceiver$1.onReceive
06-11 10:33:36.779 25296 25296 I AstScreen.ProgramPkgUpdateMonitor: targetPkg=com.earthengine.minimalglobe, action=android.intent.action.PACKAGE_REMOVED
06-11 10:33:36.779 25296 25296 I MainLooperBlockDetector: com.oplus.advice.utils.CompatUtils$PackageChangeBroadCastReceiver.onReceive
06-11 10:33:36.779 25296 25296 I AdviceSDK.PackageChangeBroadCastReceiver: onReceive, android.intent.action.PACKAGE_REMOVED-[16.0.35-7756912]
06-11 10:33:36.779 25296 25296 E AdviceSDK.CompatUtils: notifyPackageChangeCallBack, pkg: com.earthengine.minimalglobe-[16.0.35-7756912]
06-11 10:33:36.779 25296 25296 I AdviceSDK.CardSizeChangeUtils: onPackageChange pkg=com.earthengine.minimalglobe,mLauncherIsSupport:true-[16.0.35-7756912]
06-11 10:33:36.779 25296 25296 I SDP.InstallMonitorManager:  Broadcast received android.intent.action.PACKAGE_REMOVED.[ssdk:v1.3.160-16ef4dc,sdplugin:v16.56.0-85a272db] [SeedlingSdk|com.coloros.assistantscreen|2.0.40-ebe132d]
06-11 10:33:36.779 25296 25296 I SDP.InstallMonitorManager:  Start notify install for package:com.earthengine.minimalglobe.[ssdk:v1.3.160-16ef4dc,sdplugin:v16.56.0-85a272db]
06-11 10:33:36.781 25296 25296 I MainLooperBlockDetector: com.oplus.assistantscreen.card.shortcuts.manager.RxPackageUpdateMonitor$packageUpdateBroadcastReceiver$1.onReceive
06-11 10:33:36.782 25296 25296 I MainLooperBlockDetector: com.heytap.iflow.downloads.oaps.MarketDownloadHelper$1.onReceive
06-11 10:33:36.782 25296 25296 I MainLooperBlockDetector: org.hapjs.card.sdk.CardServiceLoader$EngineApkChangeReceiver.onReceive
06-11 10:33:36.782 25296 25296 I MainLooperBlockDetector: com.opos.ca.core.provider.d$o.onReceive
06-11 10:33:36.782 25296 27537 I SDP.ContextProxy:  acquireClient with authority:com.oplus.pantanal.ums.statictis, pkgName:com.coloros.assistantscreen, use normal context[ssdk:v1.3.160-16ef4dc,sdplugin:v16.56.0-85a272db]
06-11 10:33:36.782  4329  4424 D ShellTaskOrganizer: onTransitionFinish, isRecent:false
06-11 10:33:36.783  4329  4424 V WindowManagerShell: Playing animation for (#1449) android.os.BinderProxy@e39a571@0
06-11 10:33:36.783  4329  4424 V ShellRecents: RecentsTransitionHandler.startAnimation: no controller found
06-11 10:33:36.783  4329  4424 V WindowManagerShell: start OnePuttTransition animation, info = {id=1449 t=OPEN f=0x0 trk=0 r=[0@Point(0, 0)] c=[{m=OPEN f=NONE leash=Surface(name=Task=2805)/@0x31a9178 sb=Rect(0, 0 - 1240, 2772) eb=Rect(0, 0 - 1240, 2772) epz=Point(1240, 2772) d=0 taskParent=-1},{m=TO_BACK f=SHOW_WALLPAPER leash=Surface(name=Task=1)/@0x572b051 sb=Rect(0, 0 - 1240, 2772) eb=Rect(0, 0 - 1240, 2772) epz=Point(1240, 2772) d=0 taskParent=-1}] 
06-11 10:33:36.783  4329  4424 V WindowManagerShell: extendInfo=[
06-11 10:33:36.783  4329  4424 V WindowManagerShell:  OplusTransitionExtendedInfo{mTmpFinishT=null, mInOplusCompatMode=false, mIsProcessRunning=false, mHasMismatchBoundsTarget=false, mRecentsController=null, mRemoteTransition=null, mIsTranslucentActivityToHome=false, mAvoidInterceptKeyEventToHome=false, mIsFromHome=false, mParentLeash=null, mBackAnimClosingLeash=null, mIsOplusAnimRes=false, mKeepBgForContinuous=false, mIsBalAllow=true, mTaskNotInRecent=false, mIsPredictiveBackAnim=false, mIsMergedWithPredictive=false, mIsLaunchFromSpruce=false, mIsLaunchFromDrive=false, mGlobalSearchPageSwitch=false, mNeedNoAlphaGlobalSearchScene=false, mAssistScreenShowing=false, mSwipeUpBrowserScreenShowing=false, mUserIdTransition=0
06-11 10:33:36.783  4329  4424 V WindowManagerShell: , mInRemoteScene=false, mInPreReady=false, mPreStart=false, mToken=null, mAbortByRemoteFromHome=false, mShellApplyToken=null, mRequestTransitionTaskId=2805, mAbortTransitionOnShell=0, mStartFromShortcut=false, mRemovedTaskId=-1, mTransitionInterruptType=0, mMergeSecondTaskId=-1, mTaskIdStartFromRecents=0, mTransitionId=1449, mCanUseSpringSlideAnim=false, mTransitionLaunchFrom=0, mFoldChangeType=-1, mAnimStartingPosition=[0, 0, 0, 0], mIsOpeningStkDialogActivity=false, mSecondaryHomeToFrontWhenUnFolding=false, mIsNeedApplyStartTForEmbedded=false
06-11 10:33:36.783  4329  4424 V WindowManagerShell: , mNeedCanvasExitAnim=false, mMergeSecondTaskAnimation=false, mIsLaunchUnityStart=false, mIsLaunchFromAssistantByDefault=false, mSkipRemoteTransitionfalse, mIsStartFromKeyguard=false flags=0x0, mWCT=null, mIsOpenMergeToInValidPredictive=false, mPromoteTaskWhenKeyguard-1, mRootLayerZOrderArray={}}]}
06-11 10:33:36.783  4329  4424 D FlexibleTaskTransitionHandler:  performAnimation transition:android.os.BinderProxy@e39a571 ,info:{id=1449 t=OPEN f=0x0 trk=0 r=[0@Point(0, 0)] c=[{m=OPEN f=NONE leash=Surface(name=Task=2805)/@0x31a9178 sb=Rect(0, 0 - 1240, 2772) eb=Rect(0, 0 - 1240, 2772) epz=Point(1240, 2772) d=0 taskParent=-1},{m=TO_BACK f=SHOW_WALLPAPER leash=Surface(name=Task=1)/@0x572b051 sb=Rect(0, 0 - 1240, 2772) eb=Rect(0, 0 - 1240, 2772) epz=Point(1240, 2772) d=0 taskParent=-1}] 
06-11 10:33:36.783  4329  4424 D FlexibleTaskTransitionHandler: extendInfo=[
06-11 10:33:36.783  4329  4424 D FlexibleTaskTransitionHandler:  OplusTransitionExtendedInfo{mTmpFinishT=null, mInOplusCompatMode=false, mIsProcessRunning=false, mHasMismatchBoundsTarget=false, mRecentsController=null, mRemoteTransition=null, mIsTranslucentActivityToHome=false, mAvoidInterceptKeyEventToHome=false, mIsFromHome=false, mParentLeash=null, mBackAnimClosingLeash=null, mIsOplusAnimRes=false, mKeepBgForContinuous=false, mIsBalAllow=true, mTaskNotInRecent=false, mIsPredictiveBackAnim=false, mIsMergedWithPredictive=false, mIsLaunchFromSpruce=false, mIsLaunchFromDrive=false, mGlobalSearchPageSwitch=false, mNeedNoAlphaGlobalSearchScene=false, mAssistScreenShowing=false, mSwipeUpBrowserScreenShowing=false, mUserIdTransition=0
06-11 10:33:36.783  4329  4424 D FlexibleTaskTransitionHandler: , mInRemoteScene=false, mInPreReady=false, mPreStart=false, mToken=null, mAbortByRemoteFromHome=false, mShellApplyToken=null, mRequestTransitionTaskId=2805, mAbortTransitionOnShell=0, mStartFromShortcut=false, mRemovedTaskId=-1, mTransitionInterruptType=0, mMergeSecondTaskId=-1, mTaskIdStartFromRecents=0, mTransitionId=1449, mCanUseSpringSlideAnim=false, mTransitionLaunchFrom=0, mFoldChangeType=-1, mAnimStartingPosition=[0, 0, 0, 0], mIsOpeningStkDialogActivity=false, mSecondaryHomeToFrontWhenUnFolding=false, mIsNeedApplyStartTForEmbedded=false
06-11 10:33:36.783  4329  4424 D FlexibleTaskTransitionHandler: , mNeedCanvasExitAnim=false, mMergeSecondTaskAnimation=false, mIsLaunchUnityStart=false, mIsLaunchFromAssistantByDefault=false, mSkipRemoteTransitionfalse, mIsStartFromKeyguard=false flags=0x0, mWCT=null, mIsOpenMergeToInValidPredictive=false, mPromoteTaskWhenKeyguard-1, mRootLayerZOrderArray={}}]}
06-11 10:33:36.783  4329  4424 D FlexibleTaskTransitionHandler:  no need handler this transitionInfo: {id=1449 t=OPEN f=0x0 trk=0 r=[0@Point(0, 0)] c=[{m=OPEN f=NONE leash=Surface(name=Task=2805)/@0x31a9178 sb=Rect(0, 0 - 1240, 2772) eb=Rect(0, 0 - 1240, 2772) epz=Point(1240, 2772) d=0 taskParent=-1},{m=TO_BACK f=SHOW_WALLPAPER leash=Surface(name=Task=1)/@0x572b051 sb=Rect(0, 0 - 1240, 2772) eb=Rect(0, 0 - 1240, 2772) epz=Point(1240, 2772) d=0 taskParent=-1}] 
06-11 10:33:36.783  4329  4424 D FlexibleTaskTransitionHandler: extendInfo=[
06-11 10:33:36.783  4329  4424 D FlexibleTaskTransitionHandler:  OplusTransitionExtendedInfo{mTmpFinishT=null, mInOplusCompatMode=false, mIsProcessRunning=false, mHasMismatchBoundsTarget=false, mRecentsController=null, mRemoteTransition=null, mIsTranslucentActivityToHome=false, mAvoidInterceptKeyEventToHome=false, mIsFromHome=false, mParentLeash=null, mBackAnimClosingLeash=null, mIsOplusAnimRes=false, mKeepBgForContinuous=false, mIsBalAllow=true, mTaskNotInRecent=false, mIsPredictiveBackAnim=false, mIsMergedWithPredictive=false, mIsLaunchFromSpruce=false, mIsLaunchFromDrive=false, mGlobalSearchPageSwitch=false, mNeedNoAlphaGlobalSearchScene=false, mAssistScreenShowing=false, mSwipeUpBrowserScreenShowing=false, mUserIdTransition=0
06-11 10:33:36.783  4329  4424 D FlexibleTaskTransitionHandler: , mInRemoteScene=false, mInPreReady=false, mPreStart=false, mToken=null, mAbortByRemoteFromHome=false, mShellApplyToken=null, mRequestTransitionTaskId=2805, mAbortTransitionOnShell=0, mStartFromShortcut=false, mRemovedTaskId=-1, mTransitionInterruptType=0, mMergeSecondTaskId=-1, mTaskIdStartFromRecents=0, mTransitionId=1449, mCanUseSpringSlideAnim=false, mTransitionLaunchFrom=0, mFoldChangeType=-1, mAnimStartingPosition=[0, 0, 0, 0], mIsOpeningStkDialogActivity=false, mSecondaryHomeToFrontWhenUnFolding=false, mIsNeedApplyStartTForEmbedded=false
06-11 10:33:36.783  4329  4424 D FlexibleTaskTransitionHandler: , mNeedCanvasExitAnim=false, mMergeSecondTaskAnimation=false, mIsLaunchUnityStart=false, mIsLaunchFromAssistantByDefault=false, mSkipRemoteTransitionfalse, mIsStartFromKeyguard=false flags=0x0, mWCT=null, mIsOpenMergeToInValidPredictive=false, mPromoteTaskWhenKeyguard-1, mRootLayerZOrderArray={}}]}
06-11 10:33:36.783  4329  4424 V WindowManagerShell: Transition doesn't have explicit remote, search filters for match for {id=1449 t=OPEN f=0x0 trk=0 r=[0@Point(0, 0)] c=[{m=OPEN f=NONE leash=Surface(name=Task=2805)/@0x31a9178 sb=Rect(0, 0 - 1240, 2772) eb=Rect(0, 0 - 1240, 2772) epz=Point(1240, 2772) d=0 taskParent=-1},{m=TO_BACK f=SHOW_WALLPAPER leash=Surface(name=Task=1)/@0x572b051 sb=Rect(0, 0 - 1240, 2772) eb=Rect(0, 0 - 1240, 2772) epz=Point(1240, 2772) d=0 taskParent=-1}] 
06-11 10:33:36.783  4329  4424 V WindowManagerShell: extendInfo=[
06-11 10:33:36.783  4329  4424 V WindowManagerShell:  OplusTransitionExtendedInfo{mTmpFinishT=null, mInOplusCompatMode=false, mIsProcessRunning=false, mHasMismatchBoundsTarget=false, mRecentsController=null, mRemoteTransition=null, mIsTranslucentActivityToHome=false, mAvoidInterceptKeyEventToHome=false, mIsFromHome=false, mParentLeash=null, mBackAnimClosingLeash=null, mIsOplusAnimRes=false, mKeepBgForContinuous=false, mIsBalAllow=true, mTaskNotInRecent=false, mIsPredictiveBackAnim=false, mIsMergedWithPredictive=false, mIsLaunchFromSpruce=false, mIsLaunchFromDrive=false, mGlobalSearchPageSwitch=false, mNeedNoAlphaGlobalSearchScene=false, mAssistScreenShowing=false, mSwipeUpBrowserScreenShowing=false, mUserIdTransition=0
06-11 10:33:36.783  4329  4424 V WindowManagerShell: , mInRemoteScene=false, mInPreReady=false, mPreStart=false, mToken=null, mAbortByRemoteFromHome=false, mShellApplyToken=null, mRequestTransitionTaskId=2805, mAbortTransitionOnShell=0, mStartFromShortcut=false, mRemovedTaskId=-1, mTransitionInterruptType=0, mMergeSecondTaskId=-1, mTaskIdStartFromRecents=0, mTransitionId=1449, mCanUseSpringSlideAnim=false, mTransitionLaunchFrom=0, mFoldChangeType=-1, mAnimStartingPosition=[0, 0, 0, 0], mIsOpeningStkDialogActivity=false, mSecondaryHomeToFrontWhenUnFolding=false, mIsNeedApplyStartTForEmbedded=false
06-11 10:33:36.783  4329  4424 V WindowManagerShell: , mNeedCanvasExitAnim=false, mMergeSecondTaskAnimation=false, mIsLaunchUnityStart=false, mIsLaunchFromAssistantByDefault=false, mSkipRemoteTransitionfalse, mIsStartFromKeyguard=false flags=0x0, mWCT=null, mIsOpenMergeToInValidPredictive=false, mPromoteTaskWhenKeyguard-1, mRootLayerZOrderArray={}}]}
06-11 10:33:36.783  4329  4424 V WindowManagerShell:  Checking filter Pair{{types=[] flags=0x0] notFlags=0x100 checks=[{atype=home independent=true modes=[OPEN,TO_FRONT] flags=NONE mustBeTask=false order=TOP topActivity=ComponentInfo{com.android.launcher/com.android.launcher.Launcher} launchCookie=null windowingMode=undefined},{atype=standard independent=true modes=[CLOSE,TO_BACK] flags=NONE mustBeTask=false order=ANY topActivity=null launchCookie=null windowingMode=undefined}]} RemoteTransition { remoteTransition = android.window.IRemoteTransition$Stub$Proxy@4e96d80, appThread = android.app.IApplicationThread$Stub$Proxy@7c0cfb9, debugName = QuickstepLaunchHome }}
06-11 10:33:36.783  4329  4424 V WindowManagerShell:  Delegate animation for (#1449) to null
06-11 10:33:36.783 25296 25769 E FileStrategy: java.io.IOException: Read-only file system
06-11 10:33:36.783  4329  4424 V WindowManagerShell: start default transition animation, info = {id=1449 t=OPEN f=0x0 trk=0 r=[0@Point(0, 0)] c=[{m=OPEN f=NONE leash=Surface(name=Task=2805)/@0x31a9178 sb=Rect(0, 0 - 1240, 2772) eb=Rect(0, 0 - 1240, 2772) epz=Point(1240, 2772) d=0 taskParent=-1},{m=TO_BACK f=SHOW_WALLPAPER leash=Surface(name=Task=1)/@0x572b051 sb=Rect(0, 0 - 1240, 2772) eb=Rect(0, 0 - 1240, 2772) epz=Point(1240, 2772) d=0 taskParent=-1}] 
06-11 10:33:36.783  4329  4424 V WindowManagerShell: extendInfo=[
06-11 10:33:36.783  4329  4424 V WindowManagerShell:  OplusTransitionExtendedInfo{mTmpFinishT=null, mInOplusCompatMode=false, mIsProcessRunning=false, mHasMismatchBoundsTarget=false, mRecentsController=null, mRemoteTransition=null, mIsTranslucentActivityToHome=false, mAvoidInterceptKeyEventToHome=false, mIsFromHome=false, mParentLeash=null, mBackAnimClosingLeash=null, mIsOplusAnimRes=false, mKeepBgForContinuous=false, mIsBalAllow=true, mTaskNotInRecent=false, mIsPredictiveBackAnim=false, mIsMergedWithPredictive=false, mIsLaunchFromSpruce=false, mIsLaunchFromDrive=false, mGlobalSearchPageSwitch=false, mNeedNoAlphaGlobalSearchScene=false, mAssistScreenShowing=false, mSwipeUpBrowserScreenShowing=false, mUserIdTransition=0
06-11 10:33:36.783  4329  4424 V WindowManagerShell: , mInRemoteScene=false, mInPreReady=false, mPreStart=false, mToken=null, mAbortByRemoteFromHome=false, mShellApplyToken=null, mRequestTransitionTaskId=2805, mAbortTransitionOnShell=0, mStartFromShortcut=false, mRemovedTaskId=-1, mTransitionInterruptType=0, mMergeSecondTaskId=-1, mTaskIdStartFromRecents=0, mTransitionId=1449, mCanUseSpringSlideAnim=false, mTransitionLaunchFrom=0, mFoldChangeType=-1, mAnimStartingPosition=[0, 0, 0, 0], mIsOpeningStkDialogActivity=false, mSecondaryHomeToFrontWhenUnFolding=false, mIsNeedApplyStartTForEmbedded=false
06-11 10:33:36.783  4329  4424 V WindowManagerShell: , mNeedCanvasExitAnim=false, mMergeSecondTaskAnimation=false, mIsLaunchUnityStart=false, mIsLaunchFromAssistantByDefault=false, mSkipRemoteTransitionfalse, mIsStartFromKeyguard=false flags=0x0, mWCT=null, mIsOpenMergeToInValidPredictive=false, mPromoteTaskWhenKeyguard-1, mRootLayerZOrderArray={}}]}
06-11 10:33:36.783  4329  4424 D FSS_OplusFoldSwitchStateObserver: cancelAnimationIfNeedWhenFolding: foldChangeType = -1
06-11 10:33:36.783 25296 25296 I MainLooperBlockDetector: com.oplus.advice.frameworks.drivers.settings.repository.SeedlingDataExchangeRepository$packageUpdateBroadcastReceiver$2$1.onReceive
06-11 10:33:36.783  4650  4741 I Quality : BitmapCompressInfo:210,210,1,100,129444323
06-11 10:33:36.783  4329  4424 W OplusShellTransition: no system app in targets, skip loading oplus animation.
06-11 10:33:36.784  4329  4424 V WindowManagerShell: loadAnimation: anim=android.view.animation.AnimationSet@fd490af animAttr=0x13 type=OPEN isEntrance=false
06-11 10:33:36.784  4329  4424 D OplusShellTransition: default transition handler transfer value refresh rate rect:Rect(0, 0 - 1240, 2772)
06-11 10:33:36.784  4329  4424 D OplusShellTransition: startAnimation transitionToken=android.os.BinderProxy@e39a571
06-11 10:33:36.784  4329  4424 W OplusShellTransition: no system app in targets, skip loading oplus animation.
06-11 10:33:36.785  4329  4424 V WindowManagerShell: loadAnimation: anim=android.view.animation.AnimationSet@d6388cb animAttr=0x12 type=OPEN isEntrance=true
06-11 10:33:36.785  4329  4424 D OplusShellTransition: default transition handler transfer value refresh rate rect:Rect(0, 0 - 1240, 2772)
06-11 10:33:36.785  4329  4424 D OplusShellTransition: startAnimation transitionToken=android.os.BinderProxy@e39a571
06-11 10:33:36.785  4329  4424 D OplusShellTransition: addBackgroundColorOnTask, , isTaskLevelTransition = true, hasBgAlready = false
06-11 10:33:36.785 25296 25296 I MainLooperBlockDetector: com.oplus.assistantscreen.common.helper.ApplicationStateChangeMonitor$ApplicationStateChangeReceiver.onReceive
06-11 10:33:36.785 25296 25296 I MainLooperBlockDetector: checkMainLooperBlocked: message not updated
06-11 10:33:36.785 25296 25296 I AstScreen.ApplicationStateChangeMonitor: ApplicationStateChangeReceiver onReceive
06-11 10:33:36.785 25296 25296 I AstScreen.ApplicationStateChangeMonitor: ApplicationStateChangeReceiver onReceive, action = android.intent.action.PACKAGE_ADDED packageName = *o*.*a*t*e*g*n*.*i*i*a*g*o*e
06-11 10:33:36.786 25296 25296 I MainLooperBlockDetector: com.oplus.assistantscreen.recentlyused.repository.utils.ProgramPkgStatusManager$packageUpdateBroadcastReceiver$1.onReceive
06-11 10:33:36.786 25296 25296 I AstScreen.ProgramPkgUpdateMonitor: targetPkg=com.earthengine.minimalglobe, action=android.intent.action.PACKAGE_ADDED
06-11 10:33:36.786  4329  4424 V WindowManagerShell:  animated by com.android.wm.shell.transition.DefaultTransitionHandler@f5c7157
06-11 10:33:36.786  4329  4424 D OplusShellTransition: dispatchTransition, animated mHandler: com.android.wm.shell.transition.DefaultTransitionHandler@f5c7157
06-11 10:33:36.786 25296 25296 I MainLooperBlockDetector: com.oplus.advice.utils.CompatUtils$PackageChangeBroadCastReceiver.onReceive
06-11 10:33:36.786 25296 25296 I AdviceSDK.PackageChangeBroadCastReceiver: onReceive, android.intent.action.PACKAGE_ADDED-[16.0.35-7756912]
06-11 10:33:36.786 25296 25296 E AdviceSDK.CompatUtils: notifyPackageChangeCallBack, pkg: com.earthengine.minimalglobe-[16.0.35-7756912]
06-11 10:33:36.786 25296 25296 I AdviceSDK.CardSizeChangeUtils: onPackageChange pkg=com.earthengine.minimalglobe,mLauncherIsSupport:true-[16.0.35-7756912]
06-11 10:33:36.786  4329  4424 D ShellTaskOrganizerExt: visibleFlexibleTaskInfos delete:2804
06-11 10:33:36.786  4329  4424 D ShellTaskOrganizerExt: isOnCanvas size:0
06-11 10:33:36.786  4329  4424 D ShellTaskOrganizerExt: isOnThreeFlexibleCanvas size:0
06-11 10:33:36.787  1708  1815 E ANDR-PERF-LM: MetaMeter: handleAsync() 166: AdaptLaunch Invalid Async
06-11 10:33:36.787 25296 25296 I SDP.InstallMonitorManager:  Broadcast received android.intent.action.PACKAGE_ADDED.[ssdk:v1.3.160-16ef4dc,sdplugin:v16.56.0-85a272db]
06-11 10:33:36.787 25296 25296 I SDP.InstallMonitorManager:  Start check ums pks for com.earthengine.minimalglobe.[ssdk:v1.3.160-16ef4dc,sdplugin:v16.56.0-85a272db]
06-11 10:33:36.787 25296 25296 I SDP.InstallMonitorManager:  Start notify install for package:com.earthengine.minimalglobe.[ssdk:v1.3.160-16ef4dc,sdplugin:v16.56.0-85a272db]
06-11 10:33:36.787 25296 25296 I MainLooperBlockDetector: com.oplus.assistantscreen.card.shortcuts.manager.RxPackageUpdateMonitor$packageUpdateBroadcastReceiver$1.onReceive
06-11 10:33:36.788  8454  8454 I ContextAware_DaemonReceiver: onReceive:android.intent.action.PACKAGE_REPLACED
06-11 10:33:36.788  8454  8454 I ContextAware_DaemonReceiver: onReceive end
06-11 10:33:36.789  8454  9164 I ContextAware_DaemonReceiver: handleBroadcast:android.intent.action.PACKAGE_REPLACED
06-11 10:33:36.791  1574  1616 E statsd  : Stats puller failed for tag: 150134 at 242614113405174
06-11 10:33:36.792  4329  4424 D ZoomController: onTaskRemoved
06-11 10:33:36.792  4329  4424 D ZoomController: onTaskRemoved
06-11 10:33:36.792 25296 25391 I AstScreen.ShortcutVisualMessageManager: requestUpdateVisualDataCache,originUnExecutedVisualDataList:[],newVisualMessageCache:[]
06-11 10:33:36.792 29276 29276 I ne.minimalglobe: isSwordfishLaunchAppEnabled_ 1 isSwordfishInstallAppEnabled_ 1
06-11 10:33:36.792 29276 29276 I ne.minimalglobe: Late-enabling -Xcheck:jni
06-11 10:33:36.793 25296 25391 I AstScreen.ShortcutRouterCacheHelper: isAnyUrlAvailableFromCache 279, title:腾讯元宝 has no legal url, dependentPackage:*o*.*e*c*n*.*u*y*a*.*p*.*h*t
06-11 10:33:36.792  3189  3913 D BackgroundInstallControlService: Package event received: 0
06-11 10:33:36.793  1877  1877 E BpTransactionCompletedListener: Failed to transact (-32)
06-11 10:33:36.793  3189  3251 D ActivityManager: Async freezing 27947 com.oplus.games
06-11 10:33:36.793  3189  3251 D ActivityManager: pid 20034 com.tencent.soter.soterserver received async transactions while frozen
06-11 10:33:36.793  4329  4424 D ShellTaskOrganizer: Task vanished taskId=2804
06-11 10:33:36.794 25296 27544 I SDP.ContextProxy:  acquireClient with authority:com.oplus.pantanal.ums.statictis, pkgName:com.coloros.assistantscreen, use normal context[ssdk:v1.3.160-16ef4dc,sdplugin:v16.56.0-85a272db]
06-11 10:33:36.794  4329  4424 D ShellTaskOrganizerExt: visibleFlexibleTaskInfos delete:2804
06-11 10:33:36.794  4329  4424 D ShellTaskOrganizerExt: isOnCanvas size:0
06-11 10:33:36.794  4329  4424 D ShellTaskOrganizerExt: isOnThreeFlexibleCanvas size:0
06-11 10:33:36.794  4329  4424 D FlexibleSeekBarManager: removeAlpha for taskId=2804
06-11 10:33:36.794  1877  1877 E BpTransactionCompletedListener: Failed to transact (-32)
06-11 10:33:36.796  4533 21771 I iopgp   : Iopgp: TRANSACTION_IOPGP_PRELOAD Sequence_id = 469 pkg_name = com.earthengine.minimalglobe uid = 10602 size = 1 isProfile = 1
06-11 10:33:36.798  4323  6896 V OsAgent : broadcastSystemEvent - 7
06-11 10:33:36.799 20034 20034 D ActivityThread: Package [com.earthengine.minimalglobe] reported as REPLACED, but missing application info. Assuming REMOVED.
06-11 10:33:36.800 20034 20034 D ActivityThread: Package [com.earthengine.minimalglobe] reported as REPLACED, but missing application info. Assuming REMOVED.
06-11 10:33:36.802 27947 27947 I GameSpaceUI.PackageChangeReceiver: onReceive action = android.intent.action.PACKAGE_REMOVED
06-11 10:33:36.803 27947 27947 I GameSpaceUI.gamespace_StandardPackageActionReceiver: StandardPackageActionReceiver = android.intent.action.PACKAGE_REMOVED
06-11 10:33:36.803 27947 27947 I GameSpaceUI.gamespace_PackageActionHelper: package received: Intent { act=android.intent.action.PACKAGE_REMOVED dat=package: flg=0x4000010 (has extras) }, replacing=true, dataRemove=false, data: package:com.earthengine.minimalglobe
06-11 10:33:36.803 27947 27947 I GameSpaceUI.PackageChangeReceiver: onReceive action = android.intent.action.PACKAGE_ADDED
06-11 10:33:36.803 27947 27947 I GameSpaceUI.PackageChangeReceiver: onReceive pkg = com.earthengine.minimalglobe
06-11 10:33:36.807 27947 31973 W GameSpaceUI.gs_GameplusAuthorizeAndUpgradeStatusManager: connectInit
06-11 10:33:36.808 27947 31973 W GameSpaceUI.gs_GameSpaceAuthority: ColorOS 11及以上，不兼容的功能：[]
06-11 10:33:36.808 27947 31973 W GameSpaceUI.gs_GameSpaceAuthority: ColorOS 11及以上，GC不兼容的功能：[]
06-11 10:33:36.808 27947 31973 W GameSpaceUI.gs_GameSpaceAuthority: ColorOS 11及以上，Gs不兼容的功能：[]
06-11 10:33:36.808 27947 31973 W GameSpaceUI.gs_HideGameIconNotificationUtil: connectInit: true
06-11 10:33:36.808 27947 31973 W GameSpaceUI.gs_HideGameIconUtil: isFunctionOpen: true
06-11 10:33:36.809 27947 27947 I GameSpaceUI.gamespace_StandardPackageActionReceiver: StandardPackageActionReceiver = android.intent.action.PACKAGE_ADDED
06-11 10:33:36.809 27947 27947 I GameSpaceUI.gamespace_PackageActionHelper: package received: Intent { act=android.intent.action.PACKAGE_ADDED dat=package: flg=0x4000010 (has extras) }, replacing=true, dataRemove=true, data: package:com.earthengine.minimalglobe
06-11 10:33:36.809  9018 29563 D OplusAppSwitchManager: observer =  mDefaultMatchActivity = false mDefaultMatchApp false
06-11 10:33:36.810 27947 27524 W GameSpaceUI.gs_GameplusAuthorizeAndUpgradeStatusManager: connectInit
06-11 10:33:36.810 27947 27524 W GameSpaceUI.gs_GameSpaceAuthority: ColorOS 11及以上，不兼容的功能：[]
06-11 10:33:36.810 27947 27524 W GameSpaceUI.gs_GameSpaceAuthority: ColorOS 11及以上，GC不兼容的功能：[]
06-11 10:33:36.810 27947 27524 W GameSpaceUI.gs_GameSpaceAuthority: ColorOS 11及以上，Gs不兼容的功能：[]
06-11 10:33:36.810 27947 27524 W GameSpaceUI.gs_HideGameIconNotificationUtil: connectInit: true
06-11 10:33:36.810 27947 27524 W GameSpaceUI.gs_HideGameIconUtil: isFunctionOpen: true
06-11 10:33:36.811 27947 27947 I GameSpaceUI.PackageChangeReceiver: onReceive action = android.intent.action.PACKAGE_REPLACED
06-11 10:33:36.811 27947 27947 I GameSpaceUI.PackageChangeReceiver: onReceive pkg = com.earthengine.minimalglobe
06-11 10:33:36.811 27947 27947 I GameSpaceUI.gamespace_StandardPackageActionReceiver: StandardPackageActionReceiver = android.intent.action.PACKAGE_REPLACED
06-11 10:33:36.811 27947 27947 I GameSpaceUI.gamespace_PackageActionHelper: package received: Intent { act=android.intent.action.PACKAGE_REPLACED dat=package: flg=0x4000010 (has extras) }, replacing=true, dataRemove=true, data: package:com.earthengine.minimalglobe
06-11 10:33:36.812 27947 27947 I GameSpaceUI.GameSpaceApplication: onTrimMemory level:40
06-11 10:33:36.812 27947 16635 I GameSpaceUI.GamesNotificationHelper: checkPermisssion hasNotifyPermission： true,hasChannelPermission : true，switchOn： true 
06-11 10:33:36.812 27947 16635 I GameSpaceUI.ApplicationInfoHelper: getPackageInfo packageName : com.nearme.gamecenter flags : 0 
06-11 10:33:36.812 27947 16635 I GameSpaceUI.AppUtil: getAppVersionCode 143200
06-11 10:33:36.812 27947 16635 I GameSpaceUI.GamesNotificationHelper: isGameCenterVersion1316 143200
06-11 10:33:36.813  4650  4741 V OplusUXIconLoader: loadUxIcon drawable null, packageName = com.earthengine.minimalglobe,activityName =:null
06-11 10:33:36.816 27947 31973 W GameSpaceUI.gs_HideGameIconUtil: isOSVersionSupportHideIcon, isBelowOS14 -> false, isHideIconSwitchOn -> false, isGameCenterExit -> true
06-11 10:33:36.816 27947 16637 I GameSpaceUI.gamespace_download_ui: application intent received: android.intent.action.PACKAGE_REMOVED, replacing=true
06-11 10:33:36.816 27947 16637 I GameSpaceUI.gamespace_download_ui:   --> package:com.earthengine.minimalglobe
06-11 10:33:36.816 27947 16637 I GameSpaceUI.gamespace_download_ui: doActionRemoved data: package:com.earthengine.minimalglobe
06-11 10:33:36.818  4650 23082 I TaskStackChangeListeners: onTaskRemoved(), cur=2804
06-11 10:33:36.818  4650 23082 I TaskStackChangeListeners: onTaskRemoved(), cur=2804
06-11 10:33:36.819  4650  5017 I SystemUiProxy: SystemUiProxy#getRecentTasks isInGoRecentsAnim: false
06-11 10:33:36.824 27947 29281 I GameSpaceUI.GameBoardInputManager: onReceiveUninstall packageName: com.earthengine.minimalglobe
06-11 10:33:36.825 27947 27524 W GameSpaceUI.gs_HideGameIconUtil: isOSVersionSupportHideIcon, isBelowOS14 -> false, isHideIconSwitchOn -> false, isGameCenterExit -> true
06-11 10:33:36.828 27947 31973 W GameSpaceUI.gs_HideGameIconUtil: game space versionCode: 500330002
06-11 10:33:36.828 27947 31973 W GameSpaceUI.gs_HideGameIconNotificationUtil: isSupportHideIcon: true
06-11 10:33:36.829 27947 31973 W GameSpaceUI.AssistantBridgeServiceImpl: call key: key_hide_icon, command: command_hide_icon_get_switch
06-11 10:33:36.829 27947 31973 I GameSpaceUI.COSAInitMonitorHelper: registerCosaConnect start
06-11 10:33:36.829 27947 31973 I GameSpaceUI.COSAController: cosaController
06-11 10:33:36.829 27947 31973 I GameSpaceUI.COSAController: isSupportCosa = true
06-11 10:33:36.829 27947 31973 I GameSpaceUI.COSAInitMonitorHelper: monitorSdkInitSync  invoke
06-11 10:33:36.829 27947 31973 I GameSpaceUI.COSAInitMonitorHelper: registerCosaConnect all sdk inited return
06-11 10:33:36.829 27947 31973 W GameSpaceUI.AssistantBridgeServiceImpl: call key end ####################################### 
06-11 10:33:36.830 27947 31973 I GameSpaceUI.FuncModuleHandler: handle, key: key_hide_icon,command: command_hide_icon_get_switch
06-11 10:33:36.830 27947 31973 W GameSpaceUI.HideIconGetSwitchCommandExecutor: switch = false
06-11 10:33:36.830 27947 31973 W GameSpaceUI.gs_HideGameIconNotificationUtil: isSwitchOn: false
06-11 10:33:36.830 27947 31973 W GameSpaceUI.gamespace_HideGameIconNotification: hideGameIconNotificationSwitchOn:false
06-11 10:33:36.832  4650  4650 I PantaCard.Lnch.InstantCardEngine:  100281&1888747526&3_sid=536877097_rk=03cc59,sendMessageToCard, cardTag:100281&1888747526&3, false, newData.size = 213, code = 0, hasLoaded: true[sdk:v1.3.130-5a024cf,seed-plugin:v16.56.0-85a272db,app:v16.4.25] [OplusLauncher|com.android.launcher|2.0.44-25e9612]
06-11 10:33:36.832  4650  4650 I PantaCard.Lnch.InstantCardEngine:  10000307&1000001&1_sid=536878910_rk=42f9f6,sendMessageToCard, cardTag:10000307&1000001&1, false, newData.size = 213, code = 0, hasLoaded: true[sdk:v1.3.130-5a024cf,seed-plugin:v16.56.0-85a272db,app:v16.4.25]
06-11 10:33:36.832  4650  4650 D HostCallbackManager: cache js message
06-11 10:33:36.834 27947 29289 W GameSpaceUI.gamespace_app_active: onActive: RECEIVER_PACKAGE
06-11 10:33:36.834 27947 29289 W GameSpaceUI.gamespace_SpaceRedDotActiveInterceptor: accept false
06-11 10:33:36.835 27947 29289 W GameSpaceUI.gamespace_QuickAppDataService: call getQuickAppCardCtaStateData -> tagFrom = GamecenterService-PACKAGE_REPLACED , ctaStateValue = 1
06-11 10:33:36.835 27947 29289 W GameSpaceUI.gamespace_QuickAppDataService: call getQuickAppCardHideIconSwitchStateData -> tagFrom = GamecenterService-PACKAGE_REPLACED , GameIconHideState = 0
06-11 10:33:36.835  4650  6739 D ExtensionManager: system.localconnection :1:registerCallback tid:5275
06-11 10:33:36.835 27947 15505 W GameSpaceUI.gamespace_QuickAppDataService: call getUpdateGameInfoForQuickApp -> tagFrom = GamecenterService-PACKAGE_REPLACED , 1781145216835
06-11 10:33:36.836  4650 23595 D JsConsole: breeno2X2-launcher(rsUDrjLDfb7Y)::TimerManager: tag：debounce setTimeout id：d5ajmSfTGZ
06-11 10:33:36.836 27947  1358 W GameSpaceUI.gs_DesktopCardServiceImpl: set assistant_cta_switch_state = 1 success expire 2592000000
06-11 10:33:36.837 27947  1358 I GameSpaceUI.TrackService: getPluginConfigAppId -1, currentPkgName: 
06-11 10:33:36.837 27947 29289 W GameSpaceUI.gs_HideGameIconUtil: isFunctionOpen: true
06-11 10:33:36.837 19629 13325 I DMP-RemoteWorkProcessor: process:onReceivearg: android.intent.action.PACKAGE_REPLACEDextras:Bundle[mParcelledData.dataSize=100]
06-11 10:33:36.837 27947 29289 W GameSpaceUI.gs_HideGameIconUtil: isOSVersionSupportHideIcon, isBelowOS14 -> false, isHideIconSwitchOn -> false, isGameCenterExit -> true
06-11 10:33:36.837 27947 29289 W GameSpaceUI.gs_HideGameIconUtil: game space versionCode: 500330002
06-11 10:33:36.837 27947 29289 W GameSpaceUI.gamespace_QuickAppDataService: call getQuickAppCardIsSupportHideIconState -> tagFrom = GamecenterService-PACKAGE_REPLACED, isSupportHideIcon = 1
06-11 10:33:36.837 19629 19687 I DMP-BusinessHandler: handleMessage:1
06-11 10:33:36.837 19629 19687 W DMP-BusinessHandler: in clearDMPExternalIndexData method, action is not clear or remove
06-11 10:33:36.837 19629 19687 I DMP-IndexProvider: call, authority[com.oplus.dmp.index], method[onReceive], resource[null]
06-11 10:33:36.840 29276 29276 E ne.minimalglobe: Unknown bits set in runtime_flags: 0x40000000
06-11 10:33:36.840 29276 29276 I ne.minimalglobe: Using CollectorTypeCMC GC.
06-11 10:33:36.846  4650 23595 D JsBridgeTimer: com.oppoopen.apptipcard setTimeoutCallback id:629
06-11 10:33:36.847  4650 23595 D JsConsole: breeno2X2-launcher(rsUDrjLDfb7Y)::TimerManager: invoke real timeout callback by JS thread,id：d5ajmSfTGZ
06-11 10:33:36.847  4650 23595 D JsConsole: breeno2X2-launcher(rsUDrjLDfb7Y)::CardCore: merge notifications result: [{"packageName":"com.earthengine.minimalglobe","title":"MinimalGlobe","changeType":16}] debounce time: 10ms notifications length: 1
06-11 10:33:36.848  5797  5816 I adbd    : jdwp connection from 29276
06-11 10:33:36.849  4650 23595 D JsConsole: breeno2X2-launcher(rsUDrjLDfb7Y)::CardCore: DesktopAppChange: updated app {"icon":"appicon://app/▼∩fcpmhmbnjojn.fojhofiusbf.npd▼∩?force_refresh=true&timestamp=1781145216847","iconStrategy":1,"appType":0,"clickTrackUrls":[],"deeplink":"","exposeTrackUrls":[],"iconSource":"system","mode":0,"packageName":"▼∩fcpmhmbnjojn.fojhofiusbf.npd▼∩","probability":0,"recallType":"algorithm","routePage":0,"lastUpdate":0,"traceId":"4b5b5ab9fa1eb57bee43b590ed4fc7e1-d3dadaa8cfdd4313941d2f3d90b9fdb4","source":8,"refreshCustomData":2,"name":"MinimalGlobe"}
06-11 10:33:36.849  9703 11042 I Qsb-DBManager: call update:com.earthengine.minimalglobe
06-11 10:33:36.851 27947 27531 I GameSpaceUI.gamespace_download_ui: application intent received: android.intent.action.PACKAGE_REPLACED, replacing=true
06-11 10:33:36.851 27947 27531 I GameSpaceUI.gamespace_download_ui:   --> package:com.earthengine.minimalglobe
06-11 10:33:36.851 27947 27531 I GameSpaceUI.gamespace_download_ui: doActionAddedOrReplaced data: package:com.earthengine.minimalglobe
06-11 10:33:36.851 27947 27517 I GameSpaceUI.gamespace_download_ui: application intent received: android.intent.action.PACKAGE_ADDED, replacing=true
06-11 10:33:36.851  1877  2465 I VRR-[OPlusRefreshRateSelector]: updateAutoMode success, display 0, mode 0, fakeframe 1, min fps: 1
06-11 10:33:36.852  1699  2174 I SDM     : DisplayBuiltIn::SetQSyncMode: VRR + qsync minfps change to: 12616065 00C08181
06-11 10:33:36.852  1699  2174 I SDM     : HWDeviceDRM::OPlusSetQSyncMinFps: VRR +  OPlusSetQSyncMinFps: 12616065
06-11 10:33:36.852  1699  2174 I SDM     : HWDeviceDRM::OPlusSetQSyncMinFpsUpdate: VRR +  OPlusSetQSyncMinFpsUpdate: 1
06-11 10:33:36.852  1699  2174 I SDM     : HWDeviceDRM::OPlusGetQSyncMinFps: VRR +  OPlusGetQSyncMinFps: 12616065
06-11 10:33:36.852  1699  2174 I SDM     : DisplayBuiltIn::SetQSyncMode: VRR + update qsync mode 0 minfps 00C08181
06-11 10:33:36.852  1699  2174 I SDM     : HWDeviceDRM::OPlusIsQSyncMinFpsForAuto: VRR +  OPlusIsQSyncMinFpsForAuto: 1
06-11 10:33:36.852  1699  2174 I SDM     : DisplayBuiltIn::SetQSyncMode: VRR + needs_avr_update_ 0
06-11 10:33:36.852  1699  2174 I SDM     : DisplayBuiltIn::SetQSyncMode: Qsync mode set to 0 successfully
06-11 10:33:36.853 27947 27517 I GameSpaceUI.gamespace_download_ui:   --> package:com.earthengine.minimalglobe
06-11 10:33:36.853 27947 27517 I GameSpaceUI.gamespace_download_ui: doActionAddedOrReplaced data: package:com.earthengine.minimalglobe
06-11 10:33:36.853 29276 29276 D nativeloader: Load libframework-connectivity-tiramisu-jni.so using APEX ns com_android_tethering for caller /apex/com.android.tethering/javalib/framework-connectivity-t.jar: ok
06-11 10:33:36.853 27947 27524 W GameSpaceUI.gs_HideGameIconUtil: game space versionCode: 500330002
06-11 10:33:36.853 27947 27524 W GameSpaceUI.gs_HideGameIconNotificationUtil: isSupportHideIcon: true
06-11 10:33:36.853 27947 27524 W GameSpaceUI.AssistantBridgeServiceImpl: call key: key_hide_icon, command: command_hide_icon_get_switch
06-11 10:33:36.853 27947 27524 I GameSpaceUI.COSAInitMonitorHelper: registerCosaConnect start
06-11 10:33:36.854 27947 27524 I GameSpaceUI.COSAController: cosaController
06-11 10:33:36.854 27947 27524 I GameSpaceUI.COSAController: isSupportCosa = true
06-11 10:33:36.854 27947 27524 I GameSpaceUI.COSAInitMonitorHelper: monitorSdkInitSync  invoke
06-11 10:33:36.854 27947 27524 I GameSpaceUI.COSAInitMonitorHelper: registerCosaConnect all sdk inited return
06-11 10:33:36.854 27947 27524 W GameSpaceUI.AssistantBridgeServiceImpl: call key end ####################################### 
06-11 10:33:36.854 27947 27524 I GameSpaceUI.FuncModuleHandler: handle, key: key_hide_icon,command: command_hide_icon_get_switch
06-11 10:33:36.854 27947 27524 W GameSpaceUI.HideIconGetSwitchCommandExecutor: switch = false
06-11 10:33:36.854 27947 27524 W GameSpaceUI.gs_HideGameIconNotificationUtil: isSwitchOn: false
06-11 10:33:36.854 27947 27524 W GameSpaceUI.gamespace_HideGameIconNotification: hideGameIconNotificationSwitchOn:false
06-11 10:33:36.854 27947 27524 W GameSpaceUI.gs_MiniGameRedEnvelopesFeature: getMiniGameCloud:1
06-11 10:33:36.854 27947 27524 W GameSpaceUI.gs_MiniGameRedEnvelopesService: getMiniGameCloudSwitch :1
06-11 10:33:36.854 27947 27524 W GameSpaceUI.gamespace_QuickAppDataService: writeAssistantMiniGameActivitySwitch -> tagFrom = GamecenterService-PACKAGE_REPLACED , null
06-11 10:33:36.855  1699  1966 I SDM     : HWDeviceDRM::OPlusGetQSyncMinFpsUpdate: VRR +  OPlusGetQSyncMinFpsUpdate: 1
06-11 10:33:36.855  1699  1966 I SDM     : HWDeviceDRM::OPlusIsQSyncMinFpsForAuto: VRR +  OPlusIsQSyncMinFpsForAuto: 1
06-11 10:33:36.855  1699  1966 I SDM     : HWDeviceDRM::OPlusGetQSyncMinFps: VRR +  OPlusGetQSyncMinFps: 12616065
06-11 10:33:36.855 27947 27517 W GameSpaceUI.gamespace_AddDesktopCardUtils: getDesktopCardClickInteract value: 2 
06-11 10:33:36.855 27947 27517 W GameSpaceUI.gamespace_QuickAppDataService: writeDesktopCardClickInteractInfo -> tagFrom = GamecenterService-PACKAGE_REPLACED, desktopCardClickInteract = 2
06-11 10:33:36.857  4650 23595 E UnionPermissionController: com.oppoopen.apptipcard pass featureAble
06-11 10:33:36.859 29276 29276 W libc    : Access denied finding property "persist.vendor.sys.activitylog"
06-11 10:33:36.859 27947 27524 W GameSpaceUI.gamespace_QuickAppDataService: writeCloudConfig -> tagFrom = GamecenterService-PACKAGE_REPLACED, desktopCardDefault = true
06-11 10:33:36.859 29276 29276 I OneTrace: Mark active for pid=29276? true
06-11 10:33:36.859 29276 29276 D cutils-dev: otrace_set_tracing_enabled? true tag:0
06-11 10:33:36.860 29276 29276 D cutils-dev: properties changed in otrace_seq_number_changed!
06-11 10:33:36.860  4650 23595 D JsConsole: breeno2X2-launcher(rsUDrjLDfb7Y)::appicon-1: force refresh: packageName=▼∩fcpmhmbnjojn.fojhofiusbf.npd▼∩, icon flag=true, title flag=false, icon=appicon://app/▼∩fcpmhmbnjojn.fojhofiusbf.npd▼∩?force_refresh=true&timestamp=1781145216847, name=MinimalGlobe 
06-11 10:33:36.861 19629 19687 I DMP-AppInitializer: isAppAvailable for indexCall, caller: com.oplus.dmp
06-11 10:33:36.861  1460 23496 W SeedlingShare: (com.oplus.games, assistant_cta_switch_state) not in seeding shared white list.
06-11 10:33:36.862  1708  1815 E ANDR-PERF-LM: MetaMeter: handleAsync() 166: AdaptLaunch Invalid Async
06-11 10:33:36.862 11631 29296 I UMS.SettingDataManager: refreshSettingsList [base|2.0.44-25e9612]
06-11 10:33:36.862 27947 16637 I GameSpaceUI.FunctionHelper: isCosaEnable value : 1
06-11 10:33:36.863 27947 31973 I GameSpaceUI.FunctionHelper: isCosaEnable value : 1
06-11 10:33:36.863  1460 23496 W AppInfo : AppInfo create Uri content://com.nearme.instant.platform.res/com.coloros.gamespaceui.quickapp.guide/manifest.json
06-11 10:33:36.864  1460 23496 W PackageFilesValidator: isInvalidResource: AppDistributionMeta is null
06-11 10:33:36.866  9703 11042 D Identity: nonceAndCounter: 9fa47908b40dac85000000000000000e
06-11 10:33:36.867  1460 23496 W AppInfo : app info parse uri fail. uri: content://com.nearme.instant.platform.res/com.coloros.gamespaceui.quickapp.guide/manifest.json##Throwable##java.io.FileNotFoundException: open failed: ENOENT (No such file or directory)
06-11 10:33:36.867  1460 23496 W AppInfo : 	at android.os.ParcelFileDescriptor.openInternal(ParcelFileDescriptor.java:356)
06-11 10:33:36.867  1460 23496 W AppInfo : 	at android.os.ParcelFileDescriptor.open(ParcelFileDescriptor.java:233)
06-11 10:33:36.867  1460 23496 W AppInfo : 	at org.hapjs.cache.CacheProvider.doOpenFile(SourceFile:56)
06-11 10:33:36.867  1460 23496 W AppInfo : 	at org.hapjs.AbstractContentProvider.openFile(SourceFile:4)
06-11 10:33:36.867  1460 23496 W AppInfo : 	at android.content.ContentProvider.openAssetFile(ContentProvider.java:2326)
06-11 10:33:36.867  1460 23496 W AppInfo : 	at org.hapjs.AbstractContentProvider.doOpenAssetFile(SourceFile:1)
06-11 10:33:36.867  1460 23496 W AppInfo : 	at org.hapjs.cache.CacheProvider.doOpenAssetFile(SourceFile:74)
06-11 10:33:36.867  1460 23496 W AppInfo : 	at org.hapjs.AbstractContentProvider.openAssetFile(SourceFile:4)
06-11 10:33:36.867  1460 23496 W AppInfo : 	at android.content.ContentProvider.openTypedAssetFile(ContentProvider.java:2504)
06-11 10:33:36.867  1460 23496 W AppInfo : 	at android.content.ContentProvider.openTypedAssetFile(ContentProvider.java:2571)
06-11 10:33:36.867  1460 23496 W AppInfo : 	at android.content.ContentProvider$Transport.openTypedAssetFile(ContentProvider.java:692)
06-11 10:33:36.867  1460 23496 W AppInfo : 	at android.content.ContentResolver.openTypedAssetFileDescriptor(ContentResolver.java:2097)
06-11 10:33:36.867  1460 23496 W AppInfo : 	at android.content.ContentResolver.openAssetFileDescriptor(ContentResolver.java:1912)
06-11 10:33:36.867  1460 23496 W AppInfo : 	at android.content.ContentResolver.openInputStream(ContentResolver.java:1582)
06-11 10:33:36.867  1460 23496 W AppInfo : 	at org.hapjs.model.AppInfo.fromUri(SourceFile:7)
06-11 10:33:36.867  1460 23496 W AppInfo : 	at org.hapjs.model.AppInfo.create(SourceFile:105)
06-11 10:33:36.867  1460 23496 W AppInfo : 	at org.hapjs.bridge.DefaultAppInfoProvider.create(SourceFile:1)
06-11 10:33:36.867  1460 23496 W AppInfo : 	at a.a.a.nl0.g(SourceFile:58)
06-11 10:33:36.867  1460 23496 W AppInfo : 	at a.a.a.nl0.e(SourceFile:2)
06-11 10:33:36.867  1460 23496 W AppInfo : 	at a.a.a.rp6.d(SourceFile:22)
06-11 10:33:36.867  1460 23496 W AppInfo : 	at a.a.a.rp6.c(SourceFile:52)
06-11 10:33:36.867  1460 23496 W AppInfo : 	at com.nearme.instant.card.SharedDataProvider.setOrUpdateSharedDataInner(SourceFile:48)
06-11 10:33:36.867  1460 23496 W AppInfo : 	at com.nearme.instant.card.SharedDataProvider.setOrUpdateSharedData(SourceFile:61)
06-11 10:33:36.867  1460 23496 W AppInfo : 	at com.nearme.instant.card.SharedDataProvider.doCall(SourceFile:46)
06-11 10:33:36.867  1460 23496 W AppInfo : 	at org.hapjs.AbstractContentProvider.call(SourceFile:4)
06-11 10:33:36.867  1460 23496 W AppInfo : 	at android.content.ContentProvider.call(ContentProvider.java:2773)
06-11 10:33:36.867  1460 23496 W AppInfo : 	at android.content.ContentProvider$Transport.call(ContentProvider.java:653)
06-11 10:33:36.867  1460 23496 W AppInfo : 	at android.content.ContentProviderNative.onTransact(ContentProviderNative.java:307)
06-11 10:33:36.867  1460 23496 W AppInfo : 	at android.os.Binder.execTransactInternal(Binder.java:1444)
06-11 10:33:36.867  1460 23496 W AppInfo : 	at android.os.Binder.execTransact(Binder.java:1378)
06-11 10:33:36.867  1460 23496 E PermissionVerifier: card rpk not exists
06-11 10:33:36.867  1460 23496 W PermissionVerifier: checkWritePermission writer: com.oplus.games not in rpk: com.coloros.gamespaceui.quickapp.guide allowed list
06-11 10:33:36.867  1460 23496 W SharedDataProvider: setOrUpdateSharedData no permissions!
06-11 10:33:36.868 27947  1358 W GameSpaceUI.gs_DesktopCardServiceImpl: set assistant_cta_switch_state = 1 success expire 2592000000
06-11 10:33:36.868 27947  1358 I GameSpaceUI.TrackService: getPluginConfigAppId -1, currentPkgName: 
06-11 10:33:36.869  6963  8762 D OplusAtlas.OplusAudioScene: callback success event:atlas_event_on_foreground_activities_changed eventInfo:pid:29276,uid:10602,hasForegroundActivities:1
06-11 10:33:36.874  1574  1616 E statsd  : Stats puller failed for tag: 150134 at 242614196824653
06-11 10:33:36.874  1574  1616 E statsd  : Gauge Stats puller failed for tag: 150119 at 242614196824653
06-11 10:33:36.874  1574  1616 I statsd  : An anomaly (104240000001) (42)0x10000->10602[I] (42)0x20000->com.earthengine.minimalglobe[S] (42)0x30000->.MainActivity[S]  has occurred! Informing subscribers.
06-11 10:33:36.875  6109 13341 I midasd  : app forground called:com.earthengine.minimalglobe
06-11 10:33:36.875  6109 13337 D midasd  : PowerFactors is null 
06-11 10:33:36.875  1799  1799 I CameraMidasService: getExplorerInfo The size of ExplorerInfo is 240 ,The size of ExplorerInfo is 0, The memory size of ExplorerInfo is 0
06-11 10:33:36.875  6109 13337 D midasd  : getExplorerInfo is null 
06-11 10:33:36.876  1877  2435 D VRR [OTI-HW]: isStateReady 0
06-11 10:33:36.876  1877  2435 D VRR [OTI-HW]: keep rate.
06-11 10:33:36.882 12732 12832 I OplusObrain: OplusObrainClientInvoke.getAllTopAppInfos
06-11 10:33:36.883  5081  5179 W Battery : AppSwitchDetectorV2: OnAppSwitchObserver: onAppExit , info = OplusAppExitInfo = {  targetName = com.android.launcher hasResumingActivity = true resumingPackageName = com.earthengine.minimalglobe resumingActivityName = com.earthengine.minimalglobe.MainActivity resumingWindowMode = 1 isResumingMultiApp = false isResumingFirstStart = true extension = Bundle[mParcelledData.dataSize=604]} lastReg=1781141362882
06-11 10:33:36.883  5081  5179 W Battery : AppSwitchManager: onAppSwitch: [m4.o$d@5329dc2]
06-11 10:33:36.883 19629 19698 E FileStrategy: java.io.IOException: Read-only file system
06-11 10:33:36.883  5081  5179 W Battery : ThermalControlUtils: mForegroundPkg=com.earthengine.minimalglobe mLastWindowMode=1
06-11 10:33:36.883  1460 23496 W SeedlingShare: (com.oplus.games, assistant_cta_switch_state) not in seeding shared white list.
06-11 10:33:36.883  4329  4424 D ShellTaskOrganizerExt: visibleFlexibleTaskInfos delete:2805
06-11 10:33:36.883  4329  4424 D ShellTaskOrganizerExt: isOnCanvas size:0
06-11 10:33:36.883  4329  4424 D ShellTaskOrganizerExt: isOnThreeFlexibleCanvas size:0
06-11 10:33:36.883  4323  6896 V OsAgent : broadcastSystemEvent - 7
06-11 10:33:36.883  1460  1728 E FileStrategy: java.io.IOException: Read-only file system
06-11 10:33:36.883  1855 26832 D AudioBoost: audioSchedBoost, pid=1855, tid=26832, enable=1, ret=0
06-11 10:33:36.883  1855 26832 D AudioFlingerExtImpl: AudioFlingerExtImpl oplusSetParameters: keyvalue onForegroundActivitiesChanged=com.earthengine.minimalglobe:foreground:1|10602:29276
06-11 10:33:36.883  1855 26832 D AudioFlingerExtImpl: updateForegroundInfo, mapInf mForegroundMap(1)|[com.earthengine.minimalglobe]=1, uidPidMapInf mForegroundUidPidMap(1)|[10602]=29276
06-11 10:33:36.883  1855 26832 D AudioBoost: audioSchedBoost, pid=1855, tid=26832, enable=0, ret=0
06-11 10:33:36.884  1460 23496 W AppInfo : AppInfo create Uri content://com.nearme.instant.platform.res/com.coloros.gamespaceui.quickapp.library/manifest.json
06-11 10:33:36.884  4033  4044 V DCSEX-AppSwitchManager: OnAppSwitchObserver: onAppExit, resuming = com.earthengine.minimalglobe, target = com.android.launcher, is ResumingFirstStart =  true, is ResumingMultiApp =  false, extensionInfo =  Bundle[mParcelledData.dataSize=604]
06-11 10:33:36.886  5081  5179 W Battery : StateManager: getAppType com.earthengine.minimalglobe, last=1781145121054
06-11 10:33:36.886  5081  5179 W Battery : ThermalControllerCenter: mSafetyState=10000,  mSafetyTestConfigList=01111,10111,11011,11101,11110,00111,01011,01101,01110,10011,10101,10110,11001,11010,11100,11111
06-11 10:33:36.886  5081  5179 W Battery : ThermalControllHandler: tempLevel=[4],userMode=2,gameUserMode=-1,appType=-1,envTempType=0,appStates=[],appSwitchSafetyMode=true,split=[],float={},full=[com.earthengine.minimalglobe], tempGear=[4],configItemName=common_config
06-11 10:33:36.887  4033 12883 D DCSEX-AppLaunchEventRecorder: onAppSwitch from = com.android.launcher to = com.earthengine.minimalglobe
06-11 10:33:36.887 27947 29293 I com.oplus.games: Waiting for a blocking GC Explicit
06-11 10:33:36.887 27947 29292 I com.oplus.games: Waiting for a blocking GC Explicit
06-11 10:33:36.887 19629 19687 I DMP-IndexProvider: Process index init succeed
06-11 10:33:36.887 19629 19687 I DMP-Dispatcher: dispatchWork, method[onReceive], resource[null], extras[Bundle[{action=android.intent.action.PACKAGE_REPLACED, package=com.earthengine.minimalglobe}]]
06-11 10:33:36.887 19629 19687 I DMP-Dispatcher: dispatchToMultiResource, method: onReceive, extras: Bundle[{action=android.intent.action.PACKAGE_REPLACED, package=com.earthengine.minimalglobe}], resourceList: [settings, localApp, standard_data#unified_service_invocation]
06-11 10:33:36.888 19629 19687 I DMP-PermissionUtil: isPermissionGranted, resource: localApp, basic: false
06-11 10:33:36.888 19629 19687 I DMP-PermissionUtil: unsupported resource or no permission required for resource: localApp
06-11 10:33:36.888 19629 19687 I DMP-Create: canCreate canCreate resource : localApp method : onReceive workName: onReceiveWork
06-11 10:33:36.891  1667 15952 I sensors-hal: handle_oplus_wise_rgb_event:230, wise_rgb:algo_type = 3
06-11 10:33:36.891  1667 15952 I sensors-hal: handle_oplus_wise_rgb_event:285, wise_rgb: raw_lux 506.927124, raw_cct 6331.653809, r/g/b/c: 40816.394531/35869.832031/20149.869141/90351.875000, R/G/B: 0.000000/0.000000/0.000000, brl 1529.000000, lux: 506.927124, cct: 6331.653809, ts 242614209631272, cnt 3727
06-11 10:33:36.891  1460 23496 W PackageFilesValidator: isInvalidResource: AppDistributionMeta is null
06-11 10:33:36.892 24785 25349 I FileLockLib: [24785]file 101 unlocked. fl.pid=0
06-11 10:33:36.893  8454  8173 I ContextAware_AppCardProcessor: [breeno-launcher]Apps on same screen, apps=[com.android.contacts, com.android.mms, com.oplus.camera, com.alibaba.android.rimet, com.example.findmapbox, com.citiccard.mobilebank, com.chinamworld.bocmbci, com.kmxs.reader, com.ovital.ovitalMap, com.nqsky.rmad.dizhiyun, com.taobao.idlefish, cmb.pb, com.larus.nova]
06-11 10:33:36.893  8454  8173 I ContextAware_AdvertisementManager: [breeno-launcher]getCommerceAppsByCardName size:6
06-11 10:33:36.893 29276 29335 D OplusActivityManager: get AMS extension: android.os.BinderProxy@3f82f32
06-11 10:33:36.893  8454  8173 I ContextAware_AppCardProcessor: [breeno-launcher]process fill ad apps: advApps: com.ss.android.ugc.aweme,com.aliyun.tongyi,com.jingdong.app.mall,com.eg.android.AlipayGphone,com.smile.gifmaker,com.sankuai.meituan
06-11 10:33:36.895  3189  6314 I AICCTModule: AICurveModel: findPointByX x:13.360971, rightPoint:Point:(13.37, 6819.781, 6819.781)
06-11 10:33:36.895  3189  6314 I AICCTModule: AICurveModel: StablePoints has no dragSplineLine
06-11 10:33:36.895  3189  3759 D ActivityManager: reportOneUidFrozenStateChanged uid 10288 frozen = false
06-11 10:33:36.895  3189  3251 D FlexibleTaskController: check task which not have enough child, isInSingleWhiteList:false isCloneTask:false
06-11 10:33:36.895  3189  6314 I AICCTModule: AICurveModel: findPointByY y:6847.0044, rightPoint:Point:(13.4, 6847.0044, 6847.0044)
06-11 10:33:36.895  3189  6314 I AICCTModule: AICurveModel: findPointByY y:6847.0044, rightPoint:Point:(13.4, 6847.0044, 6847.0044)
06-11 10:33:36.895  3189  6314 I AICCTModule: AICurveModel: findPointByY y:6847.0044, rightPoint:Point:(13.4, 6847.0044, 6847.0044)
06-11 10:33:36.895  3189  6314 I AICCTModule: AICurveModel: StablePoints y1Left:6847.0044, y2Left:0.0, leftY:6847.0044
06-11 10:33:36.895  3189  3759 D ActivityManager: reportOneUidFrozenStateChanged uid 10276 frozen = false
06-11 10:33:36.895  3189  6314 I AICCTModule: AICurveModel: findPointByY y:6847.0044, rightPoint:Point:(13.4, 6847.0044, 6847.0044)
06-11 10:33:36.895  3189  6314 I AICCTModule: AICurveModel: handleUpdateCCT cct change from:(6400.000000,6847.004395)->(6352.089355,6819.780762),curPoint(6352.089355,6819.780762),stablePoint=LeftLarge(6400.0,6847.0044)-RightLarge(6400.0,6847.0044),LeftSmall(6400.0,6847.0044)-RightSmall(6400.0,6847.0044),TLSmall(6400.0,6847.0044)-TRSmall(6400.0,6847.0044)
06-11 10:33:36.895  3189  3759 D ActivityManager: reportOneUidFrozenStateChanged uid 10230 frozen = false
06-11 10:33:36.895  3189  6314 I AICCTModule: AICurveModel: onTargetCCTChange cct change to 6819.781
06-11 10:33:36.895 29276 29335 D SurfaceSyncGroup: preCreateSurfaceSyncGroupTimerThread
06-11 10:33:36.896 29276 29276 D CompactWindowAppManager: initCompactApplicationInfo CompactMode: , NormalMode: 
06-11 10:33:36.899  5227 29246 W cdo_md5 : refresh app: md5 and sign: compute: Md5DbItem{pkgName='com.earthengine.minimalglobe', md5='42cc930eb3559b89081a3b7a519edc70', status='1_1781145216052_1781145215920', signList=[87a169cd8380ae8de14037243e79661c]} ,cost: 253
06-11 10:33:36.899  3189  5016 D FlexibleTaskController: check task which not have enough child, isInSingleWhiteList:false isCloneTask:false
06-11 10:33:36.900 29276 29276 V Configuration: Updating configuration, locales updated from [] to [zh_CN]
06-11 10:33:36.897  9703 11042 I TapHttp.:  RetryAndFollowUpInterceptor isEventListenerStub:true
06-11 10:33:36.900  9703 11042 D TapHttp.:  StreamAllocation isEventListenerStub:true
06-11 10:33:36.901  6109 13332 E midasd  : getTotalFlipsFromSf mCurFrameCount: 7858027
06-11 10:33:36.901  6109 13332 I midasd  : DisplayAgent updateDisplayDevInfo getRenderFps mFps:120 mRenderFps:119 mWidth:1240 mHeight:2772
06-11 10:33:36.901  3189  5610 D OplusBatteryServiceFeature: setSmartCoolDown: coolDown = 7, normalCoolDown = 7, pkgName = com.earthengine.minimalglobe
06-11 10:33:36.901 29276 29276 D OplusScrollToTopManager: setIsInWhiteList false
06-11 10:33:36.902 29276 29276 D OplusViewDebugManager: OplusViewDebugManager Constructor android.view.debug.OplusViewDebugManager@2af8600 [mHasViewDebugProperty true] [mHasMsgDebugProperty false] [DEBUG false] [EXTRAINFOENABLE false] [LIGHT_OS false]
06-11 10:33:36.902  8454  8173 I ContextAware_AppFillAdsProcess: [breeno-launcher]Mix commerce app with commerceAlg=2 advs=[AppAdInfo[pkg=com.ss.android.ugc.aweme, finalScore=413.00003, timeWeight=0.0,  exposeWeight=0.0, habitWeight=0.0, habitHourWeight=0.0,finalWeight=0.0,weight=0.0, deepLink= 1506, routePage = 0, utrackClickUrl=3, utrackExposeUrl=3,iconUrl=null, icon=null, appType=5, expireTimeStamp:1781193599836,apiSource=5, typeCode=6, cpcScore=13.452769, ecpmScore=413.00003, ctrScore=0.0307,title=null, subTitle=null, adSize=71,algorithmScore=0.0, status=[]], AppAdInfo[pkg=com.aliyun.tongyi, finalScore=193.743, timeWeight=0.0,  exposeWeight=0.0, habitWeight=0.0, habitHourWeight=0.0,finalWeight=0.0,weight=0.0, deepLink= 259, routePage = 0, utrackClickUrl=2, utrackExposeUrl=2,iconUrl=null, icon=null, appType=3, expireTimeStamp:1781193599836,apiSource=9, typeCode=6, cpcScore=103.0, ecpmScore=193.743, ctrScore=0.0018798828,title=null, subTitle=null, adSize=71,algorithmScore=0.0, status=[]], AppAdInfo[pkg=com.jingdong.app.mall, finalScore=89.0, timeWeight=0.0,  exposeWeight=0.0, habitWeight=0.0, habitHourWeight=0.0,finalWeight=0.0,weight=0.0, deepLink= 746, routePage = 0, utrackClickUrl=4, utrackExposeUrl=4,iconUrl=null, icon=null, appType=5, expireTimeStamp:1781193599836,apiSource=5, typeCode=6, cpcScore=34.23077, ecpmScore=89.0, ctrScore=0.0026,title=null, subTitle=null, adSize=71,algorithmScore=0.0, status=[]], AppAdInfo[pkg=com.eg.android.AlipayGphone, finalScore=34.0, timeWeight=0.0,  exposeWeight=0.0, habitWeight=0.0, habitHourWeight=0.0,finalWeight=0.0,weight=0.0, deepLink= 1002, routePage = 0, utrackClickUrl=4, utrackExposeUrl=4,iconUrl=null, icon=null, appType=5, expireTimeStamp:1781193599836,apiSource=5, typeCode=6, cpcScore=5.230769, ecpmScore=34.0, ctrScore=0.0065,title=null, subTitle=null, adSize=71,algorithmScore=0.0, status=[]], AppAdInfo[pkg=com.smile.gifmaker, finalScore=30.0, timeWeight=0.0,  exposeWeight=0.0, habitWeight=0.0, habitHourWeight=0.0,finalWeight=0.0,weight=0.0, deepLink= 1132, routePage = 0, utrackClickUrl=3, utrackExposeUrl=3,iconUrl=null, icon=null, appType=5, expireTimeStamp:1781193599836,apiSource=5, typeCode=1, cpcScore=1.6393442, ecpmScore=30.0, ctrScore=0.0183,title=null, subTitle=null, adSize=71,algorithmScore=0.0, status=[]], AppAdInfo[pkg=com.sankuai.meituan, finalScore=26.433, timeWeight=0.0,  exposeWeight=0.0, habitWeight=0.0, habitHourWeight=0.0,finalWeight=0.0,weight=0.0, deepLink= 116, routePage = 0, utrackClickUrl=2, utrackExposeUrl=2,iconUrl=null, icon=null, appType=3, expireTimeStamp:1781193599836,apiSource=9, typeCode=1, cpcScore=9.0, ecpmScore=26.433, ctrScore=0.0029378256,title=null, subTitle=null, adSize=71,algorithmScore=0.0, status=[]]]
06-11 10:33:36.902  8454  8173 I ContextAware_AppFillAdsProcess: [breeno-launcher]:maxCount:4  adTakeCount:1  adLoadCount:2
06-11 10:33:36.902  8454  8173 I ContextAware_AppFillAdsProcess: current adv app com.ss.android.ugc.aweme in 4 with status 2
06-11 10:33:36.902  8454  8173 I ContextAware_AppFillAdsProcess: not adv app space.xinzhi.map in 5
06-11 10:33:36.902  8454  8173 I ContextAware_AppFillNewActiveProcess: [breeno-launcher]not support appSugNewAppSwitch
06-11 10:33:36.904 12732 12832 I OplusObrain: OplusObrainClientInvoke.nativeGetTrafficTypeInfoForNetworkType networkType 1
06-11 10:33:36.906  1800  1800 D vendor.oplus.hardware.charger-V10-service: set cooldown:7,  normalCoolDown:7
06-11 10:33:36.907  4329  4329 I PluginSeedling--Origin: LiveAlertInteractorImpl-->notifyEntryDataChanged ENTRY_STATUS_BAR, result:, noe: false
06-11 10:33:36.908  5081  5970 W Battery : ThermalControllHandler: MSG_THERMAL_CONTROL_CATEGORY_CHANGED
06-11 10:33:36.908 29276 29276 W libc    : Access denied finding property "ro.odm.prev.product.name"
06-11 10:33:36.908  5081  5970 W Battery : ThermalControllerCenter: startCollingMethods,thermalPolicy=Policy info
06-11 10:33:36.908  5081  5970 W Battery : {
06-11 10:33:36.908  5081  5970 W Battery :  categoryName: common_config
06-11 10:33:36.908  5081  5970 W Battery :  configItemName: gear_config 
06-11 10:33:36.908  5081  5970 W Battery :  gearVal:[4], cpuVal:-1, gpuVal:-1, restrictVal:0, brightnessVal:14, chargeVal:7, modemVal:0, disFlashVal:0, stopCameraVideoVal:0, cameraBrightnessVal:255, disCameraVal:0, disWifiHotSpotVal:0, disTorchVal:0, disFrameInsertVal:0, fpsVal:0, refreshRateVal:0, cpuPowerVal:-2, disVideoSRVal:0, thermalSerious:-2, speedChargeAdd:-2, ipaweight:-2,-2,-2, boostBreak1:-2, boostBreak2:-2, heatoffPolicy:-2, freezer:-2 
06-11 10:33:36.908  5081  5970 W Battery : } 
06-11 10:33:36.908  5081  5970 W Battery : ThermalControlUtils: not set the same modem=0
06-11 10:33:36.909  5081 30723 W Battery : AppSceneCenter: PerfPolicy not enable!
06-11 10:33:36.910  8454 11914 D SceneSDK.1.0.4-SNAPSHOT.8454.DeepThinkerAppSwitchAbility: onAppSwitchEvent: AppSwitchEvent(timeStamp=1781145216903, eventType=2, targetName=com.android.launcher, firstStart=false, multiApp=false, windowMode=0, resumingPackageName=com.earthengine.minimalglobe, resumingActivityName=com.earthengine.minimalglobe.MainActivity, isResumingMultiApp=false, isResumingFirstStart=true)
06-11 10:33:36.910  8454 11914 I ContextAware_AppRecommendAdapter: receive app recommend from AppSwitchEvent(eventId=2, switchInfo=AppSwitchInfo(targetName=com.android.launcher, firstStart=false, multiApp=false, windowMode=0, resumingPackageName=com.earthengine.minimalglobe, resumingActivityName=com.earthengine.minimalglobe.MainActivity, isResumingFirstStart=true, isResumingMultiApp=false))
06-11 10:33:36.910  8454 11914 I ContextAware_AppRecentAdapter: click enter:com.earthengine.minimalglobe
06-11 10:33:36.910 27413 27775 W SQLiteLog: (28) double-quoted string literal: "com.earthengine.minimalglobe"
06-11 10:33:36.911  1800  1800 D vendor.oplus.hardware.charger-V10-service: set cooldown:7,  normalCoolDown:7
06-11 10:33:36.912  1460 23496 W AppInfo : app info parse uri fail. uri: content://com.nearme.instant.platform.res/com.coloros.gamespaceui.quickapp.library/manifest.json##Throwable##java.io.FileNotFoundException: open failed: ENOENT (No such file or directory)
06-11 10:33:36.912  1460 23496 W AppInfo : 	at android.os.ParcelFileDescriptor.openInternal(ParcelFileDescriptor.java:356)
06-11 10:33:36.912  1460 23496 W AppInfo : 	at android.os.ParcelFileDescriptor.open(ParcelFileDescriptor.java:233)
06-11 10:33:36.912  1460 23496 W AppInfo : 	at org.hapjs.cache.CacheProvider.doOpenFile(SourceFile:56)
06-11 10:33:36.912  1460 23496 W AppInfo : 	at org.hapjs.AbstractContentProvider.openFile(SourceFile:4)
06-11 10:33:36.912  1460 23496 W AppInfo : 	at android.content.ContentProvider.openAssetFile(ContentProvider.java:2326)
06-11 10:33:36.912  1460 23496 W AppInfo : 	at org.hapjs.AbstractContentProvider.doOpenAssetFile(SourceFile:1)
06-11 10:33:36.912  1460 23496 W AppInfo : 	at org.hapjs.cache.CacheProvider.doOpenAssetFile(SourceFile:74)
06-11 10:33:36.912  1460 23496 W AppInfo : 	at org.hapjs.AbstractContentProvider.openAssetFile(SourceFile:4)
06-11 10:33:36.912  1460 23496 W AppInfo : 	at android.content.ContentProvider.openTypedAssetFile(ContentProvider.java:2504)
06-11 10:33:36.912  1460 23496 W AppInfo : 	at android.content.ContentProvider.openTypedAssetFile(ContentProvider.java:2571)
06-11 10:33:36.912  1460 23496 W AppInfo : 	at android.content.ContentProvider$Transport.openTypedAssetFile(ContentProvider.java:692)
06-11 10:33:36.912  1460 23496 W AppInfo : 	at android.content.ContentResolver.openTypedAssetFileDescriptor(ContentResolver.java:2097)
06-11 10:33:36.912  1460 23496 W AppInfo : 	at android.content.ContentResolver.openAssetFileDescriptor(ContentResolver.java:1912)
06-11 10:33:36.912  1460 23496 W AppInfo : 	at android.content.ContentResolver.openInputStream(ContentResolver.java:1582)
06-11 10:33:36.912  1460 23496 W AppInfo : 	at org.hapjs.model.AppInfo.fromUri(SourceFile:7)
06-11 10:33:36.912  1460 23496 W AppInfo : 	at org.hapjs.model.AppInfo.create(SourceFile:105)
06-11 10:33:36.912  1460 23496 W AppInfo : 	at org.hapjs.bridge.DefaultAppInfoProvider.create(SourceFile:1)
06-11 10:33:36.912  1460 23496 W AppInfo : 	at a.a.a.nl0.g(SourceFile:58)
06-11 10:33:36.912  1460 23496 W AppInfo : 	at a.a.a.nl0.e(SourceFile:2)
06-11 10:33:36.912  1460 23496 W AppInfo : 	at a.a.a.rp6.d(SourceFile:22)
06-11 10:33:36.912  1460 23496 W AppInfo : 	at a.a.a.rp6.c(SourceFile:52)
06-11 10:33:36.912  1460 23496 W AppInfo : 	at com.nearme.instant.card.SharedDataProvider.setOrUpdateSharedDataInner(SourceFile:48)
06-11 10:33:36.912  1460 23496 W AppInfo : 	at com.nearme.instant.card.SharedDataProvider.setOrUpdateSharedData(SourceFile:61)
06-11 10:33:36.912  1460 23496 W AppInfo : 	at com.nearme.instant.card.SharedDataProvider.doCall(SourceFile:46)
06-11 10:33:36.912  1460 23496 W AppInfo : 	at org.hapjs.AbstractContentProvider.call(SourceFile:4)
06-11 10:33:36.912  1460 23496 W AppInfo : 	at android.content.ContentProvider.call(ContentProvider.java:2773)
06-11 10:33:36.912  1460 23496 W AppInfo : 	at android.content.ContentProvider$Transport.call(ContentProvider.java:653)
06-11 10:33:36.912  1460 23496 W AppInfo : 	at android.content.ContentProviderNative.onTransact(ContentProviderNative.java:307)
06-11 10:33:36.912  1460 23496 W AppInfo : 	at android.os.Binder.execTransactInternal(Binder.java:1444)
06-11 10:33:36.912  1460 23496 W AppInfo : 	at android.os.Binder.execTransact(Binder.java:1378)
06-11 10:33:36.912  5227 29246 W market_check_upgrade: startCheckUpgrade: part app: [com.earthengine.minimalglobe] ,isCtaPass: true
06-11 10:33:36.913 25296 25296 I MainLooperBlockDetector: com.heytap.iflow.downloads.oaps.MarketDownloadHelper$1.onReceive
06-11 10:33:36.913 25296 25296 I MainLooperBlockDetector: org.hapjs.card.sdk.CardServiceLoader$EngineApkChangeReceiver.onReceive
06-11 10:33:36.913 25296 25296 I MainLooperBlockDetector: com.opos.ca.core.provider.d$o.onReceive
06-11 10:33:36.914 29276 29276 D nativeloader: Configuring clns-9 for other apk /data/app/~~1KcHep12qxwdPeZPxaj2pw==/com.earthengine.minimalglobe-1WBtER9QliOGVcri3MnPGg==/base.apk. target_sdk_version=36, uses_libraries=, library_path=/data/app/~~1KcHep12qxwdPeZPxaj2pw==/com.earthengine.minimalglobe-1WBtER9QliOGVcri3MnPGg==/lib/arm64:/data/app/~~1KcHep12qxwdPeZPxaj2pw==/com.earthengine.minimalglobe-1WBtER9QliOGVcri3MnPGg==/base.apk!/lib/arm64-v8a, permitted_path=/data:/mnt/expand:/data/user/0/com.earthengine.minimalglobe
06-11 10:33:36.916  8454 17267 D SceneSDK.1.0.4-SNAPSHOT.8454.DeepThinkerAppSwitchAbility: onAppSwitchEvent: AppSwitchEvent(timeStamp=1781145216903, eventType=2, targetName=com.android.launcher, firstStart=false, multiApp=false, windowMode=0, resumingPackageName=com.earthengine.minimalglobe, resumingActivityName=com.earthengine.minimalglobe.MainActivity, isResumingMultiApp=false, isResumingFirstStart=true)
06-11 10:33:36.916 25296 25296 I MainLooperBlockDetector: com.oplus.assistantscreen.common.helper.ApplicationStateChangeMonitor$ApplicationStateChangeReceiver.onReceive
06-11 10:33:36.916 25296 25296 I AstScreen.ApplicationStateChangeMonitor: ApplicationStateChangeReceiver onReceive
06-11 10:33:36.916 25296 25296 I AstScreen.ApplicationStateChangeMonitor: ApplicationStateChangeReceiver onReceive, action = android.intent.action.PACKAGE_REPLACED packageName = *o*.*a*t*e*g*n*.*i*i*a*g*o*e
06-11 10:33:36.916 25296 25296 I MainLooperBlockDetector: com.oplus.assistantscreen.recentlyused.repository.utils.ProgramPkgStatusManager$packageUpdateBroadcastReceiver$1.onReceive
06-11 10:33:36.916 25296 25296 I AstScreen.ProgramPkgUpdateMonitor: targetPkg=com.earthengine.minimalglobe, action=android.intent.action.PACKAGE_REPLACED
06-11 10:33:36.916 25296 25296 I MainLooperBlockDetector: com.oplus.advice.utils.CompatUtils$PackageChangeBroadCastReceiver.onReceive
06-11 10:33:36.916 25296 25296 I AdviceSDK.PackageChangeBroadCastReceiver: onReceive, android.intent.action.PACKAGE_REPLACED-[16.0.35-7756912]
06-11 10:33:36.917 25296 25296 E AdviceSDK.CompatUtils: notifyPackageChangeCallBack, pkg: com.earthengine.minimalglobe-[16.0.35-7756912]
06-11 10:33:36.917 25296 25296 I AdviceSDK.CardSizeChangeUtils: onPackageChange pkg=com.earthengine.minimalglobe,mLauncherIsSupport:true-[16.0.35-7756912]
06-11 10:33:36.917 25296 25296 I SDP.InstallMonitorManager:  Broadcast received android.intent.action.PACKAGE_REPLACED.[ssdk:v1.3.160-16ef4dc,sdplugin:v16.56.0-85a272db] [SeedlingSdk|com.coloros.assistantscreen|2.0.40-ebe132d]
06-11 10:33:36.917 25296 25296 I SDP.InstallMonitorManager:  Start notify install for package:com.earthengine.minimalglobe.[ssdk:v1.3.160-16ef4dc,sdplugin:v16.56.0-85a272db]
06-11 10:33:36.918 12732 12832 I OplusObrain: OplusObrainClientInvoke.nativeGetTelephonyInfo
06-11 10:33:36.918 29276 29276 I ne.minimalglobe: AssetManager2(0xb400007ad7991128) locale list changing from [] to [zh-CN]
06-11 10:33:36.918 25296 25296 I MainLooperBlockDetector: com.oplus.assistantscreen.card.shortcuts.manager.RxPackageUpdateMonitor$packageUpdateBroadcastReceiver$1.onReceive
06-11 10:33:36.918 25296 25296 I MainLooperBlockDetector: com.heytap.iflow.downloads.oaps.MarketDownloadHelper$1.onReceive
06-11 10:33:36.919 25296 25296 I MainLooperBlockDetector: org.hapjs.card.sdk.CardServiceLoader$EngineApkChangeReceiver.onReceive
06-11 10:33:36.920 25296 25296 I MainLooperBlockDetector: com.opos.ca.core.provider.d$o.onReceive
06-11 10:33:36.920  6716  6716 I SG::PackageReceiver: onReceive action = android.intent.action.PACKAGE_REPLACED [base|com.oplus.pantanal.ums|2.0.44-25e9612]
06-11 10:33:36.920  6716  6716 I CardService[1006200].ApplicationStateChangeMonitor: ApplicationStateChangeReceiver onReceive
06-11 10:33:36.920  6716  6716 I CardService[1006200].ApplicationStateChangeMonitor: ApplicationStateChangeReceiver onReceive, action =android.intent.action.PACKAGE_REPLACED, packageName =*om.ea*theng*ne.mi*imalg*obe, isUpdated = true
06-11 10:33:36.920  6716  6716 I CardService[1006200].CardServiceDisplayDataRepository: onConfigChanged:com.earthengine.minimalglobe
06-11 10:33:36.920  6716 10816 I SG::OCSCacheHelper: checkFromPackageReceiver, start scan single pkg: com.earthengine.minimalglobe
06-11 10:33:36.920  6716  6716 I CardConfig.PackageObserver: onReceive: action = android.intent.action.PACKAGE_REPLACED, name = minimalglobe, isUpdated = true
06-11 10:33:36.920  6716  6716 I CardConfig.CachedPackageManagerProxy: onPackageChanged: minimalglobe
06-11 10:33:36.920  6716 10816 I SG::OCSCacheHelper: checkFromPackageReceiver scanSingle resolvedInfo size = 0
06-11 10:33:36.920  6716 10816 E SG::OCSCacheHelper: checkFromPackageReceiver resolvedInfo is empty,pkg = com.earthengine.minimalglobe
06-11 10:33:36.921  6716  6716 I CardConfig.CardSwitchingMappingRepository: handlePackageChange: minimalglobe
06-11 10:33:36.925  6716  8880 I CardConfig.SeedingCardProviderProxy: subscribePackageChangeObservable do nothing
06-11 10:33:36.925 29276 29276 V GraphicsEnvironment: Currently set values for:
06-11 10:33:36.925 29276 29276 V GraphicsEnvironment:   angle_gl_driver_selection_pkgs=[]
06-11 10:33:36.925 29276 29276 V GraphicsEnvironment:   angle_gl_driver_selection_values=[]
06-11 10:33:36.925 29276 29276 V GraphicsEnvironment: com.earthengine.minimalglobe is not listed in per-application setting
06-11 10:33:36.925 29276 29276 V GraphicsEnvironment: ANGLE allowlist from config: 
06-11 10:33:36.925 29276 29276 V GraphicsEnvironment: com.earthengine.minimalglobe is not listed in ANGLE allowlist or settings, returning default
06-11 10:33:36.925 29276 29276 V GraphicsEnvironment: Updatable production driver is not supported on the device.
06-11 10:33:36.927  6716  8815 I SG::ExternalProvider: call method scanSingle, arg package:com.earthengine.minimalglobe
06-11 10:33:36.927  8454 17267 I metis_v2_AppSwitchDataCollector: AppExitEvent =  com.android.launcher, NextAppName = com.earthengine.minimalglobe
06-11 10:33:36.928  6716  8815 I SG::UmsScanner: scan pkg: com.earthengine.minimalglobe start...
06-11 10:33:36.928  5227 29245 W market_check_upgrade: type: 3 , checkUpgrade : old no ignore: 90
06-11 10:33:36.928  5081  5970 W Battery : ThermalControlUtils: not set the same wifi=0
06-11 10:33:36.928 29276 29276 D ResourcesManagerExtImpl: applyConfigurationToAppResourcesLocked app.getDisplayId() return callback.displayId:-1
06-11 10:33:36.932 25296 27544 I SDP.ContextProxy:  acquireClient with authority:com.oplus.pantanal.ums.statictis, pkgName:com.coloros.assistantscreen, use normal context[ssdk:v1.3.160-16ef4dc,sdplugin:v16.56.0-85a272db]
06-11 10:33:36.932  6716  8815 I SG::ExternalProvider: call method scanSingle, arg package:com.earthengine.minimalglobe
06-11 10:33:36.932  6716  8815 I SG::UmsScanner: scan pkg: com.earthengine.minimalglobe start...
06-11 10:33:36.935  1861 27608 D GpuServiceExtImpl: getRUSWhiteList  size 0
06-11 10:33:36.935 29276 29276 I HWUI    : SupportApps size 0
06-11 10:33:36.935 27947 27524 W GameSpaceUI.gamespace_QuickAppDataService: writeCloudConfig -> tagFrom = GamecenterService-PACKAGE_REPLACED, cardConfigJson = {"key_desktop_card_default":"true","key_assistant_config_card_show_game_update":"true","key_assistant_config_card_show_game_boost":"true","key_assistant_config_card_show_game_hide":"true"}
06-11 10:33:36.936 29276 29276 D ExtensionsLoader: createInstance(64bit) : createExtendedFactory
06-11 10:33:36.936 29276 29276 D ExtensionsLoader: Opened libSchedAssistExtImpl.so
06-11 10:33:36.936 29276 29276 E SchedAssist: open sharedFd failed with error=Permission denied
06-11 10:33:36.936 29276 29276 E SchedAssist: open sharedFd failed with error=Permission denied
06-11 10:33:36.936 29276 29276 E SchedAssist: open sharedFd failed with error=Permission denied
06-11 10:33:36.936 29276 29276 E SchedAssist: open sharedFd failed with error=Permission denied
06-11 10:33:36.935 12732 12832 I OplusObrain: OplusObrainClientInvoke.nativeGetTrafficTypeInfoForNetworkType networkType 0
06-11 10:33:36.937 27947 16637 I GameSpaceUI.ComandExecutorHelper: executeWhenCosaReady, isInitializedSuccess:true
06-11 10:33:36.937 27947 31973 I GameSpaceUI.ComandExecutorHelper: executeWhenCosaReady, isInitializedSuccess:true
06-11 10:33:36.937 27947 16637 I GameSpaceUI.ComandExecutorHelper: executeWhenCosaReady, await end
06-11 10:33:36.937 27947 16637 I GameSpaceUI.MixUtils: getCardInfoList  version = 4
06-11 10:33:36.938 29276 29350 D OplusGraphicsEvent: OplusGraphicsEventListener create now!
06-11 10:33:36.938 27947 31973 I GameSpaceUI.ComandExecutorHelper: executeWhenCosaReady, await end
06-11 10:33:36.938 27947 31973 I GameSpaceUI.MixUtils: getCardInfoList  version = 4
06-11 10:33:36.939 29276 29350 D OplusGraphicsEvent: addEventListener success!
06-11 10:33:36.939 29276 29350 D ExtensionsLoader: createInstance(64bit) : createExtendedFactory
06-11 10:33:36.937  4650 23603 D RootView: 0x94c52c com.oppoopen.apptipcard onRenderAction , refreshable : false ,
06-11 10:33:36.939 29276 29276 I ne.minimalglobe: AssetManager2(0xb400007ad7991a28) locale list changing from [] to [zh-CN]
06-11 10:33:36.940 29276 29350 D ExtensionsLoader: Opened libSchedAssistExtImpl.so
06-11 10:33:36.940 29276 29350 I DisplayManager: Choreographer implicitly registered for the refresh rate.
06-11 10:33:36.940  4650 23603 D RootView: 0x94c52c com.oppoopen.apptipcard onRenderAction , refreshable : false ,
06-11 10:33:36.940  4650 23603 D RootView: 0x94c52c com.oppoopen.apptipcard onRenderAction , refreshable : false ,
06-11 10:33:36.940  4650 23603 D RootView: 0x94c52c com.oppoopen.apptipcard onRenderAction , refreshable : false ,
06-11 10:33:36.940  4650 23603 D RootView: 0x94c52c com.oppoopen.apptipcard onRenderAction , refreshable : false ,
06-11 10:33:36.940  4650 23603 D RootView: 0x94c52c com.oppoopen.apptipcard onRenderAction , refreshable : false ,
06-11 10:33:36.937  4329  4329 I PluginSeedling--Origin: LiveAlertInteractorImpl-->notifyEntryDataChanged ENTRY_NOTIFICATION, result:, noe: false
06-11 10:33:36.941 29276 29276 D ResourcesManagerExtImpl: applyConfigurationToAppResourcesLocked app.getDisplayId() return callback.displayId:0
06-11 10:33:36.941  4329  4329 I PluginSeedling--Notification: NotificationRepository-->onDataChanged, []
06-11 10:33:36.941 29276 29350 I AdrenoGLES-0: QUALCOMM build                   : b82916be04, I507ba793b7
06-11 10:33:36.941 29276 29350 I AdrenoGLES-0: Build Date                       : 08/06/25
06-11 10:33:36.941 29276 29350 I AdrenoGLES-0: OpenGL ES Shader Compiler Version: EV031.36.08.34
06-11 10:33:36.941 29276 29350 I AdrenoGLES-0: Local Branch                     : 
06-11 10:33:36.941 29276 29350 I AdrenoGLES-0: Remote Branch                    : refs/tags/AU_LINUX_ANDROID_LA.VENDOR.1.0.R1.11.00.00.816.269
06-11 10:33:36.941 29276 29350 I AdrenoGLES-0: Remote Branch                    : NONE
06-11 10:33:36.941 29276 29350 I AdrenoGLES-0: Reconstruct Branch               : NOTHING
06-11 10:33:36.941 29276 29350 I AdrenoGLES-0: Build Config                     : S P 12.1.1 AArch64
06-11 10:33:36.941 29276 29350 I AdrenoGLES-0: Driver Path                      : /vendor/lib64/egl/libGLESv2_adreno.so
06-11 10:33:36.941 29276 29350 I AdrenoGLES-0: Driver Version                   : 0615.100
06-11 10:33:36.940  4650 23603 D RootView: 0x94c52c com.oppoopen.apptipcard onRenderAction , refreshable : false ,
06-11 10:33:36.942  4650 23603 D RootView: 0x94c52c com.oppoopen.apptipcard onRenderAction , refreshable : false ,
06-11 10:33:36.942  4650 23603 D RootView: 0x94c52c com.oppoopen.apptipcard onRenderAction , refreshable : false ,
06-11 10:33:36.942  4650 23603 D RootView: 0x94c52c com.oppoopen.apptipcard onRenderAction , refreshable : false ,
06-11 10:33:36.943  8454 11914 I ContextAware_AppRecommendAlgorithm: After sort is [AppOrder{pkg='com.earthengine.minimalglobe', score=4.6868243', hourWeight=0.02', dayWeight=0.1}, AppOrder{pkg='space.xinzhi.hiko', score=0.011247154', hourWeight=0.17171717', dayWeight=0.5}, AppOrder{pkg='com.tencent.mm', score=0.004171974', hourWeight=0.035714287', dayWeight=0.2}, AppOrder{pkg='space.xinzhi.map', score=0.0014237434', hourWeight=0.041666668', dayWeight=0.1}, AppOrder{pkg='com.ss.android.lark', score=5.2398513E-4', hourWeight=0.02', dayWeight=0.1}, AppOrder{pkg='com.phoenix.read', score=4.932652E-4', hourWeight=0.02247191', dayWeight=0.1}, AppOrder{pkg='com.earthmd', score=2.7959433E-4', hourWeight=0.02', dayWeight=0.1}, AppOrder{pkg='com.github.metacubex.clash.meta', score=2.6199257E-4', hourWeight=0.02', dayWeight=0.1}, AppOrder{pkg='com.lolaage.tbulu.tools', score=2.4605342E-4', hourWeight=0.02', dayWeight=0.1}, AppOrder{pkg='com.heytap.browser', score=2.0895337E-4', hourWeight=0.02', dayWeight=0.1}, AppOrder{pkg='com.future.landscape', score=2.0895337E-4', hourWeight=0.02', dayWeight=0.1}, AppOrder{pkg='cn.soulapp.android', score=9.623572E-5', hourWeight=0.02173913', dayWeight=0.1}, AppOrder{pkg='com.ss.android.ugc.aweme', score=4.4296794E-5', hourWeight=0.025', dayWeight=0.1}, AppOrder{pkg='cmb.pb', score=0.0', hourWeight=0.02', dayWeight=0.1}]
06-11 10:33:36.943  4650 23603 D RootView: 0x94c52c com.oppoopen.apptipcard onRenderAction , refreshable : false ,
06-11 10:33:36.943  8454 11914 I ContextAware_AppRecommendDispatch: dispatch app event with app_recommend_event
06-11 10:33:36.943  5081  5970 W Battery : ThermalControllerCenter: Same as last cpu policy, gpu policy and thermalSerious
06-11 10:33:36.943  8454 11914 I ContextAware_AppRecallManager: app recommend fire count:66
06-11 10:33:36.943  5081  5970 W Battery : ThermalControllHandler: MSG_THERMAL_CONTROL_TRACEINFO_UPLOAD. isTraceMonitorOn:false, hasTraceAidl:false
06-11 10:33:36.929  1460 23496 E PermissionVerifier: card rpk not exists
06-11 10:33:36.944  1460 23496 W PermissionVerifier: checkWritePermission writer: com.oplus.games not in rpk: com.coloros.gamespaceui.quickapp.library allowed list
06-11 10:33:36.944  1460 23496 W SharedDataProvider: setOrUpdateSharedData no permissions!
06-11 10:33:36.944 29276 29350 I AdrenoGLES-0: PFP: 0x01730181, ME: 0x00000000
06-11 10:33:36.945 27947  1358 W GameSpaceUI.gs_DesktopCardServiceImpl: set assistant_game_icon_hide_switch_state = 0 success expire 86400000
06-11 10:33:36.945 27947  1358 I GameSpaceUI.TrackService: getPluginConfigAppId -1, currentPkgName: 
06-11 10:33:36.948 29276 29276 E ashmem  : Pinning is deprecated since Android Q. Please use trim or other methods.
06-11 10:33:36.950 19629 19687 I DMP-Create: localApp isPersonaResourceOpen : false
06-11 10:33:36.950 19629 19687 I DMP-Create: IndexStatus CHECK: null
06-11 10:33:36.951 29276 29276 E OplusPredictiveBackController:  NoSuchMethodException 
06-11 10:33:36.951 29276 29276 D OplusPredictiveBackController: should not HookOnBackInvokedCallbackEnabled for application com.earthengine.minimalglobe.MainActivity@bfd2d56 sdk: 36
06-11 10:33:36.951 29276 29276 D OplusPredictiveBackController: initPredictiveBackConfig for com.earthengine.minimalglobe.MainActivity@bfd2d56 initPredictiveBackConfig mShouldInterceptKeyEvent false
06-11 10:33:36.952 29276 29276 D WindowOnBackDispatcher:  predictive settings is disabled for com.earthengine.minimalglobe
06-11 10:33:36.952 29276 29276 I oplus.android.OplusFrameworkFactoryImpl: Unknow feature:IOplusTextViewRTLUtilForUG
06-11 10:33:36.953 19629 19687 I DMP-SAUWorkConfigManager: sau work config not found
06-11 10:33:36.954 29276 29350 D ExtensionsLoader: createInstance(64bit) : createExtendedFactory
06-11 10:33:36.954 29276 29350 D ExtensionsLoader: Opened libeglextimpl.so
06-11 10:33:36.955 29276 29350 D PreCache: [IPreCacheRus]loadRUSConfigs#102 failed to transact: -22 prc:com.earthengine.minimalglobe
06-11 10:33:36.957 27947  1524 I GameSpaceUI.COSASDKManager: getSupportFeatureList cache = [command_disable_additional_functions, command_write_brightness, command_mute_game, command_package_mark_as_game, command_package_mark_as_non_game, command_request_brightness_max, command_game_focus_mode, command_lightning_start, command_lightning_start_preload, command_hand_handle_adjustment, command_support_king_of_glory_bp, command_support_gpa_2_1, command_adfr_state, command_support_mark_game, oplus.intelligent.anti.touch.feature, command_set_performance_new, command_multi_touch_rate, command_auto_performance]
06-11 10:33:36.957 27947  1541 I GameSpaceUI.COSASDKManager: getSupportFeatureList cache = [command_disable_additional_functions, command_write_brightness, command_mute_game, command_package_mark_as_game, command_package_mark_as_non_game, command_request_brightness_max, command_game_focus_mode, command_lightning_start, command_lightning_start_preload, command_hand_handle_adjustment, command_support_king_of_glory_bp, command_support_gpa_2_1, command_adfr_state, command_support_mark_game, oplus.intelligent.anti.touch.feature, command_set_performance_new, command_multi_touch_rate, command_auto_performance]
06-11 10:33:36.957 27947  1524 I GameSpaceUI.COSASDKManager: acquireCOSAAppInfoListFromCOSA isInGame=false
06-11 10:33:36.957 27947  1541 I GameSpaceUI.COSASDKManager: acquireCOSAAppInfoListFromCOSA isInGame=false
06-11 10:33:36.958 29276 29276 D nativeloader: Load /data/app/~~1KcHep12qxwdPeZPxaj2pw==/com.earthengine.minimalglobe-1WBtER9QliOGVcri3MnPGg==/base.apk!/lib/arm64-v8a/libminimal_globe_jni.so using class loader ns clns-9 (caller=/data/app/~~1KcHep12qxwdPeZPxaj2pw==/com.earthengine.minimalglobe-1WBtER9QliOGVcri3MnPGg==/base.apk!classes2.dex): ok
06-11 10:33:36.961 29276 29276 D CompatChangeReporter: Compat change id reported: 376561342; UID 10602; state: ENABLED
06-11 10:33:36.964 19629 19687 I DMP-PowerUtils: getHoraeTemperature:36
06-11 10:33:36.964 19629 19687 I DMP-Dispatcher: create work Work{mWorkName=onReceiveWork, mWorkTerm=long, mReportId=false, mCreate=Create{mIndexStatus=null, mQueryTime=0, mInterval=0, mDeletedDocs=null, mNeedRebuildFlag=0, mIndexCheckFlag=false, mDrop=null, mHighTemperature=50, mMinPower=null, mScreen=null, mDeletedConditions=null}, mEntry=null, mMoreBatch=null, mChained=true, mInitialDelay=10, mWorkOneTimeLimit=0}, method = onReceive, create = 0
06-11 10:33:36.964 19629 19687 I DMP-Create: canCreate canCreate resource : localApp method : onReceive workName: completeKeywordIndexWork
06-11 10:33:36.965 19629 19687 I DMP-Create: localApp isPersonaResourceOpen : false
06-11 10:33:36.965 19629 19687 I DMP-Create: IndexStatus CHECK: null
06-11 10:33:36.967  1460 23496 W SeedlingShare: (com.oplus.games, assistant_game_icon_hide_switch_state) not in seeding shared white list.
06-11 10:33:36.968 29276 29276 E OplusCustomizeRestrictionManager: sInstance is null, start a new sInstance
06-11 10:33:36.973  6716  7830 I SG::ExternalProvider: call method scanSingle, arg package:com.earthengine.minimalglobe
06-11 10:33:36.973  6716  7830 I SG::UmsScanner: scan pkg: com.earthengine.minimalglobe start...
06-11 10:33:36.975  8454 29141 I ContextAware_AppSortAlgorithmManager: sortForAppRecommendChange sendMessage, source=app_recommend_event
06-11 10:33:36.982 27947 15505 I GameSpaceUI.FunctionHelper: isCosaEnable value : 1
06-11 10:33:36.982 27947 15505 I GameSpaceUI.ComandExecutorHelper: executeWhenCosaReady, isInitializedSuccess:true
06-11 10:33:36.982 27947 15505 I GameSpaceUI.ComandExecutorHelper: executeWhenCosaReady, await end
06-11 10:33:36.982 27947 15505 I GameSpaceUI.MixUtils: getCardInfoList  version = 4
06-11 10:33:36.982 13041 13246 E FileStrategy: java.io.IOException: Read-only file system
06-11 10:33:36.983 27947 28278 I GameSpaceUI.COSASDKManager: getSupportFeatureList cache = [command_disable_additional_functions, command_write_brightness, command_mute_game, command_package_mark_as_game, command_package_mark_as_non_game, command_request_brightness_max, command_game_focus_mode, command_lightning_start, command_lightning_start_preload, command_hand_handle_adjustment, command_support_king_of_glory_bp, command_support_gpa_2_1, command_adfr_state, command_support_mark_game, oplus.intelligent.anti.touch.feature, command_set_performance_new, command_multi_touch_rate, command_auto_performance]
06-11 10:33:36.983 27947 28278 I GameSpaceUI.COSASDKManager: acquireCOSAAppInfoListFromCOSA isInGame=false
06-11 10:33:36.985 10084 29253 I SP.UsageAccessUtils: AppOp permission exists for package root but package doesn't exist or did not request UsageStats access
06-11 10:33:36.985 10084 29253 I SP.UsageAccessUtils: AppOp permission exists for package com.android.dynsystem but package doesn't exist or did not request UsageStats access
06-11 10:33:36.985 10084 29253 I SP.UsageAccessUtils: AppOp permission exists for package com.oplus.crashbox but package doesn't exist or did not request UsageStats access
06-11 10:33:36.985 10084 29253 I SP.UsageAccessUtils: AppOp permission exists for package com.oplus.olc but package doesn't exist or did not request UsageStats access
06-11 10:33:36.985 10084 29253 I SP.UsageAccessUtils: AppOp permission exists for package com.oplus.sau but package doesn't exist or did not request UsageStats access
06-11 10:33:36.985 10084 29253 I SP.UsageAccessUtils: AppOp permission exists for package com.wapi.wapicertmanage but package doesn't exist or did not request UsageStats access
06-11 10:33:36.985 10084 29253 I SP.UsageAccessUtils: AppOp permission exists for package com.oplus.notificationmanager but package doesn't exist or did not request UsageStats access
06-11 10:33:36.985 10084 29253 I SP.UsageAccessUtils: AppOp permission exists for package vendor.qti.qesdk.sysservice but package doesn't exist or did not request UsageStats access
06-11 10:33:36.985 10084 29253 I SP.UsageAccessUtils: AppOp permission exists for package com.qualcomm.qti.xrvd.service but package doesn't exist or did not request UsageStats access
06-11 10:33:36.985 10084 29253 I SP.UsageAccessUtils: AppOp permission exists for package com.android.inputdevices but package doesn't exist or did not request UsageStats access
06-11 10:33:36.985 10084 29253 I SP.UsageAccessUtils: AppOp permission exists for package vendor.qti.frameworks.utils but package doesn't exist or did not request UsageStats access
06-11 10:33:36.985 10084 29253 I SP.UsageAccessUtils: AppOp permission exists for package com.oplus.mediaturbo but package doesn't exist or did not request UsageStats access
06-11 10:33:36.985 10084 29253 I SP.UsageAccessUtils: AppOp permission exists for package oplus but package doesn't exist or did not request UsageStats access
06-11 10:33:36.985 10084 29253 I SP.UsageAccessUtils: AppOp permission exists for package com.android.server.telecom but package doesn't exist or did not request UsageStats access
06-11 10:33:36.985 10084 29253 I SP.UsageAccessUtils: AppOp permission exists for package com.android.keychain but package doesn't exist or did not request UsageStats access
06-11 10:33:36.985 10084 29253 I SP.UsageAccessUtils: AppOp permission exists for package com.oplus.wirelesssettings but package doesn't exist or did not request UsageStats access
06-11 10:33:36.985 10084 29253 I SP.UsageAccessUtils: AppOp permission exists for package com.android.DeviceAsWebcam but package doesn't exist or did not request UsageStats access
06-11 10:33:36.985 10084 29253 I SP.UsageAccessUtils: AppOp permission exists for package com.oplus.exsystemservice but package doesn't exist or did not request UsageStats access
06-11 10:33:36.985 10084 29253 I SP.UsageAccessUtils: AppOp permission exists for package com.oplus.sauhelper but package doesn't exist or did not request UsageStats access
06-11 10:33:36.985 10084 29253 I SP.UsageAccessUtils: AppOp permission exists for package com.oplus.trafficmonitor but package doesn't exist or did not request UsageStats access
06-11 10:33:36.985 10084 29253 I SP.UsageAccessUtils: AppOp permission exists for package com.oplus.wifibackuprestore but package doesn't exist or did not request UsageStats access
06-11 10:33:36.985 10084 29253 I SP.UsageAccessUtils: AppOp permission exists for package com.oplus.battery but package doesn't exist or did not request UsageStats access
06-11 10:33:36.985 10084 29253 I SP.UsageAccessUtils: AppOp permission exists for package com.oplus.postmanservice but package doesn't exist or did not request UsageStats access
06-11 10:33:36.985 10084 29253 I SP.UsageAccessUtils: AppOp permission exists for package com.oplus.securitypermission but package doesn't exist or did not request UsageStats access
06-11 10:33:36.985 10084 29253 I SP.UsageAccessUtils: AppOp permission exists for package com.oplus.athena but package doesn't exist or did not request UsageStats access
06-11 10:33:36.985 10084 29253 I SP.UsageAccessUtils: AppOp permission exists for package com.android.location.fused but package doesn't exist or did not request UsageStats access
06-11 10:33:36.985 10084 29253 I SP.UsageAccessUtils: AppOp permission exists for package com.oplus.logkit but package doesn't exist or did not request UsageStats access
06-11 10:33:36.985 10084 29253 I SP.UsageAccessUtils: AppOp permission exists for package com.oplus.engineermode but package doesn't exist or did not request UsageStats access
06-11 10:33:36.985 10084 29253 I SP.UsageAccessUtils: AppOp permission exists for package com.oplus.subsys but package doesn't exist or did not request UsageStats access
06-11 10:33:36.985 10084 29253 I SP.UsageAccessUtils: AppOp permission exists for package audioserver but package doesn't exist or did not request UsageStats access
06-11 10:33:36.985 10084 29253 I SP.UsageAccessUtils: AppOp permission exists for package com.ss.android.ugc.aweme.lite but package doesn't exist or did not request UsageStats access
06-11 10:33:36.985 10084 29253 I SP.UsageAccessUtils: AppOp permission exists for package com.lianjia.beike but package doesn't exist or did not request UsageStats access
06-11 10:33:36.986 10084 29253 I SP.UsageAccessUtils: AppOp permission exists for package com.oplus.ovoicemanager.wakeup but package doesn't exist or did not request UsageStats access
06-11 10:33:36.986 10084 29253 I SP.UsageAccessUtils: AppOp permission exists for package com.microsoft.appmanager but package doesn't exist or did not request UsageStats access
06-11 10:33:36.986 10084 29253 I SP.UsageAccessUtils: AppOp permission exists for package com.ss.android.yumme.video but package doesn't exist or did not request UsageStats access
06-11 10:33:36.986 10084 29253 I SP.UsageAccessUtils: AppOp permission exists for package com.heytap.pictorial but package doesn't exist or did not request UsageStats access
06-11 10:33:36.986 10084 29253 I SP.UsageAccessUtils: AppOp permission exists for package com.oplus.ota but package doesn't exist or did not request UsageStats access
06-11 10:33:36.986 10084 29253 I SP.UsageAccessUtils: AppOp permission exists for package com.dragon.read but package doesn't exist or did not request UsageStats access
06-11 10:33:36.986 10084 29253 I SP.UsageAccessUtils: AppOp permission exists for package com.ss.android.ugc.aweme but package doesn't exist or did not request UsageStats access
06-11 10:33:36.986 10084 29253 I SP.UsageAccessUtils: AppOp permission exists for package com.ss.android.article.news but package doesn't exist or did not request UsageStats access
06-11 10:33:36.986 10084 29253 I SP.UsageAccessUtils: AppOp permission exists for package com.eg.android.AlipayGphone but package doesn't exist or did not request UsageStats access
06-11 10:33:36.986 10084 29253 I SP.UsageAccessUtils: AppOp permission exists for package com.tencent.mm but package doesn't exist or did not request UsageStats access
06-11 10:33:36.986 10084 29253 I SP.UsageAccessUtils: AppOp permission exists for package com.tencent.mobileqq but package doesn't exist or did not request UsageStats access
06-11 10:33:36.986 10084 29253 I SP.UsageAccessUtils: AppOp permission exists for package com.larus.nova but package doesn't exist or did not request UsageStats access
06-11 10:33:36.986 10084 29253 I SP.UsageAccessUtils: AppOp permission exists for package com.ss.android.auto but package doesn't exist or did not request UsageStats access
06-11 10:33:36.986 10084 29253 I SP.UsageAccessUtils: AppOp permission exists for package com.sankuai.meituan but package doesn't exist or did not request UsageStats access
06-11 10:33:36.986 10084 29253 I SP.UsageAccessUtils: AppOp permission exists for package cn.soulapp.android but package doesn't exist or did not request UsageStats access
06-11 10:33:36.986 10084 29253 I SP.UsageAccessUtils: AppOp permission exists for package com.cat.readall but package doesn't exist or did not request UsageStats access
06-11 10:33:36.986 10084 29253 I SP.UsageAccessUtils: AppOp permission exists for package com.luna.music but package doesn't exist or did not request UsageStats access
06-11 10:33:36.986 10084 29253 I SP.UsageAccessUtils: AppOp permission exists for package com.ss.android.lark but package doesn't exist or did not request UsageStats access
06-11 10:33:36.986 10084 29253 I SP.UsageAccessUtils: AppOp permission exists for package com.ss.android.ugc.sicily_cm but package doesn't exist or did not request UsageStats access
06-11 10:33:36.986 10084 29253 I SP.UsageAccessUtils: AppOp permission exists for package com.phoenix.read but package doesn't exist or did not request UsageStats access
06-11 10:33:36.986 10084 29253 I SP.UsageAccessUtils: AppOp permission exists for package com.ss.android.ugc.aweme.hubble but package doesn't exist or did not request UsageStats access
06-11 10:33:36.986 10084 29253 I SP.UsageAccessUtils: AppOp permission exists for package com.ss.android.ugc.livelite but package doesn't exist or did not request UsageStats access
06-11 10:33:36.986 10084 29253 I SP.UsageAccessUtils: AppOp permission exists for package com.ss.android.article.video but package doesn't exist or did not request UsageStats access
06-11 10:33:36.986  6128  6185 I ostats_tpd: stats_write, records atomId:100100, event_id:860, cpu:3, values: 860-0-1-175-(cpu-1-1)-30-0-1
06-11 10:33:36.986  6140  6279 I ThermalEngine: VIRTUAL-CPU-NSP, Update received trip sensor cpu-1-1 70000
06-11 10:33:36.992 11631 29296 I UMS.SettingDataManager: refreshSettingsList [base|2.0.44-25e9612]
06-11 10:33:36.993  1460 23496 W AppInfo : AppInfo create Uri content://com.nearme.instant.platform.res/com.coloros.gamespaceui.quickapp.guide/manifest.json
06-11 10:33:36.995  6716 29347 I SG::UmsScanner: scan pkg: com.earthengine.minimalglobe start...
06-11 10:33:36.995  1460 23496 W PackageFilesValidator: isInvalidResource: AppDistributionMeta is null
06-11 10:33:37.001  1699  1958 D IRIS_LOG_SERV: panelReadWrite: type 255 set color matrix
06-11 10:33:37.002  1699  2116 D IRIS_LOG_SERV: InternalConfig: 191 0
06-11 10:33:37.002  1699  2116 D IRIS_LOG_SERV: InternalConfig: 191 0 ret: 0
06-11 10:33:37.002 29276 29276 D ScrollOptimizationHelper: can't find the config file for optimizaiton
06-11 10:33:37.002 29276 29276 D ScrollOptimizationHelper: will not debug for debug is false
06-11 10:33:37.004 19629 19687 I DMP-SAUWorkConfigManager: sau work config not found
06-11 10:33:37.006 28382 32312 D CosaServiceImpl: getABProjectName enter
06-11 10:33:37.006 28382 32312 D CosaServiceImpl: getABProjectName 
06-11 10:33:37.007  8454  8173 I ContextAware_AppCardProcessor: [breeno-launcher]SEND_APP_MESSAGE: commerceAlg=2, resultApps=[AppInfo[pkg=com.earthengine.minimalglobe, appType=0,iconSource=system, recallType=algorithm, deepLink=0,utrackClickUrl=0, utrackExposeUrl=0,icon=0, apiSource=null, typeCode=null, mode=0, advFinalScore=null,  routePage=0,title=null, subTitle=null, adSize=null,probability=0], AppInfo[pkg=space.xinzhi.hiko, appType=0,iconSource=system, recallType=algorithm, deepLink=0,utrackClickUrl=0, utrackExposeUrl=0,icon=0, apiSource=null, typeCode=null, mode=0, advFinalScore=null,  routePage=0,title=null, subTitle=null, adSize=null,probability=0], AppInfo[pkg=com.tencent.mm, appType=0,iconSource=system, recallType=algorithm, deepLink=0,utrackClickUrl=0, utrackExposeUrl=0,icon=0, apiSource=null, typeCode=null, mode=0, advFinalScore=null,  routePage=0,title=null, subTitle=null, adSize=null,probability=0], AppInfo[pkg=com.ss.android.ugc.aweme, appType=5,iconSource=system, recallType=ad, deepLink=1506,utrackClickUrl=3, utrackExposeUrl=3,icon=0, apiSource=5, typeCode=6, mode=2, advFinalScore=413.00003,  routePage=0,title=null, subTitle=null, adSize=null,probability=0], AppInfo[pkg=space.xinzhi.map, appType=0,iconSource=system, recallType=algorithm, deepLink=0,utrackClickUrl=0, utrackExposeUrl=0,icon=0, apiSource=null, typeCode=null, mode=0, advFinalScore=null,  routePage=0,title=null, subTitle=null, adSize=null,probability=0], AppInfo[pkg=com.ss.android.lark, appType=0,iconSource=system, recallType=algorithm, deepLink=0,utrackClickUrl=0, utrackExposeUrl=0,icon=0, apiSource=null, typeCode=null, mode=0, advFinalScore=null,  routePage=0,title=null, subTitle=null, adSize=null,probability=0], AppInfo[pkg=com.phoenix.read, appType=0,iconSource=system, recallType=algorithm, deepLink=0,utrackClickUrl=0, utrackExposeUrl=0,icon=0, apiSource=null, typeCode=null, mode=0, advFinalScore=null,  routePage=0,title=null, subTitle=null, adSize=null,probability=0], AppInfo[pkg=com.github.metacubex.clash.meta, appType=0,iconSource=system, recallType=algorithm, deepLink=0,utrackClickUrl=0, utrackExposeUrl=0,icon=0, apiSource=null, typeCode=null, mode=0, advFinalScore=null,  routePage=0,title=null, subTitle=null, adSize=null,probability=0], AppInfo[pkg=com.lolaage.tbulu.tools, appType=0,iconSource=system, recallType=algorithm, deepLink=0,utrackClickUrl=0, utrackExposeUrl=0,icon=0, apiSource=null, typeCode=null, mode=0, advFinalScore=null,  routePage=0,title=null, subTitle=null, adSize=null,probability=0], AppInfo[pkg=com.heytap.browser, appType=0,iconSource=system, recallType=algorithm, deepLink=0,utrackClickUrl=0, utrackExposeUrl=0,icon=0, apiSource=null, typeCode=null, mode=0, advFinalScore=null,  routePage=0,title=null, subTitle=null, adSize=null,probability=0]], traceId: 4b5b5ab9fa1eb57bee43b590ed4fc7e1-0c5e2a890d01435ba61bf01b472b26c1
06-11 10:33:37.009 29276 29276 D CompatChangeReporter: Compat change id reported: 377864165; UID 10602; state: ENABLED
06-11 10:33:37.009  1460 23496 W AppInfo : app info parse uri fail. uri: content://com.nearme.instant.platform.res/com.coloros.gamespaceui.quickapp.guide/manifest.json##Throwable##java.io.FileNotFoundException: open failed: ENOENT (No such file or directory)
06-11 10:33:37.009  1460 23496 W AppInfo : 	at android.os.ParcelFileDescriptor.openInternal(ParcelFileDescriptor.java:356)
06-11 10:33:37.009  1460 23496 W AppInfo : 	at android.os.ParcelFileDescriptor.open(ParcelFileDescriptor.java:233)
06-11 10:33:37.009  1460 23496 W AppInfo : 	at org.hapjs.cache.CacheProvider.doOpenFile(SourceFile:56)
06-11 10:33:37.009  1460 23496 W AppInfo : 	at org.hapjs.AbstractContentProvider.openFile(SourceFile:4)
06-11 10:33:37.009  1460 23496 W AppInfo : 	at android.content.ContentProvider.openAssetFile(ContentProvider.java:2326)
06-11 10:33:37.009  1460 23496 W AppInfo : 	at org.hapjs.AbstractContentProvider.doOpenAssetFile(SourceFile:1)
06-11 10:33:37.009  1460 23496 W AppInfo : 	at org.hapjs.cache.CacheProvider.doOpenAssetFile(SourceFile:74)
06-11 10:33:37.009  1460 23496 W AppInfo : 	at org.hapjs.AbstractContentProvider.openAssetFile(SourceFile:4)
06-11 10:33:37.009  1460 23496 W AppInfo : 	at android.content.ContentProvider.openTypedAssetFile(ContentProvider.java:2504)
06-11 10:33:37.009  1460 23496 W AppInfo : 	at android.content.ContentProvider.openTypedAssetFile(ContentProvider.java:2571)
06-11 10:33:37.009  1460 23496 W AppInfo : 	at android.content.ContentProvider$Transport.openTypedAssetFile(ContentProvider.java:692)
06-11 10:33:37.009  1460 23496 W AppInfo : 	at android.content.ContentResolver.openTypedAssetFileDescriptor(ContentResolver.java:2097)
06-11 10:33:37.009  1460 23496 W AppInfo : 	at android.content.ContentResolver.openAssetFileDescriptor(ContentResolver.java:1912)
06-11 10:33:37.009  1460 23496 W AppInfo : 	at android.content.ContentResolver.openInputStream(ContentResolver.java:1582)
06-11 10:33:37.009  1460 23496 W AppInfo : 	at org.hapjs.model.AppInfo.fromUri(SourceFile:7)
06-11 10:33:37.009  1460 23496 W AppInfo : 	at org.hapjs.model.AppInfo.create(SourceFile:105)
06-11 10:33:37.009  1460 23496 W AppInfo : 	at org.hapjs.bridge.DefaultAppInfoProvider.create(SourceFile:1)
06-11 10:33:37.009  1460 23496 W AppInfo : 	at a.a.a.nl0.g(SourceFile:58)
06-11 10:33:37.009  1460 23496 W AppInfo : 	at a.a.a.nl0.e(SourceFile:2)
06-11 10:33:37.009  1460 23496 W AppInfo : 	at a.a.a.rp6.d(SourceFile:22)
06-11 10:33:37.009  1460 23496 W AppInfo : 	at a.a.a.rp6.c(SourceFile:52)
06-11 10:33:37.009  1460 23496 W AppInfo : 	at com.nearme.instant.card.SharedDataProvider.setOrUpdateSharedDataInner(SourceFile:48)
06-11 10:33:37.009  1460 23496 W AppInfo : 	at com.nearme.instant.card.SharedDataProvider.setOrUpdateSharedData(SourceFile:61)
06-11 10:33:37.009  1460 23496 W AppInfo : 	at com.nearme.instant.card.SharedDataProvider.doCall(SourceFile:46)
06-11 10:33:37.009  1460 23496 W AppInfo : 	at org.hapjs.AbstractContentProvider.call(SourceFile:4)
06-11 10:33:37.009  1460 23496 W AppInfo : 	at android.content.ContentProvider.call(ContentProvider.java:2773)
06-11 10:33:37.009  1460 23496 W AppInfo : 	at android.content.ContentProvider$Transport.call(ContentProvider.java:653)
06-11 10:33:37.009  1460 23496 W AppInfo : 	at android.content.ContentProviderNative.onTransact(ContentProviderNative.java:307)
06-11 10:33:37.009  1460 23496 W AppInfo : 	at android.os.Binder.execTransactInternal(Binder.java:1444)
06-11 10:33:37.009  1460 23496 W AppInfo : 	at android.os.Binder.execTransact(Binder.java:1378)
06-11 10:33:37.011 29276 29276 D DesktopModeFlags: Toggle override initialized to: OVERRIDE_UNSET
06-11 10:33:37.012 29276 29276 D OplusWindowManager: get WMS extension: android.os.BinderProxy@16a294e
06-11 10:33:37.012  4650 22425 W HapContentObserver: uri: content://appRecommend_data_storage/breeno-launcher/query
06-11 10:33:37.012  4650 22425 D HapContentObserver: key: 251540744 , task: 70838955
06-11 10:33:37.012  4650 22425 D ContentResolverTask: uri: content://appRecommend_data_storage/breeno-launcher/query contains: false task: 70838955
06-11 10:33:37.012  4650 22425 D HapContentObserver: key: 82000058 , task: 112544663
06-11 10:33:37.012  4650 22425 D ContentResolverTask: uri: content://appRecommend_data_storage/breeno-launcher/query contains: false task: 112544663
06-11 10:33:37.012  4650 22425 D HapContentObserver: find dispatch uri: content://appRecommend_data_storage/breeno-launcher/query
06-11 10:33:37.012  4650 22425 D ContentResolverTask: notifyChange: content://appRecommend_data_storage/breeno-launcher/query, mRequestMap contains: true mRequestMap.size: 1 task:112544663 instant:15
06-11 10:33:37.012  4650 22425 W ContentResolverTask: request callback: 247
06-11 10:33:37.014  5227 29245 W UpgradeCommonABHelp: queryUsageCostTime:22
06-11 10:33:37.015  5227 29245 W market_check_upgrade: type: 3 , createRequest: installed count: 1 ,white count: 1 ,request md5 count: 1 ,no md5 count: 0 ,cost: 87
06-11 10:33:37.015  5227 29245 W market_check_upgrade: obits: [1, 5] , from: config
06-11 10:33:37.015  4650 23595 D JsConsole: breeno2X2-launcher(rsUDrjLDfb7Y)::content_provider_channel: register success _channelStatus(subscribed
06-11 10:33:37.015  5227 29245 W market_check_upgrade: req pkgs: {com.earthengine.minimalglobe: 1_42cc930eb3559b89081a3b7a519edc70}, 
06-11 10:33:37.019 29276 29276 D ActivityThread: ComponentInfo{com.earthengine.minimalglobe/com.earthengine.minimalglobe.MainActivity} checkFinished=false 2
06-11 10:33:37.019 29276 29276 D ResourcesManagerExtImpl: applyConfigurationToAppResourcesLocked app.getDisplayId() return callback.displayId:0
06-11 10:33:37.022 29276 29276 E [UAH_CLIENT]: uahInit enter
06-11 10:33:37.023 29276 29276 W ne.minimalglobe: AIBinder_linkToDeath is being called with a non-null cookie and no onUnlink callback set. This might not be intended. AIBinder_DeathRecipient_setOnUnlinked should be called first.
06-11 10:33:37.023  1820  1820 I UrccFramework-halservice: Urcc::init is called 
06-11 10:33:37.023 29276 29276 I [UAH_CLIENT]: UahGetFeatureStatus enter
06-11 10:33:37.023  1820  1820 I UrccFramework-halservice: Urcc::urccResStateRequest ret_data_vec id 0xd value -1002
06-11 10:33:37.024  9703 11042 D RealConnection:: Platform.get().getSelectedProtocol(sslSocket):http/1.1
06-11 10:33:37.024  9703 11042 D RealConnection:: supportsTlsExtensions:true
06-11 10:33:37.024  9703 11042 D RealConnection:: maybeProtocol:http/1.1
06-11 10:33:37.024  9703 11042 D RealConnection:: protocol:http/1.1
06-11 10:33:37.024 29276 29276 D OplusInputMethodUtil: init sDebug to false, init sDebugIme to false, init sAlwaysOn to false
06-11 10:33:37.024 29276 29276 D OplusInputMethodUtil: updateDebugToClass InputMethodManager.DEBUG = false
06-11 10:33:37.024 29276 29276 D OplusInputMethodUtil: updateDebugToClass ImeFocusController.DEBUG = false
06-11 10:33:37.024 29276 29276 D OplusInputMethodUtil: updateDebugToClass OnBackInvokedDispatcher.DEBUG = false
06-11 10:33:37.024 29276 29276 D OplusInputMethodUtil: updateDebugToClass InsetsController.DEBUG = false
06-11 10:33:37.024 29276 29276 D OplusInputMethodUtil: updateDebugToClass BaseInputConnection.DEBUG = false
06-11 10:33:37.031  1460 23496 E PermissionVerifier: card rpk not exists
06-11 10:33:37.028 11631 29348 I UMS.SettingDataManager: refreshSettingsList [base|2.0.44-25e9612]
06-11 10:33:37.033 29276 29276 D WindowManager: Add to mViews: com.android.internal.policy.DecorView{2565867 I.E...... R.....ID 0,0-0,0 alpha=1.0 viewInfo = }[MainActivity],pkg= com.earthengine.minimalglobe
06-11 10:33:37.033  1460 23496 W PermissionVerifier: checkWritePermission writer: com.oplus.games not in rpk: com.coloros.gamespaceui.quickapp.guide allowed list
06-11 10:33:37.035 29276 29350 D ExtensionsLoader: createInstance(64bit) : createExtendedFactory
06-11 10:33:37.035 29276 29350 D ExtensionsLoader: Opened libhwuiextimpl.so
06-11 10:33:37.036 29276 29350 D skia    : setRusSupported enable 1
06-11 10:33:37.036  1460 23496 W SharedDataProvider: setOrUpdateSharedData no permissions!
06-11 10:33:37.037 27947  1358 W GameSpaceUI.gs_DesktopCardServiceImpl: set assistant_game_icon_hide_switch_state = 0 success expire 86400000
06-11 10:33:37.038 27947  1358 I GameSpaceUI.TrackService: getPluginConfigAppId -1, currentPkgName: 
06-11 10:33:37.040 19629 19687 I DMP-PowerUtils: getHoraeTemperature:36
06-11 10:33:37.040 19629 19687 I DMP-Dispatcher: create work Work{mWorkName=completeKeywordIndexWork, mWorkTerm=long, mReportId=false, mCreate=Create{mIndexStatus=null, mQueryTime=0, mInterval=0, mDeletedDocs=null, mNeedRebuildFlag=0, mIndexCheckFlag=false, mDrop=Drop{mCount=4, mInterval=10000, mDelay=60000}, mHighTemperature=38, mMinPower=null, mScreen=null, mDeletedConditions=null}, mEntry=null, mMoreBatch=MoreBatch{mPowerConsumed=2, mHighTemperatureValue=0, mLowTemperatureValue=0, mPower=[full|charging], mScreen=null, mTemperatureConsumed=0}, mChained=true, mInitialDelay=10, mWorkOneTimeLimit=0}, method = onReceive, create = 0
06-11 10:33:37.041  1667 15952 I sensors-hal: handle_oplus_wise_rgb_event:230, wise_rgb:algo_type = 3
06-11 10:33:37.041  1667 15952 I sensors-hal: handle_oplus_wise_rgb_event:285, wise_rgb: raw_lux 502.195068, raw_cct 6415.770996, r/g/b/c: 40483.929688/35667.503906/20253.533203/89928.937500, R/G/B: 0.000000/0.000000/0.000000, brl 1529.000000, lux: 502.195068, cct: 6415.770996, ts 242614359454449, cnt 3728
06-11 10:33:37.041  1667 15988 I sensors-hal: get_brightness:1652, light_iface: get_brightness, brl 1529, pwm_turbo_on 0/0, hbm_dc 0
06-11 10:33:37.041  1460  1493 W SeedlingShare: (com.oplus.games, assistant_game_icon_hide_switch_state) not in seeding shared white list.
06-11 10:33:37.042  1460  1493 W AppInfo : AppInfo create Uri content://com.nearme.instant.platform.res/com.coloros.gamespaceui.quickapp.library/manifest.json
06-11 10:33:37.043  1460  1493 W PackageFilesValidator: isInvalidResource: AppDistributionMeta is null
06-11 10:33:37.043 29276 29276 D ViewRootImplExtImpl: onDisplayChanged -1 for VRI android.view.ViewRootImpl@8661403
06-11 10:33:37.044  5227 29245 W ONET_NetMonitor: CallStart seq: 11748 retry: 0 method: POST url: https://api-cn.store.heytapmobi.com/update/global/v1/check port: 443 originDn: api-cn.store.heytapmobi.com clientIp: 113.249.239.165 httpDnsIp: 49.7.118.13
06-11 10:33:37.044  5227 29245 W ONET_NetMonitor: ConnAcquired seq: 11748 retry: 0 address: 49.7.118.13:443proxy[DIRECT] hashcode: 236373411 proto: h2 costtime: 1
06-11 10:33:37.047 29276 29276 D ResourcesManagerExtImpl: applyConfigurationToAppResourcesLocked app.getDisplayId() return callback.displayId:0
06-11 10:33:37.049 29276 29276 E OplusBracketLog: [OplusViewMirrorManager] updateHostViewRootIfNeeded, not support android.view.ViewRootImpl@8661403
06-11 10:33:37.049  4639  8514 D NetworkService[1]: getIfIndexByNetid netId:194,ifName:wlan0,ifIndex:30
06-11 10:33:37.049  1460  1493 W AppInfo : app info parse uri fail. uri: content://com.nearme.instant.platform.res/com.coloros.gamespaceui.quickapp.library/manifest.json##Throwable##java.io.FileNotFoundException: open failed: ENOENT (No such file or directory)
06-11 10:33:37.049  1460  1493 W AppInfo : 	at android.os.ParcelFileDescriptor.openInternal(ParcelFileDescriptor.java:356)
06-11 10:33:37.049  1460  1493 W AppInfo : 	at android.os.ParcelFileDescriptor.open(ParcelFileDescriptor.java:233)
06-11 10:33:37.049  1460  1493 W AppInfo : 	at org.hapjs.cache.CacheProvider.doOpenFile(SourceFile:56)
06-11 10:33:37.049  1460  1493 W AppInfo : 	at org.hapjs.AbstractContentProvider.openFile(SourceFile:4)
06-11 10:33:37.049  1460  1493 W AppInfo : 	at android.content.ContentProvider.openAssetFile(ContentProvider.java:2326)
06-11 10:33:37.049  1460  1493 W AppInfo : 	at org.hapjs.AbstractContentProvider.doOpenAssetFile(SourceFile:1)
06-11 10:33:37.049  1460  1493 W AppInfo : 	at org.hapjs.cache.CacheProvider.doOpenAssetFile(SourceFile:74)
06-11 10:33:37.049  1460  1493 W AppInfo : 	at org.hapjs.AbstractContentProvider.openAssetFile(SourceFile:4)
06-11 10:33:37.049  1460  1493 W AppInfo : 	at android.content.ContentProvider.openTypedAssetFile(ContentProvider.java:2504)
06-11 10:33:37.049  1460  1493 W AppInfo : 	at android.content.ContentProvider.openTypedAssetFile(ContentProvider.java:2571)
06-11 10:33:37.049  1460  1493 W AppInfo : 	at android.content.ContentProvider$Transport.openTypedAssetFile(ContentProvider.java:692)
06-11 10:33:37.049  1460  1493 W AppInfo : 	at android.content.ContentResolver.openTypedAssetFileDescriptor(ContentResolver.java:2097)
06-11 10:33:37.049  1460  1493 W AppInfo : 	at android.content.ContentResolver.openAssetFileDescriptor(ContentResolver.java:1912)
06-11 10:33:37.049  1460  1493 W AppInfo : 	at android.content.ContentResolver.openInputStream(ContentResolver.java:1582)
06-11 10:33:37.049  1460  1493 W AppInfo : 	at org.hapjs.model.AppInfo.fromUri(SourceFile:7)
06-11 10:33:37.049  1460  1493 W AppInfo : 	at org.hapjs.model.AppInfo.create(SourceFile:105)
06-11 10:33:37.049  1460  1493 W AppInfo : 	at org.hapjs.bridge.DefaultAppInfoProvider.create(SourceFile:1)
06-11 10:33:37.049  1460  1493 W AppInfo : 	at a.a.a.nl0.g(SourceFile:58)
06-11 10:33:37.049  1460  1493 W AppInfo : 	at a.a.a.nl0.e(SourceFile:2)
06-11 10:33:37.049  1460  1493 W AppInfo : 	at a.a.a.rp6.d(SourceFile:22)
06-11 10:33:37.049  1460  1493 W AppInfo : 	at a.a.a.rp6.c(SourceFile:52)
06-11 10:33:37.049  1460  1493 W AppInfo : 	at com.nearme.instant.card.SharedDataProvider.setOrUpdateSharedDataInner(SourceFile:48)
06-11 10:33:37.049  1460  1493 W AppInfo : 	at com.nearme.instant.card.SharedDataProvider.setOrUpdateSharedData(SourceFile:61)
06-11 10:33:37.049  1460  1493 W AppInfo : 	at com.nearme.instant.card.SharedDataProvider.doCall(SourceFile:46)
06-11 10:33:37.049  1460  1493 W AppInfo : 	at org.hapjs.AbstractContentProvider.call(SourceFile:4)
06-11 10:33:37.049  1460  1493 W AppInfo : 	at android.content.ContentProvider.call(ContentProvider.java:2773)
06-11 10:33:37.049  1460  1493 W AppInfo : 	at android.content.ContentProvider$Transport.call(ContentProvider.java:653)
06-11 10:33:37.049  1460  1493 W AppInfo : 	at android.content.ContentProviderNative.onTransact(ContentProviderNative.java:307)
06-11 10:33:37.049  1460  1493 W AppInfo : 	at android.os.Binder.execTransactInternal(Binder.java:1444)
06-11 10:33:37.049  1460  1493 W AppInfo : 	at android.os.Binder.execTransact(Binder.java:1378)
06-11 10:33:37.049  1460  1493 E PermissionVerifier: card rpk not exists
06-11 10:33:37.049  1460  1493 W PermissionVerifier: checkWritePermission writer: com.oplus.games not in rpk: com.coloros.gamespaceui.quickapp.library allowed list
06-11 10:33:37.049  1460  1493 W SharedDataProvider: setOrUpdateSharedData no permissions!
06-11 10:33:37.050 27947  1358 W GameSpaceUI.gs_DesktopCardServiceImpl: set assistant_is_support_hide_game_icon_state = 1 success expire 86400000
06-11 10:33:37.050 29276 29276 I SurfaceView: 182558592 onAttachedToWindow
06-11 10:33:37.050 27947  1358 I GameSpaceUI.TrackService: getPluginConfigAppId -1, currentPkgName: 
06-11 10:33:37.051  1460  1493 W SeedlingShare: (com.oplus.games, assistant_is_support_hide_game_icon_state) not in seeding shared white list.
06-11 10:33:37.052  4650  4650 I GCP.GroupCardWrapper[1781139090859]:  setRefreshable, refreshable: true[gcSdk:v1.3.130-5a024cf,gcPlugin:v16.56.0-ff09c7f3] [OplusLauncher|com.android.launcher|2.0.44-25e9612]
06-11 10:33:37.052  4650  4650 I GCP.SceneViewManager[1781139090859]:  setInternalRefresh:true[gcSdk:v1.3.130-5a024cf,gcPlugin:v16.56.0-ff09c7f3]
06-11 10:33:37.052  4650  4650 I PantaCard.Lnch.SeedlingSdkInterface:  notifyInterruptLoadingCard，enableInterrupt = false[sdk:v1.3.130-5a024cf,seed-plugin:v16.56.0-85a272db,app:v16.4.25]
06-11 10:33:37.052  4650  4650 I GCP.GroupChildCardWrapper[240900400_240900400][10001251&1888747522&3]:  needUsePreload currentState:STATE_LOAD_SUCCESS[gcSdk:v1.3.130-5a024cf,gcPlugin:v16.56.0-ff09c7f3]
06-11 10:33:37.052  4650  4650 D GCPLog  : isDebugOrOapm umsBuildType: release
06-11 10:33:37.052  4650  4650 I GCP.GroupChildCardWrapper[240900400_240900400][10001251&1888747522&3]:  needIgnoreRefreshable, isPreload: false, firstSuccess: false[gcSdk:v1.3.130-5a024cf,gcPlugin:v16.56.0-ff09c7f3]
06-11 10:33:37.052  4650  4650 I PantaCard.Lnch.InstantCard:  10001251&1888747522&3_sid=536879128_rk=2f8063,setAllowCardRefreshable refreshable:true[sdk:v1.3.130-5a024cf,seed-plugin:v16.56.0-85a272db,app:v16.4.25]
06-11 10:33:37.052  4650  4650 D CardView: 0xddaa251 com.oplus.pantanal.ums.weather.rain.chart setRefreshable true , completeRequestLayout false , completeRefresh false 
06-11 10:33:37.052  4650 32198 D CardView: refreshable postAtFrontOfQueue
06-11 10:33:37.052  4650  4650 I GCP.GroupChildCardWrapper[210000000_210000000][666660111&1888747539&3]:  needUsePreload currentState:STATE_LOAD_SUCCESS[gcSdk:v1.3.130-5a024cf,gcPlugin:v16.56.0-ff09c7f3]
06-11 10:33:37.052  4650  4650 D GCPLog  : isDebugOrOapm umsBuildType: release
06-11 10:33:37.052  4650  4650 I GCP.GroupChildCardWrapper[210000000_210000000][666660111&1888747539&3]:  needIgnoreRefreshable, isPreload: true, firstSuccess: false[gcSdk:v1.3.130-5a024cf,gcPlugin:v16.56.0-ff09c7f3]
06-11 10:33:37.052  4650  4650 I SDP.Lnch.StandardSeedling:  666660111&1888747539&3_sid=536871060_rk=5dcbdc,setAllowCardRefreshable,refreshable = true[ssdk:v1.3.130-5a024cf,sdplugin:v16.56.0-85a272db] [SeedlingSdk|com.android.launcher|2.0.40-ebe132d]
06-11 10:33:37.052  4650  4650 I SDP.Lnch.EngineViewProxy:  666660111&1888747539&3_sid=536871060_rk=5dcbdc_1,uleView:EngineViewProxy(standard=b6.g{5ae23e2 VFED..... ........ 0,0-522,583 #c8 alpha=1.0 viewInfo = }, lite=null, remote=null),standard:b6.g{5ae23e2 VFED..... ........ 0,0-522,583 #c8 alpha=1.0 viewInfo = },refreshable:true[ssdk:v1.3.130-5a024cf,sdplugin:v16.56.0-85a272db]
06-11 10:33:37.052  4650  4650 I ULEView : panta-sugg-ULE:setAllowFlushData: true [view]: b6.g{5ae23e2 VFED..... ........ 0,0-522,583 #c8 alpha=1.0 viewInfo = }
06-11 10:33:37.052  4650  4650 I ULEView : shouldFlushPendingData: isSurfaceAvailable=true, isPaused=true, isVisible=true , isAllowFlush=true
06-11 10:33:37.052  1460  1493 W AppInfo : AppInfo create Uri content://com.nearme.instant.platform.res/com.coloros.gamespaceui.quickapp.guide/manifest.json
06-11 10:33:37.053  4650  4650 I GCP.GroupChildCardWrapper[210000000_210000000][100281&1888747526&3]:  needUsePreload currentState:STATE_LOAD_SUCCESS[gcSdk:v1.3.130-5a024cf,gcPlugin:v16.56.0-ff09c7f3]
06-11 10:33:37.053  4650  4650 D GCPLog  : isDebugOrOapm umsBuildType: release
06-11 10:33:37.053  4650  4650 I GCP.GroupChildCardWrapper[210000000_210000000][100281&1888747526&3]:  needIgnoreRefreshable, isPreload: false, firstSuccess: false[gcSdk:v1.3.130-5a024cf,gcPlugin:v16.56.0-ff09c7f3]
06-11 10:33:37.053  4650  4650 I PantaCard.Lnch.InstantCard:  100281&1888747526&3_sid=536877097_rk=03cc59,setAllowCardRefreshable refreshable:true[sdk:v1.3.130-5a024cf,seed-plugin:v16.56.0-85a272db,app:v16.4.25]
06-11 10:33:37.053  4650 23603 D CardView: refreshable postAtFrontOfQueue
06-11 10:33:37.053  4650  4650 D CardView: 0x94c52c com.oppoopen.apptipcard setRefreshable true , completeRequestLayout false , completeRefresh false 
06-11 10:33:37.053  4650  4650 I PantaCard.Lnch.InstantCard:  10000307&1000001&1_sid=536878910_rk=42f9f6,setAllowCardRefreshable refreshable:true[sdk:v1.3.130-5a024cf,seed-plugin:v16.56.0-85a272db,app:v16.4.25]
06-11 10:33:37.053  4650  4650 D CardView: 0x89c788f com.heytap.market.quickapp setRefreshable true , completeRequestLayout false , completeRefresh false 
06-11 10:33:37.053  4650 23600 D CardView: refreshable postAtFrontOfQueue
06-11 10:33:37.053  4650  4650 E [OPLUS_AFS_CONFIG]: Failed to open AFS config file: /proc/oplus_afs_config/afs_config
06-11 10:33:37.053  4650  4650 E AFS_CONFIG: Failed to get scene config
06-11 10:33:37.053  4650  4650 E OplusAfsManager: afsConfigSceneConfigGet sceneType is null
06-11 10:33:37.053  4650  4650 E IJankManager: latencySceneEnd unknown scene 2 mScene:-1
06-11 10:33:37.053  4650  4650 I [UAH_CLIENT]: UahRelease, handle:180378
06-11 10:33:37.054  1460  1493 W PackageFilesValidator: isInvalidResource: AppDistributionMeta is null
06-11 10:33:37.055  1460  1493 W AppInfo : app info parse uri fail. uri: content://com.nearme.instant.platform.res/com.coloros.gamespaceui.quickapp.guide/manifest.json##Throwable##java.io.FileNotFoundException: open failed: ENOENT (No such file or directory)
06-11 10:33:37.055  1460  1493 W AppInfo : 	at android.os.ParcelFileDescriptor.openInternal(ParcelFileDescriptor.java:356)
06-11 10:33:37.055  1460  1493 W AppInfo : 	at android.os.ParcelFileDescriptor.open(ParcelFileDescriptor.java:233)
06-11 10:33:37.055  1460  1493 W AppInfo : 	at org.hapjs.cache.CacheProvider.doOpenFile(SourceFile:56)
06-11 10:33:37.055  1460  1493 W AppInfo : 	at org.hapjs.AbstractContentProvider.openFile(SourceFile:4)
06-11 10:33:37.055  1460  1493 W AppInfo : 	at android.content.ContentProvider.openAssetFile(ContentProvider.java:2326)
06-11 10:33:37.055  1460  1493 W AppInfo : 	at org.hapjs.AbstractContentProvider.doOpenAssetFile(SourceFile:1)
06-11 10:33:37.055  1460  1493 W AppInfo : 	at org.hapjs.cache.CacheProvider.doOpenAssetFile(SourceFile:74)
06-11 10:33:37.055  1460  1493 W AppInfo : 	at org.hapjs.AbstractContentProvider.openAssetFile(SourceFile:4)
06-11 10:33:37.055  1460  1493 W AppInfo : 	at android.content.ContentProvider.openTypedAssetFile(ContentProvider.java:2504)
06-11 10:33:37.055  1460  1493 W AppInfo : 	at android.content.ContentProvider.openTypedAssetFile(ContentProvider.java:2571)
06-11 10:33:37.055  1460  1493 W AppInfo : 	at android.content.ContentProvider$Transport.openTypedAssetFile(ContentProvider.java:692)
06-11 10:33:37.055  1460  1493 W AppInfo : 	at android.content.ContentResolver.openTypedAssetFileDescriptor(ContentResolver.java:2097)
06-11 10:33:37.055  1460  1493 W AppInfo : 	at android.content.ContentResolver.openAssetFileDescriptor(ContentResolver.java:1912)
06-11 10:33:37.055  1460  1493 W AppInfo : 	at android.content.ContentResolver.openInputStream(ContentResolver.java:1582)
06-11 10:33:37.055  1460  1493 W AppInfo : 	at org.hapjs.model.AppInfo.fromUri(SourceFile:7)
06-11 10:33:37.055  1460  1493 W AppInfo : 	at org.hapjs.model.AppInfo.create(SourceFile:105)
06-11 10:33:37.055  1460  1493 W AppInfo : 	at org.hapjs.bridge.DefaultAppInfoProvider.create(SourceFile:1)
06-11 10:33:37.055  1460  1493 W AppInfo : 	at a.a.a.nl0.g(SourceFile:58)
06-11 10:33:37.055  1460  1493 W AppInfo : 	at a.a.a.nl0.e(SourceFile:2)
06-11 10:33:37.055  1460  1493 W AppInfo : 	at a.a.a.rp6.d(SourceFile:22)
06-11 10:33:37.055  1460  1493 W AppInfo : 	at a.a.a.rp6.c(SourceFile:52)
06-11 10:33:37.055  1460  1493 W AppInfo : 	at com.nearme.instant.card.SharedDataProvider.setOrUpdateSharedDataInner(SourceFile:48)
06-11 10:33:37.055  1460  1493 W AppInfo : 	at com.nearme.instant.card.SharedDataProvider.setOrUpdateSharedData(SourceFile:61)
06-11 10:33:37.055  1460  1493 W AppInfo : 	at com.nearme.instant.card.SharedDataProvider.doCall(SourceFile:46)
06-11 10:33:37.055  1460  1493 W AppInfo : 	at org.hapjs.AbstractContentProvider.call(SourceFile:4)
06-11 10:33:37.055  1460  1493 W AppInfo : 	at android.content.ContentProvider.call(ContentProvider.java:2773)
06-11 10:33:37.055  1460  1493 W AppInfo : 	at android.content.ContentProvider$Transport.call(ContentProvider.java:653)
06-11 10:33:37.055  1460  1493 W AppInfo : 	at android.content.ContentProviderNative.onTransact(ContentProviderNative.java:307)
06-11 10:33:37.055  1460  1493 W AppInfo : 	at android.os.Binder.execTransactInternal(Binder.java:1444)
06-11 10:33:37.055  1460  1493 W AppInfo : 	at android.os.Binder.execTransact(Binder.java:1378)
06-11 10:33:37.056  4650  4650 D Image   : ref:49, set image src: appicon://app/com.earthengine.minimalglobe?force_refresh=true&timestamp=1781145216847
06-11 10:33:37.056  4650  4650 D AppIconLoader: needReload, force_refresh is true
06-11 10:33:37.056  4650  4650 D AppIconLoader: getParamsSize: 0
06-11 10:33:37.057  4650 23663 W AppIconLoader: [cache remove] force refresh, skip cache: appicon://app/com.earthengine.minimalglobe?force_refresh=true&timestamp=1781145216847
06-11 10:33:37.057  4650 23663 W AppIconLoader: save new loadTask ,task: appicon://app/com.earthengine.minimalglobe
06-11 10:33:37.057  4650 23663 E AppIconLoader: getAppIconBitmap: appicon://app/com.earthengine.minimalglobe?force_refresh=true&timestamp=1781145216847 and targetW :210 targetH :210
06-11 10:33:37.057 29276 29276 D WindowOnBackDispatcher:  predictive settings is disabled for com.earthengine.minimalglobe
06-11 10:33:37.057 29276 29276 D WindowOnBackDispatcher:  predictive settings is disabled for com.earthengine.minimalglobe
06-11 10:33:37.057  1460  1493 E PermissionVerifier: card rpk not exists
06-11 10:33:37.057  1460  1493 W PermissionVerifier: checkWritePermission writer: com.oplus.games not in rpk: com.coloros.gamespaceui.quickapp.guide allowed list
06-11 10:33:37.057  1460  1493 W SharedDataProvider: setOrUpdateSharedData no permissions!
06-11 10:33:37.057 25296 25391 E AstScreen.ShortcutDAOV2: shortcutDataManager updateLegalStatusMap, legalStatusCache:{14=0, 15=0, 16=0, 18=0, 19=0, 20=0, 21=0, -1721645705=0, 1977694710=0, 24=0, 25=0, 27=0, 28=0, 55255895=0, 29=0, 30=0, 31=0, 32=0, -845193793=0, 33=0, 922111699=0, 331884525=0, 832615816=0, 42=0, 43=0, 44=0, 46=0, 47=0, 48=0, 49=0, 50=0, -1031558479=0, 51=0, 53=0, 56=0, 154133778=0, 1409950772=0, -1709882794=0, 72=0, 1536737232=0, 1692578987=0, 80=0, -1293286733=0, 101=0, 102=0, 703863186=0, -1558926477=0, 105=0, -1292231023=0, 108=0, 111=0, 112=0, -1763354987=0, 118=0, 124=0, 125=0, 1174097286=0, 126=0, 127=0, 313184810=0, -1667428321=0, 132=0, 134=0, 136=0, 140=0, 141=0, 142=0, 144=0, 145=0, 146=0, 147=0, -2096096381=0, 148=0, 1897569679=0, 156=0, -104850075=0, 173=0, 1880698029=0, 1488133239=0, 197=0, 207=0, 219=0, 220=0, 223=0, 227=0, 230=0, 231=0, 232=0, 195266379=0, 233=0, 234=0, 235=0, 236=0, 237=0, 238=0, 239=0, 240=0, 242=0, -159637874=0, 243=0, 244=0, 245=0, 246=0, 247=0, 248=4, 249=0, 251=0, 252=0, 253=0, 254=0, 255=0, 256=0, -262597285=0, -1606001344=0, 779490160=0, 1620159901=0, 277=0, 278=0, 279=4, 280=0, 282=0, 582398868=0, 1609454281=0, -1943382780=0, 1330658925=0, -1917041533=0, -491738124=0, 340=0, 1361780860=0, -1357050264=0, 1178046286=0, 1156888975=0, 1051878348=0, 277973278=0, -589493946=0, 1254578009=0, -819805508=0, 1334352421=0, 256457446=0, 301247579=0, -1664115334=0, 1967896714=0, 1659293491=0, 575541165=0, 1266951777=0, 1116722044=0, 1730484946=0, -1803751815=0, 361910168=0, -1848306725=0, -1186720938=0, -192889194=0, -1040394275=0, 682022528=0, 1319538838=0, -1605005728=0, 713993394=0, 1765779203=0, 2091464343=0, -1829134147=0, -1414602254=0, 1276497535=0, -1902438159=0, 1366626055=0, -860300598=0, 379189486=0, -644965387=0, -973170826=0, 673527470=0, -1635319800=0, 2056029204=0, -228864773=0, 2027416160=0, 378881071=0, 1654990951=0, 1442911426=0, 752555548=0, -1284596293=0, -54547863=0, -2086095549=0, 874354413=0, 1318294930=0, 2123438483=0, -69877540=0, 724574267=0, 1423017949=0, 949069732=0, 1661249612=0, 720897457=0, -1565432350=0, 320673862=0, 282428340=0, -505910608=0, -912745742=0, -695601689=0, 908623192=0, -30315083=0, -103524794=0, -1387139380=0, 633261597=0, -1046965711=0, 1591529847=0, -1565576931=0, 1994036591=0, 535446614=0, 2049668591=0, -859962506=0, -781612358=7, 1335515207=0, 1238325805=0}
06-11 10:33:37.058 25296 25391 I AstScreen.ShortcutVisualMessageManager: requestUpdateVisualDataCache,originUnExecutedVisualDataList:[],newVisualMessageCache:[]
06-11 10:33:37.058 25296 25391 I AstScreen.ShortcutRouterCacheHelper: isAnyUrlAvailableFromCache 279, title:腾讯元宝 has no legal url, dependentPackage:*o*.*e*c*n*.*u*y*a*.*p*.*h*t
06-11 10:33:37.058  4329  4424 D ShellTaskOrganizerExt: visibleFlexibleTaskInfos delete:1
06-11 10:33:37.058  4329  4424 D ShellTaskOrganizerExt: isOnCanvas size:0
06-11 10:33:37.058  4329  4424 D ShellTaskOrganizerExt: isOnThreeFlexibleCanvas size:0
06-11 10:33:37.059  4329  4424 D ShellTaskOrganizerExt: visibleFlexibleTaskInfos delete:2805
06-11 10:33:37.059  4329  4424 D ShellTaskOrganizerExt: isOnCanvas size:0
06-11 10:33:37.059  4329  4424 D ShellTaskOrganizerExt: isOnThreeFlexibleCanvas size:0
06-11 10:33:37.060  1800  1924 D BatteryChargeControl: bcc get no support from charging protocol
06-11 10:33:37.062  4650 23663 V OplusUXIconLoader: loadUxIcon drawable null, packageName = com.earthengine.minimalglobe,activityName =:com.earthengine.minimalglobe.MainActivity
06-11 10:33:37.062  4650 23663 V OplusUXIconLoader: loadUxIcon drawable null, packageName = com.earthengine.minimalglobe,activityName =:null
06-11 10:33:37.062 12732 13406 I Quality-ScreenOnOffLogProcessor: withInScreenOnOffRange mIsScreenOn:true refTime:1781145216551 mRecentScreenOnTime:1781143521410 mRecentScreenOffTime:1781143324217
06-11 10:33:37.062 29276 29276 D ViewRootImplExtImpl: wrapConfigInfoIntoFlags rotation=0, smallestScreenWidthDp=0, residentWS=false, scenario=0, bounds=Rect(0, 0 - 1240, 2772), relayoutAsync=false, flags=0, newFlags=1453326336, title=com.earthengine.minimalglobe/com.earthengine.minimalglobe.MainActivity
06-11 10:33:37.062 27947  1358 W GameSpaceUI.gs_DesktopCardServiceImpl: set assistant_is_support_hide_game_icon_state = 1 success expire 86400000
06-11 10:33:37.062  3189  4239 V WindowManager: Relayout Window{cb4ed22 u0 com.earthengine.minimalglobe/com.earthengine.minimalglobe.MainActivity}: viewVisibility=0, oldvis=4, req=1240x2772 , apr = 0, vsysui=, x=0, y=0
06-11 10:33:37.063 27947  1358 I GameSpaceUI.TrackService: getPluginConfigAppId -1, currentPkgName: 
06-11 10:33:37.063  3189  4239 I WindowManager: Window{cb4ed22 u0 com.earthengine.minimalglobe/com.earthengine.minimalglobe.MainActivity} state from NO_SURFACE to DRAW_PENDING; reason: resetDrawState
06-11 10:33:37.063  4650 23663 D UxIconLoaderUtil: scaleAction: 0
06-11 10:33:37.063  4650 23663 D UxIconLoaderUtil: com.android.launcher ignore scale drawable
06-11 10:33:37.064  3189  4239 D DisplayModeDirector: setAppRequest displayId : 4  modeId: 0  requestedRefreshRate: 0.0  requestedMinRefreshRateRange: 0.0  requestedMaxRefreshRateRange: 0.0
06-11 10:33:37.064  4329  4424 D OplusShellTransition: DefaultTransitionHandler#onAnimFinish=> transition=android.os.BinderProxy@e39a571, backAnimContinue=false
06-11 10:33:37.065  4329  4424 V WindowManagerShell: Transition animation finished (aborted=false), notifying core (#1449) android.os.BinderProxy@e39a571@0
06-11 10:33:37.065  4329  4424 D SplitScreen-->AppLockManager: setStartFromSafeControl mStartFromSafeControl=false
06-11 10:33:37.065  4329  4424 D ShellTaskOrganizerExt: adjust change for exiting mini task: -1
06-11 10:33:37.066  1460  1493 W SeedlingShare: (com.oplus.games, assistant_is_support_hide_game_icon_state) not in seeding shared white list.
06-11 10:33:37.068  1460  1493 W AppInfo : AppInfo create Uri content://com.nearme.instant.platform.res/com.coloros.gamespaceui.quickapp.library/manifest.json
06-11 10:33:37.068 25296 11619 D VRI[]   : dispatchAppVisibility visible:false mUpcomingWindowFocus:false
06-11 10:33:37.069 19629 19687 I DMP-Dispatcher: addChainedWork, method[onReceive], resource[localApp], extras[Bundle[{action=android.intent.action.PACKAGE_REPLACED, package=com.earthengine.minimalglobe}]]
06-11 10:33:37.069  1460  1493 W PackageFilesValidator: isInvalidResource: AppDistributionMeta is null
06-11 10:33:37.069 29276 29276 D VRI[MainActivity]: relayoutWindow result, sizeChanged:true, surfaceControlChanged:true, transformHintChanged:false, mSurfaceSize:Point(1240, 2772), mLastSurfaceSize:Point(0, 0), mWidth:-1, mHeight:-1, requestedWidth:1240, requestedHeight:2772, transformHint:0, installOrientation:0, displayRotation:0, isSurfaceValid:true, attr.flag:-2122252032, tmpFrames:ClientWindowFrames{frame=[0,0][1240,2772] display=[0,0][1240,2772] parentFrame=[0,0][0,0]}, relayoutAsync:false, mSyncSeqId:0
06-11 10:33:37.070  4650 22425 D VRI[Launcher]: dispatchAppVisibility visible:false mUpcomingWindowFocus:false
06-11 10:33:37.070 29276 29276 W VRI[MainActivity]: updateBlastSurfaceIfNeeded, surfaceSize:Point(1240, 2772), lastSurfaceSize:Point(0, 0), format:-3, blastBufferQueue:null
06-11 10:33:37.070  4177  4177 D WallpaperChooser.BaseSignalWallpaperService: visibility change to false, creating?false
06-11 10:33:37.070 29276 29276 W libc    : Access denied finding property "vendor.display.enable_optimal_refresh_rate"
06-11 10:33:37.070  4177  4177 D WallpaperChooser.BaseSignalWallpaperService: onPause
06-11 10:33:37.070 29276 29276 D BufferQueueConsumer: [](id:725c00000000,api:0,p:-1,c:29276) connect: controlledByApp=false
06-11 10:33:37.070 29276 29276 D BufferQueueConsumer: [VRI[MainActivity]#0(BLAST Consumer)0](id:725c00000000,api:0,p:-1,c:29276) setMaxAcquiredBufferCount: 2
06-11 10:33:37.070 29276 29276 W libc    : Access denied finding property "vendor.display.enable_optimal_refresh_rate"
06-11 10:33:37.071  4650  4900 D HWUI    : SkiaOpenGLPipeline::setSurface: this=0xb40000791eb9bcc0, surface=NULL
06-11 10:33:37.071  4650  4900 D BufferQueueProducer: [VRI[Launcher]#85(BLAST Consumer)85](id:122a0000054e,api:1,p:4650,c:4650) disconnect: api 1
06-11 10:33:37.071  4650  4900 D HWUI    : createSurface new attribs array
06-11 10:33:37.071  4650  4900 D libEGL  : this is from skia gles
06-11 10:33:37.071  4650  4900 D BufferQueueProducer: [VRI[Launcher]#85(BLAST Consumer)85](id:122a0000054e,api:1,p:4650,c:4650) connect: api=1 producerControlledByApp=true
06-11 10:33:37.073 29276 29350 D HWUI    : createSurface new attribs array
06-11 10:33:37.073 29276 29350 D libEGL  : this is from skia gles
06-11 10:33:37.073 29276 29350 D BufferQueueProducer: [VRI[MainActivity]#0(BLAST Consumer)0](id:725c00000000,api:1,p:29276,c:29276) connect: api=1 producerControlledByApp=true
06-11 10:33:37.075  4329  4424 D ShellTaskOrganizer: onTransitionFinish, isRecent:false
06-11 10:33:37.075 29276 29276 E OplusDisplayModeManager: has been initialized.
06-11 10:33:37.076  4329  4424 V WindowManagerShell: Track 0 became idle
06-11 10:33:37.076  4329  4424 V WindowManagerShell: All active transition animations finished
06-11 10:33:37.077  4329  4424 D ShellTaskOrganizerExt: visibleFlexibleTaskInfos delete:2805
06-11 10:33:37.077  4329  4424 D ShellTaskOrganizerExt: isOnCanvas size:0
06-11 10:33:37.077  4329  4424 D ShellTaskOrganizerExt: isOnThreeFlexibleCanvas size:0
06-11 10:33:37.077  1877  1877 I DispPerfService: updateLayerMask 8
06-11 10:33:37.077  4329  4424 D ShellTaskOrganizerExt: visibleFlexibleTaskInfos delete:1
06-11 10:33:37.077  4329  4424 D ShellTaskOrganizerExt: isOnCanvas size:0
06-11 10:33:37.077  4329  4424 D ShellTaskOrganizerExt: isOnThreeFlexibleCanvas size:0
06-11 10:33:37.078  1663  1663 I QTI PowerHAL: Power setMode: 6 to: 0
06-11 10:33:37.078  1877  5082 I SurfaceFlinger: [SF client] NEW(0xb4000075dae8f170) for (29276:com.earthengine.minimalglobe)
06-11 10:33:37.079 12732 13406 I Quality-ScreenOnOffLogProcessor: withInScreenOnOffRange mIsScreenOn:true refTime:1781145216559 mRecentScreenOnTime:1781143521410 mRecentScreenOffTime:1781143324217
06-11 10:33:37.083 29276 29276 D SurfaceView: 182558592, SurfaceView[com.earthengine.minimalglobe/com.earthengine.minimalglobe.MainActivity], layerid: 19213 createBlastSurfaceControls
06-11 10:33:37.083  1460  1493 W AppInfo : app info parse uri fail. uri: content://com.nearme.instant.platform.res/com.coloros.gamespaceui.quickapp.library/manifest.json##Throwable##java.io.FileNotFoundException: open failed: ENOENT (No such file or directory)
06-11 10:33:37.083  1460  1493 W AppInfo : 	at android.os.ParcelFileDescriptor.openInternal(ParcelFileDescriptor.java:356)
06-11 10:33:37.083  1460  1493 W AppInfo : 	at android.os.ParcelFileDescriptor.open(ParcelFileDescriptor.java:233)
06-11 10:33:37.083  1460  1493 W AppInfo : 	at org.hapjs.cache.CacheProvider.doOpenFile(SourceFile:56)
06-11 10:33:37.083  1460  1493 W AppInfo : 	at org.hapjs.AbstractContentProvider.openFile(SourceFile:4)
06-11 10:33:37.083  1460  1493 W AppInfo : 	at android.content.ContentProvider.openAssetFile(ContentProvider.java:2326)
06-11 10:33:37.083  1460  1493 W AppInfo : 	at org.hapjs.AbstractContentProvider.doOpenAssetFile(SourceFile:1)
06-11 10:33:37.083  1460  1493 W AppInfo : 	at org.hapjs.cache.CacheProvider.doOpenAssetFile(SourceFile:74)
06-11 10:33:37.083  1460  1493 W AppInfo : 	at org.hapjs.AbstractContentProvider.openAssetFile(SourceFile:4)
06-11 10:33:37.083  1460  1493 W AppInfo : 	at android.content.ContentProvider.openTypedAssetFile(ContentProvider.java:2504)
06-11 10:33:37.083  1460  1493 W AppInfo : 	at android.content.ContentProvider.openTypedAssetFile(ContentProvider.java:2571)
06-11 10:33:37.083  1460  1493 W AppInfo : 	at android.content.ContentProvider$Transport.openTypedAssetFile(ContentProvider.java:692)
06-11 10:33:37.083  1460  1493 W AppInfo : 	at android.content.ContentResolver.openTypedAssetFileDescriptor(ContentResolver.java:2097)
06-11 10:33:37.083  1460  1493 W AppInfo : 	at android.content.ContentResolver.openAssetFileDescriptor(ContentResolver.java:1912)
06-11 10:33:37.083  1460  1493 W AppInfo : 	at android.content.ContentResolver.openInputStream(ContentResolver.java:1582)
06-11 10:33:37.083  1460  1493 W AppInfo : 	at org.hapjs.model.AppInfo.fromUri(SourceFile:7)
06-11 10:33:37.083  1460  1493 W AppInfo : 	at org.hapjs.model.AppInfo.create(SourceFile:105)
06-11 10:33:37.083  1460  1493 W AppInfo : 	at org.hapjs.bridge.DefaultAppInfoProvider.create(SourceFile:1)
06-11 10:33:37.083  1460  1493 W AppInfo : 	at a.a.a.nl0.g(SourceFile:58)
06-11 10:33:37.083  1460  1493 W AppInfo : 	at a.a.a.nl0.e(SourceFile:2)
06-11 10:33:37.083  1460  1493 W AppInfo : 	at a.a.a.rp6.d(SourceFile:22)
06-11 10:33:37.083  1460  1493 W AppInfo : 	at a.a.a.rp6.c(SourceFile:52)
06-11 10:33:37.083  1460  1493 W AppInfo : 	at com.nearme.instant.card.SharedDataProvider.setOrUpdateSharedDataInner(SourceFile:48)
06-11 10:33:37.083  1460  1493 W AppInfo : 	at com.nearme.instant.card.SharedDataProvider.setOrUpdateSharedData(SourceFile:61)
06-11 10:33:37.083  1460  1493 W AppInfo : 	at com.nearme.instant.card.SharedDataProvider.doCall(SourceFile:46)
06-11 10:33:37.083  1460  1493 W AppInfo : 	at org.hapjs.AbstractContentProvider.call(SourceFile:4)
06-11 10:33:37.083  1460  1493 W AppInfo : 	at android.content.ContentProvider.call(ContentProvider.java:2773)
06-11 10:33:37.083  1460  1493 W AppInfo : 	at android.content.ContentProvider$Transport.call(ContentProvider.java:653)
06-11 10:33:37.083  1460  1493 W AppInfo : 	at android.content.ContentProviderNative.onTransact(ContentProviderNative.java:307)
06-11 10:33:37.083  1460  1493 W AppInfo : 	at android.os.Binder.execTransactInternal(Binder.java:1444)
06-11 10:33:37.083  1460  1493 W AppInfo : 	at android.os.Binder.execTransact(Binder.java:1378)
06-11 10:33:37.083 29276 29276 W libc    : Access denied finding property "vendor.display.enable_optimal_refresh_rate"
06-11 10:33:37.083 29276 29276 D BufferQueueConsumer: [](id:725c00000001,api:0,p:-1,c:29276) connect: controlledByApp=false
06-11 10:33:37.083 29276 29276 D BufferQueueConsumer: [ae19f80 SurfaceView[com.earthengine.minimalglobe/com.earthengine.minimalglobe.MainActivity]#1(BLAST Consumer)1](id:725c00000001,api:0,p:-1,c:29276) setMaxAcquiredBufferCount: 2
06-11 10:33:37.084  1460  1493 E PermissionVerifier: card rpk not exists
06-11 10:33:37.084  1460  1493 W PermissionVerifier: checkWritePermission writer: com.oplus.games not in rpk: com.coloros.gamespaceui.quickapp.library allowed list
06-11 10:33:37.084  1460  1493 W SharedDataProvider: setOrUpdateSharedData no permissions!
06-11 10:33:37.084  1877  1877 I DispPerfService: updateLayerMask 0
06-11 10:33:37.085 29276 29276 W libc    : Access denied finding property "vendor.display.enable_optimal_refresh_rate"
06-11 10:33:37.085 19629 19687 I DMP-PowerUtils: isLowPower, battery:100, low power threshold:20
06-11 10:33:37.086  1877  2468 D SurfaceFlinger: updateWinowInfo=1, setFocusedWindow timestamp=200710795253953, windowName=cb4ed22 com.earthengine.minimalglobe/com.earthengine.minimalglobe.MainActivity
06-11 10:33:37.086 29276 29276 I SurfaceView: 182558592 visibleChanged -- surfaceCreated 
06-11 10:33:37.086 19629 19687 I DMP-AbstractWorkManager: createOneTimeWorkRequest for localApp, method: onReceive, workName: onReceiveWork done, workRequestId:ba26e192-8bff-4133-bf09-1147fe6f86af, expedited:false
06-11 10:33:37.086 29276 29276 D Surface : Surface::dispatchSetGameApi
06-11 10:33:37.086 19629 19687 I DMP-AbstractWorkManager: createOneTimeWorkRequest for localApp, method: onReceive, workName: completeKeywordIndexWork done, workRequestId:d320a612-2740-4ac1-90aa-290ae73fc9dd, expedited:false
06-11 10:33:37.086 29276 29276 D Surface : dispatchSetGameApi pid[29276] tid[29276] GameApi[0]
06-11 10:33:37.086 19629 19687 I DMP-PermissionUtil: isPermissionGranted, resource: standard_data#unified_service_invocation, basic: false
06-11 10:33:37.086 29276 29276 D Surface : dispatchSetGameApi res:0
06-11 10:33:37.086 29276 29276 D libEGL  : set game api gles successfully
06-11 10:33:37.086 19629 19687 I DMP-PermissionUtil: unsupported resource or no permission required for resource: standard_data#unified_service_invocation
06-11 10:33:37.086 29276 29276 D BufferQueueProducer: [ae19f80 SurfaceView[com.earthengine.minimalglobe/com.earthengine.minimalglobe.MainActivity]#1(BLAST Consumer)1](id:725c00000001,api:1,p:29276,c:29276) connect: api=1 producerControlledByApp=true
06-11 10:33:37.086 19629 19687 I DMP-Create: canCreate canCreate resource : standard_data#unified_service_invocation method : onReceive workName: onReceiveWork
06-11 10:33:37.086 19629 19687 I DMP-Create: standard_data#unified_service_invocation isPersonaResourceOpen : false
06-11 10:33:37.086 19629 19687 I DMP-Create: IndexStatus CHECK: null
06-11 10:33:37.086 27947  1358 W GameSpaceUI.gs_DesktopCardServiceImpl: set assistant_mini_game_red_envelopes_switch_state = 1 success expire 86400000
06-11 10:33:37.087 29276 29276 I MinimalGlobe: EGL initialized: 1240x2772, GL: OpenGL ES 3.2 V@0615.100 (GIT@b82916be04, I507ba793b7, 1754480107) (Date:08/06/25), GLSL: OpenGL ES GLSL ES 3.20
06-11 10:33:37.087  1808  1906 W gameoptHal: unknow message 163
06-11 10:33:37.087 27947  1358 I GameSpaceUI.TrackService: getPluginConfigAppId -1, currentPkgName: 
06-11 10:33:37.090 29276 29276 I AtmosPass: initialize: creating shader...
06-11 10:33:37.091 29276 29276 I AtmosPass: initialize: shader created ok
06-11 10:33:37.091 29276 29276 I AtmosPass: initialize: buffer created ok, ready
06-11 10:33:37.091 11631 11759 W l.ums:uiSetting: Reducing the number of considered missed Gc histogram windows from 169 to 100
06-11 10:33:37.091  4329  4513 I SystemUi--Statusbar: OplusNetworkSpeedControllExImpl-->updateNetworkSpeed: isConnected:true,isSwitchOn:true,isSuspend:false,isPause:false
06-11 10:33:37.091 29276 29276 I MinimalGlobe: Engine initialized successfully, camera pos: -1577217.2,5321867.2,3134277.0
06-11 10:33:37.091 29276 29276 I MinimalGlobe: Gaode satellite provider enabled: https://webst0{s}.is.autonavi.com/appmaptile?style=6&x={x}&y={y}&z={z}
06-11 10:33:37.091 29276 29276 I MinimalGlobe: Gaode/Amap tiles are GCJ-02 aligned; this demo is visual only, not WGS84 control-point acceptance
06-11 10:33:37.092 29276 29276 I MinimalGlobe: Basemap layer added; normal map debug disabled
06-11 10:33:37.092 29276 29276 I MinimalGlobe: Terrain provider: QuantizedMesh (http://192.168.1.6:8091/{z}/{x}/{y}.terrain)
06-11 10:33:37.092 29276 29276 I MinimalGlobe: Terrain layer added: http://192.168.1.4:8001/{z}/{x}/{y}.png
06-11 10:33:37.092 29276 29276 I MinimalGlobe: Debug overlay disabled
06-11 10:33:37.092 29276 29276 I MinimalGlobe: Simulation time set to fixed daytime JD 2461188.75 (2026-06-10 14:00 UTC+8)
06-11 10:33:37.092 29276 29276 D SurfaceView: 182558592 handleSyncNoBuffer
06-11 10:33:37.093 29276 29276 D SurfaceView: 182558592 finishedDrawing
06-11 10:33:37.093 29276 29276 D SurfaceView: 182558592 performDrawFinished mAttachedToWindow true
06-11 10:33:37.094 29276 29276 I SurfaceControl:  setExtendedRangeBrightness sc=Surface(name=com.earthengine.minimalglobe/com.earthengine.minimalglobe.MainActivity)/@0xbe866ae,currentBufferRatio=1.0,desiredRatio=1.0
06-11 10:33:37.095 29276 29276 D SurfaceView: 182558592 dispatchDraw mDrawFinished true isAboveParent false (mPrivateFlags & PFLAG_SKIP_DRAW) 128
06-11 10:33:37.095 29276 29276 D SurfaceView: 182558592 clearSurfaceViewPort mCornerRadius 0.0
06-11 10:33:37.097  1460  1493 W SeedlingShare: (com.oplus.games, assistant_mini_game_red_envelopes_switch_state) not in seeding shared white list.
06-11 10:33:37.098  1460  1493 W AppInfo : AppInfo create Uri content://com.nearme.instant.platform.res/com.coloros.gamespaceui.quickapp.guide/manifest.json
06-11 10:33:37.098  1574  1616 W statsd  : StatsPullerManager: Unknown tagId 150146
06-11 10:33:37.098  1574  1616 E statsd  : Gauge Stats puller failed for tag: 150146 at 242614424571371
06-11 10:33:37.098  1574  1616 I statsd  : An anomaly (119840000001) (100198)0x10000->com.earthengine.minimalglobe[S] (100198)0x20000->10602[I]  has occurred! Informing subscribers.
06-11 10:33:37.098  1460  1493 W PackageFilesValidator: isInvalidResource: AppDistributionMeta is null
06-11 10:33:37.100  1460  1493 W AppInfo : app info parse uri fail. uri: content://com.nearme.instant.platform.res/com.coloros.gamespaceui.quickapp.guide/manifest.json##Throwable##java.io.FileNotFoundException: open failed: ENOENT (No such file or directory)
06-11 10:33:37.100  1460  1493 W AppInfo : 	at android.os.ParcelFileDescriptor.openInternal(ParcelFileDescriptor.java:356)
06-11 10:33:37.100  1460  1493 W AppInfo : 	at android.os.ParcelFileDescriptor.open(ParcelFileDescriptor.java:233)
06-11 10:33:37.100  1460  1493 W AppInfo : 	at org.hapjs.cache.CacheProvider.doOpenFile(SourceFile:56)
06-11 10:33:37.100  1460  1493 W AppInfo : 	at org.hapjs.AbstractContentProvider.openFile(SourceFile:4)
06-11 10:33:37.100  1460  1493 W AppInfo : 	at android.content.ContentProvider.openAssetFile(ContentProvider.java:2326)
06-11 10:33:37.100  1460  1493 W AppInfo : 	at org.hapjs.AbstractContentProvider.doOpenAssetFile(SourceFile:1)
06-11 10:33:37.100  1460  1493 W AppInfo : 	at org.hapjs.cache.CacheProvider.doOpenAssetFile(SourceFile:74)
06-11 10:33:37.100  1460  1493 W AppInfo : 	at org.hapjs.AbstractContentProvider.openAssetFile(SourceFile:4)
06-11 10:33:37.100  1460  1493 W AppInfo : 	at android.content.ContentProvider.openTypedAssetFile(ContentProvider.java:2504)
06-11 10:33:37.100  1460  1493 W AppInfo : 	at android.content.ContentProvider.openTypedAssetFile(ContentProvider.java:2571)
06-11 10:33:37.100  1460  1493 W AppInfo : 	at android.content.ContentProvider$Transport.openTypedAssetFile(ContentProvider.java:692)
06-11 10:33:37.100  1460  1493 W AppInfo : 	at android.content.ContentResolver.openTypedAssetFileDescriptor(ContentResolver.java:2097)
06-11 10:33:37.100  1460  1493 W AppInfo : 	at android.content.ContentResolver.openAssetFileDescriptor(ContentResolver.java:1912)
06-11 10:33:37.100  1460  1493 W AppInfo : 	at android.content.ContentResolver.openInputStream(ContentResolver.java:1582)
06-11 10:33:37.100  1460  1493 W AppInfo : 	at org.hapjs.model.AppInfo.fromUri(SourceFile:7)
06-11 10:33:37.100  1460  1493 W AppInfo : 	at org.hapjs.model.AppInfo.create(SourceFile:105)
06-11 10:33:37.100  1460  1493 W AppInfo : 	at org.hapjs.bridge.DefaultAppInfoProvider.create(SourceFile:1)
06-11 10:33:37.100  1460  1493 W AppInfo : 	at a.a.a.nl0.g(SourceFile:58)
06-11 10:33:37.100  1460  1493 W AppInfo : 	at a.a.a.nl0.e(SourceFile:2)
06-11 10:33:37.100  1460  1493 W AppInfo : 	at a.a.a.rp6.d(SourceFile:22)
06-11 10:33:37.100  1460  1493 W AppInfo : 	at a.a.a.rp6.c(SourceFile:52)
06-11 10:33:37.100  1460  1493 W AppInfo : 	at com.nearme.instant.card.SharedDataProvider.setOrUpdateSharedDataInner(SourceFile:48)
06-11 10:33:37.100  1460  1493 W AppInfo : 	at com.nearme.instant.card.SharedDataProvider.setOrUpdateSharedData(SourceFile:61)
06-11 10:33:37.100  1460  1493 W AppInfo : 	at com.nearme.instant.card.SharedDataProvider.doCall(SourceFile:46)
06-11 10:33:37.100  1460  1493 W AppInfo : 	at org.hapjs.AbstractContentProvider.call(SourceFile:4)
06-11 10:33:37.100  1460  1493 W AppInfo : 	at android.content.ContentProvider.call(ContentProvider.java:2773)
06-11 10:33:37.100  1460  1493 W AppInfo : 	at android.content.ContentProvider$Transport.call(ContentProvider.java:653)
06-11 10:33:37.100  1460  1493 W AppInfo : 	at android.content.ContentProviderNative.onTransact(ContentProviderNative.java:307)
06-11 10:33:37.100  1460  1493 W AppInfo : 	at android.os.Binder.execTransactInternal(Binder.java:1444)
06-11 10:33:37.100  1460  1493 W AppInfo : 	at android.os.Binder.execTransact(Binder.java:1378)
06-11 10:33:37.101  4589 10591 I Athena  : AthenaDynamicReceiver: pre_app:com.android.launcher, next_app:com.earthengine.minimalglobe(10602|29276)
06-11 10:33:37.102 19629 19687 I DMP-SAUWorkConfigManager: sau work config not found
06-11 10:33:37.102  1877  5082 I ClientCache: add: Cache owner=0xb4000075e87bd520
06-11 10:33:37.102 29276 29350 D BLASTBufferQueue: [VRI[MainActivity]#0](f:0,a:1) acquireNextBufferLocked size=1240x2772 mFrameNumber=1 applyTransaction=true mTimestamp=200710823646974(auto) mPendingTransactions.size=0 graphicBufferId=125739462557696 transform=0
06-11 10:33:37.103 29276 29350 D VRI[MainActivity]: Received frameCommittedCallback lastAttemptedDrawFrameNum=1 didProduceBuffer=true syncBuffer=false
06-11 10:33:37.103 19629 19687 I DMP-PowerUtils: getHoraeTemperature:36
06-11 10:33:37.103  4329  4513 I SystemUi--Statusbar: OplusNetworkSpeedControllExImpl-->getTotalByte: totalRxBytes:11574995446,totalTxBytes:3541327738,loopbackTxBytes:2982604111,loopbackRxBytes:2982603631 ,totalBytes:9151115442
06-11 10:33:37.103 29276 29350 D ExtensionsLoader: createInstance(64bit) : createExtendedFactory
06-11 10:33:37.103 29276 29350 D ExtensionsLoader: Opened libSchedAssistExtImpl.so
06-11 10:33:37.103 29276 29276 D VRI[MainActivity]: draw finished. seqId=0
06-11 10:33:37.104  4033  4044 V DCSEX-AppSwitchManager: OnAppSwitchObserver: onAppEnter, launchedFrom =  com.android.shell, target =  com.earthengine.minimalglobe, is firstStart =  true, is multiApp =  false, extensionInfo =  Bundle[mParcelledData.dataSize=996], launch_source_type =  , launch_source_traceid =  
06-11 10:33:37.105 19629 19687 I DMP-Dispatcher: create work Work{mWorkName=onReceiveWork, mWorkTerm=long, mReportId=false, mCreate=Create{mIndexStatus=null, mQueryTime=0, mInterval=0, mDeletedDocs=null, mNeedRebuildFlag=0, mIndexCheckFlag=false, mDrop=null, mHighTemperature=50, mMinPower=null, mScreen=null, mDeletedConditions=null}, mEntry=null, mMoreBatch=null, mChained=true, mInitialDelay=10, mWorkOneTimeLimit=0}, method = onReceive, create = 0
06-11 10:33:37.105 19629 19687 I DMP-Create: canCreate canCreate resource : standard_data#unified_service_invocation method : onReceive workName: completeKeywordIndexWork
06-11 10:33:37.106  4650 23663 W AppIconLoader: save cache: appicon://app/com.earthengine.minimalglobe?force_refresh=true&timestamp=1781145216847
06-11 10:33:37.106  4650 23663 W AppIconLoader: [cache create]
06-11 10:33:37.106  4650 23663 W AppIconLoader: key=appicon://app/com.earthengine.minimalglobe
06-11 10:33:37.106  4650 23663 W AppIconLoader: curTime=1781145217106
06-11 10:33:37.106  4650 23663 W AppIconLoader: expireTime=1781188417106
06-11 10:33:37.107  4650  4650 D FlexImageView: ev0@0xa383244, ref:49, p:48 drawable.width: 210 drawable.height:210 view.height:196 view.width: 195, ConstantState: android.graphics.drawable.BitmapDrawable$BitmapState@1cb69f0
06-11 10:33:37.107  4650  4650 E FlexImageView: ev0@0xa383244, ref:49, p:48,  appicon://app/com.earthengine.minimalglobe?force_refresh=true&timestamp=1781145216847 , onFinalImageSet 210 , 210
06-11 10:33:37.107 11083 11732 I CloudConfig: tn: sdk-50351-ruc
06-11 10:33:37.107 11083 11732 I CloudConfig: ruc 1961 enter
06-11 10:33:37.110 29276 29276 I TerrainLayer: processPendingUploads #1 queue=0 empty=0
06-11 10:33:37.110  1460  1493 E PermissionVerifier: card rpk not exists
06-11 10:33:37.110  1460  1493 W PermissionVerifier: checkWritePermission writer: com.oplus.games not in rpk: com.coloros.gamespaceui.quickapp.guide allowed list
06-11 10:33:37.110  1460  1493 W SharedDataProvider: setOrUpdateSharedData no permissions!
06-11 10:33:37.110 29276 29368 I AndroidBridge: androidHttpGet: env=0xb400007a6f9b0900 gJniHttpHelperClass=0x30a6 gHttpGetMethod=0x1 url=https://webst01.is.autonavi.com/appmaptile?style=6&x=0&y=0&z=0
06-11 10:33:37.110 29276 29368 I JniHttpHelper: httpGet called: https://webst01.is.autonavi.com/appmaptile?style=6&x=0&y=0&z=0
06-11 10:33:37.111  4533 21771 I iopgp   : Iopgp: TRANSACTION_IOPGP_ON_ACTIVITY_LAUNCH_FINISHED sequence_id = 469 timestamp_nanos = 200710834153120
06-11 10:33:37.111 29276 29276 I TerrainLayer:   visible: Geographic-TMS/3/0/0
06-11 10:33:37.111 29276 29276 I TerrainLayer:   visible: Geographic-TMS/3/1/0
06-11 10:33:37.111 29276 29276 I TerrainLayer:   visible: Geographic-TMS/3/0/1
06-11 10:33:37.111 29276 29276 I TerrainLayer:   visible: Geographic-TMS/3/1/1
06-11 10:33:37.111 29276 29276 I TerrainLayer:   visible: Geographic-TMS/3/2/0
06-11 10:33:37.111 29276 29276 I TerrainLayer:   visible: Geographic-TMS/3/3/0
06-11 10:33:37.111 29276 29276 I TerrainLayer:   visible: Geographic-TMS/3/2/1
06-11 10:33:37.111 29276 29276 I TerrainLayer:   visible: Geographic-TMS/3/3/1
06-11 10:33:37.111 29276 29276 I TerrainLayer:   visible: Geographic-TMS/3/1/2
06-11 10:33:37.111 29276 29276 I TerrainLayer:   visible: Geographic-TMS/3/1/3
06-11 10:33:37.111 29276 29276 I TerrainLayer:   visible: Geographic-TMS/3/2/2
06-11 10:33:37.111 29276 29276 I TerrainLayer:   visible: Geographic-TMS/3/3/2
06-11 10:33:37.111 29276 29276 I TerrainLayer:   visible: Geographic-TMS/3/2/3
06-11 10:33:37.111 29276 29276 I TerrainLayer:   visible: Geographic-TMS/3/3/3
06-11 10:33:37.111 29276 29276 I TerrainLayer:   visible: Geographic-TMS/3/4/0
06-11 10:33:37.111 29276 29276 I TerrainLayer:   visible: Geographic-TMS/3/5/0
06-11 10:33:37.111 29276 29276 I TerrainLayer:   visible: Geographic-TMS/3/5/1
06-11 10:33:37.111 29276 29276 I TerrainLayer:   visible: Geographic-TMS/3/6/0
06-11 10:33:37.111 29276 29276 I TerrainLayer:   visible: Geographic-TMS/3/7/0
06-11 10:33:37.111 29276 29276 I TerrainLayer:   visible: Geographic-TMS/3/1/4
06-11 10:33:37.111 29276 29276 I TerrainLayer:   visible: Geographic-TMS/3/1/5
06-11 10:33:37.111 29276 29276 I TerrainLayer:   visible: Geographic-TMS/3/2/4
06-11 10:33:37.111 29276 29276 I TerrainLayer:   visible: Geographic-TMS/3/3/4
06-11 10:33:37.111 29276 29276 I TerrainLayer:   visible: Geographic-TMS/3/2/5
06-11 10:33:37.111 29276 29276 I TerrainLayer:   visible: Geographic-TMS/3/3/5
06-11 10:33:37.111 29276 29276 I TerrainLayer:   visible: Geographic-TMS/11/1629/1358
06-11 10:33:37.111 29276 29276 I TerrainLayer:   visible: Geographic-TMS/11/1629/1359
06-11 10:33:37.111 29276 29276 I TerrainLayer:   visible: Geographic-TMS/11/1630/1359
06-11 10:33:37.111 29276 29276 I TerrainLayer:   visible: Geographic-TMS/11/1629/1360
06-11 10:33:37.111 29276 29276 I TerrainLayer:   visible: Geographic-TMS/11/1629/1361
06-11 10:33:37.111 29276 29276 I TerrainLayer:   visible: Geographic-TMS/11/1630/1360
06-11 10:33:37.111 29276 29276 I TerrainLayer:   visible: Geographic-TMS/11/1630/1361
06-11 10:33:37.111 29276 29276 I TerrainLayer:   visible: Geographic-TMS/11/1629/1362
06-11 10:33:37.111 29276 29276 I TerrainLayer:   visible: Geographic-TMS/11/1630/1362
06-11 10:33:37.111 29276 29276 I TerrainLayer:   visible: Geographic-TMS/11/1630/1363
06-11 10:33:37.112 29276 29369 I QMTerrain: httpGet ENTER: http://192.168.1.6:8091/11/1629/689.terrain
06-11 10:33:37.112 29276 29369 I AndroidBridge: androidHttpGet: env=0xb400007a7da10880 gJniHttpHelperClass=0x30a6 gHttpGetMethod=0x1 url=http://192.168.1.6:8091/11/1629/689.terrain
06-11 10:33:37.112 29276 29369 I JniHttpHelper: httpGet called: http://192.168.1.6:8091/11/1629/689.terrain
06-11 10:33:37.112 29276 29371 I QMTerrain: httpGet ENTER: http://192.168.1.6:8091/11/1629/688.terrain
06-11 10:33:37.112 29276 29371 I AndroidBridge: androidHttpGet: env=0xb400007a6f9b0c80 gJniHttpHelperClass=0x30a6 gHttpGetMethod=0x1 url=http://192.168.1.6:8091/11/1629/688.terrain
06-11 10:33:37.112 29276 29371 I JniHttpHelper: httpGet called: http://192.168.1.6:8091/11/1629/688.terrain
06-11 10:33:37.112 29276 29372 I QMTerrain: httpGet ENTER: http://192.168.1.6:8091/11/1630/688.terrain
06-11 10:33:37.112 29276 29276 I GLES    : submit #1: 2 commands, glError=0
06-11 10:33:37.112 29276 29372 I AndroidBridge: androidHttpGet: env=0xb400007a7da10c00 gJniHttpHelperClass=0x30a6 gHttpGetMethod=0x1 url=http://192.168.1.6:8091/11/1630/688.terrain
06-11 10:33:37.112 29276 29372 I JniHttpHelper: httpGet called: http://192.168.1.6:8091/11/1630/688.terrain
06-11 10:33:37.113  9703 11042 I Qsb-FtsSearchAppManager: callWhenPackageAdd:com.earthengine.minimalglobe
06-11 10:33:37.113 29276 29373 I QMTerrain: httpGet ENTER: http://192.168.1.6:8091/11/1629/687.terrain
06-11 10:33:37.113 29276 29372 I DpmTcmClient: RegisterTcmMonitor from: $Proxy3
06-11 10:33:37.113 29276 29373 I AndroidBridge: androidHttpGet: env=0xb400007a071a7000 gJniHttpHelperClass=0x30a6 gHttpGetMethod=0x1 url=http://192.168.1.6:8091/11/1629/687.terrain
06-11 10:33:37.113  9703 11042 D TapHttp.HeyConfig: HeyConfig start time:200710836
06-11 10:33:37.113 29276 29373 I JniHttpHelper: httpGet called: http://192.168.1.6:8091/11/1629/687.terrain
06-11 10:33:37.113  9703 11042 D TapHttp.OkHttpClient:  OkHttpClient(Builder builder) start
06-11 10:33:37.114 29276 29374 I QMTerrain: httpGet ENTER: http://192.168.1.6:8091/11/1629/686.terrain
06-11 10:33:37.110 27947  1358 W GameSpaceUI.gs_DesktopCardServiceImpl: set assistant_mini_game_red_envelopes_switch_state = 1 success expire 86400000
06-11 10:33:37.114 29276 29374 I AndroidBridge: androidHttpGet: env=0xb400007a7da10f80 gJniHttpHelperClass=0x30a6 gHttpGetMethod=0x1 url=http://192.168.1.6:8091/11/1629/686.terrain
06-11 10:33:37.114 29276 29374 I JniHttpHelper: httpGet called: http://192.168.1.6:8091/11/1629/686.terrain
06-11 10:33:37.105 19629 19687 I DMP-Create: standard_data#unified_service_invocation isPersonaResourceOpen : false
06-11 10:33:37.114 19629 19687 I DMP-Create: IndexStatus CHECK: null
06-11 10:33:37.114  6967  8602 I DeepThinker: IntentManager: onIntentProduced 1
06-11 10:33:37.114 29276 29375 I QMTerrain: httpGet ENTER: http://192.168.1.6:8091/11/1630/687.terrain
06-11 10:33:37.114  6967  8602 I DeepThinker: IntentManager: dispatchIntents 1
06-11 10:33:37.114  4650 23595 D JsConsole: breeno2X2-launcher(rsUDrjLDfb7Y)::appicon-1: onComplete $evt:{"ref":"49","type":"image","prop":{"_styleObjectId":4},"attr":{"forcePrecision":"true","id":"appicon-1-b","tag":"▼∩fcpmhmbnjojn.fojhofiusbf.npd▼∩","forcedark":"false","src":"appicon://app/▼∩fcpmhmbnjojn.fojhofiusbf.npd▼∩?force_refresh=true&timestamp=1781145216847","class":"app-icon "},"inlineStyle":{"height":"100%","width":"100%","borderRadiusWeight":0,"borderRadius":"0dp"},"event":["error","complete"]}
06-11 10:33:37.114 29276 29276 D BLASTBufferQueue: [ae19f80 SurfaceView[com.earthengine.minimalglobe/com.earthengine.minimalglobe.MainActivity]#1](f:0,a:1) acquireNextBufferLocked size=1240x2772 mFrameNumber=1 applyTransaction=true mTimestamp=200710836934057(auto) mPendingTransactions.size=0 graphicBufferId=125739462557697 transform=0
06-11 10:33:37.115 29276 29375 I AndroidBridge: androidHttpGet: env=0xb400007a071a7380 gJniHttpHelperClass=0x30a6 gHttpGetMethod=0x1 url=http://192.168.1.6:8091/11/1630/687.terrain
06-11 10:33:37.115 29276 29276 I MinimalGlobe: Frame 1 | tiles vis=41 cached=0 renderSurface=0 mesh=0 (terr=0 ellip=0 ready=0 terrParent=0 terrTrans=0) attach=0 exact=0 parent=0 stale=0 missingGen=0 | missing=25 unsupported=16 kicked=0 retained=0 visZ=2-11 targetZ=0-0 texZ=0-0 lod=512 eq=1 qRender=41 qWalk=64 qFrustum=79 qFade=0 qBal=0 qHz=35 qEq2=0 grp=25/0/16 gen=0 | sun=(0.03,0.93,0.36) | FPS=6.0 draw=2
06-11 10:33:37.115 29276 29375 I JniHttpHelper: httpGet called: http://192.168.1.6:8091/11/1630/687.terrain
06-11 10:33:37.115 29276 29376 I QMTerrain: httpGet ENTER: http://192.168.1.6:8091/11/1630/686.terrain
06-11 10:33:37.115 29276 29376 I AndroidBridge: androidHttpGet: env=0xb400007a7da11300 gJniHttpHelperClass=0x30a6 gHttpGetMethod=0x1 url=http://192.168.1.6:8091/11/1630/686.terrain
06-11 10:33:37.115 27947  1358 I GameSpaceUI.TrackService: getPluginConfigAppId -1, currentPkgName: 
06-11 10:33:37.115 29276 29376 I JniHttpHelper: httpGet called: http://192.168.1.6:8091/11/1630/686.terrain
06-11 10:33:37.115 29276 29377 I QMTerrain: httpGet ENTER: http://192.168.1.6:8091/11/1629/685.terrain
06-11 10:33:37.115 29276 29377 I AndroidBridge: androidHttpGet: env=0xb400007a071a7700 gJniHttpHelperClass=0x30a6 gHttpGetMethod=0x1 url=http://192.168.1.6:8091/11/1629/685.terrain
06-11 10:33:37.115 29276 29377 I JniHttpHelper: httpGet called: http://192.168.1.6:8091/11/1629/685.terrain
06-11 10:33:37.117 29276 29276 W VRI[MainActivity]: handleResized, msg:, frameChanged:false, configChanged:false, displayChanged:false, attachedFrameChanged:false, compatScaleChanged:false, pendingDragResizing=false
06-11 10:33:37.117  9703 11042 D TapHttp.OkHttpClient:  OkHttpClient(Builder builder) end
06-11 10:33:37.119 29276 29276 I DynamicFramerate [FRTCConfigManager]: initFrameRateConfig: 
06-11 10:33:37.119 29276 29276 I DynamicFramerate [FRTCConfigManager]: 	levelsFor120hz: [120, 60]
06-11 10:33:37.119 29276 29276 I DynamicFramerate [FRTCConfigManager]: 	thresholdsFor120hz: [200]
06-11 10:33:37.119 29276 29276 I DynamicFramerate [FRTCConfigManager]: 	levelsFor90hz: [90]
06-11 10:33:37.119 29276 29276 I DynamicFramerate [FRTCConfigManager]: 	thresholdsFor90hz: []
06-11 10:33:37.119 29276 29276 I DynamicFramerate [FRTCConfigManager]: FRTCConfigManager: FRTC_CAPABILITY = 120, package name = com.earthengine.minimalglobe, WINDOW_ANIMATION_SPEED_RATE = 10, SCROLL_ANIMATION_SPEED_RATE = 20, PACKAGE_ENABLE = false
06-11 10:33:37.119 29276 29276 I DynamicFramerate [DynamicFrameRateController]: init info: mPackageName = com.earthengine.minimalglobe, mIsEnabled = false
06-11 10:33:37.122 29276 29276 I TerrainLayer: processPendingUploads #2 queue=0 empty=0
06-11 10:33:37.123  2362  2362 D tcmd    : DpmCom :there are 1 file descriptor(s) with events pending
06-11 10:33:37.123  1460 23496 W SeedlingShare: (com.oplus.games, assistant_mini_game_red_envelopes_switch_state) not in seeding shared white list.
06-11 10:33:37.123  2362  2362 D tcmd    : DpmCom : 1 events pending, handling 1 for 27
06-11 10:33:37.123  2362  2362 D tcmd    : DpmCom :fd '27' is processing events [callback:0x5f499dcb40, data:0xb400007864a65250]
06-11 10:33:37.123  2362  2362 D tcmd    : LipcTcmServerPollEventHandler fd 27 -> nfd 12
06-11 10:33:37.123  2362  2362 D tcmd    : DpmCom::addComEventHandler fd 12, ComEventCallback 0x0, void* 0xb400007864a65250, ComCloseCallback 0x5f499dcb48, events 1
06-11 10:33:37.123  2362  2362 D tcmd    : waiting on events (-1ms)
06-11 10:33:37.125  1460 23496 W AppInfo : AppInfo create Uri content://com.nearme.instant.platform.res/com.coloros.gamespaceui.quickapp.library/manifest.json
06-11 10:33:37.125  6967  8214 I DeepThinker: EventFountainDispatcher: dispatchSpecificIntents 1
06-11 10:33:37.125  1460 23496 W PackageFilesValidator: isInvalidResource: AppDistributionMeta is null
06-11 10:33:37.126 29276 29350 D VRI[MainActivity]: Received frameCommittedCallback lastAttemptedDrawFrameNum=2 didProduceBuffer=false syncBuffer=false
06-11 10:33:37.126 29276 29276 D VRI[MainActivity]: draw finished. seqId=0
06-11 10:33:37.127  1699  1958 I SDM     : CommitProcessLayer():889 Checksum for layer 5465 is: 0
06-11 10:33:37.127  1699  1958 W SDM     : HDRIntfClient::GenerateLuts: Unsupported LUT type = 4 for game layer
06-11 10:33:37.127  1699  3230 I Dpps    : DppsServer::HandleDppsClientEvent():1193 Incoming message on client fd 126: 'Ltm:ConstantAls:Primary:0'
06-11 10:33:37.128  1699  3812 I Dpps    : DppsLtmClientImp::Reply():1142 Couldn't reply to client 126, ret Try again
06-11 10:33:37.130 29276 29276 I TerrainLayer: processPendingUploads #3 queue=0 empty=0
06-11 10:33:37.131  9018 29563 D OplusAppSwitchManager: observer =  mDefaultMatchActivity = false mDefaultMatchApp false
06-11 10:33:37.131  1877  5082 I ComposerExtn: SmoMoImpl::InsertLayerBuffer: no record found for layer 19213
06-11 10:33:37.132  1877  5082 I ComposerExtn: SmoMoImpl::FrameIsLate: no layer record found for layer 19213
06-11 10:33:37.133  1032  1032 I hwservicemanager: getTransport: Cannot find entry vendor.qti.hardware.iop@2.0::IIop/default in either framework or device VINTF manifest.
06-11 10:33:37.133  9703 11042 D Identity: nonceAndCounter: d76c27f44bf1755a0000000000000004
06-11 10:33:37.133  9703 11244 D CloudConfig_stgyHelper: mspVersionCanSupport mspKitVersion : 2021620
06-11 10:33:37.133 29276 29276 D VRI[MainActivity]: onFocusEvent true
06-11 10:33:37.133  1877  1877 I ComposerExtn: SmoMoImpl::FrameIsEarly: no layer record found for layer 19213
06-11 10:33:37.134  1032  1032 I hwservicemanager: getTransport: Cannot find entry vendor.qti.hardware.iop@2.0::IIop/default in either framework or device VINTF manifest.
06-11 10:33:37.134  1877  1877 I ComposerExtn: SmoMoImpl::SetPresentTime: no record found for layer 19213
06-11 10:33:37.134  9703 11244 D CloudConfig_stgyHelper: getSupportKitMode strategyEntity : StrategyEntity(sdkInterval=1800000, strategyMode=1, minSDKVersion=1000, minKitVersion=2014122, validReqPeriod=7200000, maxReqProduct=100, forceKitIfKit=false, backoff=120000, enable=true, defaultLimit=RateLimitConfig{maxCalls=1, timeWindowSeconds=7200, callIntervalSeconds=0}, productLimits={56589=RateLimitConfig{maxCalls=1, timeWindowSeconds=7200, callIntervalSeconds=0}, 50351=RateLimitConfig{maxCalls=1, timeWindowSeconds=7200, callIntervalSeconds=0}, safe-jsApi_2003=RateLimitConfig{maxCalls=1, timeWindowSeconds=7200, callIntervalSeconds=0}, compass_20214=RateLimitConfig{maxCalls=1, timeWindowSeconds=7200, callIntervalSeconds=0}, compass_20100=RateLimitConfig{maxCalls=1, timeWindowSeconds=7200, callIntervalSeconds=0}, 54883=RateLimitConfig{maxCalls=1, timeWindowSeconds=7200, callIntervalSeconds=0}, global-domain_1281=RateLimitConfig{maxCalls=1, timeWindowSeconds=7200, callIntervalSeconds=0}, compass_131500=RateLimitConfig{maxCalls=1, timeWindowSeconds=7200, callIntervalSeconds=0}, compass_134200=RateLimitConfig{maxCalls=1, timeWindowSeconds=7200, callIntervalSeconds=0}})
06-11 10:33:37.134  9703 11244 D CloudConfig_stgyHelper: getSupportKitMode localSdkVersion : 1224
06-11 10:33:37.136  9703 11380 D CloudConfig_stgyHelper: mspVersionCanSupport mspKitVersion : 2021620
06-11 10:33:37.136  1460 23496 W AppInfo : app info parse uri fail. uri: content://com.nearme.instant.platform.res/com.coloros.gamespaceui.quickapp.library/manifest.json##Throwable##java.io.FileNotFoundException: open failed: ENOENT (No such file or directory)
06-11 10:33:37.136  1460 23496 W AppInfo : 	at android.os.ParcelFileDescriptor.openInternal(ParcelFileDescriptor.java:356)
06-11 10:33:37.136  1460 23496 W AppInfo : 	at android.os.ParcelFileDescriptor.open(ParcelFileDescriptor.java:233)
06-11 10:33:37.136  1460 23496 W AppInfo : 	at org.hapjs.cache.CacheProvider.doOpenFile(SourceFile:56)
06-11 10:33:37.136  1460 23496 W AppInfo : 	at org.hapjs.AbstractContentProvider.openFile(SourceFile:4)
06-11 10:33:37.136  1460 23496 W AppInfo : 	at android.content.ContentProvider.openAssetFile(ContentProvider.java:2326)
06-11 10:33:37.136  1460 23496 W AppInfo : 	at org.hapjs.AbstractContentProvider.doOpenAssetFile(SourceFile:1)
06-11 10:33:37.136  1460 23496 W AppInfo : 	at org.hapjs.cache.CacheProvider.doOpenAssetFile(SourceFile:74)
06-11 10:33:37.136  1460 23496 W AppInfo : 	at org.hapjs.AbstractContentProvider.openAssetFile(SourceFile:4)
06-11 10:33:37.136  1460 23496 W AppInfo : 	at android.content.ContentProvider.openTypedAssetFile(ContentProvider.java:2504)
06-11 10:33:37.136  1460 23496 W AppInfo : 	at android.content.ContentProvider.openTypedAssetFile(ContentProvider.java:2571)
06-11 10:33:37.136  1460 23496 W AppInfo : 	at android.content.ContentProvider$Transport.openTypedAssetFile(ContentProvider.java:692)
06-11 10:33:37.136  1460 23496 W AppInfo : 	at android.content.ContentResolver.openTypedAssetFileDescriptor(ContentResolver.java:2097)
06-11 10:33:37.136  1460 23496 W AppInfo : 	at android.content.ContentResolver.openAssetFileDescriptor(ContentResolver.java:1912)
06-11 10:33:37.136  1460 23496 W AppInfo : 	at android.content.ContentResolver.openInputStream(ContentResolver.java:1582)
06-11 10:33:37.136  1460 23496 W AppInfo : 	at org.hapjs.model.AppInfo.fromUri(SourceFile:7)
06-11 10:33:37.136  1460 23496 W AppInfo : 	at org.hapjs.model.AppInfo.create(SourceFile:105)
06-11 10:33:37.136  1460 23496 W AppInfo : 	at org.hapjs.bridge.DefaultAppInfoProvider.create(SourceFile:1)
06-11 10:33:37.136  1460 23496 W AppInfo : 	at a.a.a.nl0.g(SourceFile:58)
06-11 10:33:37.136  1460 23496 W AppInfo : 	at a.a.a.nl0.e(SourceFile:2)
06-11 10:33:37.136  1460 23496 W AppInfo : 	at a.a.a.rp6.d(SourceFile:22)
06-11 10:33:37.136  1460 23496 W AppInfo : 	at a.a.a.rp6.c(SourceFile:52)
06-11 10:33:37.136  1460 23496 W AppInfo : 	at com.nearme.instant.card.SharedDataProvider.setOrUpdateSharedDataInner(SourceFile:48)
06-11 10:33:37.136  1460 23496 W AppInfo : 	at com.nearme.instant.card.SharedDataProvider.setOrUpdateSharedData(SourceFile:61)
06-11 10:33:37.136  1460 23496 W AppInfo : 	at com.nearme.instant.card.SharedDataProvider.doCall(SourceFile:46)
06-11 10:33:37.136  1460 23496 W AppInfo : 	at org.hapjs.AbstractContentProvider.call(SourceFile:4)
06-11 10:33:37.136  1460 23496 W AppInfo : 	at android.content.ContentProvider.call(ContentProvider.java:2773)
06-11 10:33:37.136  1460 23496 W AppInfo : 	at android.content.ContentProvider$Transport.call(ContentProvider.java:653)
06-11 10:33:37.136  1460 23496 W AppInfo : 	at android.content.ContentProviderNative.onTransact(ContentProviderNative.java:307)
06-11 10:33:37.136  1460 23496 W AppInfo : 	at android.os.Binder.execTransactInternal(Binder.java:1444)
06-11 10:33:37.136  1460 23496 W AppInfo : 	at android.os.Binder.execTransact(Binder.java:1378)
06-11 10:33:37.136  9703 11380 D CloudConfig_stgyHelper: getSupportKitMode strategyEntity : StrategyEntity(sdkInterval=1800000, strategyMode=1, minSDKVersion=1000, minKitVersion=2014122, validReqPeriod=7200000, maxReqProduct=100, forceKitIfKit=false, backoff=120000, enable=true, defaultLimit=RateLimitConfig{maxCalls=1, timeWindowSeconds=7200, callIntervalSeconds=0}, productLimits={56589=RateLimitConfig{maxCalls=1, timeWindowSeconds=7200, callIntervalSeconds=0}, 50351=RateLimitConfig{maxCalls=1, timeWindowSeconds=7200, callIntervalSeconds=0}, safe-jsApi_2003=RateLimitConfig{maxCalls=1, timeWindowSeconds=7200, callIntervalSeconds=0}, compass_20214=RateLimitConfig{maxCalls=1, timeWindowSeconds=7200, callIntervalSeconds=0}, compass_20100=RateLimitConfig{maxCalls=1, timeWindowSeconds=7200, callIntervalSeconds=0}, 54883=RateLimitConfig{maxCalls=1, timeWindowSeconds=7200, callIntervalSeconds=0}, global-domain_1281=RateLimitConfig{maxCalls=1, timeWindowSeconds=7200, callIntervalSeconds=0}, compass_131500=RateLimitConfig{maxCalls=1, timeWindowSeconds=7200, callIntervalSeconds=0}, compass_134200=RateLimitConfig{maxCalls=1, timeWindowSeconds=7200, callIntervalSeconds=0}})
06-11 10:33:37.136  9703 11380 D CloudConfig_stgyHelper: getSupportKitMode localSdkVersion : 1224
06-11 10:33:37.137  1877  5082 I ComposerExtn: SmoMoImpl::FrameIsLate: no valid present time for layer 19213
06-11 10:33:37.137  9703 11380 D CloudConfig_stgyHelper: mspVersionCanSupport mspKitVersion : 2021620
06-11 10:33:37.139  9703 11380 D CloudConfig_stgyHelper: getSupportKitMode strategyEntity : StrategyEntity(sdkInterval=1800000, strategyMode=1, minSDKVersion=1000, minKitVersion=2014122, validReqPeriod=7200000, maxReqProduct=100, forceKitIfKit=false, backoff=120000, enable=true, defaultLimit=RateLimitConfig{maxCalls=1, timeWindowSeconds=7200, callIntervalSeconds=0}, productLimits={56589=RateLimitConfig{maxCalls=1, timeWindowSeconds=7200, callIntervalSeconds=0}, 50351=RateLimitConfig{maxCalls=1, timeWindowSeconds=7200, callIntervalSeconds=0}, safe-jsApi_2003=RateLimitConfig{maxCalls=1, timeWindowSeconds=7200, callIntervalSeconds=0}, compass_20214=RateLimitConfig{maxCalls=1, timeWindowSeconds=7200, callIntervalSeconds=0}, compass_20100=RateLimitConfig{maxCalls=1, timeWindowSeconds=7200, callIntervalSeconds=0}, 54883=RateLimitConfig{maxCalls=1, timeWindowSeconds=7200, callIntervalSeconds=0}, global-domain_1281=RateLimitConfig{maxCalls=1, timeWindowSeconds=7200, callIntervalSeconds=0}, compass_131500=RateLimitConfig{maxCalls=1, timeWindowSeconds=7200, callIntervalSeconds=0}, compass_134200=RateLimitConfig{maxCalls=1, timeWindowSeconds=7200, callIntervalSeconds=0}})
06-11 10:33:37.139  9703 11380 D CloudConfig_stgyHelper: getSupportKitMode localSdkVersion : 1224
06-11 10:33:37.139  9703 11042 I TapHttp.:  RetryAndFollowUpInterceptor isEventListenerStub:true
06-11 10:33:37.139  9703 11042 D TapHttp.:  StreamAllocation isEventListenerStub:true
06-11 10:33:37.139  9703 27343 I MSP-LOG-SDK-MspSdk: Sdk has initialized! version:2.0.1.14
06-11 10:33:37.140  9703 27353 I MSP-LOG-SDK-MspSdk: Sdk has initialized! version:2.0.1.14
06-11 10:33:37.141  9703 27353 E MSP-LOG-SDK-RateLimitManager: not_allow_invoke because of time_window_not_allow queue = [1781143250916], config = RateLimitConfig{maxCalls=1, timeWindowSeconds=21600, callIntervalSeconds=0}, ipcInvokeTimeQueueMapKey = com.heytap.nearx.tangramconfig.kit.client.ICloudCtrlServiceModule?@?56589?@?1?@?com.heytap.quicksearchbox, has already call 1 times in 21600 seconds before
06-11 10:33:37.141  9703 27343 E MSP-LOG-SDK-RateLimitManager: not_allow_invoke because of time_window_not_allow queue = [1781143250911], config = RateLimitConfig{maxCalls=1, timeWindowSeconds=7200, callIntervalSeconds=0}, ipcInvokeTimeQueueMapKey = com.heytap.nearx.tangramconfig.kit.client.ICloudCtrlServiceModule?@?56589?@?2?@?com.heytap.quicksearchbox, has already call 1 times in 7200 seconds before
06-11 10:33:37.141 11083 29251 I os.phonemanager: AssetManager2(0xb40000797b0edc28) locale list changing from [] to [zh-CN]
06-11 10:33:37.141  9703 27343 E MSP-LOG-SDK-: MspSdkException{code=3014,message=com.heytap.mspsdk.ratelimit.MspRateLimitExceededException: ipc rate limit exceeded in time window}
06-11 10:33:37.141  9703 27343 E MSP-LOG-SDK-: 	at com.heytap.mspsdk.ratelimit.b.a(RateLimitInterceptor.java:54)
06-11 10:33:37.141  9703 27343 E MSP-LOG-SDK-: 	at com.heytap.mspsdk.interceptor.b.b(StandardListChain.java:32)
06-11 10:33:37.141  9703 27343 E MSP-LOG-SDK-: 	at com.heytap.mspsdk.proxy.b.a(CompatCheckInterceptor.java:182)
06-11 10:33:37.141  9703 27343 E MSP-LOG-SDK-: 	at com.heytap.mspsdk.interceptor.b.b(StandardListChain.java:32)
06-11 10:33:37.141  9703 27343 E MSP-LOG-SDK-: 	at com.heytap.mspsdk.proxy.e.invoke(InnerInvocationHandler.java:261)
06-11 10:33:37.141  9703 27343 E MSP-LOG-SDK-: 	at java.lang.reflect.Proxy.invoke(Proxy.java:1006)
06-11 10:33:37.141  9703 27343 E MSP-LOG-SDK-: 	at $Proxy31.getConfigData(Unknown Source)
06-11 10:33:37.141  9703 27343 E MSP-LOG-SDK-: 	at com.heytap.nearx.tangramconfig.kit.client.KitProxy.getConfigData$lambda$1(KitProxy.kt:29)
06-11 10:33:37.141  9703 27343 E MSP-LOG-SDK-: 	at com.heytap.nearx.tangramconfig.kit.client.KitProxy.c(KitProxy.kt:1)
06-11 10:33:37.141  9703 27343 E MSP-LOG-SDK-: 	at com.heytap.nearx.tangramconfig.kit.client.c.run(R8$$SyntheticClass:42)
06-11 10:33:37.141  9703 27343 E MSP-LOG-SDK-: 	at java.util.concurrent.ThreadPoolExecutor.runWorker(ThreadPoolExecutor.java:1156)
06-11 10:33:37.141  9703 27343 E MSP-LOG-SDK-: 	at java.util.concurrent.ThreadPoolExecutor$Worker.run(ThreadPoolExecutor.java:651)
06-11 10:33:37.141  9703 27343 E MSP-LOG-SDK-: 	at java.lang.Thread.run(Thread.java:1119)
06-11 10:33:37.141  9703 27353 E MSP-LOG-SDK-: MspSdkException{code=3014,message=com.heytap.mspsdk.ratelimit.MspRateLimitExceededException: ipc rate limit exceeded in time window}
06-11 10:33:37.141  9703 27353 E MSP-LOG-SDK-: 	at com.heytap.mspsdk.ratelimit.b.a(RateLimitInterceptor.java:54)
06-11 10:33:37.141  9703 27353 E MSP-LOG-SDK-: 	at com.heytap.mspsdk.interceptor.b.b(StandardListChain.java:32)
06-11 10:33:37.141  9703 27353 E MSP-LOG-SDK-: 	at com.heytap.mspsdk.proxy.b.a(CompatCheckInterceptor.java:182)
06-11 10:33:37.141  9703 27353 E MSP-LOG-SDK-: 	at com.heytap.mspsdk.interceptor.b.b(StandardListChain.java:32)
06-11 10:33:37.141  9703 27353 E MSP-LOG-SDK-: 	at com.heytap.mspsdk.proxy.e.invoke(InnerInvocationHandler.java:261)
06-11 10:33:37.141  9703 27353 E MSP-LOG-SDK-: 	at java.lang.reflect.Proxy.invoke(Proxy.java:1006)
06-11 10:33:37.141  9703 27353 E MSP-LOG-SDK-: 	at $Proxy31.getDynamicCondition(Unknown Source)
06-11 10:33:37.141  9703 27353 E MSP-LOG-SDK-: 	at com.heytap.nearx.tangramconfig.kit.client.KitProxy.getDynamicCondition$lambda$0(KitProxy.kt:25)
06-11 10:33:37.141  9703 27353 E MSP-LOG-SDK-: 	at com.heytap.nearx.tangramconfig.kit.client.KitProxy.b(KitProxy.kt:1)
06-11 10:33:37.141  9703 27353 E MSP-LOG-SDK-: 	at com.heytap.nearx.tangramconfig.kit.client.b.run(R8$$SyntheticClass:28)
06-11 10:33:37.141  9703 27353 E MSP-LOG-SDK-: 	at java.util.concurrent.ThreadPoolExecutor.runWorker(ThreadPoolExecutor.java:1156)
06-11 10:33:37.141  9703 27353 E MSP-LOG-SDK-: 	at java.util.concurrent.ThreadPoolExecutor$Worker.run(ThreadPoolExecutor.java:651)
06-11 10:33:37.141  9703 27353 E MSP-LOG-SDK-: 	at java.lang.Thread.run(Thread.java:1119)
06-11 10:33:37.141  9703 27357 I MSP-LOG-SDK-MspSdk: Sdk has initialized! version:2.0.1.14
06-11 10:33:37.142  1877  1877 I ComposerExtn: SmoMoImpl::FrameIsEarly: no valid present time for layer 19213
06-11 10:33:37.142  6967  8214 I DeepThinker: EventFountainDispatcher: dispatchSpecificIntents com.pantanal.action.APPS_LIST
06-11 10:33:37.142  9703 27357 E MSP-LOG-SDK-RateLimitManager: not_allow_invoke because of time_window_not_allow queue = [1781143250917], config = RateLimitConfig{maxCalls=1, timeWindowSeconds=7200, callIntervalSeconds=0}, ipcInvokeTimeQueueMapKey = com.heytap.nearx.tangramconfig.kit.client.ICloudCtrlServiceModule?@?56589?@?4?@?com.heytap.quicksearchbox, has already call 1 times in 7200 seconds before
06-11 10:33:37.142  9703 27357 E MSP-LOG-SDK-: MspSdkException{code=3014,message=com.heytap.mspsdk.ratelimit.MspRateLimitExceededException: ipc rate limit exceeded in time window}
06-11 10:33:37.142  9703 27357 E MSP-LOG-SDK-: 	at com.heytap.mspsdk.ratelimit.b.a(RateLimitInterceptor.java:54)
06-11 10:33:37.142  9703 27357 E MSP-LOG-SDK-: 	at com.heytap.mspsdk.interceptor.b.b(StandardListChain.java:32)
06-11 10:33:37.142  9703 27357 E MSP-LOG-SDK-: 	at com.heytap.mspsdk.proxy.b.a(CompatCheckInterceptor.java:182)
06-11 10:33:37.142  9703 27357 E MSP-LOG-SDK-: 	at com.heytap.mspsdk.interceptor.b.b(StandardListChain.java:32)
06-11 10:33:37.142  9703 27357 E MSP-LOG-SDK-: 	at com.heytap.mspsdk.proxy.e.invoke(InnerInvocationHandler.java:261)
06-11 10:33:37.142  9703 27357 E MSP-LOG-SDK-: 	at java.lang.reflect.Proxy.invoke(Proxy.java:1006)
06-11 10:33:37.142  9703 27357 E MSP-LOG-SDK-: 	at $Proxy31.checkUpdateConfig(Unknown Source)
06-11 10:33:37.142  9703 27357 E MSP-LOG-SDK-: 	at com.heytap.nearx.tangramconfig.kit.client.KitProxy.checkUpdateConfig$lambda$3(KitProxy.kt:20)
06-11 10:33:37.142  9703 27357 E MSP-LOG-SDK-: 	at com.heytap.nearx.tangramconfig.kit.client.KitProxy.d(KitProxy.kt:1)
06-11 10:33:37.142  9703 27357 E MSP-LOG-SDK-: 	at com.heytap.nearx.tangramconfig.kit.client.e.run(R8$$SyntheticClass:30)
06-11 10:33:37.142  9703 27357 E MSP-LOG-SDK-: 	at java.util.concurrent.ThreadPoolExecutor.runWorker(ThreadPoolExecutor.java:1156)
06-11 10:33:37.142  9703 27357 E MSP-LOG-SDK-: 	at java.util.concurrent.ThreadPoolExecutor$Worker.run(ThreadPoolExecutor.java:651)
06-11 10:33:37.142  9703 27357 E MSP-LOG-SDK-: 	at java.lang.Thread.run(Thread.java:1119)
06-11 10:33:37.142 11083 29251 V OplusUXIconLoader: loadUxIcon drawable null, packageName = com.earthengine.minimalglobe,activityName =:com.earthengine.minimalglobe.MainActivity
06-11 10:33:37.142  9703 27357 I MSP-LOG-SDK-MspSdk: Sdk has initialized! version:2.0.1.14
06-11 10:33:37.143 11083 29251 V OplusUXIconLoader: loadUxIcon drawable null, packageName = com.earthengine.minimalglobe,activityName =:null
06-11 10:33:37.143  9703 27357 E MSP-LOG-SDK-RateLimitManager: not_allow_invoke because of time_window_not_allow queue = [1781143250916], config = RateLimitConfig{maxCalls=1, timeWindowSeconds=21600, callIntervalSeconds=0}, ipcInvokeTimeQueueMapKey = com.heytap.nearx.tangramconfig.kit.client.ICloudCtrlServiceModule?@?56589?@?1?@?com.heytap.quicksearchbox, has already call 1 times in 21600 seconds before
06-11 10:33:37.143  9703 27357 E MSP-LOG-SDK-: MspSdkException{code=3014,message=com.heytap.mspsdk.ratelimit.MspRateLimitExceededException: ipc rate limit exceeded in time window}
06-11 10:33:37.143  9703 27357 E MSP-LOG-SDK-: 	at com.heytap.mspsdk.ratelimit.b.a(RateLimitInterceptor.java:54)
06-11 10:33:37.143  9703 27357 E MSP-LOG-SDK-: 	at com.heytap.mspsdk.interceptor.b.b(StandardListChain.java:32)
06-11 10:33:37.143  9703 27357 E MSP-LOG-SDK-: 	at com.heytap.mspsdk.proxy.b.a(CompatCheckInterceptor.java:182)
06-11 10:33:37.143  9703 27357 E MSP-LOG-SDK-: 	at com.heytap.mspsdk.interceptor.b.b(StandardListChain.java:32)
06-11 10:33:37.143  9703 27357 E MSP-LOG-SDK-: 	at com.heytap.mspsdk.proxy.e.invoke(InnerInvocationHandler.java:261)
06-11 10:33:37.143  9703 27357 E MSP-LOG-SDK-: 	at java.lang.reflect.Proxy.invoke(Proxy.java:1006)
06-11 10:33:37.143  9703 27357 E MSP-LOG-SDK-: 	at $Proxy31.getDynamicCondition(Unknown Source)
06-11 10:33:37.143  9703 27357 E MSP-LOG-SDK-: 	at com.heytap.nearx.tangramconfig.kit.client.KitProxy.getDynamicCondition$lambda$0(KitProxy.kt:25)
06-11 10:33:37.143  9703 27357 E MSP-LOG-SDK-: 	at com.heytap.nearx.tangramconfig.kit.client.KitProxy.b(KitProxy.kt:1)
06-11 10:33:37.143  9703 27357 E MSP-LOG-SDK-: 	at com.heytap.nearx.tangramconfig.kit.client.b.run(R8$$SyntheticClass:28)
06-11 10:33:37.143  9703 27357 E MSP-LOG-SDK-: 	at java.util.concurrent.ThreadPoolExecutor.runWorker(ThreadPoolExecutor.java:1156)
06-11 10:33:37.143  9703 27357 E MSP-LOG-SDK-: 	at java.util.concurrent.ThreadPoolExecutor$Worker.run(ThreadPoolExecutor.java:651)
06-11 10:33:37.143  9703 27357 E MSP-LOG-SDK-: 	at java.lang.Thread.run(Thread.java:1119)
06-11 10:33:37.148  1574  1616 E statsd  : Gauge Stats puller failed for tag: 150134 at 242614445099861
06-11 10:33:37.148  1574  1616 I statsd  : An anomaly (104840000001) (48)0x10000->10602[I] (48)0x20000->com.earthengine.minimalglobe[S] (48)0x30000->3[I]  has occurred! Informing subscribers.
06-11 10:33:37.148  1460 23496 E PermissionVerifier: card rpk not exists
06-11 10:33:37.148  1460 23496 W PermissionVerifier: checkWritePermission writer: com.oplus.games not in rpk: com.coloros.gamespaceui.quickapp.library allowed list
06-11 10:33:37.148  1460 23496 W SharedDataProvider: setOrUpdateSharedData no permissions!
06-11 10:33:37.149 27947  1358 W GameSpaceUI.gs_DesktopCardServiceImpl: set assistant_config_card_show_default = 0 success expire 86400000
06-11 10:33:37.149 27947  1358 I GameSpaceUI.TrackService: getPluginConfigAppId -1, currentPkgName: 
06-11 10:33:37.151  1460 23496 W SeedlingShare: (com.oplus.games, assistant_config_card_show_default) not in seeding shared white list.
06-11 10:33:37.152  1460 23496 W AppInfo : AppInfo create Uri content://com.nearme.instant.platform.res/com.coloros.gamespaceui.quickapp.guide/manifest.json
06-11 10:33:37.152  1460 23496 W PackageFilesValidator: isInvalidResource: AppDistributionMeta is null
06-11 10:33:37.153 29276 29276 D InsetsController: hide(ime(), fromIme=false)
06-11 10:33:37.153 29276 29276 I ImeTracker: com.earthengine.minimalglobe:589b320c: onCancelled at PHASE_CLIENT_ALREADY_HIDDEN
06-11 10:33:37.158  8454 13647 D SceneSDK.1.0.4-SNAPSHOT.8454.DeepThinkerAppSwitchAbility: onAppSwitchEvent: AppSwitchEvent(timeStamp=1781145217150, eventType=1, targetName=com.earthengine.minimalglobe, firstStart=true, multiApp=false, windowMode=1, resumingPackageName=, resumingActivityName=, isResumingMultiApp=false, isResumingFirstStart=false)
06-11 10:33:37.158  8454 17267 D SceneSDK.1.0.4-SNAPSHOT.8454.DeepThinkerAppSwitchAbility: onAppSwitchEvent: AppSwitchEvent(timeStamp=1781145217150, eventType=1, targetName=com.earthengine.minimalglobe, firstStart=true, multiApp=false, windowMode=1, resumingPackageName=, resumingActivityName=, isResumingMultiApp=false, isResumingFirstStart=false)
06-11 10:33:37.158  8454 17267 I metis_v2_AppSwitchDataCollector: AppEnterEvent =  com.earthengine.minimalglobe, windowMode = 1,firstStart = true
06-11 10:33:37.159  8454 13647 I ContextAware_AppRecommendAdapter: receive app recommend from AppSwitchEvent(eventId=1, switchInfo=AppSwitchInfo(targetName=com.earthengine.minimalglobe, firstStart=true, multiApp=false, windowMode=1, resumingPackageName=, resumingActivityName=, isResumingFirstStart=false, isResumingMultiApp=false))
06-11 10:33:37.159  8454 17267 W metis_v2_AppSwitchDataCollector: fenceKey = com.oplus.metis:TOP_APPLICATION, getExits = [], getEnters = [] packageName = com.earthengine.minimalglobe
06-11 10:33:37.161  8454 17267 W metis_v2_AppSwitchDataCollector: pid = 29276, cachePid=27559
06-11 10:33:37.163  4650  4650 I SplitScreenManager: Attached Launcher#7e871e0 ON_STOP
06-11 10:33:37.165  4650  4650 I GCP.GroupCardWrapper[1781139090859]:  getView[gcSdk:v1.3.130-5a024cf,gcPlugin:v16.56.0-ff09c7f3] [OplusLauncher|com.android.launcher|2.0.44-25e9612]
06-11 10:33:37.165  4650  4650 D AnimSeqTimeStamp: resetLastLaunchTaskTime
06-11 10:33:37.165  9206  9206 W bdoppoime_ImeService: onStartInput called, restarting = false, initialSelStart = -1, initialSelEnd = -1, inputType = 0, fieldId = 0, imeOptions = 0
06-11 10:33:37.166  9206  9558 W bdoppoime_ImeGlobalSettingsObserver: start init data statistics
06-11 10:33:37.166  4650  4650 I ULEView : onVisibilityChanged : 4 [onVisibilityChanged view]: b6.g{5ae23e2 VFED..... ........ 0,0-522,583 #c8 alpha=1.0 viewInfo = } [SeedlingSdk|com.android.launcher|2.0.40-ebe132d]
06-11 10:33:37.166  9206  9558 W bdoppoime_ImeGlobalSettingsObserver: end init data statistics
06-11 10:33:37.166  9715 18949 I AstScreen.WatchOverlayProxy: onStop 
06-11 10:33:37.166  9206  9206 W bdoppoime_ImeService: onEvaluateInputViewShownSuper, hardKeyboardHidden:2
06-11 10:33:37.166  9206  9206 W libc    : Access denied finding property "persist.sys.theme.status"
06-11 10:33:37.167  9206  9206 W bdoppoime_ImeService: onStartInput called
06-11 10:33:37.167  9206  9206 I bdoppoime_KbModeManager: isDockMode = false, isPipMode = false , modeChanged = false
06-11 10:33:37.167  9206  9206 W bdoppoime_ImeService: onEvaluateInputViewShownSuper, hardKeyboardHidden:2
06-11 10:33:37.168  9206  9206 W bdoppoime_SysInfo: getSysParam screenW = 1240, needExpandKeyboardToNotchArea = true
06-11 10:33:37.168  9206  9206 W bdoppoime_SysInfo: SysInfo.getSysParam: orientation=1||config d=560,w=1240,h=2577||metrics d=3.5, densityDpi =560||sdk=36,stausH=139||appScale=3.6, selfScacle=3.6, sysScale=3.5,isPadMode=false, boardw=1240, boardH=688, candH=154, boardL=18, boardR=1222, ver=8.5.302.640, oplusApiVersion=37, virtualHeight=0, realW=1240, realH=2772, lang=zh, region=CN, split=false, miniMapMode: 0, splitScreenLeftRect=null, inputWay: 0, isFoldExpand: false, CUID: D8440C-7B84F5-E910F0-3G34D5-9DEE5D-EE, isLuXunDevice : false, resCheck : false, turbo : false, skinInfoskin info : default default 0
06-11 10:33:37.174  4323  6896 V OsAgent : broadcastSystemEvent - 7
06-11 10:33:37.174  4323  6896 V OsAgent : broadcastSystemEvent - 7
06-11 10:33:37.174  4323  6896 V OsAgent : broadcastSystemEvent - 7
06-11 10:33:37.174  4323  6896 V OsAgent : broadcastSystemEvent - 7
06-11 10:33:37.174  4323  6896 V OsAgent : broadcastSystemEvent - 7
06-11 10:33:37.174  4323  6896 V OsAgent : broadcastSystemEvent - 7
06-11 10:33:37.174  4323  6896 V OsAgent : broadcastSystemEvent - 7
06-11 10:33:37.174  4323  6896 V OsAgent : broadcastSystemEvent - 7
06-11 10:33:37.174  4323  6896 V OsAgent : broadcastSystemEvent - 7
06-11 10:33:37.179  8454  8173 I ContextAware_AppCardProcessor: [subscription2x4-launcher]no card, release not send
06-11 10:33:37.179  8454  8173 I ContextAware_AdvertisementManager: [sidebar]getCommerceAppsByCardName size:1
06-11 10:33:37.179  8454  8173 I ContextAware_AppSidebarProcessor: [sidebar]process advApps: com.ss.android.ugc.aweme
06-11 10:33:37.179  8454  8173 I ContextAware_AppSidebarProcessor: [sidebar]SEND_APP_MESSAGE: resultApps=[AppInfo[pkg=com.ss.android.ugc.aweme, appType=3,iconSource=system, recallType=, deepLink=578,utrackClickUrl=2, utrackExposeUrl=2,icon=0, apiSource=9, typeCode=null, mode=0, advFinalScore=null,  routePage=0,title=null, subTitle=null, adSize=null,probability=0]], traceId: 3f9973f27a9848cebd2ccc582473405e-a0c0c2c3d82c4ac2b881af6da8d420d2
06-11 10:33:37.180  8852  9153 D SmartSidebar.MetisProviderObserver: (Sidebar_HandlerThread)onChange() selfChange = false
06-11 10:33:37.180  8852  9153 D SmartSidebar.MetisProviderObserver: (Sidebar_HandlerThread)MetisProviderObserver changed
06-11 10:33:37.180  8852  9153 D SmartSidebar.MetisDataManager: (Sidebar_HandlerThread)updateData: querying provider, dataType=2
06-11 10:33:37.182  4650  4856 I ImeTracker: com.android.launcher:9512bbea: onRequestHide at ORIGIN_CLIENT reason HIDE_SOFT_INPUT fromUser false
06-11 10:33:37.183  4650  4856 I ImeTracker: com.android.launcher:9512bbea: onFailed at PHASE_CLIENT_VIEW_SERVED
06-11 10:33:37.185 11083 11732 D CloudConfig_stgyHelper: mspVersionCanSupport mspKitVersion : 2021620
06-11 10:33:37.187  3189  6099 I OStatsManager_Calc: add screen power pkgName = com.earthengine.minimalglobe, uid = 10602, power = 62.255999997258186, is Fg = true, fore size = 2, mScale = 1.0
06-11 10:33:37.187  3189  6099 I OStatsManager_Calc: noteBeforePkgSwitch change = false, curTime = 242614513, com.android.launcher, fg = true
06-11 10:33:37.187  3189  6099 I OStatsManager_OplusBatteryStatsManager: updateStateTime: PkgName = com.android.launcher, uid = 10196, state to bg, mForegroundCnt = 0, isFg = false
06-11 10:33:37.187  3189  6099 I OStatsManager_OplusBatteryStatsManager: notePkgBackground [com.earthengine.minimalglobe10602], uid = 10196, pid = 4650, pkgName = com.android.launcher
06-11 10:33:37.187  3189  4181 D OsenseCommonUtils: /dev/memcg/apps/uid_10196/memory.app_score not exist
06-11 10:33:37.187  6963  8762 D OplusAtlas.OplusAudioScene: callback success event:atlas_event_on_foreground_activities_changed eventInfo:pid:4650,uid:10196,hasForegroundActivities:0
06-11 10:33:37.190  1460 23496 W AppInfo : app info parse uri fail. uri: content://com.nearme.instant.platform.res/com.coloros.gamespaceui.quickapp.guide/manifest.json##Throwable##java.io.FileNotFoundException: open failed: ENOENT (No such file or directory)
06-11 10:33:37.190  1460 23496 W AppInfo : 	at android.os.ParcelFileDescriptor.openInternal(ParcelFileDescriptor.java:356)
06-11 10:33:37.190  1460 23496 W AppInfo : 	at android.os.ParcelFileDescriptor.open(ParcelFileDescriptor.java:233)
06-11 10:33:37.190  1460 23496 W AppInfo : 	at org.hapjs.cache.CacheProvider.doOpenFile(SourceFile:56)
06-11 10:33:37.190  1460 23496 W AppInfo : 	at org.hapjs.AbstractContentProvider.openFile(SourceFile:4)
06-11 10:33:37.190  1460 23496 W AppInfo : 	at android.content.ContentProvider.openAssetFile(ContentProvider.java:2326)
06-11 10:33:37.190  1460 23496 W AppInfo : 	at org.hapjs.AbstractContentProvider.doOpenAssetFile(SourceFile:1)
06-11 10:33:37.190  1460 23496 W AppInfo : 	at org.hapjs.cache.CacheProvider.doOpenAssetFile(SourceFile:74)
06-11 10:33:37.190  1460 23496 W AppInfo : 	at org.hapjs.AbstractContentProvider.openAssetFile(SourceFile:4)
06-11 10:33:37.190  1460 23496 W AppInfo : 	at android.content.ContentProvider.openTypedAssetFile(ContentProvider.java:2504)
06-11 10:33:37.190  1460 23496 W AppInfo : 	at android.content.ContentProvider.openTypedAssetFile(ContentProvider.java:2571)
06-11 10:33:37.190  1460 23496 W AppInfo : 	at android.content.ContentProvider$Transport.openTypedAssetFile(ContentProvider.java:692)
06-11 10:33:37.190  1460 23496 W AppInfo : 	at android.content.ContentResolver.openTypedAssetFileDescriptor(ContentResolver.java:2097)
06-11 10:33:37.190  1460 23496 W AppInfo : 	at android.content.ContentResolver.openAssetFileDescriptor(ContentResolver.java:1912)
06-11 10:33:37.190  1460 23496 W AppInfo : 	at android.content.ContentResolver.openInputStream(ContentResolver.java:1582)
06-11 10:33:37.190  1460 23496 W AppInfo : 	at org.hapjs.model.AppInfo.fromUri(SourceFile:7)
06-11 10:33:37.190  1460 23496 W AppInfo : 	at org.hapjs.model.AppInfo.create(SourceFile:105)
06-11 10:33:37.190  1460 23496 W AppInfo : 	at org.hapjs.bridge.DefaultAppInfoProvider.create(SourceFile:1)
06-11 10:33:37.190  1460 23496 W AppInfo : 	at a.a.a.nl0.g(SourceFile:58)
06-11 10:33:37.190  1460 23496 W AppInfo : 	at a.a.a.nl0.e(SourceFile:2)
06-11 10:33:37.190  1460 23496 W AppInfo : 	at a.a.a.rp6.d(SourceFile:22)
06-11 10:33:37.190  1460 23496 W AppInfo : 	at a.a.a.rp6.c(SourceFile:52)
06-11 10:33:37.190  1460 23496 W AppInfo : 	at com.nearme.instant.card.SharedDataProvider.setOrUpdateSharedDataInner(SourceFile:48)
06-11 10:33:37.190  1460 23496 W AppInfo : 	at com.nearme.instant.card.SharedDataProvider.setOrUpdateSharedData(SourceFile:61)
06-11 10:33:37.190  1460 23496 W AppInfo : 	at com.nearme.instant.card.SharedDataProvider.doCall(SourceFile:46)
06-11 10:33:37.190  1460 23496 W AppInfo : 	at org.hapjs.AbstractContentProvider.call(SourceFile:4)
06-11 10:33:37.190  1460 23496 W AppInfo : 	at android.content.ContentProvider.call(ContentProvider.java:2773)
06-11 10:33:37.190  1460 23496 W AppInfo : 	at android.content.ContentProvider$Transport.call(ContentProvider.java:653)
06-11 10:33:37.190  1460 23496 W AppInfo : 	at android.content.ContentProviderNative.onTransact(ContentProviderNative.java:307)
06-11 10:33:37.190  1460 23496 W AppInfo : 	at android.os.Binder.execTransactInternal(Binder.java:1444)
06-11 10:33:37.190  1460 23496 W AppInfo : 	at android.os.Binder.execTransact(Binder.java:1378)
06-11 10:33:37.191  1667 15952 I sensors-hal: handle_oplus_wise_rgb_event:230, wise_rgb:algo_type = 3
06-11 10:33:37.191  1667 15952 I sensors-hal: handle_oplus_wise_rgb_event:285, wise_rgb: raw_lux 516.648682, raw_cct 6488.829102, r/g/b/c: 40386.183594/35527.921875/20166.677734/90150.562500, R/G/B: 0.000000/0.000000/0.000000, brl 1529.000000, lux: 516.648682, cct: 6488.829102, ts 242614509222730, cnt 3729
06-11 10:33:37.191  1460 23496 E PermissionVerifier: card rpk not exists
06-11 10:33:37.191  1460 23496 W PermissionVerifier: checkWritePermission writer: com.oplus.games not in rpk: com.coloros.gamespaceui.quickapp.guide allowed list
06-11 10:33:37.192  1460 23496 W SharedDataProvider: setOrUpdateSharedData no permissions!
06-11 10:33:37.192  9715 18949 I AstScreen.DaemonMemoryManager: query providerClient success auth:com.oplus.assistantscreen.window.WATCH_WINDOW_PROVIDER method:query_window_state arg:arg_window_foreground extras:null
06-11 10:33:37.192 27947  1358 W GameSpaceUI.gs_DesktopCardServiceImpl: set assistant_config_card_show_default = 0 success expire 86400000
06-11 10:33:37.192 27947  1358 I GameSpaceUI.TrackService: getPluginConfigAppId -1, currentPkgName: 
06-11 10:33:37.192 25296 26364 I AstScreen.WatchWindowProvider: call() query_window_state , arg_window_foreground
06-11 10:33:37.193 11083 11732 D CloudConfig_stgyHelper: getSupportKitMode strategyEntity : StrategyEntity(sdkInterval=1800000, strategyMode=1, minSDKVersion=1000, minKitVersion=2014122, validReqPeriod=7200000, maxReqProduct=100, forceKitIfKit=false, backoff=120000, enable=true, defaultLimit=RateLimitConfig{maxCalls=1, timeWindowSeconds=7200, callIntervalSeconds=0}, productLimits={global-domain_1281=RateLimitConfig{maxCalls=1, timeWindowSeconds=7200, callIntervalSeconds=0}, 50351=RateLimitConfig{maxCalls=1, timeWindowSeconds=7200, callIntervalSeconds=0}, compass_20092=RateLimitConfig{maxCalls=1, timeWindowSeconds=7200, callIntervalSeconds=0}, global-domain_1961=RateLimitConfig{maxCalls=1, timeWindowSeconds=7200, callIntervalSeconds=0}, compass_2=RateLimitConfig{maxCalls=1, timeWindowSeconds=7200, callIntervalSeconds=0}, mdp_2047=RateLimitConfig{maxCalls=1, timeWindowSeconds=7200, callIntervalSeconds=0}, mdp_2296=RateLimitConfig{maxCalls=1, timeWindowSeconds=7200, callIntervalSeconds=0}, compass_143100=RateLimitConfig{maxCalls=1, timeWindowSeconds=7200, callIntervalSeconds=0}})
06-11 10:33:37.193 11083 11732 D CloudConfig_stgyHelper: getSupportKitMode localSdkVersion : 1227
06-11 10:33:37.193  1460  1493 W SeedlingShare: (com.oplus.games, assistant_config_card_show_default) not in seeding shared white list.
06-11 10:33:37.194  8454 17267 I metis_v2_AppSwitchDataCollector:  set isNotifiedTVCast
06-11 10:33:37.194 27947 29353 W GameSpaceUI.COSASDKManager: fetchOriginGamePackageList: true,[]
06-11 10:33:37.194  1460  1493 W AppInfo : AppInfo create Uri content://com.nearme.instant.platform.res/com.coloros.gamespaceui.quickapp.library/manifest.json
06-11 10:33:37.195  1460  1493 W PackageFilesValidator: isInvalidResource: AppDistributionMeta is null
06-11 10:33:37.195  9715 18949 I AstScreen.DaemonMemoryManager: isForeground : false
06-11 10:33:37.195  9715 18949 I AstScreen.DaemonMemoryManager: use cache systemMemoryInfo android.app.ActivityManager$MemoryInfo@6180ec
06-11 10:33:37.195  9715 18949 I AstScreen.FeatureOption: isFullSystem = true
06-11 10:33:37.195  9715 18949 I AstScreen.DaemonMemoryManager: flagSysMem?false,cur ava6641744,mainPcsInitPss234793
06-11 10:33:37.195  9715 18949 I AstScreen.DaemonMemoryManager: use cache MainProcessPss : 355738
06-11 10:33:37.195  9715 18949 I AstScreen.DaemonMemoryManager: flagMainPcsMem? false, mainProcessCurrentPss355738
06-11 10:33:37.195 25296 26364 I AstScreen.LauncherOverlayBinder.Ht: onStop
06-11 10:33:37.196 25296 25296 I AstScreen.RxLauncherStateMonitor: setValue launcherState STOP value STOP
06-11 10:33:37.196 25296 25296 I AstScreen.AssistantScreen.EventProcessor: onStop
06-11 10:33:37.196 27947 27947 W GameSpaceUI.COSASDKManager: fetchOriginGamePackageList true,[]
06-11 10:33:37.196 27947 27947 I GameSpaceUI.MixUtils: onReceive
06-11 10:33:37.197 11083 11732 D CloudConfig_stgyHelper: mspVersionCanSupport mspKitVersion : 2021620
06-11 10:33:37.198 27947 27947 I GameSpaceUI.MixUtils: onReceive
06-11 10:33:37.199 11083 11732 D CloudConfig_stgyHelper: getSupportKitMode strategyEntity : StrategyEntity(sdkInterval=1800000, strategyMode=1, minSDKVersion=1000, minKitVersion=2014122, validReqPeriod=7200000, maxReqProduct=100, forceKitIfKit=false, backoff=120000, enable=true, defaultLimit=RateLimitConfig{maxCalls=1, timeWindowSeconds=7200, callIntervalSeconds=0}, productLimits={global-domain_1281=RateLimitConfig{maxCalls=1, timeWindowSeconds=7200, callIntervalSeconds=0}, 50351=RateLimitConfig{maxCalls=1, timeWindowSeconds=7200, callIntervalSeconds=0}, compass_20092=RateLimitConfig{maxCalls=1, timeWindowSeconds=7200, callIntervalSeconds=0}, global-domain_1961=RateLimitConfig{maxCalls=1, timeWindowSeconds=7200, callIntervalSeconds=0}, compass_2=RateLimitConfig{maxCalls=1, timeWindowSeconds=7200, callIntervalSeconds=0}, mdp_2047=RateLimitConfig{maxCalls=1, timeWindowSeconds=7200, callIntervalSeconds=0}, mdp_2296=RateLimitConfig{maxCalls=1, timeWindowSeconds=7200, callIntervalSeconds=0}, compass_143100=RateLimitConfig{maxCalls=1, timeWindowSeconds=7200, callIntervalSeconds=0}})
06-11 10:33:37.199 11083 11732 D CloudConfig_stgyHelper: getSupportKitMode localSdkVersion : 1227
06-11 10:33:37.200  4639  8514 D NetworkService[1]: getIfIndexByNetid netId:194,ifName:wlan0,ifIndex:30
06-11 10:33:37.200  1460  1493 W AppInfo : app info parse uri fail. uri: content://com.nearme.instant.platform.res/com.coloros.gamespaceui.quickapp.library/manifest.json##Throwable##java.io.FileNotFoundException: open failed: ENOENT (No such file or directory)
06-11 10:33:37.200  1460  1493 W AppInfo : 	at android.os.ParcelFileDescriptor.openInternal(ParcelFileDescriptor.java:356)
06-11 10:33:37.200  1460  1493 W AppInfo : 	at android.os.ParcelFileDescriptor.open(ParcelFileDescriptor.java:233)
06-11 10:33:37.200  1460  1493 W AppInfo : 	at org.hapjs.cache.CacheProvider.doOpenFile(SourceFile:56)
06-11 10:33:37.200  1460  1493 W AppInfo : 	at org.hapjs.AbstractContentProvider.openFile(SourceFile:4)
06-11 10:33:37.200  1460  1493 W AppInfo : 	at android.content.ContentProvider.openAssetFile(ContentProvider.java:2326)
06-11 10:33:37.200  1460  1493 W AppInfo : 	at org.hapjs.AbstractContentProvider.doOpenAssetFile(SourceFile:1)
06-11 10:33:37.200  1460  1493 W AppInfo : 	at org.hapjs.cache.CacheProvider.doOpenAssetFile(SourceFile:74)
06-11 10:33:37.200  1460  1493 W AppInfo : 	at org.hapjs.AbstractContentProvider.openAssetFile(SourceFile:4)
06-11 10:33:37.200  1460  1493 W AppInfo : 	at android.content.ContentProvider.openTypedAssetFile(ContentProvider.java:2504)
06-11 10:33:37.200  1460  1493 W AppInfo : 	at android.content.ContentProvider.openTypedAssetFile(ContentProvider.java:2571)
06-11 10:33:37.200  1460  1493 W AppInfo : 	at android.content.ContentProvider$Transport.openTypedAssetFile(ContentProvider.java:692)
06-11 10:33:37.200  1460  1493 W AppInfo : 	at android.content.ContentResolver.openTypedAssetFileDescriptor(ContentResolver.java:2097)
06-11 10:33:37.200  1460  1493 W AppInfo : 	at android.content.ContentResolver.openAssetFileDescriptor(ContentResolver.java:1912)
06-11 10:33:37.200  1460  1493 W AppInfo : 	at android.content.ContentResolver.openInputStream(ContentResolver.java:1582)
06-11 10:33:37.200  1460  1493 W AppInfo : 	at org.hapjs.model.AppInfo.fromUri(SourceFile:7)
06-11 10:33:37.200  1460  1493 W AppInfo : 	at org.hapjs.model.AppInfo.create(SourceFile:105)
06-11 10:33:37.200  1460  1493 W AppInfo : 	at org.hapjs.bridge.DefaultAppInfoProvider.create(SourceFile:1)
06-11 10:33:37.200  1460  1493 W AppInfo : 	at a.a.a.nl0.g(SourceFile:58)
06-11 10:33:37.200  1460  1493 W AppInfo : 	at a.a.a.nl0.e(SourceFile:2)
06-11 10:33:37.200  1460  1493 W AppInfo : 	at a.a.a.rp6.d(SourceFile:22)
06-11 10:33:37.200  1460  1493 W AppInfo : 	at a.a.a.rp6.c(SourceFile:52)
06-11 10:33:37.200  1460  1493 W AppInfo : 	at com.nearme.instant.card.SharedDataProvider.setOrUpdateSharedDataInner(SourceFile:48)
06-11 10:33:37.200  1460  1493 W AppInfo : 	at com.nearme.instant.card.SharedDataProvider.setOrUpdateSharedData(SourceFile:61)
06-11 10:33:37.200  1460  1493 W AppInfo : 	at com.nearme.instant.card.SharedDataProvider.doCall(SourceFile:46)
06-11 10:33:37.200  1460  1493 W AppInfo : 	at org.hapjs.AbstractContentProvider.call(SourceFile:4)
06-11 10:33:37.200  1460  1493 W AppInfo : 	at android.content.ContentProvider.call(ContentProvider.java:2773)
06-11 10:33:37.200  1460  1493 W AppInfo : 	at android.content.ContentProvider$Transport.call(ContentProvider.java:653)
06-11 10:33:37.200  1460  1493 W AppInfo : 	at android.content.ContentProviderNative.onTransact(ContentProviderNative.java:307)
06-11 10:33:37.200  1460  1493 W AppInfo : 	at android.os.Binder.execTransactInternal(Binder.java:1444)
06-11 10:33:37.200  1460  1493 W AppInfo : 	at android.os.Binder.execTransact(Binder.java:1378)
06-11 10:33:37.200  1460  1493 E PermissionVerifier: card rpk not exists
06-11 10:33:37.200  1460  1493 W PermissionVerifier: checkWritePermission writer: com.oplus.games not in rpk: com.coloros.gamespaceui.quickapp.library allowed list
06-11 10:33:37.200  1460  1493 W SharedDataProvider: setOrUpdateSharedData no permissions!
06-11 10:33:37.205 27947 29294 W GameSpaceUI.COSASDKManager: fetchOriginGamePackageList: true,[]
06-11 10:33:37.205 27947 16635 W GameSpaceUI.COSASDKManager: fetchOriginGamePackageList true,[]
06-11 10:33:37.205 27947  1358 W GameSpaceUI.gs_DesktopCardServiceImpl: set assistant_desktop_card_click_interact = 2 success expire 86400000
06-11 10:33:37.205 27947 16635 I GameSpaceUI.AppInstallNotificationHelper: checkIsGameApp pkg : com.earthengine.minimalglobe not in gameList
06-11 10:33:37.205 27947  1358 I GameSpaceUI.TrackService: getPluginConfigAppId -1, currentPkgName: 
06-11 10:33:37.207 27947 27947 I GameSpaceUI.MixUtils: onReceive
06-11 10:33:37.209  1460  1493 W SeedlingShare: (com.oplus.games, assistant_desktop_card_click_interact) not in seeding shared white list.
06-11 10:33:37.210  1460  1493 W AppInfo : AppInfo create Uri content://com.nearme.instant.platform.res/com.coloros.gamespaceui.quickapp.guide/manifest.json
06-11 10:33:37.210 27947 28278 W GameSpaceUI.COSASDKManager: acquireCOSAAppInfoListFromCOSA: true,[n60.a@6191ed0, n60.a@4f5aec9, n60.a@52d9ce, n60.a@4f7b0ef, n60.a@d3957fc, n60.a@3216e85, n60.a@4c6c4da, n60.a@3386d0b, n60.a@1c1f7e8, n60.a@e8f6e01, n60.a@c5c54a6, n60.a@37ecee7, n60.a@db2aa94, n60.a@783e93d, n60.a@6691532, n60.a@5df7283, n60.a@959dc00, n60.a@44adc39, n60.a@f527e, n60.a@d1cb3df, n60.a@180b82c, n60.a@9f402f5, n60.a@44a188a, n60.a@bc2aefb, n60.a@4572b18, n60.a@4ced971, n60.a@b93356, n60.a@7033fd7, n60.a@11fe0c4, n60.a@ca69bad, n60.a@b2d2ee2, n60.a@b520273, n60.a@69c4530, n60.a@be45a9, n60.a@3f3572e, n60.a@ec052cf, n60.a@c38845c, n60.a@78c9365, n60.a@e1b83a, n60.a@d194ceb, n60.a@1f78a48, n60.a@e3800e1, n60.a@d231e06, n60.a@9bdccc7, n60.a@31f02f4, n60.a@3d2ca1d, n60.a@9c31492, n60.a@3406e63, n60.a@7a35a60, n60.a@c56eb19, n60.a@af9e7de, n60.a@4c18dbf, n60.a@53bc8c, n60.a@7621fd5, n60.a@e38a3ea, n60.a@10b46db, n60.a@9c61578, n60.a@6b1e451, n60.a@4f514b6, n60.a@36d75b7, n60.a@2031124, n60.a@5f748d, n60.a@35c642, n60.a@259b653, n60.a@cf21b90, n60.a@8dbcc89, n60.a@8de048e, n60.a@fbf64af, n60.a@38560bc, n60.a@aba845, n60.a@b9db9a, n60.a@3279ccb, n60.a@9a5cca8, n60.a@1e383c1, n60.a@84a1766, n60.a@9913aa7, n60.a@6df0b54, n60.a@9639afd, n60.a@55043f2, n60.a@70cda43, n60.a@dcb88c0, n60.a@7d3e9f9, n60.a@61aad3e, n60.a@618d79f, n60.a@e4070ec, n60.a@6602cb5, n60.a@d905f4a, n60.a@bd4ebb, n60.a@e39afd8, n60.a@b33df31, n60.a@3fd2616, n60.a@f681b97, n60.a@585f184, n60.a@9b63d6d, n60.a@89d8da2, n60.a@988da33, n60.a@832a1f0, n60.a@a864369, n60.a@feae1ee]
06-11 10:33:37.210  1460  1493 W PackageFilesValidator: isInvalidResource: AppDistributionMeta is null
06-11 10:33:37.211  8454 17267 E metis_v2_FactManager: There is no subModel: com.oplus.linker
06-11 10:33:37.211  8454 17267 I metis_v2_AppSwitchDataCollector: Skip call fire
06-11 10:33:37.212 27947 29303 I GameSpaceUI.SharedPreferencesProxy: putBooleanValue key = xun_you_need_refresh_game_list_key, value = true, fileName = services_preferences
06-11 10:33:37.212 27947 28236 I MMKV    : <MMKV.cpp:1170::sync> MMKV::sync, SyncFlag = 1
06-11 10:33:37.214  1460  1493 W AppInfo : app info parse uri fail. uri: content://com.nearme.instant.platform.res/com.coloros.gamespaceui.quickapp.guide/manifest.json##Throwable##java.io.FileNotFoundException: open failed: ENOENT (No such file or directory)
06-11 10:33:37.214  1460  1493 W AppInfo : 	at android.os.ParcelFileDescriptor.openInternal(ParcelFileDescriptor.java:356)
06-11 10:33:37.214  1460  1493 W AppInfo : 	at android.os.ParcelFileDescriptor.open(ParcelFileDescriptor.java:233)
06-11 10:33:37.214  1460  1493 W AppInfo : 	at org.hapjs.cache.CacheProvider.doOpenFile(SourceFile:56)
06-11 10:33:37.214  1460  1493 W AppInfo : 	at org.hapjs.AbstractContentProvider.openFile(SourceFile:4)
06-11 10:33:37.214  1460  1493 W AppInfo : 	at android.content.ContentProvider.openAssetFile(ContentProvider.java:2326)
06-11 10:33:37.214  1460  1493 W AppInfo : 	at org.hapjs.AbstractContentProvider.doOpenAssetFile(SourceFile:1)
06-11 10:33:37.214  1460  1493 W AppInfo : 	at org.hapjs.cache.CacheProvider.doOpenAssetFile(SourceFile:74)
06-11 10:33:37.214  1460  1493 W AppInfo : 	at org.hapjs.AbstractContentProvider.openAssetFile(SourceFile:4)
06-11 10:33:37.214  1460  1493 W AppInfo : 	at android.content.ContentProvider.openTypedAssetFile(ContentProvider.java:2504)
06-11 10:33:37.214  1460  1493 W AppInfo : 	at android.content.ContentProvider.openTypedAssetFile(ContentProvider.java:2571)
06-11 10:33:37.214  1460  1493 W AppInfo : 	at android.content.ContentProvider$Transport.openTypedAssetFile(ContentProvider.java:692)
06-11 10:33:37.214  1460  1493 W AppInfo : 	at android.content.ContentResolver.openTypedAssetFileDescriptor(ContentResolver.java:2097)
06-11 10:33:37.214  1460  1493 W AppInfo : 	at android.content.ContentResolver.openAssetFileDescriptor(ContentResolver.java:1912)
06-11 10:33:37.214  1460  1493 W AppInfo : 	at android.content.ContentResolver.openInputStream(ContentResolver.java:1582)
06-11 10:33:37.214  1460  1493 W AppInfo : 	at org.hapjs.model.AppInfo.fromUri(SourceFile:7)
06-11 10:33:37.214  1460  1493 W AppInfo : 	at org.hapjs.model.AppInfo.create(SourceFile:105)
06-11 10:33:37.214  1460  1493 W AppInfo : 	at org.hapjs.bridge.DefaultAppInfoProvider.create(SourceFile:1)
06-11 10:33:37.214  1460  1493 W AppInfo : 	at a.a.a.nl0.g(SourceFile:58)
06-11 10:33:37.214  1460  1493 W AppInfo : 	at a.a.a.nl0.e(SourceFile:2)
06-11 10:33:37.214  1460  1493 W AppInfo : 	at a.a.a.rp6.d(SourceFile:22)
06-11 10:33:37.214  1460  1493 W AppInfo : 	at a.a.a.rp6.c(SourceFile:52)
06-11 10:33:37.214  1460  1493 W AppInfo : 	at com.nearme.instant.card.SharedDataProvider.setOrUpdateSharedDataInner(SourceFile:48)
06-11 10:33:37.214  1460  1493 W AppInfo : 	at com.nearme.instant.card.SharedDataProvider.setOrUpdateSharedData(SourceFile:61)
06-11 10:33:37.214  1460  1493 W AppInfo : 	at com.nearme.instant.card.SharedDataProvider.doCall(SourceFile:46)
06-11 10:33:37.214  1460  1493 W AppInfo : 	at org.hapjs.AbstractContentProvider.call(SourceFile:4)
06-11 10:33:37.214  1460  1493 W AppInfo : 	at android.content.ContentProvider.call(ContentProvider.java:2773)
06-11 10:33:37.214  1460  1493 W AppInfo : 	at android.content.ContentProvider$Transport.call(ContentProvider.java:653)
06-11 10:33:37.214  1460  1493 W AppInfo : 	at android.content.ContentProviderNative.onTransact(ContentProviderNative.java:307)
06-11 10:33:37.214  1460  1493 W AppInfo : 	at android.os.Binder.execTransactInternal(Binder.java:1444)
06-11 10:33:37.214  1460  1493 W AppInfo : 	at android.os.Binder.execTransact(Binder.java:1378)
06-11 10:33:37.214  9018 29563 D OplusAppSwitchManager: observer =  mDefaultMatchActivity = false mDefaultMatchApp false
06-11 10:33:37.214  1460  1493 E PermissionVerifier: card rpk not exists
06-11 10:33:37.214  1460  1493 W PermissionVerifier: checkWritePermission writer: com.oplus.games not in rpk: com.coloros.gamespaceui.quickapp.guide allowed list
06-11 10:33:37.214  1460  1493 W SharedDataProvider: setOrUpdateSharedData no permissions!
06-11 10:33:37.215 27947  1358 W GameSpaceUI.gs_DesktopCardServiceImpl: set assistant_desktop_card_click_interact = 2 success expire 86400000
06-11 10:33:37.215 27947  1358 I GameSpaceUI.TrackService: getPluginConfigAppId -1, currentPkgName: 
06-11 10:33:37.217  1460  1493 W SeedlingShare: (com.oplus.games, assistant_desktop_card_click_interact) not in seeding shared white list.
06-11 10:33:37.218  1460  1493 W AppInfo : AppInfo create Uri content://com.nearme.instant.platform.res/com.coloros.gamespaceui.quickapp.library/manifest.json
06-11 10:33:37.219  1460  1493 W PackageFilesValidator: isInvalidResource: AppDistributionMeta is null
06-11 10:33:37.219  8454  8173 I ContextAware_AppCardProcessor: [subscription2x4-assistant]Apps on same screen, apps=[]
06-11 10:33:37.219  8454  8173 I ContextAware_AdvertisementManager: [subscription2x4-assistant]getCommerceAppsByCardName size:0
06-11 10:33:37.219  8454  8173 I ContextAware_AppCardProcessor: [subscription2x4-assistant]process fill ad apps: advApps: 
06-11 10:33:37.220  8454  8173 I ContextAware_AppFillAdsProcess: [subscription2x4-assistant]process fill ad apps: adv is null
06-11 10:33:37.220  8454  8173 I ContextAware_AppCardProcessor: [subscription2x4-assistant]SEND_APP_MESSAGE: commerceAlg=2, resultApps=[AppInfo[pkg=com.earthengine.minimalglobe, appType=0,iconSource=system, recallType=algorithm, deepLink=0,utrackClickUrl=0, utrackExposeUrl=0,icon=0, apiSource=null, typeCode=null, mode=0, advFinalScore=null,  routePage=0,title=null, subTitle=null, adSize=null,probability=0], AppInfo[pkg=space.xinzhi.hiko, appType=0,iconSource=system, recallType=algorithm, deepLink=0,utrackClickUrl=0, utrackExposeUrl=0,icon=0, apiSource=null, typeCode=null, mode=0, advFinalScore=null,  routePage=0,title=null, subTitle=null, adSize=null,probability=0], AppInfo[pkg=com.tencent.mm, appType=0,iconSource=system, recallType=algorithm, deepLink=0,utrackClickUrl=0, utrackExposeUrl=0,icon=0, apiSource=null, typeCode=null, mode=0, advFinalScore=null,  routePage=0,title=null, subTitle=null, adSize=null,probability=0], AppInfo[pkg=space.xinzhi.map, appType=0,iconSource=system, recallType=algorithm, deepLink=0,utrackClickUrl=0, utrackExposeUrl=0,icon=0, apiSource=null, typeCode=null, mode=0, advFinalScore=null,  routePage=0,title=null, subTitle=null, adSize=null,probability=0], AppInfo[pkg=com.ss.android.lark, appType=0,iconSource=system, recallType=algorithm, deepLink=0,utrackClickUrl=0, utrackExposeUrl=0,icon=0, apiSource=null, typeCode=null, mode=0, advFinalScore=null,  routePage=0,title=null, subTitle=null, adSize=null,probability=0], AppInfo[pkg=com.phoenix.read, appType=0,iconSource=system, recallType=algorithm, deepLink=0,utrackClickUrl=0, utrackExposeUrl=0,icon=0, apiSource=null, typeCode=null, mode=0, advFinalScore=null,  routePage=0,title=null, subTitle=null, adSize=null,probability=0], AppInfo[pkg=com.github.metacubex.clash.meta, appType=0,iconSource=system, recallType=algorithm, deepLink=0,utrackClickUrl=0, utrackExposeUrl=0,icon=0, apiSource=null, typeCode=null, mode=0, advFinalScore=null,  routePage=0,title=null, subTitle=null, adSize=null,probability=0], AppInfo[pkg=com.lolaage.tbulu.tools, appType=0,iconSource=system, recallType=algorithm, deepLink=0,utrackClickUrl=0, utrackExposeUrl=0,icon=0, apiSource=null, typeCode=null, mode=0, advFinalScore=null,  routePage=0,title=null, subTitle=null, adSize=null,probability=0], AppInfo[pkg=com.heytap.browser, appType=0,iconSource=system, recallType=algorithm, deepLink=0,utrackClickUrl=0, utrackExposeUrl=0,icon=0, apiSource=null, typeCode=null, mode=0, advFinalScore=null,  routePage=0,title=null, subTitle=null, adSize=null,probability=0], AppInfo[pkg=com.future.landscape, appType=0,iconSource=system, recallType=algorithm, deepLink=0,utrackClickUrl=0, utrackExposeUrl=0,icon=0, apiSource=null, typeCode=null, mode=0, advFinalScore=null,  routePage=0,title=null, subTitle=null, adSize=null,probability=0]], traceId: f48df78d2c8656e5f657596c8af8ac09-69801beebc9c4fb1b1cef36161f80d02
06-11 10:33:37.220 19629 19687 I DMP-SAUWorkConfigManager: sau work config not found
06-11 10:33:37.221  1460  1493 W AppInfo : app info parse uri fail. uri: content://com.nearme.instant.platform.res/com.coloros.gamespaceui.quickapp.library/manifest.json##Throwable##java.io.FileNotFoundException: open failed: ENOENT (No such file or directory)
06-11 10:33:37.221  1460  1493 W AppInfo : 	at android.os.ParcelFileDescriptor.openInternal(ParcelFileDescriptor.java:356)
06-11 10:33:37.221  1460  1493 W AppInfo : 	at android.os.ParcelFileDescriptor.open(ParcelFileDescriptor.java:233)
06-11 10:33:37.221  1460  1493 W AppInfo : 	at org.hapjs.cache.CacheProvider.doOpenFile(SourceFile:56)
06-11 10:33:37.221  1460  1493 W AppInfo : 	at org.hapjs.AbstractContentProvider.openFile(SourceFile:4)
06-11 10:33:37.221  1460  1493 W AppInfo : 	at android.content.ContentProvider.openAssetFile(ContentProvider.java:2326)
06-11 10:33:37.221  1460  1493 W AppInfo : 	at org.hapjs.AbstractContentProvider.doOpenAssetFile(SourceFile:1)
06-11 10:33:37.221  1460  1493 W AppInfo : 	at org.hapjs.cache.CacheProvider.doOpenAssetFile(SourceFile:74)
06-11 10:33:37.221  1460  1493 W AppInfo : 	at org.hapjs.AbstractContentProvider.openAssetFile(SourceFile:4)
06-11 10:33:37.221  1460  1493 W AppInfo : 	at android.content.ContentProvider.openTypedAssetFile(ContentProvider.java:2504)
06-11 10:33:37.221  1460  1493 W AppInfo : 	at android.content.ContentProvider.openTypedAssetFile(ContentProvider.java:2571)
06-11 10:33:37.221  1460  1493 W AppInfo : 	at android.content.ContentProvider$Transport.openTypedAssetFile(ContentProvider.java:692)
06-11 10:33:37.221  1460  1493 W AppInfo : 	at android.content.ContentResolver.openTypedAssetFileDescriptor(ContentResolver.java:2097)
06-11 10:33:37.221  1460  1493 W AppInfo : 	at android.content.ContentResolver.openAssetFileDescriptor(ContentResolver.java:1912)
06-11 10:33:37.221  1460  1493 W AppInfo : 	at android.content.ContentResolver.openInputStream(ContentResolver.java:1582)
06-11 10:33:37.221  1460  1493 W AppInfo : 	at org.hapjs.model.AppInfo.fromUri(SourceFile:7)
06-11 10:33:37.221  1460  1493 W AppInfo : 	at org.hapjs.model.AppInfo.create(SourceFile:105)
06-11 10:33:37.221  1460  1493 W AppInfo : 	at org.hapjs.bridge.DefaultAppInfoProvider.create(SourceFile:1)
06-11 10:33:37.221  1460  1493 W AppInfo : 	at a.a.a.nl0.g(SourceFile:58)
06-11 10:33:37.221  1460  1493 W AppInfo : 	at a.a.a.nl0.e(SourceFile:2)
06-11 10:33:37.221  1460  1493 W AppInfo : 	at a.a.a.rp6.d(SourceFile:22)
06-11 10:33:37.221  1460  1493 W AppInfo : 	at a.a.a.rp6.c(SourceFile:52)
06-11 10:33:37.221  1460  1493 W AppInfo : 	at com.nearme.instant.card.SharedDataProvider.setOrUpdateSharedDataInner(SourceFile:48)
06-11 10:33:37.221  1460  1493 W AppInfo : 	at com.nearme.instant.card.SharedDataProvider.setOrUpdateSharedData(SourceFile:61)
06-11 10:33:37.221  1460  1493 W AppInfo : 	at com.nearme.instant.card.SharedDataProvider.doCall(SourceFile:46)
06-11 10:33:37.221  1460  1493 W AppInfo : 	at org.hapjs.AbstractContentProvider.call(SourceFile:4)
06-11 10:33:37.221  1460  1493 W AppInfo : 	at android.content.ContentProvider.call(ContentProvider.java:2773)
06-11 10:33:37.221  1460  1493 W AppInfo : 	at android.content.ContentProvider$Transport.call(ContentProvider.java:653)
06-11 10:33:37.221  1460  1493 W AppInfo : 	at android.content.ContentProviderNative.onTransact(ContentProviderNative.java:307)
06-11 10:33:37.221  1460  1493 W AppInfo : 	at android.os.Binder.execTransactInternal(Binder.java:1444)
06-11 10:33:37.221  1460  1493 W AppInfo : 	at android.os.Binder.execTransact(Binder.java:1378)
06-11 10:33:37.221 27947 28278 I GameSpaceUI.AccessControlHelper: getAccessControlAppsInfo Success  accessApps: null
06-11 10:33:37.221 27947 28278 I GameSpaceUI.COSASDKManager: getManagerInfoListNoTimeOut_1781145217221 getPrintAppInfoString AppInfo{mPackageName='com.quark.browser', mType=7, mUserMarkType=-1}
06-11 10:33:37.221 27947 28278 I GameSpaceUI.COSASDKManager: getManagerInfoListNoTimeOut_1781145217221 getPrintAppInfoString AppInfo{mPackageName='com.wuba.zhuanzhuan', mType=7, mUserMarkType=-1}
06-11 10:33:37.222 27947 28278 I GameSpaceUI.COSASDKManager: getManagerInfoListNoTimeOut_1781145217221 getPrintAppInfoString AppInfo{mPackageName='com.ss.android.ugc.sicily_cm', mType=7, mUserMarkType=-1}
06-11 10:33:37.222 27947 28278 I GameSpaceUI.COSASDKManager: getManagerInfoListNoTimeOut_1781145217221 getPrintAppInfoString AppInfo{mPackageName='com.example.gnsssatdemo', mType=7, mUserMarkType=-1}
06-11 10:33:37.222 27947 28278 I GameSpaceUI.COSASDKManager: getManagerInfoListNoTimeOut_1781145217221 getPrintAppInfoString AppInfo{mPackageName='com.example.findmapbox', mType=7, mUserMarkType=-1}
06-11 10:33:37.222 27947 28278 I GameSpaceUI.COSASDKManager: getManagerInfoListNoTimeOut_1781145217221 getPrintAppInfoString AppInfo{mPackageName='com.finshell.wallet', mType=7, mUserMarkType=-1}
06-11 10:33:37.222 27947 28278 I GameSpaceUI.COSASDKManager: getManagerInfoListNoTimeOut_1781145217221 getPrintAppInfoString AppInfo{mPackageName='com.tmri.app.main', mType=7, mUserMarkType=-1}
06-11 10:33:37.222 27947 28278 I GameSpaceUI.COSASDKManager: getManagerInfoListNoTimeOut_1781145217221 getPrintAppInfoString AppInfo{mPackageName='com.sankuai.meituan', mType=7, mUserMarkType=-1}
06-11 10:33:37.222 27947 28278 I GameSpaceUI.COSASDKManager: getManagerInfoListNoTimeOut_1781145217221 getPrintAppInfoString AppInfo{mPackageName='com.youku.phone', mType=7, mUserMarkType=-1}
06-11 10:33:37.222 27947 28278 I GameSpaceUI.COSASDKManager: getManagerInfoListNoTimeOut_1781145217221 getPrintAppInfoString AppInfo{mPackageName='air.tv.douyu.android', mType=7, mUserMarkType=-1}
06-11 10:33:37.222 27947 28278 I GameSpaceUI.COSASDKManager: getManagerInfoListNoTimeOut_1781145217221 getPrintAppInfoString AppInfo{mPackageName='com.sinovatech.unicom.ui', mType=7, mUserMarkType=-1}
06-11 10:33:37.222 27947 28278 I GameSpaceUI.COSASDKManager: getManagerInfoListNoTimeOut_1781145217221 getPrintAppInfoString AppInfo{mPackageName='com.luna.music', mType=7, mUserMarkType=-1}
06-11 10:33:37.222 27947 28278 I GameSpaceUI.COSASDKManager: getManagerInfoListNoTimeOut_1781145217221 getPrintAppInfoString AppInfo{mPackageName='com.sohu.inputmethod.sogouoem', mType=7, mUserMarkType=-1}
06-11 10:33:37.222 27947 28278 I GameSpaceUI.COSASDKManager: getManagerInfoListNoTimeOut_1781145217221 getPrintAppInfoString AppInfo{mPackageName='com.future.landscape', mType=7, mUserMarkType=-1}
06-11 10:33:37.222 27947 28278 I GameSpaceUI.COSASDKManager: getManagerInfoListNoTimeOut_1781145217221 getPrintAppInfoString AppInfo{mPackageName='com.phoenix.read', mType=7, mUserMarkType=-1}
06-11 10:33:37.222 27947 28278 I GameSpaceUI.COSASDKManager: getManagerInfoListNoTimeOut_1781145217221 getPrintAppInfoString AppInfo{mPackageName='com.relax.calm.and', mType=7, mUserMarkType=-1}
06-11 10:33:37.222 27947 28278 I GameSpaceUI.COSASDKManager: getManagerInfoListNoTimeOut_1781145217221 getPrintAppInfoString AppInfo{mPackageName='com.ss.android.ugc.aweme.lite', mType=7, mUserMarkType=-1}
06-11 10:33:37.222 27947 28278 I GameSpaceUI.COSASDKManager: getManagerInfoListNoTimeOut_1781145217221 getPrintAppInfoString AppInfo{mPackageName='com.baidu.carlife.oppo', mType=7, mUserMarkType=-1}
06-11 10:33:37.222 27947 28278 I GameSpaceUI.COSASDKManager: getManagerInfoListNoTimeOut_1781145217221 getPrintAppInfoString AppInfo{mPackageName='space.xinzhi.flutterseek', mType=7, mUserMarkType=-1}
06-11 10:33:37.222 25296 26364 W HapContentObserver: uri: content://appRecommend_data_storage/subscription2x4-assistant/query
06-11 10:33:37.222 27947 28278 I GameSpaceUI.COSASDKManager: getManagerInfoListNoTimeOut_1781145217221 getPrintAppInfoString AppInfo{mPackageName='cmb.pb', mType=7, mUserMarkType=-1}
06-11 10:33:37.222 25296 26364 D HapContentObserver: key: 77112956 , task: 170344353
06-11 10:33:37.222 25296 26364 D ContentResolverTask: uri: content://appRecommend_data_storage/subscription2x4-assistant/query contains: false task: 170344353
06-11 10:33:37.222 27947 28278 I GameSpaceUI.COSASDKManager: getManagerInfoListNoTimeOut_1781145217221 getPrintAppInfoString AppInfo{mPackageName='com.earth.bdspace', mType=7, mUserMarkType=-1}
06-11 10:33:37.222 27947 28278 I GameSpaceUI.COSASDKManager: getManagerInfoListNoTimeOut_1781145217221 getPrintAppInfoString AppInfo{mPackageName='com.aliyun.tongyi', mType=7, mUserMarkType=-1}
06-11 10:33:37.223 27947 28278 I GameSpaceUI.COSASDKManager: getManagerInfoListNoTimeOut_1781145217221 getPrintAppInfoString AppInfo{mPackageName='com.MobileTicket', mType=7, mUserMarkType=-1}
06-11 10:33:37.223 27947 28278 I GameSpaceUI.COSASDKManager: getManagerInfoListNoTimeOut_1781145217221 getPrintAppInfoString AppInfo{mPackageName='com.xingin.xhs', mType=7, mUserMarkType=-1}
06-11 10:33:37.223 27947 28278 I GameSpaceUI.COSASDKManager: getManagerInfoListNoTimeOut_1781145217221 getPrintAppInfoString AppInfo{mPackageName='com.tencent.mm', mType=7, mUserMarkType=-1}
06-11 10:33:37.223 27947 28278 I GameSpaceUI.COSASDKManager: getManagerInfoListNoTimeOut_1781145217221 getPrintAppInfoString AppInfo{mPackageName='com.chinamworld.bocmbci', mType=7, mUserMarkType=-1}
06-11 10:33:37.223 27947 28278 I GameSpaceUI.COSASDKManager: getManagerInfoListNoTimeOut_1781145217221 getPrintAppInfoString AppInfo{mPackageName='com.tencent.android.qqdownloader', mType=7, mUserMarkType=-1}
06-11 10:33:37.223 27947 28278 I GameSpaceUI.COSASDKManager: getManagerInfoListNoTimeOut_1781145217221 getPrintAppInfoString AppInfo{mPackageName='com.pingan.paces.ccms', mType=7, mUserMarkType=-1}
06-11 10:33:37.223 27947 28278 I GameSpaceUI.COSASDKManager: getManagerInfoListNoTimeOut_1781145217221 getPrintAppInfoString AppInfo{mPackageName='com.nqsky.rmad.dizhiyun', mType=7, mUserMarkType=-1}
06-11 10:33:37.223 27947 28278 I GameSpaceUI.COSASDKManager: getManagerInfoListNoTimeOut_1781145217221 getPrintAppInfoString AppInfo{mPackageName='com.mcswscdtnov.map', mType=7, mUserMarkType=-1}
06-11 10:33:37.223 27947 28278 I GameSpaceUI.COSASDKManager: getManagerInfoListNoTimeOut_1781145217221 getPrintAppInfoString AppInfo{mPackageName='com.baidu.searchbox', mType=7, mUserMarkType=-1}
06-11 10:33:37.223 27947 28278 I GameSpaceUI.COSASDKManager: getManagerInfoListNoTimeOut_1781145217221 getPrintAppInfoString AppInfo{mPackageName='com.wuba', mType=7, mUserMarkType=-1}
06-11 10:33:37.223  1460  1493 E PermissionVerifier: card rpk not exists
06-11 10:33:37.223 27947 28278 I GameSpaceUI.COSASDKManager: getManagerInfoListNoTimeOut_1781145217221 getPrintAppInfoString AppInfo{mPackageName='com.deepseek.chat', mType=7, mUserMarkType=-1}
06-11 10:33:37.223 27947 28278 I GameSpaceUI.COSASDKManager: getManagerInfoListNoTimeOut_1781145217221 getPrintAppInfoString AppInfo{mPackageName='com.cat.readall', mType=7, mUserMarkType=-1}
06-11 10:33:37.223 19629 19687 I DMP-PowerUtils: getHoraeTemperature:36
06-11 10:33:37.223  1460  1493 W PermissionVerifier: checkWritePermission writer: com.oplus.games not in rpk: com.coloros.gamespaceui.quickapp.library allowed list
06-11 10:33:37.224  1460  1493 W SharedDataProvider: setOrUpdateSharedData no permissions!
06-11 10:33:37.224 27947  1358 W GameSpaceUI.gs_DesktopCardServiceImpl: set assistant_config_card_new = {"key_desktop_card_default":"true","key_assistant_config_card_show_game_update":"true","key_assistant_config_card_show_game_boost":"true","key_assistant_config_card_show_game_hide":"true"} success expire 86400000
06-11 10:33:37.225 27947  1358 I GameSpaceUI.TrackService: getPluginConfigAppId -1, currentPkgName: 
06-11 10:33:37.226 27947 28278 I GameSpaceUI.COSASDKManager: getManagerInfoListNoTimeOut_1781145217221 getPrintAppInfoString AppInfo{mPackageName='com.future.compass', mType=7, mUserMarkType=-1}
06-11 10:33:37.226 27947 28278 I GameSpaceUI.COSASDKManager: getManagerInfoListNoTimeOut_1781145217221 getPrintAppInfoString AppInfo{mPackageName='com.HaoTuBang.H3DBodyFree', mType=7, mUserMarkType=-1}
06-11 10:33:37.226 27947 28278 I GameSpaceUI.COSASDKManager: getManagerInfoListNoTimeOut_1781145217221 getPrintAppInfoString AppInfo{mPackageName='com.jdcar.jch', mType=7, mUserMarkType=-1}
06-11 10:33:37.226 27947 28278 I GameSpaceUI.COSASDKManager: getManagerInfoListNoTimeOut_1781145217221 getPrintAppInfoString AppInfo{mPackageName='cn.wps.moffice.lite', mType=7, mUserMarkType=-1}
06-11 10:33:37.226 27947 28278 I GameSpaceUI.COSASDKManager: getManagerInfoListNoTimeOut_1781145217221 getPrintAppInfoString AppInfo{mPackageName='com.redteamobile.roaming', mType=7, mUserMarkType=-1}
06-11 10:33:37.226 27947 28278 I GameSpaceUI.COSASDKManager: getManagerInfoListNoTimeOut_1781145217221 getPrintAppInfoString AppInfo{mPackageName='com.tencent.map', mType=7, mUserMarkType=-1}
06-11 10:33:37.226 27947 28278 I GameSpaceUI.COSASDKManager: getManagerInfoListNoTimeOut_1781145217221 getPrintAppInfoString AppInfo{mPackageName='com.xunmeng.pinduoduo', mType=7, mUserMarkType=-1}
06-11 10:33:37.227 27947 28278 I GameSpaceUI.COSASDKManager: getManagerInfoListNoTimeOut_1781145217221 getPrintAppInfoString AppInfo{mPackageName='com.lolaage.tbulu.tools', mType=7, mUserMarkType=-1}
06-11 10:33:37.227 27947 28278 I GameSpaceUI.COSASDKManager: getManagerInfoListNoTimeOut_1781145217221 getPrintAppInfoString AppInfo{mPackageName='com.tencent.wework', mType=7, mUserMarkType=-1}
06-11 10:33:37.227 27947 28278 I GameSpaceUI.COSASDKManager: getManagerInfoListNoTimeOut_1781145217221 getPrintAppInfoString AppInfo{mPackageName='com.ss.android.ugc.livelite', mType=7, mUserMarkType=-1}
06-11 10:33:37.227 27947 28278 I GameSpaceUI.COSASDKManager: getManagerInfoListNoTimeOut_1781145217221 getPrintAppInfoString AppInfo{mPackageName='cn.danatech.xingseapp', mType=7, mUserMarkType=-1}
06-11 10:33:37.227 27947 28278 I GameSpaceUI.COSASDKManager: getManagerInfoListNoTimeOut_1781145217221 getPrintAppInfoString AppInfo{mPackageName='com.ss.android.article.news', mType=7, mUserMarkType=-1}
06-11 10:33:37.227 27947 28278 I GameSpaceUI.COSASDKManager: getManagerInfoListNoTimeOut_1781145217221 getPrintAppInfoString AppInfo{mPackageName='com.android.chrome', mType=7, mUserMarkType=-1}
06-11 10:33:37.227 27947 28278 I GameSpaceUI.COSASDKManager: getManagerInfoListNoTimeOut_1781145217221 getPrintAppInfoString AppInfo{mPackageName='com.UCMobile', mType=7, mUserMarkType=-1}
06-11 10:33:37.227 27947 28278 I GameSpaceUI.COSASDKManager: getManagerInfoListNoTimeOut_1781145217221 getPrintAppInfoString AppInfo{mPackageName='com.yuanlue.sportnote', mType=7, mUserMarkType=-1}
06-11 10:33:37.227 27947 28278 I GameSpaceUI.COSASDKManager: getManagerInfoListNoTimeOut_1781145217221 getPrintAppInfoString AppInfo{mPackageName='com.earthengine.minimalglobe', mType=7, mUserMarkType=-1}
06-11 10:33:37.227 27947 28278 I GameSpaceUI.COSASDKManager: getManagerInfoListNoTimeOut_1781145217221 getPrintAppInfoString AppInfo{mPackageName='com.nearme.gamecenter', mType=7, mUserMarkType=-1}
06-11 10:33:37.227 27947 28278 I GameSpaceUI.COSASDKManager: getManagerInfoListNoTimeOut_1781145217221 getPrintAppInfoString AppInfo{mPackageName='com.ss.android.ugc.aweme', mType=7, mUserMarkType=-1}
06-11 10:33:37.227 27947 28278 I GameSpaceUI.COSASDKManager: getManagerInfoListNoTimeOut_1781145217221 getPrintAppInfoString AppInfo{mPackageName='com.tencent.mobileqq', mType=7, mUserMarkType=-1}
06-11 10:33:37.227 27947 28278 I GameSpaceUI.COSASDKManager: getManagerInfoListNoTimeOut_1781145217221 getPrintAppInfoString AppInfo{mPackageName='com.ss.android.auto', mType=7, mUserMarkType=-1}
06-11 10:33:37.227 27947 28278 I GameSpaceUI.COSASDKManager: getManagerInfoListNoTimeOut_1781145217221 getPrintAppInfoString AppInfo{mPackageName='com.ss.android.lark', mType=7, mUserMarkType=-1}
06-11 10:33:37.227 27947 28278 I GameSpaceUI.COSASDKManager: getManagerInfoListNoTimeOut_1781145217221 getPrintAppInfoString AppInfo{mPackageName='space.xinzhi.map', mType=7, mUserMarkType=-1}
06-11 10:33:37.227 27947 28278 I GameSpaceUI.COSASDKManager: getManagerInfoListNoTimeOut_1781145217221 getPrintAppInfoString AppInfo{mPackageName='com.ikang.official', mType=7, mUserMarkType=-1}
06-11 10:33:37.227 27947 28278 I GameSpaceUI.COSASDKManager: getManagerInfoListNoTimeOut_1781145217221 getPrintAppInfoString AppInfo{mPackageName='com.leihuokeji.qcshop_app', mType=7, mUserMarkType=-1}
06-11 10:33:37.227 27947 28278 I GameSpaceUI.COSASDKManager: getManagerInfoListNoTimeOut_1781145217221 getPrintAppInfoString AppInfo{mPackageName='com.ximalaya.ting.android', mType=7, mUserMarkType=-1}
06-11 10:33:37.227 27947 28278 I GameSpaceUI.COSASDKManager: getManagerInfoListNoTimeOut_1781145217221 getPrintAppInfoString AppInfo{mPackageName='cn.TuHu.android', mType=7, mUserMarkType=-1}
06-11 10:33:37.227 27947 28278 I GameSpaceUI.COSASDKManager: getManagerInfoListNoTimeOut_1781145217221 getPrintAppInfoString AppInfo{mPackageName='com.ovital.ovitalMap', mType=7, mUserMarkType=-1}
06-11 10:33:37.227 27947 28278 I GameSpaceUI.COSASDKManager: getManagerInfoListNoTimeOut_1781145217221 getPrintAppInfoString AppInfo{mPackageName='com.zhihu.android', mType=7, mUserMarkType=-1}
06-11 10:33:37.227 27947 28278 I GameSpaceUI.COSASDKManager: getManagerInfoListNoTimeOut_1781145217221 getPrintAppInfoString AppInfo{mPackageName='com.zsl.petalearth', mType=7, mUserMarkType=-1}
06-11 10:33:37.227 27947 28278 I GameSpaceUI.COSASDKManager: getManagerInfoListNoTimeOut_1781145217221 getPrintAppInfoString AppInfo{mPackageName='space.xinzhi.hiko', mType=7, mUserMarkType=-1}
06-11 10:33:37.228 27947 28278 I GameSpaceUI.COSASDKManager: getManagerInfoListNoTimeOut_1781145217221 getPrintAppInfoString AppInfo{mPackageName='com.dragon.read', mType=7, mUserMarkType=-1}
06-11 10:33:37.228 27947 28278 I GameSpaceUI.COSASDKManager: getManagerInfoListNoTimeOut_1781145217221 getPrintAppInfoString AppInfo{mPackageName='com.larus.nova', mType=7, mUserMarkType=-1}
06-11 10:33:37.228 27947 28278 I GameSpaceUI.COSASDKManager: getManagerInfoListNoTimeOut_1781145217221 getPrintAppInfoString AppInfo{mPackageName='com.coze.space', mType=7, mUserMarkType=-1}
06-11 10:33:37.228  1460  1493 W SeedlingShare: (com.oplus.games, assistant_config_card_new) not in seeding shared white list.
06-11 10:33:37.228 27947 28278 I GameSpaceUI.COSASDKManager: getManagerInfoListNoTimeOut_1781145217221 getPrintAppInfoString AppInfo{mPackageName='com.jingdong.app.mall', mType=7, mUserMarkType=-1}
06-11 10:33:37.228 27947 28278 I GameSpaceUI.COSASDKManager: getManagerInfoListNoTimeOut_1781145217221 getPrintAppInfoString AppInfo{mPackageName='com.autonavi.minimap', mType=7, mUserMarkType=-1}
06-11 10:33:37.228 27947 28278 I GameSpaceUI.COSASDKManager: getManagerInfoListNoTimeOut_1781145217221 getPrintAppInfoString AppInfo{mPackageName='com.citiccard.mobilebank', mType=7, mUserMarkType=-1}
06-11 10:33:37.228 27947 28278 I GameSpaceUI.COSASDKManager: getManagerInfoListNoTimeOut_1781145217221 getPrintAppInfoString AppInfo{mPackageName='com.taobao.idlefish', mType=7, mUserMarkType=-1}
06-11 10:33:37.228 27947 28278 I GameSpaceUI.COSASDKManager: getManagerInfoListNoTimeOut_1781145217221 getPrintAppInfoString AppInfo{mPackageName='tech.xiaoxiang.emily', mType=7, mUserMarkType=-1}
06-11 10:33:37.228 27947 28278 I GameSpaceUI.COSASDKManager: getManagerInfoListNoTimeOut_1781145217221 getPrintAppInfoString AppInfo{mPackageName='com.sohu.newsclient', mType=7, mUserMarkType=-1}
06-11 10:33:37.228 27947 28278 I GameSpaceUI.COSASDKManager: getManagerInfoListNoTimeOut_1781145217221 getPrintAppInfoString AppInfo{mPackageName='space.xinzhi.cloud', mType=7, mUserMarkType=-1}
06-11 10:33:37.228 27947 28278 I GameSpaceUI.COSASDKManager: getManagerInfoListNoTimeOut_1781145217221 getPrintAppInfoString AppInfo{mPackageName='space.xinzhi.globe', mType=7, mUserMarkType=-1}
06-11 10:33:37.228 27947 28278 I GameSpaceUI.COSASDKManager: getManagerInfoListNoTimeOut_1781145217221 getPrintAppInfoString AppInfo{mPackageName='com.alibaba.android.rimet', mType=7, mUserMarkType=-1}
06-11 10:33:37.228  1460  1493 W AppInfo : AppInfo create Uri content://com.nearme.instant.platform.res/com.coloros.gamespaceui.quickapp.guide/manifest.json
06-11 10:33:37.229  1460  1493 W PackageFilesValidator: isInvalidResource: AppDistributionMeta is null
06-11 10:33:37.231  1460  1493 W AppInfo : app info parse uri fail. uri: content://com.nearme.instant.platform.res/com.coloros.gamespaceui.quickapp.guide/manifest.json##Throwable##java.io.FileNotFoundException: open failed: ENOENT (No such file or directory)
06-11 10:33:37.231  1460  1493 W AppInfo : 	at android.os.ParcelFileDescriptor.openInternal(ParcelFileDescriptor.java:356)
06-11 10:33:37.231  1460  1493 W AppInfo : 	at android.os.ParcelFileDescriptor.open(ParcelFileDescriptor.java:233)
06-11 10:33:37.231  1460  1493 W AppInfo : 	at org.hapjs.cache.CacheProvider.doOpenFile(SourceFile:56)
06-11 10:33:37.231  1460  1493 W AppInfo : 	at org.hapjs.AbstractContentProvider.openFile(SourceFile:4)
06-11 10:33:37.231  1460  1493 W AppInfo : 	at android.content.ContentProvider.openAssetFile(ContentProvider.java:2326)
06-11 10:33:37.231  1460  1493 W AppInfo : 	at org.hapjs.AbstractContentProvider.doOpenAssetFile(SourceFile:1)
06-11 10:33:37.231  1460  1493 W AppInfo : 	at org.hapjs.cache.CacheProvider.doOpenAssetFile(SourceFile:74)
06-11 10:33:37.231  1460  1493 W AppInfo : 	at org.hapjs.AbstractContentProvider.openAssetFile(SourceFile:4)
06-11 10:33:37.231  1460  1493 W AppInfo : 	at android.content.ContentProvider.openTypedAssetFile(ContentProvider.java:2504)
06-11 10:33:37.231  1460  1493 W AppInfo : 	at android.content.ContentProvider.openTypedAssetFile(ContentProvider.java:2571)
06-11 10:33:37.231  1460  1493 W AppInfo : 	at android.content.ContentProvider$Transport.openTypedAssetFile(ContentProvider.java:692)
06-11 10:33:37.231  1460  1493 W AppInfo : 	at android.content.ContentResolver.openTypedAssetFileDescriptor(ContentResolver.java:2097)
06-11 10:33:37.231  1460  1493 W AppInfo : 	at android.content.ContentResolver.openAssetFileDescriptor(ContentResolver.java:1912)
06-11 10:33:37.231  1460  1493 W AppInfo : 	at android.content.ContentResolver.openInputStream(ContentResolver.java:1582)
06-11 10:33:37.231  1460  1493 W AppInfo : 	at org.hapjs.model.AppInfo.fromUri(SourceFile:7)
06-11 10:33:37.231  1460  1493 W AppInfo : 	at org.hapjs.model.AppInfo.create(SourceFile:105)
06-11 10:33:37.231  1460  1493 W AppInfo : 	at org.hapjs.bridge.DefaultAppInfoProvider.create(SourceFile:1)
06-11 10:33:37.231  1460  1493 W AppInfo : 	at a.a.a.nl0.g(SourceFile:58)
06-11 10:33:37.231  1460  1493 W AppInfo : 	at a.a.a.nl0.e(SourceFile:2)
06-11 10:33:37.231  1460  1493 W AppInfo : 	at a.a.a.rp6.d(SourceFile:22)
06-11 10:33:37.231  1460  1493 W AppInfo : 	at a.a.a.rp6.c(SourceFile:52)
06-11 10:33:37.231  1460  1493 W AppInfo : 	at com.nearme.instant.card.SharedDataProvider.setOrUpdateSharedDataInner(SourceFile:48)
06-11 10:33:37.231  1460  1493 W AppInfo : 	at com.nearme.instant.card.SharedDataProvider.setOrUpdateSharedData(SourceFile:61)
06-11 10:33:37.231  1460  1493 W AppInfo : 	at com.nearme.instant.card.SharedDataProvider.doCall(SourceFile:46)
06-11 10:33:37.231  1460  1493 W AppInfo : 	at org.hapjs.AbstractContentProvider.call(SourceFile:4)
06-11 10:33:37.231  1460  1493 W AppInfo : 	at android.content.ContentProvider.call(ContentProvider.java:2773)
06-11 10:33:37.231  1460  1493 W AppInfo : 	at android.content.ContentProvider$Transport.call(ContentProvider.java:653)
06-11 10:33:37.231  1460  1493 W AppInfo : 	at android.content.ContentProviderNative.onTransact(ContentProviderNative.java:307)
06-11 10:33:37.231  1460  1493 W AppInfo : 	at android.os.Binder.execTransactInternal(Binder.java:1444)
06-11 10:33:37.231  1460  1493 W AppInfo : 	at android.os.Binder.execTransact(Binder.java:1378)
06-11 10:33:37.231  1460  1493 E PermissionVerifier: card rpk not exists
06-11 10:33:37.231  1460  1493 W PermissionVerifier: checkWritePermission writer: com.oplus.games not in rpk: com.coloros.gamespaceui.quickapp.guide allowed list
06-11 10:33:37.231  1460  1493 W SharedDataProvider: setOrUpdateSharedData no permissions!
06-11 10:33:37.236  5227 29245 W ONET_NetMonitor: ConnSucc seq: 11748 retry: 0 result: 1 costtime: 192 detail:
06-11 10:33:37.236  5227 29245 W ONET_NetMonitor:  	(11748)DNS[0|0|49.7.118.13|null]
06-11 10:33:37.236  5227 29245 W ONET_NetMonitor:  	(11748)SOCKET[1|53|49.7.118.13:443|null]
06-11 10:33:37.236  5227 29245 W ONET_NetMonitor:  	(11748)PROXY[DIRECT]
06-11 10:33:37.236  5227 29245 W ONET_NetMonitor:  	(11748)TLS[1|137|TLSv1.2|49199|null]
06-11 10:33:37.236  5227 29245 W ONET_NetMonitor: ConnAcquired seq: 11748 retry: 0 address: 49.7.118.13:443proxy[DIRECT] hashcode: 13589292 proto: h2 costtime: 192
06-11 10:33:37.237  5227 29245 W ONET_NetMonitor: SendReq seq: 11748 retry: 0 code: 1 contentLength: 222 msg: null
06-11 10:33:37.242  1460  1493 W SeedlingShare: (com.oplus.games, assistant_config_card_new) not in seeding shared white list.
06-11 10:33:37.243  1460  1493 W AppInfo : AppInfo create Uri content://com.nearme.instant.platform.res/com.coloros.gamespaceui.quickapp.library/manifest.json
06-11 10:33:37.244  1460  1493 W PackageFilesValidator: isInvalidResource: AppDistributionMeta is null
06-11 10:33:37.244  4639  8514 D NetworkService[1]: getIfIndexByNetid netId:194,ifName:wlan0,ifIndex:30
06-11 10:33:37.245  8852  9153 D SmartSidebar.MetisDataManager: (Sidebar_HandlerThread)updateData: traceId changed to 3f9973f27a9848cebd2ccc582473405e-a0c0c2c3d82c4ac2b881af6da8d420d2, reported sets cleared
06-11 10:33:37.245  8852  9153 D SmartSidebar.MetisDataManager: (Sidebar_HandlerThread)updateData: success, appList.size=1, traceId=3f9973f27a9848cebd2ccc582473405e-a0c0c2c3d82c4ac2b881af6da8d420d2
06-11 10:33:37.247  4639  8514 D NetworkService[1]: getIfIndexByNetid netId:194,ifName:wlan0,ifIndex:30
06-11 10:33:37.254  8454  8173 I ContextAware_AppCardProcessor: [subscription2x2-launcher]no card, release not send
06-11 10:33:37.254 19629 19687 I DMP-Dispatcher: create work Work{mWorkName=completeKeywordIndexWork, mWorkTerm=long, mReportId=false, mCreate=Create{mIndexStatus=null, mQueryTime=0, mInterval=0, mDeletedDocs=null, mNeedRebuildFlag=0, mIndexCheckFlag=false, mDrop=Drop{mCount=4, mInterval=10000, mDelay=60000}, mHighTemperature=38, mMinPower=null, mScreen=null, mDeletedConditions=null}, mEntry=null, mMoreBatch=MoreBatch{mPowerConsumed=2, mHighTemperatureValue=0, mLowTemperatureValue=0, mPower=[full|charging], mScreen=null, mTemperatureConsumed=0}, mChained=true, mInitialDelay=10, mWorkOneTimeLimit=0}, method = onReceive, create = 0
06-11 10:33:37.254  8454  8173 I metis_v2_BreenoSwitchSettingObserver: panta-sugg-getMasterSwitchStatus from cache:true
06-11 10:33:37.255 19629 19687 I DMP-Dispatcher: addChainedWork, method[onReceive], resource[standard_data#unified_service_invocation], extras[Bundle[{action=android.intent.action.PACKAGE_REPLACED, package=com.earthengine.minimalglobe}]]
06-11 10:33:37.262 19629 19687 I DMP-PowerUtils: isLowPower, battery:100, low power threshold:20
06-11 10:33:37.262 19629 19687 I DMP-AbstractWorkManager: createOneTimeWorkRequest for standard_data#unified_service_invocation, method: onReceive, workName: onReceiveWork done, workRequestId:676b7fbe-28e8-4d6f-8e7b-93cccae61f39, expedited:false
06-11 10:33:37.262 19629 19687 I DMP-AbstractWorkManager: createOneTimeWorkRequest for standard_data#unified_service_invocation, method: onReceive, workName: completeKeywordIndexWork done, workRequestId:71790ef5-ee73-4a1c-9631-7269c8d63401, expedited:false
06-11 10:33:37.262 19629 19687 I DMP-BusinessHandler: not file manager apk
06-11 10:33:37.262 27947 29212 W com.oplus.games: Suspending all threads took: 23.844ms
06-11 10:33:37.266 11083 11741 I MSP-LOG-SDK-MspSdk: Sdk has initialized! version:2.0.1.14
06-11 10:33:37.266  1460  1493 W AppInfo : app info parse uri fail. uri: content://com.nearme.instant.platform.res/com.coloros.gamespaceui.quickapp.library/manifest.json##Throwable##java.io.FileNotFoundException: open failed: ENOENT (No such file or directory)
06-11 10:33:37.266  1460  1493 W AppInfo : 	at android.os.ParcelFileDescriptor.openInternal(ParcelFileDescriptor.java:356)
06-11 10:33:37.266  1460  1493 W AppInfo : 	at android.os.ParcelFileDescriptor.open(ParcelFileDescriptor.java:233)
06-11 10:33:37.266  1460  1493 W AppInfo : 	at org.hapjs.cache.CacheProvider.doOpenFile(SourceFile:56)
06-11 10:33:37.266  1460  1493 W AppInfo : 	at org.hapjs.AbstractContentProvider.openFile(SourceFile:4)
06-11 10:33:37.266  1460  1493 W AppInfo : 	at android.content.ContentProvider.openAssetFile(ContentProvider.java:2326)
06-11 10:33:37.266  1460  1493 W AppInfo : 	at org.hapjs.AbstractContentProvider.doOpenAssetFile(SourceFile:1)
06-11 10:33:37.266  1460  1493 W AppInfo : 	at org.hapjs.cache.CacheProvider.doOpenAssetFile(SourceFile:74)
06-11 10:33:37.266  1460  1493 W AppInfo : 	at org.hapjs.AbstractContentProvider.openAssetFile(SourceFile:4)
06-11 10:33:37.266  1460  1493 W AppInfo : 	at android.content.ContentProvider.openTypedAssetFile(ContentProvider.java:2504)
06-11 10:33:37.266  1460  1493 W AppInfo : 	at android.content.ContentProvider.openTypedAssetFile(ContentProvider.java:2571)
06-11 10:33:37.266  1460  1493 W AppInfo : 	at android.content.ContentProvider$Transport.openTypedAssetFile(ContentProvider.java:692)
06-11 10:33:37.266  1460  1493 W AppInfo : 	at android.content.ContentResolver.openTypedAssetFileDescriptor(ContentResolver.java:2097)
06-11 10:33:37.266  1460  1493 W AppInfo : 	at android.content.ContentResolver.openAssetFileDescriptor(ContentResolver.java:1912)
06-11 10:33:37.266  1460  1493 W AppInfo : 	at android.content.ContentResolver.openInputStream(ContentResolver.java:1582)
06-11 10:33:37.266  1460  1493 W AppInfo : 	at org.hapjs.model.AppInfo.fromUri(SourceFile:7)
06-11 10:33:37.266  1460  1493 W AppInfo : 	at org.hapjs.model.AppInfo.create(SourceFile:105)
06-11 10:33:37.266  1460  1493 W AppInfo : 	at org.hapjs.bridge.DefaultAppInfoProvider.create(SourceFile:1)
06-11 10:33:37.266  1460  1493 W AppInfo : 	at a.a.a.nl0.g(SourceFile:58)
06-11 10:33:37.266  1460  1493 W AppInfo : 	at a.a.a.nl0.e(SourceFile:2)
06-11 10:33:37.266  1460  1493 W AppInfo : 	at a.a.a.rp6.d(SourceFile:22)
06-11 10:33:37.266  1460  1493 W AppInfo : 	at a.a.a.rp6.c(SourceFile:52)
06-11 10:33:37.266  1460  1493 W AppInfo : 	at com.nearme.instant.card.SharedDataProvider.setOrUpdateSharedDataInner(SourceFile:48)
06-11 10:33:37.266  1460  1493 W AppInfo : 	at com.nearme.instant.card.SharedDataProvider.setOrUpdateSharedData(SourceFile:61)
06-11 10:33:37.266  1460  1493 W AppInfo : 	at com.nearme.instant.card.SharedDataProvider.doCall(SourceFile:46)
06-11 10:33:37.266  1460  1493 W AppInfo : 	at org.hapjs.AbstractContentProvider.call(SourceFile:4)
06-11 10:33:37.266  1460  1493 W AppInfo : 	at android.content.ContentProvider.call(ContentProvider.java:2773)
06-11 10:33:37.266  1460  1493 W AppInfo : 	at android.content.ContentProvider$Transport.call(ContentProvider.java:653)
06-11 10:33:37.266  1460  1493 W AppInfo : 	at android.content.ContentProviderNative.onTransact(ContentProviderNative.java:307)
06-11 10:33:37.266  1460  1493 W AppInfo : 	at android.os.Binder.execTransactInternal(Binder.java:1444)
06-11 10:33:37.266  1460  1493 W AppInfo : 	at android.os.Binder.execTransact(Binder.java:1378)
06-11 10:33:37.266 11083 11741 E MSP-LOG-SDK-RateLimitManager: not_allow_invoke because of time_window_not_allow queue = [1781143255693], config = RateLimitConfig{maxCalls=1, timeWindowSeconds=7200, callIntervalSeconds=0}, ipcInvokeTimeQueueMapKey = com.heytap.nearx.tangramconfig.kit.client.ICloudCtrlServiceModule?@?global-domain_1961?@?4?@?com.coloros.phonemanager, has already call 1 times in 7200 seconds before
06-11 10:33:37.267  1460  1493 E PermissionVerifier: card rpk not exists
06-11 10:33:37.267  1460  1493 W PermissionVerifier: checkWritePermission writer: com.oplus.games not in rpk: com.coloros.gamespaceui.quickapp.library allowed list
06-11 10:33:37.267 11083 11741 E MSP-LOG-SDK-: MspSdkException{code=3014,message=com.heytap.mspsdk.ratelimit.MspRateLimitExceededException: ipc rate limit exceeded in time window}
06-11 10:33:37.267 11083 11741 E MSP-LOG-SDK-: 	at com.heytap.mspsdk.ratelimit.b.a(RateLimitInterceptor.java:56)
06-11 10:33:37.267 11083 11741 E MSP-LOG-SDK-: 	at com.heytap.mspsdk.interceptor.c.a(StandardListChain.java:40)
06-11 10:33:37.267 11083 11741 E MSP-LOG-SDK-: 	at com.heytap.mspsdk.proxy.b.a(CompatCheckInterceptor.java:30)
06-11 10:33:37.267 11083 11741 E MSP-LOG-SDK-: 	at com.heytap.mspsdk.interceptor.c.a(StandardListChain.java:40)
06-11 10:33:37.267 11083 11741 E MSP-LOG-SDK-: 	at com.heytap.mspsdk.proxy.e.invoke(InnerInvocationHandler.java:202)
06-11 10:33:37.267 11083 11741 E MSP-LOG-SDK-: 	at java.lang.reflect.Proxy.invoke(Proxy.java:1006)
06-11 10:33:37.267 11083 11741 E MSP-LOG-SDK-: 	at $Proxy12.checkUpdateConfig(Unknown Source)
06-11 10:33:37.267 11083 11741 E MSP-LOG-SDK-: 	at com.heytap.nearx.tangramconfig.kit.client.KitProxy.checkUpdateConfig$lambda$3(KitProxy.kt:20)
06-11 10:33:37.267 11083 11741 E MSP-LOG-SDK-: 	at com.heytap.nearx.tangramconfig.kit.client.KitProxy.d(KitProxy.kt:1)
06-11 10:33:37.267 11083 11741 E MSP-LOG-SDK-: 	at com.heytap.nearx.tangramconfig.kit.client.e.run(R8$$SyntheticClass:9)
06-11 10:33:37.267 11083 11741 E MSP-LOG-SDK-: 	at java.util.concurrent.ThreadPoolExecutor.runWorker(ThreadPoolExecutor.java:1156)
06-11 10:33:37.267 11083 11741 E MSP-LOG-SDK-: 	at java.util.concurrent.ThreadPoolExecutor$Worker.run(ThreadPoolExecutor.java:651)
06-11 10:33:37.267 11083 11741 E MSP-LOG-SDK-: 	at java.lang.Thread.run(Thread.java:1119)
06-11 10:33:37.267  1460  1493 W SharedDataProvider: setOrUpdateSharedData no permissions!
06-11 10:33:37.270  4639  8514 D NetworkService[1]: getIfIndexByNetid netId:194,ifName:wlan0,ifIndex:30
06-11 10:33:37.270 11083 11732 I CloudConfig: ruc 1961 exit
06-11 10:33:37.270 11083 11732 I CloudConfig: tn: sdk-50351-ruc, dr: 163ms
06-11 10:33:37.270 11083 11778 I MSP-LOG-SDK-MspSdk: Sdk has initialized! version:2.0.1.14
06-11 10:33:37.271 11083 11778 E MSP-LOG-SDK-RateLimitManager: not_allow_invoke because of time_window_not_allow queue = [1781143251665], config = RateLimitConfig{maxCalls=1, timeWindowSeconds=21600, callIntervalSeconds=0}, ipcInvokeTimeQueueMapKey = com.heytap.nearx.tangramconfig.kit.client.ICloudCtrlServiceModule?@?global-domain_1961?@?1?@?com.coloros.phonemanager, has already call 1 times in 21600 seconds before
06-11 10:33:37.271 11083 11778 E MSP-LOG-SDK-: MspSdkException{code=3014,message=com.heytap.mspsdk.ratelimit.MspRateLimitExceededException: ipc rate limit exceeded in time window}
06-11 10:33:37.271 11083 11778 E MSP-LOG-SDK-: 	at com.heytap.mspsdk.ratelimit.b.a(RateLimitInterceptor.java:56)
06-11 10:33:37.271 11083 11778 E MSP-LOG-SDK-: 	at com.heytap.mspsdk.interceptor.c.a(StandardListChain.java:40)
06-11 10:33:37.271 11083 11778 E MSP-LOG-SDK-: 	at com.heytap.mspsdk.proxy.b.a(CompatCheckInterceptor.java:30)
06-11 10:33:37.271 11083 11778 E MSP-LOG-SDK-: 	at com.heytap.mspsdk.interceptor.c.a(StandardListChain.java:40)
06-11 10:33:37.271 11083 11778 E MSP-LOG-SDK-: 	at com.heytap.mspsdk.proxy.e.invoke(InnerInvocationHandler.java:202)
06-11 10:33:37.271 11083 11778 E MSP-LOG-SDK-: 	at java.lang.reflect.Proxy.invoke(Proxy.java:1006)
06-11 10:33:37.271 11083 11778 E MSP-LOG-SDK-: 	at $Proxy12.getDynamicCondition(Unknown Source)
06-11 10:33:37.271 11083 11778 E MSP-LOG-SDK-: 	at com.heytap.nearx.tangramconfig.kit.client.KitProxy.getDynamicCondition$lambda$0(KitProxy.kt:25)
06-11 10:33:37.271 11083 11778 E MSP-LOG-SDK-: 	at com.heytap.nearx.tangramconfig.kit.client.KitProxy.b(KitProxy.kt:1)
06-11 10:33:37.271 11083 11778 E MSP-LOG-SDK-: 	at com.heytap.nearx.tangramconfig.kit.client.b.run(R8$$SyntheticClass:9)
06-11 10:33:37.271 11083 11778 E MSP-LOG-SDK-: 	at java.util.concurrent.ThreadPoolExecutor.runWorker(ThreadPoolExecutor.java:1156)
06-11 10:33:37.271 11083 11778 E MSP-LOG-SDK-: 	at java.util.concurrent.ThreadPoolExecutor$Worker.run(ThreadPoolExecutor.java:651)
06-11 10:33:37.271 11083 11778 E MSP-LOG-SDK-: 	at java.lang.Thread.run(Thread.java:1119)
06-11 10:33:37.272  8454  8173 I ContextAware_AppCardProcessor: [breeno-launcher_2x4]Apps on same screen, apps=[com.android.contacts, com.android.mms, com.oplus.camera, com.alibaba.android.rimet, com.example.findmapbox, com.citiccard.mobilebank, com.chinamworld.bocmbci, com.kmxs.reader, com.ovital.ovitalMap, com.nqsky.rmad.dizhiyun, com.taobao.idlefish, cmb.pb, com.larus.nova]
06-11 10:33:37.272  8454  8173 I ContextAware_AdvertisementManager: [breeno-launcher_2x4]getCommerceAppsByCardName size:6
06-11 10:33:37.272  8454  8173 I ContextAware_AppCardProcessor: [breeno-launcher_2x4]process fill ad apps: advApps: com.ss.android.ugc.aweme,com.aliyun.tongyi,com.jingdong.app.mall,com.eg.android.AlipayGphone,com.smile.gifmaker,com.sankuai.meituan
06-11 10:33:37.272  8454  8173 I ContextAware_AppFillAdsProcess: [breeno-launcher_2x4]Mix commerce app with commerceAlg=2 advs=[AppAdInfo[pkg=com.ss.android.ugc.aweme, finalScore=413.00003, timeWeight=0.0,  exposeWeight=0.0, habitWeight=0.0, habitHourWeight=0.0,finalWeight=0.0,weight=0.0, deepLink= 1506, routePage = 0, utrackClickUrl=3, utrackExposeUrl=3,iconUrl=null, icon=null, appType=5, expireTimeStamp:1781193599836,apiSource=5, typeCode=6, cpcScore=13.452769, ecpmScore=413.00003, ctrScore=0.0307,title=null, subTitle=null, adSize=71,algorithmScore=0.0, status=[]], AppAdInfo[pkg=com.aliyun.tongyi, finalScore=193.743, timeWeight=0.0,  exposeWeight=0.0, habitWeight=0.0, habitHourWeight=0.0,finalWeight=0.0,weight=0.0, deepLink= 259, routePage = 0, utrackClickUrl=2, utrackExposeUrl=2,iconUrl=null, icon=null, appType=3, expireTimeStamp:1781193599836,apiSource=9, typeCode=6, cpcScore=103.0, ecpmScore=193.743, ctrScore=0.0018798828,title=null, subTitle=null, adSize=71,algorithmScore=0.0, status=[]], AppAdInfo[pkg=com.jingdong.app.mall, finalScore=89.0, timeWeight=0.0,  exposeWeight=0.0, habitWeight=0.0, habitHourWeight=0.0,finalWeight=0.0,weight=0.0, deepLink= 746, routePage = 0, utrackClickUrl=4, utrackExposeUrl=4,iconUrl=null, icon=null, appType=5, expireTimeStamp:1781193599836,apiSource=5, typeCode=6, cpcScore=34.23077, ecpmScore=89.0, ctrScore=0.0026,title=null, subTitle=null, adSize=71,algorithmScore=0.0, status=[]], AppAdInfo[pkg=com.eg.android.AlipayGphone, finalScore=34.0, timeWeight=0.0,  exposeWeight=0.0, habitWeight=0.0, habitHourWeight=0.0,finalWeight=0.0,weight=0.0, deepLink= 1002, routePage = 0, utrackClickUrl=4, utrackExposeUrl=4,iconUrl=null, icon=null, appType=5, expireTimeStamp:1781193599836,apiSource=5, typeCode=6, cpcScore=5.230769, ecpmScore=34.0, ctrScore=0.0065,title=null, subTitle=null, adSize=71,algorithmScore=0.0, status=[]], AppAdInfo[pkg=com.smile.gifmaker, finalScore=30.0, timeWeight=0.0,  exposeWeight=0.0, habitWeight=0.0, habitHourWeight=0.0,finalWeight=0.0,weight=0.0, deepLink= 1132, routePage = 0, utrackClickUrl=3, utrackExposeUrl=3,iconUrl=null, icon=null, appType=5, expireTimeStamp:1781193599836,apiSource=5, typeCode=1, cpcScore=1.6393442, ecpmScore=30.0, ctrScore=0.0183,title=null, subTitle=null, adSize=71,algorithmScore=0.0, status=[]], AppAdInfo[pkg=com.sankuai.meituan, finalScore=26.433, timeWeight=0.0,  exposeWeight=0.0, habitWeight=0.0, habitHourWeight=0.0,finalWeight=0.0,weight=0.0, deepLink= 116, routePage = 0, utrackClickUrl=2, utrackExposeUrl=2,iconUrl=null, icon=null, appType=3, expireTimeStamp:1781193599836,apiSource=9, typeCode=1, cpcScore=9.0, ecpmScore=26.433, ctrScore=0.0029378256,title=null, subTitle=null, adSize=71,algorithmScore=0.0, status=[]]]
06-11 10:33:37.272  8454  8173 I ContextAware_AppFillAdsProcess: [breeno-launcher_2x4]:maxCount:8  adTakeCount:2  adLoadCount:4
06-11 10:33:37.273  8454  8173 I ContextAware_AppFillAdsProcess: current adv app com.ss.android.ugc.aweme in 7 with status 2
06-11 10:33:37.273  8454  8173 I ContextAware_AppFillAdsProcess: current adv app com.aliyun.tongyi in 8 with status 2
06-11 10:33:37.273  8454  8173 I ContextAware_AppFillAdsProcess: not adv app com.github.metacubex.clash.meta in 9
06-11 10:33:37.273  8454  8173 I ContextAware_AppFillAdsProcess: not adv app com.lolaage.tbulu.tools in 10
06-11 10:33:37.273  8454  8173 I ContextAware_AppFillNewActiveProcess: [breeno-launcher_2x4]not support appSugNewAppSwitch
06-11 10:33:37.273 27947 28278 I GameSpaceUI.COSASDKManager: getManagerInfoListNoTimeOut_1781145217221 getPrintAppInfoString AppInfo{mPackageName='com.ss.android.yumme.video', mType=7, mUserMarkType=-1}
06-11 10:33:37.273  8454  8173 I ContextAware_AppCardProcessor: [breeno-launcher_2x4]SEND_APP_MESSAGE: commerceAlg=2, resultApps=[AppInfo[pkg=com.earthengine.minimalglobe, appType=0,iconSource=system, recallType=algorithm, deepLink=0,utrackClickUrl=0, utrackExposeUrl=0,icon=0, apiSource=null, typeCode=null, mode=0, advFinalScore=null,  routePage=0,title=null, subTitle=null, adSize=null,probability=0], AppInfo[pkg=space.xinzhi.hiko, appType=0,iconSource=system, recallType=algorithm, deepLink=0,utrackClickUrl=0, utrackExposeUrl=0,icon=0, apiSource=null, typeCode=null, mode=0, advFinalScore=null,  routePage=0,title=null, subTitle=null, adSize=null,probability=0], AppInfo[pkg=com.tencent.mm, appType=0,iconSource=system, recallType=algorithm, deepLink=0,utrackClickUrl=0, utrackExposeUrl=0,icon=0, apiSource=null, typeCode=null, mode=0, advFinalScore=null,  routePage=0,title=null, subTitle=null, adSize=null,probability=0], AppInfo[pkg=space.xinzhi.map, appType=0,iconSource=system, recallType=algorithm, deepLink=0,utrackClickUrl=0, utrackExposeUrl=0,icon=0, apiSource=null, typeCode=null, mode=0, advFinalScore=null,  routePage=0,title=null, subTitle=null, adSize=null,probability=0], AppInfo[pkg=com.ss.android.lark, appType=0,iconSource=system, recallType=algorithm, deepLink=0,utrackClickUrl=0, utrackExposeUrl=0,icon=0, apiSource=null, typeCode=null, mode=0, advFinalScore=null,  routePage=0,title=null, subTitle=null, adSize=null,probability=0], AppInfo[pkg=com.phoenix.read, appType=0,iconSource=system, recallType=algorithm, deepLink=0,utrackClickUrl=0, utrackExposeUrl=0,icon=0, apiSource=null, typeCode=null, mode=0, advFinalScore=null,  routePage=0,title=null, subTitle=null, adSize=null,probability=0], AppInfo[pkg=com.ss.android.ugc.aweme, appType=5,iconSource=system, recallType=ad, deepLink=1506,utrackClickUrl=3, utrackExposeUrl=3,icon=0, apiSource=5, typeCode=6, mode=2, advFinalScore=413.00003,  routePage=0,title=null, subTitle=null, adSize=null,probability=0], AppInfo[pkg=com.aliyun.tongyi, appType=3,iconSource=system, recallType=ad, deepLink=259,utrackClickUrl=2, utrackExposeUrl=2,icon=0, apiSource=9, typeCode=6, mode=2, advFinalScore=193.743,  routePage=0,title=null, subTitle=null, adSize=null,probability=0], AppInfo[pkg=com.github.metacubex.clash.meta, appType=0,iconSource=system, recallType=algorithm, deepLink=0,utrackClickUrl=0, utrackExposeUrl=0,icon=0, apiSource=null, typeCode=null, mode=0, advFinalScore=null,  routePage=0,title=null, subTitle=null, adSize=null,probability=0], AppInfo[pkg=com.lolaage.tbulu.tools, appType=0,iconSource=system, recallType=algorithm, deepLink=0,utrackClickUrl=0, utrackExposeUrl=0,icon=0, apiSource=null, typeCode=null, mode=0, advFinalScore=null,  routePage=0,title=null, subTitle=null, adSize=null,probability=0]], traceId: 4b5b5ab9fa1eb57bee43b590ed4fc7e1-e6937e3ced87487e9dfb41a6382e7bdc
06-11 10:33:37.273 27947 28278 I GameSpaceUI.COSASDKManager: getManagerInfoListNoTimeOut_1781145217221 getPrintAppInfoString AppInfo{mPackageName='tv.danmaku.bili', mType=7, mUserMarkType=-1}
06-11 10:33:37.273 27947 28278 I GameSpaceUI.COSASDKManager: getManagerInfoListNoTimeOut_1781145217221 getPrintAppInfoString AppInfo{mPackageName='com.eg.android.AlipayGphone', mType=7, mUserMarkType=-1}
06-11 10:33:37.273 27947 28278 I GameSpaceUI.COSASDKManager: getManagerInfoListNoTimeOut_1781145217221 getPrintAppInfoString AppInfo{mPackageName='com.github.metacubex.clash.meta', mType=7, mUserMarkType=-1}
06-11 10:33:37.273 27947 28278 I GameSpaceUI.COSASDKManager: getManagerInfoListNoTimeOut_1781145217221 getPrintAppInfoString AppInfo{mPackageName='com.greenpoint.android.mc10086.activity', mType=7, mUserMarkType=-1}
06-11 10:33:37.273 27947 28278 I GameSpaceUI.COSASDKManager: getManagerInfoListNoTimeOut_1781145217221 getPrintAppInfoString AppInfo{mPackageName='com.achievo.vipshop', mType=7, mUserMarkType=-1}
06-11 10:33:37.274  3189  5599 D ActivityManager: Async freezing 27947 com.oplus.games
06-11 10:33:37.276  1460  1460 W FrescoUtils: Fresco clear Memory
06-11 10:33:37.275  4650 25293 W HapContentObserver: uri: content://appRecommend_data_storage/breeno-launcher_2x4/query
06-11 10:33:37.276  4650 25293 D HapContentObserver: key: 251540744 , task: 70838955
06-11 10:33:37.276  4650 25293 D ContentResolverTask: uri: content://appRecommend_data_storage/breeno-launcher_2x4/query contains: false task: 70838955
06-11 10:33:37.276  4650 25293 D HapContentObserver: key: 82000058 , task: 112544663
06-11 10:33:37.276  4650 25293 D ContentResolverTask: uri: content://appRecommend_data_storage/breeno-launcher_2x4/query contains: false task: 112544663
06-11 10:33:37.278 28382 28393 W com.oplus.cosa: Suspending all threads took: 14.771ms
06-11 10:33:37.286  3189  3189 W AccessibilityManagerService:  wait for adding window timeout: 1667
06-11 10:33:37.297 19629 19728 D WM-SystemJobScheduler: Scheduling work ID ba26e192-8bff-4133-bf09-1147fe6f86afJob ID 4787
06-11 10:33:37.312  1708  8308 E ANDR-PERF-LM: VmRssMeter:: start() 358: Could not find pid, can not collect vmrss data
06-11 10:33:37.312  1708  8308 E ANDR-PERF-LM: AdaptiveLaunch: writeToDataBase() 64: Meter aborted or could not get meter data for this run
06-11 10:33:37.317  8454  8173 I metis_v2_BreenoSwitchSettingObserver: panta-sugg-getMasterSwitchStatus from cache:true
06-11 10:33:37.319 29276 29368 I JniHttpHelper: httpGet OK: https://webst01.is.autonavi.com/appmaptile?style=6&x=0&y=0&z=0 -> 4235 bytes
06-11 10:33:37.321  5227 29245 W ONET_NetMonitor: RecvResp seq: 11748 retry: 0 code: 1 httpCode: 200 contentLength: 479 costtime: 83 msg: null
06-11 10:33:37.326  5227 29245 W market_check_upgrade: type: 3 ,request: cost: 309
06-11 10:33:37.326  5227 29245 W market_check_upgrade: type: 3 , response: size: 0
06-11 10:33:37.327  1460  1493 W SeedlingShare: (com.oplus.games, assistant_update_game_infos) not in seeding shared white list.
06-11 10:33:37.326  4639  8514 D NetworkService[1]: getIfIndexByNetid netId:194,ifName:wlan0,ifIndex:30
06-11 10:33:37.328  1460  1493 W AppInfo : AppInfo create Uri content://com.nearme.instant.platform.res/com.coloros.gamespaceui.quickapp.guide/manifest.json
06-11 10:33:37.329  1460  1493 W PackageFilesValidator: isInvalidResource: AppDistributionMeta is null
06-11 10:33:37.333 29276 29368 I AndroidBridge: Decoded image 256x256 from 4235 bytes
06-11 10:33:37.335  9703 11042 D RealConnection:: Platform.get().getSelectedProtocol(sslSocket):http/1.1
06-11 10:33:37.335  9703 11042 D RealConnection:: supportsTlsExtensions:true
06-11 10:33:37.335  9703 11042 D RealConnection:: maybeProtocol:http/1.1
06-11 10:33:37.335  9703 11042 D RealConnection:: protocol:http/1.1
06-11 10:33:37.335  8454  8173 I ContextAware_AppCardProcessor: [breeno-launcher]Apps on same screen, apps=[com.android.contacts, com.android.mms, com.oplus.camera, com.alibaba.android.rimet, com.example.findmapbox, com.citiccard.mobilebank, com.chinamworld.bocmbci, com.kmxs.reader, com.ovital.ovitalMap, com.nqsky.rmad.dizhiyun, com.taobao.idlefish, cmb.pb, com.larus.nova]
06-11 10:33:37.335  8454  8173 I ContextAware_AdvertisementManager: [breeno-launcher]getCommerceAppsByCardName size:6
06-11 10:33:37.336  8454  8173 I ContextAware_AppCardProcessor: [breeno-launcher]process fill ad apps: advApps: com.ss.android.ugc.aweme,com.aliyun.tongyi,com.jingdong.app.mall,com.eg.android.AlipayGphone,com.smile.gifmaker,com.sankuai.meituan
06-11 10:33:37.336  8454  8173 I ContextAware_AppFillAdsProcess: [breeno-launcher]Mix commerce app with commerceAlg=2 advs=[AppAdInfo[pkg=com.ss.android.ugc.aweme, finalScore=413.00003, timeWeight=0.0,  exposeWeight=0.0, habitWeight=0.0, habitHourWeight=0.0,finalWeight=0.0,weight=0.0, deepLink= 1506, routePage = 0, utrackClickUrl=3, utrackExposeUrl=3,iconUrl=null, icon=null, appType=5, expireTimeStamp:1781193599836,apiSource=5, typeCode=6, cpcScore=13.452769, ecpmScore=413.00003, ctrScore=0.0307,title=null, subTitle=null, adSize=71,algorithmScore=0.0, status=[]], AppAdInfo[pkg=com.aliyun.tongyi, finalScore=193.743, timeWeight=0.0,  exposeWeight=0.0, habitWeight=0.0, habitHourWeight=0.0,finalWeight=0.0,weight=0.0, deepLink= 259, routePage = 0, utrackClickUrl=2, utrackExposeUrl=2,iconUrl=null, icon=null, appType=3, expireTimeStamp:1781193599836,apiSource=9, typeCode=6, cpcScore=103.0, ecpmScore=193.743, ctrScore=0.0018798828,title=null, subTitle=null, adSize=71,algorithmScore=0.0, status=[]], AppAdInfo[pkg=com.jingdong.app.mall, finalScore=89.0, timeWeight=0.0,  exposeWeight=0.0, habitWeight=0.0, habitHourWeight=0.0,finalWeight=0.0,weight=0.0, deepLink= 746, routePage = 0, utrackClickUrl=4, utrackExposeUrl=4,iconUrl=null, icon=null, appType=5, expireTimeStamp:1781193599836,apiSource=5, typeCode=6, cpcScore=34.23077, ecpmScore=89.0, ctrScore=0.0026,title=null, subTitle=null, adSize=71,algorithmScore=0.0, status=[]], AppAdInfo[pkg=com.eg.android.AlipayGphone, finalScore=34.0, timeWeight=0.0,  exposeWeight=0.0, habitWeight=0.0, habitHourWeight=0.0,finalWeight=0.0,weight=0.0, deepLink= 1002, routePage = 0, utrackClickUrl=4, utrackExposeUrl=4,iconUrl=null, icon=null, appType=5, expireTimeStamp:1781193599836,apiSource=5, typeCode=6, cpcScore=5.230769, ecpmScore=34.0, ctrScore=0.0065,title=null, subTitle=null, adSize=71,algorithmScore=0.0, status=[]], AppAdInfo[pkg=com.smile.gifmaker, finalScore=30.0, timeWeight=0.0,  exposeWeight=0.0, habitWeight=0.0, habitHourWeight=0.0,finalWeight=0.0,weight=0.0, deepLink= 1132, routePage = 0, utrackClickUrl=3, utrackExposeUrl=3,iconUrl=null, icon=null, appType=5, expireTimeStamp:1781193599836,apiSource=5, typeCode=1, cpcScore=1.6393442, ecpmScore=30.0, ctrScore=0.0183,title=null, subTitle=null, adSize=71,algorithmScore=0.0, status=[]], AppAdInfo[pkg=com.sankuai.meituan, finalScore=26.433, timeWeight=0.0,  exposeWeight=0.0, habitWeight=0.0, habitHourWeight=0.0,finalWeight=0.0,weight=0.0, deepLink= 116, routePage = 0, utrackClickUrl=2, utrackExposeUrl=2,iconUrl=null, icon=null, appType=3, expireTimeStamp:1781193599836,apiSource=9, typeCode=1, cpcScore=9.0, ecpmScore=26.433, ctrScore=0.0029378256,title=null, subTitle=null, adSize=71,algorithmScore=0.0, status=[]]]
06-11 10:33:37.336  8454  8173 I ContextAware_AppFillAdsProcess: [breeno-launcher]:maxCount:4  adTakeCount:1  adLoadCount:2
06-11 10:33:37.336  8454  8173 I ContextAware_AppFillAdsProcess: current adv app com.ss.android.ugc.aweme in 4 with status 2
06-11 10:33:37.336  8454  8173 I ContextAware_AppFillAdsProcess: not adv app space.xinzhi.map in 5
06-11 10:33:37.336  8454  8173 I ContextAware_AppFillNewActiveProcess: [breeno-launcher]not support appSugNewAppSwitch
06-11 10:33:37.337  8454  8173 I ContextAware_AppCardProcessor: [breeno-launcher]SEND_APP_MESSAGE: commerceAlg=2, resultApps=[AppInfo[pkg=com.earthengine.minimalglobe, appType=0,iconSource=system, recallType=algorithm, deepLink=0,utrackClickUrl=0, utrackExposeUrl=0,icon=0, apiSource=null, typeCode=null, mode=0, advFinalScore=null,  routePage=0,title=null, subTitle=null, adSize=null,probability=0], AppInfo[pkg=space.xinzhi.hiko, appType=0,iconSource=system, recallType=algorithm, deepLink=0,utrackClickUrl=0, utrackExposeUrl=0,icon=0, apiSource=null, typeCode=null, mode=0, advFinalScore=null,  routePage=0,title=null, subTitle=null, adSize=null,probability=0], AppInfo[pkg=com.tencent.mm, appType=0,iconSource=system, recallType=algorithm, deepLink=0,utrackClickUrl=0, utrackExposeUrl=0,icon=0, apiSource=null, typeCode=null, mode=0, advFinalScore=null,  routePage=0,title=null, subTitle=null, adSize=null,probability=0], AppInfo[pkg=com.ss.android.ugc.aweme, appType=5,iconSource=system, recallType=ad, deepLink=1506,utrackClickUrl=3, utrackExposeUrl=3,icon=0, apiSource=5, typeCode=6, mode=2, advFinalScore=413.00003,  routePage=0,title=null, subTitle=null, adSize=null,probability=0], AppInfo[pkg=space.xinzhi.map, appType=0,iconSource=system, recallType=algorithm, deepLink=0,utrackClickUrl=0, utrackExposeUrl=0,icon=0, apiSource=null, typeCode=null, mode=0, advFinalScore=null,  routePage=0,title=null, subTitle=null, adSize=null,probability=0], AppInfo[pkg=com.ss.android.lark, appType=0,iconSource=system, recallType=algorithm, deepLink=0,utrackClickUrl=0, utrackExposeUrl=0,icon=0, apiSource=null, typeCode=null, mode=0, advFinalScore=null,  routePage=0,title=null, subTitle=null, adSize=null,probability=0], AppInfo[pkg=com.phoenix.read, appType=0,iconSource=system, recallType=algorithm, deepLink=0,utrackClickUrl=0, utrackExposeUrl=0,icon=0, apiSource=null, typeCode=null, mode=0, advFinalScore=null,  routePage=0,title=null, subTitle=null, adSize=null,probability=0], AppInfo[pkg=com.github.metacubex.clash.meta, appType=0,iconSource=system, recallType=algorithm, deepLink=0,utrackClickUrl=0, utrackExposeUrl=0,icon=0, apiSource=null, typeCode=null, mode=0, advFinalScore=null,  routePage=0,title=null, subTitle=null, adSize=null,probability=0], AppInfo[pkg=com.lolaage.tbulu.tools, appType=0,iconSource=system, recallType=algorithm, deepLink=0,utrackClickUrl=0, utrackExposeUrl=0,icon=0, apiSource=null, typeCode=null, mode=0, advFinalScore=null,  routePage=0,title=null, subTitle=null, adSize=null,probability=0], AppInfo[pkg=com.heytap.browser, appType=0,iconSource=system, recallType=algorithm, deepLink=0,utrackClickUrl=0, utrackExposeUrl=0,icon=0, apiSource=null, typeCode=null, mode=0, advFinalScore=null,  routePage=0,title=null, subTitle=null, adSize=null,probability=0]], traceId: 4b5b5ab9fa1eb57bee43b590ed4fc7e1-1b997fa2ae6a436cbd02b084a62f5320
06-11 10:33:37.340  1460  1493 W AppInfo : app info parse uri fail. uri: content://com.nearme.instant.platform.res/com.coloros.gamespaceui.quickapp.guide/manifest.json##Throwable##java.io.FileNotFoundException: open failed: ENOENT (No such file or directory)
06-11 10:33:37.340  1460  1493 W AppInfo : 	at android.os.ParcelFileDescriptor.openInternal(ParcelFileDescriptor.java:356)
06-11 10:33:37.340  1460  1493 W AppInfo : 	at android.os.ParcelFileDescriptor.open(ParcelFileDescriptor.java:233)
06-11 10:33:37.340  1460  1493 W AppInfo : 	at org.hapjs.cache.CacheProvider.doOpenFile(SourceFile:56)
06-11 10:33:37.340  1460  1493 W AppInfo : 	at org.hapjs.AbstractContentProvider.openFile(SourceFile:4)
06-11 10:33:37.340  1460  1493 W AppInfo : 	at android.content.ContentProvider.openAssetFile(ContentProvider.java:2326)
06-11 10:33:37.340  1460  1493 W AppInfo : 	at org.hapjs.AbstractContentProvider.doOpenAssetFile(SourceFile:1)
06-11 10:33:37.340  1460  1493 W AppInfo : 	at org.hapjs.cache.CacheProvider.doOpenAssetFile(SourceFile:74)
06-11 10:33:37.340  1460  1493 W AppInfo : 	at org.hapjs.AbstractContentProvider.openAssetFile(SourceFile:4)
06-11 10:33:37.340  1460  1493 W AppInfo : 	at android.content.ContentProvider.openTypedAssetFile(ContentProvider.java:2504)
06-11 10:33:37.340  1460  1493 W AppInfo : 	at android.content.ContentProvider.openTypedAssetFile(ContentProvider.java:2571)
06-11 10:33:37.340  1460  1493 W AppInfo : 	at android.content.ContentProvider$Transport.openTypedAssetFile(ContentProvider.java:692)
06-11 10:33:37.340  1460  1493 W AppInfo : 	at android.content.ContentResolver.openTypedAssetFileDescriptor(ContentResolver.java:2097)
06-11 10:33:37.340  1460  1493 W AppInfo : 	at android.content.ContentResolver.openAssetFileDescriptor(ContentResolver.java:1912)
06-11 10:33:37.340  1460  1493 W AppInfo : 	at android.content.ContentResolver.openInputStream(ContentResolver.java:1582)
06-11 10:33:37.340  1460  1493 W AppInfo : 	at org.hapjs.model.AppInfo.fromUri(SourceFile:7)
06-11 10:33:37.340  1460  1493 W AppInfo : 	at org.hapjs.model.AppInfo.create(SourceFile:105)
06-11 10:33:37.340  1460  1493 W AppInfo : 	at org.hapjs.bridge.DefaultAppInfoProvider.create(SourceFile:1)
06-11 10:33:37.340  1460  1493 W AppInfo : 	at a.a.a.nl0.g(SourceFile:58)
06-11 10:33:37.340  1460  1493 W AppInfo : 	at a.a.a.nl0.e(SourceFile:2)
06-11 10:33:37.340  1460  1493 W AppInfo : 	at a.a.a.rp6.d(SourceFile:22)
06-11 10:33:37.340  1460  1493 W AppInfo : 	at a.a.a.rp6.c(SourceFile:52)
06-11 10:33:37.340  1460  1493 W AppInfo : 	at com.nearme.instant.card.SharedDataProvider.setOrUpdateSharedDataInner(SourceFile:48)
06-11 10:33:37.340  1460  1493 W AppInfo : 	at com.nearme.instant.card.SharedDataProvider.setOrUpdateSharedData(SourceFile:61)
06-11 10:33:37.340  1460  1493 W AppInfo : 	at com.nearme.instant.card.SharedDataProvider.doCall(SourceFile:46)
06-11 10:33:37.340  1460  1493 W AppInfo : 	at org.hapjs.AbstractContentProvider.call(SourceFile:4)
06-11 10:33:37.340  1460  1493 W AppInfo : 	at android.content.ContentProvider.call(ContentProvider.java:2773)
06-11 10:33:37.340  1460  1493 W AppInfo : 	at android.content.ContentProvider$Transport.call(ContentProvider.java:653)
06-11 10:33:37.340  1460  1493 W AppInfo : 	at android.content.ContentProviderNative.onTransact(ContentProviderNative.java:307)
06-11 10:33:37.340  1460  1493 W AppInfo : 	at android.os.Binder.execTransactInternal(Binder.java:1444)
06-11 10:33:37.340  1460  1493 W AppInfo : 	at android.os.Binder.execTransact(Binder.java:1378)
06-11 10:33:37.340  1460  1493 E PermissionVerifier: card rpk not exists
06-11 10:33:37.340  1460  1493 W PermissionVerifier: checkWritePermission writer: com.oplus.games not in rpk: com.coloros.gamespaceui.quickapp.guide allowed list
06-11 10:33:37.340  1460  1493 W SharedDataProvider: setOrUpdateSharedData no permissions!
06-11 10:33:37.340 29276 29276 I BasemapLayer: Tile uploaded: 0/0/0 256x256
06-11 10:33:37.340  1667 15952 I sensors-hal: handle_oplus_wise_rgb_event:230, wise_rgb:algo_type = 3
06-11 10:33:37.341  1667 15952 I sensors-hal: handle_oplus_wise_rgb_event:285, wise_rgb: raw_lux 516.719360, raw_cct 6501.898926, r/g/b/c: 40528.390625/35500.652344/20179.437500/90259.773438, R/G/B: 0.000000/0.000000/0.000000, brl 1529.000000, lux: 516.719360, cct: 6501.898926, ts 242614659022522, cnt 3730
06-11 10:33:37.342  1460  1493 W SeedlingShare: (com.oplus.games, assistant_update_game_infos) not in seeding shared white list.
06-11 10:33:37.343 29276 29417 I AndroidBridge: androidHttpGet: env=0xb400007a6f9b0900 gJniHttpHelperClass=0x30a6 gHttpGetMethod=0x1 url=https://webst04.is.autonavi.com/appmaptile?style=6&x=1&y=2&z=3
06-11 10:33:37.343 29276 29417 I JniHttpHelper: httpGet called: https://webst04.is.autonavi.com/appmaptile?style=6&x=1&y=2&z=3
06-11 10:33:37.343  1460  1493 W AppInfo : AppInfo create Uri content://com.nearme.instant.platform.res/com.coloros.gamespaceui.quickapp.library/manifest.json
06-11 10:33:37.344 29276 29276 I BasemapLayer: getOrCreate: z=2 useTerr=0 cacheTerr=0
06-11 10:33:37.344 29276 29276 I BasemapLayer: getOrCreate: z=2 useTerr=0 cacheTerr=0
06-11 10:33:37.344  1460  1493 W PackageFilesValidator: isInvalidResource: AppDistributionMeta is null
06-11 10:33:37.344 29276 29276 I BasemapLayer: getOrCreate: z=1 useTerr=0 cacheTerr=0
06-11 10:33:37.346 29276 29418 I AndroidBridge: androidHttpGet: env=0xb400007a0e77e5e0 gJniHttpHelperClass=0x30a6 gHttpGetMethod=0x1 url=https://webst01.is.autonavi.com/appmaptile?style=6&x=1&y=3&z=3
06-11 10:33:37.347  1460  1493 W AppInfo : app info parse uri fail. uri: content://com.nearme.instant.platform.res/com.coloros.gamespaceui.quickapp.library/manifest.json##Throwable##java.io.FileNotFoundException: open failed: ENOENT (No such file or directory)
06-11 10:33:37.347  1460  1493 W AppInfo : 	at android.os.ParcelFileDescriptor.openInternal(ParcelFileDescriptor.java:356)
06-11 10:33:37.347  1460  1493 W AppInfo : 	at android.os.ParcelFileDescriptor.open(ParcelFileDescriptor.java:233)
06-11 10:33:37.347  1460  1493 W AppInfo : 	at org.hapjs.cache.CacheProvider.doOpenFile(SourceFile:56)
06-11 10:33:37.347  1460  1493 W AppInfo : 	at org.hapjs.AbstractContentProvider.openFile(SourceFile:4)
06-11 10:33:37.347  1460  1493 W AppInfo : 	at android.content.ContentProvider.openAssetFile(ContentProvider.java:2326)
06-11 10:33:37.347  1460  1493 W AppInfo : 	at org.hapjs.AbstractContentProvider.doOpenAssetFile(SourceFile:1)
06-11 10:33:37.347  1460  1493 W AppInfo : 	at org.hapjs.cache.CacheProvider.doOpenAssetFile(SourceFile:74)
06-11 10:33:37.347  1460  1493 W AppInfo : 	at org.hapjs.AbstractContentProvider.openAssetFile(SourceFile:4)
06-11 10:33:37.347  1460  1493 W AppInfo : 	at android.content.ContentProvider.openTypedAssetFile(ContentProvider.java:2504)
06-11 10:33:37.347  1460  1493 W AppInfo : 	at android.content.ContentProvider.openTypedAssetFile(ContentProvider.java:2571)
06-11 10:33:37.347  1460  1493 W AppInfo : 	at android.content.ContentProvider$Transport.openTypedAssetFile(ContentProvider.java:692)
06-11 10:33:37.347  1460  1493 W AppInfo : 	at android.content.ContentResolver.openTypedAssetFileDescriptor(ContentResolver.java:2097)
06-11 10:33:37.347  1460  1493 W AppInfo : 	at android.content.ContentResolver.openAssetFileDescriptor(ContentResolver.java:1912)
06-11 10:33:37.347  1460  1493 W AppInfo : 	at android.content.ContentResolver.openInputStream(ContentResolver.java:1582)
06-11 10:33:37.347  1460  1493 W AppInfo : 	at org.hapjs.model.AppInfo.fromUri(SourceFile:7)
06-11 10:33:37.347  1460  1493 W AppInfo : 	at org.hapjs.model.AppInfo.create(SourceFile:105)
06-11 10:33:37.347  1460  1493 W AppInfo : 	at org.hapjs.bridge.DefaultAppInfoProvider.create(SourceFile:1)
06-11 10:33:37.347  1460  1493 W AppInfo : 	at a.a.a.nl0.g(SourceFile:58)
06-11 10:33:37.347  1460  1493 W AppInfo : 	at a.a.a.nl0.e(SourceFile:2)
06-11 10:33:37.347  1460  1493 W AppInfo : 	at a.a.a.rp6.d(SourceFile:22)
06-11 10:33:37.347  1460  1493 W AppInfo : 	at a.a.a.rp6.c(SourceFile:52)
06-11 10:33:37.347  1460  1493 W AppInfo : 	at com.nearme.instant.card.SharedDataProvider.setOrUpdateSharedDataInner(SourceFile:48)
06-11 10:33:37.347  1460  1493 W AppInfo : 	at com.nearme.instant.card.SharedDataProvider.setOrUpdateSharedData(SourceFile:61)
06-11 10:33:37.347  1460  1493 W AppInfo : 	at com.nearme.instant.card.SharedDataProvider.doCall(SourceFile:46)
06-11 10:33:37.347  1460  1493 W AppInfo : 	at org.hapjs.AbstractContentProvider.call(SourceFile:4)
06-11 10:33:37.347  1460  1493 W AppInfo : 	at android.content.ContentProvider.call(ContentProvider.java:2773)
06-11 10:33:37.347  1460  1493 W AppInfo : 	at android.content.ContentProvider$Transport.call(ContentProvider.java:653)
06-11 10:33:37.347  1460  1493 W AppInfo : 	at android.content.ContentProviderNative.onTransact(ContentProviderNative.java:307)
06-11 10:33:37.347  1460  1493 W AppInfo : 	at android.os.Binder.execTransactInternal(Binder.java:1444)
06-11 10:33:37.347  1460  1493 W AppInfo : 	at android.os.Binder.execTransact(Binder.java:1378)
06-11 10:33:37.347 29276 29420 I AndroidBridge: androidHttpGet: env=0xb400007a0e77e960 gJniHttpHelperClass=0x30a6 gHttpGetMethod=0x1 url=https://webst03.is.autonavi.com/appmaptile?style=6&x=3&y=3&z=3
06-11 10:33:37.347 29276 29421 I AndroidBridge: androidHttpGet: env=0xb400007a7da11ca0 gJniHttpHelperClass=0x30a6 gHttpGetMethod=0x1 url=https://webst04.is.autonavi.com/appmaptile?style=6&x=1629&y=846&z=11
06-11 10:33:37.347 29276 29421 I JniHttpHelper: httpGet called: https://webst04.is.autonavi.com/appmaptile?style=6&x=1629&y=846&z=11
06-11 10:33:37.347 29276 29420 I JniHttpHelper: httpGet called: https://webst03.is.autonavi.com/appmaptile?style=6&x=3&y=3&z=3
06-11 10:33:37.348 29276 29419 I AndroidBridge: androidHttpGet: env=0xb400007a7da0fee0 gJniHttpHelperClass=0x30a6 gHttpGetMethod=0x1 url=https://webst02.is.autonavi.com/appmaptile?style=6&x=2&y=3&z=3
06-11 10:33:37.348 29276 29419 I JniHttpHelper: httpGet called: https://webst02.is.autonavi.com/appmaptile?style=6&x=2&y=3&z=3
06-11 10:33:37.348 29276 29422 I AndroidBridge: androidHttpGet: env=0xb400007a0e77ece0 gJniHttpHelperClass=0x30a6 gHttpGetMethod=0x1 url=https://webst01.is.autonavi.com/appmaptile?style=6&x=1629&y=847&z=11
06-11 10:33:37.348 29276 29423 I AndroidBridge: androidHttpGet: env=0xb400007a7da12020 gJniHttpHelperClass=0x30a6 gHttpGetMethod=0x1 url=https://webst01.is.autonavi.com/appmaptile?style=6&x=1630&y=846&z=11
06-11 10:33:37.348 29276 29424 I AndroidBridge: androidHttpGet: env=0xb400007a0e77f060 gJniHttpHelperClass=0x30a6 gHttpGetMethod=0x1 url=https://webst02.is.autonavi.com/appmaptile?style=6&x=1630&y=847&z=11
06-11 10:33:37.348  1460  1493 E PermissionVerifier: card rpk not exists
06-11 10:33:37.348  1460  1493 W PermissionVerifier: checkWritePermission writer: com.oplus.games not in rpk: com.coloros.gamespaceui.quickapp.library allowed list
06-11 10:33:37.349  1460  1493 W SharedDataProvider: setOrUpdateSharedData no permissions!
06-11 10:33:37.349 29276 29426 I AndroidBridge: androidHttpGet: env=0xb400007a0e77f3e0 gJniHttpHelperClass=0x30a6 gHttpGetMethod=0x1 url=https://webst03.is.autonavi.com/appmaptile?style=6&x=1630&y=848&z=11
06-11 10:33:37.349 29276 29427 I AndroidBridge: androidHttpGet: env=0xb400007a7da12720 gJniHttpHelperClass=0x30a6 gHttpGetMethod=0x1 url=https://webst02.is.autonavi.com/appmaptile?style=6&x=1&y=4&z=3
06-11 10:33:37.349 29276 29425 I AndroidBridge: androidHttpGet: env=0xb400007a7da123a0 gJniHttpHelperClass=0x30a6 gHttpGetMethod=0x1 url=https://webst02.is.autonavi.com/appmaptile?style=6&x=1629&y=848&z=11
06-11 10:33:37.349 29276 29428 I AndroidBridge: androidHttpGet: env=0xb400007a0e77f760 gJniHttpHelperClass=0x30a6 gHttpGetMethod=0x1 url=https://webst02.is.autonavi.com/appmaptile?style=6&x=0&y=5&z=3
06-11 10:33:37.360 11083 11732 I CloudConfig: tn: sdk-50351-ruc
06-11 10:33:37.360 11083 11732 I CloudConfig: ruc 1961 enter
06-11 10:33:37.361  5227 29245 W market_check_upgrade: type: 3 ,saveUpgradeInfo: 0 ,insert: 0 ,update: 0 ,filter: 0 ,invalid: 0 ,delList: 0 ,patchType: {} ,cost: 34
06-11 10:33:37.361  5227 29245 W market_check_upgrade: type: 3 ,checkUpgrade: cost: 434
06-11 10:33:37.362  4650 25293 W HapContentObserver: uri: content://appRecommend_data_storage/breeno-launcher/query
06-11 10:33:37.362  4650 25293 D HapContentObserver: key: 251540744 , task: 70838955
06-11 10:33:37.362  4650 25293 D ContentResolverTask: uri: content://appRecommend_data_storage/breeno-launcher/query contains: false task: 70838955
06-11 10:33:37.362  4650 25293 D HapContentObserver: key: 82000058 , task: 112544663
06-11 10:33:37.362  4650 25293 D ContentResolverTask: uri: content://appRecommend_data_storage/breeno-launcher/query contains: false task: 112544663
06-11 10:33:37.362  4650 25293 D HapContentObserver: find dispatch uri: content://appRecommend_data_storage/breeno-launcher/query
06-11 10:33:37.362  4650 25293 D ContentResolverTask: notifyChange: content://appRecommend_data_storage/breeno-launcher/query, mRequestMap contains: true mRequestMap.size: 1 task:112544663 instant:15
06-11 10:33:37.362  4650 25293 W ContentResolverTask: request callback: 247
06-11 10:33:37.363  4650 23595 D JsConsole: breeno2X2-launcher(rsUDrjLDfb7Y)::content_provider_channel: register success _channelStatus(subscribed
06-11 10:33:37.366 11083 11732 D CloudConfig_stgyHelper: mspVersionCanSupport mspKitVersion : 2021620
06-11 10:33:37.367 11083 11732 D CloudConfig_stgyHelper: getSupportKitMode strategyEntity : StrategyEntity(sdkInterval=1800000, strategyMode=1, minSDKVersion=1000, minKitVersion=2014122, validReqPeriod=7200000, maxReqProduct=100, forceKitIfKit=false, backoff=120000, enable=true, defaultLimit=RateLimitConfig{maxCalls=1, timeWindowSeconds=7200, callIntervalSeconds=0}, productLimits={global-domain_1281=RateLimitConfig{maxCalls=1, timeWindowSeconds=7200, callIntervalSeconds=0}, 50351=RateLimitConfig{maxCalls=1, timeWindowSeconds=7200, callIntervalSeconds=0}, compass_20092=RateLimitConfig{maxCalls=1, timeWindowSeconds=7200, callIntervalSeconds=0}, global-domain_1961=RateLimitConfig{maxCalls=1, timeWindowSeconds=7200, callIntervalSeconds=0}, compass_2=RateLimitConfig{maxCalls=1, timeWindowSeconds=7200, callIntervalSeconds=0}, mdp_2047=RateLimitConfig{maxCalls=1, timeWindowSeconds=7200, callIntervalSeconds=0}, mdp_2296=RateLimitConfig{maxCalls=1, timeWindowSeconds=7200, callIntervalSeconds=0}, compass_143100=RateLimitConfig{maxCalls=1, timeWindowSeconds=7200, callIntervalSeconds=0}})
06-11 10:33:37.367 11083 11732 D CloudConfig_stgyHelper: getSupportKitMode localSdkVersion : 1227
06-11 10:33:37.369  1460  1493 W SeedlingShare: (com.oplus.games, assistant_played_game_infos) not in seeding shared white list.
06-11 10:33:37.375 11083 11732 D CloudConfig_stgyHelper: mspVersionCanSupport mspKitVersion : 2021620
06-11 10:33:37.382  8454  8173 I ContextAware_AppCardProcessor: [subscription2x4-launcher]no card, release not send
06-11 10:33:37.389  3189  4441 I NativeFreezeManager: Get dex2oat pid more than 3 times
06-11 10:33:37.389 11083 11732 D CloudConfig_stgyHelper: getSupportKitMode strategyEntity : StrategyEntity(sdkInterval=1800000, strategyMode=1, minSDKVersion=1000, minKitVersion=2014122, validReqPeriod=7200000, maxReqProduct=100, forceKitIfKit=false, backoff=120000, enable=true, defaultLimit=RateLimitConfig{maxCalls=1, timeWindowSeconds=7200, callIntervalSeconds=0}, productLimits={global-domain_1281=RateLimitConfig{maxCalls=1, timeWindowSeconds=7200, callIntervalSeconds=0}, 50351=RateLimitConfig{maxCalls=1, timeWindowSeconds=7200, callIntervalSeconds=0}, compass_20092=RateLimitConfig{maxCalls=1, timeWindowSeconds=7200, callIntervalSeconds=0}, global-domain_1961=RateLimitConfig{maxCalls=1, timeWindowSeconds=7200, callIntervalSeconds=0}, compass_2=RateLimitConfig{maxCalls=1, timeWindowSeconds=7200, callIntervalSeconds=0}, mdp_2047=RateLimitConfig{maxCalls=1, timeWindowSeconds=7200, callIntervalSeconds=0}, mdp_2296=RateLimitConfig{maxCalls=1, timeWindowSeconds=7200, callIntervalSeconds=0}, compass_143100=RateLimitConfig{maxCalls=1, timeWindowSeconds=7200, callIntervalSeconds=0}})
06-11 10:33:37.389 11083 11732 D CloudConfig_stgyHelper: getSupportKitMode localSdkVersion : 1227
06-11 10:33:37.392  1460  1493 W AppInfo : AppInfo create Uri content://com.nearme.instant.platform.res/com.coloros.gamespaceui.quickapp.guide/manifest.json
06-11 10:33:37.394 19629 19731 D WM-SystemJobScheduler: Scheduling work ID 676b7fbe-28e8-4d6f-8e7b-93cccae61f39Job ID 4788
06-11 10:33:37.396  3189  3998 I Quality : BitmapCompressInfo:868,1940,0,95,142529635
06-11 10:33:37.397 11083 11779 I MSP-LOG-SDK-MspSdk: Sdk has initialized! version:2.0.1.14
06-11 10:33:37.398  4639  8514 D NetworkService[1]: getIfIndexByNetid netId:194,ifName:wlan0,ifIndex:30
06-11 10:33:37.398 11083 11779 E MSP-LOG-SDK-RateLimitManager: not_allow_invoke because of time_window_not_allow queue = [1781143255693], config = RateLimitConfig{maxCalls=1, timeWindowSeconds=7200, callIntervalSeconds=0}, ipcInvokeTimeQueueMapKey = com.heytap.nearx.tangramconfig.kit.client.ICloudCtrlServiceModule?@?global-domain_1961?@?4?@?com.coloros.phonemanager, has already call 1 times in 7200 seconds before
06-11 10:33:37.398  8454  8173 I ContextAware_AppCardProcessor: [subscription2x4-assistant]Apps on same screen, apps=[]
06-11 10:33:37.398 11083 11779 E MSP-LOG-SDK-: MspSdkException{code=3014,message=com.heytap.mspsdk.ratelimit.MspRateLimitExceededException: ipc rate limit exceeded in time window}
06-11 10:33:37.398 11083 11779 E MSP-LOG-SDK-: 	at com.heytap.mspsdk.ratelimit.b.a(RateLimitInterceptor.java:56)
06-11 10:33:37.398 11083 11779 E MSP-LOG-SDK-: 	at com.heytap.mspsdk.interceptor.c.a(StandardListChain.java:40)
06-11 10:33:37.398 11083 11779 E MSP-LOG-SDK-: 	at com.heytap.mspsdk.proxy.b.a(CompatCheckInterceptor.java:30)
06-11 10:33:37.398 11083 11779 E MSP-LOG-SDK-: 	at com.heytap.mspsdk.interceptor.c.a(StandardListChain.java:40)
06-11 10:33:37.398 11083 11779 E MSP-LOG-SDK-: 	at com.heytap.mspsdk.proxy.e.invoke(InnerInvocationHandler.java:202)
06-11 10:33:37.398 11083 11779 E MSP-LOG-SDK-: 	at java.lang.reflect.Proxy.invoke(Proxy.java:1006)
06-11 10:33:37.398 11083 11779 E MSP-LOG-SDK-: 	at $Proxy12.checkUpdateConfig(Unknown Source)
06-11 10:33:37.398 11083 11779 E MSP-LOG-SDK-: 	at com.heytap.nearx.tangramconfig.kit.client.KitProxy.checkUpdateConfig$lambda$3(KitProxy.kt:20)
06-11 10:33:37.398 11083 11779 E MSP-LOG-SDK-: 	at com.heytap.nearx.tangramconfig.kit.client.KitProxy.d(KitProxy.kt:1)
06-11 10:33:37.398 11083 11779 E MSP-LOG-SDK-: 	at com.heytap.nearx.tangramconfig.kit.client.e.run(R8$$SyntheticClass:9)
06-11 10:33:37.398 11083 11779 E MSP-LOG-SDK-: 	at java.util.concurrent.ThreadPoolExecutor.runWorker(ThreadPoolExecutor.java:1156)
06-11 10:33:37.398 11083 11779 E MSP-LOG-SDK-: 	at java.util.concurrent.ThreadPoolExecutor$Worker.run(ThreadPoolExecutor.java:651)
06-11 10:33:37.398 11083 11779 E MSP-LOG-SDK-: 	at java.lang.Thread.run(Thread.java:1119)
06-11 10:33:37.398  8454  8173 I ContextAware_AdvertisementManager: [subscription2x4-assistant]getCommerceAppsByCardName size:0
06-11 10:33:37.398  8454  8173 I ContextAware_AppCardProcessor: [subscription2x4-assistant]process fill ad apps: advApps: 
06-11 10:33:37.398  8454  8173 I ContextAware_AppFillAdsProcess: [subscription2x4-assistant]process fill ad apps: adv is null
06-11 10:33:37.399  8454  8173 I ContextAware_AppCardProcessor: [subscription2x4-assistant]SEND_APP_MESSAGE: commerceAlg=2, resultApps=[AppInfo[pkg=com.earthengine.minimalglobe, appType=0,iconSource=system, recallType=algorithm, deepLink=0,utrackClickUrl=0, utrackExposeUrl=0,icon=0, apiSource=null, typeCode=null, mode=0, advFinalScore=null,  routePage=0,title=null, subTitle=null, adSize=null,probability=0], AppInfo[pkg=space.xinzhi.hiko, appType=0,iconSource=system, recallType=algorithm, deepLink=0,utrackClickUrl=0, utrackExposeUrl=0,icon=0, apiSource=null, typeCode=null, mode=0, advFinalScore=null,  routePage=0,title=null, subTitle=null, adSize=null,probability=0], AppInfo[pkg=com.tencent.mm, appType=0,iconSource=system, recallType=algorithm, deepLink=0,utrackClickUrl=0, utrackExposeUrl=0,icon=0, apiSource=null, typeCode=null, mode=0, advFinalScore=null,  routePage=0,title=null, subTitle=null, adSize=null,probability=0], AppInfo[pkg=space.xinzhi.map, appType=0,iconSource=system, recallType=algorithm, deepLink=0,utrackClickUrl=0, utrackExposeUrl=0,icon=0, apiSource=null, typeCode=null, mode=0, advFinalScore=null,  routePage=0,title=null, subTitle=null, adSize=null,probability=0], AppInfo[pkg=com.ss.android.lark, appType=0,iconSource=system, recallType=algorithm, deepLink=0,utrackClickUrl=0, utrackExposeUrl=0,icon=0, apiSource=null, typeCode=null, mode=0, advFinalScore=null,  routePage=0,title=null, subTitle=null, adSize=null,probability=0], AppInfo[pkg=com.phoenix.read, appType=0,iconSource=system, recallType=algorithm, deepLink=0,utrackClickUrl=0, utrackExposeUrl=0,icon=0, apiSource=null, typeCode=null, mode=0, advFinalScore=null,  routePage=0,title=null, subTitle=null, adSize=null,probability=0], AppInfo[pkg=com.github.metacubex.clash.meta, appType=0,iconSource=system, recallType=algorithm, deepLink=0,utrackClickUrl=0, utrackExposeUrl=0,icon=0, apiSource=null, typeCode=null, mode=0, advFinalScore=null,  routePage=0,title=null, subTitle=null, adSize=null,probability=0], AppInfo[pkg=com.lolaage.tbulu.tools, appType=0,iconSource=system, recallType=algorithm, deepLink=0,utrackClickUrl=0, utrackExposeUrl=0,icon=0, apiSource=null, typeCode=null, mode=0, advFinalScore=null,  routePage=0,title=null, subTitle=null, adSize=null,probability=0], AppInfo[pkg=com.heytap.browser, appType=0,iconSource=system, recallType=algorithm, deepLink=0,utrackClickUrl=0, utrackExposeUrl=0,icon=0, apiSource=null, typeCode=null, mode=0, advFinalScore=null,  routePage=0,title=null, subTitle=null, adSize=null,probability=0], AppInfo[pkg=com.future.landscape, appType=0,iconSource=system, recallType=algorithm, deepLink=0,utrackClickUrl=0, utrackExposeUrl=0,icon=0, apiSource=null, typeCode=null, mode=0, advFinalScore=null,  routePage=0,title=null, subTitle=null, adSize=null,probability=0]], traceId: f48df78d2c8656e5f657596c8af8ac09-24e87e10ec3541d6a375de9724d421ca
06-11 10:33:37.399 25296 26364 W HapContentObserver: uri: content://appRecommend_data_storage/subscription2x4-assistant/query
06-11 10:33:37.399 25296 26364 D HapContentObserver: key: 77112956 , task: 170344353
06-11 10:33:37.399 25296 26364 D ContentResolverTask: uri: content://appRecommend_data_storage/subscription2x4-assistant/query contains: false task: 170344353
06-11 10:33:37.411 11083 11738 I MSP-LOG-SDK-MspSdk: Sdk has initialized! version:2.0.1.14
06-11 10:33:37.412 11083 11738 E MSP-LOG-SDK-RateLimitManager: not_allow_invoke because of time_window_not_allow queue = [1781143251665], config = RateLimitConfig{maxCalls=1, timeWindowSeconds=21600, callIntervalSeconds=0}, ipcInvokeTimeQueueMapKey = com.heytap.nearx.tangramconfig.kit.client.ICloudCtrlServiceModule?@?global-domain_1961?@?1?@?com.coloros.phonemanager, has already call 1 times in 21600 seconds before
06-11 10:33:37.412 11083 11738 E MSP-LOG-SDK-: MspSdkException{code=3014,message=com.heytap.mspsdk.ratelimit.MspRateLimitExceededException: ipc rate limit exceeded in time window}
06-11 10:33:37.412 11083 11738 E MSP-LOG-SDK-: 	at com.heytap.mspsdk.ratelimit.b.a(RateLimitInterceptor.java:56)
06-11 10:33:37.412 11083 11738 E MSP-LOG-SDK-: 	at com.heytap.mspsdk.interceptor.c.a(StandardListChain.java:40)
06-11 10:33:37.412 11083 11738 E MSP-LOG-SDK-: 	at com.heytap.mspsdk.proxy.b.a(CompatCheckInterceptor.java:30)
06-11 10:33:37.412 11083 11738 E MSP-LOG-SDK-: 	at com.heytap.mspsdk.interceptor.c.a(StandardListChain.java:40)
06-11 10:33:37.412 11083 11738 E MSP-LOG-SDK-: 	at com.heytap.mspsdk.proxy.e.invoke(InnerInvocationHandler.java:202)
06-11 10:33:37.412 11083 11738 E MSP-LOG-SDK-: 	at java.lang.reflect.Proxy.invoke(Proxy.java:1006)
06-11 10:33:37.412 11083 11738 E MSP-LOG-SDK-: 	at $Proxy12.getDynamicCondition(Unknown Source)
06-11 10:33:37.412 11083 11738 E MSP-LOG-SDK-: 	at com.heytap.nearx.tangramconfig.kit.client.KitProxy.getDynamicCondition$lambda$0(KitProxy.kt:25)
06-11 10:33:37.412 11083 11738 E MSP-LOG-SDK-: 	at com.heytap.nearx.tangramconfig.kit.client.KitProxy.b(KitProxy.kt:1)
06-11 10:33:37.412 11083 11738 E MSP-LOG-SDK-: 	at com.heytap.nearx.tangramconfig.kit.client.b.run(R8$$SyntheticClass:9)
06-11 10:33:37.412 11083 11738 E MSP-LOG-SDK-: 	at java.util.concurrent.ThreadPoolExecutor.runWorker(ThreadPoolExecutor.java:1156)
06-11 10:33:37.412 11083 11738 E MSP-LOG-SDK-: 	at java.util.concurrent.ThreadPoolExecutor$Worker.run(ThreadPoolExecutor.java:651)
06-11 10:33:37.412 11083 11738 E MSP-LOG-SDK-: 	at java.lang.Thread.run(Thread.java:1119)
06-11 10:33:37.412 11083 11732 I CloudConfig: ruc 1961 exit
06-11 10:33:37.412 11083 11732 I CloudConfig: tn: sdk-50351-ruc, dr: 52ms
06-11 10:33:37.413  1460  1493 W PackageFilesValidator: isInvalidResource: AppDistributionMeta is null
06-11 10:33:37.420  3189  5078 W PackageManager: package com.oplus.dmp uid 10125 pid 19629 call SetEnabledSetting(com.oplus.dmp component = androidx.work.impl.background.systemalarm.RescheduleReceiver, 1, 0)
06-11 10:33:37.423  8454  8173 I ContextAware_AppCardProcessor: [subscription2x2-launcher]no card, release not send
06-11 10:33:37.424  8454  8173 I metis_v2_BreenoSwitchSettingObserver: panta-sugg-getMasterSwitchStatus from cache:true
06-11 10:33:37.424  1460  1493 W AppInfo : app info parse uri fail. uri: content://com.nearme.instant.platform.res/com.coloros.gamespaceui.quickapp.guide/manifest.json##Throwable##java.io.FileNotFoundException: open failed: ENOENT (No such file or directory)
06-11 10:33:37.424  1460  1493 W AppInfo : 	at android.os.ParcelFileDescriptor.openInternal(ParcelFileDescriptor.java:356)
06-11 10:33:37.424  1460  1493 W AppInfo : 	at android.os.ParcelFileDescriptor.open(ParcelFileDescriptor.java:233)
06-11 10:33:37.424  1460  1493 W AppInfo : 	at org.hapjs.cache.CacheProvider.doOpenFile(SourceFile:56)
06-11 10:33:37.424  1460  1493 W AppInfo : 	at org.hapjs.AbstractContentProvider.openFile(SourceFile:4)
06-11 10:33:37.424  1460  1493 W AppInfo : 	at android.content.ContentProvider.openAssetFile(ContentProvider.java:2326)
06-11 10:33:37.424  1460  1493 W AppInfo : 	at org.hapjs.AbstractContentProvider.doOpenAssetFile(SourceFile:1)
06-11 10:33:37.424  1460  1493 W AppInfo : 	at org.hapjs.cache.CacheProvider.doOpenAssetFile(SourceFile:74)
06-11 10:33:37.424  1460  1493 W AppInfo : 	at org.hapjs.AbstractContentProvider.openAssetFile(SourceFile:4)
06-11 10:33:37.424  1460  1493 W AppInfo : 	at android.content.ContentProvider.openTypedAssetFile(ContentProvider.java:2504)
06-11 10:33:37.424  1460  1493 W AppInfo : 	at android.content.ContentProvider.openTypedAssetFile(ContentProvider.java:2571)
06-11 10:33:37.424  1460  1493 W AppInfo : 	at android.content.ContentProvider$Transport.openTypedAssetFile(ContentProvider.java:692)
06-11 10:33:37.424  1460  1493 W AppInfo : 	at android.content.ContentResolver.openTypedAssetFileDescriptor(ContentResolver.java:2097)
06-11 10:33:37.424  1460  1493 W AppInfo : 	at android.content.ContentResolver.openAssetFileDescriptor(ContentResolver.java:1912)
06-11 10:33:37.424  1460  1493 W AppInfo : 	at android.content.ContentResolver.openInputStream(ContentResolver.java:1582)
06-11 10:33:37.424  1460  1493 W AppInfo : 	at org.hapjs.model.AppInfo.fromUri(SourceFile:7)
06-11 10:33:37.424  1460  1493 W AppInfo : 	at org.hapjs.model.AppInfo.create(SourceFile:105)
06-11 10:33:37.424  1460  1493 W AppInfo : 	at org.hapjs.bridge.DefaultAppInfoProvider.create(SourceFile:1)
06-11 10:33:37.424  1460  1493 W AppInfo : 	at a.a.a.nl0.g(SourceFile:58)
06-11 10:33:37.424  1460  1493 W AppInfo : 	at a.a.a.nl0.e(SourceFile:2)
06-11 10:33:37.424  1460  1493 W AppInfo : 	at a.a.a.rp6.d(SourceFile:22)
06-11 10:33:37.424  1460  1493 W AppInfo : 	at a.a.a.rp6.c(SourceFile:52)
06-11 10:33:37.424  1460  1493 W AppInfo : 	at com.nearme.instant.card.SharedDataProvider.setOrUpdateSharedDataInner(SourceFile:48)
06-11 10:33:37.424  1460  1493 W AppInfo : 	at com.nearme.instant.card.SharedDataProvider.setOrUpdateSharedData(SourceFile:61)
06-11 10:33:37.424  1460  1493 W AppInfo : 	at com.nearme.instant.card.SharedDataProvider.doCall(SourceFile:46)
06-11 10:33:37.424  1460  1493 W AppInfo : 	at org.hapjs.AbstractContentProvider.call(SourceFile:4)
06-11 10:33:37.424  1460  1493 W AppInfo : 	at android.content.ContentProvider.call(ContentProvider.java:2773)
06-11 10:33:37.424  1460  1493 W AppInfo : 	at android.content.ContentProvider$Transport.call(ContentProvider.java:653)
06-11 10:33:37.424  1460  1493 W AppInfo : 	at android.content.ContentProviderNative.onTransact(ContentProviderNative.java:307)
06-11 10:33:37.424  1460  1493 W AppInfo : 	at android.os.Binder.execTransactInternal(Binder.java:1444)
06-11 10:33:37.424  1460  1493 W AppInfo : 	at android.os.Binder.execTransact(Binder.java:1378)
06-11 10:33:37.425  1460  1493 E PermissionVerifier: card rpk not exists
06-11 10:33:37.425  1460  1493 W PermissionVerifier: checkWritePermission writer: com.oplus.games not in rpk: com.coloros.gamespaceui.quickapp.guide allowed list
06-11 10:33:37.425  4639  8721 D AppSenseConfig: getIgnoreAppList: [com.android.launcher, com.android.contacts, com.oplus.wirelesssettings, com.coloros.alarmclock, com.coloros.calculator, com.coloros.calendar, com.coloros.phonemanager, com.android.settings, com.android.phone, com.oplus.nas, com.oplus.nhs, com.oplus.appdetail, com.android.permissioncontroller, com.oplus.pscanvas, com.oplus.autotest.test.ctp, com.android.systemui, com.android.systemui.overlay.fingerprint.anim.fy, com.android.systemui.overlay.fingerprint.anim.qy, com.android.systemui.overlay.fingerprint.anim.sw, com.android.systemui.overlay.fingerprint.anim.xw, com.android.systemui.overlay.fingerprint.anim.ccyh, com.android.systemui.overlay.fingerprint.anim.halo, com.android.systemui.overlay.fingerprint.anim.jslz, com.android.systemui.overlay.fingerprint.anim.none, com.android.systemui.overlay.fingerprint.anim.xklc]
06-11 10:33:37.425  4639  8721 D AppSenseConfig: getIgnoreAppList: [com.android.launcher, com.android.contacts, com.oplus.wirelesssettings, com.coloros.alarmclock, com.coloros.calculator, com.coloros.calendar, com.coloros.phonemanager, com.android.settings, com.android.phone, com.oplus.nas, com.oplus.nhs, com.oplus.appdetail, com.android.permissioncontroller, com.oplus.pscanvas, com.oplus.autotest.test.ctp, com.android.systemui, com.android.systemui.overlay.fingerprint.anim.fy, com.android.systemui.overlay.fingerprint.anim.qy, com.android.systemui.overlay.fingerprint.anim.sw, com.android.systemui.overlay.fingerprint.anim.xw, com.android.systemui.overlay.fingerprint.anim.ccyh, com.android.systemui.overlay.fingerprint.anim.halo, com.android.systemui.overlay.fingerprint.anim.jslz, com.android.systemui.overlay.fingerprint.anim.none, com.android.systemui.overlay.fingerprint.anim.xklc]
06-11 10:33:37.425  1460  1493 W SharedDataProvider: setOrUpdateSharedData no permissions!
06-11 10:33:37.425  4639  8721 D ActivityAdapter: taskChange: pre: 1, cur: 1, changed:false
06-11 10:33:37.426 19629 19728 D WM-PackageManagerHelper: androidx.work.impl.background.systemalarm.RescheduleReceiver enabled
06-11 10:33:37.429 29276 29417 I JniHttpHelper: httpGet OK: https://webst04.is.autonavi.com/appmaptile?style=6&x=1&y=2&z=3 -> 11514 bytes
06-11 10:33:37.429 29276 29419 I JniHttpHelper: httpGet OK: https://webst02.is.autonavi.com/appmaptile?style=6&x=2&y=3&z=3 -> 5336 bytes
06-11 10:33:37.429 29276 29422 I JniHttpHelper: httpGet called: https://webst01.is.autonavi.com/appmaptile?style=6&x=1629&y=847&z=11
06-11 10:33:37.433 29276 29417 I AndroidBridge: Decoded image 256x256 from 11514 bytes
06-11 10:33:37.434 29276 29418 I JniHttpHelper: httpGet called: https://webst01.is.autonavi.com/appmaptile?style=6&x=1&y=3&z=3
06-11 10:33:37.440 29276 29276 I BasemapLayer: Tile uploaded: 3/1/2 256x256
06-11 10:33:37.441 29276 29419 I AndroidBridge: Decoded image 256x256 from 5336 bytes
06-11 10:33:37.441  8454  8173 I ContextAware_AppCardProcessor: [breeno-launcher_2x4]Apps on same screen, apps=[com.android.contacts, com.android.mms, com.oplus.camera, com.alibaba.android.rimet, com.example.findmapbox, com.citiccard.mobilebank, com.chinamworld.bocmbci, com.kmxs.reader, com.ovital.ovitalMap, com.nqsky.rmad.dizhiyun, com.taobao.idlefish, cmb.pb, com.larus.nova]
06-11 10:33:37.443  1460  1493 W SeedlingShare: (com.oplus.games, assistant_played_game_infos) not in seeding shared white list.
06-11 10:33:37.443  8454  8173 I ContextAware_AdvertisementManager: [breeno-launcher_2x4]getCommerceAppsByCardName size:6
06-11 10:33:37.443  8454  8173 I ContextAware_AppCardProcessor: [breeno-launcher_2x4]process fill ad apps: advApps: com.ss.android.ugc.aweme,com.aliyun.tongyi,com.jingdong.app.mall,com.eg.android.AlipayGphone,com.smile.gifmaker,com.sankuai.meituan
06-11 10:33:37.443 29276 29444 I AndroidBridge: androidHttpGet: env=0xb400007a7da0fee0 gJniHttpHelperClass=0x30a6 gHttpGetMethod=0x1 url=https://webst03.is.autonavi.com/appmaptile?style=6&x=1&y=5&z=3
06-11 10:33:37.443  8454  8173 I ContextAware_AppFillAdsProcess: [breeno-launcher_2x4]Mix commerce app with commerceAlg=2 advs=[AppAdInfo[pkg=com.ss.android.ugc.aweme, finalScore=413.00003, timeWeight=0.0,  exposeWeight=0.0, habitWeight=0.0, habitHourWeight=0.0,finalWeight=0.0,weight=0.0, deepLink= 1506, routePage = 0, utrackClickUrl=3, utrackExposeUrl=3,iconUrl=null, icon=null, appType=5, expireTimeStamp:1781193599836,apiSource=5, typeCode=6, cpcScore=13.452769, ecpmScore=413.00003, ctrScore=0.0307,title=null, subTitle=null, adSize=71,algorithmScore=0.0, status=[]], AppAdInfo[pkg=com.aliyun.tongyi, finalScore=193.743, timeWeight=0.0,  exposeWeight=0.0, habitWeight=0.0, habitHourWeight=0.0,finalWeight=0.0,weight=0.0, deepLink= 259, routePage = 0, utrackClickUrl=2, utrackExposeUrl=2,iconUrl=null, icon=null, appType=3, expireTimeStamp:1781193599836,apiSource=9, typeCode=6, cpcScore=103.0, ecpmScore=193.743, ctrScore=0.0018798828,title=null, subTitle=null, adSize=71,algorithmScore=0.0, status=[]], AppAdInfo[pkg=com.jingdong.app.mall, finalScore=89.0, timeWeight=0.0,  exposeWeight=0.0, habitWeight=0.0, habitHourWeight=0.0,finalWeight=0.0,weight=0.0, deepLink= 746, routePage = 0, utrackClickUrl=4, utrackExposeUrl=4,iconUrl=null, icon=null, appType=5, expireTimeStamp:1781193599836,apiSource=5, typeCode=6, cpcScore=34.23077, ecpmScore=89.0, ctrScore=0.0026,title=null, subTitle=null, adSize=71,algorithmScore=0.0, status=[]], AppAdInfo[pkg=com.eg.android.AlipayGphone, finalScore=34.0, timeWeight=0.0,  exposeWeight=0.0, habitWeight=0.0, habitHourWeight=0.0,finalWeight=0.0,weight=0.0, deepLink= 1002, routePage = 0, utrackClickUrl=4, utrackExposeUrl=4,iconUrl=null, icon=null, appType=5, expireTimeStamp:1781193599836,apiSource=5, typeCode=6, cpcScore=5.230769, ecpmScore=34.0, ctrScore=0.0065,title=null, subTitle=null, adSize=71,algorithmScore=0.0, status=[]], AppAdInfo[pkg=com.smile.gifmaker, finalScore=30.0, timeWeight=0.0,  exposeWeight=0.0, habitWeight=0.0, habitHourWeight=0.0,finalWeight=0.0,weight=0.0, deepLink= 1132, routePage = 0, utrackClickUrl=3, utrackExposeUrl=3,iconUrl=null, icon=null, appType=5, expireTimeStamp:1781193599836,apiSource=5, typeCode=1, cpcScore=1.6393442, ecpmScore=30.0, ctrScore=0.0183,title=null, subTitle=null, adSize=71,algorithmScore=0.0, status=[]], AppAdInfo[pkg=com.sankuai.meituan, finalScore=26.433, timeWeight=0.0,  exposeWeight=0.0, habitWeight=0.0, habitHourWeight=0.0,finalWeight=0.0,weight=0.0, deepLink= 116, routePage = 0, utrackClickUrl=2, utrackExposeUrl=2,iconUrl=null, icon=null, appType=3, expireTimeStamp:1781193599836,apiSource=9, typeCode=1, cpcScore=9.0, ecpmScore=26.433, ctrScore=0.0029378256,title=null, subTitle=null, adSize=71,algorithmScore=0.0, status=[]]]
06-11 10:33:37.443  8454  8173 I ContextAware_AppFillAdsProcess: [breeno-launcher_2x4]:maxCount:8  adTakeCount:2  adLoadCount:4
06-11 10:33:37.444  8454  8173 I ContextAware_AppFillAdsProcess: current adv app com.ss.android.ugc.aweme in 7 with status 2
06-11 10:33:37.444  8454  8173 I ContextAware_AppFillAdsProcess: current adv app com.aliyun.tongyi in 8 with status 2
06-11 10:33:37.444  1460  1493 W AppInfo : AppInfo create Uri content://com.nearme.instant.platform.res/com.coloros.gamespaceui.quickapp.library/manifest.json
06-11 10:33:37.444  8454  8173 I ContextAware_AppFillAdsProcess: not adv app com.github.metacubex.clash.meta in 9
06-11 10:33:37.444  8454  8173 I ContextAware_AppFillAdsProcess: not adv app com.lolaage.tbulu.tools in 10
06-11 10:33:37.444  8454  8173 I ContextAware_AppFillNewActiveProcess: [breeno-launcher_2x4]not support appSugNewAppSwitch
06-11 10:33:37.444  8454  8173 I ContextAware_AppCardProcessor: [breeno-launcher_2x4]SEND_APP_MESSAGE: commerceAlg=2, resultApps=[AppInfo[pkg=com.earthengine.minimalglobe, appType=0,iconSource=system, recallType=algorithm, deepLink=0,utrackClickUrl=0, utrackExposeUrl=0,icon=0, apiSource=null, typeCode=null, mode=0, advFinalScore=null,  routePage=0,title=null, subTitle=null, adSize=null,probability=0], AppInfo[pkg=space.xinzhi.hiko, appType=0,iconSource=system, recallType=algorithm, deepLink=0,utrackClickUrl=0, utrackExposeUrl=0,icon=0, apiSource=null, typeCode=null, mode=0, advFinalScore=null,  routePage=0,title=null, subTitle=null, adSize=null,probability=0], AppInfo[pkg=com.tencent.mm, appType=0,iconSource=system, recallType=algorithm, deepLink=0,utrackClickUrl=0, utrackExposeUrl=0,icon=0, apiSource=null, typeCode=null, mode=0, advFinalScore=null,  routePage=0,title=null, subTitle=null, adSize=null,probability=0], AppInfo[pkg=space.xinzhi.map, appType=0,iconSource=system, recallType=algorithm, deepLink=0,utrackClickUrl=0, utrackExposeUrl=0,icon=0, apiSource=null, typeCode=null, mode=0, advFinalScore=null,  routePage=0,title=null, subTitle=null, adSize=null,probability=0], AppInfo[pkg=com.ss.android.lark, appType=0,iconSource=system, recallType=algorithm, deepLink=0,utrackClickUrl=0, utrackExposeUrl=0,icon=0, apiSource=null, typeCode=null, mode=0, advFinalScore=null,  routePage=0,title=null, subTitle=null, adSize=null,probability=0], AppInfo[pkg=com.phoenix.read, appType=0,iconSource=system, recallType=algorithm, deepLink=0,utrackClickUrl=0, utrackExposeUrl=0,icon=0, apiSource=null, typeCode=null, mode=0, advFinalScore=null,  routePage=0,title=null, subTitle=null, adSize=null,probability=0], AppInfo[pkg=com.ss.android.ugc.aweme, appType=5,iconSource=system, recallType=ad, deepLink=1506,utrackClickUrl=3, utrackExposeUrl=3,icon=0, apiSource=5, typeCode=6, mode=2, advFinalScore=413.00003,  routePage=0,title=null, subTitle=null, adSize=null,probability=0], AppInfo[pkg=com.aliyun.tongyi, appType=3,iconSource=system, recallType=ad, deepLink=259,utrackClickUrl=2, utrackExposeUrl=2,icon=0, apiSource=9, typeCode=6, mode=2, advFinalScore=193.743,  routePage=0,title=null, subTitle=null, adSize=null,probability=0], AppInfo[pkg=com.github.metacubex.clash.meta, appType=0,iconSource=system, recallType=algorithm, deepLink=0,utrackClickUrl=0, utrackExposeUrl=0,icon=0, apiSource=null, typeCode=null, mode=0, advFinalScore=null,  routePage=0,title=null, subTitle=null, adSize=null,probability=0], AppInfo[pkg=com.lolaage.tbulu.tools, appType=0,iconSource=system, recallType=algorithm, deepLink=0,utrackClickUrl=0, utrackExposeUrl=0,icon=0, apiSource=null, typeCode=null, mode=0, advFinalScore=null,  routePage=0,title=null, subTitle=null, adSize=null,probability=0]], traceId: 4b5b5ab9fa1eb57bee43b590ed4fc7e1-92b9fd38220f4540872a753e3e9215c3
06-11 10:33:37.449 29276 29276 I BasemapLayer: Tile uploaded: 3/2/3 256x256
06-11 10:33:37.452 29276 29421 I JniHttpHelper: httpGet OK: https://webst04.is.autonavi.com/appmaptile?style=6&x=1629&y=846&z=11 -> 36116 bytes
06-11 10:33:37.453 29276 29423 I JniHttpHelper: httpGet called: https://webst01.is.autonavi.com/appmaptile?style=6&x=1630&y=846&z=11
06-11 10:33:37.457 29276 29445 I AndroidBridge: androidHttpGet: env=0xb400007a0e77fca0 gJniHttpHelperClass=0x30a6 gHttpGetMethod=0x1 url=https://webst03.is.autonavi.com/appmaptile?style=6&x=2&y=4&z=3
06-11 10:33:37.457 29276 29422 I JniHttpHelper: httpGet OK: https://webst01.is.autonavi.com/appmaptile?style=6&x=1629&y=847&z=11 -> 36178 bytes
06-11 10:33:37.458 29276 29420 I JniHttpHelper: httpGet OK: https://webst03.is.autonavi.com/appmaptile?style=6&x=3&y=3&z=3 -> 4384 bytes
06-11 10:33:37.458  5227 29446 I m.heytap.market: Waiting for a blocking GC Explicit
06-11 10:33:37.458  5227 29447 I m.heytap.market: Waiting for a blocking GC Explicit
06-11 10:33:37.460 29276 29424 I JniHttpHelper: httpGet called: https://webst02.is.autonavi.com/appmaptile?style=6&x=1630&y=847&z=11
06-11 10:33:37.460 29276 29426 I JniHttpHelper: httpGet called: https://webst03.is.autonavi.com/appmaptile?style=6&x=1630&y=848&z=11
06-11 10:33:37.464  4329  4493 D HWUI    : RenderProxy::destroy: this=0xb4000078f4533200, mContext=0xb4000078cbce79c0
06-11 10:33:37.464  4329  4630 D HWUI    : SkiaOpenGLPipeline::setSurface: this=0xb400007ac1749cc0, surface=NULL
06-11 10:33:37.464  4329  4630 D BufferQueueProducer: [VRI[minimalglobe]#1332(BLAST Consumer)1332](id:10e900000535,api:1,p:4329,c:4329) disconnect: api 1
06-11 10:33:37.465  4329  4493 D ViewRootImplExtImpl: wrapConfigInfoIntoFlags rotation=0, smallestScreenWidthDp=0, residentWS=false, scenario=0, bounds=Rect(0, 0 - 1240, 2772), relayoutAsync=false, flags=0, newFlags=1453326336, title=Splash Screen com.earthengine.minimalglobe
06-11 10:33:37.465 29276 29422 I AndroidBridge: Decoded image 256x256 from 36178 bytes
06-11 10:33:37.465  3189  5078 V WindowManager: Relayout Window{640d93e u0 Splash Screen com.earthengine.minimalglobe}: viewVisibility=8, oldvis=0, req=1240x2772 , apr = 8, vsysui=
06-11 10:33:37.466 29276 29421 I AndroidBridge: Decoded image 256x256 from 36116 bytes
06-11 10:33:37.466  3189  5078 D WindowManager: setFrameRateStart invalid typeId return!
06-11 10:33:37.466  3189  5078 D DisplayModeDirector: setAppRequest displayId : 4  modeId: 0  requestedRefreshRate: 0.0  requestedMinRefreshRateRange: 0.0  requestedMaxRefreshRateRange: 0.0
06-11 10:33:37.468  3189  5078 D DisplayModeDirector: setAppRequest displayId : 0  modeId: 1  requestedRefreshRate: 0.0  requestedMinRefreshRateRange: 0.0  requestedMaxRefreshRateRange: 120.00001
06-11 10:33:37.469  3189  5078 D WindowManager: NFW_findFocusedWindowIfNeeded:Window{cb4ed22 u0 com.earthengine.minimalglobe/com.earthengine.minimalglobe.MainActivity} mCurrentFocus:Window{cb4ed22 u0 com.earthengine.minimalglobe/com.earthengine.minimalglobe.MainActivity}
06-11 10:33:37.469  3189  5078 D WindowManager: NFW_findFocusedWindowIfNeeded:null mCurrentFocus:null
06-11 10:33:37.469 29276 29420 I AndroidBridge: Decoded image 256x256 from 4384 bytes
06-11 10:33:37.469  4329  4493 D BLASTBufferQueue: [VRI[minimalglobe]#1332](f:0,a:1) destructor()
06-11 10:33:37.469  4329  4493 D BufferQueueConsumer: [VRI[minimalglobe]#1332(BLAST Consumer)1332](id:10e900000535,api:0,p:-1,c:4329) disconnect
06-11 10:33:37.471  3189  4239 D WindowManager: NFW_findFocusedWindowIfNeeded:Window{cb4ed22 u0 com.earthengine.minimalglobe/com.earthengine.minimalglobe.MainActivity} mCurrentFocus:Window{cb4ed22 u0 com.earthengine.minimalglobe/com.earthengine.minimalglobe.MainActivity}
06-11 10:33:37.471  3189  4239 D WindowManager: NFW_findFocusedWindowIfNeeded:null mCurrentFocus:null
06-11 10:33:37.471  3189  4239 D DisplayModeDirector: setAppRequest displayId : 4  modeId: 0  requestedRefreshRate: 0.0  requestedMinRefreshRateRange: 0.0  requestedMaxRefreshRateRange: 0.0
06-11 10:33:37.472  3189  4239 D DisplayModeDirector: setAppRequest displayId : 0  modeId: 1  requestedRefreshRate: 0.0  requestedMinRefreshRateRange: 0.0  requestedMaxRefreshRateRange: 120.00001
06-11 10:33:37.472  3189  3252 D DisplayModeDirector: setAppRequest displayId : 4  modeId: 0  requestedRefreshRate: 0.0  requestedMinRefreshRateRange: 0.0  requestedMaxRefreshRateRange: 0.0
06-11 10:33:37.473  3189  3252 D DisplayModeDirector: setAppRequest displayId : 0  modeId: 1  requestedRefreshRate: 0.0  requestedMinRefreshRateRange: 0.0  requestedMaxRefreshRateRange: 120.00001
06-11 10:33:37.474 29276 29276 I BasemapLayer: Tile uploaded: 11/1629/847 256x256
06-11 10:33:37.474 29276 29276 I BasemapLayer: Tile uploaded: 11/1629/846 256x256
06-11 10:33:37.476  3189  3253 D SurfaceAnimationRunner: onAnimationStart:Surface(name=Surface(name=640d93e Splash Screen com.earthengine.minimalglobe)/@0xb8eb0d6 - animation-leash of window_animation)/@0x126af57
06-11 10:33:37.477  1460  1493 W PackageFilesValidator: isInvalidResource: AppDistributionMeta is null
06-11 10:33:37.482  6716  7357 I SG::UmsScanner: queryAccessPackages list.size 185,localApkSet = [com.android.incallui, com.oplus.linker, com.oplus.wirelesssettings, com.coloros.soundrecorder, com.heytap.mydevices, com.coloros.oshare, com.oplus.ipemanager, com.coloros.accessibilityassistant, com.oplus.screenrecorder, com.nearme.instant.platform, com.heytap.health, com.coloros.operationManual, com.coloros.sceneservice, com.coloros.weather2, com.oplus.secondaryhome, com.oplus.melody, com.oplus.dialer, com.coloros.alarmclock, com.oplus.padconnect, com.oneplus.soundrecorder, com.oneplus.deskclock, com.oplus.seedling.media, com.oplus.battery, com.oplus.gesture, com.redteamobile.roaming, com.oplus.safecenter, com.oplus.ocar, com.android.phone, com.oplus.mediacontroller, com.heytap.accessory, com.coloros.backuprestore, com.coloros.securepay, com.android.systemui, com.heytap.opluscarlink, com.coloros.floatassistant, com.finshell.wallet, com.oplus.pantanal.ums, com.oplus.seedlingdemomode, com.oplus.securitypermission, com.oplus.eyeprotect, com.coloros.gallery3d, com.oplus.remotecontrol, com.coloros.scenemode, com.coloros.codebook, com.oplus.exsystemservice, com.coloros.colordirectservice, com.oplus.matrix, com.oplus.smartmediacontroller, com.coloros.phonemanager, com.oplus.wallpapers, com.heytap.mcs, com.oplus.aimemory, com.oplus.camera, com.coloros.calendar, com.oplus.gleanerservice, com.heytap.speechassist, com.oplus.nas, com.oplus.aipaint, com.oplus.devicesettings, com.opos.ads, com.oplus.ebadge, com.coloros.translate, com.oplus.metis] [base|com.oplus.pantanal.ums|2.0.44-25e9612]
06-11 10:33:37.482  6716  7357 I SG::UmsScanner: accessPackageInfos size:0
06-11 10:33:37.483  1460  1493 W AppInfo : app info parse uri fail. uri: content://com.nearme.instant.platform.res/com.coloros.gamespaceui.quickapp.library/manifest.json##Throwable##java.io.FileNotFoundException: open failed: ENOENT (No such file or directory)
06-11 10:33:37.483  1460  1493 W AppInfo : 	at android.os.ParcelFileDescriptor.openInternal(ParcelFileDescriptor.java:356)
06-11 10:33:37.483  1460  1493 W AppInfo : 	at android.os.ParcelFileDescriptor.open(ParcelFileDescriptor.java:233)
06-11 10:33:37.483  1460  1493 W AppInfo : 	at org.hapjs.cache.CacheProvider.doOpenFile(SourceFile:56)
06-11 10:33:37.483  1460  1493 W AppInfo : 	at org.hapjs.AbstractContentProvider.openFile(SourceFile:4)
06-11 10:33:37.483  1460  1493 W AppInfo : 	at android.content.ContentProvider.openAssetFile(ContentProvider.java:2326)
06-11 10:33:37.483  1460  1493 W AppInfo : 	at org.hapjs.AbstractContentProvider.doOpenAssetFile(SourceFile:1)
06-11 10:33:37.483  1460  1493 W AppInfo : 	at org.hapjs.cache.CacheProvider.doOpenAssetFile(SourceFile:74)
06-11 10:33:37.483  1460  1493 W AppInfo : 	at org.hapjs.AbstractContentProvider.openAssetFile(SourceFile:4)
06-11 10:33:37.483  1460  1493 W AppInfo : 	at android.content.ContentProvider.openTypedAssetFile(ContentProvider.java:2504)
06-11 10:33:37.483  1460  1493 W AppInfo : 	at android.content.ContentProvider.openTypedAssetFile(ContentProvider.java:2571)
06-11 10:33:37.483  1460  1493 W AppInfo : 	at android.content.ContentProvider$Transport.openTypedAssetFile(ContentProvider.java:692)
06-11 10:33:37.483  1460  1493 W AppInfo : 	at android.content.ContentResolver.openTypedAssetFileDescriptor(ContentResolver.java:2097)
06-11 10:33:37.483  1460  1493 W AppInfo : 	at android.content.ContentResolver.openAssetFileDescriptor(ContentResolver.java:1912)
06-11 10:33:37.483  1460  1493 W AppInfo : 	at android.content.ContentResolver.openInputStream(ContentResolver.java:1582)
06-11 10:33:37.483  1460  1493 W AppInfo : 	at org.hapjs.model.AppInfo.fromUri(SourceFile:7)
06-11 10:33:37.483  1460  1493 W AppInfo : 	at org.hapjs.model.AppInfo.create(SourceFile:105)
06-11 10:33:37.483  1460  1493 W AppInfo : 	at org.hapjs.bridge.DefaultAppInfoProvider.create(SourceFile:1)
06-11 10:33:37.483  1460  1493 W AppInfo : 	at a.a.a.nl0.g(SourceFile:58)
06-11 10:33:37.483  1460  1493 W AppInfo : 	at a.a.a.nl0.e(SourceFile:2)
06-11 10:33:37.483  1460  1493 W AppInfo : 	at a.a.a.rp6.d(SourceFile:22)
06-11 10:33:37.483  1460  1493 W AppInfo : 	at a.a.a.rp6.c(SourceFile:52)
06-11 10:33:37.483  1460  1493 W AppInfo : 	at com.nearme.instant.card.SharedDataProvider.setOrUpdateSharedDataInner(SourceFile:48)
06-11 10:33:37.483  1460  1493 W AppInfo : 	at com.nearme.instant.card.SharedDataProvider.setOrUpdateSharedData(SourceFile:61)
06-11 10:33:37.483  1460  1493 W AppInfo : 	at com.nearme.instant.card.SharedDataProvider.doCall(SourceFile:46)
06-11 10:33:37.483  1460  1493 W AppInfo : 	at org.hapjs.AbstractContentProvider.call(SourceFile:4)
06-11 10:33:37.483  1460  1493 W AppInfo : 	at android.content.ContentProvider.call(ContentProvider.java:2773)
06-11 10:33:37.483  1460  1493 W AppInfo : 	at android.content.ContentProvider$Transport.call(ContentProvider.java:653)
06-11 10:33:37.483  1460  1493 W AppInfo : 	at android.content.ContentProviderNative.onTransact(ContentProviderNative.java:307)
06-11 10:33:37.483  1460  1493 W AppInfo : 	at android.os.Binder.execTransactInternal(Binder.java:1444)
06-11 10:33:37.483  1460  1493 W AppInfo : 	at android.os.Binder.execTransact(Binder.java:1378)
06-11 10:33:37.484 29276 29424 I JniHttpHelper: httpGet OK: https://webst02.is.autonavi.com/appmaptile?style=6&x=1630&y=847&z=11 -> 33637 bytes
06-11 10:33:37.484 29276 29427 I JniHttpHelper: httpGet called: https://webst02.is.autonavi.com/appmaptile?style=6&x=1&y=4&z=3
06-11 10:33:37.484  1460  1493 E PermissionVerifier: card rpk not exists
06-11 10:33:37.484  5227 29205 I m.heytap.market: Explicit concurrent mark compact GC freed 2692KB AllocSpace bytes, 3(280KB) LOS objects, 27% free,10MB(M:8772KB,L:2048KB)/14MB, paused 21.028ms,6.802ms total 1.018s
06-11 10:33:37.485  3189  3251 I AccessibilityWindowsPopulator: getInsensibleFlag flag = 0
06-11 10:33:37.486 29276 29426 I JniHttpHelper: httpGet OK: https://webst03.is.autonavi.com/appmaptile?style=6&x=1630&y=848&z=11 -> 33567 bytes
06-11 10:33:37.486 29276 29425 I JniHttpHelper: httpGet called: https://webst02.is.autonavi.com/appmaptile?style=6&x=1629&y=848&z=11
06-11 10:33:37.486 29276 29448 I AndroidBridge: androidHttpGet: env=0xb400007a0e7803a0 gJniHttpHelperClass=0x30a6 gHttpGetMethod=0x1 url=https://webst04.is.autonavi.com/appmaptile?style=6&x=3&y=4&z=3
06-11 10:33:37.488 29276 29424 I AndroidBridge: Decoded image 256x256 from 33637 bytes
06-11 10:33:37.488 29276 29449 I AndroidBridge: androidHttpGet: env=0xb400007a7da11ca0 gJniHttpHelperClass=0x30a6 gHttpGetMethod=0x1 url=https://webst04.is.autonavi.com/appmaptile?style=6&x=2&y=5&z=3
06-11 10:33:37.489  5227 29217 I m.heytap.market: WaitForGcToComplete blocked Explicit on Explicit for 957.091ms
06-11 10:33:37.489  5227 29206 I m.heytap.market: Waiting for a blocking GC Explicit
06-11 10:33:37.490  1667 15952 I sensors-hal: handle_oplus_wise_rgb_event:230, wise_rgb:algo_type = 3
06-11 10:33:37.490 29276 29276 I BasemapLayer: Tile uploaded: 3/3/3 256x256
06-11 10:33:37.490  1667 15952 I sensors-hal: handle_oplus_wise_rgb_event:285, wise_rgb: raw_lux 507.332642, raw_cct 6393.554688, r/g/b/c: 40735.183594/35813.093750/20192.023438/90144.148438, R/G/B: 0.000000/0.000000/0.000000, brl 1529.000000, lux: 507.332642, cct: 6393.554688, ts 242614808846428, cnt 3731
06-11 10:33:37.491 29276 29276 I BasemapLayer: Tile uploaded: 11/1630/847 256x256
06-11 10:33:37.492  1460  1493 W PermissionVerifier: checkWritePermission writer: com.oplus.games not in rpk: com.coloros.gamespaceui.quickapp.library allowed list
06-11 10:33:37.492  1460  1493 W SharedDataProvider: setOrUpdateSharedData no permissions!
06-11 10:33:37.493  5227 29220 I m.heytap.market: Waiting for a blocking GC Explicit
06-11 10:33:37.493  5227 29446 I m.heytap.market: Waiting for a blocking GC Explicit
06-11 10:33:37.493  5227 29447 I m.heytap.market: Waiting for a blocking GC Explicit
06-11 10:33:37.493  3189  5078 I system_server: _Desupression native alloc gc_urgency: 87732 native bytes: 189498816
06-11 10:33:37.494 29276 29426 I AndroidBridge: Decoded image 256x256 from 33567 bytes
06-11 10:33:37.494 29276 29427 I JniHttpHelper: httpGet OK: https://webst02.is.autonavi.com/appmaptile?style=6&x=1&y=4&z=3 -> 1679 bytes
06-11 10:33:37.495 29276 29450 I AndroidBridge: androidHttpGet: env=0xb400007a0e77f060 gJniHttpHelperClass=0x30a6 gHttpGetMethod=0x1 url=https://webst01.is.autonavi.com/appmaptile?style=6&x=3&y=5&z=3
06-11 10:33:37.495 29276 29450 I JniHttpHelper: httpGet called: https://webst01.is.autonavi.com/appmaptile?style=6&x=3&y=5&z=3
06-11 10:33:37.497 27947  1358 W LOG_FLOWCTRL: ==LOGS OVER PROC QUOTA(300), rows(487) bytes(67705) com.oplus.games u(0) l(0) t(0) c(0) DROPPED==
06-11 10:33:37.497 27947  1358 W GameSpaceUI.gs_DesktopCardServiceImpl: set assistant_played_and_mini_game_infos = {"gamePkgs":[]} success expire 86400000
06-11 10:33:37.498 27947  1358 I GameSpaceUI.TrackService: getPluginConfigAppId -1, currentPkgName: 
06-11 10:33:37.499  1460  1493 W SeedlingShare: (com.oplus.games, assistant_played_and_mini_game_infos) not in seeding shared white list.
06-11 10:33:37.516  1460  1493 W AppInfo : AppInfo create Uri content://com.nearme.instant.platform.res/com.coloros.gamespaceui.quickapp.guide/manifest.json
06-11 10:33:37.517  1460  1493 W PackageFilesValidator: isInvalidResource: AppDistributionMeta is null
06-11 10:33:37.519 28382 28479 D COSA->GameServiceSyncUtil: [m] syncGameListToGMS
06-11 10:33:37.523  1708  8307 E ANDR-PERF-LM: VmRssMeter:: start() 358: Could not find pid, can not collect vmrss data
06-11 10:33:37.524  1460  1493 W AppInfo : app info parse uri fail. uri: content://com.nearme.instant.platform.res/com.coloros.gamespaceui.quickapp.guide/manifest.json##Throwable##java.io.FileNotFoundException: open failed: ENOENT (No such file or directory)
06-11 10:33:37.524  1460  1493 W AppInfo : 	at android.os.ParcelFileDescriptor.openInternal(ParcelFileDescriptor.java:356)
06-11 10:33:37.524  1460  1493 W AppInfo : 	at android.os.ParcelFileDescriptor.open(ParcelFileDescriptor.java:233)
06-11 10:33:37.524  1460  1493 W AppInfo : 	at org.hapjs.cache.CacheProvider.doOpenFile(SourceFile:56)
06-11 10:33:37.524  1460  1493 W AppInfo : 	at org.hapjs.AbstractContentProvider.openFile(SourceFile:4)
06-11 10:33:37.524  1460  1493 W AppInfo : 	at android.content.ContentProvider.openAssetFile(ContentProvider.java:2326)
06-11 10:33:37.524  1460  1493 W AppInfo : 	at org.hapjs.AbstractContentProvider.doOpenAssetFile(SourceFile:1)
06-11 10:33:37.524  1460  1493 W AppInfo : 	at org.hapjs.cache.CacheProvider.doOpenAssetFile(SourceFile:74)
06-11 10:33:37.524  1460  1493 W AppInfo : 	at org.hapjs.AbstractContentProvider.openAssetFile(SourceFile:4)
06-11 10:33:37.524  1460  1493 W AppInfo : 	at android.content.ContentProvider.openTypedAssetFile(ContentProvider.java:2504)
06-11 10:33:37.524  1460  1493 W AppInfo : 	at android.content.ContentProvider.openTypedAssetFile(ContentProvider.java:2571)
06-11 10:33:37.524  1460  1493 W AppInfo : 	at android.content.ContentProvider$Transport.openTypedAssetFile(ContentProvider.java:692)
06-11 10:33:37.524  1460  1493 W AppInfo : 	at android.content.ContentResolver.openTypedAssetFileDescriptor(ContentResolver.java:2097)
06-11 10:33:37.524  1460  1493 W AppInfo : 	at android.content.ContentResolver.openAssetFileDescriptor(ContentResolver.java:1912)
06-11 10:33:37.524  1460  1493 W AppInfo : 	at android.content.ContentResolver.openInputStream(ContentResolver.java:1582)
06-11 10:33:37.524  1460  1493 W AppInfo : 	at org.hapjs.model.AppInfo.fromUri(SourceFile:7)
06-11 10:33:37.524  1460  1493 W AppInfo : 	at org.hapjs.model.AppInfo.create(SourceFile:105)
06-11 10:33:37.524  1460  1493 W AppInfo : 	at org.hapjs.bridge.DefaultAppInfoProvider.create(SourceFile:1)
06-11 10:33:37.524  1460  1493 W AppInfo : 	at a.a.a.nl0.g(SourceFile:58)
06-11 10:33:37.524  1460  1493 W AppInfo : 	at a.a.a.nl0.e(SourceFile:2)
06-11 10:33:37.524  1460  1493 W AppInfo : 	at a.a.a.rp6.d(SourceFile:22)
06-11 10:33:37.524  1460  1493 W AppInfo : 	at a.a.a.rp6.c(SourceFile:52)
06-11 10:33:37.524  1460  1493 W AppInfo : 	at com.nearme.instant.card.SharedDataProvider.setOrUpdateSharedDataInner(SourceFile:48)
06-11 10:33:37.524  1460  1493 W AppInfo : 	at com.nearme.instant.card.SharedDataProvider.setOrUpdateSharedData(SourceFile:61)
06-11 10:33:37.524  1460  1493 W AppInfo : 	at com.nearme.instant.card.SharedDataProvider.doCall(SourceFile:46)
06-11 10:33:37.524  1460  1493 W AppInfo : 	at org.hapjs.AbstractContentProvider.call(SourceFile:4)
06-11 10:33:37.524  1460  1493 W AppInfo : 	at android.content.ContentProvider.call(ContentProvider.java:2773)
06-11 10:33:37.524  1460  1493 W AppInfo : 	at android.content.ContentProvider$Transport.call(ContentProvider.java:653)
06-11 10:33:37.524  1460  1493 W AppInfo : 	at android.content.ContentProviderNative.onTransact(ContentProviderNative.java:307)
06-11 10:33:37.524  1460  1493 W AppInfo : 	at android.os.Binder.execTransactInternal(Binder.java:1444)
06-11 10:33:37.524  1460  1493 W AppInfo : 	at android.os.Binder.execTransact(Binder.java:1378)
06-11 10:33:37.524  1460  1493 E PermissionVerifier: card rpk not exists
06-11 10:33:37.524  1460  1493 W PermissionVerifier: checkWritePermission writer: com.oplus.games not in rpk: com.coloros.gamespaceui.quickapp.guide allowed list
06-11 10:33:37.524  1460  1493 W SharedDataProvider: setOrUpdateSharedData no permissions!
06-11 10:33:37.525 27947  1358 W GameSpaceUI.gs_DesktopCardServiceImpl: set assistant_played_and_mini_game_infos = {"gamePkgs":[]} success expire 86400000
06-11 10:33:37.526 11083 27436 I PhoneManager.VirusSelfDetectScanner: [filterByAdIdentifyTrustedApp] use cache
06-11 10:33:37.530  4650 25293 W HapContentObserver: uri: content://appRecommend_data_storage/breeno-launcher_2x4/query
06-11 10:33:37.530  4650 25293 D HapContentObserver: key: 251540744 , task: 70838955
06-11 10:33:37.530  4650 25293 D ContentResolverTask: uri: content://appRecommend_data_storage/breeno-launcher_2x4/query contains: false task: 70838955
06-11 10:33:37.530  4650 25293 D HapContentObserver: key: 82000058 , task: 112544663
06-11 10:33:37.530  4650 25293 D ContentResolverTask: uri: content://appRecommend_data_storage/breeno-launcher_2x4/query contains: false task: 112544663
06-11 10:33:37.538  6716 29458 I SG::StaticManager[RepositoryManager]: getCardInfoModifyTime. [base|com.oplus.pantanal.ums|2.0.44-25e9612]
06-11 10:33:37.525 27947  1358 I GameSpaceUI.TrackService: getPluginConfigAppId -1, currentPkgName: 
06-11 10:33:37.542 27947 29431 W GameSpaceUI.COSASDKManager: fetchOriginGamePackageList: true,[]
06-11 10:33:37.542 27947 16635 W GameSpaceUI.COSASDKManager: fetchOriginGamePackageList true,[]
06-11 10:33:37.544  1460 23496 W SeedlingShare: (com.oplus.games, assistant_played_and_mini_game_infos) not in seeding shared white list.
06-11 10:33:37.544  1460 23496 W AppInfo : AppInfo create Uri content://com.nearme.instant.platform.res/com.coloros.gamespaceui.quickapp.library/manifest.json
06-11 10:33:37.544 29276 29445 I JniHttpHelper: httpGet OK: https://webst03.is.autonavi.com/appmaptile?style=6&x=2&y=4&z=3 -> 6856 bytes
06-11 10:33:37.544  1877  2435 D VRR [OTI-HW]: isStateReady 0
06-11 10:33:37.545  1877  2435 D VRR [OTI-HW]: keep rate.
06-11 10:33:37.546 29276 29448 I JniHttpHelper: httpGet called: https://webst04.is.autonavi.com/appmaptile?style=6&x=3&y=4&z=3
06-11 10:33:37.548 29276 29445 I AndroidBridge: Decoded image 256x256 from 6856 bytes
06-11 10:33:37.548  1460 23496 W PackageFilesValidator: isInvalidResource: AppDistributionMeta is null
06-11 10:33:37.549  1460 23496 W AppInfo : app info parse uri fail. uri: content://com.nearme.instant.platform.res/com.coloros.gamespaceui.quickapp.library/manifest.json##Throwable##java.io.FileNotFoundException: open failed: ENOENT (No such file or directory)
06-11 10:33:37.549  1460 23496 W AppInfo : 	at android.os.ParcelFileDescriptor.openInternal(ParcelFileDescriptor.java:356)
06-11 10:33:37.549  1460 23496 W AppInfo : 	at android.os.ParcelFileDescriptor.open(ParcelFileDescriptor.java:233)
06-11 10:33:37.549  1460 23496 W AppInfo : 	at org.hapjs.cache.CacheProvider.doOpenFile(SourceFile:56)
06-11 10:33:37.549  1460 23496 W AppInfo : 	at org.hapjs.AbstractContentProvider.openFile(SourceFile:4)
06-11 10:33:37.549  1460 23496 W AppInfo : 	at android.content.ContentProvider.openAssetFile(ContentProvider.java:2326)
06-11 10:33:37.549  1460 23496 W AppInfo : 	at org.hapjs.AbstractContentProvider.doOpenAssetFile(SourceFile:1)
06-11 10:33:37.549  1460 23496 W AppInfo : 	at org.hapjs.cache.CacheProvider.doOpenAssetFile(SourceFile:74)
06-11 10:33:37.549  1460 23496 W AppInfo : 	at org.hapjs.AbstractContentProvider.openAssetFile(SourceFile:4)
06-11 10:33:37.549  1460 23496 W AppInfo : 	at android.content.ContentProvider.openTypedAssetFile(ContentProvider.java:2504)
06-11 10:33:37.549  1460 23496 W AppInfo : 	at android.content.ContentProvider.openTypedAssetFile(ContentProvider.java:2571)
06-11 10:33:37.549  1460 23496 W AppInfo : 	at android.content.ContentProvider$Transport.openTypedAssetFile(ContentProvider.java:692)
06-11 10:33:37.549  1460 23496 W AppInfo : 	at android.content.ContentResolver.openTypedAssetFileDescriptor(ContentResolver.java:2097)
06-11 10:33:37.549  1460 23496 W AppInfo : 	at android.content.ContentResolver.openAssetFileDescriptor(ContentResolver.java:1912)
06-11 10:33:37.549  1460 23496 W AppInfo : 	at android.content.ContentResolver.openInputStream(ContentResolver.java:1582)
06-11 10:33:37.549  1460 23496 W AppInfo : 	at org.hapjs.model.AppInfo.fromUri(SourceFile:7)
06-11 10:33:37.549  1460 23496 W AppInfo : 	at org.hapjs.model.AppInfo.create(SourceFile:105)
06-11 10:33:37.549  1460 23496 W AppInfo : 	at org.hapjs.bridge.DefaultAppInfoProvider.create(SourceFile:1)
06-11 10:33:37.549  1460 23496 W AppInfo : 	at a.a.a.nl0.g(SourceFile:58)
06-11 10:33:37.549  1460 23496 W AppInfo : 	at a.a.a.nl0.e(SourceFile:2)
06-11 10:33:37.549  1460 23496 W AppInfo : 	at a.a.a.rp6.d(SourceFile:22)
06-11 10:33:37.549  1460 23496 W AppInfo : 	at a.a.a.rp6.c(SourceFile:52)
06-11 10:33:37.549  1460 23496 W AppInfo : 	at com.nearme.instant.card.SharedDataProvider.setOrUpdateSharedDataInner(SourceFile:48)
06-11 10:33:37.549  1460 23496 W AppInfo : 	at com.nearme.instant.card.SharedDataProvider.setOrUpdateSharedData(SourceFile:61)
06-11 10:33:37.549  1460 23496 W AppInfo : 	at com.nearme.instant.card.SharedDataProvider.doCall(SourceFile:46)
06-11 10:33:37.549  1460 23496 W AppInfo : 	at org.hapjs.AbstractContentProvider.call(SourceFile:4)
06-11 10:33:37.549  1460 23496 W AppInfo : 	at android.content.ContentProvider.call(ContentProvider.java:2773)
06-11 10:33:37.549  1460 23496 W AppInfo : 	at android.content.ContentProvider$Transport.call(ContentProvider.java:653)
06-11 10:33:37.549  1460 23496 W AppInfo : 	at android.content.ContentProviderNative.onTransact(ContentProviderNative.java:307)
06-11 10:33:37.549  1460 23496 W AppInfo : 	at android.os.Binder.execTransactInternal(Binder.java:1444)
06-11 10:33:37.549  1460 23496 W AppInfo : 	at android.os.Binder.execTransact(Binder.java:1378)
06-11 10:33:37.549  1460 23496 E PermissionVerifier: card rpk not exists
06-11 10:33:37.549  1460 23496 W PermissionVerifier: checkWritePermission writer: com.oplus.games not in rpk: com.coloros.gamespaceui.quickapp.library allowed list
06-11 10:33:37.549  1460 23496 W SharedDataProvider: setOrUpdateSharedData no permissions!
06-11 10:33:37.575  3189  3998 E ListServiceUtils: getListValueByUid module:image-processing uid:1000 cost 39564us return 0
06-11 10:33:37.580 27947 29408 W GameSpaceUI.COSASDKManager: fetchOriginGamePackageList: true,[]
06-11 10:33:37.581 27947 27516 W GameSpaceUI.COSASDKManager: fetchOriginGamePackageList true,[]
06-11 10:33:37.625  3189  3253 D SurfaceAnimationRunner: onAnimationEnd:Surface(name=Surface(name=640d93e Splash Screen com.earthengine.minimalglobe)/@0xb8eb0d6 - animation-leash of window_animation)/@0x126af57
06-11 10:33:37.625  3189  3252 I WindowStateExtImpl: onSurfaceShowChange show = false mPackageName = com.earthengine.minimalglobe parentPkgName = com.earthengine.minimalglobe
06-11 10:33:37.625  3189  3252 I WindowManager: Window{640d93e u0 Splash Screen com.earthengine.minimalglobe EXITING} state from HAS_DRAWN to NO_SURFACE; reason: destroySurface
06-11 10:33:37.626  3189  3252 D DisplayModeDirector: setAppRequest displayId : 4  modeId: 0  requestedRefreshRate: 0.0  requestedMinRefreshRateRange: 0.0  requestedMaxRefreshRateRange: 0.0
06-11 10:33:37.627  3189  3252 D VRR [OPlusRefreshRatePolicy]: setRefreshRatePolicy policy=POLICY_SYSTEM, refreshRate=120, statusOn=false
06-11 10:33:37.627  3189  3252 D VRR [OPlusRefreshRatePolicy]: setRefreshRatePolicy policy=POLICY_SYSTEM, refreshRate=60, statusOn=true
06-11 10:33:37.627  3189  3252 W SettingsProvider: notifyForSettingsChange delay for adfr_policy_change, value: 1896, delta: 0, lastNotifyTimestamp: 200711350, minInterval: 10
06-11 10:33:37.627  3189  3252 D RefreshRate: Refresh rate changing from 120.00001 to 60.000004,maxRefreshRate=60.000004 FOR:{
06-11 10:33:37.627  3189  3252 D RefreshRate:     | COURSE[; Win preferred rateId=2, appReqFirst=false, data= RateData{,mWindowOverrideRateId:2} ;win name:com.earthengine.minimalglobe/com.earthengine.minimalglobe.MainActivity]
06-11 10:33:37.627  3189  3252 D RefreshRate:     | VOTES[PRIORITY_WINDOW_REQUEST -> Vote{mRefreshRate=60.0, mMinRefreshRate=60.0, mRequestSource=null};]
06-11 10:33:37.627  3189  3252 D RefreshRate:     | TIME:2026-06-11 02:33:37}
06-11 10:33:37.627  3189  3252 D DisplayModeDirector: setAppRequest displayId : 0  modeId: 2  requestedRefreshRate: 0.0  requestedMinRefreshRateRange: 0.0  requestedMaxRefreshRateRange: 60.000004
06-11 10:33:37.628  3189  3251 D DisplayManagerServiceExtImpl: scheduleTraversalLocked intraversal=false
06-11 10:33:37.628  3189  3251 D DisplayManagerService: MSG_REQUEST_TRAVERSAL pendingCompleted=false
06-11 10:33:37.629  3189  3252 D DisplayModeDirector: setAppRequest displayId : 4  modeId: 0  requestedRefreshRate: 0.0  requestedMinRefreshRateRange: 0.0  requestedMaxRefreshRateRange: 0.0
06-11 10:33:37.630  3189  3252 D DisplayModeDirector: setAppRequest displayId : 0  modeId: 2  requestedRefreshRate: 0.0  requestedMinRefreshRateRange: 0.0  requestedMaxRefreshRateRange: 60.000004
06-11 10:33:37.630  3189  3252 D DisplayManagerService: performTraversalInternal pendingTraversal
06-11 10:33:37.630  3189  3252 D DisplayDevice: setLayerStackLocked id=local:4630946283567114626 token=android.os.BinderProxy@39b679e stack=0->0
06-11 10:33:37.630  3189  3252 D DisplayDevice: setLayerStackLocked id=virtual:com.tencent.android.qqdownloader,10370,install_display_yyb,1 token=android.os.BinderProxy@9fc52aa stack=-1->-1
06-11 10:33:37.639  3189  3252 D DisplayModeDirector: setAppRequest displayId : 4  modeId: 0  requestedRefreshRate: 0.0  requestedMinRefreshRateRange: 0.0  requestedMaxRefreshRateRange: 0.0
06-11 10:33:37.639  3189  3252 D DisplayModeDirector: setAppRequest displayId : 0  modeId: 2  requestedRefreshRate: 0.0  requestedMinRefreshRateRange: 0.0  requestedMaxRefreshRateRange: 60.000004
06-11 10:33:37.640  3189  3338 D LocalDisplayAdapter: setDesiredDisplayModeSpecsAsync: display unique id = local:4630946283567114626, display mode specs = defaultMode=1 allowGroupSwitching=false primaryRanges=physical: (0.0 120.00001) render:  (0.0 60.000004) appRequestRanges=physical: (0.0 120.00001) render:  (0.0 60.000004) idleScreenRefreshRate=null
06-11 10:33:37.640  1877  2189 D SurfaceFlinger: VRR [SurfaceFlinger] setDesiredDisplayModeSpecs, from process 3189, 1, 0, primaryRanges = [ 0.000000, 120.000008, 0.000000, 60.000004 ], appRequestRanges = [ 0.000000, 120.000008, 0.000000 60.000004 ]
06-11 10:33:37.640  1877  1877 I RefreshRateSelector: Display 4630946283567114626 policy changed
06-11 10:33:37.640  1877  1877 I RefreshRateSelector: Previous: {defaultModeId=0, allowGroupSwitching=false, primaryRanges={physical=[0.00 Hz, 120.00 Hz], render=[0.00 Hz, 120.00 Hz]}, appRequestRanges={physical=[0.00 Hz, 120.00 Hz], render=[0.00 Hz, 120.00 Hz]} idleScreenConfig=nullptr}
06-11 10:33:37.640  1877  1877 I RefreshRateSelector: Current:  DisplayManagerPolicy{defaultModeId=1, allowGroupSwitching=false, primaryRanges={physical=[0.00 Hz, 120.00 Hz], render=[0.00 Hz, 60.00 Hz]}, appRequestRanges={physical=[0.00 Hz, 120.00 Hz], render=[0.00 Hz, 60.00 Hz]} idleScreenConfig=nullptr}
06-11 10:33:37.640  1877  1877 I RefreshRateSelector: 0 mode changes were performed under the previous policy
06-11 10:33:37.640  1877  1877 D SurfaceFlinger: VRR [SurfaceFlinger] applyRefreshRateSelectorPolicy: 1 (60.00 Hz), policy: {defaultModeId=1, allowGroupSwitching=false, primaryRanges={physical=[0.00 Hz, 120.00 Hz], render=[0.00 Hz, 60.00 Hz]}, appRequestRanges={physical=[0.00 Hz, 120.00 Hz], render=[0.00 Hz, 60.00 Hz]} idleScreenConfig=nullptr}
06-11 10:33:37.640  1877  1877 D SurfaceFlinger: VRR [SurfaceFlinger] setDesiredActiveMode: displayId: 4630946283567114626, renderRate: 60, vsyncRate: 60, event: 1
06-11 10:33:37.640  1877  1877 D DisplayModeController: setDesiredMode 4630946283567114626 {mode={fps=60.00 Hz, modePtr={id=1, vsyncRate=60.00 Hz, peakRefreshRate=60.00 Hz}}, emitEvent=true, force=false}
06-11 10:33:37.641  1877  2435 D VRR [OTI]: handleIdle from 0 to 0
06-11 10:33:37.641  1877  2435 D VRR [OTI-HW]: isStateReady 0
06-11 10:33:37.641  1877  2435 D VRR [OTI-HW]: keep rate.
06-11 10:33:37.641  3189  3336 D OplusFeatureDMR[display=0]: onConfigChanged threadId=71 threadName=OplusDisplayWorkHandler physicalDisplayId=4630946283567114626 modeId=0  
06-11 10:33:37.642  1667 15952 I sensors-hal: handle_oplus_wise_rgb_event:230, wise_rgb:algo_type = 3
06-11 10:33:37.642  1667 15952 I sensors-hal: handle_oplus_wise_rgb_event:285, wise_rgb: raw_lux 497.478638, raw_cct 6329.185059, r/g/b/c: 41067.109375/36168.027344/20268.875000/90233.742188, R/G/B: 0.000000/0.000000/0.000000, brl 1529.000000, lux: 497.478638, cct: 6329.185059, ts 242614958700803, cnt 3732
06-11 10:33:37.642  1667 15988 I sensors-hal: handle_oplus_wise_rgb_event:301, oplus wise_rgb sample: (3732)(cct, lux, ir_ratio, r, g, b, c)[6329, 497, 40, 41067, 36168, 20268, 90233]
06-11 10:33:37.642  1877  1877 I HWC2    : [0] setActiveConfigWithConstraints[1]
06-11 10:33:37.642  1699  1958 D SDM     : IRIS_LOG_HWC::SetActiveConfigWithConstraints:355: 01
06-11 10:33:37.642  1699  1958 I SDM     : HWCDisplay::SetActiveConfigToIrisWrapper: SetActiveConfigToIrisWrapper on id_: 0
06-11 10:33:37.642  1699  1958 I IRIS_LOG_SERV: SetActiveConfig: 1240x2772@60, mAwlaysInBypassMode: 0
06-11 10:33:37.643  1699  1958 D SDM     : IRIS_LOG_HWC::SendDisplayConfigStatusToIrisWrapper:2833: num_configs1 4(0), num_configs2 4(0), selected 0,(memc_cfg 0, emv_cfg 1), states 0x1c100404
06-11 10:33:37.643  1699  1958 E IRIS_LOG_SERV: Received mMainNumConfigs 4(0), mAuxNumConfigs 4(0), mImvConfigIndex 0, mEmvConfigIndex 1
06-11 10:33:37.643  1699  1958 I SDM     : HWCDisplay::IsContextReadyToSubmitActiveConfig: pending config_ 1, state 0, on display id_= 0
06-11 10:33:37.643  1699  1958 W SDM     : HWDeviceDRM::GetSupportedBitClkRate: Requested rate not supported: 1094400000
06-11 10:33:37.643  1699  1958 I SDM     : HWDeviceDRM::UpdateMixerAttributes: Mixer WxH 1240x2772-1 for Peripheral
06-11 10:33:37.643  1699  1958 I SDM     : HWCDisplay::SubmitDisplayConfig: HWC SetActiveConfig [0,1], cur_resolution is (1240, 2772), new_resolution is (1240, 2772)
06-11 10:33:37.643  1699  1958 I SDM     : HWCDisplay::SubmitDisplayConfig: Active configuration changed from config 0 to 1
06-11 10:33:37.647  3189  3336 D OplusFeatureDMR[display=0]: onConfigChanged threadId=71 threadName=OplusDisplayWorkHandler physicalDisplayId=4630946283567114626 modeId=1  
06-11 10:33:37.647  3189  4464 D TheiaCpuHighLoad: Not cpu high load:95
06-11 10:33:37.647  3189  4464 I OplusCpuLimitManager: OplusCpuHighLoad: newLoadLevel=1, newMngLevel=1, (nl_load=1, nl_thermal=1, nl_scene=1), curMngLevel=1, CL=0, curWinCL=0, curShortWinCL= 0, latestCL=95, latestThermalLevel=4, expHlScene=false
06-11 10:33:37.647  3189  3251 I DisplayDeviceRepository: Display device changed render timings: "内置屏幕", renderFrameRate=60.000004, presentationDeadlineNanos=16666666, appVsyncOffsetNanos=1000000, frameRateOverrides=[]
06-11 10:33:37.647  3189  3251 D LogicalDisplayExt: set displayInfo flag FLAG_ROTATES_WITH_CONTENT
06-11 10:33:37.648  1877  2435 D VRR [OTI-HW]: isStateReady 0
06-11 10:33:37.648  1877  2435 D VRR [OTI-HW]: keep rate.
06-11 10:33:37.648  3189  3251 D DisplayManagerService: Delivering display event: displayId=0, event=EVENT_DISPLAY_REFRESH_RATE_CHANGED
06-11 10:33:37.648  3189  3249 D WindowManager: DeferredDisplayUpdater: partially applying DisplayInfo(1240 x 2772) immediately
06-11 10:33:37.649  3189  3189 E OplusGestureAnimationManagerPolicy: mScreenHeight:2772 mScreenWidth:1240 mRotation:0
06-11 10:33:37.651  3189  3249 D OplusVFXScreenEffectFeature: notifySFCompatWindowStateChange entered false
06-11 10:33:37.651  3189  3249 D FSS_FoldScreenBlackCoverController: displayChangeToOn, dc:Display{#0 state=ON size=1240x2772 ROTATION_0}
06-11 10:33:37.651  1877  5082 D [PREVIEW]: SF obtain preview_adapter: 0
06-11 10:33:37.651  1877  5082 D [PREVIEW]: TabletPreviewAdapter::parallel world 0
06-11 10:33:37.651  3189  3249 D DisplayModeDirector: setAppRequest displayId : 4  modeId: 0  requestedRefreshRate: 0.0  requestedMinRefreshRateRange: 0.0  requestedMaxRefreshRateRange: 0.0
06-11 10:33:37.652  3189  3249 D DisplayModeDirector: setAppRequest displayId : 0  modeId: 2  requestedRefreshRate: 0.0  requestedMinRefreshRateRange: 0.0  requestedMaxRefreshRateRange: 60.000004
06-11 10:33:37.654  1855  4175 D AudioBoost: audioSchedBoost, pid=1855, tid=4175, enable=1, ret=0
06-11 10:33:37.654  1855  4175 D AudioFlingerExtImpl: AudioFlingerExtImpl oplusSetParameters: keyvalue screen_state=on
06-11 10:33:37.655  1655  1702 D AHAL: AudioDevice: SetParameters: 1715: enter: screen_state=on
06-11 10:33:37.655  1655  1702 D AHAL: AudioDevice: SetParameters: 1784:  - screen = on
06-11 10:33:37.655  1655  1702 D PAL: ResourceManager: setParameter: 8426: Enter param id: 8
06-11 10:33:37.655  1655  1702 I PAL: ResourceManager: setParameter: 8449: Screen State:1
06-11 10:33:37.655  1655  1702 D PAL: ResourceManager: setParameter: 9169: Exit status: 0
06-11 10:33:37.655  1655  1702 D AHAL: AudioDevice: SetParameters: 2336: exit
06-11 10:33:37.656  1855  4175 D AudioBoost: audioSchedBoost, pid=1855, tid=4175, enable=0, ret=0
06-11 10:33:37.659  3189  3998 I Quality : BitmapCompressInfo:620,1385,0,95,123599792
06-11 10:33:37.662  4329  4329 I KeyguardDisplayManager: onDisplayChanged displayId: 0
06-11 10:33:37.663  4329  4329 I SystemUi--Keyguard: KeyguardDisplayManagerExImpl-->orientationChanged=false, presentationDisplayChanged=false, lastPresentationWidth=0, lastPresentationHeight=0, lastPresentationDensity=0
06-11 10:33:37.665  1667  1845 I sensors-hal: get_display_brightness:690, light_iface: get_brightness ret = 1, fifo_fm[0].type = 7, data = 1
06-11 10:33:37.668  4639  8246 D CommonApp-194-10602: commonScoreStrategy scenarios 1
06-11 10:33:37.668  4639  8246 D CommonApp-194-10602: notifyScoreChange appScene COMMON score 100
06-11 10:33:37.668  4639  8246 D ScorePolicy: handleScoreChanged: []
06-11 10:33:37.668  4639  8246 D ScorePolicy: handleScoreChanged: []
06-11 10:33:37.668  4639  8246 D ScorePolicy: handleScoreChanged: []
06-11 10:33:37.673 11083 11791 D CloudConfig_stgyHelper: mspVersionCanSupport mspKitVersion : 2021620
06-11 10:33:37.678 27947 29460 W GameSpaceUI.COSASDKManager: fetchOriginGamePackageList: true,[]
06-11 10:33:37.679 11083 11791 D CloudConfig_stgyHelper: getSupportKitMode strategyEntity : StrategyEntity(sdkInterval=1800000, strategyMode=1, minSDKVersion=1000, minKitVersion=2014122, validReqPeriod=7200000, maxReqProduct=100, forceKitIfKit=false, backoff=120000, enable=true, defaultLimit=RateLimitConfig{maxCalls=1, timeWindowSeconds=7200, callIntervalSeconds=0}, productLimits={global-domain_1281=RateLimitConfig{maxCalls=1, timeWindowSeconds=7200, callIntervalSeconds=0}, 50351=RateLimitConfig{maxCalls=1, timeWindowSeconds=7200, callIntervalSeconds=0}, compass_20092=RateLimitConfig{maxCalls=1, timeWindowSeconds=7200, callIntervalSeconds=0}, global-domain_1961=RateLimitConfig{maxCalls=1, timeWindowSeconds=7200, callIntervalSeconds=0}, compass_2=RateLimitConfig{maxCalls=1, timeWindowSeconds=7200, callIntervalSeconds=0}, mdp_2047=RateLimitConfig{maxCalls=1, timeWindowSeconds=7200, callIntervalSeconds=0}, mdp_2296=RateLimitConfig{maxCalls=1, timeWindowSeconds=7200, callIntervalSeconds=0}, compass_143100=RateLimitConfig{maxCalls=1, timeWindowSeconds=7200, callIntervalSeconds=0}})
06-11 10:33:37.679 11083 11791 D CloudConfig_stgyHelper: getSupportKitMode localSdkVersion : 1227
06-11 10:33:37.684 27947 16635 W GameSpaceUI.COSASDKManager: fetchOriginGamePackageList true,[]
06-11 10:33:37.684 27947 16635 I GameSpaceUI.COSAController: cosaController
06-11 10:33:37.693 27947 29466 W GameSpaceUI.COSASDKManager: fetchOriginGamePackageList: true,[]
06-11 10:33:37.693 27947 27516 W GameSpaceUI.COSASDKManager: fetchOriginGamePackageList true,[]
06-11 10:33:37.693 27947 27516 I GameSpaceUI.COSAController: cosaController
06-11 10:33:37.696  1877  2447 D skia    : findCacheMissInfo vsync 145997131, result 0
06-11 10:33:37.697 11083 11791 D CloudConfig_stgyHelper: mspVersionCanSupport mspKitVersion : 2021620
06-11 10:33:37.698 28382 28479 D COSA->COSADBHolder: uni.UNI8E1957F - t: 7 - ut: -1
06-11 10:33:37.698 28382 28479 D COSA->COSADBHolder: tv.danmaku.bili - t: 7 - ut: -1
06-11 10:33:37.698 28382 28479 D COSA->COSADBHolder: tech.xiaoxiang.emily - t: 7 - ut: -1
06-11 10:33:37.698 28382 28479 D COSA->COSADBHolder: space.xinzhi.map - t: 7 - ut: -1
06-11 10:33:37.698 28382 28479 D COSA->COSADBHolder: space.xinzhi.hiko - t: 7 - ut: -1
06-11 10:33:37.698 28382 28479 D COSA->COSADBHolder: space.xinzhi.globe - t: 7 - ut: -1
06-11 10:33:37.698 28382 28479 D COSA->COSADBHolder: space.xinzhi.flutterseek - t: -1 - ut: -1
06-11 10:33:37.698 28382 28479 D COSA->COSADBHolder: space.xinzhi.fishing - t: 7 - ut: -1
06-11 10:33:37.698 28382 28479 D COSA->COSADBHolder: space.xinzhi.cloud - t: 7 - ut: -1
06-11 10:33:37.698 28382 28479 D COSA->COSADBHolder: org.osgearth.androidmvp.test - t: -1 - ut: -1
06-11 10:33:37.698 28382 28479 D COSA->COSADBHolder: org.osgearth.androidmvp - t: -1 - ut: -1
06-11 10:33:37.698 28382 28479 D COSA->COSADBHolder: null - t: -1 - ut: -1
06-11 10:33:37.698 28382 28479 D COSA->COSADBHolder: li.songe.gkd - t: -1 - ut: -1
06-11 10:33:37.698 28382 28479 D COSA->COSADBHolder: im.xingzhe - t: 7 - ut: -1
06-11 10:33:37.698 28382 28479 D COSA->COSADBHolder: im.xingyecamp.mm - t: 7 - ut: -1
06-11 10:33:37.698 28382 28479 D COSA->COSADBHolder: com.zsl.petalearth - t: 7 - ut: -1
06-11 10:33:37.698 28382 28479 D COSA->COSADBHolder: com.zhituxing.yxk - t: 7 - ut: -1
06-11 10:33:37.698 28382 28479 D COSA->COSADBHolder: com.zhihu.android - t: 7 - ut: -1
06-11 10:33:37.699 28382 28479 D COSA->COSADBHolder: com.zdbq.ljtq.ljweather - t: 7 - ut: -1
06-11 10:33:37.699 28382 28479 D COSA->COSADBHolder: com.yuanlue.sportnote - t: 7 - ut: -1
06-11 10:33:37.699 28382 28479 D COSA->COSADBHolder: com.youxiake - t: 7 - ut: -1
06-11 10:33:37.699 28382 28479 D COSA->COSADBHolder: com.youku.phone - t: 7 - ut: -1
06-11 10:33:37.699 28382 28479 D COSA->COSADBHolder: com.ykshengshi.yldr.nearme.gamecenter - t: 8 - ut: -1
06-11 10:33:37.699 28382 28479 D COSA->COSADBHolder: com.yc.knot - t: 7 - ut: -1
06-11 10:33:37.699 28382 28479 D COSA->COSADBHolder: com.xunmeng.pinduoduo - t: 7 - ut: -1
06-11 10:33:37.699 28382 28479 D COSA->COSADBHolder: com.xingin.xhs - t: 7 - ut: -1
06-11 10:33:37.699 28382 28479 D COSA->COSADBHolder: com.ximalaya.ting.android - t: 7 - ut: -1
06-11 10:33:37.699 28382 28479 D COSA->COSADBHolder: com.wuba.zhuanzhuan - t: 7 - ut: -1
06-11 10:33:37.699 28382 28479 D COSA->COSADBHolder: com.wuba - t: 7 - ut: -1
06-11 10:33:37.699 28382 28479 D COSA->COSADBHolder: com.wepie.ivy - t: 7 - ut: -1
06-11 10:33:37.699 28382 28479 D COSA->COSADBHolder: com.unionpay.tsmservice - t: 7 - ut: -1
06-11 10:33:37.699 28382 28479 D COSA->COSADBHolder: com.topgether.sixfoot - t: 7 - ut: -1
06-11 10:33:37.699 28382 28479 D COSA->COSADBHolder: com.tmri.app.main - t: 7 - ut: -1
06-11 10:33:37.699 28382 28479 D COSA->COSADBHolder: com.tencent.wework - t: 7 - ut: -1
06-11 10:33:37.699 28382 28479 D COSA->COSADBHolder: com.tencent.mobileqq - t: 7 - ut: -1
06-11 10:33:37.699 28382 28479 D COSA->COSADBHolder: com.tencent.mm - t: 7 - ut: -1
06-11 10:33:37.699 28382 28479 D COSA->COSADBHolder: com.tencent.map - t: 7 - ut: -1
06-11 10:33:37.699 28382 28479 D COSA->COSADBHolder: com.tencent.android.qqdownloader - t: 7 - ut: -1
06-11 10:33:37.699 28382 28479 D COSA->COSADBHolder: com.ted.number - t: -1 - ut: -1
06-11 10:33:37.699 28382 28479 D COSA->COSADBHolder: com.taptap - t: 7 - ut: -1
06-11 10:33:37.699 28382 28479 D COSA->COSADBHolder: com.taobao.idlefish - t: 7 - ut: -1
06-11 10:33:37.699 28382 28479 D COSA->COSADBHolder: com.ss.android.yumme.video - t: 7 - ut: -1
06-11 10:33:37.699 28382 28479 D COSA->COSADBHolder: com.ss.android.ugc.sicily_cm - t: 7 - ut: -1
06-11 10:33:37.699 28382 28479 D COSA->COSADBHolder: com.ss.android.ugc.livelite - t: 7 - ut: -1
06-11 10:33:37.699 28382 28479 D COSA->COSADBHolder: com.ss.android.ugc.aweme.lite - t: 7 - ut: -1
06-11 10:33:37.699 28382 28479 D COSA->COSADBHolder: com.ss.android.ugc.aweme.hubble - t: 7 - ut: -1
06-11 10:33:37.699 28382 28479 D COSA->COSADBHolder: com.ss.android.ugc.aweme - t: 7 - ut: -1
06-11 10:33:37.699 28382 28479 D COSA->COSADBHolder: com.ss.android.lark - t: 7 - ut: -1
06-11 10:33:37.699 28382 28479 D COSA->COSADBHolder: com.ss.android.auto - t: 7 - ut: -1
06-11 10:33:37.699 28382 28479 D COSA->COSADBHolder: com.ss.android.article.video - t: 7 - ut: -1
06-11 10:33:37.699 28382 28479 D COSA->COSADBHolder: com.ss.android.article.news - t: 7 - ut: -1
06-11 10:33:37.699 28382 28479 D COSA->COSADBHolder: com.sohu.newsclient - t: 7 - ut: -1
06-11 10:33:37.699 28382 28479 D COSA->COSADBHolder: com.sohu.inputmethod.sogouoem - t: 7 - ut: -1
06-11 10:33:37.699 28382 28479 D COSA->COSADBHolder: com.smile.gifmaker - t: 7 - ut: -1
06-11 10:33:37.699 28382 28479 D COSA->COSADBHolder: com.sinovatech.unicom.ui - t: 7 - ut: -1
06-11 10:33:37.699 28382 28479 D COSA->COSADBHolder: com.sina.weibo - t: 7 - ut: -1
06-11 10:33:37.699 28382 28479 D COSA->COSADBHolder: com.shoujihaodwsszr.gkh - t: 7 - ut: -1
06-11 10:33:37.699 28382 28479 D COSA->COSADBHolder: com.sankuai.meituan - t: 7 - ut: -1
06-11 10:33:37.699 28382 28479 D COSA->COSADBHolder: com.roveover.wowo - t: 7 - ut: -1
06-11 10:33:37.699 28382 28479 D COSA->COSADBHolder: com.relax.calm.and - t: 7 - ut: -1
06-11 10:33:37.699 28382 28479 D COSA->COSADBHolder: com.redteamobile.roaming - t: 7 - ut: -1
06-11 10:33:37.699 28382 28479 D COSA->COSADBHolder: com.quark.browser - t: 7 - ut: -1
06-11 10:33:37.699 28382 28479 D COSA->COSADBHolder: com.pingan.paces.ccms - t: 7 - ut: -1
06-11 10:33:37.699 28382 28479 D COSA->COSADBHolder: com.phoenix.read - t: 7 - ut: -1
06-11 10:33:37.699 28382 28479 D COSA->COSADBHolder: com.peachhdplayer.player - t: 7 - ut: -1
06-11 10:33:37.699 28382 28479 D COSA->COSADBHolder: com.ovital.ovitalMap - t: 7 - ut: -1
06-11 10:33:37.699 28382 28479 D COSA->COSADBHolder: com.oppo.store - t: 7 - ut: -1
06-11 10:33:37.699 28382 28479 D COSA->COSADBHolder: com.oppo.instant.local.service - t: -1 - ut: -1
06-11 10:33:37.699 28382 28479 D COSA->COSADBHolder: com.opos.ads - t: 7 - ut: -1
06-11 10:33:37.699 28382 28479 D COSA->COSADBHolder: com.oplus.uiengine - t: 7 - ut: -1
06-11 10:33:37.699 28382 28479 D COSA->COSADBHolder: com.oplus.ttsaccessibilityengine - t: -1 - ut: -1
06-11 10:33:37.699 28382 28479 D COSA->COSADBHolder: com.oplus.tips - t: 7 - ut: -1
06-11 10:33:37.699 28382 28479 D COSA->COSADBHolder: com.oplus.thirdkit - t: 7 - ut: -1
06-11 10:33:37.699 28382 28479 D COSA->COSADBHolder: com.oplus.statistics.rom - t: 7 - ut: -1
06-11 10:33:37.699 28382 28479 D COSA->COSADBHolder: com.oplus.screenshot - t: 7 - ut: -1
06-11 10:33:37.699 28382 28479 D COSA->COSADBHolder: com.oplus.screenrecorder - t: 7 - ut: -1
06-11 10:33:37.699 28382 28479 D COSA->COSADBHolder: com.oplus.sauhelper - t: -1 - ut: -1
06-11 10:33:37.699 28382 28479 D COSA->COSADBHolder: com.oplus.remotecontrol - t: 7 - ut: -1
06-11 10:33:37.699 28382 28479 D COSA->COSADBHolder: com.oplus.play - t: 7 - ut: -1
06-11 10:33:37.699 28382 28479 D COSA->COSADBHolder: com.oplus.phonenoareainquire - t: 7 - ut: -1
06-11 10:33:37.699 28382 28479 D COSA->COSADBHolder: com.oplus.pay - t: 7 - ut: -1
06-11 10:33:37.699 28382 28479 D COSA->COSADBHolder: com.oplus.pantanal.ums - t: 7 - ut: -1
06-11 10:33:37.699 28382 28479 D COSA->COSADBHolder: com.oplus.owork - t: 7 - ut: -1
06-11 10:33:37.699 28382 28479 D COSA->COSADBHolder: com.oplus.ota - t: -1 - ut: -1
06-11 10:33:37.699 28382 28479 D COSA->COSADBHolder: com.oplus.ocar - t: -1 - ut: -1
06-11 10:33:37.699 28382 28479 D COSA->COSADBHolder: com.oplus.metis - t: 7 - ut: -1
06-11 10:33:37.699 28382 28479 D COSA->COSADBHolder: com.oplus.melody - t: 7 - ut: -1
06-11 10:33:37.699 28382 28479 D COSA->COSADBHolder: com.oplus.mediaturbo - t: 7 - ut: -1
06-11 10:33:37.699 28382 28479 D COSA->COSADBHolder: com.oplus.matrix - t: 7 - ut: -1
06-11 10:33:37.699 28382 28479 D COSA->COSADBHolder: com.oplus.linker - t: 7 - ut: -1
06-11 10:33:37.699 28382 28479 D COSA->COSADBHolder: com.oplus.games - t: 7 - ut: -1
06-11 10:33:37.699 28382 28479 D COSA->COSADBHolder: com.oplus.ether - t: 7 - ut: -1
06-11 10:33:37.699 28382 28479 D COSA->COSADBHolder: com.oplus.dmp - t: 7 - ut: -1
06-11 10:33:37.700 28382 28479 D COSA->COSADBHolder: com.oplus.deepthinker - t: 7 - ut: -1
06-11 10:33:37.700 28382 28479 D COSA->COSADBHolder: com.oplus.contentportal - t: 7 - ut: -1
06-11 10:33:37.700 28382 28479 D COSA->COSADBHolder: com.oplus.consumerIRApp - t: 7 - ut: -1
06-11 10:33:37.700 28382 28479 D COSA->COSADBHolder: com.oplus.colorx - t: 7 - ut: -1
06-11 10:33:37.700 28382 28479 D COSA->COSADBHolder: com.oplus.cardigitalkey - t: -1 - ut: -1
06-11 10:33:37.700 28382 28479 D COSA->COSADBHolder: com.oplus.appdetail - t: 7 - ut: -1
06-11 10:33:37.700 28382 28479 D COSA->COSADBHolder: com.oplus.aiwriter - t: 7 - ut: -1
06-11 10:33:37.700 28382 28479 D COSA->COSADBHolder: com.oplus.aiunit - t: 7 - ut: -1
06-11 10:33:37.700 28382 28479 D COSA->COSADBHolder: com.oplus.aimemory - t: 7 - ut: -1
06-11 10:33:37.700 28382 28479 D COSA->COSADBHolder: com.oplus.account - t: 7 - ut: -1
06-11 10:33:37.700 28382 28479 D COSA->COSADBHolder: com.oplus.acc.gac - t: 7 - ut: -1
06-11 10:33:37.700 28382 28479 D COSA->COSADBHolder: com.oneplus.member - t: 7 - ut: -1
06-11 10:33:37.700 28382 28479 D COSA->COSADBHolder: com.oneplus.brickmode - t: 7 - ut: -1
06-11 10:33:37.700 28382 28479 D COSA->COSADBHolder: com.oneplus.bbs - t: 7 - ut: -1
06-11 10:33:37.700 28382 28479 D COSA->COSADBHolder: com.oceansecondnum - t: -1 - ut: -1
06-11 10:33:37.700 28382 28479 D COSA->COSADBHolder: com.oasis.jltx.nearme.gamecenter - t: 8 - ut: -1
06-11 10:33:37.700 28382 28479 D COSA->COSADBHolder: com.nqsky.rmad.dizhiyun - t: 7 - ut: -1
06-11 10:33:37.700 28382 28479 D COSA->COSADBHolder: com.netease.stzb.nearme.gamecenter - t: 8 - ut: -1
06-11 10:33:37.700 28382 28479 D COSA->COSADBHolder: com.netease.dhxy.nearme.gamecenter - t: 8 - ut: -1
06-11 10:33:37.700 28382 28479 D COSA->COSADBHolder: com.nearme.instant.platform - t: 7 - ut: -1
06-11 10:33:37.700 28382 28479 D COSA->COSADBHolder: com.nearme.gamecenter - t: 7 - ut: -1
06-11 10:33:37.700 28382 28479 D COSA->COSADBHolder: com.mss.fire - t: 7 - ut: -1
06-11 10:33:37.700 28382 28479 D COSA->COSADBHolder: com.moji.mjweather - t: 7 - ut: -1
06-11 10:33:37.700 28382 28479 D COSA->COSADBHolder: com.microsoft.appmanager - t: 7 - ut: -1
06-11 10:33:37.700 28382 28479 D COSA->COSADBHolder: com.mcswscdtnov.map - t: 7 - ut: -1
06-11 10:33:37.700 28382 28479 D COSA->COSADBHolder: com.luna.music - t: 7 - ut: -1
06-11 10:33:37.700 28382 28479 D COSA->COSADBHolder: com.lolaage.tbulu.tools - t: 7 - ut: -1
06-11 10:33:37.700 28382 28479 D COSA->COSADBHolder: com.lianjia.beike - t: 7 - ut: -1
06-11 10:33:37.700 28382 28479 D COSA->COSADBHolder: com.lemurbrowser.exts - t: 7 - ut: -1
06-11 10:33:37.700 28382 28479 D COSA->COSADBHolder: com.leihuokeji.qcshop_app - t: 7 - ut: -1
06-11 10:33:37.700 28382 28479 D COSA->COSADBHolder: com.larus.nova - t: 7 - ut: -1
06-11 10:33:37.700 28382 28479 D COSA->COSADBHolder: com.kmxs.reader - t: 7 - ut: -1
06-11 10:33:37.700 28382 28479 D COSA->COSADBHolder: com.jingdong.app.mall - t: 7 - ut: -1
06-11 10:33:37.700 28382 28479 D COSA->COSADBHolder: com.jdcar.jch - t: 7 - ut: -1
06-11 10:33:37.700 28382 28479 D COSA->COSADBHolder: com.immomo.momo - t: 7 - ut: -1
06-11 10:33:37.700 28382 28479 D COSA->COSADBHolder: com.ikang.official - t: 7 - ut: -1
06-11 10:33:37.700 28382 28479 D COSA->COSADBHolder: com.heytap.yoli - t: 7 - ut: -1
06-11 10:33:37.700 28382 28479 D COSA->COSADBHolder: com.heytap.themestore - t: 7 - ut: -1
06-11 10:33:37.700 28382 28479 D COSA->COSADBHolder: com.heytap.speechassist - t: 7 - ut: -1
06-11 10:33:37.700 28382 28479 D COSA->COSADBHolder: com.heytap.reader - t: 7 - ut: -1
06-11 10:33:37.700 28382 28479 D COSA->COSADBHolder: com.heytap.quicksearchbox - t: 7 - ut: -1
06-11 10:33:37.700 28382 28479 D COSA->COSADBHolder: com.heytap.pictorial - t: 7 - ut: -1
06-11 10:33:37.700 28382 28479 D COSA->COSADBHolder: com.heytap.opluscarlink - t: 7 - ut: -1
06-11 10:33:37.700 28382 28479 D COSA->COSADBHolder: com.heytap.openid - t: 7 - ut: -1
06-11 10:33:37.700 28382 28479 D COSA->COSADBHolder: com.heytap.music - t: 7 - ut: -1
06-11 10:33:37.700 28382 28479 D COSA->COSADBHolder: com.heytap.mcs - t: 7 - ut: -1
06-11 10:33:37.700 28382 28479 D COSA->COSADBHolder: com.heytap.market - t: 7 - ut: -1
06-11 10:33:37.700 28382 28479 D COSA->COSADBHolder: com.heytap.htms - t: 7 - ut: -1
06-11 10:33:37.700 28382 28479 D COSA->COSADBHolder: com.heytap.health - t: 7 - ut: -1
06-11 10:33:37.700 28382 28479 D COSA->COSADBHolder: com.heytap.cloud - t: 7 - ut: -1
06-11 10:33:37.700 28382 28479 D COSA->COSADBHolder: com.heytap.browser - t: 7 - ut: -1
06-11 10:33:37.700 28382 28479 D COSA->COSADBHolder: com.heytap.accessory - t: 7 - ut: -1
06-11 10:33:37.700 28382 28479 D COSA->COSADBHolder: com.heweather.weatherapp - t: 7 - ut: -1
06-11 10:33:37.700 28382 28479 D COSA->COSADBHolder: com.hero.dna.nearme.gamecenter - t: 8 - ut: -1
06-11 10:33:37.700 28382 28479 D COSA->COSADBHolder: com.gzhg.sgwdsh.nearme.gamecenter - t: 8 - ut: -1
06-11 10:33:37.700 28382 28479 D COSA->COSADBHolder: com.greenpoint.android.mc10086.activity - t: 7 - ut: -1
06-11 10:33:37.700 28382 28479 D COSA->COSADBHolder: com.google.ar.core - t: 7 - ut: -1
06-11 10:33:37.700 28382 28479 D COSA->COSADBHolder: com.google.android.webview - t: 7 - ut: -1
06-11 10:33:37.700 28382 28479 D COSA->COSADBHolder: com.google.android.marvin.talkback - t: 7 - ut: -1
06-11 10:33:37.700 28382 28479 D COSA->COSADBHolder: com.google.android.gms - t: 7 - ut: -1
06-11 10:33:37.700 28382 28479 D COSA->COSADBHolder: com.globe.poc - t: -1 - ut: -1
06-11 10:33:37.700 28382 28479 D COSA->COSADBHolder: com.github.metacubex.clash.meta - t: -1 - ut: -1
06-11 10:33:37.700 28382 28479 D COSA->COSADBHolder: com.github.kr328.clash - t: 7 - ut: -1
06-11 10:33:37.700 28382 28479 D COSA->COSADBHolder: com.future.landscape - t: 7 - ut: -1
06-11 10:33:37.700 28382 28479 D COSA->COSADBHolder: com.future.compass - t: 7 - ut: -1
06-11 10:33:37.700 28382 28479 D COSA->COSADBHolder: com.finshell.wallet - t: 7 - ut: -1
06-11 10:33:37.700 28382 28479 D COSA->COSADBHolder: com.fido.fido2client - t: 7 - ut: -1
06-11 10:33:37.700 28382 28479 D COSA->COSADBHolder: com.example.webview_demo - t: -1 - ut: -1
06-11 10:33:37.700 28382 28479 D COSA->COSADBHolder: com.example.gnsssatdemo - t: -1 - ut: -1
06-11 10:33:37.700 28382 28479 D COSA->COSADBHolder: com.example.findmapbox - t: 7 - ut: -1
06-11 10:33:37.700 28382 28479 D COSA->COSADBHolder: com.example.cesiumpoc.native_demo - t: -1 - ut: -1
06-11 10:33:37.701 28382 28479 D COSA->COSADBHolder: com.example.cesiumpoc.cesium_native_android_poc - t: -1 - ut: -1
06-11 10:33:37.701 28382 28479 D COSA->COSADBHolder: com.eg.android.AlipayGphone - t: 7 - ut: -1
06-11 10:33:37.701 28382 28479 D COSA->COSADBHolder: com.earthmd - t: -1 - ut: -1
06-11 10:33:37.701 28382 28479 D COSA->COSADBHolder: com.earthengine.minimalglobe - t: -1 - ut: -1
06-11 10:33:37.701 28382 28479 D COSA->COSADBHolder: com.earth.bdspace - t: 7 - ut: -1
06-11 10:33:37.701 28382 28479 D COSA->COSADBHolder: com.dz.hmjc - t: 7 - ut: -1
06-11 10:33:37.701 28382 28479 D COSA->COSADBHolder: com.dragon.read - t: 7 - ut: -1
06-11 10:33:37.701 28382 28479 D COSA->COSADBHolder: com.deepseek.chat - t: 7 - ut: -1
06-11 10:33:37.701 28382 28479 D COSA->COSADBHolder: com.coze.space - t: 7 - ut: -1
06-11 10:33:37.701 28382 28479 D COSA->COSADBHolder: com.coloros.weather2 - t: 7 - ut: -1
06-11 10:33:37.701 28382 28479 D COSA->COSADBHolder: com.coloros.weather.service - t: 7 - ut: -1
06-11 10:33:37.701 28382 28479 D COSA->COSADBHolder: com.coloros.translate.engine - t: 7 - ut: -1
06-11 10:33:37.705 28382 28479 D COSA->COSADBHolder: com.coloros.translate - t: 7 - ut: -1
06-11 10:33:37.705 28382 28479 D COSA->COSADBHolder: com.coloros.soundrecorder - t: 7 - ut: -1
06-11 10:33:37.705  3189  3338 D VRR [OPlusRefreshRateService]: handleConfigIdChange physicalDisplayId: 4630946283567114626 configId: 1 renderPeriod: 16666666
06-11 10:33:37.705  3189  3338 D VRR [OPlusGameStatusManager]: updateGameState mOSyncFeatureSwitch: false mIsGamePolicy: false
06-11 10:33:37.705  3189  3338 D VRR [OPlusGameStatusManager]: updateGameAccelerationStatus pkgName: com.earthengine.minimalglobe mOSyncFeatureSwitch: false mIsGamePolicy: false mHeartStop: false mHasFlickerRisk: false mForceAcceleration: false mToastReady: false enable: false
06-11 10:33:37.707 11083 11791 D CloudConfig_stgyHelper: getSupportKitMode strategyEntity : StrategyEntity(sdkInterval=1800000, strategyMode=1, minSDKVersion=1000, minKitVersion=2014122, validReqPeriod=7200000, maxReqProduct=100, forceKitIfKit=false, backoff=120000, enable=true, defaultLimit=RateLimitConfig{maxCalls=1, timeWindowSeconds=7200, callIntervalSeconds=0}, productLimits={global-domain_1281=RateLimitConfig{maxCalls=1, timeWindowSeconds=7200, callIntervalSeconds=0}, 50351=RateLimitConfig{maxCalls=1, timeWindowSeconds=7200, callIntervalSeconds=0}, compass_20092=RateLimitConfig{maxCalls=1, timeWindowSeconds=7200, callIntervalSeconds=0}, global-domain_1961=RateLimitConfig{maxCalls=1, timeWindowSeconds=7200, callIntervalSeconds=0}, compass_2=RateLimitConfig{maxCalls=1, timeWindowSeconds=7200, callIntervalSeconds=0}, mdp_2047=RateLimitConfig{maxCalls=1, timeWindowSeconds=7200, callIntervalSeconds=0}, mdp_2296=RateLimitConfig{maxCalls=1, timeWindowSeconds=7200, callIntervalSeconds=0}, compass_143100=RateLimitConfig{maxCalls=1, timeWindowSeconds=7200, callIntervalSeconds=0}})
06-11 10:33:37.707 11083 11791 D CloudConfig_stgyHelper: getSupportKitMode localSdkVersion : 1227
06-11 10:33:37.709 28382 28479 D COSA->COSADBHolder: com.coloros.smartsidebar - t: 7 - ut: -1
06-11 10:33:37.709 28382 28479 D COSA->COSADBHolder: com.coloros.shortcuts - t: 7 - ut: -1
06-11 10:33:37.709 28382 28479 D COSA->COSADBHolder: com.coloros.sceneservice - t: 7 - ut: -1
06-11 10:33:37.709 28382 28479 D COSA->COSADBHolder: com.coloros.phonemanager - t: 7 - ut: -1
06-11 10:33:37.709 28382 28479 D COSA->COSADBHolder: com.coloros.oshare - t: 7 - ut: -1
06-11 10:33:37.709 28382 28479 D COSA->COSADBHolder: com.coloros.operationManual - t: 7 - ut: -1
06-11 10:33:37.709 28382 28479 D COSA->COSADBHolder: com.coloros.ocrscanner - t: 7 - ut: -1
06-11 10:33:37.709 28382 28479 D COSA->COSADBHolder: com.coloros.note - t: 7 - ut: -1
06-11 10:33:37.709 28382 28479 D COSA->COSADBHolder: com.coloros.gallery3d - t: 7 - ut: -1
06-11 10:33:37.709 28382 28479 D COSA->COSADBHolder: com.coloros.findmyphone - t: 7 - ut: -1
06-11 10:33:37.709 28382 28479 D COSA->COSADBHolder: com.coloros.filemanager - t: 7 - ut: -1
06-11 10:33:37.709 28382 28479 D COSA->COSADBHolder: com.coloros.favorite - t: 7 - ut: -1
06-11 10:33:37.709 28382 28479 D COSA->COSADBHolder: com.coloros.familyguard - t: 7 - ut: -1
06-11 10:33:37.709 28382 28479 D COSA->COSADBHolder: com.coloros.directui - t: 7 - ut: -1
06-11 10:33:37.709 28382 28479 D COSA->COSADBHolder: com.coloros.digitalwellbeing - t: 7 - ut: -1
06-11 10:33:37.709 28382 28479 D COSA->COSADBHolder: com.coloros.compass2 - t: 7 - ut: -1
06-11 10:33:37.709 28382 28479 D COSA->COSADBHolder: com.coloros.colordirectservice - t: 7 - ut: -1
06-11 10:33:37.709 28382 28479 D COSA->COSADBHolder: com.coloros.codebook - t: 7 - ut: -1
06-11 10:33:37.709 28382 28479 D COSA->COSADBHolder: com.coloros.calendar - t: 7 - ut: -1
06-11 10:33:37.709 28382 28479 D COSA->COSADBHolder: com.coloros.calculator - t: 7 - ut: -1
06-11 10:33:37.709 28382 28479 D COSA->COSADBHolder: com.coloros.backuprestore - t: 7 - ut: -1
06-11 10:33:37.709 28382 28479 D COSA->COSADBHolder: com.coloros.assistantscreen - t: 7 - ut: -1
06-11 10:33:37.709 28382 28479 D COSA->COSADBHolder: com.coloros.alarmclock - t: 7 - ut: -1
06-11 10:33:37.709 28382 28479 D COSA->COSADBHolder: com.coloros.accessibilityassistant - t: 7 - ut: -1
06-11 10:33:37.709 28382 28479 D COSA->COSADBHolder: com.cmlink.esim - t: -1 - ut: -1
06-11 10:33:37.709 28382 28479 D COSA->COSADBHolder: com.citiccard.mobilebank - t: 7 - ut: -1
06-11 10:33:37.709 28382 28479 D COSA->COSADBHolder: com.chinamworld.bocmbci - t: 7 - ut: -1
06-11 10:33:37.709 28382 28479 D COSA->COSADBHolder: com.cat.readall - t: 7 - ut: -1
06-11 10:33:37.709 28382 28479 D COSA->COSADBHolder: com.bendibao - t: 7 - ut: -1
06-11 10:33:37.709 28382 28479 D COSA->COSADBHolder: com.baidu.searchbox - t: 7 - ut: -1
06-11 10:33:37.709 28382 28479 D COSA->COSADBHolder: com.baidu.netdisk - t: 7 - ut: -1
06-11 10:33:37.709 28382 28479 D COSA->COSADBHolder: com.baidu.input_oppo - t: 7 - ut: -1
06-11 10:33:37.709 28382 28479 D COSA->COSADBHolder: com.baidu.carlife.oppo - t: 7 - ut: -1
06-11 10:33:37.709 28382 28479 D COSA->COSADBHolder: com.azure.authenticator - t: 7 - ut: -1
06-11 10:33:37.709 28382 28479 D COSA->COSADBHolder: com.autonavi.minimap - t: 7 - ut: -1
06-11 10:33:37.709 28382 28479 D COSA->COSADBHolder: com.autonavi.gxdtaojin - t: 7 - ut: -1
06-11 10:33:37.709 28382 28479 D COSA->COSADBHolder: com.android.vending - t: 7 - ut: -1
06-11 10:33:37.709 28382 28479 D COSA->COSADBHolder: com.android.mms.service - t: -1 - ut: -1
06-11 10:33:37.709 28382 28479 D COSA->COSADBHolder: com.android.mms - t: 7 - ut: -1
06-11 10:33:37.709 28382 28479 D COSA->COSADBHolder: com.android.email - t: 7 - ut: -1
06-11 10:33:37.709 28382 28479 D COSA->COSADBHolder: com.android.contacts - t: 7 - ut: -1
06-11 10:33:37.709 28382 28479 D COSA->COSADBHolder: com.android.chrome - t: 7 - ut: -1
06-11 10:33:37.710 28382 28479 D COSA->COSADBHolder: com.aliyun.tongyi - t: 7 - ut: -1
06-11 10:33:37.710 28382 28479 D COSA->COSADBHolder: com.alibaba.android.rimet - t: 7 - ut: -1
06-11 10:33:37.710 28382 28479 D COSA->COSADBHolder: com.achievo.vipshop - t: 7 - ut: -1
06-11 10:33:37.710 28382 28479 D COSA->COSADBHolder: com.aaron.grabredpacket - t: 7 - ut: -1
06-11 10:33:37.710 28382 28479 D COSA->COSADBHolder: com.UCMobile - t: 7 - ut: -1
06-11 10:33:37.710 28382 28479 D COSA->COSADBHolder: com.MobileTicket - t: 7 - ut: -1
06-11 10:33:37.710 28382 28479 D COSA->COSADBHolder: com.HaoTuBang.H3DBodyFree - t: 7 - ut: -1
06-11 10:33:37.710 28382 28479 D COSA->COSADBHolder: cn.wps.moffice.lite - t: 7 - ut: -1
06-11 10:33:37.710 28382 28479 D COSA->COSADBHolder: cn.soulapp.android - t: 7 - ut: -1
06-11 10:33:37.710 28382 28479 D COSA->COSADBHolder: cn.happy.heartbeat - t: 7 - ut: -1
06-11 10:33:37.710 28382 28479 D COSA->COSADBHolder: cn.danatech.xingseapp - t: 7 - ut: -1
06-11 10:33:37.710 28382 28479 D COSA->COSADBHolder: cn.TuHu.android - t: 7 - ut: -1
06-11 10:33:37.710 28382 28479 D COSA->COSADBHolder: cmb.pb - t: 7 - ut: -1
06-11 10:33:37.710 28382 28479 D COSA->COSADBHolder: andes.oplus.documentsreader - t: 7 - ut: -1
06-11 10:33:37.710 28382 28479 D COSA->COSADBHolder: air.tv.douyu.android - t: 7 - ut: -1
06-11 10:33:37.711 27947 29353 W GameSpaceUI.COSASDKManager: fetchOriginGamePackageList: true,[]
06-11 10:33:37.711 27947 16635 W GameSpaceUI.COSASDKManager: fetchOriginGamePackageList true,[]
06-11 10:33:37.712 27947 16635 I GameSpaceUI.XunyouSdkHelper: getInstalledAppInfoList forceLoading true  installedAppList size = 6
06-11 10:33:37.713 11083 11730 I MSP-LOG-SDK-MspSdk: Sdk has initialized! version:2.0.1.14
06-11 10:33:37.717 11083 11730 E MSP-LOG-SDK-RateLimitManager: not_allow_invoke because of time_window_not_allow queue = [1781143252335], config = RateLimitConfig{maxCalls=1, timeWindowSeconds=7200, callIntervalSeconds=0}, ipcInvokeTimeQueueMapKey = com.heytap.nearx.tangramconfig.kit.client.ICloudCtrlServiceModule?@?compass_20092?@?3?@?com.coloros.phonemanager, has already call 1 times in 7200 seconds before
06-11 10:33:37.717 11083 11730 E MSP-LOG-SDK-: MspSdkException{code=3014,message=com.heytap.mspsdk.ratelimit.MspRateLimitExceededException: ipc rate limit exceeded in time window}
06-11 10:33:37.717 11083 11730 E MSP-LOG-SDK-: 	at com.heytap.mspsdk.ratelimit.b.a(RateLimitInterceptor.java:56)
06-11 10:33:37.717 11083 11730 E MSP-LOG-SDK-: 	at com.heytap.mspsdk.interceptor.c.a(StandardListChain.java:40)
06-11 10:33:37.717 11083 11730 E MSP-LOG-SDK-: 	at com.heytap.mspsdk.proxy.b.a(CompatCheckInterceptor.java:30)
06-11 10:33:37.717 11083 11730 E MSP-LOG-SDK-: 	at com.heytap.mspsdk.interceptor.c.a(StandardListChain.java:40)
06-11 10:33:37.717 11083 11730 E MSP-LOG-SDK-: 	at com.heytap.mspsdk.proxy.e.invoke(InnerInvocationHandler.java:202)
06-11 10:33:37.717 11083 11730 E MSP-LOG-SDK-: 	at java.lang.reflect.Proxy.invoke(Proxy.java:1006)
06-11 10:33:37.717 11083 11730 E MSP-LOG-SDK-: 	at $Proxy12.gatewayUpdate(Unknown Source)
06-11 10:33:37.717 11083 11730 E MSP-LOG-SDK-: 	at com.heytap.nearx.tangramconfig.kit.client.KitProxy.gatewayUpdate$lambda$2(KitProxy.kt:20)
06-11 10:33:37.717 11083 11730 E MSP-LOG-SDK-: 	at com.heytap.nearx.tangramconfig.kit.client.KitProxy.a(KitProxy.kt:1)
06-11 10:33:37.717 11083 11730 E MSP-LOG-SDK-: 	at com.heytap.nearx.tangramconfig.kit.client.a.run(R8$$SyntheticClass:9)
06-11 10:33:37.717 11083 11730 E MSP-LOG-SDK-: 	at java.util.concurrent.ThreadPoolExecutor.runWorker(ThreadPoolExecutor.java:1156)
06-11 10:33:37.717 11083 11730 E MSP-LOG-SDK-: 	at java.util.concurrent.ThreadPoolExecutor$Worker.run(ThreadPoolExecutor.java:651)
06-11 10:33:37.717 11083 11730 E MSP-LOG-SDK-: 	at java.lang.Thread.run(Thread.java:1119)
06-11 10:33:37.725 11083 11791 D CloudConfig_stgyHelper: mspVersionCanSupport mspKitVersion : 2021620
06-11 10:33:37.736 11083 11791 D CloudConfig_stgyHelper: getSupportKitMode strategyEntity : StrategyEntity(sdkInterval=1800000, strategyMode=1, minSDKVersion=1000, minKitVersion=2014122, validReqPeriod=7200000, maxReqProduct=100, forceKitIfKit=false, backoff=120000, enable=true, defaultLimit=RateLimitConfig{maxCalls=1, timeWindowSeconds=7200, callIntervalSeconds=0}, productLimits={global-domain_1281=RateLimitConfig{maxCalls=1, timeWindowSeconds=7200, callIntervalSeconds=0}, 50351=RateLimitConfig{maxCalls=1, timeWindowSeconds=7200, callIntervalSeconds=0}, compass_20092=RateLimitConfig{maxCalls=1, timeWindowSeconds=7200, callIntervalSeconds=0}, global-domain_1961=RateLimitConfig{maxCalls=1, timeWindowSeconds=7200, callIntervalSeconds=0}, compass_2=RateLimitConfig{maxCalls=1, timeWindowSeconds=7200, callIntervalSeconds=0}, mdp_2047=RateLimitConfig{maxCalls=1, timeWindowSeconds=7200, callIntervalSeconds=0}, mdp_2296=RateLimitConfig{maxCalls=1, timeWindowSeconds=7200, callIntervalSeconds=0}, compass_143100=RateLimitConfig{maxCalls=1, timeWindowSeconds=7200, callIntervalSeconds=0}})
06-11 10:33:37.736 11083 11791 D CloudConfig_stgyHelper: getSupportKitMode localSdkVersion : 1227
06-11 10:33:37.737 28382 28479 D COSA->COSADBHolder: DB update size = 235
06-11 10:33:37.739 25296 25391 E AstScreen.ShortcutDAOV2: shortcutDataManager updateLegalStatusMap, legalStatusCache:{14=0, 15=0, 16=0, 18=0, 19=0, 20=0, 21=0, -1721645705=0, 1977694710=0, 24=0, 25=0, 27=0, 28=0, 55255895=0, 29=0, 30=0, 31=0, 32=0, -845193793=0, 33=0, 922111699=0, 331884525=0, 832615816=0, 42=0, 43=0, 44=0, 46=0, 47=0, 48=0, 49=0, 50=0, -1031558479=0, 51=0, 53=0, 56=0, 154133778=0, 1409950772=0, -1709882794=0, 72=0, 1536737232=0, 1692578987=0, 80=0, -1293286733=0, 101=0, 102=0, 703863186=0, -1558926477=0, 105=0, -1292231023=0, 108=0, 111=0, 112=0, -1763354987=0, 118=0, 124=0, 125=0, 1174097286=0, 126=0, 127=0, 313184810=0, -1667428321=0, 132=0, 134=0, 136=0, 140=0, 141=0, 142=0, 144=0, 145=0, 146=0, 147=0, -2096096381=0, 148=0, 1897569679=0, 156=0, -104850075=0, 173=0, 1880698029=0, 1488133239=0, 197=0, 207=0, 219=0, 220=0, 223=0, 227=0, 230=0, 231=0, 232=0, 195266379=0, 233=0, 234=0, 235=0, 236=0, 237=0, 238=0, 239=0, 240=0, 242=0, -159637874=0, 243=0, 244=0, 245=0, 246=0, 247=0, 248=4, 249=0, 251=0, 252=0, 253=0, 254=0, 255=0, 256=0, -262597285=0, -1606001344=0, 779490160=0, 1620159901=0, 277=0, 278=0, 279=4, 280=0, 282=0, 582398868=0, 1609454281=0, -1943382780=0, 1330658925=0, -1917041533=0, -491738124=0, 340=0, 1361780860=0, -1357050264=0, 1178046286=0, 1156888975=0, 1051878348=0, 277973278=0, -589493946=0, 1254578009=0, -819805508=0, 1334352421=0, 256457446=0, 301247579=0, -1664115334=0, 1967896714=0, 1659293491=0, 575541165=0, 1266951777=0, 1116722044=0, 1730484946=0, -1803751815=0, 361910168=0, -1848306725=0, -1186720938=0, -192889194=0, -1040394275=0, 682022528=0, 1319538838=0, -1605005728=0, 713993394=0, 1765779203=0, 2091464343=0, -1829134147=0, -1414602254=0, 1276497535=0, -1902438159=0, 1366626055=0, -860300598=0, 379189486=0, -644965387=0, -973170826=0, 673527470=0, -1635319800=0, 2056029204=0, -228864773=0, 2027416160=0, 378881071=0, 1654990951=0, 1442911426=0, 752555548=0, -1284596293=0, -54547863=0, -2086095549=0, 874354413=0, 1318294930=0, 2123438483=0, -69877540=0, 724574267=0, 1423017949=0, 949069732=0, 1661249612=0, 720897457=0, -1565432350=0, 320673862=0, 282428340=0, -505910608=0, -912745742=0, -695601689=0, 908623192=0, -30315083=0, -103524794=0, -1387139380=0, 633261597=0, -1046965711=0, 1591529847=0, -1565576931=0, 1994036591=0, 535446614=0, 2049668591=0, -859962506=0, -781612358=7, 1335515207=0, 1238325805=0}
06-11 10:33:37.740 25296 25391 I AstScreen.ShortcutVisualMessageManager: requestUpdateVisualDataCache,originUnExecutedVisualDataList:[],newVisualMessageCache:[]
06-11 10:33:37.740 25296 25391 I AstScreen.ShortcutRouterCacheHelper: isAnyUrlAvailableFromCache 279, title:腾讯元宝 has no legal url, dependentPackage:*o*.*e*c*n*.*u*y*a*.*p*.*h*t
06-11 10:33:37.741 11083 11791 D CloudConfig_stgyHelper: mspVersionCanSupport mspKitVersion : 2021620
06-11 10:33:37.746 11083 11791 D CloudConfig_stgyHelper: getSupportKitMode strategyEntity : StrategyEntity(sdkInterval=1800000, strategyMode=1, minSDKVersion=1000, minKitVersion=2014122, validReqPeriod=7200000, maxReqProduct=100, forceKitIfKit=false, backoff=120000, enable=true, defaultLimit=RateLimitConfig{maxCalls=1, timeWindowSeconds=7200, callIntervalSeconds=0}, productLimits={global-domain_1281=RateLimitConfig{maxCalls=1, timeWindowSeconds=7200, callIntervalSeconds=0}, 50351=RateLimitConfig{maxCalls=1, timeWindowSeconds=7200, callIntervalSeconds=0}, compass_20092=RateLimitConfig{maxCalls=1, timeWindowSeconds=7200, callIntervalSeconds=0}, global-domain_1961=RateLimitConfig{maxCalls=1, timeWindowSeconds=7200, callIntervalSeconds=0}, compass_2=RateLimitConfig{maxCalls=1, timeWindowSeconds=7200, callIntervalSeconds=0}, mdp_2047=RateLimitConfig{maxCalls=1, timeWindowSeconds=7200, callIntervalSeconds=0}, mdp_2296=RateLimitConfig{maxCalls=1, timeWindowSeconds=7200, callIntervalSeconds=0}, compass_143100=RateLimitConfig{maxCalls=1, timeWindowSeconds=7200, callIntervalSeconds=0}})
06-11 10:33:37.746 11083 11791 D CloudConfig_stgyHelper: getSupportKitMode localSdkVersion : 1227
06-11 10:33:37.749 27947 29294 W GameSpaceUI.COSASDKManager: fetchOriginGamePackageList: true,[]
06-11 10:33:37.749 27947 27516 W GameSpaceUI.COSASDKManager: fetchOriginGamePackageList true,[]
06-11 10:33:37.749 27947 27516 I GameSpaceUI.XunyouSdkHelper: getInstalledAppInfoList forceLoading true  installedAppList size = 6
06-11 10:33:37.750 11083 11741 I MSP-LOG-SDK-MspSdk: Sdk has initialized! version:2.0.1.14
06-11 10:33:37.751 11083 11741 E MSP-LOG-SDK-RateLimitManager: not_allow_invoke because of time_window_not_allow queue = [1781143252335], config = RateLimitConfig{maxCalls=1, timeWindowSeconds=7200, callIntervalSeconds=0}, ipcInvokeTimeQueueMapKey = com.heytap.nearx.tangramconfig.kit.client.ICloudCtrlServiceModule?@?compass_143100?@?3?@?com.coloros.phonemanager, has already call 1 times in 7200 seconds before
06-11 10:33:37.751 11083 11741 E MSP-LOG-SDK-: MspSdkException{code=3014,message=com.heytap.mspsdk.ratelimit.MspRateLimitExceededException: ipc rate limit exceeded in time window}
06-11 10:33:37.751 11083 11741 E MSP-LOG-SDK-: 	at com.heytap.mspsdk.ratelimit.b.a(RateLimitInterceptor.java:56)
06-11 10:33:37.751 11083 11741 E MSP-LOG-SDK-: 	at com.heytap.mspsdk.interceptor.c.a(StandardListChain.java:40)
06-11 10:33:37.751 11083 11741 E MSP-LOG-SDK-: 	at com.heytap.mspsdk.proxy.b.a(CompatCheckInterceptor.java:30)
06-11 10:33:37.751 11083 11741 E MSP-LOG-SDK-: 	at com.heytap.mspsdk.interceptor.c.a(StandardListChain.java:40)
06-11 10:33:37.751 11083 11741 E MSP-LOG-SDK-: 	at com.heytap.mspsdk.proxy.e.invoke(InnerInvocationHandler.java:202)
06-11 10:33:37.751 11083 11741 E MSP-LOG-SDK-: 	at java.lang.reflect.Proxy.invoke(Proxy.java:1006)
06-11 10:33:37.751 11083 11741 E MSP-LOG-SDK-: 	at $Proxy12.gatewayUpdate(Unknown Source)
06-11 10:33:37.751 11083 11741 E MSP-LOG-SDK-: 	at com.heytap.nearx.tangramconfig.kit.client.KitProxy.gatewayUpdate$lambda$2(KitProxy.kt:20)
06-11 10:33:37.751 11083 11741 E MSP-LOG-SDK-: 	at com.heytap.nearx.tangramconfig.kit.client.KitProxy.a(KitProxy.kt:1)
06-11 10:33:37.751 11083 11741 E MSP-LOG-SDK-: 	at com.heytap.nearx.tangramconfig.kit.client.a.run(R8$$SyntheticClass:9)
06-11 10:33:37.751 11083 11741 E MSP-LOG-SDK-: 	at java.util.concurrent.ThreadPoolExecutor.runWorker(ThreadPoolExecutor.java:1156)
06-11 10:33:37.751 11083 11741 E MSP-LOG-SDK-: 	at java.util.concurrent.ThreadPoolExecutor$Worker.run(ThreadPoolExecutor.java:651)
06-11 10:33:37.751 11083 11741 E MSP-LOG-SDK-: 	at java.lang.Thread.run(Thread.java:1119)
06-11 10:33:37.752  3189  3251 I AccessibilityWindowsPopulator: getInsensibleFlag flag = 0
06-11 10:33:37.755  3189  3338 D VRR [OPlusSAManager]: updateAutoMinfps for 4630946283567114626 with nits: 139.33551, mHistOK true, mAmbientOK true, mCctOK true, mIrOK true, mBrightnessOK true, isPkgOK true, SA min fps: 2
06-11 10:33:37.756  1877  2189 I VRR-[OPlusRefreshRateSelector]: updateAutoMode success, display 0, mode 0, fakeframe 0, min fps: 2
06-11 10:33:37.759 28382 28463 I COSA->COSADBHolder: set game list to oiface , com.ykshengshi.yldr.nearme.gamecenter, com.oasis.jltx.nearme.gamecenter, com.netease.stzb.nearme.gamecenter, com.netease.dhxy.nearme.gamecenter, com.hero.dna.nearme.gamecenter, com.gzhg.sgwdsh.nearme.gamecenter
06-11 10:33:37.761 28382 28463 D COSA->COSADBHolder: setOpenGameListToFW OpenGameListConfig [com.ykshengshi.yldr.nearme.gamecenter, com.oasis.jltx.nearme.gamecenter, com.netease.stzb.nearme.gamecenter, com.netease.dhxy.nearme.gamecenter, com.hero.dna.nearme.gamecenter, com.gzhg.sgwdsh.nearme.gamecenter]
06-11 10:33:37.762  1699  2174 I SDM     : DisplayBuiltIn::SetQSyncMode: VRR + qsync minfps change to: 12615810 00C08082
06-11 10:33:37.762  1699  2174 I SDM     : HWDeviceDRM::OPlusSetQSyncMinFps: VRR +  OPlusSetQSyncMinFps: 12615810
06-11 10:33:37.762  1699  2174 I SDM     : HWDeviceDRM::OPlusSetQSyncMinFpsUpdate: VRR +  OPlusSetQSyncMinFpsUpdate: 1
06-11 10:33:37.762  1699  2174 I SDM     : HWDeviceDRM::OPlusGetQSyncMinFps: VRR +  OPlusGetQSyncMinFps: 12615810
06-11 10:33:37.762  1699  2174 I SDM     : DisplayBuiltIn::SetQSyncMode: VRR + update qsync mode 0 minfps 00C08082
06-11 10:33:37.762  1699  2174 I SDM     : HWDeviceDRM::OPlusIsQSyncMinFpsForAuto: VRR +  OPlusIsQSyncMinFpsForAuto: 1
06-11 10:33:37.762  1699  2174 I SDM     : DisplayBuiltIn::SetQSyncMode: VRR + needs_avr_update_ 0
06-11 10:33:37.762  1699  2174 I SDM     : DisplayBuiltIn::SetQSyncMode: Qsync mode set to 0 successfully
06-11 10:33:37.769  4650  4685 D OplusScrollToTopManager: com.android.launcher/com.android.launcher.Launcher,This com.android.internal.policy.DecorView{29f82bb I.E...... R.....ID 0,0-1240,2772 aid=2 alpha=1.0 viewInfo = }[Launcher] change focus to false
06-11 10:33:37.770 27947 29210 I com.oplus.games: Explicit concurrent mark compact GC freed 3516KB AllocSpace bytes, 0(0B) LOS objects, 32% free,8440KB(M:6436KB,L:2004KB)/12MB, paused 1.966ms,3.611ms total 433.263ms
06-11 10:33:37.770 27947 29293 I com.oplus.games: WaitForGcToComplete blocked Explicit on Explicit for 882.944ms
06-11 10:33:37.770 27947 29292 I com.oplus.games: Waiting for a blocking GC Explicit
06-11 10:33:37.770 27947 29411 I com.oplus.games: Waiting for a blocking GC Explicit
06-11 10:33:37.770 27947 29410 I com.oplus.games: Waiting for a blocking GC Explicit
06-11 10:33:37.778  1699  1966 I SDM     : HWDeviceDRM::OPlusGetQSyncMinFpsUpdate: VRR +  OPlusGetQSyncMinFpsUpdate: 1
06-11 10:33:37.778  1699  1966 I SDM     : HWDeviceDRM::OPlusIsQSyncMinFpsForAuto: VRR +  OPlusIsQSyncMinFpsForAuto: 1
06-11 10:33:37.778  1699  1966 I SDM     : HWDeviceDRM::OPlusGetQSyncMinFps: VRR +  OPlusGetQSyncMinFps: 12615810
06-11 10:33:37.785  1667  1845 I sensors-hal: get_display_brightness:690, light_iface: get_brightness ret = 1, fifo_fm[0].type = 7, data = 2
06-11 10:33:37.785  1667  1845 I sensors-hal: send_brightness:889, light_iface: send_cfg, br 1529, dc 0, power on 1, val 1181177, pwm turbo 0, freq 2
06-11 10:33:37.790 25296 25307 I assistantscreen: Background concurrent mark compact GC freed 36MB AllocSpace bytes, 102(3564KB) LOS objects, 50% free,40MB(M:36MB,L:4032KB)/80MB, paused 1.439ms,3.495ms total 871.837ms
06-11 10:33:37.790 25296 25307 W assistantscreen: Reducing the number of considered missed Gc histogram windows from 261 to 100
06-11 10:33:37.802 28382 28463 D COSA->GameServiceSyncUtil: [m] syncGameListToGMS
06-11 10:33:37.820  5227 29217 I m.heytap.market: Explicit concurrent mark compact GC freed 684KB AllocSpace bytes, 0(0B) LOS objects, 28% free,10200KB(M:8152KB,L:2048KB)/13MB, paused 1.578ms,3.272ms total 331.134ms
06-11 10:33:37.821  5227 29206 I m.heytap.market: WaitForGcToComplete blocked Explicit on Explicit for 1.283s
06-11 10:33:37.821  5227 29220 I m.heytap.market: Waiting for a blocking GC Explicit
06-11 10:33:37.821  5227 29446 I m.heytap.market: Waiting for a blocking GC Explicit
06-11 10:33:37.821  5227 29447 I m.heytap.market: Waiting for a blocking GC Explicit
06-11 10:33:37.848 25296 25391 E AstScreen.ShortcutDAOV2: shortcutDataManager updateLegalStatusMap, legalStatusCache:{14=0, 15=0, 16=0, 18=0, 19=0, 20=0, 21=0, -1721645705=0, 1977694710=0, 24=0, 25=0, 27=0, 28=0, 55255895=0, 29=0, 30=0, 31=0, 32=0, -845193793=0, 33=0, 922111699=0, 331884525=0, 832615816=0, 42=0, 43=0, 44=0, 46=0, 47=0, 48=0, 49=0, 50=0, -1031558479=0, 51=0, 53=0, 56=0, 154133778=0, 1409950772=0, -1709882794=0, 72=0, 1536737232=0, 1692578987=0, 80=0, -1293286733=0, 101=0, 102=0, 703863186=0, -1558926477=0, 105=0, -1292231023=0, 108=0, 111=0, 112=0, -1763354987=0, 118=0, 124=0, 125=0, 1174097286=0, 126=0, 127=0, 313184810=0, -1667428321=0, 132=0, 134=0, 136=0, 140=0, 141=0, 142=0, 144=0, 145=0, 146=0, 147=0, -2096096381=0, 148=0, 1897569679=0, 156=0, -104850075=0, 173=0, 1880698029=0, 1488133239=0, 197=0, 207=0, 219=0, 220=0, 223=0, 227=0, 230=0, 231=0, 232=0, 195266379=0, 233=0, 234=0, 235=0, 236=0, 237=0, 238=0, 239=0, 240=0, 242=0, -159637874=0, 243=0, 244=0, 245=0, 246=0, 247=0, 248=4, 249=0, 251=0, 252=0, 253=0, 254=0, 255=0, 256=0, -262597285=0, -1606001344=0, 779490160=0, 1620159901=0, 277=0, 278=0, 279=4, 280=0, 282=0, 582398868=0, 1609454281=0, -1943382780=0, 1330658925=0, -1917041533=0, -491738124=0, 340=0, 1361780860=0, -1357050264=0, 1178046286=0, 1156888975=0, 1051878348=0, 277973278=0, -589493946=0, 1254578009=0, -819805508=0, 1334352421=0, 256457446=0, 301247579=0, -1664115334=0, 1967896714=0, 1659293491=0, 575541165=0, 1266951777=0, 1116722044=0, 1730484946=0, -1803751815=0, 361910168=0, -1848306725=0, -1186720938=0, -192889194=0, -1040394275=0, 682022528=0, 1319538838=0, -1605005728=0, 713993394=0, 1765779203=0, 2091464343=0, -1829134147=0, -1414602254=0, 1276497535=0, -1902438159=0, 1366626055=0, -860300598=0, 379189486=0, -644965387=0, -973170826=0, 673527470=0, -1635319800=0, 2056029204=0, -228864773=0, 2027416160=0, 378881071=0, 1654990951=0, 1442911426=0, 752555548=0, -1284596293=0, -54547863=0, -2086095549=0, 874354413=0, 1318294930=0, 2123438483=0, -69877540=0, 724574267=0, 1423017949=0, 949069732=0, 1661249612=0, 720897457=0, -1565432350=0, 320673862=0, 282428340=0, -505910608=0, -912745742=0, -695601689=0, 908623192=0, -30315083=0, -103524794=0, -1387139380=0, 633261597=0, -1046965711=0, 1591529847=0, -1565576931=0, 1994036591=0, 535446614=0, 2049668591=0, -859962506=0, -781612358=7, 1335515207=0, 1238325805=0}
06-11 10:33:37.887  4454  5101 I TcpSyn  : updateFrontUidsToKernel, uids = [10602]
06-11 10:33:37.918 27947 29293 I com.oplus.games: Explicit concurrent mark compact GC freed 304KB AllocSpace bytes, 0(0B) LOS objects, 33% free,8200KB(M:6196KB,L:2004KB)/12MB, paused 1.670ms,3.747ms total 147.546ms
06-11 10:33:37.918 27947 29292 I com.oplus.games: WaitForGcToComplete blocked Explicit on Explicit for 1.030s
06-11 10:33:37.918 27947 29411 I com.oplus.games: Waiting for a blocking GC Explicit
06-11 10:33:37.918 27947 29410 I com.oplus.games: Waiting for a blocking GC Explicit
06-11 10:33:37.931  1667 15952 I sensors-hal: handle_oplus_wise_rgb_event:230, wise_rgb:algo_type = 3
06-11 10:33:37.932  1667 15952 I sensors-hal: handle_oplus_wise_rgb_event:285, wise_rgb: raw_lux 498.805786, raw_cct 6327.979492, r/g/b/c: 41029.542969/36150.867188/20267.767578/90709.000000, R/G/B: 0.000000/0.000000/0.000000, brl 1529.000000, lux: 498.805786, cct: 6327.979492, ts 242615249868876, cnt 3733
06-11 10:33:37.932  1667 15988 I sensors-hal: get_brightness:1652, light_iface: get_brightness, brl 1529, pwm_turbo_on 0/0, hbm_dc 0
06-11 10:33:37.947  3189  3210 I system_server: Background concurrent mark compact GC freed 132MB AllocSpace bytes, 128(3984KB) LOS objects, 39% free,144MB(M:137MB,L:7040KB)/240MB, paused 3.926ms,6.097ms total 1.781s
06-11 10:33:37.952  3189  3211 I BpBinder: onLastStrongRef automatically unlinking death recipients: 
06-11 10:33:37.953  5227 29206 I m.heytap.market: Explicit concurrent mark compact GC freed 72KB AllocSpace bytes, 4(80KB) LOS objects, 28% free,10112KB(M:8144KB,L:1968KB)/13MB, paused 1.626ms,2.947ms total 132.223ms
06-11 10:33:37.953  5227 29220 I m.heytap.market: WaitForGcToComplete blocked Explicit on Explicit for 1.277s
06-11 10:33:37.954  5227 29446 I m.heytap.market: Waiting for a blocking GC Explicit
06-11 10:33:37.954  5227 29447 I m.heytap.market: Waiting for a blocking GC Explicit
06-11 10:33:37.962  3189  4464 I OplusCpuLimitManager: OplusDex2oatCpuset: Get dex2oat pid more than limit times
06-11 10:33:37.967  4650 23457 I PantaCard.Lnch.InstantCardEngine:  100281&1888747526&3_sid=536877097_rk=03cc59,sendMessageToCard, cardTag:100281&1888747526&3, false, newData.size = 34, code = 0, hasLoaded: true[sdk:v1.3.130-5a024cf,seed-plugin:v16.56.0-85a272db,app:v16.4.25] [OplusLauncher|com.android.launcher|2.0.44-25e9612]
06-11 10:33:37.967  4650  6739 D ExtensionManager: system.localconnection :1:registerCallback tid:5275
06-11 10:33:37.968  4650 23595 D JsConsole: breeno2X2-launcher(rsUDrjLDfb7Y)::card_content: onCurrentScreenDataChange, form: onChangeMessage
06-11 10:33:37.968  4650 23595 D JsConsole: breeno2X2-launcher(rsUDrjLDfb7Y)::TimerManager: tag：debounce setTimeout id：Dx3Ihr1Xfb
06-11 10:33:37.968  3189  3212 W System  : A resource failed to call close. 
06-11 10:33:37.970  3189  3212 W System  : A resource failed to call release. 
06-11 10:33:38.001  3189  5915 W ContentProviderHelper: Permission Denial: opening provider androidx.core.content.FileProvider from ProcessRecord{ddf9226 24785:com.tencent.android.qqdownloader/u0a370} (pid=24785, uid=10370) that is not exported from UID 1027
06-11 10:33:38.018  4650 23595 D JsBridgeTimer: com.oppoopen.apptipcard setTimeoutCallback id:630
06-11 10:33:38.019  4650 23595 D JsConsole: breeno2X2-launcher(rsUDrjLDfb7Y)::TimerManager: invoke real timeout callback by JS thread,id：Dx3Ihr1Xfb
06-11 10:33:38.050 27947 29292 I com.oplus.games: Explicit concurrent mark compact GC freed 64KB AllocSpace bytes, 0(0B) LOS objects, 33% free,8200KB(M:6196KB,L:2004KB)/12MB, paused 1.825ms,4.263ms total 131.598ms
06-11 10:33:38.050 27947 29411 I com.oplus.games: WaitForGcToComplete blocked Explicit on Explicit for 731.050ms
06-11 10:33:38.050 27947 29410 I com.oplus.games: Waiting for a blocking GC Explicit
06-11 10:33:38.053  4650  4650 W GCP.CarouselAnimator:  animation list empty[gcSdk:v1.3.130-5a024cf,gcPlugin:v16.56.0-ff09c7f3] [OplusLauncher|com.android.launcher|2.0.44-25e9612]
06-11 10:33:38.062  1800  1924 D BatteryChargeControl: bcc get no support from charging protocol
06-11 10:33:38.084  5227 29220 I m.heytap.market: Explicit concurrent mark compact GC freed 64KB AllocSpace bytes, 0(0B) LOS objects, 28% free,10112KB(M:8144KB,L:1968KB)/13MB, paused 1.480ms,3.749ms total 130.639ms
06-11 10:33:38.084  5227 29446 I m.heytap.market: WaitForGcToComplete blocked Explicit on Explicit for 626.288ms
06-11 10:33:38.085  5227 29447 I m.heytap.market: Waiting for a blocking GC Explicit
06-11 10:33:38.131  1667 15952 I sensors-hal: handle_oplus_wise_rgb_event:230, wise_rgb:algo_type = 3
06-11 10:33:38.132  1667 15952 I sensors-hal: handle_oplus_wise_rgb_event:285, wise_rgb: raw_lux 498.563477, raw_cct 6380.039062, r/g/b/c: 41251.613281/36211.769531/20554.435547/90944.234375, R/G/B: 0.000000/0.000000/0.000000, brl 1529.000000, lux: 498.563477, cct: 6380.039062, ts 242615449837626, cnt 3734
06-11 10:33:38.149 29276 29341 W LOG_FLOWCTRL: ==LOGS OVER PROC QUOTA(300), rows(29) bytes(1580) com.earthengine.minimalglobe u(0) l(0) t(0) c(0) DROPPED==
06-11 10:33:38.149 29276 29341 D OplusScrollToTopManager: com.earthengine.minimalglobe/com.earthengine.minimalglobe.MainActivity,This com.android.internal.policy.DecorView{2565867 V.E...... R....... 0,0-1240,2772 alpha=1.0 viewInfo = }[MainActivity] change focus to true
06-11 10:33:38.180 27947 29411 I com.oplus.games: Explicit concurrent mark compact GC freed 64KB AllocSpace bytes, 0(0B) LOS objects, 33% free,8200KB(M:6196KB,L:2004KB)/12MB, paused 1.652ms,4.684ms total 129.893ms
06-11 10:33:38.180 27947 29410 I com.oplus.games: WaitForGcToComplete blocked Explicit on Explicit for 855.148ms
06-11 10:33:38.216  5227 29446 I m.heytap.market: Explicit concurrent mark compact GC freed 64KB AllocSpace bytes, 0(0B) LOS objects, 28% free,10112KB(M:8144KB,L:1968KB)/13MB, paused 1.533ms,3.712ms total 131.049ms
06-11 10:33:38.216  5227 29447 I m.heytap.market: WaitForGcToComplete blocked Explicit on Explicit for 757.499ms
06-11 10:33:38.217 29276 29323 I ne.minimalglobe: Compiler allocated 7246KB to compile void android.view.ViewRootImpl.performTraversals()
06-11 10:33:38.256  3189  3338 D VRR [OPlusSAManager]: updateAutoMinfps for 4630946283567114626 with nits: 139.33551, mHistOK true, mAmbientOK true, mCctOK true, mIrOK true, mBrightnessOK true, isPkgOK true, SA min fps: 2
06-11 10:33:38.257  1877  2189 I VRR-[OPlusRefreshRateSelector]: updateAutoMode success, display 0, mode 0, fakeframe 0, min fps: 2
06-11 10:33:38.261  1699  1958 I SDM     : DisplayBuiltIn::SetQSyncMode: VRR + qsync minfps change to: 12615810 00C08082
06-11 10:33:38.261  1699  1958 I SDM     : HWDeviceDRM::OPlusSetQSyncMinFps: VRR +  OPlusSetQSyncMinFps: 12615810
06-11 10:33:38.261  1699  1958 I SDM     : HWDeviceDRM::OPlusSetQSyncMinFpsUpdate: VRR +  OPlusSetQSyncMinFpsUpdate: 1
06-11 10:33:38.261  1699  1958 I SDM     : HWDeviceDRM::OPlusGetQSyncMinFps: VRR +  OPlusGetQSyncMinFps: 12615810
06-11 10:33:38.261  1699  1958 I SDM     : DisplayBuiltIn::SetQSyncMode: VRR + update qsync mode 0 minfps 00C08082
06-11 10:33:38.261  1699  1958 I SDM     : HWDeviceDRM::OPlusIsQSyncMinFpsForAuto: VRR +  OPlusIsQSyncMinFpsForAuto: 1
06-11 10:33:38.261  1699  1958 I SDM     : DisplayBuiltIn::SetQSyncMode: VRR + needs_avr_update_ 0
06-11 10:33:38.262  1699  1958 I SDM     : DisplayBuiltIn::SetQSyncMode: Qsync mode set to 0 successfully
06-11 10:33:38.263  1699  1966 I SDM     : HWDeviceDRM::OPlusGetQSyncMinFpsUpdate: VRR +  OPlusGetQSyncMinFpsUpdate: 1
06-11 10:33:38.263  1699  1966 I SDM     : HWDeviceDRM::OPlusIsQSyncMinFpsForAuto: VRR +  OPlusIsQSyncMinFpsForAuto: 1
06-11 10:33:38.263  1699  1966 I SDM     : HWDeviceDRM::OPlusGetQSyncMinFps: VRR +  OPlusGetQSyncMinFps: 12615810
06-11 10:33:38.308 27947 29410 I com.oplus.games: Explicit concurrent mark compact GC freed 64KB AllocSpace bytes, 0(0B) LOS objects, 33% free,8200KB(M:6196KB,L:2004KB)/12MB, paused 1.699ms,4.424ms total 127.333ms
06-11 10:33:38.331  1667 15952 I sensors-hal: handle_oplus_wise_rgb_event:230, wise_rgb:algo_type = 3
06-11 10:33:38.331  1667 15952 I sensors-hal: handle_oplus_wise_rgb_event:285, wise_rgb: raw_lux 509.240479, raw_cct 6408.067871, r/g/b/c: 41284.468750/36275.593750/20553.509766/91221.515625, R/G/B: 0.000000/0.000000/0.000000, brl 1529.000000, lux: 509.240479, cct: 6408.067871, ts 242615649651376, cnt 3735
06-11 10:33:38.348  5227 29447 I m.heytap.market: Explicit concurrent mark compact GC freed 68KB AllocSpace bytes, 0(0B) LOS objects, 28% free,10108KB(M:8140KB,L:1968KB)/13MB, paused 1.387ms,3.954ms total 132.433ms
06-11 10:33:38.422  3189  3348 I AppsFilter: interaction: PackageSetting{94e903e com.android.microdroid.empty_payload/10392} -> PackageSetting{43e5bc2 com.oplus.dmp/10125} BLOCKED
06-11 10:33:38.422  3189  3348 I AppsFilter: interaction: PackageSetting{e816852 com.earthengine.minimalglobe/10602} -> PackageSetting{43e5bc2 com.oplus.dmp/10125} BLOCKED
06-11 10:33:38.422  3189  3348 I AppsFilter: interaction: PackageSetting{b168bec com.oplus.locationproxy/10372} -> PackageSetting{43e5bc2 com.oplus.dmp/10125} BLOCKED
06-11 10:33:38.422  3189  3348 I AppsFilter: interaction: PackageSetting{bc3abb5 com.android.certinstaller/10211} -> PackageSetting{43e5bc2 com.oplus.dmp/10125} BLOCKED
06-11 10:33:38.422  3189  3348 I AppsFilter: interaction: PackageSetting{39f724a com.oplus.location/10224} -> PackageSetting{43e5bc2 com.oplus.dmp/10125} BLOCKED
06-11 10:33:38.422  3189  3348 I AppsFilter: interaction: PackageSetting{ef265bb com.example.gnsssatdemo/10588} -> PackageSetting{43e5bc2 com.oplus.dmp/10125} BLOCKED
06-11 10:33:38.429  3189  3818 I system_server: AssetManager2(0xb4000079274c0528) locale list changing from [] to [zh-CN]
06-11 10:33:38.430  3189  3642 I system_server: AssetManager2(0xb400007972ae2528) locale list changing from [] to [zh-CN]
06-11 10:33:38.431  3189  3825 I system_server: AssetManager2(0xb4000078a7da9928) locale list changing from [] to [zh-CN]
06-11 10:33:38.432  3189  3818 I system_server: AssetManager2(0xb4000079274c0828) locale list changing from [] to [zh-CN]
06-11 10:33:38.433  3189  3825 I system_server: AssetManager2(0xb4000078a7daa228) locale list changing from [] to [zh-CN]
06-11 10:33:38.433  3189  3818 I system_server: AssetManager2(0xb4000079274c1128) locale list changing from [] to [zh-CN]
06-11 10:33:38.434  3189  3263 I system_server: AssetManager2(0xb4000078a7da9328) locale list changing from [] to [zh-CN]
06-11 10:33:38.435  3189  3825 I system_server: AssetManager2(0xb400007a7da93c28) locale list changing from [] to [zh-CN]
06-11 10:33:38.436  3189  3817 I VibrationEffectConvertor: onInputMethodListUpdated received, info.size = 3
06-11 10:33:38.436  3189  3817 I VibrationEffectConvertor: userid = 0, packageName = com.sohu.inputmethod.sogouoem
06-11 10:33:38.436  3189  3817 I VibrationEffectConvertor: userid = 0, packageName = com.baidu.input_oppo
06-11 10:33:38.436  3189  3817 I VibrationEffectConvertor: userid = 0, packageName = com.oplus.securitykeyboard
06-11 10:33:38.436  3189  3825 I system_server: AssetManager2(0xb4000079162f8928) locale list changing from [] to [zh-CN]
06-11 10:33:38.438  3189  3825 I system_server: AssetManager2(0xb4000079162fa128) locale list changing from [] to [zh-CN]
06-11 10:33:38.438  3189  3263 I system_server: AssetManager2(0xb40000786faabc28) locale list changing from [] to [zh-CN]
06-11 10:33:38.439  3189  3825 I system_server: AssetManager2(0xb400007915ac0328) locale list changing from [] to [zh-CN]
06-11 10:33:38.441  3189  3825 I system_server: AssetManager2(0xb400007915ac1828) locale list changing from [] to [zh-CN]
06-11 10:33:38.442  3189  3825 I system_server: AssetManager2(0xb400007915ac1e28) locale list changing from [] to [zh-CN]
06-11 10:33:38.444  3189  3825 I system_server: AssetManager2(0xb400007915ac2128) locale list changing from [] to [zh-CN]
06-11 10:33:38.445  3189  3825 I system_server: AssetManager2(0xb400007915af9828) locale list changing from [] to [zh-CN]
06-11 10:33:38.446  3189  3825 I system_server: AssetManager2(0xb400007915b07e28) locale list changing from [] to [zh-CN]
06-11 10:33:38.447  3189  3825 I system_server: AssetManager2(0xb400007915b08128) locale list changing from [] to [zh-CN]
06-11 10:33:38.448  3189  3263 I system_server: AssetManager2(0xb4000078f0d40a28) locale list changing from [] to [zh-CN]
06-11 10:33:38.449  3189  3825 I system_server: AssetManager2(0xb400007915b08428) locale list changing from [] to [zh-CN]
06-11 10:33:38.450  3189  3825 I system_server: AssetManager2(0xb4000078f0cbfc28) locale list changing from [] to [zh-CN]
06-11 10:33:38.451  3189  3825 I system_server: AssetManager2(0xb4000078f0cc0228) locale list changing from [] to [zh-CN]
06-11 10:33:38.453  3189  3825 I system_server: AssetManager2(0xb4000078f0cc0828) locale list changing from [] to [zh-CN]
06-11 10:33:38.454  3189  3825 I system_server: AssetManager2(0xb4000078f0cc0b28) locale list changing from [] to [zh-CN]
06-11 10:33:38.456  3189  3263 I system_server: AssetManager2(0xb40000786faacb28) locale list changing from [] to [zh-CN]
06-11 10:33:38.457  3189  3825 I system_server: AssetManager2(0xb4000078f0cc0e28) locale list changing from [] to [zh-CN]
06-11 10:33:38.458  3189  3825 I system_server: AssetManager2(0xb4000078f0cc1128) locale list changing from [] to [zh-CN]
06-11 10:33:38.462  3189  3825 I system_server: AssetManager2(0xb4000078f0cc1d28) locale list changing from [] to [zh-CN]
06-11 10:33:38.466  3189  3825 I system_server: AssetManager2(0xb4000078f0d3e028) locale list changing from [] to [zh-CN]
06-11 10:33:38.468  3189  3263 I system_server: AssetManager2(0xb40000786faace28) locale list changing from [] to [zh-CN]
06-11 10:33:38.469  3189  3825 I system_server: AssetManager2(0xb4000078f0d3ef28) locale list changing from [] to [zh-CN]
06-11 10:33:38.470  3189  3825 I system_server: AssetManager2(0xb4000078f0d3f528) locale list changing from [] to [zh-CN]
06-11 10:33:38.473  3189  3825 I system_server: AssetManager2(0xb4000078f0d3e928) locale list changing from [] to [zh-CN]
06-11 10:33:38.474  3189  3263 I system_server: AssetManager2(0xb4000079275a7928) locale list changing from [] to [zh-CN]
06-11 10:33:38.476  3189  3263 I system_server: AssetManager2(0xb40000786fa67f28) locale list changing from [] to [zh-CN]
06-11 10:33:38.479  3189  3263 I system_server: AssetManager2(0xb400007926976928) locale list changing from [] to [zh-CN]
06-11 10:33:38.481  3189  3825 I system_server: AssetManager2(0xb4000078f0d3fe28) locale list changing from [] to [zh-CN]
06-11 10:33:38.483  3189  3825 I system_server: AssetManager2(0xb4000078f0d40728) locale list changing from [] to [zh-CN]
06-11 10:33:38.484  3189  3825 V AccessibilityManagerService: onUserStateChangedLocked for user 0 with forceUpdate: false mEnabledServices = [ComponentInfo{com.oplus.travelengine/com.oplus.travelengine.travelaccessibilityservice.EngineAccessibilityService}] mCrashedServices = [] hasMagnificationConnection=false
06-11 10:33:38.485  3189  3825 W MagnificationConnectionManager: requestConnection duplicated request: connect=false, mConnectionState=DISCONNECTED
06-11 10:33:38.487  4380  4380 E SmsApplication: com.android.mms lost android:read_cell_broadcasts:  (fixing)
06-11 10:33:38.487  3189  5016 W AppOpService: Ignored setUidMode call for runtime permission app op: uid = 10249, code = READ_CELL_BROADCASTS, mode = allow, callingUid = 1001, oldMode = allow
06-11 10:33:38.490  3189  5016 W AppOpService: Ignored setUidMode call for runtime permission app op: uid = 1001, code = READ_SMS, mode = allow, callingUid = 1001, oldMode = allow
06-11 10:33:38.490  3189  5016 W AppOpService: Ignored setUidMode call for runtime permission app op: uid = 1001, code = RECEIVE_SMS, mode = allow, callingUid = 1001, oldMode = allow
06-11 10:33:38.490  3189  5016 W AppOpService: Ignored setUidMode call for runtime permission app op: uid = 1001, code = RECEIVE_WAP_PUSH, mode = allow, callingUid = 1001, oldMode = allow
06-11 10:33:38.491  3189  5016 W AppOpService: Ignored setUidMode call for runtime permission app op: uid = 1001, code = SEND_SMS, mode = allow, callingUid = 1001, oldMode = allow
06-11 10:33:38.491  3189  5016 W AppOpService: Ignored setUidMode call for runtime permission app op: uid = 1001, code = READ_CELL_BROADCASTS, mode = allow, callingUid = 1001, oldMode = allow
06-11 10:33:38.495  3189  3263 I system_server: AssetManager2(0xb400007926977228) locale list changing from [] to [zh-CN]
06-11 10:33:38.505  3189  3263 I system_server: AssetManager2(0xb4000079164c2228) locale list changing from [] to [zh-CN]
06-11 10:33:38.508  3189  3263 I system_server: AssetManager2(0xb4000079164c1f28) locale list changing from [] to [zh-CN]
06-11 10:33:38.514  3189  3263 I system_server: AssetManager2(0xb4000079160c3228) locale list changing from [] to [zh-CN]
06-11 10:33:38.517  3189  3263 I system_server: AssetManager2(0xb4000079160c4128) locale list changing from [] to [zh-CN]
06-11 10:33:38.524  3189  3263 I system_server: AssetManager2(0xb4000078c7a2df28) locale list changing from [] to [zh-CN]
06-11 10:33:38.531  3189  3263 I system_server: AssetManager2(0xb4000078c7a2e528) locale list changing from [] to [zh-CN]
06-11 10:33:38.531  1667 15952 I sensors-hal: handle_oplus_wise_rgb_event:230, wise_rgb:algo_type = 3
06-11 10:33:38.531  1667 15952 I sensors-hal: handle_oplus_wise_rgb_event:285, wise_rgb: raw_lux 503.987427, raw_cct 6406.523438, r/g/b/c: 41220.718750/36071.375000/20446.845703/91065.156250, R/G/B: 0.000000/0.000000/0.000000, brl 1529.000000, lux: 503.987427, cct: 6406.523438, ts 242615849311324, cnt 3736
06-11 10:33:38.540  3189  3263 I system_server: AssetManager2(0xb4000078c7a2e828) locale list changing from [] to [zh-CN]
06-11 10:33:38.546  3189  3263 I system_server: AssetManager2(0xb4000078c7a2ee28) locale list changing from [] to [zh-CN]
06-11 10:33:38.552  3189  4046 D OAppNetControlService: Hans update:[10307=false][0|0] blackList:[10237, 99910237, 10244]
06-11 10:33:38.552  3189  5915 I OplusHansManager : unfreeze uid: 10307 com.coloros.shortcuts pids: [12138] reason: Provider scene: |StrictMode-1|LcdOn
06-11 10:33:38.553  3189  4433 I OplusHansManager : uid=10307, pkg=com.coloros.shortcuts F exit(), F stay=91, reason=Provider, FrozenActionKeepProxy=false
06-11 10:33:38.553  3189  4441 I OplusHansManager : ua_alarm 10307
06-11 10:33:38.553  3189  4441 D OplusAlarmAdjustment: unalignAlarmsByUid(), uid=10307, pkgName=com.coloros.shortcuts, actions=null, procs=null, requester=1
06-11 10:33:38.555  3189  6099 I OStatsManager_OplusBatteryStatsManager: updateStateTime: PkgName = com.coloros.shortcuts, uid = 10307, state to bg, mForegroundCnt = 0, isFg = false
06-11 10:33:38.555  3189  4441 I OplusHansManager : up_BtScan: uid 10307 isUnProxy true
06-11 10:33:38.555  3189  3763 D OplusAlarmAdjustMap: removeAlignUid, uid=10307, requester=1
06-11 10:33:38.559  3189  3263 I system_server: AssetManager2(0xb4000079160c2028) locale list changing from [] to [zh-CN]
06-11 10:33:38.559 12138 16797 D Shortcut.AppDataProvider: query: uri:content://com.coloros.shortcuts.provider/search_suggest_query?limit=2147483647&oplus_query=true&query_all=true projection:null selection:null selectionArgs:null
06-11 10:33:38.559 12138 12138 D Shortcut.BaseApplication: onTrimMemory level: 40
06-11 10:33:38.559 12138 16797 I Shortcut.AppDataProvider: query printCallPackageLog matchCode:7 package:com.heytap.quicksearchbox
06-11 10:33:38.559 12138 16797 D Shortcut.BackgroundMemoryHelper: postKillBackgroundDelay() isForeground: false serviceForeground: false  isOverlay:false  delay:180000
06-11 10:33:38.559 12138 16797 D Shortcut.BackgroundMemoryHelper: canKill:true
06-11 10:33:38.559 12138 16797 D Shortcut.SearchShortcutPresenter: query: 
06-11 10:33:38.559 12138 16797 D Shortcut.SearchShortcutPresenter: checkPermission: 
06-11 10:33:38.559 12138 16797 D Shortcut.SearchShortcutPresenter: queryAll: 
06-11 10:33:38.559 12138 12138 D ActivityThread: Package [com.earthengine.minimalglobe] reported as REPLACED, but missing application info. Assuming REMOVED.
06-11 10:33:38.560 12138 16797 D Shortcut.ShortcutTaskRepo: findByShortcutId: 1
06-11 10:33:38.560 12138 16797 D Shortcut.TaskSpecRepo: findById: 24001
06-11 10:33:38.561 12138 16797 D Shortcut.ShortcutTriggerRepo: findByShortcutId: 1
06-11 10:33:38.561 12138 16797 D Shortcut.CardRepo: findById
06-11 10:33:38.561 12138 16797 D Shortcut.ShortcutTaskRepo: findByShortcutId: 2
06-11 10:33:38.561 12138 16797 D Shortcut.TaskSpecRepo: findById: 24002
06-11 10:33:38.562 12138 12138 D ActivityThread: Package [com.earthengine.minimalglobe] reported as REPLACED, but missing application info. Assuming REMOVED.
06-11 10:33:38.562 12138 16797 D Shortcut.ShortcutTriggerRepo: findByShortcutId: 2
06-11 10:33:38.562 12138 16797 D Shortcut.CardRepo: findById
06-11 10:33:38.567  3189  3263 I system_server: AssetManager2(0xb4000078c7b0cc28) locale list changing from [] to [zh-CN]
06-11 10:33:38.568 12138 16797 D Shortcut.ShortcutTaskRepo: findByShortcutId: 3
06-11 10:33:38.568 12138 16797 D Shortcut.TaskSpecRepo: findById: 21009
06-11 10:33:38.569 12138 16797 D Shortcut.ShortcutTriggerRepo: findByShortcutId: 3
06-11 10:33:38.569 12138 16797 D Shortcut.TriggerSpecRepo: findById: 10001
06-11 10:33:38.569 12138 16797 D Shortcut.CardRepo: findById
06-11 10:33:38.569 12138 16797 D Shortcut.ShortcutRepo: getAllShortcuts done
06-11 10:33:38.570 12138 16797 D Shortcut.SearchShortcutPresenter: injectShortcutToCursor: 
06-11 10:33:38.573 25296 26364 I AstScreen.PrefUtil: getHasCheckWithGuider 1
06-11 10:33:38.573  3189  3263 I system_server: AssetManager2(0xb4000078c7b0db28) locale list changing from [] to [zh-CN]
06-11 10:33:38.580  3189  3263 I system_server: AssetManager2(0xb4000078c7b0ea28) locale list changing from [] to [zh-CN]
06-11 10:33:38.597  3189  3263 I system_server: AssetManager2(0xb4000078c1c55028) locale list changing from [] to [zh-CN]
06-11 10:33:38.609  3189  3263 I system_server: AssetManager2(0xb4000078c1c56e28) locale list changing from [] to [zh-CN]
06-11 10:33:38.617  3189  3263 I system_server: AssetManager2(0xb400007874e6e328) locale list changing from [] to [zh-CN]
06-11 10:33:38.619  3189  3841 D WifiStaIfaceHidlImpl: getCachedScanData is not implemented by HIDL
06-11 10:33:38.622  6140  6279 I ThermalEngine: VIRTUAL-CPU-NSP, Update received trip sensor cpu-1-1 59700
06-11 10:33:38.625  3189  3263 I system_server: AssetManager2(0xb400007874e6fe28) locale list changing from [] to [zh-CN]
06-11 10:33:38.626  4639  4639 D VendorWifiService: onEvent event:9,action:1
06-11 10:33:38.627  3189  3263 W LoadedApk: System took : 202ms in onReceive of class android.content.pm.RegisteredServicesCache$1 for action : android.intent.action.PACKAGE_CHANGED
06-11 10:33:38.633  3189  3960 D OplusWifiPower_TriggerCenter: mComponentCallback: wifistat
06-11 10:33:38.647  3189  3263 W Searchables: No web search activity found
06-11 10:33:38.649  3189  3263 W RecognitionServiceInfo: Parse error in getAvailableServices: No android.speech meta-data for com.tencent.android.qqdownloader
06-11 10:33:38.649  3189  3263 W VoiceInteractionManager: no auto selectable voice recognition services found for user 0
06-11 10:33:38.694  4639  8246 D CommonApp-194-10602: commonScoreStrategy scenarios 5 mdnsScore=0
06-11 10:33:38.694  4639  8246 D CommonApp-194-10602: notifyScoreChange appScene COMMON score 100
06-11 10:33:38.694  4639  8246 D ScorePolicy: handleScoreChanged: []
06-11 10:33:38.694  4639  8246 D ScorePolicy: handleScoreChanged: []
06-11 10:33:38.694  4639  8246 D ScorePolicy: handleScoreChanged: []
06-11 10:33:38.732  1667 15952 I sensors-hal: handle_oplus_wise_rgb_event:230, wise_rgb:algo_type = 3
06-11 10:33:38.732  1667 15952 I sensors-hal: handle_oplus_wise_rgb_event:285, wise_rgb: raw_lux 509.887085, raw_cct 6396.911133, r/g/b/c: 41203.917969/35976.289062/20431.316406/91137.851562, R/G/B: 0.000000/0.000000/0.000000, brl 1529.000000, lux: 509.887085, cct: 6396.911133, ts 242616049318303, cnt 3737
06-11 10:33:38.733  3189  6314 I AICCTModule: SensorFilter: findSecondNearestValue, sensorValue: 6337.705 nearestMaxValue:6396.911 secondNearestValue: 6406.5234
06-11 10:33:38.733  3189  6314 I AICCTModule: SensorFilter: findSecondNearestValue, sensorValue: 518.3259 nearestMaxValue:516.71936 secondNearestValue: 516.6487
06-11 10:33:38.734  3189  6314 I AICCTModule: AICurveModel: findPointByX x:13.404076, rightPoint:Point:(13.41, 6855.932, 6855.932)
06-11 10:33:38.734  3189  6314 I AICCTModule: AICurveModel: StablePoints has no dragSplineLine
06-11 10:33:38.734  3189  6314 I AICCTModule: AICurveModel: findPointByY y:6819.781, rightPoint:Point:(13.37, 6819.781, 6819.781)
06-11 10:33:38.734  3189  6314 I AICCTModule: AICurveModel: findPointByY y:6819.781, rightPoint:Point:(13.37, 6819.781, 6819.781)
06-11 10:33:38.734  3189  6314 I AICCTModule: AICurveModel: findPointByY y:6819.781, rightPoint:Point:(13.37, 6819.781, 6819.781)
06-11 10:33:38.734  3189  6314 I AICCTModule: AICurveModel: StablePoints y1Left:6819.781, y2Left:0.0, leftY:6819.781
06-11 10:33:38.734  3189  6314 I AICCTModule: AICurveModel: findPointByY y:6819.781, rightPoint:Point:(13.37, 6819.781, 6819.781)
06-11 10:33:38.734  3189  6314 I AICCTModule: AICurveModel: findPointByY y:6819.781, rightPoint:Point:(13.37, 6819.781, 6819.781)
06-11 10:33:38.734  3189  6314 I AICCTModule: AICurveModel: getNextPoint isLargeChange, 6416.0107, 6855.932
06-11 10:33:38.735  3189  6314 I AICCTModule: AICurveModel: handleUpdateCCT cct change from:(6352.089355,6819.780762)->(6416.010742,6855.932129),curPoint(6416.010742,6855.932129),stablePoint=LeftLarge(6352.0894,6819.781)-RightLarge(6352.0894,6819.781),LeftSmall(6352.0894,6819.781)-RightSmall(6352.0894,6819.781),TLSmall(6352.0894,6819.781)-TRSmall(6352.0894,6819.781)
06-11 10:33:38.735  3189  6314 I AICCTModule: AICurveModel: onTargetCCTChange cct change to 6855.932
06-11 10:33:38.738 31995 32138 D CloudConfig_stgyHelper: mspVersionCanSupport mspKitVersion : 2021620
06-11 10:33:38.739 31995 32138 D CloudConfig_stgyHelper: getSupportKitMode strategyEntity : StrategyEntity(sdkInterval=1800000, strategyMode=1, minSDKVersion=1000, minKitVersion=2014122, validReqPeriod=7200000, maxReqProduct=100, forceKitIfKit=false, backoff=120000, enable=true, defaultLimit=RateLimitConfig{maxCalls=1, timeWindowSeconds=7200, callIntervalSeconds=0}, productLimits={52863=RateLimitConfig{maxCalls=1, timeWindowSeconds=7200, callIntervalSeconds=0}, mdp_2283=RateLimitConfig{maxCalls=1, timeWindowSeconds=7200, callIntervalSeconds=0}, compass_20214=RateLimitConfig{maxCalls=1, timeWindowSeconds=7200, callIntervalSeconds=0}, mdp_2286=RateLimitConfig{maxCalls=1, timeWindowSeconds=7200, callIntervalSeconds=0}, global-domain_1281=RateLimitConfig{maxCalls=1, timeWindowSeconds=7200, callIntervalSeconds=0}, 50351=RateLimitConfig{maxCalls=1, timeWindowSeconds=7200, callIntervalSeconds=0}, push=RateLimitConfig{maxCalls=1, timeWindowSeconds=7200, callIntervalSeconds=0}, compass_20123=RateLimitConfig{maxCalls=1, timeWindowSeconds=7200, callIntervalSeconds=0}, compass_143701=RateLimitConfig{maxCalls=1, timeWindowSeconds=7200, callIntervalSeconds=0}})
06-11 10:33:38.739 31995 32138 D CloudConfig_stgyHelper: getSupportKitMode localSdkVersion : 1227
06-11 10:33:38.740 31995 32106 I MSP-LOG-SDK-MspSdk: Sdk has initialized! version:2.0.1.14
06-11 10:33:38.741 31995 32106 E MSP-LOG-SDK-RateLimitManager: not_allow_invoke because of time_window_not_allow queue = [1781139303065], config = RateLimitConfig{maxCalls=1, timeWindowSeconds=7200, callIntervalSeconds=0}, ipcInvokeTimeQueueMapKey = com.heytap.nearx.tangramconfig.kit.client.ICloudCtrlServiceModule?@?compass_143701?@?3?@?com.heytap.mcs, has already call 1 times in 7200 seconds before
06-11 10:33:38.741 31995 32106 E MSP-LOG-SDK-: MspSdkException{code=3014,message=com.heytap.mspsdk.ratelimit.MspRateLimitExceededException: ipc rate limit exceeded in time window}
06-11 10:33:38.741 31995 32106 E MSP-LOG-SDK-: 	at com.heytap.mspsdk.ratelimit.b.b(Unknown Source:55)
06-11 10:33:38.741 31995 32106 E MSP-LOG-SDK-: 	at com.heytap.mspsdk.interceptor.c.a(Unknown Source:39)
06-11 10:33:38.741 31995 32106 E MSP-LOG-SDK-: 	at com.heytap.mspsdk.proxy.b.b(Unknown Source:29)
06-11 10:33:38.741 31995 32106 E MSP-LOG-SDK-: 	at com.heytap.mspsdk.interceptor.c.a(Unknown Source:39)
06-11 10:33:38.741 31995 32106 E MSP-LOG-SDK-: 	at com.heytap.mspsdk.proxy.f.invoke(Unknown Source:202)
06-11 10:33:38.741 31995 32106 E MSP-LOG-SDK-: 	at java.lang.reflect.Proxy.invoke(Proxy.java:1006)
06-11 10:33:38.741 31995 32106 E MSP-LOG-SDK-: 	at $Proxy9.gatewayUpdate(Unknown Source)
06-11 10:33:38.741 31995 32106 E MSP-LOG-SDK-: 	at com.heytap.nearx.tangramconfig.kit.client.KitProxy.gatewayUpdate$lambda$2(Unknown Source:19)
06-11 10:33:38.741 31995 32106 E MSP-LOG-SDK-: 	at com.heytap.nearx.tangramconfig.kit.client.KitProxy.a(Unknown Source:0)
06-11 10:33:38.741 31995 32106 E MSP-LOG-SDK-: 	at com.heytap.nearx.tangramconfig.kit.client.a.run(Unknown Source:8)
06-11 10:33:38.741 31995 32106 E MSP-LOG-SDK-: 	at java.util.concurrent.ThreadPoolExecutor.runWorker(ThreadPoolExecutor.java:1156)
06-11 10:33:38.741 31995 32106 E MSP-LOG-SDK-: 	at java.util.concurrent.ThreadPoolExecutor$Worker.run(ThreadPoolExecutor.java:651)
06-11 10:33:38.741 31995 32106 E MSP-LOG-SDK-: 	at java.lang.Thread.run(Thread.java:1119)
06-11 10:33:38.761  3189  4242 D Osense-BaseDecisionMaker: notifyDelayedSceneToPolicy
06-11 10:33:38.872 31995 15801 D CloudConfig_stgyHelper: mspVersionCanSupport mspKitVersion : 2021620
06-11 10:33:38.875 31995 15801 D CloudConfig_stgyHelper: getSupportKitMode strategyEntity : StrategyEntity(sdkInterval=1800000, strategyMode=1, minSDKVersion=1000, minKitVersion=2014122, validReqPeriod=7200000, maxReqProduct=100, forceKitIfKit=false, backoff=120000, enable=true, defaultLimit=RateLimitConfig{maxCalls=1, timeWindowSeconds=7200, callIntervalSeconds=0}, productLimits={52863=RateLimitConfig{maxCalls=1, timeWindowSeconds=7200, callIntervalSeconds=0}, mdp_2283=RateLimitConfig{maxCalls=1, timeWindowSeconds=7200, callIntervalSeconds=0}, compass_20214=RateLimitConfig{maxCalls=1, timeWindowSeconds=7200, callIntervalSeconds=0}, mdp_2286=RateLimitConfig{maxCalls=1, timeWindowSeconds=7200, callIntervalSeconds=0}, global-domain_1281=RateLimitConfig{maxCalls=1, timeWindowSeconds=7200, callIntervalSeconds=0}, 50351=RateLimitConfig{maxCalls=1, timeWindowSeconds=7200, callIntervalSeconds=0}, push=RateLimitConfig{maxCalls=1, timeWindowSeconds=7200, callIntervalSeconds=0}, compass_20123=RateLimitConfig{maxCalls=1, timeWindowSeconds=7200, callIntervalSeconds=0}, compass_143701=RateLimitConfig{maxCalls=1, timeWindowSeconds=7200, callIntervalSeconds=0}})
06-11 10:33:38.879 31995 15801 D CloudConfig_stgyHelper: getSupportKitMode localSdkVersion : 1227
06-11 10:33:38.880 31995 15801 D CloudConfig_stgyHelper: mspVersionCanSupport mspKitVersion : 2021620
06-11 10:33:38.881 31995 15801 D CloudConfig_stgyHelper: getSupportKitMode strategyEntity : StrategyEntity(sdkInterval=1800000, strategyMode=1, minSDKVersion=1000, minKitVersion=2014122, validReqPeriod=7200000, maxReqProduct=100, forceKitIfKit=false, backoff=120000, enable=true, defaultLimit=RateLimitConfig{maxCalls=1, timeWindowSeconds=7200, callIntervalSeconds=0}, productLimits={52863=RateLimitConfig{maxCalls=1, timeWindowSeconds=7200, callIntervalSeconds=0}, mdp_2283=RateLimitConfig{maxCalls=1, timeWindowSeconds=7200, callIntervalSeconds=0}, compass_20214=RateLimitConfig{maxCalls=1, timeWindowSeconds=7200, callIntervalSeconds=0}, mdp_2286=RateLimitConfig{maxCalls=1, timeWindowSeconds=7200, callIntervalSeconds=0}, global-domain_1281=RateLimitConfig{maxCalls=1, timeWindowSeconds=7200, callIntervalSeconds=0}, 50351=RateLimitConfig{maxCalls=1, timeWindowSeconds=7200, callIntervalSeconds=0}, push=RateLimitConfig{maxCalls=1, timeWindowSeconds=7200, callIntervalSeconds=0}, compass_20123=RateLimitConfig{maxCalls=1, timeWindowSeconds=7200, callIntervalSeconds=0}, compass_143701=RateLimitConfig{maxCalls=1, timeWindowSeconds=7200, callIntervalSeconds=0}})
06-11 10:33:38.882 31995 15801 D CloudConfig_stgyHelper: getSupportKitMode localSdkVersion : 1227
06-11 10:33:38.883 31995 32073 I MSP-LOG-SDK-MspSdk: Sdk has initialized! version:2.0.1.14
06-11 10:33:38.884 31995 32073 E MSP-LOG-SDK-RateLimitManager: not_allow_invoke because of time_window_not_allow queue = [1781139303065], config = RateLimitConfig{maxCalls=1, timeWindowSeconds=7200, callIntervalSeconds=0}, ipcInvokeTimeQueueMapKey = com.heytap.nearx.tangramconfig.kit.client.ICloudCtrlServiceModule?@?compass_143701?@?3?@?com.heytap.mcs, has already call 1 times in 7200 seconds before
06-11 10:33:38.884 31995 32073 E MSP-LOG-SDK-: MspSdkException{code=3014,message=com.heytap.mspsdk.ratelimit.MspRateLimitExceededException: ipc rate limit exceeded in time window}
06-11 10:33:38.884 31995 32073 E MSP-LOG-SDK-: 	at com.heytap.mspsdk.ratelimit.b.b(Unknown Source:55)
06-11 10:33:38.884 31995 32073 E MSP-LOG-SDK-: 	at com.heytap.mspsdk.interceptor.c.a(Unknown Source:39)
06-11 10:33:38.884 31995 32073 E MSP-LOG-SDK-: 	at com.heytap.mspsdk.proxy.b.b(Unknown Source:29)
06-11 10:33:38.884 31995 32073 E MSP-LOG-SDK-: 	at com.heytap.mspsdk.interceptor.c.a(Unknown Source:39)
06-11 10:33:38.884 31995 32073 E MSP-LOG-SDK-: 	at com.heytap.mspsdk.proxy.f.invoke(Unknown Source:202)
06-11 10:33:38.884 31995 32073 E MSP-LOG-SDK-: 	at java.lang.reflect.Proxy.invoke(Proxy.java:1006)
06-11 10:33:38.884 31995 32073 E MSP-LOG-SDK-: 	at $Proxy9.gatewayUpdate(Unknown Source)
06-11 10:33:38.884 31995 32073 E MSP-LOG-SDK-: 	at com.heytap.nearx.tangramconfig.kit.client.KitProxy.gatewayUpdate$lambda$2(Unknown Source:19)
06-11 10:33:38.884 31995 32073 E MSP-LOG-SDK-: 	at com.heytap.nearx.tangramconfig.kit.client.KitProxy.a(Unknown Source:0)
06-11 10:33:38.884 31995 32073 E MSP-LOG-SDK-: 	at com.heytap.nearx.tangramconfig.kit.client.a.run(Unknown Source:8)
06-11 10:33:38.884 31995 32073 E MSP-LOG-SDK-: 	at java.util.concurrent.ThreadPoolExecutor.runWorker(ThreadPoolExecutor.java:1156)
06-11 10:33:38.884 31995 32073 E MSP-LOG-SDK-: 	at java.util.concurrent.ThreadPoolExecutor$Worker.run(ThreadPoolExecutor.java:651)
06-11 10:33:38.884 31995 32073 E MSP-LOG-SDK-: 	at java.lang.Thread.run(Thread.java:1119)
06-11 10:33:38.929  3189  3765 V AlarmManager: sending alarm Alarm{4cf50bf type 1 origWhen 1781145218929 whenElapsed 242616255 android} uid 1000 whenElapsed 242616255 windowLength 0 maxWhenElapsed 242616255 repeatInterval 0 action null component null tag StorgaeBandInfoAlarmTag flags 0x9 procName system_server
06-11 10:33:38.930  3189 27614 E OplusStorageUFSBandwidth: storage_io_metrics_path is /proc/oplus_storage/io_metrics/forever/
06-11 10:33:38.932  3189 27614 E OplusStorageUFSBandwidth: Bandwidth - Read: 0.50 MB/s, Write: 4.50 MB/s
06-11 10:33:38.932  3189 27614 E OplusStorageUFSBandwidth: Task time: 2ms
06-11 10:33:38.932  1667 15952 I sensors-hal: handle_oplus_wise_rgb_event:230, wise_rgb:algo_type = 3
06-11 10:33:38.932  1667 15952 I sensors-hal: handle_oplus_wise_rgb_event:285, wise_rgb: raw_lux 529.078003, raw_cct 6460.084961, r/g/b/c: 40956.437500/36195.242188/20462.507812/91855.875000, R/G/B: 0.000000/0.000000/0.000000, brl 1529.000000, lux: 529.078003, cct: 6460.084961, ts 242616249009449, cnt 3738
06-11 10:33:38.932  1667 15988 I sensors-hal: get_brightness:1652, light_iface: get_brightness, brl 1529, pwm_turbo_on 0/0, hbm_dc 0
06-11 10:33:38.937  3189 27614 E OplusStorageUFSBandwidth: Alarm set to trigger in 10 seconds
06-11 10:33:38.996  1699  1958 D IRIS_LOG_SERV: panelReadWrite: type 255 set color matrix
06-11 10:33:38.996  1699  2116 D IRIS_LOG_SERV: InternalConfig: 191 0
06-11 10:33:38.996  1699  2116 D IRIS_LOG_SERV: InternalConfig: 191 0 ret: 0
06-11 10:33:39.064  1800  1924 D BatteryChargeControl: bcc get no support from charging protocol
06-11 10:33:39.129 25958 26007 I MMKV    : <MMKV_IO.cpp:456::writeActualSize> [mmkv.default] increase sequence to 350513, crc 3300665480, actualSize 769
06-11 10:33:39.131  1667 15952 I sensors-hal: handle_oplus_wise_rgb_event:230, wise_rgb:algo_type = 3
06-11 10:33:39.132  1667 15952 I sensors-hal: handle_oplus_wise_rgb_event:285, wise_rgb: raw_lux 527.658203, raw_cct 6484.977051, r/g/b/c: 40972.488281/36209.632812/20478.107422/91735.617188, R/G/B: 0.000000/0.000000/0.000000, brl 1529.000000, lux: 527.658203, cct: 6484.977051, ts 242616449022210, cnt 3739
06-11 10:33:39.279  1699  1958 D IRIS_LOG_SERV: panelReadWrite: type 255 set color matrix
06-11 10:33:39.279  1699  2116 D IRIS_LOG_SERV: InternalConfig: 191 0
06-11 10:33:39.279  1699  2116 D IRIS_LOG_SERV: InternalConfig: 191 0 ret: 0
06-11 10:33:39.330  3189  3251 W SettingsProvider: notifyForSettingsChange delay for eyeprotect_display_cct, value: 6856, delta: 1, lastNotifyTimestamp: 200713052, minInterval: 10
06-11 10:33:39.332  1667 15952 I sensors-hal: handle_oplus_wise_rgb_event:230, wise_rgb:algo_type = 3
06-11 10:33:39.332  1667 15952 I sensors-hal: handle_oplus_wise_rgb_event:285, wise_rgb: raw_lux 514.739136, raw_cct 6507.518555, r/g/b/c: 41143.011719/36133.273438/20629.181641/91311.359375, R/G/B: 0.000000/0.000000/0.000000, brl 1529.000000, lux: 514.739136, cct: 6507.518555, ts 242616648780803, cnt 3740
06-11 10:33:39.401  6858 14684 D gaia-GaiaConnectChecker: start connect check++
06-11 10:33:39.521 25958 27470 D TapHttp.CallTrackHelper 136: callStart:https://dc-dragate-cn.heytapmobi.com/v1/stat/install?appid=21000&logtag=0&nonce=4599&timestamp=1781145219&sign=7959e8c3a4559220849030dafc4a83c8 connectMode:TCP reUseMode:ALL isZeroRtt:true
06-11 10:33:39.523 25958 27470 V TapHttp.StatRateHelper: ignore record by sample ratio is 1
06-11 10:33:39.524 25958 27470 D TapHttp.CallTrackHelper 136: newSteam:https://dc-dragate-cn.heytapmobi.com/v1/stat/install?appid=21000&logtag=0&nonce=4599&timestamp=1781145219&sign=7959e8c3a4559220849030dafc4a83c8
06-11 10:33:39.524 25958 27470 D TapHttp.Event Dispatcher: dns start
06-11 10:33:39.524 25958 27470 D TapHttp.CallTrackHelper 136: dnsStart https://dc-dragate-cn.heytapmobi.com/v1/stat/install?appid=21000&logtag=0&nonce=4599&timestamp=1781145219&sign=7959e8c3a4559220849030dafc4a83c8
06-11 10:33:39.524 25958 27470 D TapHttp.RealDnsInterceptor: start use default local dns lookup dc-dragate-cn.heytapmobi.com
06-11 10:33:39.529 25958 27470 D TapHttp.RealDnsInterceptor: use default local dns lookup dc-dragate-cn.heytapmobi.com:IpInfo(host='dc-dragate-cn.heytapmobi.com', dnsType=0, ttl=0, carrier=, ip='', port=0, weight=0, dnUnitSet=, failCount=0, failTime=0, failMsg=, expire=1781145219529)
06-11 10:33:39.529 25958 27470 D TapHttp.WrapperInterceptor: result ip list is [IpInfo(host='dc-dragate-cn.heytapmobi.com', dnsType=0, ttl=0, carrier=, ip='', port=0, weight=0, dnUnitSet=, failCount=0, failTime=0, failMsg=, expire=1781145219529)]
06-11 10:33:39.529 25958 27470 D TapHttp.CallTrackHelper 136: dnsEnd https://dc-dragate-cn.heytapmobi.com/v1/stat/install?appid=21000&logtag=0&nonce=4599&timestamp=1781145219&sign=7959e8c3a4559220849030dafc4a83c8
06-11 10:33:39.529 25958 27470 D TapHttp.CallTrackHelper 136: connect_protocol =tcp_tcp connectTimeout=10000 retryCount=0  route=Route{dc-dragate-cn.heytapmobi.com/49.7.252.44:443}
06-11 10:33:39.529 25958 27470 D TapHttp.Event Dispatcher: connect start: 49.7.252.44
06-11 10:33:39.529 25958 27470 D TapHttp.CallTrackHelper 136: connectStart https://dc-dragate-cn.heytapmobi.com/v1/stat/install?appid=21000&logtag=0&nonce=4599&timestamp=1781145219&sign=7959e8c3a4559220849030dafc4a83c8
06-11 10:33:39.531  1667 15952 I sensors-hal: handle_oplus_wise_rgb_event:230, wise_rgb:algo_type = 3
06-11 10:33:39.531  1667 15952 I sensors-hal: handle_oplus_wise_rgb_event:285, wise_rgb: raw_lux 499.734863, raw_cct 6496.700195, r/g/b/c: 41266.980469/36245.089844/20629.972656/91176.914062, R/G/B: 0.000000/0.000000/0.000000, brl 1529.000000, lux: 499.734863, cct: 6496.700195, ts 242616848548824, cnt 3741
06-11 10:33:39.585 25958 27470 D TapHttp.CallTrackHelper 136: connectSocketEnd https://dc-dragate-cn.heytapmobi.com/v1/stat/install?appid=21000&logtag=0&nonce=4599&timestamp=1781145219&sign=7959e8c3a4559220849030dafc4a83c8
06-11 10:33:39.585 25958 27470 D TapHttp.CallTrackHelper 136: secureConnectStart https://dc-dragate-cn.heytapmobi.com/v1/stat/install?appid=21000&logtag=0&nonce=4599&timestamp=1781145219&sign=7959e8c3a4559220849030dafc4a83c8
06-11 10:33:39.632 25958 27470 I ConscryptEngineSocket: dc-dragate-cn.heytapmobi.com:443,tls_reused:true
06-11 10:33:39.634 25958 27470 D RealConnection:: Platform.getOplatform().getSelectedProtocol(sslSocket):h2
06-11 10:33:39.634 25958 27470 D RealConnection:: supportsTlsExtensions:true
06-11 10:33:39.634 25958 27470 D RealConnection:: maybeProtocol:h2
06-11 10:33:39.634 25958 27470 D RealConnection:: protocol:h2
06-11 10:33:39.634 25958 27470 D TapHttp.CallTrackHelper 136: secureConnectEnd https://dc-dragate-cn.heytapmobi.com/v1/stat/install?appid=21000&logtag=0&nonce=4599&timestamp=1781145219&sign=7959e8c3a4559220849030dafc4a83c8
06-11 10:33:39.636 25958 27470 D TapHttp.CallTrackHelper 136: connectEnd https://dc-dragate-cn.heytapmobi.com/v1/stat/install?appid=21000&logtag=0&nonce=4599&timestamp=1781145219&sign=7959e8c3a4559220849030dafc4a83c8
06-11 10:33:39.637 25958 27470 D TapHttp.Event Dispatcher: connect acquired 49.7.252.44
06-11 10:33:39.637 25958 27470 D TapHttp.CallTrackHelper 136: connectionAcquired https://dc-dragate-cn.heytapmobi.com/v1/stat/install?appid=21000&logtag=0&nonce=4599&timestamp=1781145219&sign=7959e8c3a4559220849030dafc4a83c8
06-11 10:33:39.637 25958 27470 D TapHttp.CallTrackHelper 136: request_protocol =tcp readTimeout=10000 writeTimeout=10000 retryCount=0  route=Route{dc-dragate-cn.heytapmobi.com/49.7.252.44:443}
06-11 10:33:39.637 25958 27470 I TapHttp.SpecialCallServerStub: request online : url:https://dc-dragate-cn.heytapmobi.com/v1/stat/install?appid=21000&logtag=0&nonce=4599&timestamp=1781145219&sign=7959e8c3a4559220849030dafc4a83c8,
06-11 10:33:39.637 25958 27470 I TapHttp.SpecialCallServerStub:  
06-11 10:33:39.637 25958 27470 I TapHttp.SpecialCallServerStub: request online:hostdc-dragate-cn.heytapmobi.com 
06-11 10:33:39.637 25958 27470 I TapHttp.SpecialCallServerStub:  headers Content-Encoding: gzip
06-11 10:33:39.637 25958 27470 I TapHttp.SpecialCallServerStub: Content-Type: text/json; charset=UTF-8
06-11 10:33:39.637 25958 27470 I TapHttp.SpecialCallServerStub: TAP-APP-CONF-VER: dcc_fe_cursor_cn:29
06-11 10:33:39.637 25958 27470 I TapHttp.SpecialCallServerStub: Content-Length: 728
06-11 10:33:39.637 25958 27470 I TapHttp.SpecialCallServerStub: Host: dc-dragate-cn.heytapmobi.com
06-11 10:33:39.637 25958 27470 I TapHttp.SpecialCallServerStub: Connection: Keep-Alive
06-11 10:33:39.637 25958 27470 I TapHttp.SpecialCallServerStub: Accept-Encoding: gzip
06-11 10:33:39.637 25958 27470 I TapHttp.SpecialCallServerStub: User-Agent: okhttp/3.12.12.342
06-11 10:33:39.637 25958 27470 I TapHttp.SpecialCallServerStub: 
06-11 10:33:39.638 25958 27470 D TapHttp.CallTrackHelper 136: requestHeadersStart https://dc-dragate-cn.heytapmobi.com/v1/stat/install?appid=21000&logtag=0&nonce=4599&timestamp=1781145219&sign=7959e8c3a4559220849030dafc4a83c8
06-11 10:33:39.638 25958 27470 D TapHttp.CallTrackHelper 136: requestHeadersEnd https://dc-dragate-cn.heytapmobi.com/v1/stat/install?appid=21000&logtag=0&nonce=4599&timestamp=1781145219&sign=7959e8c3a4559220849030dafc4a83c8
06-11 10:33:39.638 25958 27470 D TapHttp.CallTrackHelper 136: requestBodyStart https://dc-dragate-cn.heytapmobi.com/v1/stat/install?appid=21000&logtag=0&nonce=4599&timestamp=1781145219&sign=7959e8c3a4559220849030dafc4a83c8
06-11 10:33:39.638 25958 27470 D TapHttp.CallTrackHelper 136: requestBodyEnd https://dc-dragate-cn.heytapmobi.com/v1/stat/install?appid=21000&logtag=0&nonce=4599&timestamp=1781145219&sign=7959e8c3a4559220849030dafc4a83c8
06-11 10:33:39.638 25958 27470 D TapHttp.CallTrackHelper 136: requestEnd https://dc-dragate-cn.heytapmobi.com/v1/stat/install?appid=21000&logtag=0&nonce=4599&timestamp=1781145219&sign=7959e8c3a4559220849030dafc4a83c8
06-11 10:33:39.638 25958 27470 D TapHttp.CallTrackHelper 136: responseHeadersStart https://dc-dragate-cn.heytapmobi.com/v1/stat/install?appid=21000&logtag=0&nonce=4599&timestamp=1781145219&sign=7959e8c3a4559220849030dafc4a83c8
06-11 10:33:39.715  4639  8246 D CommonApp-194-10602: transport layer data is invalid
06-11 10:33:39.716  4639  8246 D ScorePolicy: handleScoreChanged: []
06-11 10:33:39.716  4639  8246 D ScorePolicy: handleScoreChanged: []
06-11 10:33:39.716  4639  8246 D ScorePolicy: handleScoreChanged: []
06-11 10:33:39.723 25958 27470 D TapHttp.CallTrackHelper 136: responseHeadersEnd https://dc-dragate-cn.heytapmobi.com/v1/stat/install?appid=21000&logtag=0&nonce=4599&timestamp=1781145219&sign=7959e8c3a4559220849030dafc4a83c8
06-11 10:33:39.723 25958 27470 D TapHttp.CallTrackHelper 136: responseBodyStart https://dc-dragate-cn.heytapmobi.com/v1/stat/install?appid=21000&logtag=0&nonce=4599&timestamp=1781145219&sign=7959e8c3a4559220849030dafc4a83c8
06-11 10:33:39.723 25958 27470 D TapHttp.CallTrackHelper 136: responseEnd https://dc-dragate-cn.heytapmobi.com/v1/stat/install?appid=21000&logtag=0&nonce=4599&timestamp=1781145219&sign=7959e8c3a4559220849030dafc4a83c8
06-11 10:33:39.724 25958 27470 I TapHttp.SpecialCallServerStub: response online : protocol: h2, code:200 ,url:https://dc-dragate-cn.heytapmobi.com/v1/stat/install?appid=21000&logtag=0&nonce=4599&timestamp=1781145219&sign=7959e8c3a4559220849030dafc4a83c8
06-11 10:33:39.724 25958 27470 I TapHttp.SpecialCallServerStub: response online: host:dc-dragate-cn.heytapmobi.com,headers:server: nginx
06-11 10:33:39.724 25958 27470 I TapHttp.SpecialCallServerStub: date: Thu, 11 Jun 2026 02:33:40 GMT
06-11 10:33:39.724 25958 27470 I TapHttp.SpecialCallServerStub: content-type: application/json;charset=UTF-8
06-11 10:33:39.724 25958 27470 I TapHttp.SpecialCallServerStub: content-length: 23
06-11 10:33:39.724 25958 27470 I TapHttp.SpecialCallServerStub: access-control-allow-credentials: true
06-11 10:33:39.724 25958 27470 I TapHttp.SpecialCallServerStub: access-control-allow-origin: *
06-11 10:33:39.724 25958 27470 I TapHttp.SpecialCallServerStub: access-control-allow-methods: GET, POST, OPTIONS
06-11 10:33:39.724 25958 27470 I TapHttp.SpecialCallServerStub: access-control-allow-headers: content-type, Origin, X-Requested-With
06-11 10:33:39.724 25958 27470 I TapHttp.SpecialCallServerStub: access-control-expose-headers: Content-Length
06-11 10:33:39.724 25958 27470 I TapHttp.SpecialCallServerStub: access-control-max-age: 86400
06-11 10:33:39.724 25958 27470 I TapHttp.SpecialCallServerStub: tap-app-conf-dim: dcc_fe_cursor_cn:0
06-11 10:33:39.724 25958 27470 I TapHttp.SpecialCallServerStub: x-backend-host: 0014:8081
06-11 10:33:39.724 25958 27470 I TapHttp.SpecialCallServerStub: x-gateway-host: 2b8e6ed343f3e72db07332ba97bb1b403f49ef0cb03627023ff6a5beac0b0590c10ed4378769d18815a4310590e1be25
06-11 10:33:39.724 25958 27470 I TapHttp.SpecialCallServerStub: 
06-11 10:33:39.725 25958 27470 D TapHttp.CallTrackHelper 136: responseBodyEnd https://dc-dragate-cn.heytapmobi.com/v1/stat/install?appid=21000&logtag=0&nonce=4599&timestamp=1781145219&sign=7959e8c3a4559220849030dafc4a83c8
06-11 10:33:39.726 25958 27470 D TapHttp.CallTrackHelper 136: connectionReleased https://dc-dragate-cn.heytapmobi.com/v1/stat/install?appid=21000&logtag=0&nonce=4599&timestamp=1781145219&sign=7959e8c3a4559220849030dafc4a83c8
06-11 10:33:39.726 25958 27470 D TapHttp.CallTrackHelper 136: callEnd https://dc-dragate-cn.heytapmobi.com/v1/stat/install?appid=21000&logtag=0&nonce=4599&timestamp=1781145219&sign=7959e8c3a4559220849030dafc4a83c8
06-11 10:33:39.726 25958 27470 D TapHttp.CallTrackHelper 136: call_time : 204
06-11 10:33:39.726 25958 27470 D TapHttp.CallTrackHelper 136: callEnd https://dc-dragate-cn.heytapmobi.com/v1/stat/install?appid=21000&logtag=0&nonce=4599&timestamp=1781145219&sign=7959e8c3a4559220849030dafc4a83c8
06-11 10:33:39.726 25958 27470 V TapHttp.StatRateHelper: ignore record by sample ratio is 1
06-11 10:33:39.732  1667 15952 I sensors-hal: handle_oplus_wise_rgb_event:230, wise_rgb:algo_type = 3
06-11 10:33:39.732  1667 15952 I sensors-hal: handle_oplus_wise_rgb_event:285, wise_rgb: raw_lux 504.356079, raw_cct 6466.441406, r/g/b/c: 41280.945312/36215.066406/20585.296875/91405.539062, R/G/B: 0.000000/0.000000/0.000000, brl 1529.000000, lux: 504.356079, cct: 6466.441406, ts 242617048281949, cnt 3742
06-11 10:33:39.732  1667 15988 I sensors-hal: handle_oplus_wise_rgb_event:301, oplus wise_rgb sample: (3742)(cct, lux, ir_ratio, r, g, b, c)[6466, 504, 36, 41280, 36215, 20585, 91405]
06-11 10:33:39.754  3189  5915 D KEYLOG_KeyCombinationManager: down true downTime 200713476 action 0 count 0 isDefaultDisplayInteractive true eventTime 200713476 mDownTimes: {}
06-11 10:33:39.756  3189  5915 D KEYLOG_PhoneWindowManagerExtImpl: overrideInterceptKeyBeforeQueueing:KeyEvent { action=ACTION_DOWN, keyCode=KEYCODE_VOLUME_DOWN, scanCode=0, metaState=0, flags=0x0, repeatCount=0, eventTime=200713476000000, downTime=200713476000000, deviceId=-1, source=0x0, displayId=-1 },  keyguardOn = false,  screenOn = true,  policyFlags = 721420288,  SosPowerKeyEnabled = true,  WalletSwitchState = 1,  IsQuickLaunchSupport = true,  IsDoubleCheckAppSupport = false,  isQuickAppOn=false,  canceled = false
06-11 10:33:39.756  3189  5915 D KEYLOG_OplusKeyCombinationManager: down true keyCode 25 count 0 interactive true eventTime 200713476 mDownTimes: {}
06-11 10:33:39.757  3189  5915 D OplusScreenOffTorchHelper: not handle with onVolumeKey,mFlashLightEnable = false,mFlashLightAvailable=true,mCameraId = 0 mVolumeDownPressEnabled=false
06-11 10:33:39.757  3189  5915 I OplusJoystickManager: read game pad state for game manager -> false
06-11 10:33:39.757  3189  5915 W OplusJoystickManager: mInterceptGamepadKey is false
06-11 10:33:39.757  3189  5915 D OplusCustomizeRestrictionManagerService: isLongPressVolumeUpDisabled start
06-11 10:33:39.757  3189  5915 I STKeyLog_StrategyDisableBottomKey: onBeforeQueueing : mIsUpGestureMode=false,mDisableBottomKeyMode0
06-11 10:33:39.757  3189  5915 D STKeyLog_StrategyBlackscreenshot: notifyKeyBeforeQueueing, downTime200713476, action=0, interactive=true
06-11 10:33:39.758  3189  5915 D KEYLOG_PhoneWindowManager: interceptKeyBeforeQueueing downTime=200713476 action = 0 interactive=true keyguardActive=false policyFlags=2b000000 isInjected=true isWakeKey=false isKeyGestureTriggered=false
06-11 10:33:39.758  3189  5915 I VibratorManagerServiceExtImpl: cancelVibrate uid=1000, pid=3189, usageFilter=-15, token=193946947
06-11 10:33:39.758  4329 24913 W OPLUS_LOG_LOAD: ==LOGS PROG INFO, prog(com.android.systemui) ==
06-11 10:33:39.758  4329 24913 D RingtonePlayer: stopAsync()
06-11 10:33:39.759  4329 24913 D RingtonePlayer: stop
06-11 10:33:39.759  3189  5915 D AS.AudioService: uid 1000, callingApp = android.uid.system:1000
06-11 10:33:39.761  3189  3332 D PowerManagerService: userActivityNoUpdateLocked: groupId=0, eventTime=200713476, event=button, flags=0x0, uid=1000
06-11 10:33:39.761 12732 13406 D ShellSubscriberWorkerThread: the first 8 bytes empty, and RestData length > 8 
06-11 10:33:39.904  3189  3806 E OplusInputDeviceUtil: api level < 36 or inputDevice is null, return false
06-11 10:33:39.905  3189  3806 D KEYLOG_KeyGestureControllerExtlmpl: interceptOldShortcuts, mIsShortCutMenuShow = false mPendingMetaActionForOld = false mLongPressHandled = false
06-11 10:33:39.905  3189  3806 D STKeyLog_StrategyPadKeyBoardShortcut: excuteShortCut, interactive = true
06-11 10:33:39.906  3189  3806 D OplusCustomizeRestrictionManagerService: isLongPressVolumeUpDisabled start
06-11 10:33:39.907  3189  3332 D PowerManagerService: userActivityNoUpdateLocked: groupId=0, eventTime=200713476, event=button, flags=0x0, uid=1000
06-11 10:33:39.914  9206  9206 I GlobalHandwriting: onUpdateEditorToolType = 0
06-11 10:33:39.924 29276 29276 I MinimalGlobe: Debug high tilt | ellAlt=10212.55 slope=0.200 tiles vis=41 cached=26 renderSurface=25 exact=25 parent=0 z=2-11 eq=1 qRender=41 qWalk=64 qFrustum=79 qHz=35 qEq2=0 FPS=58.6 draw=27
06-11 10:33:39.926  3189  5915 D KEYLOG_KeyCombinationManager: down false downTime 200713476 action 1 count 2 isDefaultDisplayInteractive true eventTime 200713648 mDownTimes: {25=200713476}
06-11 10:33:39.927  3189  5915 D KEYLOG_PhoneWindowManagerExtImpl: overrideInterceptKeyBeforeQueueing:KeyEvent { action=ACTION_UP, keyCode=KEYCODE_VOLUME_DOWN, scanCode=0, metaState=0, flags=0x0, repeatCount=0, eventTime=200713648000000, downTime=200713476000000, deviceId=-1, source=0x0, displayId=-1 },  keyguardOn = false,  screenOn = true,  policyFlags = 721420288,  SosPowerKeyEnabled = true,  WalletSwitchState = 1,  IsQuickLaunchSupport = true,  IsDoubleCheckAppSupport = false,  isQuickAppOn=false,  canceled = false
06-11 10:33:39.927  3189  5915 D KEYLOG_OplusKeyCombinationManager: down false keyCode 25 count 0 interactive true eventTime 200713648 mDownTimes: {25=200713476}
06-11 10:33:39.927  3189  5915 I OplusJoystickManager: read game pad state for game manager -> false
06-11 10:33:39.927  3189  5915 W OplusJoystickManager: mInterceptGamepadKey is false
06-11 10:33:39.927  3189  5915 D OplusCustomizeRestrictionManagerService: isLongPressVolumeUpDisabled start
06-11 10:33:39.927  3189  5915 I STKeyLog_StrategyDisableBottomKey: onBeforeQueueing : mIsUpGestureMode=false,mDisableBottomKeyMode0
06-11 10:33:39.927  3189  5915 D STKeyLog_StrategyBlackscreenshot: notifyKeyBeforeQueueing, downTime200713476, action=1, interactive=true
06-11 10:33:39.927  3189  5915 D KEYLOG_PhoneWindowManager: interceptKeyBeforeQueueing downTime=200713476 action = 1 interactive=true keyguardActive=false policyFlags=2b000000 isInjected=true isWakeKey=false isKeyGestureTriggered=false
06-11 10:33:39.928  3189  3806 E OplusInputDeviceUtil: api level < 36 or inputDevice is null, return false
06-11 10:33:39.928  3189  3332 D PowerManagerService: userActivityNoUpdateLocked: groupId=0, eventTime=200713648, event=button, flags=0x0, uid=1000
06-11 10:33:39.928  3189  3806 D STKeyLog_StrategyPadKeyBoardShortcut: excuteShortCut, interactive = true
06-11 10:33:39.928  3189  3806 D OplusCustomizeRestrictionManagerService: isLongPressVolumeUpDisabled start
06-11 10:33:39.930  1667 15952 I sensors-hal: handle_oplus_wise_rgb_event:230, wise_rgb:algo_type = 3
06-11 10:33:39.930  1667 15952 I sensors-hal: get_brightness:1652, light_iface: get_brightness, brl 1529, pwm_turbo_on 0/0, hbm_dc 0
06-11 10:33:39.930  1667 15952 I sensors-hal: handle_oplus_wise_rgb_event:285, wise_rgb: raw_lux 525.794434, raw_cct 6452.035156, r/g/b/c: 41291.855469/36382.656250/20521.791016/92186.890625, R/G/B: 0.000000/0.000000/0.000000, brl 1529.000000, lux: 525.794434, cct: 6452.035156, ts 242617248005178, cnt 3743
06-11 10:33:39.930  3189  3332 D PowerManagerService: userActivityNoUpdateLocked: groupId=0, eventTime=200713648, event=button, flags=0x0, uid=1000
06-11 10:33:39.936 29276 29497 I AndroidBridge: androidHttpGet: env=0xb400007a0e7801e0 gJniHttpHelperClass=0x30a6 gHttpGetMethod=0x1 url=https://webst01.is.autonavi.com/appmaptile?style=6&x=0&y=0&z=3
06-11 10:33:39.936 29276 29499 I AndroidBridge: androidHttpGet: env=0xb400007a0e780560 gJniHttpHelperClass=0x30a6 gHttpGetMethod=0x1 url=https://webst02.is.autonavi.com/appmaptile?style=6&x=0&y=1&z=3
06-11 10:33:39.937 29276 29497 I JniHttpHelper: httpGet called: https://webst01.is.autonavi.com/appmaptile?style=6&x=0&y=0&z=3
06-11 10:33:39.937 29276 29499 I JniHttpHelper: httpGet called: https://webst02.is.autonavi.com/appmaptile?style=6&x=0&y=1&z=3
06-11 10:33:39.937 29276 29504 I AndroidBridge: androidHttpGet: env=0xb400007a0e7817c0 gJniHttpHelperClass=0x30a6 gHttpGetMethod=0x1 url=https://webst04.is.autonavi.com/appmaptile?style=6&x=2&y=1&z=3
06-11 10:33:39.937 29276 29502 I AndroidBridge: androidHttpGet: env=0xb400007a0e781440 gJniHttpHelperClass=0x30a6 gHttpGetMethod=0x1 url=https://webst03.is.autonavi.com/appmaptile?style=6&x=2&y=0&z=3
06-11 10:33:39.937 29276 29503 I AndroidBridge: androidHttpGet: env=0xb400007a7da130c0 gJniHttpHelperClass=0x30a6 gHttpGetMethod=0x1 url=https://webst04.is.autonavi.com/appmaptile?style=6&x=3&y=0&z=3
06-11 10:33:39.937 29276 29503 I JniHttpHelper: httpGet called: https://webst04.is.autonavi.com/appmaptile?style=6&x=3&y=0&z=3
06-11 10:33:39.937 29276 29500 I AndroidBridge: androidHttpGet: env=0xb400007a7da0fee0 gJniHttpHelperClass=0x30a6 gHttpGetMethod=0x1 url=https://webst03.is.autonavi.com/appmaptile?style=6&x=1&y=1&z=3
06-11 10:33:39.937 29276 29504 I JniHttpHelper: httpGet called: https://webst04.is.autonavi.com/appmaptile?style=6&x=2&y=1&z=3
06-11 10:33:39.938 29276 29507 I AndroidBridge: androidHttpGet: env=0xb400007a7da13440 gJniHttpHelperClass=0x30a6 gHttpGetMethod=0x1 url=https://webst01.is.autonavi.com/appmaptile?style=6&x=2&y=2&z=3
06-11 10:33:39.938 29276 29508 I AndroidBridge: androidHttpGet: env=0xb400007a0e781b40 gJniHttpHelperClass=0x30a6 gHttpGetMethod=0x1 url=https://webst02.is.autonavi.com/appmaptile?style=6&x=3&y=2&z=3
06-11 10:33:39.938 29276 29510 I AndroidBridge: androidHttpGet: env=0xb400007a0e781ec0 gJniHttpHelperClass=0x30a6 gHttpGetMethod=0x1 url=https://webst02.is.autonavi.com/appmaptile?style=6&x=5&y=0&z=3
06-11 10:33:39.938 29276 29509 I AndroidBridge: androidHttpGet: env=0xb400007a7da128e0 gJniHttpHelperClass=0x30a6 gHttpGetMethod=0x1 url=https://webst01.is.autonavi.com/appmaptile?style=6&x=4&y=0&z=3
06-11 10:33:39.939 29276 29498 I AndroidBridge: androidHttpGet: env=0xb400007a7da138a0 gJniHttpHelperClass=0x30a6 gHttpGetMethod=0x1 url=https://webst02.is.autonavi.com/appmaptile?style=6&x=1&y=0&z=3
06-11 10:33:39.941 29276 29506 I AndroidBridge: androidHttpGet: env=0xb400007a0e782240 gJniHttpHelperClass=0x30a6 gHttpGetMethod=0x1 url=https://webst01.is.autonavi.com/appmaptile?style=6&x=3&y=1&z=3
06-11 10:33:39.949 29276 29503 I JniHttpHelper: httpGet OK: https://webst04.is.autonavi.com/appmaptile?style=6&x=3&y=0&z=3 -> 7419 bytes
06-11 10:33:39.949 29276 29500 I JniHttpHelper: httpGet called: https://webst03.is.autonavi.com/appmaptile?style=6&x=1&y=1&z=3
06-11 10:33:39.952 29276 29504 I JniHttpHelper: httpGet OK: https://webst04.is.autonavi.com/appmaptile?style=6&x=2&y=1&z=3 -> 10633 bytes
06-11 10:33:39.952 29276 29502 I JniHttpHelper: httpGet called: https://webst03.is.autonavi.com/appmaptile?style=6&x=2&y=0&z=3
06-11 10:33:39.953 29276 29503 I AndroidBridge: Decoded image 256x256 from 7419 bytes
06-11 10:33:39.954  3189  5016 D MediaSessionService: dispatchVolumeKeyEvent, pkg=com.earthengine.minimalglobe, opPkg=com.earthengine.minimalglobe, pid=29276, uid=10602, asSystem=true, event=KeyEvent { action=ACTION_UP, keyCode=KEYCODE_VOLUME_DOWN, scanCode=0, metaState=0, flags=0x0, repeatCount=0, eventTime=200713648000000, downTime=200713476000000, deviceId=-1, source=0x0, displayId=-1 }, stream=-2147483648, musicOnly=false
06-11 10:33:39.954  3189  5016 D MediaSessionService: Adjusting suggestedStream=-2147483648 by 0. flags=4116, preferSuggestedStream=false, session=null, musicOnly false
06-11 10:33:39.954  3189  3189 E MediaSessionService: sPid is 3189 sTid:3189
06-11 10:33:39.955 29276 29504 I AndroidBridge: Decoded image 256x256 from 10633 bytes
06-11 10:33:39.959  3189  3189 D AudioServiceExtImpl: ringVolumeDefault :0
06-11 10:33:39.960  3189  3189 V AudioServiceExtImpl: oplusGetParameters() keyValuePairs:OPLUS_AUDIO_GET_ADJUSTVOLUME_FORBID, uid: 1000
06-11 10:33:39.960 29276 29500 I JniHttpHelper: httpGet OK: https://webst03.is.autonavi.com/appmaptile?style=6&x=1&y=1&z=3 -> 13660 bytes
06-11 10:33:39.960 29276 29507 I JniHttpHelper: httpGet called: https://webst01.is.autonavi.com/appmaptile?style=6&x=2&y=2&z=3
06-11 10:33:39.960  3189  3189 D AS.AudioService: sendVolumeUpdate streamType=3, index=800, flags=4112
06-11 10:33:39.960  3189  3189 D VolumeController: postVolumeChanged streamType=3, flags=4112
06-11 10:33:39.962  4329  5186 I SystemUi--Volume: vol.VolumeDialogControl-->shouldShowUI wakefulness:2 ,mDeviceInteractive:true ,mShowVolumeDialog:true
06-11 10:33:39.963 29276 29500 I AndroidBridge: Decoded image 256x256 from 13660 bytes
06-11 10:33:39.964  4329  5186 I SystemUi--Volume: vol.VolumeDialogControl-->onVolumeChangedW stream:3,flags:4112 ,showUI:false ,fromKey:true ,showVibrateHint:false ,showSilentHint:false ,changed:false
06-11 10:33:39.964  4329  5186 I SystemUi--Volume: vol.VolumeDialogControl-->shouldShowUI wakefulness:2 ,mDeviceInteractive:true ,mShowVolumeDialog:true
06-11 10:33:39.964  4329  4329 I SystemUi--Volume: OplusVolumeDialogImpl-->onVolumeKeyStateChange isMultiMediaSettingsEnable:false,screenState:2
06-11 10:33:39.965 29276 29276 I BasemapLayer: Tile uploaded: 3/3/0 256x256
06-11 10:33:39.966 29276 29276 I BasemapLayer: Tile uploaded: 3/2/1 256x256
06-11 10:33:39.972 29276 29517 I AndroidBridge: androidHttpGet: env=0xb400007a7da0fee0 gJniHttpHelperClass=0x30a6 gHttpGetMethod=0x1 url=https://webst02.is.autonavi.com/appmaptile?style=6&x=4&y=1&z=3
06-11 10:33:39.972 29276 29518 I AndroidBridge: androidHttpGet: env=0xb400007a7da130c0 gJniHttpHelperClass=0x30a6 gHttpGetMethod=0x1 url=https://webst03.is.autonavi.com/appmaptile?style=6&x=5&y=1&z=3
06-11 10:33:39.982 29276 29276 I BasemapLayer: Tile uploaded: 3/1/1 256x256
06-11 10:33:39.986 29276 29497 I JniHttpHelper: httpGet OK: https://webst01.is.autonavi.com/appmaptile?style=6&x=0&y=0&z=3 -> 1700 bytes
06-11 10:33:39.986 29276 29508 I JniHttpHelper: httpGet called: https://webst02.is.autonavi.com/appmaptile?style=6&x=3&y=2&z=3
06-11 10:33:39.987 29276 29499 I JniHttpHelper: httpGet OK: https://webst02.is.autonavi.com/appmaptile?style=6&x=0&y=1&z=3 -> 6558 bytes
06-11 10:33:39.987 29276 29510 I JniHttpHelper: httpGet called: https://webst02.is.autonavi.com/appmaptile?style=6&x=5&y=0&z=3
06-11 10:33:39.988 29276 29519 I AndroidBridge: androidHttpGet: env=0xb400007a0e782860 gJniHttpHelperClass=0x30a6 gHttpGetMethod=0x1 url=https://webst03.is.autonavi.com/appmaptile?style=6&x=6&y=0&z=3
06-11 10:33:39.990 29276 29497 I AndroidBridge: Decoded image 256x256 from 1700 bytes
06-11 10:33:39.991 29276 29499 I AndroidBridge: Decoded image 256x256 from 6558 bytes
06-11 10:33:39.996 29276 29510 I JniHttpHelper: httpGet OK: https://webst02.is.autonavi.com/appmaptile?style=6&x=5&y=0&z=3 -> 4269 bytes
06-11 10:33:39.996 29276 29509 I JniHttpHelper: httpGet called: https://webst01.is.autonavi.com/appmaptile?style=6&x=4&y=0&z=3
06-11 10:33:39.999 29276 29510 I AndroidBridge: Decoded image 256x256 from 4269 bytes
06-11 10:33:40.000 29276 29276 I BasemapLayer: Tile uploaded: 3/0/0 256x256
06-11 10:33:40.000 29276 29276 I BasemapLayer: Tile uploaded: 3/0/1 256x256
06-11 10:33:40.001 29276 29502 I JniHttpHelper: httpGet OK: https://webst03.is.autonavi.com/appmaptile?style=6&x=2&y=0&z=3 -> 8953 bytes
06-11 10:33:40.001 29276 29498 I JniHttpHelper: httpGet called: https://webst02.is.autonavi.com/appmaptile?style=6&x=1&y=0&z=3
06-11 10:33:40.003 29276 29507 I JniHttpHelper: httpGet OK: https://webst01.is.autonavi.com/appmaptile?style=6&x=2&y=2&z=3 -> 8553 bytes
06-11 10:33:40.005 29276 29502 I AndroidBridge: Decoded image 256x256 from 8953 bytes
06-11 10:33:40.005 29276 29506 I JniHttpHelper: httpGet called: https://webst01.is.autonavi.com/appmaptile?style=6&x=3&y=1&z=3
06-11 10:33:40.006 29276 29507 I AndroidBridge: Decoded image 256x256 from 8553 bytes
06-11 10:33:40.007 29276 29521 I AndroidBridge: androidHttpGet: env=0xb400007a0e7803a0 gJniHttpHelperClass=0x30a6 gHttpGetMethod=0x1 url=https://webst04.is.autonavi.com/appmaptile?style=6&x=7&y=0&z=3
06-11 10:33:40.007 29276 29522 I AndroidBridge: androidHttpGet: env=0xb400007a0e7818a0 gJniHttpHelperClass=0x30a6 gHttpGetMethod=0x1 url=https://webst04.is.autonavi.com/appmaptile?style=6&x=6&y=1&z=3
06-11 10:33:40.010 29276 29498 I JniHttpHelper: httpGet OK: https://webst02.is.autonavi.com/appmaptile?style=6&x=1&y=0&z=3 -> 2759 bytes
06-11 10:33:40.010 29276 29517 I JniHttpHelper: httpGet called: https://webst02.is.autonavi.com/appmaptile?style=6&x=4&y=1&z=3
06-11 10:33:40.014 29276 29498 I AndroidBridge: Decoded image 256x256 from 2759 bytes
06-11 10:33:40.027 29276 29517 I JniHttpHelper: httpGet OK: https://webst02.is.autonavi.com/appmaptile?style=6&x=4&y=1&z=3 -> 6191 bytes
06-11 10:33:40.027 29276 29518 I JniHttpHelper: httpGet called: https://webst03.is.autonavi.com/appmaptile?style=6&x=5&y=1&z=3
06-11 10:33:40.031 29276 29517 I AndroidBridge: Decoded image 256x256 from 6191 bytes
06-11 10:33:40.032 29276 29276 I BasemapLayer: Tile uploaded: 3/5/0 256x256
06-11 10:33:40.033 29276 29276 I BasemapLayer: Tile uploaded: 3/2/0 256x256
06-11 10:33:40.039 29276 29523 I AndroidBridge: androidHttpGet: env=0xb400007a7da0fee0 gJniHttpHelperClass=0x30a6 gHttpGetMethod=0x1 url=https://webst01.is.autonavi.com/appmaptile?style=6&x=7&y=1&z=3
06-11 10:33:40.039 29276 29524 I AndroidBridge: androidHttpGet: env=0xb400007a7da123a0 gJniHttpHelperClass=0x30a6 gHttpGetMethod=0x1 url=https://webst04.is.autonavi.com/appmaptile?style=6&x=11&y=4&z=4
06-11 10:33:40.039 29276 29508 I JniHttpHelper: httpGet OK: https://webst02.is.autonavi.com/appmaptile?style=6&x=3&y=2&z=3 -> 4250 bytes
06-11 10:33:40.039 29276 29519 I JniHttpHelper: httpGet called: https://webst03.is.autonavi.com/appmaptile?style=6&x=6&y=0&z=3
06-11 10:33:40.040 29276 29509 I JniHttpHelper: httpGet OK: https://webst01.is.autonavi.com/appmaptile?style=6&x=4&y=0&z=3 -> 3655 bytes
06-11 10:33:40.040 29276 29521 I JniHttpHelper: httpGet called: https://webst04.is.autonavi.com/appmaptile?style=6&x=7&y=0&z=3
06-11 10:33:40.041 29276 29518 I JniHttpHelper: httpGet OK: https://webst03.is.autonavi.com/appmaptile?style=6&x=5&y=1&z=3 -> 10258 bytes
06-11 10:33:40.042 29276 29508 I AndroidBridge: Decoded image 256x256 from 4250 bytes
06-11 10:33:40.043 29276 29522 I JniHttpHelper: httpGet called: https://webst04.is.autonavi.com/appmaptile?style=6&x=6&y=1&z=3
06-11 10:33:40.043 29276 29509 I AndroidBridge: Decoded image 256x256 from 3655 bytes
06-11 10:33:40.044 29276 29518 I AndroidBridge: Decoded image 256x256 from 10258 bytes
06-11 10:33:40.048 29276 29276 I BasemapLayer: Tile uploaded: 3/2/2 256x256
06-11 10:33:40.048 29276 29276 I BasemapLayer: Tile uploaded: 3/1/0 256x256
06-11 10:33:40.049 29276 29521 I JniHttpHelper: httpGet OK: https://webst04.is.autonavi.com/appmaptile?style=6&x=7&y=0&z=3 -> 2067 bytes
06-11 10:33:40.049 29276 29523 I JniHttpHelper: httpGet called: https://webst01.is.autonavi.com/appmaptile?style=6&x=7&y=1&z=3
06-11 10:33:40.050 29276 29519 I JniHttpHelper: httpGet OK: https://webst03.is.autonavi.com/appmaptile?style=6&x=6&y=0&z=3 -> 2774 bytes
06-11 10:33:40.050 29276 29524 I JniHttpHelper: httpGet called: https://webst04.is.autonavi.com/appmaptile?style=6&x=11&y=4&z=4
06-11 10:33:40.053 29276 29519 I AndroidBridge: Decoded image 256x256 from 2774 bytes
06-11 10:33:40.053 29276 29521 I AndroidBridge: Decoded image 256x256 from 2067 bytes
06-11 10:33:40.054 29276 29506 I JniHttpHelper: httpGet OK: https://webst01.is.autonavi.com/appmaptile?style=6&x=3&y=1&z=3 -> 5680 bytes
06-11 10:33:40.054 29276 29528 I AndroidBridge: androidHttpGet: env=0xb400007a6f9b0ac0 gJniHttpHelperClass=0x30a6 gHttpGetMethod=0x1 url=https://webst01.is.autonavi.com/appmaptile?style=6&x=12&y=4&z=4
06-11 10:33:40.054 29276 29528 I JniHttpHelper: httpGet called: https://webst01.is.autonavi.com/appmaptile?style=6&x=12&y=4&z=4
06-11 10:33:40.055 29276 29529 I AndroidBridge: androidHttpGet: env=0xb400007a0e780480 gJniHttpHelperClass=0x30a6 gHttpGetMethod=0x1 url=https://webst02.is.autonavi.com/appmaptile?style=6&x=13&y=4&z=4
06-11 10:33:40.057 29276 29506 I AndroidBridge: Decoded image 256x256 from 5680 bytes
06-11 10:33:40.058 29276 29524 I JniHttpHelper: httpGet OK: https://webst04.is.autonavi.com/appmaptile?style=6&x=11&y=4&z=4 -> 10392 bytes
06-11 10:33:40.059 29276 29529 I JniHttpHelper: httpGet called: https://webst02.is.autonavi.com/appmaptile?style=6&x=13&y=4&z=4
06-11 10:33:40.060 29276 29523 I JniHttpHelper: httpGet OK: https://webst01.is.autonavi.com/appmaptile?style=6&x=7&y=1&z=3 -> 12139 bytes
06-11 10:33:40.063 29276 29524 I AndroidBridge: Decoded image 256x256 from 10392 bytes
06-11 10:33:40.063 29276 29523 I AndroidBridge: Decoded image 256x256 from 12139 bytes
06-11 10:33:40.066  1800  1924 D BatteryChargeControl: bcc get no support from charging protocol
06-11 10:33:40.066 29276 29276 I BasemapLayer: Tile uploaded: 3/4/1 256x256
06-11 10:33:40.066 29276 29276 I BasemapLayer: Tile uploaded: 3/3/2 256x256
06-11 10:33:40.068 29276 29528 I JniHttpHelper: httpGet OK: https://webst01.is.autonavi.com/appmaptile?style=6&x=12&y=4&z=4 -> 11866 bytes
06-11 10:33:40.069 29276 29529 I JniHttpHelper: httpGet OK: https://webst02.is.autonavi.com/appmaptile?style=6&x=13&y=4&z=4 -> 12173 bytes
06-11 10:33:40.072 29276 29528 I AndroidBridge: Decoded image 256x256 from 11866 bytes
06-11 10:33:40.073 29276 29529 I AndroidBridge: Decoded image 256x256 from 12173 bytes
06-11 10:33:40.074 29276 29530 I AndroidBridge: androidHttpGet: env=0xb400007a6f9b0ac0 gJniHttpHelperClass=0x30a6 gHttpGetMethod=0x1 url=https://webst03.is.autonavi.com/appmaptile?style=6&x=24&y=10&z=5
06-11 10:33:40.074 29276 29530 I JniHttpHelper: httpGet called: https://webst03.is.autonavi.com/appmaptile?style=6&x=24&y=10&z=5
06-11 10:33:40.074 29276 29531 I AndroidBridge: androidHttpGet: env=0xb400007a7da0fee0 gJniHttpHelperClass=0x30a6 gHttpGetMethod=0x1 url=https://webst04.is.autonavi.com/appmaptile?style=6&x=25&y=10&z=5
06-11 10:33:40.074 29276 29531 I JniHttpHelper: httpGet called: https://webst04.is.autonavi.com/appmaptile?style=6&x=25&y=10&z=5
06-11 10:33:40.082 29276 29531 I JniHttpHelper: httpGet OK: https://webst04.is.autonavi.com/appmaptile?style=6&x=25&y=10&z=5 -> 9420 bytes
06-11 10:33:40.084 29276 29530 I JniHttpHelper: httpGet OK: https://webst03.is.autonavi.com/appmaptile?style=6&x=24&y=10&z=5 -> 12474 bytes
06-11 10:33:40.086 29276 29531 I AndroidBridge: Decoded image 256x256 from 9420 bytes
06-11 10:33:40.087 29276 29522 I JniHttpHelper: httpGet OK: https://webst04.is.autonavi.com/appmaptile?style=6&x=6&y=1&z=3 -> 12033 bytes
06-11 10:33:40.088 29276 29530 I AndroidBridge: Decoded image 256x256 from 12474 bytes
06-11 10:33:40.093 29276 29522 I AndroidBridge: Decoded image 256x256 from 12033 bytes
06-11 10:33:40.099 29276 29276 I BasemapLayer: Tile uploaded: 3/4/0 256x256
06-11 10:33:40.100 29276 29276 I BasemapLayer: Tile uploaded: 3/5/1 256x256
06-11 10:33:40.106 29276 29533 I AndroidBridge: androidHttpGet: env=0xb400007a6f9b0ac0 gJniHttpHelperClass=0x30a6 gHttpGetMethod=0x1 url=https://webst04.is.autonavi.com/appmaptile?style=6&x=24&y=11&z=5
06-11 10:33:40.106 29276 29534 I AndroidBridge: androidHttpGet: env=0xb400007a0e7818a0 gJniHttpHelperClass=0x30a6 gHttpGetMethod=0x1 url=https://webst01.is.autonavi.com/appmaptile?style=6&x=25&y=11&z=5
06-11 10:33:40.106 29276 29534 I JniHttpHelper: httpGet called: https://webst01.is.autonavi.com/appmaptile?style=6&x=25&y=11&z=5
06-11 10:33:40.106 29276 29533 I JniHttpHelper: httpGet called: https://webst04.is.autonavi.com/appmaptile?style=6&x=24&y=11&z=5
06-11 10:33:40.115 29276 29276 I BasemapLayer: Tile uploaded: 3/6/0 256x256
06-11 10:33:40.115 29276 29533 I JniHttpHelper: httpGet OK: https://webst04.is.autonavi.com/appmaptile?style=6&x=24&y=11&z=5 -> 10635 bytes
06-11 10:33:40.115 29276 29276 I BasemapLayer: Tile uploaded: 3/7/0 256x256
06-11 10:33:40.119 29276 29533 I AndroidBridge: Decoded image 256x256 from 10635 bytes
06-11 10:33:40.122 29276 29535 I AndroidBridge: androidHttpGet: env=0xb400007a6f9b0ac0 gJniHttpHelperClass=0x30a6 gHttpGetMethod=0x1 url=https://webst01.is.autonavi.com/appmaptile?style=6&x=26&y=10&z=5
06-11 10:33:40.122 29276 29536 I AndroidBridge: androidHttpGet: env=0xb400007a7da0fee0 gJniHttpHelperClass=0x30a6 gHttpGetMethod=0x1 url=https://webst02.is.autonavi.com/appmaptile?style=6&x=26&y=11&z=5
06-11 10:33:40.122 29276 29535 I JniHttpHelper: httpGet called: https://webst01.is.autonavi.com/appmaptile?style=6&x=26&y=10&z=5
06-11 10:33:40.122 29276 29536 I JniHttpHelper: httpGet called: https://webst02.is.autonavi.com/appmaptile?style=6&x=26&y=11&z=5
06-11 10:33:40.130  1667 15952 I sensors-hal: handle_oplus_wise_rgb_event:230, wise_rgb:algo_type = 3
06-11 10:33:40.130  1667 15952 I sensors-hal: handle_oplus_wise_rgb_event:285, wise_rgb: raw_lux 532.797241, raw_cct 6493.172852, r/g/b/c: 41292.953125/36267.765625/20539.765625/92166.156250, R/G/B: 0.000000/0.000000/0.000000, brl 1529.000000, lux: 532.797241, cct: 6493.172852, ts 242617447735960, cnt 3744
06-11 10:33:40.132 29276 29276 I BasemapLayer: Tile uploaded: 3/3/1 256x256
06-11 10:33:40.132 29276 29276 I BasemapLayer: Tile uploaded: 4/11/4 256x256
06-11 10:33:40.133 29276 29536 I JniHttpHelper: httpGet OK: https://webst02.is.autonavi.com/appmaptile?style=6&x=26&y=11&z=5 -> 8551 bytes
06-11 10:33:40.137 29276 29536 I AndroidBridge: Decoded image 256x256 from 8551 bytes
06-11 10:33:40.139 29276 29537 I AndroidBridge: androidHttpGet: env=0xb400007a7da0fee0 gJniHttpHelperClass=0x30a6 gHttpGetMethod=0x1 url=https://webst03.is.autonavi.com/appmaptile?style=6&x=14&y=4&z=4
06-11 10:33:40.139 29276 29537 I JniHttpHelper: httpGet called: https://webst03.is.autonavi.com/appmaptile?style=6&x=14&y=4&z=4
06-11 10:33:40.139 29276 29538 I AndroidBridge: androidHttpGet: env=0xb400007a0e783040 gJniHttpHelperClass=0x30a6 gHttpGetMethod=0x1 url=https://webst04.is.autonavi.com/appmaptile?style=6&x=101&y=50&z=7
06-11 10:33:40.140 29276 29538 I JniHttpHelper: httpGet called: https://webst04.is.autonavi.com/appmaptile?style=6&x=101&y=50&z=7
06-11 10:33:40.146 29276 29534 I JniHttpHelper: httpGet OK: https://webst01.is.autonavi.com/appmaptile?style=6&x=25&y=11&z=5 -> 7941 bytes
06-11 10:33:40.150 29276 29534 I AndroidBridge: Decoded image 256x256 from 7941 bytes
06-11 10:33:40.157 29276 29535 I JniHttpHelper: httpGet OK: https://webst01.is.autonavi.com/appmaptile?style=6&x=26&y=10&z=5 -> 6781 bytes
06-11 10:33:40.163 29276 29535 I AndroidBridge: Decoded image 256x256 from 6781 bytes
06-11 10:33:40.166 29276 29538 I JniHttpHelper: httpGet OK: https://webst04.is.autonavi.com/appmaptile?style=6&x=101&y=50&z=7 -> 14014 bytes
06-11 10:33:40.166 29276 29276 I BasemapLayer: Tile uploaded: 3/7/1 256x256
06-11 10:33:40.167 29276 29276 I BasemapLayer: Tile uploaded: 4/12/4 256x256
06-11 10:33:40.169 29276 29538 I AndroidBridge: Decoded image 256x256 from 14014 bytes
06-11 10:33:40.173 29276 29539 I AndroidBridge: androidHttpGet: env=0xb400007a6f9b0ac0 gJniHttpHelperClass=0x30a6 gHttpGetMethod=0x1 url=https://webst01.is.autonavi.com/appmaptile?style=6&x=101&y=51&z=7
06-11 10:33:40.173 29276 29540 I AndroidBridge: androidHttpGet: env=0xb400007a0e7824e0 gJniHttpHelperClass=0x30a6 gHttpGetMethod=0x1 url=https://webst01.is.autonavi.com/appmaptile?style=6&x=102&y=50&z=7
06-11 10:33:40.174 29276 29539 I JniHttpHelper: httpGet called: https://webst01.is.autonavi.com/appmaptile?style=6&x=101&y=51&z=7
06-11 10:33:40.174 29276 29540 I JniHttpHelper: httpGet called: https://webst01.is.autonavi.com/appmaptile?style=6&x=102&y=50&z=7
06-11 10:33:40.182 29276 29276 I BasemapLayer: Tile uploaded: 4/13/4 256x256
06-11 10:33:40.183 29276 29276 I BasemapLayer: Tile uploaded: 5/25/10 256x256
06-11 10:33:40.183 29276 29537 I JniHttpHelper: httpGet OK: https://webst03.is.autonavi.com/appmaptile?style=6&x=14&y=4&z=4 -> 11506 bytes
06-11 10:33:40.186 29276 29537 I AndroidBridge: Decoded image 256x256 from 11506 bytes
06-11 10:33:40.189 29276 29541 I AndroidBridge: androidHttpGet: env=0xb400007a7da0fee0 gJniHttpHelperClass=0x30a6 gHttpGetMethod=0x1 url=https://webst02.is.autonavi.com/appmaptile?style=6&x=102&y=51&z=7
06-11 10:33:40.189 29276 29541 I JniHttpHelper: httpGet called: https://webst02.is.autonavi.com/appmaptile?style=6&x=102&y=51&z=7
06-11 10:33:40.190 29276 29542 I AndroidBridge: androidHttpGet: env=0xb400007a0e7834a0 gJniHttpHelperClass=0x30a6 gHttpGetMethod=0x1 url=https://webst04.is.autonavi.com/appmaptile?style=6&x=203&y=104&z=8
06-11 10:33:40.190 29276 29542 I JniHttpHelper: httpGet called: https://webst04.is.autonavi.com/appmaptile?style=6&x=203&y=104&z=8
06-11 10:33:40.198 29276 29540 I JniHttpHelper: httpGet OK: https://webst01.is.autonavi.com/appmaptile?style=6&x=102&y=50&z=7 -> 12933 bytes
06-11 10:33:40.199 29276 29539 I JniHttpHelper: httpGet OK: https://webst01.is.autonavi.com/appmaptile?style=6&x=101&y=51&z=7 -> 15101 bytes
06-11 10:33:40.199 29276 29276 I BasemapLayer: Tile uploaded: 5/24/10 256x256
06-11 10:33:40.199 29276 29276 I BasemapLayer: Tile uploaded: 3/6/1 256x256
06-11 10:33:40.200 29276 29542 I JniHttpHelper: httpGet OK: https://webst04.is.autonavi.com/appmaptile?style=6&x=203&y=104&z=8 -> 27895 bytes
06-11 10:33:40.200 29276 29541 I JniHttpHelper: httpGet OK: https://webst02.is.autonavi.com/appmaptile?style=6&x=102&y=51&z=7 -> 13632 bytes
06-11 10:33:40.202 29276 29539 I AndroidBridge: Decoded image 256x256 from 15101 bytes
06-11 10:33:40.203 29276 29540 I AndroidBridge: Decoded image 256x256 from 12933 bytes
06-11 10:33:40.204 29276 29542 I AndroidBridge: Decoded image 256x256 from 27895 bytes
06-11 10:33:40.205 29276 29541 I AndroidBridge: Decoded image 256x256 from 13632 bytes
06-11 10:33:40.207 29276 29543 I AndroidBridge: androidHttpGet: env=0xb400007a6f9b0ac0 gJniHttpHelperClass=0x30a6 gHttpGetMethod=0x1 url=https://webst01.is.autonavi.com/appmaptile?style=6&x=406&y=210&z=9
06-11 10:33:40.207 29276 29544 I AndroidBridge: androidHttpGet: env=0xb400007a0e7824e0 gJniHttpHelperClass=0x30a6 gHttpGetMethod=0x1 url=https://webst02.is.autonavi.com/appmaptile?style=6&x=407&y=210&z=9
06-11 10:33:40.207 29276 29543 I JniHttpHelper: httpGet called: https://webst01.is.autonavi.com/appmaptile?style=6&x=406&y=210&z=9
06-11 10:33:40.207 29276 29544 I JniHttpHelper: httpGet called: https://webst02.is.autonavi.com/appmaptile?style=6&x=407&y=210&z=9
06-11 10:33:40.218 29276 29544 I JniHttpHelper: httpGet OK: https://webst02.is.autonavi.com/appmaptile?style=6&x=407&y=210&z=9 -> 27612 bytes
06-11 10:33:40.218 29276 29543 I JniHttpHelper: httpGet OK: https://webst01.is.autonavi.com/appmaptile?style=6&x=406&y=210&z=9 -> 31437 bytes
06-11 10:33:40.222 29276 29544 I AndroidBridge: Decoded image 256x256 from 27612 bytes
06-11 10:33:40.223 29276 29543 I AndroidBridge: Decoded image 256x256 from 31437 bytes
06-11 10:33:40.230  3189  4433 I OplusHansManager : uid=10136, pkg=com.baidu.input_oppo cannot transition from R to M, importance=input
06-11 10:33:40.231  3189  4433 I OplusHansManager : uid=10370, pkg=com.tencent.android.qqdownloader cannot transition from R to M, importance=screenRecorder
06-11 10:33:40.234 29276 29276 I BasemapLayer: Tile uploaded: 5/24/11 256x256
06-11 10:33:40.234 29276 29276 I BasemapLayer: Tile uploaded: 5/26/11 256x256
06-11 10:33:40.241 29276 29545 I AndroidBridge: androidHttpGet: env=0xb400007a0e782320 gJniHttpHelperClass=0x30a6 gHttpGetMethod=0x1 url=https://webst01.is.autonavi.com/appmaptile?style=6&x=814&y=422&z=10
06-11 10:33:40.241 29276 29546 I AndroidBridge: androidHttpGet: env=0xb400007a0e783040 gJniHttpHelperClass=0x30a6 gHttpGetMethod=0x1 url=https://webst02.is.autonavi.com/appmaptile?style=6&x=815&y=422&z=10
06-11 10:33:40.242 29276 29545 I JniHttpHelper: httpGet called: https://webst01.is.autonavi.com/appmaptile?style=6&x=814&y=422&z=10
06-11 10:33:40.242 29276 29546 I JniHttpHelper: httpGet called: https://webst02.is.autonavi.com/appmaptile?style=6&x=815&y=422&z=10
06-11 10:33:40.253 29276 29545 I JniHttpHelper: httpGet OK: https://webst01.is.autonavi.com/appmaptile?style=6&x=814&y=422&z=10 -> 30238 bytes
06-11 10:33:40.254 29276 29546 I JniHttpHelper: httpGet OK: https://webst02.is.autonavi.com/appmaptile?style=6&x=815&y=422&z=10 -> 26987 bytes
06-11 10:33:40.261 29276 29545 I AndroidBridge: Decoded image 256x256 from 30238 bytes
06-11 10:33:40.261 29276 29546 I AndroidBridge: Decoded image 256x256 from 26987 bytes
06-11 10:33:40.267 29276 29276 I BasemapLayer: Tile uploaded: 5/25/11 256x256
06-11 10:33:40.267 29276 29276 I BasemapLayer: Tile uploaded: 5/26/10 256x256
06-11 10:33:40.274 29276 29369 E JniHttpHelper: HTTP GET failed: http://192.168.1.6:8091/11/1629/689.terrain
06-11 10:33:40.274 29276 29369 E JniHttpHelper: java.net.SocketException: No route to host
06-11 10:33:40.274 29276 29369 E JniHttpHelper: 	at java.net.SocketOutputStream.socketWrite0(Native Method)
06-11 10:33:40.274 29276 29369 E JniHttpHelper: 	at java.net.SocketOutputStream.socketWrite(SocketOutputStream.java:116)
06-11 10:33:40.274 29276 29369 E JniHttpHelper: 	at java.net.SocketOutputStream.write(SocketOutputStream.java:156)
06-11 10:33:40.274 29276 29369 E JniHttpHelper: 	at com.android.okhttp.okio.Okio$1.write(Okio.java:78)
06-11 10:33:40.274 29276 29369 E JniHttpHelper: 	at com.android.okhttp.okio.AsyncTimeout$1.write(AsyncTimeout.java:157)
06-11 10:33:40.274 29276 29369 E JniHttpHelper: 	at com.android.okhttp.okio.RealBufferedSink.flush(RealBufferedSink.java:222)
06-11 10:33:40.274 29276 29369 E JniHttpHelper: 	at com.android.okhttp.internal.http.Http1xStream.finishRequest(Http1xStream.java:163)
06-11 10:33:40.274 29276 29369 E JniHttpHelper: 	at com.android.okhttp.internal.http.HttpEngine.readNetworkResponse(HttpEngine.java:748)
06-11 10:33:40.274 29276 29369 E JniHttpHelper: 	at com.android.okhttp.internal.http.HttpEngine.readResponse(HttpEngine.java:622)
06-11 10:33:40.274 29276 29369 E JniHttpHelper: 	at com.android.okhttp.internal.huc.HttpURLConnectionImpl.execute(HttpURLConnectionImpl.java:475)
06-11 10:33:40.274 29276 29369 E JniHttpHelper: 	at com.android.okhttp.internal.huc.HttpURLConnectionImpl.getResponse(HttpURLConnectionImpl.java:411)
06-11 10:33:40.274 29276 29369 E JniHttpHelper: 	at com.android.okhttp.internal.huc.HttpURLConnectionImpl.getResponseCode(HttpURLConnectionImpl.java:542)
06-11 10:33:40.274 29276 29369 E JniHttpHelper: 	at com.earthengine.minimalglobe.JniHttpHelper.httpGet(JniHttpHelper.java:54)
06-11 10:33:40.274 29276 29369 I QMTerrain: httpGet bridge: 0 bytes
06-11 10:33:40.274 29276 29369 I QMTerrain: requestTile: z=11 x=1629 y=1358 body=0 canceled=0
06-11 10:33:40.274 29276 29369 I QMTerrain: httpGet ENTER: http://192.168.1.6:8091/11/1630/685.terrain
06-11 10:33:40.274 29276 29369 I AndroidBridge: androidHttpGet: env=0xb400007a7da10880 gJniHttpHelperClass=0x30a6 gHttpGetMethod=0x1 url=http://192.168.1.6:8091/11/1630/685.terrain
06-11 10:33:40.274 29276 29369 I JniHttpHelper: httpGet called: http://192.168.1.6:8091/11/1630/685.terrain
06-11 10:33:40.274 29276 29374 E JniHttpHelper: HTTP GET failed: http://192.168.1.6:8091/11/1629/686.terrain
06-11 10:33:40.274 29276 29374 E JniHttpHelper: java.net.SocketException: No route to host
06-11 10:33:40.274 29276 29374 E JniHttpHelper: 	at java.net.SocketOutputStream.socketWrite0(Native Method)
06-11 10:33:40.274 29276 29374 E JniHttpHelper: 	at java.net.SocketOutputStream.socketWrite(SocketOutputStream.java:116)
06-11 10:33:40.274 29276 29374 E JniHttpHelper: 	at java.net.SocketOutputStream.write(SocketOutputStream.java:156)
06-11 10:33:40.274 29276 29374 E JniHttpHelper: 	at com.android.okhttp.okio.Okio$1.write(Okio.java:78)
06-11 10:33:40.274 29276 29374 E JniHttpHelper: 	at com.android.okhttp.okio.AsyncTimeout$1.write(AsyncTimeout.java:157)
06-11 10:33:40.274 29276 29374 E JniHttpHelper: 	at com.android.okhttp.okio.RealBufferedSink.flush(RealBufferedSink.java:222)
06-11 10:33:40.274 29276 29374 E JniHttpHelper: 	at com.android.okhttp.internal.http.Http1xStream.finishRequest(Http1xStream.java:163)
06-11 10:33:40.274 29276 29374 E JniHttpHelper: 	at com.android.okhttp.internal.http.HttpEngine.readNetworkResponse(HttpEngine.java:748)
06-11 10:33:40.274 29276 29374 E JniHttpHelper: 	at com.android.okhttp.internal.http.HttpEngine.readResponse(HttpEngine.java:622)
06-11 10:33:40.274 29276 29374 E JniHttpHelper: 	at com.android.okhttp.internal.huc.HttpURLConnectionImpl.execute(HttpURLConnectionImpl.java:475)
06-11 10:33:40.274 29276 29374 E JniHttpHelper: 	at com.android.okhttp.internal.huc.HttpURLConnectionImpl.getResponse(HttpURLConnectionImpl.java:411)
06-11 10:33:40.274 29276 29374 E JniHttpHelper: 	at com.android.okhttp.internal.huc.HttpURLConnectionImpl.getResponseCode(HttpURLConnectionImpl.java:542)
06-11 10:33:40.274 29276 29374 E JniHttpHelper: 	at com.earthengine.minimalglobe.JniHttpHelper.httpGet(JniHttpHelper.java:54)
06-11 10:33:40.274 29276 29374 I QMTerrain: httpGet bridge: 0 bytes
06-11 10:33:40.274 29276 29374 I QMTerrain: requestTile: z=11 x=1629 y=1361 body=0 canceled=0
06-11 10:33:40.274 29276 29374 I QMTerrain: httpGet ENTER: http://192.168.1.6:8091/11/1630/684.terrain
06-11 10:33:40.274 29276 29374 I AndroidBridge: androidHttpGet: env=0xb400007a7da10f80 gJniHttpHelperClass=0x30a6 gHttpGetMethod=0x1 url=http://192.168.1.6:8091/11/1630/684.terrain
06-11 10:33:40.274 29276 29374 I JniHttpHelper: httpGet called: http://192.168.1.6:8091/11/1630/684.terrain
06-11 10:33:40.274 29276 29373 E JniHttpHelper: HTTP GET failed: http://192.168.1.6:8091/11/1629/687.terrain
06-11 10:33:40.274 29276 29373 E JniHttpHelper: java.net.ConnectException: Failed to connect to /192.168.1.6:8091
06-11 10:33:40.274 29276 29373 E JniHttpHelper: 	at com.android.okhttp.internal.io.RealConnection.connectSocket(RealConnection.java:147)
06-11 10:33:40.274 29276 29373 E JniHttpHelper: 	at com.android.okhttp.internal.io.RealConnection.connect(RealConnection.java:116)
06-11 10:33:40.274 29276 29373 E JniHttpHelper: 	at com.android.okhttp.internal.http.StreamAllocation.findConnection(StreamAllocation.java:186)
06-11 10:33:40.274 29276 29373 E JniHttpHelper: 	at com.android.okhttp.internal.http.StreamAllocation.findHealthyConnection(StreamAllocation.java:128)
06-11 10:33:40.274 29276 29373 E JniHttpHelper: 	at com.android.okhttp.internal.http.StreamAllocation.newStream(StreamAllocation.java:97)
06-11 10:33:40.274 29276 29373 E JniHttpHelper: 	at com.android.okhttp.internal.http.HttpEngine.connect(HttpEngine.java:289)
06-11 10:33:40.274 29276 29373 E JniHttpHelper: 	at com.android.okhttp.internal.http.HttpEngine.sendRequest(HttpEngine.java:232)
06-11 10:33:40.274 29276 29373 E JniHttpHelper: 	at com.android.okhttp.internal.huc.HttpURLConnectionImpl.execute(HttpURLConnectionImpl.java:465)
06-11 10:33:40.274 29276 29373 E JniHttpHelper: 	at com.android.okhttp.internal.huc.HttpURLConnectionImpl.connect(HttpURLConnectionImpl.java:131)
06-11 10:33:40.274 29276 29373 E JniHttpHelper: 	at com.earthengine.minimalglobe.JniHttpHelper.httpGet(JniHttpHelper.java:52)
06-11 10:33:40.274 29276 29373 I QMTerrain: httpGet bridge: 0 bytes
06-11 10:33:40.274 29276 29373 I QMTerrain: requestTile: z=11 x=1629 y=1360 body=0 canceled=0
06-11 10:33:40.274 29276 29373 I QMTerrain: httpGet ENTER: http://192.168.1.6:8091/12/3259/1384.terrain
06-11 10:33:40.274 29276 29373 I AndroidBridge: androidHttpGet: env=0xb400007a071a7000 gJniHttpHelperClass=0x30a6 gHttpGetMethod=0x1 url=http://192.168.1.6:8091/12/3259/1384.terrain
06-11 10:33:40.274 29276 29373 I JniHttpHelper: httpGet called: http://192.168.1.6:8091/12/3259/1384.terrain
06-11 10:33:40.275 29276 29371 E JniHttpHelper: HTTP GET failed: http://192.168.1.6:8091/11/1629/688.terrain
06-11 10:33:40.275 29276 29371 E JniHttpHelper: java.net.SocketException: No route to host
06-11 10:33:40.275 29276 29371 E JniHttpHelper: 	at java.net.SocketOutputStream.socketWrite0(Native Method)
06-11 10:33:40.275 29276 29371 E JniHttpHelper: 	at java.net.SocketOutputStream.socketWrite(SocketOutputStream.java:116)
06-11 10:33:40.275 29276 29371 E JniHttpHelper: 	at java.net.SocketOutputStream.write(SocketOutputStream.java:156)
06-11 10:33:40.275 29276 29371 E JniHttpHelper: 	at com.android.okhttp.okio.Okio$1.write(Okio.java:78)
06-11 10:33:40.275 29276 29371 E JniHttpHelper: 	at com.android.okhttp.okio.AsyncTimeout$1.write(AsyncTimeout.java:157)
06-11 10:33:40.275 29276 29371 E JniHttpHelper: 	at com.android.okhttp.okio.RealBufferedSink.flush(RealBufferedSink.java:222)
06-11 10:33:40.275 29276 29371 E JniHttpHelper: 	at com.android.okhttp.internal.http.Http1xStream.finishRequest(Http1xStream.java:163)
06-11 10:33:40.275 29276 29371 E JniHttpHelper: 	at com.android.okhttp.internal.http.HttpEngine.readNetworkResponse(HttpEngine.java:748)
06-11 10:33:40.275 29276 29371 E JniHttpHelper: 	at com.android.okhttp.internal.http.HttpEngine.readResponse(HttpEngine.java:622)
06-11 10:33:40.275 29276 29371 E JniHttpHelper: 	at com.android.okhttp.internal.huc.HttpURLConnectionImpl.execute(HttpURLConnectionImpl.java:475)
06-11 10:33:40.275 29276 29371 E JniHttpHelper: 	at com.android.okhttp.internal.huc.HttpURLConnectionImpl.getResponse(HttpURLConnectionImpl.java:411)
06-11 10:33:40.275 29276 29371 E JniHttpHelper: 	at com.android.okhttp.internal.huc.HttpURLConnectionImpl.getResponseCode(HttpURLConnectionImpl.java:542)
06-11 10:33:40.275 29276 29371 E JniHttpHelper: 	at com.earthengine.minimalglobe.JniHttpHelper.httpGet(JniHttpHelper.java:54)
06-11 10:33:40.275 29276 29371 I QMTerrain: httpGet bridge: 0 bytes
06-11 10:33:40.275 29276 29371 I QMTerrain: requestTile: z=11 x=1629 y=1359 body=0 canceled=0
06-11 10:33:40.275 29276 29371 I QMTerrain: httpGet ENTER: http://192.168.1.6:8091/12/3259/1382.terrain
06-11 10:33:40.275 29276 29371 I AndroidBridge: androidHttpGet: env=0xb400007a6f9b0c80 gJniHttpHelperClass=0x30a6 gHttpGetMethod=0x1 url=http://192.168.1.6:8091/12/3259/1382.terrain
06-11 10:33:40.275 29276 29371 I JniHttpHelper: httpGet called: http://192.168.1.6:8091/12/3259/1382.terrain
06-11 10:33:40.276 29276 29372 E JniHttpHelper: HTTP GET failed: http://192.168.1.6:8091/11/1630/688.terrain
06-11 10:33:40.276 29276 29372 E JniHttpHelper: java.net.ConnectException: Failed to connect to /192.168.1.6:8091
06-11 10:33:40.276 29276 29372 E JniHttpHelper: 	at com.android.okhttp.internal.io.RealConnection.connectSocket(RealConnection.java:147)
06-11 10:33:40.276 29276 29372 E JniHttpHelper: 	at com.android.okhttp.internal.io.RealConnection.connect(RealConnection.java:116)
06-11 10:33:40.276 29276 29372 E JniHttpHelper: 	at com.android.okhttp.internal.http.StreamAllocation.findConnection(StreamAllocation.java:186)
06-11 10:33:40.276 29276 29372 E JniHttpHelper: 	at com.android.okhttp.internal.http.StreamAllocation.findHealthyConnection(StreamAllocation.java:128)
06-11 10:33:40.276 29276 29372 E JniHttpHelper: 	at com.android.okhttp.internal.http.StreamAllocation.newStream(StreamAllocation.java:97)
06-11 10:33:40.276 29276 29372 E JniHttpHelper: 	at com.android.okhttp.internal.http.HttpEngine.connect(HttpEngine.java:289)
06-11 10:33:40.276 29276 29372 E JniHttpHelper: 	at com.android.okhttp.internal.http.HttpEngine.sendRequest(HttpEngine.java:232)
06-11 10:33:40.276 29276 29372 E JniHttpHelper: 	at com.android.okhttp.internal.huc.HttpURLConnectionImpl.execute(HttpURLConnectionImpl.java:465)
06-11 10:33:40.276 29276 29372 E JniHttpHelper: 	at com.android.okhttp.internal.huc.HttpURLConnectionImpl.connect(HttpURLConnectionImpl.java:131)
06-11 10:33:40.276 29276 29372 E JniHttpHelper: 	at com.earthengine.minimalglobe.JniHttpHelper.httpGet(JniHttpHelper.java:52)
06-11 10:33:40.276 29276 29372 I QMTerrain: httpGet bridge: 0 bytes
06-11 10:33:40.276 29276 29372 I QMTerrain: requestTile: z=11 x=1630 y=1359 body=0 canceled=0
06-11 10:33:40.276 29276 29372 I QMTerrain: httpGet ENTER: http://192.168.1.6:8091/11/1629/690.terrain
06-11 10:33:40.276 29276 29372 I AndroidBridge: androidHttpGet: env=0xb400007a7da10c00 gJniHttpHelperClass=0x30a6 gHttpGetMethod=0x1 url=http://192.168.1.6:8091/11/1629/690.terrain
06-11 10:33:40.276 29276 29372 I JniHttpHelper: httpGet called: http://192.168.1.6:8091/11/1629/690.terrain
06-11 10:33:40.276 29276 29549 I AndroidBridge: androidHttpGet: env=0xb400007a0e783040 gJniHttpHelperClass=0x30a6 gHttpGetMethod=0x1 url=https://webst03.is.autonavi.com/appmaptile?style=6&x=815&y=423&z=10
06-11 10:33:40.276 29276 29549 I JniHttpHelper: httpGet called: https://webst03.is.autonavi.com/appmaptile?style=6&x=815&y=423&z=10
06-11 10:33:40.276 29276 29548 I AndroidBridge: androidHttpGet: env=0xb400007a0e783660 gJniHttpHelperClass=0x30a6 gHttpGetMethod=0x1 url=https://webst02.is.autonavi.com/appmaptile?style=6&x=814&y=423&z=10
06-11 10:33:40.276 29276 29548 I JniHttpHelper: httpGet called: https://webst02.is.autonavi.com/appmaptile?style=6&x=814&y=423&z=10
06-11 10:33:40.277 29276 29375 E JniHttpHelper: HTTP GET failed: http://192.168.1.6:8091/11/1630/687.terrain
06-11 10:33:40.277 29276 29375 E JniHttpHelper: java.net.ConnectException: Failed to connect to /192.168.1.6:8091
06-11 10:33:40.277 29276 29375 E JniHttpHelper: 	at com.android.okhttp.internal.io.RealConnection.connectSocket(RealConnection.java:147)
06-11 10:33:40.277 29276 29375 E JniHttpHelper: 	at com.android.okhttp.internal.io.RealConnection.connect(RealConnection.java:116)
06-11 10:33:40.277 29276 29375 E JniHttpHelper: 	at com.android.okhttp.internal.http.StreamAllocation.findConnection(StreamAllocation.java:186)
06-11 10:33:40.277 29276 29375 E JniHttpHelper: 	at com.android.okhttp.internal.http.StreamAllocation.findHealthyConnection(StreamAllocation.java:128)
06-11 10:33:40.277 29276 29375 E JniHttpHelper: 	at com.android.okhttp.internal.http.StreamAllocation.newStream(StreamAllocation.java:97)
06-11 10:33:40.277 29276 29375 E JniHttpHelper: 	at com.android.okhttp.internal.http.HttpEngine.connect(HttpEngine.java:289)
06-11 10:33:40.277 29276 29375 E JniHttpHelper: 	at com.android.okhttp.internal.http.HttpEngine.sendRequest(HttpEngine.java:232)
06-11 10:33:40.277 29276 29375 E JniHttpHelper: 	at com.android.okhttp.internal.huc.HttpURLConnectionImpl.execute(HttpURLConnectionImpl.java:465)
06-11 10:33:40.277 29276 29375 E JniHttpHelper: 	at com.android.okhttp.internal.huc.HttpURLConnectionImpl.connect(HttpURLConnectionImpl.java:131)
06-11 10:33:40.277 29276 29375 E JniHttpHelper: 	at com.earthengine.minimalglobe.JniHttpHelper.httpGet(JniHttpHelper.java:52)
06-11 10:33:40.277 29276 29377 E JniHttpHelper: HTTP GET failed: http://192.168.1.6:8091/11/1629/685.terrain
06-11 10:33:40.277 29276 29377 E JniHttpHelper: java.net.ConnectException: Failed to connect to /192.168.1.6:8091
06-11 10:33:40.277 29276 29377 E JniHttpHelper: 	at com.android.okhttp.internal.io.RealConnection.connectSocket(RealConnection.java:147)
06-11 10:33:40.277 29276 29377 E JniHttpHelper: 	at com.android.okhttp.internal.io.RealConnection.connect(RealConnection.java:116)
06-11 10:33:40.277 29276 29377 E JniHttpHelper: 	at com.android.okhttp.internal.http.StreamAllocation.findConnection(StreamAllocation.java:186)
06-11 10:33:40.277 29276 29377 E JniHttpHelper: 	at com.android.okhttp.internal.http.StreamAllocation.findHealthyConnection(StreamAllocation.java:128)
06-11 10:33:40.277 29276 29377 E JniHttpHelper: 	at com.android.okhttp.internal.http.StreamAllocation.newStream(StreamAllocation.java:97)
06-11 10:33:40.277 29276 29377 E JniHttpHelper: 	at com.android.okhttp.internal.http.HttpEngine.connect(HttpEngine.java:289)
06-11 10:33:40.277 29276 29377 E JniHttpHelper: 	at com.android.okhttp.internal.http.HttpEngine.sendRequest(HttpEngine.java:232)
06-11 10:33:40.277 29276 29377 E JniHttpHelper: 	at com.android.okhttp.internal.huc.HttpURLConnectionImpl.execute(HttpURLConnectionImpl.java:465)
06-11 10:33:40.277 29276 29377 E JniHttpHelper: 	at com.android.okhttp.internal.huc.HttpURLConnectionImpl.connect(HttpURLConnectionImpl.java:131)
06-11 10:33:40.277 29276 29377 E JniHttpHelper: 	at com.earthengine.minimalglobe.JniHttpHelper.httpGet(JniHttpHelper.java:52)
06-11 10:33:40.277 29276 29377 I QMTerrain: httpGet bridge: 0 bytes
06-11 10:33:40.277 29276 29377 I QMTerrain: requestTile: z=11 x=1629 y=1362 body=0 canceled=0
06-11 10:33:40.277 29276 29377 I QMTerrain: httpGet ENTER: http://192.168.1.6:8091/12/3260/1382.terrain
06-11 10:33:40.277 29276 29377 I AndroidBridge: androidHttpGet: env=0xb400007a071a7700 gJniHttpHelperClass=0x30a6 gHttpGetMethod=0x1 url=http://192.168.1.6:8091/12/3260/1382.terrain
06-11 10:33:40.277 29276 29375 I QMTerrain: httpGet bridge: 0 bytes
06-11 10:33:40.277 29276 29377 I JniHttpHelper: httpGet called: http://192.168.1.6:8091/12/3260/1382.terrain
06-11 10:33:40.278 29276 29375 I QMTerrain: requestTile: z=11 x=1630 y=1360 body=0 canceled=0
06-11 10:33:40.278 29276 29376 E JniHttpHelper: HTTP GET failed: http://192.168.1.6:8091/11/1630/686.terrain
06-11 10:33:40.278 29276 29376 E JniHttpHelper: java.net.ConnectException: Failed to connect to /192.168.1.6:8091
06-11 10:33:40.278 29276 29376 E JniHttpHelper: 	at com.android.okhttp.internal.io.RealConnection.connectSocket(RealConnection.java:147)
06-11 10:33:40.278 29276 29376 E JniHttpHelper: 	at com.android.okhttp.internal.io.RealConnection.connect(RealConnection.java:116)
06-11 10:33:40.278 29276 29376 E JniHttpHelper: 	at com.android.okhttp.internal.http.StreamAllocation.findConnection(StreamAllocation.java:186)
06-11 10:33:40.278 29276 29376 E JniHttpHelper: 	at com.android.okhttp.internal.http.StreamAllocation.findHealthyConnection(StreamAllocation.java:128)
06-11 10:33:40.278 29276 29376 E JniHttpHelper: 	at com.android.okhttp.internal.http.StreamAllocation.newStream(StreamAllocation.java:97)
06-11 10:33:40.278 29276 29376 E JniHttpHelper: 	at com.android.okhttp.internal.http.HttpEngine.connect(HttpEngine.java:289)
06-11 10:33:40.278 29276 29376 E JniHttpHelper: 	at com.android.okhttp.internal.http.HttpEngine.sendRequest(HttpEngine.java:232)
06-11 10:33:40.278 29276 29376 E JniHttpHelper: 	at com.android.okhttp.internal.huc.HttpURLConnectionImpl.execute(HttpURLConnectionImpl.java:465)
06-11 10:33:40.278 29276 29376 E JniHttpHelper: 	at com.android.okhttp.internal.huc.HttpURLConnectionImpl.connect(HttpURLConnectionImpl.java:131)
06-11 10:33:40.278 29276 29376 E JniHttpHelper: 	at com.earthengine.minimalglobe.JniHttpHelper.httpGet(JniHttpHelper.java:52)
06-11 10:33:40.278 29276 29375 I QMTerrain: httpGet ENTER: http://192.168.1.6:8091/11/1630/690.terrain
06-11 10:33:40.278 29276 29376 I QMTerrain: httpGet bridge: 0 bytes
06-11 10:33:40.278 29276 29376 I QMTerrain: requestTile: z=11 x=1630 y=1361 body=0 canceled=0
06-11 10:33:40.278 29276 29376 I QMTerrain: httpGet ENTER: http://192.168.1.6:8091/11/1630/689.terrain
06-11 10:33:40.278 29276 29375 I AndroidBridge: androidHttpGet: env=0xb400007a071a7380 gJniHttpHelperClass=0x30a6 gHttpGetMethod=0x1 url=http://192.168.1.6:8091/11/1630/690.terrain
06-11 10:33:40.278 29276 29376 I AndroidBridge: androidHttpGet: env=0xb400007a7da11300 gJniHttpHelperClass=0x30a6 gHttpGetMethod=0x1 url=http://192.168.1.6:8091/11/1630/689.terrain
06-11 10:33:40.278 29276 29375 I JniHttpHelper: httpGet called: http://192.168.1.6:8091/11/1630/690.terrain
06-11 10:33:40.278 29276 29376 I JniHttpHelper: httpGet called: http://192.168.1.6:8091/11/1630/689.terrain
06-11 10:33:40.301 29276 29276 I BasemapLayer: Tile uploaded: 7/101/50 256x256
06-11 10:33:40.301 29276 29276 I BasemapLayer: Tile uploaded: 4/14/4 256x256
06-11 10:33:40.309 29276 29550 I AndroidBridge: androidHttpGet: env=0xb400007a7da0fee0 gJniHttpHelperClass=0x30a6 gHttpGetMethod=0x1 url=https://webst01.is.autonavi.com/appmaptile?style=6&x=3258&y=1698&z=12
06-11 10:33:40.309 29276 29551 I AndroidBridge: androidHttpGet: env=0xb400007a0e782e80 gJniHttpHelperClass=0x30a6 gHttpGetMethod=0x1 url=https://webst02.is.autonavi.com/appmaptile?style=6&x=3259&y=1698&z=12
06-11 10:33:40.309 29276 29550 I JniHttpHelper: httpGet called: https://webst01.is.autonavi.com/appmaptile?style=6&x=3258&y=1698&z=12
06-11 10:33:40.309 29276 29551 I JniHttpHelper: httpGet called: https://webst02.is.autonavi.com/appmaptile?style=6&x=3259&y=1698&z=12
06-11 10:33:40.331  1667 15952 I sensors-hal: handle_oplus_wise_rgb_event:230, wise_rgb:algo_type = 3
06-11 10:33:40.331  1667 15952 I sensors-hal: handle_oplus_wise_rgb_event:285, wise_rgb: raw_lux 534.367798, raw_cct 6439.138672, r/g/b/c: 41153.312500/36292.628906/20457.082031/92115.546875, R/G/B: 0.000000/0.000000/0.000000, brl 1529.000000, lux: 534.367798, cct: 6439.138672, ts 242617647507835, cnt 3745
06-11 10:33:40.334 29276 29276 I BasemapLayer: Tile uploaded: 7/101/51 256x256
06-11 10:33:40.335 29276 29276 I BasemapLayer: Tile uploaded: 7/102/50 256x256
06-11 10:33:40.344 29276 29552 I AndroidBridge: androidHttpGet: env=0xb400007a7da12020 gJniHttpHelperClass=0x30a6 gHttpGetMethod=0x1 url=https://webst03.is.autonavi.com/appmaptile?style=6&x=3259&y=1699&z=12
06-11 10:33:40.344 29276 29553 I AndroidBridge: androidHttpGet: env=0xb40000796b1ef0e0 gJniHttpHelperClass=0x30a6 gHttpGetMethod=0x1 url=https://webst03.is.autonavi.com/appmaptile?style=6&x=3260&y=1698&z=12
06-11 10:33:40.366 29276 29548 I JniHttpHelper: httpGet OK: https://webst02.is.autonavi.com/appmaptile?style=6&x=814&y=423&z=10 -> 34269 bytes
06-11 10:33:40.367 29276 29549 I JniHttpHelper: httpGet OK: https://webst03.is.autonavi.com/appmaptile?style=6&x=815&y=423&z=10 -> 32690 bytes
06-11 10:33:40.369 29276 29276 I BasemapLayer: Tile uploaded: 8/203/104 256x256
06-11 10:33:40.369 29276 29550 I JniHttpHelper: httpGet OK: https://webst01.is.autonavi.com/appmaptile?style=6&x=3258&y=1698&z=12 -> 34096 bytes
06-11 10:33:40.370 29276 29276 I BasemapLayer: Tile uploaded: 7/102/51 256x256
06-11 10:33:40.370 29276 29548 I AndroidBridge: Decoded image 256x256 from 34269 bytes
06-11 10:33:40.371 29276 29552 I JniHttpHelper: httpGet called: https://webst03.is.autonavi.com/appmaptile?style=6&x=3259&y=1699&z=12
06-11 10:33:40.371 29276 29553 I JniHttpHelper: httpGet called: https://webst03.is.autonavi.com/appmaptile?style=6&x=3260&y=1698&z=12
06-11 10:33:40.373 29276 29550 I AndroidBridge: Decoded image 256x256 from 34096 bytes
06-11 10:33:40.375 29276 29549 I AndroidBridge: Decoded image 256x256 from 32690 bytes
06-11 10:33:40.379 29276 29554 I AndroidBridge: androidHttpGet: env=0xb400007a0e783660 gJniHttpHelperClass=0x30a6 gHttpGetMethod=0x1 url=https://webst04.is.autonavi.com/appmaptile?style=6&x=3260&y=1699&z=12
06-11 10:33:40.379 29276 29555 I AndroidBridge: androidHttpGet: env=0xb400007a7da0fee0 gJniHttpHelperClass=0x30a6 gHttpGetMethod=0x1 url=https://webst01.is.autonavi.com/appmaptile?style=6&x=3259&y=1701&z=12
06-11 10:33:40.379 29276 29554 I JniHttpHelper: httpGet called: https://webst04.is.autonavi.com/appmaptile?style=6&x=3260&y=1699&z=12
06-11 10:33:40.390 29276 29554 I JniHttpHelper: httpGet OK: https://webst04.is.autonavi.com/appmaptile?style=6&x=3260&y=1699&z=12 -> 31142 bytes
06-11 10:33:40.390 29276 29555 I JniHttpHelper: httpGet called: https://webst01.is.autonavi.com/appmaptile?style=6&x=3259&y=1701&z=12
06-11 10:33:40.395 29276 29552 I JniHttpHelper: httpGet OK: https://webst03.is.autonavi.com/appmaptile?style=6&x=3259&y=1699&z=12 -> 33566 bytes
06-11 10:33:40.395 29276 29554 I AndroidBridge: Decoded image 256x256 from 31142 bytes
06-11 10:33:40.399 29276 29552 I AndroidBridge: Decoded image 256x256 from 33566 bytes
06-11 10:33:40.402 29276 29276 I BasemapLayer: Tile uploaded: 9/407/210 256x256
06-11 10:33:40.402 29276 29276 I BasemapLayer: Tile uploaded: 9/406/210 256x256
06-11 10:33:40.405 29276 29551 I JniHttpHelper: httpGet OK: https://webst02.is.autonavi.com/appmaptile?style=6&x=3259&y=1698&z=12 -> 35883 bytes
06-11 10:33:40.407 29276 29555 I JniHttpHelper: httpGet OK: https://webst01.is.autonavi.com/appmaptile?style=6&x=3259&y=1701&z=12 -> 32265 bytes
06-11 10:33:40.409 29276 29551 I AndroidBridge: Decoded image 256x256 from 35883 bytes
06-11 10:33:40.410 29276 29555 I AndroidBridge: Decoded image 256x256 from 32265 bytes
06-11 10:33:40.411 29276 29553 I JniHttpHelper: httpGet OK: https://webst03.is.autonavi.com/appmaptile?style=6&x=3260&y=1698&z=12 -> 34661 bytes
06-11 10:33:40.413 29276 29556 I AndroidBridge: androidHttpGet: env=0xb400007a0e77edc0 gJniHttpHelperClass=0x30a6 gHttpGetMethod=0x1 url=https://webst01.is.autonavi.com/appmaptile?style=6&x=204&y=104&z=8
06-11 10:33:40.413 29276 29556 I JniHttpHelper: httpGet called: https://webst01.is.autonavi.com/appmaptile?style=6&x=204&y=104&z=8
06-11 10:33:40.414 29276 29553 I AndroidBridge: Decoded image 256x256 from 34661 bytes
06-11 10:33:40.415 29276 29557 I AndroidBridge: androidHttpGet: env=0xb400007a0e783580 gJniHttpHelperClass=0x30a6 gHttpGetMethod=0x1 url=https://webst03.is.autonavi.com/appmaptile?style=6&x=408&y=210&z=9
06-11 10:33:40.415 29276 29557 I JniHttpHelper: httpGet called: https://webst03.is.autonavi.com/appmaptile?style=6&x=408&y=210&z=9
06-11 10:33:40.424 29276 29556 I JniHttpHelper: httpGet OK: https://webst01.is.autonavi.com/appmaptile?style=6&x=204&y=104&z=8 -> 28288 bytes
06-11 10:33:40.428 29276 29556 I AndroidBridge: Decoded image 256x256 from 28288 bytes
06-11 10:33:40.428 29276 29557 I JniHttpHelper: httpGet OK: https://webst03.is.autonavi.com/appmaptile?style=6&x=408&y=210&z=9 -> 27016 bytes
06-11 10:33:40.433 29276 29557 I AndroidBridge: Decoded image 256x256 from 27016 bytes
06-11 10:33:40.436 29276 29276 I BasemapLayer: Tile uploaded: 10/814/422 256x256
06-11 10:33:40.436 29276 29276 I BasemapLayer: Tile uploaded: 10/815/422 256x256
06-11 10:33:40.444  3189  4244 I Osense-BaseDecisionMaker: notifySceneToAthenaPolicy: SCENE_IDLE_RECOVER, bundle: Bundle[{scene=SCENE_IDLE_RECOVER}]
06-11 10:33:40.446  3189  4244 I Osense-BaseDecisionMaker: scene: SCENE_IDLE_RECOVER, excutingPolicy: respreload
06-11 10:33:40.446  3189  4244 D Osense-BaseDecisionMaker: invoke process preload policy
06-11 10:33:40.446  3189  4244 I Osense-BaseDecisionMaker: scene: SCENE_IDLE_RECOVER, excutingPolicy: clear
06-11 10:33:40.446  3189  4244 D Osense-BaseDecisionMaker: invoke clear policy,type: unforbid
06-11 10:33:40.447  3189  4244 I OsenseKillAction: KillAction: skip reason: non-low-mem-req, req_id=12446, enable=true, scene=SCENE_IDLE_RECOVER, type=unforbid, cchOnly=false, appcare=0, bloM=false, bloP=false
06-11 10:33:40.448 29276 29565 I AndroidBridge: androidHttpGet: env=0xb400007a0e783580 gJniHttpHelperClass=0x30a6 gHttpGetMethod=0x1 url=https://webst02.is.autonavi.com/appmaptile?style=6&x=2&y=3&z=2
06-11 10:33:40.448 29276 29566 I AndroidBridge: androidHttpGet: env=0xb40000796b1ef700 gJniHttpHelperClass=0x30a6 gHttpGetMethod=0x1 url=https://webst03.is.autonavi.com/appmaptile?style=6&x=3&y=3&z=2
06-11 10:33:40.448 29276 29566 I JniHttpHelper: httpGet called: https://webst03.is.autonavi.com/appmaptile?style=6&x=3&y=3&z=2
06-11 10:33:40.448 29276 29565 I JniHttpHelper: httpGet called: https://webst02.is.autonavi.com/appmaptile?style=6&x=2&y=3&z=2
06-11 10:33:40.456 29276 29565 I JniHttpHelper: httpGet OK: https://webst02.is.autonavi.com/appmaptile?style=6&x=2&y=3&z=2 -> 2982 bytes
06-11 10:33:40.456 29276 29566 I JniHttpHelper: httpGet OK: https://webst03.is.autonavi.com/appmaptile?style=6&x=3&y=3&z=2 -> 3789 bytes
06-11 10:33:40.460 29276 29566 I AndroidBridge: Decoded image 256x256 from 3789 bytes
06-11 10:33:40.460 29276 29565 I AndroidBridge: Decoded image 256x256 from 2982 bytes
06-11 10:33:40.469 29276 29276 I BasemapLayer: Tile uploaded: 10/814/423 256x256
06-11 10:33:40.470 29276 29276 I BasemapLayer: Tile uploaded: 12/3258/1698 256x256
06-11 10:33:40.501 29276 29276 I BasemapLayer: Tile uploaded: 10/815/423 256x256
06-11 10:33:40.501 29276 29276 I BasemapLayer: Tile uploaded: 12/3260/1699 256x256
06-11 10:33:40.530  1667 15952 I sensors-hal: handle_oplus_wise_rgb_event:230, wise_rgb:algo_type = 3
06-11 10:33:40.530  1667 15952 I sensors-hal: handle_oplus_wise_rgb_event:285, wise_rgb: raw_lux 528.983276, raw_cct 6484.536133, r/g/b/c: 40854.300781/36266.640625/20402.884766/91676.007812, R/G/B: 0.000000/0.000000/0.000000, brl 1529.000000, lux: 528.983276, cct: 6484.536133, ts 242617847313251, cnt 3746
06-11 10:33:40.534 29276 29276 I BasemapLayer: Tile uploaded: 12/3259/1699 256x256
06-11 10:33:40.534 29276 29276 I BasemapLayer: Tile uploaded: 12/3259/1698 256x256
06-11 10:33:40.553  3189  4433 I OplusHansManager : uid=10307, pkg=com.coloros.shortcuts can not transition from M to F. reason: Provider
06-11 10:33:40.568 29276 29276 I BasemapLayer: Tile uploaded: 12/3259/1701 256x256
06-11 10:33:40.568 29276 29276 I BasemapLayer: Tile uploaded: 12/3260/1698 256x256
06-11 10:33:40.602 29276 29276 I BasemapLayer: Tile uploaded: 8/204/104 256x256
06-11 10:33:40.602 29276 29276 I BasemapLayer: Tile uploaded: 9/408/210 256x256
06-11 10:33:40.635 29276 29276 I BasemapLayer: Tile uploaded: 2/3/3 256x256
06-11 10:33:40.636 29276 29276 I BasemapLayer: Tile uploaded: 2/2/3 256x256
06-11 10:33:40.648  3189  3336 D OplusFeatureHDREnhanceBrightness: checkIsPlayingHDR isPlayingHDR=0 rotation=0 whiteApp=false battery=100
06-11 10:33:40.731  1667 15952 I sensors-hal: handle_oplus_wise_rgb_event:230, wise_rgb:algo_type = 3
06-11 10:33:40.731  1667 15952 I sensors-hal: handle_oplus_wise_rgb_event:285, wise_rgb: raw_lux 526.592285, raw_cct 6519.270020, r/g/b/c: 40911.808594/36278.023438/20598.568359/91671.984375, R/G/B: 0.000000/0.000000/0.000000, brl 1529.000000, lux: 526.592285, cct: 6519.270020, ts 242618047135699, cnt 3747
06-11 10:33:40.733  3189  6314 I AICCTModule: SensorFilter: findSecondNearestValue, sensorValue: 6406.5234 nearestMaxValue:6439.1387 secondNearestValue: 6452.035
06-11 10:33:40.733  3189  6314 I AICCTModule: SensorFilter: findSecondNearestValue, sensorValue: 516.6487 nearestMaxValue:526.5923 secondNearestValue: 528.9833
06-11 10:33:40.734  3189  6314 I AICCTModule: AICurveModel: findPointByX x:13.432455, rightPoint:Point:(13.44, 6882.164, 6882.164)
06-11 10:33:40.734  3189  6314 I AICCTModule: AICurveModel: StablePoints has no dragSplineLine
06-11 10:33:40.734  3189  6314 I AICCTModule: AICurveModel: findPointByY y:6855.932, rightPoint:Point:(13.41, 6855.932, 6855.932)
06-11 10:33:40.734  3189  6314 I AICCTModule: AICurveModel: findPointByY y:6855.932, rightPoint:Point:(13.41, 6855.932, 6855.932)
06-11 10:33:40.734  3189  6314 I AICCTModule: AICurveModel: findPointByY y:6855.932, rightPoint:Point:(13.41, 6855.932, 6855.932)
06-11 10:33:40.734  3189  6314 I AICCTModule: AICurveModel: StablePoints y1Left:6855.932, y2Left:0.0, leftY:6855.932
06-11 10:33:40.734  3189  6314 I AICCTModule: AICurveModel: findPointByY y:6855.932, rightPoint:Point:(13.41, 6855.932, 6855.932)
06-11 10:33:40.734  3189  6314 I AICCTModule: AICurveModel: findPointByY y:6855.932, rightPoint:Point:(13.41, 6855.932, 6855.932)
06-11 10:33:40.735  3189  6314 I AICCTModule: AICurveModel: getNextPoint isLargeChange, 6464.159, 6882.164
06-11 10:33:40.735  3189  6314 I AICCTModule: AICurveModel: handleUpdateCCT cct change from:(6416.010742,6855.932129)->(6464.159180,6882.164063),curPoint(6464.159180,6882.164063),stablePoint=LeftLarge(6416.0107,6855.932)-RightLarge(6416.0107,6855.932),LeftSmall(6416.0107,6855.932)-RightSmall(6416.0107,6855.932),TLSmall(6416.0107,6855.932)-TRSmall(6416.0107,6855.932)
06-11 10:33:40.735  3189  6314 I AICCTModule: AICurveModel: onTargetCCTChange cct change to 6882.164
06-11 10:33:40.738  4639  8246 D CommonApp-194-10602: commonScoreStrategy scenarios 1
06-11 10:33:40.739  4639  8246 D CommonApp-194-10602: notifyScoreChange appScene COMMON score 98
06-11 10:33:40.739  4639  8246 D ScorePolicy: handleScoreChanged: []
06-11 10:33:40.739  4639  8246 D ScorePolicy: handleScoreChanged: []
06-11 10:33:40.739  4639  8246 D ScorePolicy: handleScoreChanged: []
06-11 10:33:40.930  1667 15952 I sensors-hal: handle_oplus_wise_rgb_event:230, wise_rgb:algo_type = 3
06-11 10:33:40.931  1667 15952 I sensors-hal: handle_oplus_wise_rgb_event:285, wise_rgb: raw_lux 519.591064, raw_cct 6522.750977, r/g/b/c: 40946.433594/36349.992188/20554.685547/91574.062500, R/G/B: 0.000000/0.000000/0.000000, brl 1529.000000, lux: 519.591064, cct: 6522.750977, ts 242618246986324, cnt 3748
06-11 10:33:40.931  1667 15988 I sensors-hal: get_brightness:1652, light_iface: get_brightness, brl 1529, pwm_turbo_on 0/0, hbm_dc 0
06-11 10:33:40.932  3189  3765 V AlarmManager: sending alarm Alarm{cad1c3e type 1 origWhen 1781145220932 whenElapsed 242618258 android} uid 1000 whenElapsed 242618258 windowLength 0 maxWhenElapsed 242618258 repeatInterval 0 action null component null tag StorgaeBandInfoAlarmTag flags 0x9 procName system_server
06-11 10:33:40.932  3189 27614 E OplusStorageUFSBandwidth: storage_io_metrics_path is /proc/oplus_storage/io_metrics/forever/
06-11 10:33:40.933  3189 27614 E OplusStorageUFSBandwidth: Bandwidth - Read: 0.00 MB/s, Write: 5.00 MB/s
06-11 10:33:40.933  3189 27614 E OplusStorageUFSBandwidth: Task time: 1ms
06-11 10:33:40.936  3189 27614 E OplusStorageUFSBandwidth: Alarm set to trigger in 10 seconds
06-11 10:33:40.943  1699  1958 D IRIS_LOG_SERV: panelReadWrite: type 255 set color matrix
06-11 10:33:40.944  1699  2116 D IRIS_LOG_SERV: InternalConfig: 191 0
06-11 10:33:40.944  1699  2116 D IRIS_LOG_SERV: InternalConfig: 191 0 ret: 0
06-11 10:33:40.961  1699  1958 D IRIS_LOG_SERV: panelReadWrite: type 255 set color matrix
06-11 10:33:40.963  1699  2116 D IRIS_LOG_SERV: InternalConfig: 191 0
06-11 10:33:40.963  1699  2116 D IRIS_LOG_SERV: InternalConfig: 191 0 ret: 0
06-11 10:33:41.069  1800  1924 D BatteryChargeControl: bcc get no support from charging protocol
06-11 10:33:41.106  4329  4513 I SystemUi--Statusbar: OplusNetworkSpeedControllExImpl-->updateNetworkSpeed: isConnected:true,isSwitchOn:true,isSuspend:false,isPause:false
06-11 10:33:41.107  4329  4513 I SystemUi--Statusbar: OplusNetworkSpeedControllExImpl-->getTotalByte: totalRxBytes:11576261423,totalTxBytes:3541430736,loopbackTxBytes:2982604527,loopbackRxBytes:2982604047 ,totalBytes:9152483585
06-11 10:33:41.130  1667 15952 I sensors-hal: handle_oplus_wise_rgb_event:230, wise_rgb:algo_type = 3
06-11 10:33:41.130  1667 15952 I sensors-hal: handle_oplus_wise_rgb_event:285, wise_rgb: raw_lux 516.815063, raw_cct 6424.216797, r/g/b/c: 40990.433594/36261.894531/20391.250000/91355.640625, R/G/B: 0.000000/0.000000/0.000000, brl 1529.000000, lux: 516.815063, cct: 6424.216797, ts 242618446886689, cnt 3749
06-11 10:33:41.142  1877  2435 D VRR [OTI]: handleIdle from 0 to 1
06-11 10:33:41.142  1877  2435 D VRR [OTI-HW]: isStateReady 1
06-11 10:33:41.142  1877  2435 D VRR [OTI-HW]: keep rate.
06-11 10:33:41.161  3189  3251 W SettingsProvider: notifyForSettingsChange delay for eyeprotect_display_cct, value: 6882, delta: 1, lastNotifyTimestamp: 200714883, minInterval: 10
06-11 10:33:41.243  6089  6168 E horae   : 0: back:34580,frame:36490,front:37186, 25 4, +(-4186), 1 ,33000,42247,41175,42006,42679, target_temp:37186, algo:0
06-11 10:33:41.243  6089  6116 E horae   : Entering notifyCallback, binder clients size 11
06-11 10:33:41.244 12732 13406 D ShellSubscriberWorkerThread: the first 8 bytes empty, and RestData length > 8 
06-11 10:33:41.244  3189  5078 D HoraeHelper: mIThermalStatusListener info is:5
06-11 10:33:41.245  3189  5078 D HoraeHelper: mIThermalStatusListener info is:5
06-11 10:33:41.246  4380  5620 D HoraeHelper: mIThermalStatusListener info is:5
06-11 10:33:41.246  3189  5078 D HoraeHelper: mIThermalStatusListener info is:5
06-11 10:33:41.248  6963 24283 D HoraeHelper: mIThermalStatusListener info is:5
06-11 10:33:41.248  6963  6963 D OplusAtlasDecreaseVolumeforTemp:  LEVEL 5
06-11 10:33:41.249  3189  5078 D HoraeHelper: mIThermalStatusListener info is:5
06-11 10:33:41.250  3189  5915 D HoraeHelper: mIThermalStatusListener info is:5
06-11 10:33:41.250  3189  5915 D HoraeHelper: mIThermalStatusListener info is:5
06-11 10:33:41.251  4454 25016 D HoraeHelper: mIThermalStatusListener info is:5
06-11 10:33:41.253 28382 29176 D COSA->DataCollectorFeature: onStatusChange action : 5
06-11 10:33:41.256  4454  5373 D AMC     : [TriggerForeground] handle temp changed:37186
06-11 10:33:41.257  5081  5970 W Battery : ThermalControlUtils: setHighTempSafetyState same. 0
06-11 10:33:41.257  5081  5970 E Battery : Thermal.HeatSourceController: heat source string is null or empty
06-11 10:33:41.257  5081  5970 W Battery : ThermalControllHandler: MSG_THERMAL_CONTROL_TEMPGEAR_CHANGED,tempLevel=[5],mTemp=37, heatSourceMap={}
06-11 10:33:41.257  3189  3263 D AppProfilerExtImpl: Skipped pss collection for bg CPU busy
06-11 10:33:41.257  1572 18752 E TetherController: property_get sys.radio.data.modem_share_flag return 0, 1!
06-11 10:33:41.259  5081  5970 W Battery : StateManager: getAppType com.earthengine.minimalglobe, last=1781145121054
06-11 10:33:41.259  5081  5970 W Battery : ThermalControllerCenter: mSafetyState=10000,  mSafetyTestConfigList=01111,10111,11011,11101,11110,00111,01011,01101,01110,10011,10101,10110,11001,11010,11100,11111
06-11 10:33:41.259  5081  5970 W Battery : ThermalControllHandler: tempLevel=[5],userMode=2,gameUserMode=-1,appType=-1,envTempType=0,appStates=[],appSwitchSafetyMode=true,split=[],float={},full=[com.earthengine.minimalglobe], tempGear=[5],configItemName=common_config
06-11 10:33:41.259  5081  5970 W Battery : ThermalControllerCenter: startCollingMethods,thermalPolicy=Policy info
06-11 10:33:41.259  5081  5970 W Battery : {
06-11 10:33:41.259  5081  5970 W Battery :  categoryName: common_config
06-11 10:33:41.259  5081  5970 W Battery :  configItemName: gear_config 
06-11 10:33:41.259  5081  5970 W Battery :  gearVal:[5], cpuVal:1, gpuVal:-1, restrictVal:0, brightnessVal:13, chargeVal:5, modemVal:0, disFlashVal:0, stopCameraVideoVal:0, cameraBrightnessVal:255, disCameraVal:0, disWifiHotSpotVal:0, disTorchVal:0, disFrameInsertVal:0, fpsVal:0, refreshRateVal:0, cpuPowerVal:-2, disVideoSRVal:0, thermalSerious:-2, speedChargeAdd:-2, ipaweight:-2,-2,-2, boostBreak1:-2, boostBreak2:-2, heatoffPolicy:-2, freezer:-2 
06-11 10:33:41.259  5081  5970 W Battery : } 
06-11 10:33:41.259  5081  5970 W Battery : ThermalControlUtils: not set the same modem=0
06-11 10:33:41.260  3189  5078 D OplusBatteryServiceFeature: setSmartCoolDown: coolDown = 5, normalCoolDown = 5, pkgName = com.earthengine.minimalglobe
06-11 10:33:41.263  6858  6858 D LogKit_LogPolicyManager: current temp:37
06-11 10:33:41.263  6858  6858 I LogKit_LogPolicyManager: ==========checkCondition mIsAllowUploadLog:true
06-11 10:33:41.263  3189  3826 W OplusStorageManagerFeature: mScreenReceiver action:oplus.intent.action.THERMAL_LEVEL_CHANGE
06-11 10:33:41.263  3189  3826 W OplusStorageManagerFeature: thermallevel 5 currTemp 37
06-11 10:33:41.263  3189  3826 W OplusStorageManagerFeature: ACTION_THERMAL_LEVEL_CHANGE sendToTarget
06-11 10:33:41.263  6858  6858 D LogKit_LogPolicyManager: ==========temp:37 cpu:73 game:false screen:true charge:true
06-11 10:33:41.263  3189  3826 W OplusStorageManagerFeature: Ready to deal actionParam:0
06-11 10:33:41.263  6963  6963 D OplusAudioDetectStrategy: onReceive action :oplus.intent.action.THERMAL_LEVEL_CHANGE
06-11 10:33:41.263  6963  6963 D OplusAudioDetectStrategy: thermalTemp = 37, mHighThermalMode = false
06-11 10:33:41.264  1800  1800 D vendor.oplus.hardware.charger-V10-service: set cooldown:5,  normalCoolDown:5
06-11 10:33:41.264  5081  5970 W Battery : ThermalControlUtils: not set the same wifi=0
06-11 10:33:41.264  3189  5078 D OplusDisplayManagerServiceEnhance: setSpecBrightness gear = 13 reason = com.earthengine.minimalglobe@temperature@37@normal rate = -1
06-11 10:33:41.264  3189  3336 I OplusDisplayFeatureManager: handleMessage MSG_TEMPERATURE_LIMIT_BRIGHTNESS_CHANGED.
06-11 10:33:41.265  5081  5970 I [UAH_CLIENT]: uahRuleCtl, ruleId:4, status:1
06-11 10:33:41.265  3189  3336 D OplusFeatureTemperatureLimitBrightness: new parameter!ControlInfo:[ gear = 13 reason = com.earthengine.minimalglobe@temperature@37@normal gearNit = 900.0 package = com.earthengine.minimalglobe type = temperature temperature = 37 priority = normal rate = -1] HadDragPoint = false mode = 1
06-11 10:33:41.265  3189  3336 D OplusFeatureTemperatureLimitBrightness: isResetUpdate = false isNormalUpdate = true isSafetyRegulationsForceUpdate = false mLastLimitNit = 9999.0
06-11 10:33:41.265  3189  3336 D OplusFeatureTemperatureLimitBrightness: mLimitNit = 900.0; mCurTemperature = 37
06-11 10:33:41.265  5081  5970 W Battery : ThermalControllHandler: MSG_THERMAL_CONTROL_TRACEINFO_UPLOAD. isTraceMonitorOn:false, hasTraceAidl:false
06-11 10:33:41.265  5081  5970 W Battery : ThermalControllHandler: ZoomWindowsInfo=[],PipWindowsInfo=[],AppFloatingWindowsInfo=[]
06-11 10:33:41.267  3189  3331 D OplusBiometricsDisplayHelper: isFold: false, isUnblockByFp: null
06-11 10:33:41.267  4639  4639 D SubsysBroadcastManager: onReceive action:oplus.intent.action.THERMAL_LEVEL_CHANGE
06-11 10:33:41.267  4639  4639 D SubsysBroadcastManager: onThermalLevelChanged thermallevel5 currTemp 37
06-11 10:33:41.267  4639  4639 D OSService: onThermalLevelChanged thermallevel: 5 currTemp: 37
06-11 10:33:41.268  4454  5101 W e       : networkLogger fail！
06-11 10:33:41.268  4454  5101 D Acc-OplusLinkBoostCommon: onThermalLevelChanged level = 5 temp = 37,lastTemp: 35 ,th: 44
06-11 10:33:41.271  8454 28998 I metis_v2_OsenseCallBack: currentTemperature=37
06-11 10:33:41.275  4329 24913 I PluginSeedling--Capsule: CapsuleBubbleEx-->getDuration: customDuration=-1 serviceId=
06-11 10:33:41.276  4329 24913 I PluginSeedling--Origin: OSenseManager-->isThermalPressure old:false newStatus:false currentThermalLevel:2
06-11 10:33:41.330  1667 15952 I sensors-hal: handle_oplus_wise_rgb_event:230, wise_rgb:algo_type = 3
06-11 10:33:41.330  1667 15952 I sensors-hal: handle_oplus_wise_rgb_event:285, wise_rgb: raw_lux 517.963013, raw_cct 6334.770508, r/g/b/c: 41083.308594/36345.246094/20213.207031/91348.609375, R/G/B: 0.000000/0.000000/0.000000, brl 1529.000000, lux: 517.963013, cct: 6334.770508, ts 242618646775022, cnt 3750
06-11 10:33:41.404  3189  3839 V NetworkPolicy: updateNetworkEnabledNL() return
06-11 10:33:41.404  3189  3839 V NetworkPolicy: updateNotificationsNL not process
06-11 10:33:41.406  3189  5016 W SurfaceFlingerPuller: Failed to pull atom 150134 from surfaceflinger. Success is 0, binder status is EX_NONE
06-11 10:33:41.406  1574  1616 E statsd  : Stats puller failed for tag: 150134 at 242618569635745
06-11 10:33:41.407  4454  5101 V MonthTrafficAlert: getWarningNotification subId:2 numWarningNotificaion:0
06-11 10:33:41.407 12732 12832 E MIDASApplication: MIDASPullAtomManager: onPullAtom 150017
06-11 10:33:41.408  3189  5016 D KernelStatsHelper: getKernelStats start!
06-11 10:33:41.409  3189  3931 D OplusNetlinkSocket: handleNetlinkRecvKernelMessage:nlmsghdr:StructNlMsgHdr{ nlmsg_len{3004}, nlmsg_type{48()}, nlmsg_flags{0()}, nlmsg_seq{0}, nlmsg_pid{208998235} }
06-11 10:33:41.409  3189  3931 D KernelStatsHelper: get magic :[-1, -1, -1, 77, 65, 71, 73, 67]
06-11 10:33:41.409  3189  3931 D KernelStatsHelper: magic matched count:227 data_len:11804
06-11 10:33:41.409  3189  3931 D OplusNetlinkSocket: handleNetlinkRecvKernelMessage:nlmsghdr:StructNlMsgHdr{ nlmsg_len{2988}, nlmsg_type{48()}, nlmsg_flags{0()}, nlmsg_seq{0}, nlmsg_pid{208998235} }
06-11 10:33:41.409  3189  3931 D OplusNetlinkSocket: handleNetlinkRecvKernelMessage:nlmsghdr:StructNlMsgHdr{ nlmsg_len{2988}, nlmsg_type{48()}, nlmsg_flags{0()}, nlmsg_seq{0}, nlmsg_pid{208998235} }
06-11 10:33:41.409  3189  3931 D OplusNetlinkSocket: handleNetlinkRecvKernelMessage:nlmsghdr:StructNlMsgHdr{ nlmsg_len{2936}, nlmsg_type{48()}, nlmsg_flags{0()}, nlmsg_seq{0}, nlmsg_pid{208998235} }
06-11 10:33:41.409  3189  3931 D KernelStatsHelper: data over! check: true
06-11 10:33:41.412  1756  1756 E android.hardware.power.stats-impl.oplus: HandleFactory::read failed! _hidl_mNamePathMap not found key:ufs_total_read_size
06-11 10:33:41.412  6127  6208 W ostats_pullerd: handleFactory read failed.
06-11 10:33:41.412  6127  6208 E ostats_pullerd: PullAtomCallback getContentByHandleKey read nodeKey: ufs_total_read_size, len=0
06-11 10:33:41.412  1756  1756 E android.hardware.power.stats-impl.oplus: HandleFactory::read failed! _hidl_mNamePathMap not found key:ufs_total_write_size
06-11 10:33:41.413  6127  6208 W ostats_pullerd: handleFactory read failed.
06-11 10:33:41.413  6127  6208 E ostats_pullerd: PullAtomCallback getContentByHandleKey read nodeKey: ufs_total_write_size, len=0
06-11 10:33:41.496  6732 29209 W PTC.DATATRANS.d: [com.earthengine.minimalglobe] removed. Stop sending intent
06-11 10:33:41.530  1667 15952 I sensors-hal: handle_oplus_wise_rgb_event:230, wise_rgb:algo_type = 3
06-11 10:33:41.530  1667 15952 I sensors-hal: handle_oplus_wise_rgb_event:285, wise_rgb: raw_lux 527.173462, raw_cct 6290.459473, r/g/b/c: 41105.035156/36391.824219/20214.130859/91640.164062, R/G/B: 0.000000/0.000000/0.000000, brl 1529.000000, lux: 527.173462, cct: 6290.459473, ts 242618846642783, cnt 3751
06-11 10:33:41.647  3189  3841 D WifiStaIfaceHidlImpl: getCachedScanData is not implemented by HIDL
06-11 10:33:41.655  4639  4639 D VendorWifiService: onEvent event:9,action:1
06-11 10:33:41.669  3189  3960 D OplusWifiPower_TriggerCenter: mComponentCallback: wifistat
06-11 10:33:41.730  1667 15988 I sensors-hal: handle_oplus_wise_rgb_event:301, oplus wise_rgb sample: (3752)(cct, lux, ir_ratio, r, g, b, c)[6375, 521, 34, 41082, 36403, 20410, 91508]
06-11 10:33:41.730  1667 15952 I sensors-hal: handle_oplus_wise_rgb_event:230, wise_rgb:algo_type = 3
06-11 10:33:41.730  1667 15952 I sensors-hal: handle_oplus_wise_rgb_event:285, wise_rgb: raw_lux 521.432983, raw_cct 6375.316406, r/g/b/c: 41082.562500/36403.140625/20410.277344/91508.273438, R/G/B: 0.000000/0.000000/0.000000, brl 1529.000000, lux: 521.432983, cct: 6375.316406, ts 242619046375439, cnt 3752
06-11 10:33:41.759  6967  6967 V DeepThinker: BroadcastReceiverWrapper: onReceive, start dispatch oplus.intent.action.THERMAL_LEVEL_CHANGE
06-11 10:33:41.760  6967  6967 V DeepThinker: BroadcastReceiverWrapper: onReceive, finish dispatch oplus.intent.action.THERMAL_LEVEL_CHANGE  category : null  Time consuming : 1 ms
06-11 10:33:41.763  4639  8246 D CommonApp-194-10602: commonScoreStrategy scenarios 5 mdnsScore=0
06-11 10:33:41.764  4639  8246 D CommonApp-194-10602: notifyScoreChange appScene COMMON score 98
06-11 10:33:41.764 10349 10391 I AIUnit-com.oplus.aiunit.sysboard.publisher.TemperaturePublisher1780926824970: onReceive TemperatureEvent[thermalLevel:5, currentTemperature:37.0, currentThermalStatus:0]
06-11 10:33:41.764  4639  8246 D ScorePolicy: handleScoreChanged: []
06-11 10:33:41.765  4639  8246 D ScorePolicy: handleScoreChanged: []
06-11 10:33:41.765  4639  8246 D ScorePolicy: handleScoreChanged: []
06-11 10:33:41.902  6109 13332 E midasd  : getTotalFlipsFromSf mCurFrameCount: 7858322
06-11 10:33:41.903  6109 13332 I midasd  : DisplayAgent updateDisplayDevInfo getRenderFps mFps:60 mRenderFps:58 mWidth:1240 mHeight:2772
06-11 10:33:41.903  6109 13332 E midasd  : getTotalFlipsFromSf mCurFrameCount: 7858322
06-11 10:33:41.903  6109 13332 I midasd  : DisplayAgent updateDisplayDevInfo getRenderFps mFps:60 mRenderFps:0 mWidth:1240 mHeight:2772
06-11 10:33:41.929  1667 15952 I sensors-hal: handle_oplus_wise_rgb_event:230, wise_rgb:algo_type = 3
06-11 10:33:41.929  1667 15952 I sensors-hal: get_brightness:1652, light_iface: get_brightness, brl 1529, pwm_turbo_on 0/0, hbm_dc 0
06-11 10:33:41.929  1667 15952 I sensors-hal: handle_oplus_wise_rgb_event:285, wise_rgb: raw_lux 518.623047, raw_cct 6496.133789, r/g/b/c: 41047.937500/36147.929688/20635.699219/91520.421875, R/G/B: 0.000000/0.000000/0.000000, brl 1529.000000, lux: 518.623047, cct: 6496.133789, ts 242619246143095, cnt 3753
06-11 10:33:42.008 28382 28479 D COSA->GameServiceSyncUtil: [m] sync config to GMS
06-11 10:33:42.012 28382 28479 E AppFeatureProviderUtils: getString: getStringForFeature return null
06-11 10:33:42.017 28382 28479 E AppFeatureProviderUtils: getString: getStringForFeature return null
06-11 10:33:42.024 28382 28479 E AppFeatureProviderUtils: getString: getStringForFeature return null
06-11 10:33:42.028 28382 28479 E AppFeatureProviderUtils: getString: getStringForFeature return null
06-11 10:33:42.032 28382 28479 E AppFeatureProviderUtils: getString: getStringForFeature return null
06-11 10:33:42.037 28382 28479 E AppFeatureProviderUtils: getString: getStringForFeature return null
06-11 10:33:42.040 28382 28479 E AppFeatureProviderUtils: getString: getStringForFeature return null
06-11 10:33:42.044  1800  1800 D ChargerInfo: getInfo: type: 0x1, update: 1
06-11 10:33:42.044  1800  1875 D ChargerInfo: chargerInfoUpdateThread: update start
06-11 10:33:42.045 28382 28479 E AppFeatureProviderUtils: getString: getStringForFeature return null
06-11 10:33:42.047  1800  1875 D ChargerInfo: enableTx: path(/proc/wireless/enable_tx): not exist
06-11 10:33:42.048  1800  1875 D ChargerInfo: get_ui_charge_icon_type: [0 0] [0 0] 1
06-11 10:33:42.048  1800  1875 E ChargerInfo: SingleHyperPath not found
06-11 10:33:42.049  1800  1875 D ChargerInfo: CarC: path(/sys/class/oplus_chg/battery/gauge_car_c): not exist
06-11 10:33:42.049  1800  1875 D ChargerInfo: chargerInfoUpdateThread: update end
06-11 10:33:42.049  1800  1875 D ChargerInfo: chargerInfoUpdateThread: update wait
06-11 10:33:42.049  1800  1800 D ChargerInfo: enableTx: path(/proc/wireless/enable_tx): not exist
06-11 10:33:42.049  1800  1800 D ChargerInfo: getInfo: {"Update":{"batteryFcc":3942,"batteryRm":3942,"bddLeakCurr":0,"bmsStatus":0,"bypassChgStatus":0,"chargeTimeRemaining":0,"cpaPower":0,"enableTx":true,"fastCharge":0,"isSupportSpeedCharge":0,"notifyCode":1048704,"otgOnline":1,"ppsChargePower":0,"ppsCharging":0,"shortCHwStatus":0,"shortIcOtpStatus":0,"uiIconType":0,"uiPower":0,"usbStatus":0,"wlsAdapterPower":0}}
06-11 10:33:42.049 28382 28479 E AppFeatureProviderUtils: getString: getStringForFeature return null
06-11 10:33:42.054 28382 28479 E AppFeatureProviderUtils: getString: getStringForFeature return null
06-11 10:33:42.057 28382 28479 E AppFeatureProviderUtils: getString: getStringForFeature return null
06-11 10:33:42.061 28382 28479 E AppFeatureProviderUtils: getString: getStringForFeature return null
06-11 10:33:42.065 28382 28479 E AppFeatureProviderUtils: getString: getStringForFeature return null
06-11 10:33:42.069 28382 28479 E AppFeatureProviderUtils: getString: getStringForFeature return null
06-11 10:33:42.072  1800  1924 D BatteryChargeControl: bcc get no support from charging protocol
06-11 10:33:42.073 28382 28479 E AppFeatureProviderUtils: getString: getStringForFeature return null
06-11 10:33:42.076 28382 28479 E AppFeatureProviderUtils: getString: getStringForFeature return null
06-11 10:33:42.080 28382 28479 E AppFeatureProviderUtils: getString: getStringForFeature return null
06-11 10:33:42.083 28382 28479 E AppFeatureProviderUtils: getString: getStringForFeature return null
06-11 10:33:42.086 28382 28479 E AppFeatureProviderUtils: getString: getStringForFeature return null
06-11 10:33:42.090 28382 28479 E AppFeatureProviderUtils: getString: getStringForFeature return null
06-11 10:33:42.093 28382 28479 E AppFeatureProviderUtils: getString: getStringForFeature return null
06-11 10:33:42.097 28382 28479 E AppFeatureProviderUtils: getString: getStringForFeature return null
06-11 10:33:42.102 28382 28479 E AppFeatureProviderUtils: getString: getStringForFeature return null
06-11 10:33:42.107 28382 28479 E AppFeatureProviderUtils: getString: getStringForFeature return null
06-11 10:33:42.107  4650  8847 W AppIconLoader: remove task for appicon://app/com.earthengine.minimalglobe
06-11 10:33:42.110 28382 28479 E AppFeatureProviderUtils: getString: getStringForFeature return null
06-11 10:33:42.114 28382 28479 E AppFeatureProviderUtils: getString: getStringForFeature return null
06-11 10:33:42.117 28382 28479 E AppFeatureProviderUtils: getString: getStringForFeature return null
06-11 10:33:42.120 28382 28479 E AppFeatureProviderUtils: getString: getStringForFeature return null
06-11 10:33:42.124 28382 28479 E AppFeatureProviderUtils: getString: getStringForFeature return null
06-11 10:33:42.129  1667 15952 I sensors-hal: handle_oplus_wise_rgb_event:230, wise_rgb:algo_type = 3
06-11 10:33:42.129  1667 15952 I sensors-hal: handle_oplus_wise_rgb_event:285, wise_rgb: raw_lux 526.443359, raw_cct 6546.552246, r/g/b/c: 40964.980469/36099.777344/20530.355469/91711.320312, R/G/B: 0.000000/0.000000/0.000000, brl 1529.000000, lux: 526.443359, cct: 6546.552246, ts 242619445945439, cnt 3754
06-11 10:33:42.130 28382 28479 E AppFeatureProviderUtils: getString: getStringForFeature return null
06-11 10:33:42.134 28382 28479 E AppFeatureProviderUtils: getString: getStringForFeature return null
06-11 10:33:42.138 28382 28479 E AppFeatureProviderUtils: getString: getStringForFeature return null
06-11 10:33:42.150 28382 28479 E AppFeatureProviderUtils: getString: getStringForFeature return null
06-11 10:33:42.153 28382 28479 E AppFeatureProviderUtils: getString: getStringForFeature return null
06-11 10:33:42.157 28382 28479 E AppFeatureProviderUtils: getString: getStringForFeature return null
06-11 10:33:42.161 28382 28479 E AppFeatureProviderUtils: getString: getStringForFeature return null
06-11 10:33:42.167 28382 28479 E AppFeatureProviderUtils: getString: getStringForFeature return null
06-11 10:33:42.171 28382 28479 E AppFeatureProviderUtils: getString: getStringForFeature return null
06-11 10:33:42.179 28382 28479 E AppFeatureProviderUtils: getString: getStringForFeature return null
06-11 10:33:42.188 28382 28479 E AppFeatureProviderUtils: getString: getStringForFeature return null
06-11 10:33:42.194 28382 28479 E AppFeatureProviderUtils: getString: getStringForFeature return null
06-11 10:33:42.200 28382 28479 E AppFeatureProviderUtils: getString: getStringForFeature return null
06-11 10:33:42.203 28382 28479 E AppFeatureProviderUtils: getString: getStringForFeature return null
06-11 10:33:42.206 28382 28479 E AppFeatureProviderUtils: getString: getStringForFeature return null
06-11 10:33:42.305  4454  5101 V MonthTrafficAlert: getWarningNotification subId:2 numWarningNotificaion:0
06-11 10:33:42.329  1667 15952 I sensors-hal: handle_oplus_wise_rgb_event:230, wise_rgb:algo_type = 3
06-11 10:33:42.329  1667 15952 I sensors-hal: handle_oplus_wise_rgb_event:285, wise_rgb: raw_lux 534.482300, raw_cct 6495.699219, r/g/b/c: 40967.343750/36150.132812/20468.763672/91775.812500, R/G/B: 0.000000/0.000000/0.000000, brl 1529.000000, lux: 534.482300, cct: 6495.699219, ts 242619645772574, cnt 3755
06-11 10:33:42.523  4358 24178 D ApfFilter: (wlan0): Ignoring RA RA fe80::1 -> ff02::1 0s DNS 4294967295s fe80::1  which matches RA fe80::1 -> ff02::1 0s DNS 4294967295s fe80::1 
06-11 10:33:42.528  1667 15952 I sensors-hal: handle_oplus_wise_rgb_event:230, wise_rgb:algo_type = 3
06-11 10:33:42.528  1667 15952 I sensors-hal: handle_oplus_wise_rgb_event:285, wise_rgb: raw_lux 522.275391, raw_cct 6401.488770, r/g/b/c: 41032.296875/36324.535156/20422.572266/91513.242188, R/G/B: 0.000000/0.000000/0.000000, brl 1529.000000, lux: 522.275391, cct: 6401.488770, ts 242619845550803, cnt 3756
06-11 10:33:42.558  3189  4433 I OplusHansManager : uid=10307, pkg=com.coloros.shortcuts F enter(), M stay=4
06-11 10:33:42.566  3189  4433 I OplusHansManager : freeze uid: 10307 com.coloros.shortcuts pids: [12138] scene: |StrictMode-1|LcdOn
06-11 10:33:42.566  3189  6099 I OStatsManager_OplusBatteryStatsManager: updateStateTime: PkgName = com.coloros.shortcuts, uid = 10307, state to em, mForegroundCnt = 0, isFg = false
06-11 10:33:42.567  3189  4441 I OplusHansManager : a_alarm 10307
06-11 10:33:42.568  3189  4441 D OplusAlarmAdjustment: alignAlarmsByUid(), uid=10307, pkgName=com.coloros.shortcuts, actions=null, procs=null, requester=1
06-11 10:33:42.568  3189  4441 I LocationFreezeProc: will freezeLocationProcess for com.coloros.shortcuts, 10307, true, false
06-11 10:33:42.568  1572 18752 E         : destroyAllSocketForUid:10307
06-11 10:33:42.568  3189  3763 D OplusAlarmAdjustMap: addAlignUid, uid=10307, pkgName=com.coloros.shortcuts, requester=1, mode=1
06-11 10:33:42.568  3189  4441 I LocationFreezeProc: Executing freeze operation for com.coloros.shortcuts, 10307, true, false
06-11 10:33:42.568  3189  4441 W LocationFreezeProc: Do nothing for the app is not record!
06-11 10:33:42.568  3189  4441 I OplusHansManager : p_gps: uid 10307 result false
06-11 10:33:42.569  3189  4441 I OplusHansManager : p_BtScan: uid 10307 isProxy true
06-11 10:33:42.573  3189  4046 D OAppNetControlService: Hans update:[10307=true][0|0] blackList:[10237, 99910237, 10244, 10307]
06-11 10:33:42.728  1667 15952 I sensors-hal: handle_oplus_wise_rgb_event:230, wise_rgb:algo_type = 3
06-11 10:33:42.728  1667 15952 I sensors-hal: handle_oplus_wise_rgb_event:285, wise_rgb: raw_lux 520.883789, raw_cct 6409.354492, r/g/b/c: 41060.453125/36388.417969/20540.476562/91651.968750, R/G/B: 0.000000/0.000000/0.000000, brl 1529.000000, lux: 520.883789, cct: 6409.354492, ts 242620045314553, cnt 3757
06-11 10:33:42.762  3189  4464 I OplusCpuLimitManager: OplusCpuHighLoad: newLoadLevel=1, newMngLevel=1, (nl_load=1, nl_thermal=1, nl_scene=1), curMngLevel=1, CL=0, curWinCL=0, curShortWinCL= 0, latestCL=0, latestThermalLevel=5, expHlScene=false
06-11 10:33:42.787  4639  8246 D CommonApp-194-10602: transport layer data is invalid
06-11 10:33:42.788  4639  8246 D ScorePolicy: handleScoreChanged: []
06-11 10:33:42.788  4639  8246 D ScorePolicy: handleScoreChanged: []
06-11 10:33:42.788  4639  8246 D ScorePolicy: handleScoreChanged: []
06-11 10:33:42.864  3189  3248 D SensorServiceExtImpl: notifyApplicationLaunchStage processName=com.earthengine.minimalglobe, uid=10602, pid=29276, stage=0
06-11 10:33:42.928  1667 15952 I sensors-hal: handle_oplus_wise_rgb_event:230, wise_rgb:algo_type = 3
06-11 10:33:42.928  1667 15952 I sensors-hal: get_brightness:1652, light_iface: get_brightness, brl 1529, pwm_turbo_on 0/0, hbm_dc 0
06-11 10:33:42.928  1667 15952 I sensors-hal: handle_oplus_wise_rgb_event:285, wise_rgb: raw_lux 524.365845, raw_cct 6441.513184, r/g/b/c: 41108.929688/36278.441406/20494.875000/91843.281250, R/G/B: 0.000000/0.000000/0.000000, brl 1529.000000, lux: 524.365845, cct: 6441.513184, ts 242620245112783, cnt 3758
06-11 10:33:42.930  3189  6314 I AICCTModule: SensorFilter: findSecondNearestValue, sensorValue: 6452.035 nearestMaxValue:6441.513 secondNearestValue: 6409.3545
06-11 10:33:42.931  3189  6314 I AICCTModule: SensorFilter: findSecondNearestValue, sensorValue: 528.9833 nearestMaxValue:527.17346 secondNearestValue: 526.44336
06-11 10:33:42.931  3189  6314 I AICCTModule: AICurveModel: findPointByX x:13.405844, rightPoint:Point:(13.41, 6855.932, 6855.932)
06-11 10:33:42.932  3189  6314 I AICCTModule: AICurveModel: StablePoints has no dragSplineLine
06-11 10:33:42.932  3189  6314 I AICCTModule: AICurveModel: findPointByY y:6882.164, rightPoint:Point:(13.44, 6882.164, 6882.164)
06-11 10:33:42.933  3189  3765 V AlarmManager: sending alarm Alarm{fd1eab4 type 1 origWhen 1781145222933 whenElapsed 242620259 android} uid 1000 whenElapsed 242620259 windowLength 0 maxWhenElapsed 242620259 repeatInterval 0 action null component null tag StorgaeBandInfoAlarmTag flags 0x9 procName system_server
06-11 10:33:42.933  3189  6314 I AICCTModule: AICurveModel: findPointByY y:6882.164, rightPoint:Point:(13.44, 6882.164, 6882.164)
06-11 10:33:42.934  3189 27614 E OplusStorageUFSBandwidth: storage_io_metrics_path is /proc/oplus_storage/io_metrics/forever/
06-11 10:33:42.934  3189  6314 I AICCTModule: AICurveModel: findPointByY y:6882.164, rightPoint:Point:(13.44, 6882.164, 6882.164)
06-11 10:33:42.934  3189  6314 I AICCTModule: AICurveModel: StablePoints y1Left:6882.164, y2Left:0.0, leftY:6882.164
06-11 10:33:42.935  3189  6314 I AICCTModule: AICurveModel: findPointByY y:6882.164, rightPoint:Point:(13.44, 6882.164, 6882.164)
06-11 10:33:42.935  3189 27614 E OplusStorageUFSBandwidth: Bandwidth - Read: 0.50 MB/s, Write: 0.50 MB/s
06-11 10:33:42.935  3189 27614 E OplusStorageUFSBandwidth: Task time: 1ms
06-11 10:33:42.935  3189  6314 I AICCTModule: AICurveModel: findPointByY y:6882.164, rightPoint:Point:(13.44, 6882.164, 6882.164)
06-11 10:33:42.935  3189  6314 I AICCTModule: AICurveModel: getNextPoint isLargeChange, 6416.0107, 6855.932
06-11 10:33:42.936  3189  6314 I AICCTModule: AICurveModel: handleUpdateCCT cct change from:(6464.159180,6882.164063)->(6416.010742,6855.932129),curPoint(6416.010742,6855.932129),stablePoint=LeftLarge(6464.159,6882.164)-RightLarge(6464.159,6882.164),LeftSmall(6464.159,6882.164)-RightSmall(6464.159,6882.164),TLSmall(6464.159,6882.164)-TRSmall(6464.159,6882.164)
06-11 10:33:42.936  3189  6314 I AICCTModule: AICurveModel: onTargetCCTChange cct change to 6855.932
06-11 10:33:42.939  3189 27614 E OplusStorageUFSBandwidth: Alarm set to trigger in 10 seconds
06-11 10:33:42.998  4650 23595 W HapBridge: [quickjs_runtime.cpp][RunGC][235]: RunGC
06-11 10:33:43.067  6732 28981 I PTC.DISC.AndroidMultiLanServer: Watcher sysNif=[wlan0, tun0], userNif=[wlan0 state=(LISTEN JOIN(A3613A|52025)), , tun0 state=(LISTEN JOIN(A3613A|52025))], clientNif=[wlan0 state=(LISTEN), , tun0 state=(LISTEN)], tcpServer state=LISTEN, ipv4=**.100.150
06-11 10:33:43.075  1800  1924 D BatteryChargeControl: bcc get no support from charging protocol
06-11 10:33:43.128  1667 15952 I sensors-hal: handle_oplus_wise_rgb_event:230, wise_rgb:algo_type = 3
06-11 10:33:43.128  1667 15952 I sensors-hal: handle_oplus_wise_rgb_event:285, wise_rgb: raw_lux 521.941895, raw_cct 6440.671875, r/g/b/c: 41216.261719/36263.890625/20570.943359/91579.468750, R/G/B: 0.000000/0.000000/0.000000, brl 1529.000000, lux: 521.941895, cct: 6440.671875, ts 242620444846012, cnt 3759
06-11 10:33:43.174  1699  1958 D IRIS_LOG_SERV: panelReadWrite: type 255 set color matrix
06-11 10:33:43.175  1699  2116 D IRIS_LOG_SERV: InternalConfig: 191 0
06-11 10:33:43.175  1699  2116 D IRIS_LOG_SERV: InternalConfig: 191 0 ret: 0
06-11 10:33:43.192  1699  1958 D IRIS_LOG_SERV: panelReadWrite: type 255 set color matrix
06-11 10:33:43.192  1699  2116 D IRIS_LOG_SERV: InternalConfig: 191 0
06-11 10:33:43.192  1699  2116 D IRIS_LOG_SERV: InternalConfig: 191 0 ret: 0
06-11 10:33:43.328  1667 15952 I sensors-hal: handle_oplus_wise_rgb_event:230, wise_rgb:algo_type = 3
06-11 10:33:43.328  1667 15952 I sensors-hal: handle_oplus_wise_rgb_event:285, wise_rgb: raw_lux 520.214355, raw_cct 6398.507324, r/g/b/c: 41188.304688/36285.148438/20422.906250/91571.921875, R/G/B: 0.000000/0.000000/0.000000, brl 1529.000000, lux: 520.214355, cct: 6398.507324, ts 242620644579605, cnt 3760
06-11 10:33:43.359  3189  3251 W SettingsProvider: notifyForSettingsChange delay for eyeprotect_display_cct, value: 6856, delta: 0, lastNotifyTimestamp: 200717081, minInterval: 10
06-11 10:33:43.394 29276 29374 E JniHttpHelper: HTTP GET failed: http://192.168.1.6:8091/11/1630/684.terrain
06-11 10:33:43.394 29276 29374 E JniHttpHelper: java.net.ConnectException: Failed to connect to /192.168.1.6:8091
06-11 10:33:43.394 29276 29374 E JniHttpHelper: 	at com.android.okhttp.internal.io.RealConnection.connectSocket(RealConnection.java:147)
06-11 10:33:43.394 29276 29374 E JniHttpHelper: 	at com.android.okhttp.internal.io.RealConnection.connect(RealConnection.java:116)
06-11 10:33:43.394 29276 29374 E JniHttpHelper: 	at com.android.okhttp.internal.http.StreamAllocation.findConnection(StreamAllocation.java:186)
06-11 10:33:43.394 29276 29374 E JniHttpHelper: 	at com.android.okhttp.internal.http.StreamAllocation.findHealthyConnection(StreamAllocation.java:128)
06-11 10:33:43.394 29276 29374 E JniHttpHelper: 	at com.android.okhttp.internal.http.StreamAllocation.newStream(StreamAllocation.java:97)
06-11 10:33:43.394 29276 29374 E JniHttpHelper: 	at com.android.okhttp.internal.http.HttpEngine.connect(HttpEngine.java:289)
06-11 10:33:43.394 29276 29374 E JniHttpHelper: 	at com.android.okhttp.internal.http.HttpEngine.sendRequest(HttpEngine.java:232)
06-11 10:33:43.394 29276 29374 E JniHttpHelper: 	at com.android.okhttp.internal.huc.HttpURLConnectionImpl.execute(HttpURLConnectionImpl.java:465)
06-11 10:33:43.394 29276 29374 E JniHttpHelper: 	at com.android.okhttp.internal.huc.HttpURLConnectionImpl.connect(HttpURLConnectionImpl.java:131)
06-11 10:33:43.394 29276 29374 E JniHttpHelper: 	at com.earthengine.minimalglobe.JniHttpHelper.httpGet(JniHttpHelper.java:52)
06-11 10:33:43.394 29276 29374 I QMTerrain: httpGet bridge: 0 bytes
06-11 10:33:43.394 29276 29374 I QMTerrain: requestTile: z=11 x=1630 y=1363 body=0 canceled=0
06-11 10:33:43.394 29276 29369 E JniHttpHelper: HTTP GET failed: http://192.168.1.6:8091/11/1630/685.terrain
06-11 10:33:43.394 29276 29369 E JniHttpHelper: java.net.ConnectException: Failed to connect to /192.168.1.6:8091
06-11 10:33:43.394 29276 29369 E JniHttpHelper: 	at com.android.okhttp.internal.io.RealConnection.connectSocket(RealConnection.java:147)
06-11 10:33:43.394 29276 29369 E JniHttpHelper: 	at com.android.okhttp.internal.io.RealConnection.connect(RealConnection.java:116)
06-11 10:33:43.394 29276 29369 E JniHttpHelper: 	at com.android.okhttp.internal.http.StreamAllocation.findConnection(StreamAllocation.java:186)
06-11 10:33:43.394 29276 29369 E JniHttpHelper: 	at com.android.okhttp.internal.http.StreamAllocation.findHealthyConnection(StreamAllocation.java:128)
06-11 10:33:43.394 29276 29369 E JniHttpHelper: 	at com.android.okhttp.internal.http.StreamAllocation.newStream(StreamAllocation.java:97)
06-11 10:33:43.394 29276 29369 E JniHttpHelper: 	at com.android.okhttp.internal.http.HttpEngine.connect(HttpEngine.java:289)
06-11 10:33:43.394 29276 29369 E JniHttpHelper: 	at com.android.okhttp.internal.http.HttpEngine.sendRequest(HttpEngine.java:232)
06-11 10:33:43.394 29276 29369 E JniHttpHelper: 	at com.android.okhttp.internal.huc.HttpURLConnectionImpl.execute(HttpURLConnectionImpl.java:465)
06-11 10:33:43.394 29276 29369 E JniHttpHelper: 	at com.android.okhttp.internal.huc.HttpURLConnectionImpl.connect(HttpURLConnectionImpl.java:131)
06-11 10:33:43.394 29276 29369 E JniHttpHelper: 	at com.earthengine.minimalglobe.JniHttpHelper.httpGet(JniHttpHelper.java:52)
06-11 10:33:43.394 29276 29369 I QMTerrain: httpGet bridge: 0 bytes
06-11 10:33:43.394 29276 29369 I QMTerrain: requestTile: z=11 x=1630 y=1362 body=0 canceled=0
06-11 10:33:43.394 29276 29373 E JniHttpHelper: HTTP GET failed: http://192.168.1.6:8091/12/3259/1384.terrain
06-11 10:33:43.394 29276 29373 E JniHttpHelper: java.net.ConnectException: Failed to connect to /192.168.1.6:8091
06-11 10:33:43.394 29276 29373 E JniHttpHelper: 	at com.android.okhttp.internal.io.RealConnection.connectSocket(RealConnection.java:147)
06-11 10:33:43.394 29276 29373 E JniHttpHelper: 	at com.android.okhttp.internal.io.RealConnection.connect(RealConnection.java:116)
06-11 10:33:43.394 29276 29373 E JniHttpHelper: 	at com.android.okhttp.internal.http.StreamAllocation.findConnection(StreamAllocation.java:186)
06-11 10:33:43.394 29276 29373 E JniHttpHelper: 	at com.android.okhttp.internal.http.StreamAllocation.findHealthyConnection(StreamAllocation.java:128)
06-11 10:33:43.394 29276 29373 E JniHttpHelper: 	at com.android.okhttp.internal.http.StreamAllocation.newStream(StreamAllocation.java:97)
06-11 10:33:43.394 29276 29373 E JniHttpHelper: 	at com.android.okhttp.internal.http.HttpEngine.connect(HttpEngine.java:289)
06-11 10:33:43.394 29276 29373 E JniHttpHelper: 	at com.android.okhttp.internal.http.HttpEngine.sendRequest(HttpEngine.java:232)
06-11 10:33:43.394 29276 29373 E JniHttpHelper: 	at com.android.okhttp.internal.huc.HttpURLConnectionImpl.execute(HttpURLConnectionImpl.java:465)
06-11 10:33:43.394 29276 29373 E JniHttpHelper: 	at com.android.okhttp.internal.huc.HttpURLConnectionImpl.connect(HttpURLConnectionImpl.java:131)
06-11 10:33:43.394 29276 29373 E JniHttpHelper: 	at com.earthengine.minimalglobe.JniHttpHelper.httpGet(JniHttpHelper.java:52)
06-11 10:33:43.394 29276 29373 I QMTerrain: httpGet bridge: 0 bytes
06-11 10:33:43.394 29276 29373 I QMTerrain: requestTile: z=12 x=3259 y=2711 body=0 canceled=0
06-11 10:33:43.395 29276 29376 E JniHttpHelper: HTTP GET failed: http://192.168.1.6:8091/11/1630/689.terrain
06-11 10:33:43.395 29276 29376 E JniHttpHelper: java.net.ConnectException: Failed to connect to /192.168.1.6:8091
06-11 10:33:43.395 29276 29376 E JniHttpHelper: 	at com.android.okhttp.internal.io.RealConnection.connectSocket(RealConnection.java:147)
06-11 10:33:43.395 29276 29376 E JniHttpHelper: 	at com.android.okhttp.internal.io.RealConnection.connect(RealConnection.java:116)
06-11 10:33:43.395 29276 29376 E JniHttpHelper: 	at com.android.okhttp.internal.http.StreamAllocation.findConnection(StreamAllocation.java:186)
06-11 10:33:43.395 29276 29376 E JniHttpHelper: 	at com.android.okhttp.internal.http.StreamAllocation.findHealthyConnection(StreamAllocation.java:128)
06-11 10:33:43.395 29276 29376 E JniHttpHelper: 	at com.android.okhttp.internal.http.StreamAllocation.newStream(StreamAllocation.java:97)
06-11 10:33:43.395 29276 29376 E JniHttpHelper: 	at com.android.okhttp.internal.http.HttpEngine.connect(HttpEngine.java:289)
06-11 10:33:43.395 29276 29376 E JniHttpHelper: 	at com.android.okhttp.internal.http.HttpEngine.sendRequest(HttpEngine.java:232)
06-11 10:33:43.395 29276 29376 E JniHttpHelper: 	at com.android.okhttp.internal.huc.HttpURLConnectionImpl.execute(HttpURLConnectionImpl.java:465)
06-11 10:33:43.395 29276 29376 E JniHttpHelper: 	at com.android.okhttp.internal.huc.HttpURLConnectionImpl.connect(HttpURLConnectionImpl.java:131)
06-11 10:33:43.395 29276 29376 E JniHttpHelper: 	at com.earthengine.minimalglobe.JniHttpHelper.httpGet(JniHttpHelper.java:52)
06-11 10:33:43.395 29276 29376 I QMTerrain: httpGet bridge: 0 bytes
06-11 10:33:43.395 29276 29376 I QMTerrain: requestTile: z=11 x=1630 y=1358 body=0 canceled=0
06-11 10:33:43.395 29276 29372 E JniHttpHelper: HTTP GET failed: http://192.168.1.6:8091/11/1629/690.terrain
06-11 10:33:43.395 29276 29372 E JniHttpHelper: java.net.ConnectException: Failed to connect to /192.168.1.6:8091
06-11 10:33:43.395 29276 29372 E JniHttpHelper: 	at com.android.okhttp.internal.io.RealConnection.connectSocket(RealConnection.java:147)
06-11 10:33:43.395 29276 29372 E JniHttpHelper: 	at com.android.okhttp.internal.io.RealConnection.connect(RealConnection.java:116)
06-11 10:33:43.395 29276 29372 E JniHttpHelper: 	at com.android.okhttp.internal.http.StreamAllocation.findConnection(StreamAllocation.java:186)
06-11 10:33:43.395 29276 29372 E JniHttpHelper: 	at com.android.okhttp.internal.http.StreamAllocation.findHealthyConnection(StreamAllocation.java:128)
06-11 10:33:43.395 29276 29372 E JniHttpHelper: 	at com.android.okhttp.internal.http.StreamAllocation.newStream(StreamAllocation.java:97)
06-11 10:33:43.395 29276 29372 E JniHttpHelper: 	at com.android.okhttp.internal.http.HttpEngine.connect(HttpEngine.java:289)
06-11 10:33:43.395 29276 29372 E JniHttpHelper: 	at com.android.okhttp.internal.http.HttpEngine.sendRequest(HttpEngine.java:232)
06-11 10:33:43.395 29276 29372 E JniHttpHelper: 	at com.android.okhttp.internal.huc.HttpURLConnectionImpl.execute(HttpURLConnectionImpl.java:465)
06-11 10:33:43.395 29276 29372 E JniHttpHelper: 	at com.android.okhttp.internal.huc.HttpURLConnectionImpl.connect(HttpURLConnectionImpl.java:131)
06-11 10:33:43.395 29276 29372 E JniHttpHelper: 	at com.earthengine.minimalglobe.JniHttpHelper.httpGet(JniHttpHelper.java:52)
06-11 10:33:43.396 29276 29372 I QMTerrain: httpGet bridge: 0 bytes
06-11 10:33:43.396 29276 29372 I QMTerrain: requestTile: z=11 x=1629 y=1357 body=0 canceled=0
06-11 10:33:43.396 29276 29371 E JniHttpHelper: HTTP GET failed: http://192.168.1.6:8091/12/3259/1382.terrain
06-11 10:33:43.396 29276 29371 E JniHttpHelper: java.net.ConnectException: Failed to connect to /192.168.1.6:8091
06-11 10:33:43.396 29276 29371 E JniHttpHelper: 	at com.android.okhttp.internal.io.RealConnection.connectSocket(RealConnection.java:147)
06-11 10:33:43.396 29276 29371 E JniHttpHelper: 	at com.android.okhttp.internal.io.RealConnection.connect(RealConnection.java:116)
06-11 10:33:43.396 29276 29371 E JniHttpHelper: 	at com.android.okhttp.internal.http.StreamAllocation.findConnection(StreamAllocation.java:186)
06-11 10:33:43.396 29276 29371 E JniHttpHelper: 	at com.android.okhttp.internal.http.StreamAllocation.findHealthyConnection(StreamAllocation.java:128)
06-11 10:33:43.396 29276 29371 E JniHttpHelper: 	at com.android.okhttp.internal.http.StreamAllocation.newStream(StreamAllocation.java:97)
06-11 10:33:43.396 29276 29371 E JniHttpHelper: 	at com.android.okhttp.internal.http.HttpEngine.connect(HttpEngine.java:289)
06-11 10:33:43.396 29276 29371 E JniHttpHelper: 	at com.android.okhttp.internal.http.HttpEngine.sendRequest(HttpEngine.java:232)
06-11 10:33:43.396 29276 29371 E JniHttpHelper: 	at com.android.okhttp.internal.huc.HttpURLConnectionImpl.execute(HttpURLConnectionImpl.java:465)
06-11 10:33:43.396 29276 29371 E JniHttpHelper: 	at com.android.okhttp.internal.huc.HttpURLConnectionImpl.connect(HttpURLConnectionImpl.java:131)
06-11 10:33:43.396 29276 29371 E JniHttpHelper: 	at com.earthengine.minimalglobe.JniHttpHelper.httpGet(JniHttpHelper.java:52)
06-11 10:33:43.396 29276 29371 I QMTerrain: httpGet bridge: 0 bytes
06-11 10:33:43.396 29276 29375 E JniHttpHelper: HTTP GET failed: http://192.168.1.6:8091/11/1630/690.terrain
06-11 10:33:43.396 29276 29375 E JniHttpHelper: java.net.ConnectException: Failed to connect to /192.168.1.6:8091
06-11 10:33:43.396 29276 29375 E JniHttpHelper: 	at com.android.okhttp.internal.io.RealConnection.connectSocket(RealConnection.java:147)
06-11 10:33:43.396 29276 29375 E JniHttpHelper: 	at com.android.okhttp.internal.io.RealConnection.connect(RealConnection.java:116)
06-11 10:33:43.396 29276 29375 E JniHttpHelper: 	at com.android.okhttp.internal.http.StreamAllocation.findConnection(StreamAllocation.java:186)
06-11 10:33:43.396 29276 29375 E JniHttpHelper: 	at com.android.okhttp.internal.http.StreamAllocation.findHealthyConnection(StreamAllocation.java:128)
06-11 10:33:43.396 29276 29375 E JniHttpHelper: 	at com.android.okhttp.internal.http.StreamAllocation.newStream(StreamAllocation.java:97)
06-11 10:33:43.396 29276 29375 E JniHttpHelper: 	at com.android.okhttp.internal.http.HttpEngine.connect(HttpEngine.java:289)
06-11 10:33:43.396 29276 29375 E JniHttpHelper: 	at com.android.okhttp.internal.http.HttpEngine.sendRequest(HttpEngine.java:232)
06-11 10:33:43.396 29276 29375 E JniHttpHelper: 	at com.android.okhttp.internal.huc.HttpURLConnectionImpl.execute(HttpURLConnectionImpl.java:465)
06-11 10:33:43.396 29276 29375 E JniHttpHelper: 	at com.android.okhttp.internal.huc.HttpURLConnectionImpl.connect(HttpURLConnectionImpl.java:131)
06-11 10:33:43.396 29276 29375 E JniHttpHelper: 	at com.earthengine.minimalglobe.JniHttpHelper.httpGet(JniHttpHelper.java:52)
06-11 10:33:43.396 29276 29375 I QMTerrain: httpGet bridge: 0 bytes
06-11 10:33:43.396 29276 29375 I QMTerrain: requestTile: z=11 x=1630 y=1357 body=0 canceled=0
06-11 10:33:43.396 29276 29371 I QMTerrain: requestTile: z=12 x=3259 y=2713 body=0 canceled=0
06-11 10:33:43.396 29276 29377 E JniHttpHelper: HTTP GET failed: http://192.168.1.6:8091/12/3260/1382.terrain
06-11 10:33:43.396 29276 29377 E JniHttpHelper: java.net.ConnectException: Failed to connect to /192.168.1.6:8091
06-11 10:33:43.396 29276 29377 E JniHttpHelper: 	at com.android.okhttp.internal.io.RealConnection.connectSocket(RealConnection.java:147)
06-11 10:33:43.396 29276 29377 E JniHttpHelper: 	at com.android.okhttp.internal.io.RealConnection.connect(RealConnection.java:116)
06-11 10:33:43.396 29276 29377 E JniHttpHelper: 	at com.android.okhttp.internal.http.StreamAllocation.findConnection(StreamAllocation.java:186)
06-11 10:33:43.396 29276 29377 E JniHttpHelper: 	at com.android.okhttp.internal.http.StreamAllocation.findHealthyConnection(StreamAllocation.java:128)
06-11 10:33:43.396 29276 29377 E JniHttpHelper: 	at com.android.okhttp.internal.http.StreamAllocation.newStream(StreamAllocation.java:97)
06-11 10:33:43.396 29276 29377 E JniHttpHelper: 	at com.android.okhttp.internal.http.HttpEngine.connect(HttpEngine.java:289)
06-11 10:33:43.396 29276 29377 E JniHttpHelper: 	at com.android.okhttp.internal.http.HttpEngine.sendRequest(HttpEngine.java:232)
06-11 10:33:43.396 29276 29377 E JniHttpHelper: 	at com.android.okhttp.internal.huc.HttpURLConnectionImpl.execute(HttpURLConnectionImpl.java:465)
06-11 10:33:43.396 29276 29377 E JniHttpHelper: 	at com.android.okhttp.internal.huc.HttpURLConnectionImpl.connect(HttpURLConnectionImpl.java:131)
06-11 10:33:43.396 29276 29377 E JniHttpHelper: 	at com.earthengine.minimalglobe.JniHttpHelper.httpGet(JniHttpHelper.java:52)
06-11 10:33:43.397 29276 29377 I QMTerrain: httpGet bridge: 0 bytes
06-11 10:33:43.397 29276 29377 I QMTerrain: requestTile: z=12 x=3260 y=2713 body=0 canceled=0
06-11 10:33:43.527  1667 15952 I sensors-hal: handle_oplus_wise_rgb_event:230, wise_rgb:algo_type = 3
06-11 10:33:43.527  1667 15952 I sensors-hal: handle_oplus_wise_rgb_event:285, wise_rgb: raw_lux 515.355957, raw_cct 6417.956543, r/g/b/c: 41074.414062/36329.320312/20470.617188/91333.453125, R/G/B: 0.000000/0.000000/0.000000, brl 1529.000000, lux: 515.355957, cct: 6417.956543, ts 242620844313147, cnt 3761
06-11 10:33:43.569 13659 13659 D IHansComunication: HANS sendMessageToKernel: threadId = 492371426368, netLinkSetup = 1, type = FROZEN_TRANS, targetUid = 10307, pkgCmd = PKG_CMD_MAX
06-11 10:33:43.576 29276 29276 I GLES    : submit #300: 56 commands, glError=0
06-11 10:33:43.578 29276 29276 I MinimalGlobe: Frame 300 | tiles vis=89 cached=75 renderSurface=54 mesh=54 (terr=0 ellip=54 ready=0 terrParent=0 terrTrans=0) attach=54 exact=54 parent=0 stale=0 missingGen=0 | missing=0 unsupported=35 kicked=0 retained=0 visZ=2-12 targetZ=2-12 texZ=2-12 lod=307 eq=0 qRender=89 qWalk=56 qFrustum=113 qFade=0 qBal=0 qHz=0 qEq2=0 grp=54/19/16 gen=2 | sun=(0.03,0.93,0.36) | FPS=30.0 draw=56
06-11 10:33:43.727  1667 15988 I sensors-hal: handle_oplus_wise_rgb_event:301, oplus wise_rgb sample: (3762)(cct, lux, ir_ratio, r, g, b, c)[6412, 518, 35, 41072, 36364, 20441, 91423]
06-11 10:33:43.727  1667 15952 I sensors-hal: handle_oplus_wise_rgb_event:230, wise_rgb:algo_type = 3
06-11 10:33:43.728  1667 15952 I sensors-hal: handle_oplus_wise_rgb_event:285, wise_rgb: raw_lux 518.531982, raw_cct 6412.341797, r/g/b/c: 41072.851562/36364.164062/20441.009766/91423.289062, R/G/B: 0.000000/0.000000/0.000000, brl 1529.000000, lux: 518.531982, cct: 6412.341797, ts 242621044061689, cnt 3762
06-11 10:33:43.811  4639  8246 D CommonApp-194-10602: commonScoreStrategy scenarios 5 mdnsScore=0
06-11 10:33:43.811  4639  8246 D CommonApp-194-10602: notifyScoreChange appScene COMMON score 98
06-11 10:33:43.812  4639  8246 D ScorePolicy: handleScoreChanged: []
06-11 10:33:43.812  4639  8246 D ScorePolicy: handleScoreChanged: []
06-11 10:33:43.813  4639  8246 D ScorePolicy: handleScoreChanged: []
06-11 10:33:43.927  1667 15952 I sensors-hal: handle_oplus_wise_rgb_event:230, wise_rgb:algo_type = 3
06-11 10:33:43.927  1667 15952 I sensors-hal: handle_oplus_wise_rgb_event:285, wise_rgb: raw_lux 518.283447, raw_cct 6356.763672, r/g/b/c: 41181.531250/36230.382812/20305.269531/91316.625000, R/G/B: 0.000000/0.000000/0.000000, brl 1529.000000, lux: 518.283447, cct: 6356.763672, ts 242621243770595, cnt 3763
06-11 10:33:43.928  1667 15988 I sensors-hal: get_brightness:1652, light_iface: get_brightness, brl 1529, pwm_turbo_on 0/0, hbm_dc 0
06-11 10:33:44.078  1800  1924 D BatteryChargeControl: bcc get no support from charging protocol
06-11 10:33:44.126  1667 15952 I sensors-hal: handle_oplus_wise_rgb_event:230, wise_rgb:algo_type = 3
06-11 10:33:44.126  1667 15952 I sensors-hal: handle_oplus_wise_rgb_event:285, wise_rgb: raw_lux 513.599121, raw_cct 6357.704590, r/g/b/c: 41146.031250/36342.558594/20410.017578/91284.648438, R/G/B: 0.000000/0.000000/0.000000, brl 1529.000000, lux: 513.599121, cct: 6357.704590, ts 242621443481949, cnt 3764
06-11 10:33:44.170 12732 12732 W ContextImpl: Calling a method in the system process without a qualified user: android.app.ContextImpl.bindService:2135 android.content.ContextWrapper.bindService:901 com.oplus.onetrace.connection.a.f:23 com.oplus.onetrace.connection.b.c:24 T.b.j:8 
06-11 10:33:44.173 12732 12732 D COMMON_CONNECT: Connect StatsManagerService, succeed ? true
06-11 10:33:44.174 28445 29196 W OplusExSystemServiceHelper: checkOplusExSystemService intent getComponent is null
06-11 10:33:44.175 28445 28445 I PendingBootExecutor: PendingBootExecutor is initialized.
06-11 10:33:44.176 28445 28445 W ContextImpl: Calling a method in the system process without a qualified user: android.app.ContextImpl.bindService:2135 android.content.ContextWrapper.bindService:901 com.oplus.dataprovider.utils.AthenaManager.p:19 com.oplus.dataprovider.utils.AthenaManager.u:24 com.oplus.dataprovider.utils.AthenaManager.s:1 
06-11 10:33:44.176  3189  5016 V ActivityManager: Has totaly same connectionRecord, just reuse it!
06-11 10:33:44.177 28445 28445 W ContextImpl: Calling a method in the system process without a qualified user: android.app.ContextImpl.bindService:2135 android.content.ContextWrapper.bindService:901 com.oplus.dataprovider.utils.AthenaManager.o:19 com.oplus.dataprovider.utils.AthenaManager.t:24 com.oplus.dataprovider.utils.AthenaManager.s:4 
06-11 10:33:44.178  3189  5016 V ActivityManager: Has totaly same connectionRecord, just reuse it!
06-11 10:33:44.178 28445 28445 D ProfileLoader: Load profile with prefKey: onetrace_profile_key
06-11 10:33:44.180 28445 28445 D BroadcastCompat: 2)Register receiver:s0.j@c37550
06-11 10:33:44.180 28445 29197 I StatsManagerService: Set RUS pending update task.
06-11 10:33:44.180 28445 28498 D ProfileLoaderTask: Start resolve profile: sys_athena_thermal_profile from RUS with type=com.oplus.onetrace.profile.Profile
06-11 10:33:44.180 28445 28480 D ProfileLoaderTask: Start resolve profile: sys_ostats_top_app_list from RUS with type=com.oplus.onetrace.profile.TopAppProfile
06-11 10:33:44.184 28445 28445 D ProfileLoader: Load profile with prefKey: node_prop_config_key
06-11 10:33:44.184 28445 28445 I MetricStatsManagerCached: Register prop config listener.
06-11 10:33:44.184 28445 28445 D ProfileLoader: Load profile with prefKey: onetrace_profile_key
06-11 10:33:44.185 28445 28445 W SchedTaskCollector: Failed to create root dir!
06-11 10:33:44.185 28445 28445 D ProfileLoader: Load profile with prefKey: onetrace_profile_key
06-11 10:33:44.186 28445 28445 D ProfileLoader: Load profile with prefKey: onetrace_list_key
06-11 10:33:44.187  3189  5016 D TerminateObserverManager: registerTerminateObserver: com.oplus.app.IProcessTerminateObserver$Stub$Proxy@eb87138 28445
06-11 10:33:44.187  3189  5016 E OplusAthenaAm: onTerminateStateChanged pid: 28445 uid:1000 isRegister:true
06-11 10:33:44.187  3189  5016 E OplusAthenaAm: AthenaAmManagerInternal transact code hello:13,flags:0
06-11 10:33:44.187 28445 28445 I StatsManagerService: Register terminate observer, result=true
06-11 10:33:44.187 28445 28498 W ProfileLoaderTask: The content of column:xml is empty!
06-11 10:33:44.188 28445 28480 W ProfileLoaderTask: The content of column:xml is empty!
06-11 10:33:44.188 12732 12732 D MessengerHelper: onServiceConnected:com.oplus.onetrace.connection.a$b@91db85a
06-11 10:33:44.194  3189  5599 D ConnectivityService: requestNetwork for uid/pid:1000/28445 activeRequest: null callbackRequest: 4762 [NetworkRequest [ REQUEST id=4763, [ Capabilities: INTERNET&NOT_RESTRICTED&TRUSTED&NOT_VCN_MANAGED&NOT_BANDWIDTH_CONSTRAINED Uid: 1000 RequestorUid: 1000 RequestorPkg: com.oplus.onetrace UnderlyingNetworks: Null] ]] callback flags: 0 order: 2147483647 isUidTracked: false declaredMethods: AVAIL|LOST
06-11 10:33:44.198 28445 29197 W CameraStatsProvider: Camera mode settings is not found!
06-11 10:33:44.199 28445 29197 W CameraStatsProvider: Camera fps is not found!
06-11 10:33:44.199 28445 29197 D BroadcastCompat: 1)Register receiver:com.oplus.dataprovider.server.F$b@dc7e2f3
06-11 10:33:44.200 28445 29197 W FileNodeStatsProvider: Failed to access file node path=/proc/wireless/enable_tx
06-11 10:33:44.200 28445 29197 W FileNodeStatsProvider: Failed to access file node path=/sys/module/cpufreq_bouncing/parameters/trace
06-11 10:33:44.201 28445 29197 W FileNodeStatsProvider: Failed to access file node path=/sys/class/leds/lcd-backlight/brightness
06-11 10:33:44.202 28445 29197 W FileNodeStatsProvider: Failed to access file node path=/sys/class/leds/fan/speed
06-11 10:33:44.202 28445 29197 W FileNodeStatsProvider: Failed to access file node path=/sys/class/leds/fan/state
06-11 10:33:44.202 28445 29197 W FileNodeStatsProvider: Failed to access file node path=/sys/class/leds/fan/rpm
06-11 10:33:44.202 28445 29197 W FileNodeStatsProvider: Failed to access file node path=/sys/class/leds/fan/level
06-11 10:33:44.203  3189  3841 D WifiNetworkFactory: got request NetworkRequest [ REQUEST id=4763, [ Capabilities: INTERNET&NOT_RESTRICTED&TRUSTED&NOT_VCN_MANAGED&NOT_BANDWIDTH_CONSTRAINED Uid: 1000 RequestorUid: 1000 RequestorPkg: com.oplus.onetrace UnderlyingNetworks: Null] ]
06-11 10:33:44.204 28445 29197 D BroadcastCompat: 2)Register receiver:com.oplus.dataprovider.server.A$a@5d5810d
06-11 10:33:44.204  3189  3841 D UntrustedWifiNetworkFactory: got request NetworkRequest [ REQUEST id=4763, [ Capabilities: INTERNET&NOT_RESTRICTED&TRUSTED&NOT_VCN_MANAGED&NOT_BANDWIDTH_CONSTRAINED Uid: 1000 RequestorUid: 1000 RequestorPkg: com.oplus.onetrace UnderlyingNetworks: Null] ]
06-11 10:33:44.204  3189  3841 D OemPaidWifiNetworkFactory: got request NetworkRequest [ REQUEST id=4763, [ Capabilities: INTERNET&NOT_RESTRICTED&TRUSTED&NOT_VCN_MANAGED&NOT_BANDWIDTH_CONSTRAINED Uid: 1000 RequestorUid: 1000 RequestorPkg: com.oplus.onetrace UnderlyingNetworks: Null] ]
06-11 10:33:44.205  3189  3841 D MultiInternetWifiNetworkFactory: got request NetworkRequest [ REQUEST id=4763, [ Capabilities: INTERNET&NOT_RESTRICTED&TRUSTED&NOT_VCN_MANAGED&NOT_BANDWIDTH_CONSTRAINED Uid: 1000 RequestorUid: 1000 RequestorPkg: com.oplus.onetrace UnderlyingNetworks: Null] ]
06-11 10:33:44.205  3189  3848 D ConnectivityService: NetReassign [4763 : null → 194] [c 0] [a 2] [i 8]
06-11 10:33:44.206 28445 29197 D BroadcastCompat: 1)Register receiver:com.oplus.dataprovider.server.c2$a@446c4c5
06-11 10:33:44.207 28445 29197 D BroadcastCompat: 1)Register receiver:com.oplus.dataprovider.server.v$a@d53e841
06-11 10:33:44.208  3189  5016 V GnssListenerMultiplexer: addListener android.location.IGnssStatusListener$Stub$Proxy@444c1e5 from 1000/com.oplus.onetrace/D4AC6FE9
06-11 10:33:44.213 28445 29197 D BroadcastCompat: 1)Register receiver:com.oplus.dataprovider.server.h1$a@8b5c77d
06-11 10:33:44.214 28445 29197 I CpuTaskStatsManager: set ctp1.0 enable state:true
06-11 10:33:44.215  1764  1964 D PerformanceService: enable task cpustats
06-11 10:33:44.216 28445 29197 E OplusAppSwitchManager: observer doesn't exit!
06-11 10:33:44.216  3189  5016 I OplusAppSwitchManagerService: appswitch registerAppSwitchObserver pName = com@@oplus@@onetrace_236331048 observer = com.oplus.app.IOplusAppSwitchObserver$Stub$Proxy@9a3286 config = OplusAppSwitchConfig = {  observerFingerPrint = 235806523}
06-11 10:33:44.216  3189  5016 I OplusAppSwitchStateDispatcher: registerAppSwitchObserver addDynamicListener OK, info = OplusAppSwitchRuleInfo = {  observer = com.oplus.app.IOplusAppSwitchObserver$Stub$Proxy@9a3286 observerFingerPrint = 235806523} rule size =0
06-11 10:33:44.217 28445 29196 D OplusAppSwitchManager: observer =  mDefaultMatchActivity = false mDefaultMatchApp true
06-11 10:33:44.218 28445 29197 D BroadcastCompat: 2)Register receiver:com.oplus.dataprovider.server.l$a@5be9096
06-11 10:33:44.219 28445 28445 W ContextImpl: Calling a method in the system process without a qualified user: android.app.ContextImpl.bindService:2135 android.content.ContextWrapper.bindService:901 com.oplus.dataprovider.producer.AppJankDataMonitor.bindSender:23 com.oplus.dataprovider.producer.AppJankDataMonitor.c:1 com.oplus.dataprovider.producer.f.run:3 
06-11 10:33:44.219 28445 29197 W SystemPropertyStatsProvider: System property with key=vendor.oplus.media.vpp.osie_sr.on is not found!
06-11 10:33:44.221 12732 12787 W OplusExSystemServiceHelper: checkOplusExSystemService intent getComponent is null
06-11 10:33:44.221 28445 29197 D BroadcastCompat: 1)Register receiver:com.oplus.dataprovider.server.o1$b@59a09a5
06-11 10:33:44.221 28445 28503 W ContextImpl: Calling a method in the system process without a qualified user: android.app.ContextImpl.bindService:2135 android.content.ContextWrapper.bindService:901 com.oplus.dataprovider.server.ThermalControlStatsProvider.h:37 com.oplus.dataprovider.server.ThermalControlStatsProvider.m:35 com.oplus.dataprovider.app.Z.n:3 
06-11 10:33:44.222  1800  1800 D vendor.oplus.hardware.charger-V10-service: getChargerControl:sub_current=100
06-11 10:33:44.222  1800  1800 D vendor.oplus.hardware.charger-V10-service: sub_voltage=3800
06-11 10:33:44.222  1800  1800 D vendor.oplus.hardware.charger-V10-service: sub_soc=-1
06-11 10:33:44.222  1800  1800 D vendor.oplus.hardware.charger-V10-service: sub_temperature=250
06-11 10:33:44.222  1800  1800 D vendor.oplus.hardware.charger-V10-service: main_soc=100
06-11 10:33:44.224  5081  5179 W OplusExSystemServiceHelper: checkOplusExSystemService intent getComponent is null
06-11 10:33:44.224  5081  5081 W Battery : ThermalTraceService: onCreate
06-11 10:33:44.225 28445 29197 W HidlServiceHelper: Failed to read task schedule version with kernel returns
06-11 10:33:44.225  5081  5081 W Battery : ThermalTraceService: onBind
06-11 10:33:44.226 12732 12732 D ClientMessengerHelper: Succeed register client: com.oplus.onetrace
06-11 10:33:44.227  5081  5179 W Battery : ThermalTraceService: register callback android.os.BinderProxy@39d1218
06-11 10:33:44.227  5081  5970 W Battery : ThermalControllHandler: MSG_THERMAL_CONTROL_TRACEINFO_UPLOAD. isTraceMonitorOn:true, hasTraceAidl:true
06-11 10:33:44.227  5081  5970 W Battery : ThermalControllHandler: ZoomWindowsInfo=[],PipWindowsInfo=[],AppFloatingWindowsInfo=[]
06-11 10:33:44.229  5081 12459 W Battery : ThermalTraceService: mThermalTraceCallBackMap.size()=1
06-11 10:33:44.242  1800  1800 D vendor.oplus.hardware.charger-V10-service: getChargerControl:sub_current=100
06-11 10:33:44.242  1800  1800 D vendor.oplus.hardware.charger-V10-service: sub_voltage=3800
06-11 10:33:44.242  1800  1800 D vendor.oplus.hardware.charger-V10-service: sub_soc=-1
06-11 10:33:44.242  1800  1800 D vendor.oplus.hardware.charger-V10-service: sub_temperature=250
06-11 10:33:44.242  1800  1800 D vendor.oplus.hardware.charger-V10-service: main_soc=100
06-11 10:33:44.301  5227 27332 W market_app_scan: [biz] auto scan not started cause already scanned
06-11 10:33:44.326  1667 15952 I sensors-hal: handle_oplus_wise_rgb_event:230, wise_rgb:algo_type = 3
06-11 10:33:44.326  1667 15952 I sensors-hal: handle_oplus_wise_rgb_event:285, wise_rgb: raw_lux 512.769897, raw_cct 6414.200195, r/g/b/c: 41013.449219/36418.234375/20515.031250/91451.257812, R/G/B: 0.000000/0.000000/0.000000, brl 1529.000000, lux: 512.769897, cct: 6414.200195, ts 242621643169605, cnt 3765
06-11 10:33:44.399 18957 18957 D ClockTag_ClockWidget.ClockWidgetWeatherService: stop refresh service self
06-11 10:33:44.403 18957 18957 D ClockTag_ClockWidget.ClockWidgetWeatherService: ClockWidgetWeatherService onDestroy
06-11 10:33:44.412  3189  5599 D ActivityManager: Async freezing 18957 com.coloros.alarmclock:clockWidget
06-11 10:33:44.412 18957 18957 D ClockTag_AlarmClockApplication: onTrimMemory: 40
06-11 10:33:44.526  1667 15952 I sensors-hal: handle_oplus_wise_rgb_event:230, wise_rgb:algo_type = 3
06-11 10:33:44.526  1667 15952 I sensors-hal: handle_oplus_wise_rgb_event:285, wise_rgb: raw_lux 513.886963, raw_cct 6527.983398, r/g/b/c: 40821.609375/36237.121094/20679.521484/91288.398438, R/G/B: 0.000000/0.000000/0.000000, brl 1529.000000, lux: 513.886963, cct: 6527.983398, ts 242621842924293, cnt 3766
06-11 10:33:44.668  3189  3841 D WifiStaIfaceHidlImpl: getCachedScanData is not implemented by HIDL
06-11 10:33:44.676  4639  4639 D VendorWifiService: onEvent event:9,action:1
06-11 10:33:44.688  3189  3960 D ScorerUtils: isLowTraffic: txTputKBps=0, rxTputKBps=1
06-11 10:33:44.689  3189  3960 D OplusWifiPower_TriggerCenter: mComponentCallback: wifistat
06-11 10:33:44.726  1667 15952 I sensors-hal: handle_oplus_wise_rgb_event:230, wise_rgb:algo_type = 3
06-11 10:33:44.726  1667 15952 I sensors-hal: handle_oplus_wise_rgb_event:285, wise_rgb: raw_lux 525.508545, raw_cct 6511.668945, r/g/b/c: 40942.781250/36166.191406/20513.183594/91579.171875, R/G/B: 0.000000/0.000000/0.000000, brl 1529.000000, lux: 525.508545, cct: 6511.668945, ts 242622042706897, cnt 3767
06-11 10:33:44.835  4639  8246 D CommonApp-194-10602: transport layer data is invalid
06-11 10:33:44.835  4639  8246 D ScorePolicy: handleScoreChanged: []
06-11 10:33:44.835  4639  8246 D ScorePolicy: handleScoreChanged: []
06-11 10:33:44.835  4639  8246 D ScorePolicy: handleScoreChanged: []
06-11 10:33:44.926  1667 15952 I sensors-hal: handle_oplus_wise_rgb_event:230, wise_rgb:algo_type = 3
06-11 10:33:44.926  1667 15952 I sensors-hal: get_brightness:1652, light_iface: get_brightness, brl 1529, pwm_turbo_on 0/0, hbm_dc 0
06-11 10:33:44.926  1667 15952 I sensors-hal: handle_oplus_wise_rgb_event:285, wise_rgb: raw_lux 523.758423, raw_cct 6472.296387, r/g/b/c: 41151.238281/36192.605469/20465.998047/91695.546875, R/G/B: 0.000000/0.000000/0.000000, brl 1529.000000, lux: 523.758423, cct: 6472.296387, ts 242622242465960, cnt 3768
06-11 10:33:44.928  3189  6314 I AICCTModule: SensorFilter: findSecondNearestValue, sensorValue: 6409.3545 nearestMaxValue:6472.2964 secondNearestValue: 6511.669
06-11 10:33:44.929  3189  6314 I AICCTModule: SensorFilter: findSecondNearestValue, sensorValue: 526.44336 nearestMaxValue:525.50854 secondNearestValue: 523.7584
06-11 10:33:44.930  3189  6314 I AICCTModule: AICurveModel: findPointByX x:13.469492, rightPoint:Point:(13.469999, 6907.424, 6907.424)
06-11 10:33:44.930  3189  6314 I AICCTModule: AICurveModel: StablePoints has no dragSplineLine
06-11 10:33:44.930  3189  6314 I AICCTModule: AICurveModel: findPointByY y:6855.932, rightPoint:Point:(13.41, 6855.932, 6855.932)
06-11 10:33:44.930  3189  6314 I AICCTModule: AICurveModel: findPointByY y:6855.932, rightPoint:Point:(13.41, 6855.932, 6855.932)
06-11 10:33:44.931  3189  6314 I AICCTModule: AICurveModel: findPointByY y:6855.932, rightPoint:Point:(13.41, 6855.932, 6855.932)
06-11 10:33:44.931  3189  6314 I AICCTModule: AICurveModel: StablePoints y1Left:6855.932, y2Left:0.0, leftY:6855.932
06-11 10:33:44.931  3189  6314 I AICCTModule: AICurveModel: findPointByY y:6855.932, rightPoint:Point:(13.41, 6855.932, 6855.932)
06-11 10:33:44.931  3189  6314 I AICCTModule: AICurveModel: findPointByY y:6855.932, rightPoint:Point:(13.41, 6855.932, 6855.932)
06-11 10:33:44.931  3189  6314 I AICCTModule: AICurveModel: getNextPoint isLargeChange, 6512.4897, 6907.424
06-11 10:33:44.932  3189  6314 I AICCTModule: AICurveModel: handleUpdateCCT cct change from:(6416.010742,6855.932129)->(6512.489746,6907.423828),curPoint(6512.489746,6907.423828),stablePoint=LeftLarge(6416.0107,6855.932)-RightLarge(6416.0107,6855.932),LeftSmall(6416.0107,6855.932)-RightSmall(6416.0107,6855.932),TLSmall(6416.0107,6855.932)-TRSmall(6416.0107,6855.932)
06-11 10:33:44.932  3189  6314 I AICCTModule: AICurveModel: onTargetCCTChange cct change to 6907.424
06-11 10:33:44.935  3189  3765 V AlarmManager: sending alarm Alarm{c65490e type 1 origWhen 1781145224935 whenElapsed 242622261 android} uid 1000 whenElapsed 242622261 windowLength 0 maxWhenElapsed 242622261 repeatInterval 0 action null component null tag StorgaeBandInfoAlarmTag flags 0x9 procName system_server
06-11 10:33:44.935  3189 27614 E OplusStorageUFSBandwidth: storage_io_metrics_path is /proc/oplus_storage/io_metrics/forever/
06-11 10:33:44.936  3189 27614 E OplusStorageUFSBandwidth: Bandwidth - Read: 0.00 MB/s, Write: 0.00 MB/s
06-11 10:33:44.936  3189 27614 E OplusStorageUFSBandwidth: Task time: 1ms
06-11 10:33:44.940  3189 27614 E OplusStorageUFSBandwidth: Alarm set to trigger in 10 seconds
06-11 10:33:45.081  1800  1924 D BatteryChargeControl: bcc get no support from charging protocol
06-11 10:33:45.110  4329  4513 I SystemUi--Statusbar: OplusNetworkSpeedControllExImpl-->updateNetworkSpeed: isConnected:true,isSwitchOn:true,isSuspend:false,isPause:false
06-11 10:33:45.112  4329  4513 I SystemUi--Statusbar: OplusNetworkSpeedControllExImpl-->getTotalByte: totalRxBytes:11576266591,totalTxBytes:3541432288,loopbackTxBytes:2982604943,loopbackRxBytes:2982604463 ,totalBytes:9152489473
06-11 10:33:45.125  1667 15952 I sensors-hal: handle_oplus_wise_rgb_event:230, wise_rgb:algo_type = 3
06-11 10:33:45.126  1667 15952 I sensors-hal: handle_oplus_wise_rgb_event:285, wise_rgb: raw_lux 518.883789, raw_cct 6362.943359, r/g/b/c: 41312.042969/36416.402344/20433.089844/91624.687500, R/G/B: 0.000000/0.000000/0.000000, brl 1529.000000, lux: 518.883789, cct: 6362.943359, ts 242622442164085, cnt 3769
06-11 10:33:45.139  1699  1958 D IRIS_LOG_SERV: panelReadWrite: type 255 set color matrix
06-11 10:33:45.139  1699  2116 D IRIS_LOG_SERV: InternalConfig: 191 0
06-11 10:33:45.139  1699  2116 D IRIS_LOG_SERV: InternalConfig: 191 0 ret: 0
06-11 10:33:45.156  1699  1958 D IRIS_LOG_SERV: panelReadWrite: type 255 set color matrix
06-11 10:33:45.156  1699  2116 D IRIS_LOG_SERV: InternalConfig: 191 0
06-11 10:33:45.156  1699  2116 D IRIS_LOG_SERV: InternalConfig: 191 0 ret: 0
06-11 10:33:45.203 28445 28503 W CameraStatsProvider: Camera face num not found!
06-11 10:33:45.203 28445 29576 W CameraStatsProvider: Camera type settings is not found!
06-11 10:33:45.233  3189  4433 I OplusHansManager : uid=10136, pkg=com.baidu.input_oppo cannot transition from R to M, importance=input
06-11 10:33:45.234  3189  4433 I OplusHansManager : uid=10370, pkg=com.tencent.android.qqdownloader cannot transition from R to M, importance=screenRecorder
06-11 10:33:45.325  1667 15952 I sensors-hal: handle_oplus_wise_rgb_event:230, wise_rgb:algo_type = 3
06-11 10:33:45.325  1667 15952 I sensors-hal: handle_oplus_wise_rgb_event:285, wise_rgb: raw_lux 520.616211, raw_cct 6340.029297, r/g/b/c: 41208.566406/36541.894531/20356.365234/91666.359375, R/G/B: 0.000000/0.000000/0.000000, brl 1529.000000, lux: 520.616211, cct: 6340.029297, ts 242622641908408, cnt 3770
06-11 10:33:45.438  1699  1958 D IRIS_LOG_SERV: panelReadWrite: type 255 set color matrix
06-11 10:33:45.438  1699  2116 D IRIS_LOG_SERV: InternalConfig: 191 0
06-11 10:33:45.438  1699  2116 D IRIS_LOG_SERV: InternalConfig: 191 0 ret: 0
06-11 10:33:45.525  1667 15952 I sensors-hal: handle_oplus_wise_rgb_event:230, wise_rgb:algo_type = 3
06-11 10:33:45.525  1667 15952 I sensors-hal: handle_oplus_wise_rgb_event:285, wise_rgb: raw_lux 518.187744, raw_cct 6370.179688, r/g/b/c: 41184.195312/36408.800781/20461.376953/91667.023438, R/G/B: 0.000000/0.000000/0.000000, brl 1529.000000, lux: 518.187744, cct: 6370.179688, ts 242622841645751, cnt 3771
06-11 10:33:45.688  1699  1958 D IRIS_LOG_SERV: panelReadWrite: type 255 set color matrix
06-11 10:33:45.689  1699  2116 D IRIS_LOG_SERV: InternalConfig: 191 0
06-11 10:33:45.689  1699  2116 D IRIS_LOG_SERV: InternalConfig: 191 0 ret: 0
06-11 10:33:45.724  1667 15952 I sensors-hal: handle_oplus_wise_rgb_event:230, wise_rgb:algo_type = 3
06-11 10:33:45.724  1667 15952 I sensors-hal: handle_oplus_wise_rgb_event:285, wise_rgb: raw_lux 518.145020, raw_cct 6422.502930, r/g/b/c: 41123.101562/36323.320312/20536.451172/91458.234375, R/G/B: 0.000000/0.000000/0.000000, brl 1529.000000, lux: 518.145020, cct: 6422.502930, ts 242623041445543, cnt 3772
06-11 10:33:45.724  1667 15988 I sensors-hal: handle_oplus_wise_rgb_event:301, oplus wise_rgb sample: (3772)(cct, lux, ir_ratio, r, g, b, c)[6422, 518, 35, 41123, 36323, 20536, 91458]
06-11 10:33:45.742  3189  3610 D osense.compress: com.heytap.browser do shrink, target ratio = 86, final ratio = 90, cur ratio = 81
06-11 10:33:45.772  3189  3251 W SettingsProvider: notifyForSettingsChange delay for eyeprotect_display_cct, value: 6907, delta: 1, lastNotifyTimestamp: 200719494, minInterval: 10
06-11 10:33:45.819  6858  8079 D gaia-GaiaConnectChecker: start connect check++
06-11 10:33:45.858  4639  8246 D CommonApp-194-10602: transport layer data is invalid
06-11 10:33:45.859  4639  8246 D ScorePolicy: handleScoreChanged: []
06-11 10:33:45.859  4639  8246 D ScorePolicy: handleScoreChanged: []
06-11 10:33:45.859  4639  8246 D ScorePolicy: handleScoreChanged: []
06-11 10:33:45.924  1667 15952 I sensors-hal: handle_oplus_wise_rgb_event:230, wise_rgb:algo_type = 3
06-11 10:33:45.925  1667 15952 I sensors-hal: handle_oplus_wise_rgb_event:285, wise_rgb: raw_lux 515.641479, raw_cct 6484.322266, r/g/b/c: 41050.535156/36213.277344/20582.121094/91487.007812, R/G/B: 0.000000/0.000000/0.000000, brl 1529.000000, lux: 515.641479, cct: 6484.322266, ts 242623241232835, cnt 3773
06-11 10:33:45.925  1667 15988 I sensors-hal: get_brightness:1652, light_iface: get_brightness, brl 1529, pwm_turbo_on 0/0, hbm_dc 0
06-11 10:33:46.000  3189  3765 V AlarmManager: sending alarm Alarm{d3d5a41 type 2 origWhen 242427087 whenElapsed 242427087 com.android.mms} uid 10249 whenElapsed 242427087 windowLength 202500 maxWhenElapsed 242629587 repeatInterval 0 action org.rcs.service.bfl.sip.heartbeat component ComponentInfo{com.android.mms/org.rcs.service.bfl.receiver.RcsAlarmReceiver} flags 0x8 procName com.android.mms:mms_service
06-11 10:33:46.002  3189  3765 V AlarmManager: sending alarm Alarm{9733527 type 0 origWhen 1781145205840 whenElapsed 242603166 com.oplus.pantanal.ums} uid 10122 whenElapsed 242603166 windowLength 202496 maxWhenElapsed 242805662 repeatInterval 0 action advice.intent.action.NORMAL_SCHEDULE_TASK component null flags 0x8 procName com.oplus.pantanal.ums
06-11 10:33:46.004  3189  3296 D ActivityManager: pid 30582 com.android.mms received async transactions while frozen
06-11 10:33:46.013  3189  3296 D ActivityManager: sync unfroze 30582 com.android.mms for 10
06-11 10:33:46.019  3189  3765 V AlarmManager: sending alarm Alarm{2c4597d type 2 origWhen 242613326 whenElapsed 242613326 com.heytap.mcs} uid 1000 whenElapsed 242613326 windowLength 10000 maxWhenElapsed 242623326 repeatInterval 0 action com.heytap.mcs.action.message component null flags 0x8 procName com.heytap.mcs
06-11 10:33:46.019 30582 30582 D ActivityThread: Package [com.earthengine.minimalglobe] reported as REPLACED, but missing application info. Assuming REMOVED.
06-11 10:33:46.020 30582 30582 D ActivityThread: Package [com.earthengine.minimalglobe] reported as REPLACED, but missing application info. Assuming REMOVED.
06-11 10:33:46.021 30582 30582 D ActivityThread: Package [com.earthengine.minimalglobe] reported as REPLACED, but missing application info. Assuming REMOVED.
06-11 10:33:46.021 30582 30582 D ActivityThread: Package [com.earthengine.minimalglobe] reported as REPLACED, but missing application info. Assuming REMOVED.
06-11 10:33:46.027  6716 11343 I 6716UMS[16056002][b33855b].ScheduleTaskManager_Travel:  onReceive timestamp = ****-06-11 10:**:**, start!
06-11 10:33:46.027  6716 11343 I 6716UMS[16056002][b33855b].ScheduleTaskManager_Travel:  onReceive: taskKey = 20000_2
06-11 10:33:46.027  6716 11343 I 6716UMS[16056002][b33855b].ScheduleTaskManager_Travel: doRemoveAlarmTaskLock: timestamp = ****-06-11 10:**:**
06-11 10:33:46.030  3189  3642 E JobScheduler.Background: Couldn't determine stopped state for unknown package: com.oplus.onet
06-11 10:33:46.038  6716 11343 I 6716UMS[16056002][b33855b].ScheduleTaskManager_Travel: doAddAlarmTaskLock: timestamp = ****-06-11 10:**:**
06-11 10:33:46.040  6716 11343 I 6716UMS[16056002][b33855b].ScheduleTaskManager_Travel: addAlarmTask task = ScheduleTask{mTaskId=2, mPolicyId=20000, mTimeStampMillis=****-06-11 10:**:**}, isNeedAlign = true
06-11 10:33:46.040  6716 11343 I 6716UMS[16056002][b33855b].ScheduleTaskManager: addAlarmTask alarm size=2
06-11 10:33:46.042  6716 11343 I 6716UMS[16056002][b33855b].ScheduleTaskManager_Travel:  onReceive timestamp = ****-06-11 10:**:**, end!
06-11 10:33:46.042  6716  7447 I 6716UMS[16056002][b33855b].LocationHelper: getCurrentLocationFromNetWorkInThread start
06-11 10:33:46.043  6716  7447 I 6716UMS[16056002][b33855b].LocationModeHelper: isLocationServiceEnabled current location mode is 3
06-11 10:33:46.044  6716  7447 I 6716UMS[16056002][b33855b].LocationHelper: getCurrentLocationFromNetWorkInThread wait start
06-11 10:33:46.045  6716 11868 I 6716UMS[16056002][b33855b].LocationHelper_Travel: getCurrentLocationFromNetWorkInThread: requestLocationUpdates
06-11 10:33:46.047  3189  5078 D LocationManagerService: network provider added registration from 10122/com.oplus.pantanal.ums/0CD1B14F -> Request[@+15s0ms BALANCED, WorkSource{10122 com.oplus.pantanal.ums}] permissionLevel: 2 permitted: true
06-11 10:33:46.047  3189  5078 V LocationManagerService: network provider package com.oplus.pantanal.ums permitted = true
06-11 10:33:46.049  3189  5078 I OplusLocationStatistics: startRequesting
06-11 10:33:46.049  3189  5078 I LocationRequestStatistics: startRequesting, PackageProviderKey = PackageProviderKey: network: com.oplus.pantanal.ums: null
06-11 10:33:46.049  3189  5078 V OplusLocationBlacklistUtil: block status: com.oplus.pantanal.ums = false
06-11 10:33:46.050  3189  5078 D LocationManagerService: network provider request changed to ProviderRequest[@+15s0ms, WorkSource{10122 com.oplus.pantanal.ums}]
06-11 10:33:46.050 31995 32090 I com.heytap.mcs: AssetManager2(0xb40000794b528728) locale list changing from [] to [zh-CN]
06-11 10:33:46.051  3189  3975 I OplusLocationStatistics: recordNlpNavigatingStarted
06-11 10:33:46.051  3189  3974 I LocationFreezeProc: IOplusHansManager.updateLocationRequest: 10122/com.oplus.pantanal.ums, state: 1, Object: android.os.BinderProxy@176413b, reason: addLocation
06-11 10:33:46.067  4639  8514 D NetworkService[1]: getIfIndexByNetid netId:194,ifName:wlan0,ifIndex:30
06-11 10:33:46.070  4454  5138 I PCDR-pcdr_lte_nr_pingpong_opt[1]: handleCellInfoChange compoundIdStr:460_01_10097152_41388249345
06-11 10:33:46.070  4639  4639 D SubsysEventListenerManager-SubsysTelephonyCallback[1]: onCellInfoChanged
06-11 10:33:46.071  4639  6591 D CellMap/CellMonitor: handleCellChange: [CellInfoNr:{ mRegistered=YES mTimeStamp=242623392672826ns mCellConnectionStatus=0 CellIdentityNr:{ mPci = 771 mTac = 10097152 mNrArfcn = 633984 mBands = [78] mMcc = 460 mMnc = 01 mNci = 41388249345 mAlphaLong = 中国联通 mAlphaShort = 中国联通 mAdditionalPlmns = {} } CellSignalStrengthNr:{ csiRsrp = 2147483647 csiRsrq = 2147483647 csiCqiTableIndex = 2147483647 csiCqiReport = [] ssRsrp = -89 ssRsrq = -12 ssSinr = 8 level = 2 parametersUseForLevel = 0 timingAdvance = 2147483647 } }]
06-11 10:33:46.071  4639  6591 D CellMap/CellMonitor: handleAllSubCellChange slotId: 1, cellInfo: [CellInfoNr:{ mRegistered=YES mTimeStamp=242623392672826ns mCellConnectionStatus=0 CellIdentityNr:{ mPci = 771 mTac = 10097152 mNrArfcn = 633984 mBands = [78] mMcc = 460 mMnc = 01 mNci = 41388249345 mAlphaLong = 中国联通 mAlphaShort = 中国联通 mAdditionalPlmns = {} } CellSignalStrengthNr:{ csiRsrp = 2147483647 csiRsrq = 2147483647 csiCqiTableIndex = 2147483647 csiCqiReport = [] ssRsrp = -89 ssRsrq = -12 ssSinr = 8 level = 2 parametersUseForLevel = 0 timingAdvance = 2147483647 } }]
06-11 10:33:46.071  4639  4639 D CellChangeEvent: update event
06-11 10:33:46.071  4639  4639 D PolicyHandler: updateEventContext trigger event Event{mEventName=CellChangeEvent,mNickName=cellchange,mEventVal=true,mDefaultVal=false,mId=-1,mDefaultId=-1,mInstanceId=0,mUseNameId=false}
06-11 10:33:46.071  8454 29139 I metis_v2_MetroAwarenessCollector: onCellInfoChanged: cell size=1
06-11 10:33:46.071  8454  9024 I metis_v2_MetroAwarenessCollector: doCheckRecommendMetro metroCellMap.size = 0
06-11 10:33:46.072  8454 29140 I ContextAware_DailyStatisticsRecorder: Increase context change count: metro_cell_count, value: 1
06-11 10:33:46.072 31995 32090 I TapHttp.DnsCombineInterceptor: dns unit ignore,for not in white list and allNetHttpDnsEnable=false inWhite=false
06-11 10:33:46.072  8454 29140 I ContextAware_DailyStatisticsRecorder: Increase context change count: metro_cell_cost_time_ms, value: 0
06-11 10:33:46.073  8454 29138 I metis_v2_CellFenceCollect: onCellInfoChanged: cell size=1
06-11 10:33:46.073  8454 29138 I metis_v2_CellFenceCollect: cellInfoCache:[CellInfoData{type='Nr', cid=41388249345, lac=10097152, mcc='460', mnc='01', signalStrength=-90, register=true, timestamp=1781144935821, stationName='', desc='', lo=0, sequence=null}]
06-11 10:33:46.073  8454 29138 I metis_v2_CellFenceCollect: result: 20260611
06-11 10:33:46.073  8454 29138 I ContextAware_DailyStatisticsRecorder: Increase context change count: collect_cell_count, value: 1
06-11 10:33:46.074  8454 29138 I ContextAware_DailyStatisticsRecorder: Increase context change count: collect_cell_cost_time_ms, value: 0
06-11 10:33:46.075  4380  4380 W Settings: Setting airplane_mode_on has moved from android.provider.Settings.System to android.provider.Settings.Global, returning read-only value.
06-11 10:33:46.079  6379  7148 D LocationTransport: get the LocationTransport Instance
06-11 10:33:46.079  6379  7148 D LocationTransport: get the LocationTransport Instance
06-11 10:33:46.079  3189  5599 I OplusLocationStatistics: NLP update locatin successed.
06-11 10:33:46.079  3189  5599 I OplusLocationStatistics: setNlpRequestDuration: 29
06-11 10:33:46.080  3189  5599 I LocationManagerService: incoming location [Location[network 29.62****,106.50**** hAcc=39.75 et=+2d19h23m43s405ms alt=0.0 mslAlt=39.4460459765266 vel=0.0 bear=359.0]]
06-11 10:33:46.083  3189  5599 I LocationRequestStatistics: deliverLocation, PackageProviderKey = PackageProviderKey: network: com.oplus.pantanal.ums: null
06-11 10:33:46.083  3189  5599 I LocationManagerService: incoming location [Location[network 29.62****,106.50**** hAcc=39.75 et=+2d19h23m43s405ms alt=0.0 mslAlt=39.4460459765266 vel=0.0 bear=359.0]]
06-11 10:33:46.084  6716 11868 I 6716UMS[16056002][b33855b].LocationHelper: onLocationChanged notifyAll
06-11 10:33:46.084  6716 11868 I 6716UMS[16056002][b33855b].LocationHelper_Travel: onLocationChanged: removeUpdates
06-11 10:33:46.084  1659  1659 I LocSvc_GnssInterface: ===> injectLocation line 335 
06-11 10:33:46.085  3189  5958 W LocationFreezeProc: removeLocationRequest [android.os.BinderProxy@176413b]
06-11 10:33:46.085  3189  3974 I LocationFreezeProc: mark the network listener[android.os.BinderProxy@176413b] in appdata success!
06-11 10:33:46.085  3189  3974 I LocationFreezeProc: mark the listener[android.os.BinderProxy@176413b] and waiting for remove done...:10122
06-11 10:33:46.085  1800  1924 D BatteryChargeControl: bcc get no support from charging protocol
06-11 10:33:46.085  3189  4438 D OplusHansManager : 3189/1000 to 17362/99910237 | android.location.ILocationListener | 1 reason default_unfreezeForKernel
06-11 10:33:46.086  1659  1794 I LocSvc_api_v02: ---> locClientSendReq line 2428 QMI_LOC_INJECT_POSITION_REQ_V02
06-11 10:33:46.086  3189  5599 V LocationManagerService: passive provider registration 10169/com.coloros.weather.service/DB45D34D dropped delivery - too close
06-11 10:33:46.086  3189  3248 I LocationRequestStatistics: deliverLocation, PackageProviderKey = PackageProviderKey: network: android: GnssService
06-11 10:33:46.086  3189  5599 V LocationManagerService: passive provider registration 10109/com.oplus.metis/543155BF dropped delivery - too close
06-11 10:33:46.087 17687 17749 I 17687PAS[16010044][fad729c].PhoneStateInfoCollector_Travel: onLocationChanged: 
06-11 10:33:46.088 17687 17749 I 17687PAS[16010044][fad729c].PhoneStateInfoCollector_Travel: , mock = false, provider = network, time = 2026-06-11 10:33:46
06-11 10:33:46.088 17687 16007 I 17687PAS[16010044][fad729c].MigrateUmsMonitor_Travel: isMigrateToUms: ums meta-data = true
06-11 10:33:46.089 17687 16007 I 17687PAS[16010044][fad729c].MigrateUmsMonitor_Travel: isMigrateToUms: ums pre-permission(cache) = true
06-11 10:33:46.089  1659  3485 I LocSvc_ApiV02: <--- globalRespCb line 258 QMI_LOC_INJECT_POSITION_REQ_V02
06-11 10:33:46.090 17687 16007 I 17687PAS[16010044][fad729c].PhoneStateInfoCollector_Travel: setLocationAlarm: isMigrateToUms = true
06-11 10:33:46.090 17687 16007 I 17687PAS[16010044][fad729c].MigrateUmsMonitor_Travel: isMigrateToUms: ums meta-data = true
06-11 10:33:46.090 17687 16007 I 17687PAS[16010044][fad729c].MigrateUmsMonitor_Travel: isMigrateToUms: ums pre-permission(cache) = true
06-11 10:33:46.091  3189  4438 D OplusHansManager : 3189/1000 to 12770/10237 | android.location.ILocationListener | 1 reason default_unfreezeForKernel
06-11 10:33:46.091  3189  5599 E AppOps  : attributionTag OplusLBS not declared in manifest of android
06-11 10:33:46.093  3189  5599 V LocationManagerService: passive provider registration 1000/android[SensorNotificationService]/DB46434D dropped delivery - too close
06-11 10:33:46.095 16353 16384 W CMRCS   : CMSTACK:DUM | DialogUsageManager.cxx:1552 | KeepAlive pong receive success
06-11 10:33:46.095  3189  5599 E AppOps  : attributionTag OplusLBS not declared in manifest of android
06-11 10:33:46.097  4639  4639 D SubsysLocationManager: onLocationChanged(passive)
06-11 10:33:46.097 16353 16373 I RCS_Service: RegisterCallback: get the message callback ,responseType:2006
06-11 10:33:46.097 16353 16373 I RCS_Service: RcsKeepAliveManager: onReceiveStackEvents-> whichEvent: 60008
06-11 10:33:46.097  3189  5958 I OplusLocationStatistics: stopRequesting
06-11 10:33:46.097  3189  5958 I LocationRequestStatistics: stopRequesting, PackageProviderKey = PackageProviderKey: network: com.oplus.pantanal.ums: null
06-11 10:33:46.097  3189  5958 D LocationManagerService: network provider removed registration from 10122/com.oplus.pantanal.ums/0CD1B14F
06-11 10:33:46.097  3189  5958 W LocationFreezeProc: remove [network]'s Location Request[android.os.BinderProxy@176413b] Done from 10122/com.oplus.pantanal.ums/0CD1B14F
06-11 10:33:46.097  3189  5958 D LocationManagerService: network provider request changed to ProviderRequest[OFF]
06-11 10:33:46.098  3189  3974 I LocationFreezeProc: remove the android.os.BinderProxy@176413b listener[network] in appdata success! timeout[false]
06-11 10:33:46.098  3189  3974 I LocationFreezeProc: recheckAppDataInProvider: size 0
06-11 10:33:46.098  3189  3974 I LocationFreezeProc: IOplusHansManager.updateLocationRequest: 10122/com.oplus.pantanal.ums, state: 2, Object: android.os.BinderProxy@176413b, reason: removeLocation
06-11 10:33:46.098  3189  3975 I OplusLocationStatistics: recordNlpNavigatingStopped
06-11 10:33:46.098  3189  3975 I OplusLocationStatistics: Nlp locaiton has update or Error has recored! Do nothing
06-11 10:33:46.098  4639  6591 D CellMap/GridLocationManager: handleLocationChange location provider is: network
06-11 10:33:46.098  6716 11868 I 6716UMS[16056002][b33855b].PhoneStateInfoCollector_Travel: onLocationChanged: 
06-11 10:33:46.099  6716 11868 I 6716UMS[16056002][b33855b].PhoneStateInfoCollector_Travel: , mock = false, provider = network, time = 2026-06-11 10:33:46
06-11 10:33:46.099  6716  7447 I 6716UMS[16056002][b33855b].LocationHelper: getCurrentLocationFromNetWorkInThread wait over
06-11 10:33:46.099  6716 11345 I 6716UMS[16056002][b33855b].ScheduleTaskManager_Travel: doRemoveAlarmTaskLock: timestamp = ****-06-11 10:**:**
06-11 10:33:46.099 17687 16007 I 17687PAS[16010044][fad729c].PhoneStateInfoCollector_Travel: updateLocationData: 
06-11 10:33:46.099 17687 16007 I 17687PAS[16010044][fad729c].PhoneStateInfoCollector_Travel: updateLocationData -> updateLocationCache
06-11 10:33:46.099  6716  7447 I 6716UMS[16056002][b33855b].PhoneStateInfoCollector_Travel: updateLocationData: 
06-11 10:33:46.099  6716  7447 I 6716UMS[16056002][b33855b].PhoneStateInfoCollector_Travel: updateLocationData -> updateLocationCache
06-11 10:33:46.100  4639  4639 D BorderPortEvent: onLocationChanged location.
06-11 10:33:46.100  4639  4639 D BorderPortEvent: checkIsBorderPort cloub policy:false
06-11 10:33:46.100  4639  4639 D SubsysThreadPool: execute task
06-11 10:33:46.100  6716 11868 I 6716UMS[16056002][b33855b].LocationHelper_Travel: getCurrentLocationFromNetWorkInThread: removeUpdates
06-11 10:33:46.101  6716 11345 I 6716UMS[16056002][b33855b].ScheduleTaskManager_Travel: doAddAlarmTaskLock: timestamp = ****-06-11 10:**:**
06-11 10:33:46.101  4639  4639 D AtomPassiveLocationInfo: handleMessage what:1
06-11 10:33:46.102  4639  4639 D ExitGarageFilterEventImpl: handleMessage what:1
06-11 10:33:46.102  4639  4639 D ExitGarageFilterEventImpl: onLocationChanged
06-11 10:33:46.102  4639  4639 D ExitGarageFilterEventImpl: handleMessage what:1
06-11 10:33:46.102  4639  4639 D ExitGarageFilterEventImpl: onLocationChanged
06-11 10:33:46.102  4639  4639 D GeoFenceDetectionService-AttractionSyncService: handleMessage what:2004
06-11 10:33:46.102  4639  4639 D GeoFenceDetectionService-AttractionSyncService: Location changed too small, distance:0.0
06-11 10:33:46.102  4639  4639 D GeoFenceDetectionService-AirportSyncService: handleMessage what:2004
06-11 10:33:46.102  4639  4639 D GeoFenceDetectionService-AirportSyncService: Location changed too small, distance:0.0
06-11 10:33:46.102  4639  4639 D GpsService: onLocationChanged
06-11 10:33:46.102  4639  4639 D BorderPortEvent: check cloud border port result false
06-11 10:33:46.103  6716 11345 I 6716UMS[16056002][b33855b].ScheduleTaskManager_Travel: addAlarmTask task = ScheduleTask{mTaskId=2, mPolicyId=20000, mTimeStampMillis=****-06-11 10:**:**}, isNeedAlign = true
06-11 10:33:46.103  6716 11345 I 6716UMS[16056002][b33855b].ScheduleTaskManager: addAlarmTask alarm size=2
06-11 10:33:46.103  6716 11345 I 6716UMS[16056002][b33855b].PhoneStateInfoCollector_Travel: updateLocationData: 
06-11 10:33:46.103  6716 11345 I 6716UMS[16056002][b33855b].PhoneStateInfoCollector_Travel: updateLocationData -> updateLocationCache
06-11 10:33:46.104 17687 16007 I 17687PAS[16010044][fad729c].MigrateUmsMonitor_Travel: isMigrateToUms: ums meta-data = true
06-11 10:33:46.105 17687 16007 I 17687PAS[16010044][fad729c].MigrateUmsMonitor_Travel: isMigrateToUms: ums pre-permission(cache) = true
06-11 10:33:46.106 31995 32090 I TapHttp.SpecialCallServerStub: request online : url:https://img13.360buyimg.com/imagetools/jfs/t1/411307/9/17556/41021/69cf6b6cF714e2dde/03e612c12ca343a8.png,
06-11 10:33:46.106 31995 32090 I TapHttp.SpecialCallServerStub:  
06-11 10:33:46.106 31995 32090 I TapHttp.SpecialCallServerStub: request online:hostimg13.360buyimg.com 
06-11 10:33:46.106 31995 32090 I TapHttp.SpecialCallServerStub:  headers Host: img13.360buyimg.com
06-11 10:33:46.106 31995 32090 I TapHttp.SpecialCallServerStub: Connection: Keep-Alive
06-11 10:33:46.106 31995 32090 I TapHttp.SpecialCallServerStub: Accept-Encoding: gzip
06-11 10:33:46.106 31995 32090 I TapHttp.SpecialCallServerStub: User-Agent: okhttp/3.12.12.340
06-11 10:33:46.106 31995 32090 I TapHttp.SpecialCallServerStub: TAP-GSLB: 0,0
06-11 10:33:46.106 31995 32090 I TapHttp.SpecialCallServerStub: Route-Data: MQE0OTMyNAE1LjMyLjgBUEhLMTEwAU9uZVBsdXMBQ04B
06-11 10:33:46.106 31995 32090 I TapHttp.SpecialCallServerStub: 
06-11 10:33:46.108 17687 16007 I 17687PAS[16010044][fad729c].MigrateUmsMonitor_Travel: isMigrateToUms: ums meta-data = true
06-11 10:33:46.108 17687 16007 I 17687PAS[16010044][fad729c].MigrateUmsMonitor_Travel: isMigrateToUms: ums pre-permission(cache) = true
06-11 10:33:46.108 17687 16007 I 17687PAS[16010044][fad729c].PhoneStateInfoCollector_Travel: updateLocationCache: isMigrateToUms = true
06-11 10:33:46.108 17687 16007 I 17687PAS[16010044][fad729c].BaseResourceCollectManger_Travel: notifyResourceChange:10009
06-11 10:33:46.109 17687 29609 I 17687PAS[16010044][fad729c].ResourceTrigger: resourceOnChange, resourceId is 10009
06-11 10:33:46.109 17687 29609 I 17687PAS[16010044][fad729c].ResourceTrigger: startAlign
06-11 10:33:46.111 17687 17698 I 17687PAS[16010044][fad729c].ExpressVersionUtils_Travel: createSceneSupportList uleEngine = 3000018 umsVersion = 3000018   metisSupportNewExpress = true
06-11 10:33:46.111 17687 21739 I 17687PAS[16010044][fad729c].ScenesProvider_Travel: query: tableName = Settings, callingPackage = com.***.pantanal.ums
06-11 10:33:46.111 17687 16007 I 17687PAS[16010044][fad729c].MigrateUmsMonitor_Travel: isMigrateToUms: ums meta-data = true
06-11 10:33:46.111 17687 16007 I 17687PAS[16010044][fad729c].MigrateUmsMonitor_Travel: isMigrateToUms: ums pre-permission(cache) = true
06-11 10:33:46.112 17687 19716 I 17687PAS[16010044][fad729c].ScenesProvider_Travel: query: tableName = Settings, callingPackage = com.***.pantanal.ums
06-11 10:33:46.112 17687 17698 I 17687PAS[16010044][fad729c].ScenesProvider_Travel: query: tableName = Settings, callingPackage = com.***.pantanal.ums
06-11 10:33:46.113 17687 17698 I 17687PAS[16010044][fad729c].ScenesProvider_Travel: query: tableName = Settings, callingPackage = com.***.pantanal.ums
06-11 10:33:46.113  6716 11345 I 6716UMS[16056002][b33855b].PhoneStateInfoCollector_Travel: reportLocation, earthquake_warning status = 0
06-11 10:33:46.113  6716 11345 I 6716UMS[16056002][b33855b].PhoneStateInfoCollector_Travel: reportLocation, earthquake_warning is not open, return
06-11 10:33:46.113  6716 11345 I 6716UMS[16056002][b33855b].BaseResourceCollectManger_Travel: notifyResourceChange:10009
06-11 10:33:46.113 17687  5502 I 17687PAS[16010044][fad729c].CombineVersionUtil: onChange: packageName = com.earthengine.minimalglobe
06-11 10:33:46.113  6716 29610 I 6716UMS[16056002][b33855b].ResourceTrigger: resourceOnChange, resourceId is 10009
06-11 10:33:46.113  6716 29610 I 6716UMS[16056002][b33855b].ResourceTrigger: startAlign
06-11 10:33:46.113 17687 16007 I 17687PAS[16010044][fad729c].ExpressLocationUtils_Travel: location listener onChange:**********
06-11 10:33:46.113 17687  5502 I 17687PAS[16010044][fad729c].PackageMetaMonitor_Travel: updateMetaData: packageName = com.earthengine.minimalglobe, metaDataValueMap = {MonitorMetaDataItem(packageName=com.oplus.metis, metaName=isSupportSecurityCheck, defaultValue=false)=true, MonitorMetaDataItem(packageName=com.oplus.pantanal.ums, metaName=advice_host, defaultValue=)=ums, MonitorMetaDataItem(packageName=com.oplus.metis, metaName=isMigrateToUms, defaultValue=false)=false, MonitorMetaDataItem(packageName=com.oplus.metis, metaName=supportTextIntent, defaultValue=false)=false, MonitorMetaDataItem(packageName=com.oplus.pantanal.ums, metaName=isSupportAISetting, defaultValue=false)=true, MonitorMetaDataItem(packageName=com.oplus.metis, metaName=shortcut_awareness_compat_version, defaultValue=0)=1, MonitorMetaDataItem(packageName=com.coloros.shortcuts, metaName=shortcut_awareness_compat_version, defaultValue=0)=1, MonitorMetaDataItem(packageName=com.coloros.shortcuts, metaName=SupportShortCut, defaultValue=0)=3, MonitorMetaDataItem(packageName=com.oplus.notificationmanager, metaName=support_fluid_settings, defaultValue=-1)=1, MonitorMetaDataItem(packageName=com.oplus.pantanal.ums, metaName=seedlingEngineVersion, defaultValue=0)=3000018, MonitorMetaDataItem(packageName=com.oplus.aimemory, metaName=supportAiMemoryCallSceneService, defaultValue=0)=1, MonitorMetaDataItem(packageName=com.oplus.metis, metaName=isSupportIntentManager, defaultValue=false)=true, MonitorMetaDataItem(packageName=com.oplus.aimemory, metaName=supportInsightCallSceneService, defaultValue=false)=true, MonitorMetaDataItem(packageName=com.oplus.metis, metaName=isSupportMemoryV2, defaultValue=false)=true, MonitorMetaDataItem(packageName=com.oplus.metis, metaName=SupportExpressMigrate, defaultValue=false)=true, MonitorMetaDataItem(packageName=com.oplus.metis, metaName=supportFullfillment, defaultValue=false)=true, MonitorMetaDataItem(packageName=com.oplus.notificationmanager, metaName=support_fluid_settings, defaultValue=0)=1}
06-11 10:33:46.113 17687 16007 I 17687PAS[16010044][fad729c].ExpressLocationUtils_Travel: allStationPos size = 0
06-11 10:33:46.114 17687 16007 I 17687PAS[16010044][fad729c].UserProfileDao: WeakReference have info
06-11 10:33:46.114 17687 16007 I 17687PAS[16010044][fad729c].UserProfileDao: WeakReference have info
06-11 10:33:46.114 17687 16007 I 17687PAS[16010044][fad729c].ExpressLocationUtils_Travel: get home location pos = 29.539046,106.496546
06-11 10:33:46.114 17687 16007 I 17687PAS[16010044][fad729c].ExpressLocationUtils_Travel: getDistanceFromTarget target = 29.539046,106.496546 distanceFromTarget = 8844.9839785914
06-11 10:33:46.114 17687 16007 I 17687PAS[16010044][fad729c].ExpressLocationUtils_Travel:  hasLeftTargetPos: true hasTriggeredAction: false enterTagetPos: false getHasLeftTargetPos: true
06-11 10:33:46.114  6716  7447 I 6716UMS[16056002][b33855b].PhoneStateInfoCollector_Travel: reportLocation, earthquake_warning status = 0
06-11 10:33:46.114  6716  7447 I 6716UMS[16056002][b33855b].PhoneStateInfoCollector_Travel: reportLocation, earthquake_warning is not open, return
06-11 10:33:46.114  6716  7447 I 6716UMS[16056002][b33855b].BaseResourceCollectManger_Travel: notifyResourceChange:10009
06-11 10:33:46.114  6716 29610 I 6716UMS[16056002][b33855b].ResourceTrigger: resourceOnChange, resourceId is 10009
06-11 10:33:46.118 17687  5501 I 17687PAS[16010044][fad729c].CombineVersionUtil: onChange: packageName = com.earthengine.minimalglobe
06-11 10:33:46.118 17687  5501 I 17687PAS[16010044][fad729c].PackageMetaMonitor_Travel: updateMetaData: packageName = com.earthengine.minimalglobe, metaDataValueMap = {MonitorMetaDataItem(packageName=com.oplus.metis, metaName=isSupportSecurityCheck, defaultValue=false)=true, MonitorMetaDataItem(packageName=com.oplus.pantanal.ums, metaName=advice_host, defaultValue=)=ums, MonitorMetaDataItem(packageName=com.oplus.metis, metaName=isMigrateToUms, defaultValue=false)=false, MonitorMetaDataItem(packageName=com.oplus.metis, metaName=supportTextIntent, defaultValue=false)=false, MonitorMetaDataItem(packageName=com.oplus.pantanal.ums, metaName=isSupportAISetting, defaultValue=false)=true, MonitorMetaDataItem(packageName=com.oplus.metis, metaName=shortcut_awareness_compat_version, defaultValue=0)=1, MonitorMetaDataItem(packageName=com.coloros.shortcuts, metaName=shortcut_awareness_compat_version, defaultValue=0)=1, MonitorMetaDataItem(packageName=com.coloros.shortcuts, metaName=SupportShortCut, defaultValue=0)=3, MonitorMetaDataItem(packageName=com.oplus.notificationmanager, metaName=support_fluid_settings, defaultValue=-1)=1, MonitorMetaDataItem(packageName=com.oplus.pantanal.ums, metaName=seedlingEngineVersion, defaultValue=0)=3000018, MonitorMetaDataItem(packageName=com.oplus.aimemory, metaName=supportAiMemoryCallSceneService, defaultValue=0)=1, MonitorMetaDataItem(packageName=com.oplus.metis, metaName=isSupportIntentManager, defaultValue=false)=true, MonitorMetaDataItem(packageName=com.oplus.aimemory, metaName=supportInsightCallSceneService, defaultValue=false)=true, MonitorMetaDataItem(packageName=com.oplus.metis, metaName=isSupportMemoryV2, defaultValue=false)=true, MonitorMetaDataItem(packageName=com.oplus.metis, metaName=SupportExpressMigrate, defaultValue=false)=true, MonitorMetaDataItem(packageName=com.oplus.metis, metaName=supportFullfillment, defaultValue=false)=true, MonitorMetaDataItem(packageName=com.oplus.notificationmanager, metaName=support_fluid_settings, defaultValue=0)=1}
06-11 10:33:46.119 17687 16007 I 17687PAS[16010044][fad729c].CombineVersionUtil: onChange: packageName = com.earthengine.minimalglobe
06-11 10:33:46.119 17687 16007 I 17687PAS[16010044][fad729c].PackageMetaMonitor_Travel: updateMetaData: packageName = com.earthengine.minimalglobe, metaDataValueMap = {MonitorMetaDataItem(packageName=com.oplus.metis, metaName=isSupportSecurityCheck, defaultValue=false)=true, MonitorMetaDataItem(packageName=com.oplus.pantanal.ums, metaName=advice_host, defaultValue=)=ums, MonitorMetaDataItem(packageName=com.oplus.metis, metaName=isMigrateToUms, defaultValue=false)=false, MonitorMetaDataItem(packageName=com.oplus.metis, metaName=supportTextIntent, defaultValue=false)=false, MonitorMetaDataItem(packageName=com.oplus.pantanal.ums, metaName=isSupportAISetting, defaultValue=false)=true, MonitorMetaDataItem(packageName=com.oplus.metis, metaName=shortcut_awareness_compat_version, defaultValue=0)=1, MonitorMetaDataItem(packageName=com.coloros.shortcuts, metaName=shortcut_awareness_compat_version, defaultValue=0)=1, MonitorMetaDataItem(packageName=com.coloros.shortcuts, metaName=SupportShortCut, defaultValue=0)=3, MonitorMetaDataItem(packageName=com.oplus.notificationmanager, metaName=support_fluid_settings, defaultValue=-1)=1, MonitorMetaDataItem(packageName=com.oplus.pantanal.ums, metaName=seedlingEngineVersion, defaultValue=0)=3000018, MonitorMetaDataItem(packageName=com.oplus.aimemory, metaName=supportAiMemoryCallSceneService, defaultValue=0)=1, MonitorMetaDataItem(packageName=com.oplus.metis, metaName=isSupportIntentManager, defaultValue=false)=true, MonitorMetaDataItem(packageName=com.oplus.aimemory, metaName=supportInsightCallSceneService, defaultValue=false)=true, MonitorMetaDataItem(packageName=com.oplus.metis, metaName=isSupportMemoryV2, defaultValue=false)=true, MonitorMetaDataItem(packageName=com.oplus.metis, metaName=SupportExpressMigrate, defaultValue=false)=true, MonitorMetaDataItem(packageName=com.oplus.metis, metaName=supportFullfillment, defaultValue=false)=true, MonitorMetaDataItem(packageName=com.oplus.notificationmanager, metaName=support_fluid_settings, defaultValue=0)=1}
06-11 10:33:46.120 17687  5502 I 17687PAS[16010044][fad729c].CombineVersionUtil: onChange: packageName = com.earthengine.minimalglobe
06-11 10:33:46.120 17687  5502 I 17687PAS[16010044][fad729c].PackageMetaMonitor_Travel: updateMetaData: packageName = com.earthengine.minimalglobe, metaDataValueMap = {MonitorMetaDataItem(packageName=com.oplus.metis, metaName=isSupportSecurityCheck, defaultValue=false)=true, MonitorMetaDataItem(packageName=com.oplus.pantanal.ums, metaName=advice_host, defaultValue=)=ums, MonitorMetaDataItem(packageName=com.oplus.metis, metaName=isMigrateToUms, defaultValue=false)=false, MonitorMetaDataItem(packageName=com.oplus.metis, metaName=supportTextIntent, defaultValue=false)=false, MonitorMetaDataItem(packageName=com.oplus.pantanal.ums, metaName=isSupportAISetting, defaultValue=false)=true, MonitorMetaDataItem(packageName=com.oplus.metis, metaName=shortcut_awareness_compat_version, defaultValue=0)=1, MonitorMetaDataItem(packageName=com.coloros.shortcuts, metaName=shortcut_awareness_compat_version, defaultValue=0)=1, MonitorMetaDataItem(packageName=com.coloros.shortcuts, metaName=SupportShortCut, defaultValue=0)=3, MonitorMetaDataItem(packageName=com.oplus.notificationmanager, metaName=support_fluid_settings, defaultValue=-1)=1, MonitorMetaDataItem(packageName=com.oplus.pantanal.ums, metaName=seedlingEngineVersion, defaultValue=0)=3000018, MonitorMetaDataItem(packageName=com.oplus.aimemory, metaName=supportAiMemoryCallSceneService, defaultValue=0)=1, MonitorMetaDataItem(packageName=com.oplus.metis, metaName=isSupportIntentManager, defaultValue=false)=true, MonitorMetaDataItem(packageName=com.oplus.aimemory, metaName=supportInsightCallSceneService, defaultValue=false)=true, MonitorMetaDataItem(packageName=com.oplus.metis, metaName=isSupportMemoryV2, defaultValue=false)=true, MonitorMetaDataItem(packageName=com.oplus.metis, metaName=SupportExpressMigrate, defaultValue=false)=true, MonitorMetaDataItem(packageName=com.oplus.metis, metaName=supportFullfillment, defaultValue=false)=true, MonitorMetaDataItem(packageName=com.oplus.notificationmanager, metaName=support_fluid_settings, defaultValue=0)=1}
06-11 10:33:46.123  1667 15952 I sensors-hal: handle_oplus_wise_rgb_event:230, wise_rgb:algo_type = 3
06-11 10:33:46.123  1667 15952 I sensors-hal: handle_oplus_wise_rgb_event:285, wise_rgb: raw_lux 517.219238, raw_cct 6441.036133, r/g/b/c: 41207.347656/36347.468750/20566.718750/91568.765625, R/G/B: 0.000000/0.000000/0.000000, brl 1529.000000, lux: 517.219238, cct: 6441.036133, ts 242623441034241, cnt 3774
06-11 10:33:46.124 31995 32090 I TapHttp.SpecialCallServerStub: response online : code:200 ,url:https://img13.360buyimg.com/imagetools/jfs/t1/411307/9/17556/41021/69cf6b6cF714e2dde/03e612c12ca343a8.png
06-11 10:33:46.124 31995 32090 I TapHttp.SpecialCallServerStub: response online: host:img13.360buyimg.com,headers:server: Byte-nginx
06-11 10:33:46.124 31995 32090 I TapHttp.SpecialCallServerStub: content-type: image/png
06-11 10:33:46.124 31995 32090 I TapHttp.SpecialCallServerStub: content-length: 41021
06-11 10:33:46.124 31995 32090 I TapHttp.SpecialCallServerStub: access-control-allow-origin: *
06-11 10:33:46.124 31995 32090 I TapHttp.SpecialCallServerStub: age: 2033865
06-11 10:33:46.124 31995 32090 I TapHttp.SpecialCallServerStub: cache-control: max-age=7800831
06-11 10:33:46.124 31995 32090 I TapHttp.SpecialCallServerStub: expires: Sun, 16 Aug 2026 20:29:46 GMT
06-11 10:33:46.124 31995 32090 I TapHttp.SpecialCallServerStub: last-modified: Fri, 03 Apr 2026 07:25:32 GMT
06-11 10:33:46.124 31995 32090 I TapHttp.SpecialCallServerStub: timing-allow-origin: *
06-11 10:33:46.124 31995 32090 I TapHttp.SpecialCallServerStub: x-bdcdn-cache-status: TCP_HIT
06-11 10:33:46.124 31995 32090 I TapHttp.SpecialCallServerStub: x-image-compress-header: format=QPNG
06-11 10:33:46.124 31995 32090 I TapHttp.SpecialCallServerStub: x-request-id: df491ef0c04c7dc832ef662cabb630d1
06-11 10:33:46.124 31995 32090 I TapHttp.SpecialCallServerStub: x-request-ip: 113.249.239.165
06-11 10:33:46.124 31995 32090 I TapHttp.SpecialCallServerStub: x-response-cache: edge_hit
06-11 10:33:46.124 31995 32090 I TapHttp.SpecialCallServerStub: x-response-cinfo: 113.249.239.165
06-11 10:33:46.124 31995 32090 I TapHttp.SpecialCallServerStub: x-trace: 200-1779111355712-0-0-1-29-29;200;200-1779111361281-0-0-0-1-1;200-1779111361359-0-0-0-12-12
06-11 10:33:46.124 31995 32090 I TapHttp.SpecialCallServerStub: x-tt-trace-tag: id=5
06-11 10:33:46.124 31995 32090 I TapHttp.SpecialCallServerStub: date: Thu, 11 Jun 2026 02:33:46 GMT
06-11 10:33:46.124 31995 32090 I TapHttp.SpecialCallServerStub: via: pic02.cqct03
06-11 10:33:46.124 31995 32090 I TapHttp.SpecialCallServerStub: strict-transport-security: max-age=31536000; includeSubDomains
06-11 10:33:46.124 31995 32090 I TapHttp.SpecialCallServerStub: tracestate: cdn=HS,server_ip=119.84.131.107
06-11 10:33:46.124 31995 32090 I TapHttp.SpecialCallServerStub: x-jd-cache-status: 2
06-11 10:33:46.124 31995 32090 I TapHttp.SpecialCallServerStub: 
06-11 10:33:46.139  3189  5599 D NotificationService--OplusNotificationFixHelper: fixAppIcon: pkg=com.jingdong.app.mall
06-11 10:33:46.139  3189  5599 D NotificationService--OplusNotificationFixHelper: fixAppIcon: appIcon = null, pkg = com.jingdong.app.mall
06-11 10:33:46.139  3189  5599 D NotificationService--NotificationRecord: isSupportRearLight , isRearLight = false mLedRM = false isMultilLed = false
06-11 10:33:46.139  3189  5599 I OplusStatusBarManagerServiceEnhance:  getTopIsFullscreen mTopIsFullscreen: false
06-11 10:33:46.140 31995 32090 D [Notification-TAG]Notify-Msg: Msg [rz6y2gp5BZF4pUitqYnVA6XX-41-1-6a2a18cff126e00181a5e3b6]Notified  to [0] as 1038692597 for [***]
06-11 10:33:46.140  3189  3189 D NotificationService--OplusNotificationManagerServiceExtImpl: isForwardToAssistants: false, case : Is in mMcsNotInterceptPkgList or is isSystemApp
06-11 10:33:46.140  3189  3189 D NotificationService: This application enqueue notifications is not need postDelayed
06-11 10:33:46.141  3189  5599 D NotificationService--OplusNavigationManager: Notification--isSuppressedByDriveMode--userId:-1,mode:false
06-11 10:33:46.148  3189  3856 I system_server: AssetManager2(0xb4000078c7b0d528) locale list changing from [] to [zh-CN]
06-11 10:33:46.149 31995 32090 I com.heytap.mcs: AssetManager2(0xb40000794b528d28) locale list changing from [] to [zh-CN]
06-11 10:33:46.150  3189  3856 D NotificationService--OplusNavigationManager: Notification--isSuppressedByDriveMode--userId:0,mode:false
06-11 10:33:46.150  3189  3856 D NotificationService--OplusNotificationTrackHelper: PostNotification : {channel_name=关键通知, notification_type=others, app_name=281db56f72e7dd4a15360f467cfbfcb63e3614ffb7333a2c105a57eb2f2493cd, push_id=rz6y2gp5BZF4pUitqYnVA6XX-41-1-6a2a18cff126e00181a5e3b6, importance=4, notification_id=1038692597, system_state=5|8, channel_id=identifier_jingdong2, pkg=82b9adda21d00171916df015924d3190f73f05052061c1ecbacb131d5d53acba, post_time=2026-06-11 10:33:46, notification_source=local}
06-11 10:33:46.156  3189  3189 W NotificationHistory: Attempted to add notif for locked/gone/disabled user 0
06-11 10:33:46.164  3189  5078 D NotificationService--OplusNotificationFixHelper: fixAppIcon: pkg=com.smile.gifmaker
06-11 10:33:46.164  3189  5078 D NotificationService--OplusNotificationFixHelper: fixAppIcon: appIcon = null, pkg = com.smile.gifmaker
06-11 10:33:46.164  3189  5078 D NotificationService--NotificationRecord: isSupportRearLight , isRearLight = false mLedRM = false isMultilLed = false
06-11 10:33:46.165  3189  5078 I OplusStatusBarManagerServiceEnhance:  getTopIsFullscreen mTopIsFullscreen: false
06-11 10:33:46.165 31995 32090 D [Notification-TAG]Notify-Msg: Msg [sQhiXg14lc7eFBHBqYVEk7XX-14-1-6a2a0e134d2a470185655135]Notified  to [0] as 861309938 for [***]
06-11 10:33:46.166  3189  3265 W QosSceneRecognizer[NotificationScene]: get pid failed while enterNotificationScene, processInfos is null! uid: -1
06-11 10:33:46.166  3189  3189 D NotificationService--OplusNotificationManagerServiceExtImpl: isForwardToAssistants: false, case : Is in mMcsNotInterceptPkgList or is isSystemApp
06-11 10:33:46.166  3189  3189 D NotificationService: This application enqueue notifications is not need postDelayed
06-11 10:33:46.168  4329  4329 I SystemUi--Notification: OplusLiveAlertNotificationsRepository-->onRankingApplied
06-11 10:33:46.175  4329  4329 E LockScreenNotificationDispatcherImp: updateNotificationListOnKg size:0
06-11 10:33:46.187  4329  4329 I SystemUi--Notification: LockScreenNotificationDispatcherImp-->updateNotificationListOnKg resultCode: 0
06-11 10:33:46.205  4329  4329 I SystemUi--Notification: OplusLiveAlertNotificationsRepository-->onRankingApplied
06-11 10:33:46.224  4329  4329 E LockScreenNotificationDispatcherImp: updateNotificationListOnKg size:0
06-11 10:33:46.228  4329  4329 I SystemUi--Notification: LockScreenNotificationDispatcherImp-->updateNotificationListOnKg resultCode: 0
06-11 10:33:46.257  6089  6168 E horae   : 0: back:34419,frame:35828,front:36571, 25 5, +(-3571), 1 ,33000,41973,40882,41677,41489, target_temp:36571, algo:0
06-11 10:33:46.258 12732 13406 D ShellSubscriberWorkerThread: the first 8 bytes empty, and RestData length > 8 
06-11 10:33:46.263  4454  5373 D AMC     : [TriggerForeground] handle temp changed:36571
06-11 10:33:46.266  3189  3819 W Binder  : Outgoing transactions from this process must be FLAG_ONEWAY
06-11 10:33:46.266  3189  3819 W Binder  : java.lang.Throwable
06-11 10:33:46.266  3189  3819 W Binder  : 	at android.os.BinderProxy.transact(BinderProxy.java:639)
06-11 10:33:46.266  3189  3819 W Binder  : 	at android.content.ContentProviderProxy.insert(ContentProviderNative.java:587)
06-11 10:33:46.266  3189  3819 W Binder  : 	at android.content.ContentProviderClient.insert(ContentProviderClient.java:347)
06-11 10:33:46.266  3189  3819 W Binder  : 	at android.content.ContentProviderClient.insert(ContentProviderClient.java:336)
06-11 10:33:46.266  3189  3819 W Binder  : 	at com.oplus.util.OplusStatisticsImpl.insert(OplusStatisticsImpl.java:307)
06-11 10:33:46.266  3189  3819 W Binder  : 	at com.oplus.util.OplusStatisticsImpl.sendDataToDCS(OplusStatisticsImpl.java:287)
06-11 10:33:46.266  3189  3819 W Binder  : 	at com.oplus.util.OplusStatisticsImpl.flushInternal(OplusStatisticsImpl.java:264)
06-11 10:33:46.266  3189  3819 W Binder  : 	at com.oplus.util.OplusStatisticsImpl.lambda$setDelayFlushJobIfNeed$4(OplusStatisticsImpl.java:211)
06-11 10:33:46.266  3189  3819 W Binder  : 	at com.oplus.util.OplusStatisticsImpl.$r8$lambda$4UYTp2NCu6Rml69JNqEuK7o54SI(Unknown Source:0)
06-11 10:33:46.266  3189  3819 W Binder  : 	at com.oplus.util.OplusStatisticsImpl$$ExternalSyntheticLambda5.run(D8$$SyntheticClass:0)
06-11 10:33:46.266  3189  3819 W Binder  : 	at java.util.concurrent.Executors$RunnableAdapter.call(Executors.java:524)
06-11 10:33:46.266  3189  3819 W Binder  : 	at java.util.concurrent.FutureTask.run(FutureTask.java:343)
06-11 10:33:46.266  3189  3819 W Binder  : 	at java.util.concurrent.ScheduledThreadPoolExecutor$ScheduledFutureTask.run(ScheduledThreadPoolExecutor.java:348)
06-11 10:33:46.266  3189  3819 W Binder  : 	at java.util.concurrent.ThreadPoolExecutor.runWorker(ThreadPoolExecutor.java:1156)
06-11 10:33:46.266  3189  3819 W Binder  : 	at java.util.concurrent.ThreadPoolExecutor$Worker.run(ThreadPoolExecutor.java:651)
06-11 10:33:46.266  3189  3819 W Binder  : 	at java.lang.Thread.run(Thread.java:1119)
06-11 10:33:46.267  5081  5970 W Battery : ThermalControllHandler: MSG_THERMAL_CONTROL_CPU_CTRL_CHANGED: ThermalControlState=true, curThermalPolicyCpu=1, curCpu=0, isUserForeground=true
06-11 10:33:46.267  5081  5970 I [UAH_CLIENT]: uahRuleCtl, ruleId:4, status:1
06-11 10:33:46.289  3189  3610 I resRelease: policy type is 1
06-11 10:33:46.323  1667 15952 I sensors-hal: handle_oplus_wise_rgb_event:230, wise_rgb:algo_type = 3
06-11 10:33:46.323  1667 15952 I sensors-hal: handle_oplus_wise_rgb_event:285, wise_rgb: raw_lux 520.253418, raw_cct 6416.567871, r/g/b/c: 41107.773438/36392.671875/20462.892578/91644.718750, R/G/B: 0.000000/0.000000/0.000000, brl 1529.000000, lux: 520.253418, cct: 6416.567871, ts 242623640881220, cnt 3775
06-11 10:33:46.379  3189  5599 D NotificationService--OplusNavigationManager: Notification--isSuppressedByDriveMode--userId:-1,mode:false
06-11 10:33:46.380  3189  5599 D NotificationService--OplusNavigationManager: Notification--isSuppressedByDriveMode--userId:-1,mode:false
06-11 10:33:46.393  4329  4329 I SystemUi--Notification: FullScreenHelper-->FULL_SCREEN_BANNER-->log: isBannerEnableForUser return true , uid = 0 , userId = 0
06-11 10:33:46.396  4329  4329 I SystemUi--Notification: FullScreenHelper-->FULL_SCREEN_BANNER-->log: isBannerEnableForUser return true , uid = 0 , userId = 0
06-11 10:33:46.408  4329  4329 E LockScreenNotificationDispatcherImp: updateNotificationListOnKg size:0
06-11 10:33:46.418  4329  4329 W SystemUi--Common: SubsetBitmapDrawable-->[isValid] innerBitmap?.isRecycled=null
06-11 10:33:46.418  4329  4329 I SystemUi--Notification: LockScreenNotificationDispatcherImp-->updateNotificationListOnKg resultCode: 0
06-11 10:33:46.426  4329  4329 I PluginSeedling--Track: RequestHandler-->notificationUpdated 0|com.smile.gifmaker|861309938|null|10323 postTime: 1781145226164
06-11 10:33:46.427  4329  4329 E LockScreenNotificationDispatcherImp: updateNotificationListOnKg size:0
06-11 10:33:46.433  4329  4329 W NotifRow: cancelAppearDrawing childKey: 0|com.smile.gifmaker|861309938|null|10323 wasDrawing:false
06-11 10:33:46.434  4329  4329 I SystemUi--Notification: OplusNotificationTempla-->resolveContentMargin: marginTop=112 isChildInGroup=false hasSubtitle=false params.topMargin=112
06-11 10:33:46.434  4329  4329 I SystemUi--Notification: OplusNotificationTempla-->resolveContentMargin: marginTop=42 isChildInGroup=true hasSubtitle=false params.topMargin=42
06-11 10:33:46.434  4329  4329 I SystemUi--Notification: OplusNotificationTempla-->resolveContentMargin: marginTop=42 isChildInGroup=true hasSubtitle=false params.topMargin=42
06-11 10:33:46.435  4329  4329 I SystemUi--Notification: OplusNotificationTempla-->resolveContentMargin: marginTop=42 isChildInGroup=true hasSubtitle=false params.topMargin=42
06-11 10:33:46.435  4329  4329 I SystemUi--Notification: OplusNotificationTempla-->resolveContentMargin: marginTop=42 isChildInGroup=true hasSubtitle=false params.topMargin=42
06-11 10:33:46.435  4329  4329 E NotificationChildrenContainer: getMinHeight: child 0|com.smile.gifmaker|861309938|null|10323 single line view is null
06-11 10:33:46.435  4329  4329 E NotificationChildrenContainer: java.lang.Exception
06-11 10:33:46.435  4329  4329 E NotificationChildrenContainer: 	at com.android.systemui.statusbar.notification.stack.NotificationChildrenContainer.getMinHeight(go/retraceme 90e1f3580512200662c612271b353ccd0397cfca5d9c71e7d4e61b7c41c6008d:13)
06-11 10:33:46.435  4329  4329 E NotificationChildrenContainer: 	at com.android.systemui.statusbar.notification.stack.NotificationChildrenContainer.getCollapsedHeight(go/retraceme 90e1f3580512200662c612271b353ccd0397cfca5d9c71e7d4e61b7c41c6008d:9)
06-11 10:33:46.435  4329  4329 E NotificationChildrenContainer: 	at com.android.systemui.statusbar.notification.stack.NotificationChildrenContainer.getGroupExpandFraction(go/retraceme 90e1f3580512200662c612271b353ccd0397cfca5d9c71e7d4e61b7c41c6008d:16)
06-11 10:33:46.435  4329  4329 E NotificationChildrenContainer: 	at com.oplus.systemui.notification.row.oplusgroup.OplusNotificationGroupExtImpl.setChildrenExpanded(go/retraceme 90e1f3580512200662c612271b353ccd0397cfca5d9c71e7d4e61b7c41c6008d:30)
06-11 10:33:46.435  4329  4329 E NotificationChildrenContainer: 	at com.oplus.systemui.statusbar.notification.stack.NotificationChildrenContainerExtImp.setChildrenExpanded(go/retraceme 90e1f3580512200662c612271b353ccd0397cfca5d9c71e7d4e61b7c41c6008d:3)
06-11 10:33:46.435  4329  4329 E NotificationChildrenContainer: 	at com.android.systemui.statusbar.notification.stack.NotificationChildrenContainer.setVisibility(go/retraceme 90e1f3580512200662c612271b353ccd0397cfca5d9c71e7d4e61b7c41c6008d:13)
06-11 10:33:46.435  4329  4329 E NotificationChildrenContainer: 	at com.android.systemui.statusbar.notification.row.ExpandableNotificationRow.updateChildrenVisibility(go/retraceme 90e1f3580512200662c612271b353ccd0397cfca5d9c71e7d4e61b7c41c6008d:52)
06-11 10:33:46.435  4329  4329 E NotificationChildrenContainer: 	at com.android.systemui.statusbar.notification.row.ExpandableNotificationRow.onAttachedChildrenCountChanged(go/retraceme 90e1f3580512200662c612271b353ccd0397cfca5d9c71e7d4e61b7c41c6008d:66)
06-11 10:33:46.435  4329  4329 E NotificationChildrenContainer: 	at com.android.systemui.statusbar.notification.row.ExpandableNotificationRow.addChildNotification(go/retraceme 90e1f3580512200662c612271b353ccd0397cfca5d9c71e7d4e61b7c41c6008d:39)
06-11 10:33:46.435  4329  4329 E NotificationChildrenContainer: 	at com.android.systemui.statusbar.notification.row.ExpandableNotificationRowController.addChildAt(go/retraceme 90e1f3580512200662c612271b353ccd0397cfca5d9c71e7d4e61b7c41c6008d:15)
06-11 10:33:46.435  4329  4329 E NotificationChildrenContainer: 	at com.android.systemui.statusbar.notification.collection.render.ShadeNode.addChildAt(go/retraceme 90e1f3580512200662c612271b353ccd0397cfca5d9c71e7d4e61b7c41c6008d:47)
06-11 10:33:46.435  4329  4329 E NotificationChildrenContainer: 	at com.android.systemui.statusbar.notification.collection.render.ShadeViewDiffer.attachChildren(go/retraceme 90e1f3580512200662c612271b353ccd0397cfca5d9c71e7d4e61b7c41c6008d:110)
06-11 10:33:46.435  4329  4329 E NotificationChildrenContainer: 	at com.android.systemui.statusbar.notification.collection.render.ShadeViewDiffer.attachChildren(go/retraceme 90e1f3580512200662c612271b353ccd0397cfca5d9c71e7d4e61b7c41c6008d:271)
06-11 10:33:46.435  4329  4329 E NotificationChildrenContainer: 	at com.android.systemui.statusbar.notification.collection.render.ShadeViewDiffer.applySpec(go/retraceme 90e1f3580512200662c612271b353ccd0397cfca5d9c71e7d4e61b7c41c6008d:45)
06-11 10:33:46.435  4329  4329 E NotificationChildrenContainer: 	at com.android.systemui.statusbar.notification.collection.render.ShadeViewManager$viewRenderer$1.onRenderList(go/retraceme 90e1f3580512200662c612271b353ccd0397cfca5d9c71e7d4e61b7c41c6008d:30)
06-11 10:33:46.435  4329  4329 E NotificationChildrenContainer: 	at com.android.systemui.statusbar.notification.collection.render.RenderStageManager.access$onRenderList(go/retraceme 90e1f3580512200662c612271b353ccd0397cfca5d9c71e7d4e61b7c41c6008d:25)
06-11 10:33:46.435  4329  4329 E NotificationChildrenContainer: 	at com.android.systemui.statusbar.notification.collection.ShadeListBuilder.$r8$lambda$l4PwF27vkvsssdGTFjxwGcU4jjs(go/retraceme 90e1f3580512200662c612271b353ccd0397cfca5d9c71e7d4e61b7c41c6008d:218)
06-11 10:33:46.435  4329  4329 E NotificationChildrenContainer: 	at com.android.systemui.statusbar.notification.collection.ShadeListBuilder$$ExternalSyntheticLambda10.run(go/retraceme 90e1f3580512200662c612271b353ccd0397cfca5d9c71e7d4e61b7c41c6008d:3)
06-11 10:33:46.435  4329  4329 E NotificationChildrenContainer: 	at com.android.systemui.statusbar.notification.collection.NotifPipelineChoreographerImpl$frameCallback$1.doFrame(go/retraceme 90e1f3580512200662c612271b353ccd0397cfca5d9c71e7d4e61b7c41c6008d:41)
06-11 10:33:46.435  4329  4329 E NotificationChildrenContainer: 	at android.view.Choreographer$CallbackRecord.run(Choreographer.java:1850)
06-11 10:33:46.435  4329  4329 E NotificationChildrenContainer: 	at android.view.Choreographer$CallbackRecord.run(Choreographer.java:1861)
06-11 10:33:46.435  4329  4329 E NotificationChildrenContainer: 	at android.view.Choreographer.doCallbacks(Choreographer.java:1373)
06-11 10:33:46.435  4329  4329 E NotificationChildrenContainer: 	at android.view.Choreographer.doFrame(Choreographer.java:1225)
06-11 10:33:46.435  4329  4329 E NotificationChildrenContainer: 	at android.view.Choreographer$FrameDisplayEventReceiver.run(Choreographer.java:1835)
06-11 10:33:46.435  4329  4329 E NotificationChildrenContainer: 	at android.os.Handler.handleCallback(Handler.java:1027)
06-11 10:33:46.435  4329  4329 E NotificationChildrenContainer: 	at android.os.Handler.dispatchMessage(Handler.java:108)
06-11 10:33:46.435  4329  4329 E NotificationChildrenContainer: 	at android.os.Looper.loopOnce(Looper.java:302)
06-11 10:33:46.435  4329  4329 E NotificationChildrenContainer: 	at android.os.Looper.loop(Looper.java:412)
06-11 10:33:46.435  4329  4329 E NotificationChildrenContainer: 	at android.app.ActivityThread.main(ActivityThread.java:9998)
06-11 10:33:46.435  4329  4329 E NotificationChildrenContainer: 	at java.lang.reflect.Method.invoke(Native Method)
06-11 10:33:46.435  4329  4329 E NotificationChildrenContainer: 	at com.android.internal.os.RuntimeInit$MethodAndArgsCaller.run(RuntimeInit.java:613)
06-11 10:33:46.435  4329  4329 E NotificationChildrenContainer: 	at com.android.internal.os.ZygoteInit.main(ZygoteInit.java:1074)
06-11 10:33:46.436  4329  4329 I SystemUi--Notification: OplusNotificationTempla-->resolveContentMargin: marginTop=42 isChildInGroup=true hasSubtitle=false params.topMargin=112
06-11 10:33:46.438  4329  4329 D OplusNotificationDateTimeView: setTime mSettingTimeMillis 1781141011657, mSettingLocalDateTime 2026-06-11T09:23:00.657
06-11 10:33:46.438  4329  4329 D OplusNotificationDateTimeView: setTime mSettingTimeMillis 1781141011657, mSettingLocalDateTime 2026-06-11T09:23:00.657
06-11 10:33:46.461  4329  4329 I SystemUi--Notification: NotificationStackScrollLayoutExtImpl-->bind scrollGridCount 40 o.visibleChildrenCount 39 o.childCount 43
06-11 10:33:46.462  4329  4329 I SystemUi--Notification: SeparatePanelAnimation-->updateVisibleChildCount change, currentChildCount: 41 totalCount 40
06-11 10:33:46.463  4329  4329 W SystemUi--Notification: OplusNotificationGroupExtImpl-->setChildrenExpanded: groupHeader is null
06-11 10:33:46.465  4329  4329 I SystemUi--Notification: LockScreenNotificationDispatcherImp-->updateNotificationListOnKg resultCode: 0
06-11 10:33:46.476  4329  4630 D skia    : GrGpu::writePixels takes 1
06-11 10:33:46.478  4329  4630 D skia    : GrGpu::writePixels takes 1
06-11 10:33:46.488  4329  4329 D OplusNotificationDateTimeView: setTime mSettingTimeMillis 1781145226134, mSettingLocalDateTime 2026-06-11T10:33:00.134
06-11 10:33:46.489  4329  4329 D OplusNotificationDateTimeView: setTime mSettingTimeMillis 1781145226134, mSettingLocalDateTime 2026-06-11T10:33:00.134
06-11 10:33:46.491  4329  4630 D skia    : GrGpu::writePixels takes 2
06-11 10:33:46.493  4329  4630 D skia    : GrGpu::writePixels takes 1
06-11 10:33:46.494  4329  4329 I SystemUi--Notification: OplusNotificationTempla-->resolveContentMargin: marginTop=112 isChildInGroup=false hasSubtitle=true params.topMargin=112
06-11 10:33:46.494  4329  4329 W SystemUi--Notification: OplusNotificationGroupExtImpl-->setChildrenExpanded: groupHeader is null
06-11 10:33:46.498  3189  5958 D FlexibleTaskController: isSupportFlexibleWindow target = com.jingdong.app.mall/com.jd.lib.push.broadcastReceiver.InternalActivity callPkg = com.android.systemui support = true ,caller = 4329
06-11 10:33:46.498  3189  5958 D FlexibleTaskController: isSupportFlexibleWindow target = com.jingdong.app.mall callPkg = com.android.systemui support = true ,caller = 4329
06-11 10:33:46.499  3189  5958 D FlexibleWindowManagerService: calculateFlexibleWindowBounds intent:Intent { flg=0x14000000 xflg=0x4 pkg=com.jingdong.app.mall cmp=com.jingdong.app.mall/com.jd.lib.push.broadcastReceiver.InternalActivity (has extras) oflg=0x800 },appOrientation:-2,activityInfo:ActivityInfo{e967ab8 com.jd.lib.push.broadcastReceiver.InternalActivity}
06-11 10:33:46.499  3189  5958 D FlexibleTaskController: fillFlexibleTaskInfo current activity is resizeable for ActivityInfo{e967ab8 com.jd.lib.push.broadcastReceiver.InternalActivity}
06-11 10:33:46.499  3189  5958 D OplusFlexibleTaskLayoutPolicy: no need regulate Size.
06-11 10:33:46.499  3189  5958 D FlexibleTaskController: collectFlexibleTaskInfo:FlexibleTaskInfo{mResizeMode=1, mRatio=1.7777778, mScale=0.80225986, mCornerRadius=70, mLaunchBounds=Rect(123, 334 - 1363, 2538), mSourceFlexibleTaskId=-1, mFlexibleState0} finalActivityInfo = ActivityInfo{e967ab8 com.jd.lib.push.broadcastReceiver.InternalActivity} info req = -1 appOrientation = -2
06-11 10:33:46.499  3189  5958 D FlexibleTaskController: calcFlexibleTaskBounds called by notification pkgName:com.jingdong.app.mall
06-11 10:33:46.499  3189  5958 D FlexibleTaskController: change bundle for notification scene. cmpName:ComponentInfo{com.jingdong.app.mall/com.jd.lib.push.broadcastReceiver.InternalActivity} isBackground:true ; mNotificationScale = 0.80225986
06-11 10:33:46.500  4329  4329 D HeadsUpToZoomUtils: calculateFlexibleWindowBounds isSupport:true finalRect:Rect(123, 334 - 1363, 2538) scale:0.80225986 radius:70 supportBundle:Bundle[{androidx.flexible.LaunchBounds=Rect(123, 334 - 1363, 2538), flexible_window_mini_rect=Supplier{VAL_PARCELABLE@200+72}, androidx.flexible.CompatRatio=1.7777778, androidx.activity.LaunchCornerRadius=70, androidx.flexible.ResizeMode=4, androidx.activity.LaunchScale=0.80225986}] intent:Intent { flg=0x14000000 xflg=0x4 pkg=com.jingdong.app.mall cmp=com.jingdong.app.mall/com.jd.lib.push.broadcastReceiver.InternalActivity (has extras) oflg=0x800 }
06-11 10:33:46.500  4329  4329 I SystemUi--Notification: OplusExpandableNotificationRowExImpl-->NOTIFICATION_ZOOM-->updateDragViewState showZoom=true isPinned=true isActivityIntent=true emptyView=true isZoomValid=true pendingIntent=Intent { flg=0x14000000 xflg=0x4 pkg=com.jingdong.app.mall cmp=com.jingdong.app.mall/com.jd.lib.push.broadcastReceiver.InternalActivity (has extras) oflg=0x800 }
06-11 10:33:46.500  4329  4329 W TouchableRegionManager: onHeadsUpPinnedModeChanged
06-11 10:33:46.501  4329  4329 I PluginSeedling--CapsuleCard: CardRootViewModel-->handleOnShowHeadsUpNotification: true packageName: com.jingdong.app.mall
06-11 10:33:46.502  4329  4329 D OplusNotificationDateTimeView: setTime mSettingTimeMillis 1781141011657, mSettingLocalDateTime 2026-06-11T09:23:00.657
06-11 10:33:46.504  4329  4329 D OplusNotificationDateTimeView: setTime mSettingTimeMillis 1781141011657, mSettingLocalDateTime 2026-06-11T09:23:00.657
06-11 10:33:46.505  4329  4329 I SystemUi--Notification: OplusNotificationTempla-->resolveContentMargin: marginTop=42 isChildInGroup=true hasSubtitle=false params.topMargin=42
06-11 10:33:46.505  4329  4329 I SystemUi--Notification: OplusNotificationTempla-->resolveContentMargin: marginTop=42 isChildInGroup=true hasSubtitle=false params.topMargin=42
06-11 10:33:46.505  4329  4329 I SystemUi--Notification: OplusNotificationTempla-->resolveContentMargin: marginTop=42 isChildInGroup=true hasSubtitle=false params.topMargin=42
06-11 10:33:46.505  4329  4329 I SystemUi--Notification: OplusNotificationTempla-->resolveContentMargin: marginTop=42 isChildInGroup=true hasSubtitle=false params.topMargin=42
06-11 10:33:46.505  4329  4329 I SystemUi--Notification: OplusNotificationTempla-->resolveContentMargin: marginTop=42 isChildInGroup=true hasSubtitle=false params.topMargin=42
06-11 10:33:46.505  4329  4329 I SystemUi--Notification: OplusNotificationTempla-->resolveContentMargin: marginTop=42 isChildInGroup=true hasSubtitle=false params.topMargin=42
06-11 10:33:46.506  4329  4329 W SystemUi--Notification: OplusNotificationGroupExtImpl-->setChildrenExpanded: groupHeader is null
06-11 10:33:46.507  4329  4329 I PluginSeedling--Track: RequestHandler-->notificationAdded 0|com.jingdong.app.mall|1038692597|null|10321 postTime: 1781145226139
06-11 10:33:46.508  4329  4329 E LockScreenNotificationDispatcherImp: updateNotificationListOnKg size:0
06-11 10:33:46.510  4329  4329 I SystemUi--Notification: HeadsUpContainerWindow-->setView:com.android.systemui.statusbar.notification.row.ExpandableNotificationRow{be99409 VFE...C.. ......I. 0,0-0,0 #7f0a04de app:id/expandableNotificationRow alpha=1.0 viewInfo = }
06-11 10:33:46.510  4329  4329 I SystemUi--Notification: HeadsUpContainerWindow-->setUxProcess: true
06-11 10:33:46.510  4329  4329 D HeadsUpLayout: updateResource: for headsUp
06-11 10:33:46.510  4329  4329 D HeadsUpLayout: onViewAddedInternal: 0|com.jingdong.app.mall|1038692597|null|10321,reason=onViewAdded
06-11 10:33:46.510  4329  4329 D HeadsUpLayout: onHeightChanged: com.android.systemui.statusbar.notification.row.ExpandableNotificationRow{be99409 VFE...C.. ......I. 0,0-0,0 #7f0a04de app:id/expandableNotificationRow alpha=1.0 viewInfo = },false
06-11 10:33:46.510  4329  4329 D HeadsUpLayout: childrenUpdateRequested: true
06-11 10:33:46.510  4329  4329 D HeadsUpLayout: setHeadsUpBlur: 0|com.jingdong.app.mall|1038692597|null|10321 ,reason=onViewAddedInternal,isSummary =false,isHeadsUp=true,updateGroupHeader=false,child.isGroupExpansionChanging=false
06-11 10:33:46.510  4329  4329 I SystemUi--Common: ViewBlurManager-->[blurForHeadsUp] blurHeadsUpEnabled=true
06-11 10:33:46.510  4329  4329 D HeadsUpLayout: addView:: view = com.android.systemui.statusbar.notification.row.ExpandableNotificationRow{be99409 VFE...C.. ......I. 0,0-0,0 #7f0a04de app:id/expandableNotificationRow alpha=1.0 viewInfo = }
06-11 10:33:46.510  3189  3265 I UserAwareMgr: handleTopAppChanged: com.android.systemui, pid: 4329, uid: 10209
06-11 10:33:46.511  4329  4329 D WindowManager: Add to mViews: com.oplus.systemui.notification.headsup.windowframe.HeadsUpLayout{89fc808 V.E...... ......ID 0,0-1240,2772 alpha=1.0 viewInfo = },pkg= null
06-11 10:33:46.512  4329  4630 D skia    : setRusSupported enable 1
06-11 10:33:46.512  3189  5958 D KEYLOG_PhoneWindowManagerExtImpl: checkAddPermission: com.oplus.permission.safe.WINDOW OKAY packageName = com.android.systemui
06-11 10:33:46.519  3189  5958 I WindowManager: addWindow: New client android.os.BinderProxy@dd71bf6 : window=Window{5948a64 u0 NotificationHeadsUp}
06-11 10:33:46.522  4329  4329 D ViewRootImplExtImpl: onDisplayChanged -1 for VRI android.view.ViewRootImpl@e8aa478
06-11 10:33:46.522  3189  5078 I AccessibilityWindowsPopulator: getInsensibleFlag flag = 0
06-11 10:33:46.523  1667 15952 I sensors-hal: handle_oplus_wise_rgb_event:230, wise_rgb:algo_type = 3
06-11 10:33:46.523  1667 15952 I sensors-hal: handle_oplus_wise_rgb_event:285, wise_rgb: raw_lux 518.524780, raw_cct 6379.460938, r/g/b/c: 41185.652344/36240.765625/20390.195312/91489.492188, R/G/B: 0.000000/0.000000/0.000000, brl 1529.000000, lux: 518.524780, cct: 6379.460938, ts 242623840639449, cnt 3776
06-11 10:33:46.525  4329  4329 E [OPLUS_AFS_CONFIG]: Failed to open AFS config file: /proc/oplus_afs_config/afs_config
06-11 10:33:46.525  4329  4329 E AFS_CONFIG: Failed to get scene config
06-11 10:33:46.525  4329  4329 E OplusAfsManager: afsConfigSceneConfigGet sceneType is null
06-11 10:33:46.525  4329  4329 I SystemUi--Common: AnimAfsManager-->enableAnimationCtrl key:40 enable:true, result: 0
06-11 10:33:46.530  4329  4329 E OplusBracketLog: [OplusViewMirrorManager] updateHostViewRootIfNeeded, not support android.view.ViewRootImpl@e8aa478
06-11 10:33:46.530  4329  4329 D OplusBlurParam: setSmoothCornerWeight 1.1
06-11 10:33:46.531  4329  4329 D OplusBlurParam: setSmoothCornerWeight 1.1
06-11 10:33:46.531  4329  4329 D ViewRootImplExtImpl: wrapConfigInfoIntoFlags rotation=0, smallestScreenWidthDp=0, residentWS=false, scenario=0, bounds=Rect(0, 0 - 1240, 2772), relayoutAsync=false, flags=0, newFlags=1453326336, title=NotificationHeadsUp
06-11 10:33:46.532  3189  5958 V WindowManager: Relayout Window{5948a64 u0 NotificationHeadsUp}: viewVisibility=0, oldvis=0, req=1240x2772 , apr = 0, vsysui=, x=0, y=0
06-11 10:33:46.532  3189  5958 I WindowManager: Window{5948a64 u0 NotificationHeadsUp} state from NO_SURFACE to DRAW_PENDING; reason: resetDrawState
06-11 10:33:46.533  3189  5958 D DisplayModeDirector: setAppRequest displayId : 4  modeId: 0  requestedRefreshRate: 0.0  requestedMinRefreshRateRange: 0.0  requestedMaxRefreshRateRange: 0.0
06-11 10:33:46.536  3189  5958 D DisplayModeDirector: setAppRequest displayId : 0  modeId: 2  requestedRefreshRate: 0.0  requestedMinRefreshRateRange: 0.0  requestedMaxRefreshRateRange: 60.000004
06-11 10:33:46.539  3189  5958 D WindowManager: NFW_findFocusedWindowIfNeeded:Window{cb4ed22 u0 com.earthengine.minimalglobe/com.earthengine.minimalglobe.MainActivity} mCurrentFocus:Window{cb4ed22 u0 com.earthengine.minimalglobe/com.earthengine.minimalglobe.MainActivity}
06-11 10:33:46.539  3189  5958 D WindowManager: NFW_findFocusedWindowIfNeeded:null mCurrentFocus:null
06-11 10:33:46.541  4329  4329 W VRI[NotificationHeadsUp]: updateBlastSurfaceIfNeeded, surfaceSize:Point(1240, 2772), lastSurfaceSize:Point(0, 0), format:-3, blastBufferQueue:null
06-11 10:33:46.541  4329  4329 W libc    : Access denied finding property "vendor.display.enable_optimal_refresh_rate"
06-11 10:33:46.542  4329  4329 D BufferQueueConsumer: [](id:10e900000536,api:0,p:-1,c:4329) connect: controlledByApp=false
06-11 10:33:46.542  4329  4329 D BufferQueueConsumer: [VRI[NotificationHeadsUp]#1333(BLAST Consumer)1333](id:10e900000536,api:0,p:-1,c:4329) setMaxAcquiredBufferCount: 2
06-11 10:33:46.543  4329  4329 W libc    : Access denied finding property "vendor.display.enable_optimal_refresh_rate"
06-11 10:33:46.544  4329  4630 D HWUI    : createSurface new attribs array
06-11 10:33:46.544  4329  4630 D libEGL  : this is from skia gles
06-11 10:33:46.544  4329  4630 D BufferQueueProducer: [VRI[NotificationHeadsUp]#1333(BLAST Consumer)1333](id:10e900000536,api:1,p:4329,c:4329) connect: api=1 producerControlledByApp=true
06-11 10:33:46.546  4329  4329 D OplusBlurParam: setSmoothCornerWeight 1.1
06-11 10:33:46.547  4329  4329 W SystemUi--Notification: OplusNotificationGroupExtImpl-->setChildrenExpanded: groupHeader is null
06-11 10:33:46.547  4329  4329 D HeadsUpLayout: childrenUpdateRequested: false
06-11 10:33:46.547  3189  5078 I AccessibilityWindowsPopulator: getInsensibleFlag flag = 0
06-11 10:33:46.548  4329  4329 I SurfaceControl:  setExtendedRangeBrightness sc=Surface(name=NotificationHeadsUp)/@0xf8d8153,currentBufferRatio=1.0,desiredRatio=1.0
06-11 10:33:46.551  4329  4630 D BLASTBufferQueue: [VRI[NotificationHeadsUp]#1333](f:0,a:1) acquireNextBufferLocked size=1240x2772 mFrameNumber=1 applyTransaction=true mTimestamp=200720273991293(auto) mPendingTransactions.size=0 graphicBufferId=18592913434373 transform=0
06-11 10:33:46.551  4329  4630 D VRI[NotificationHeadsUp]: Received frameCommittedCallback lastAttemptedDrawFrameNum=1 didProduceBuffer=true syncBuffer=false
06-11 10:33:46.551  4329  4329 D VRI[NotificationHeadsUp]: draw finished. seqId=0
06-11 10:33:46.552  3189  5078 I WindowManager: Window{5948a64 u0 NotificationHeadsUp} state from DRAW_PENDING to COMMIT_DRAW_PENDING; reason: finishDrawingLocked
06-11 10:33:46.552  3189  3252 D DisplayModeDirector: setAppRequest displayId : 4  modeId: 0  requestedRefreshRate: 0.0  requestedMinRefreshRateRange: 0.0  requestedMaxRefreshRateRange: 0.0
06-11 10:33:46.555  3189  3252 I WindowManager: Window{5948a64 u0 NotificationHeadsUp} state from COMMIT_DRAW_PENDING to READY_TO_SHOW; reason: commitFinishDrawingLocked
06-11 10:33:46.555  3189  3252 I WindowManager: Window{5948a64 u0 NotificationHeadsUp} state from READY_TO_SHOW to HAS_DRAWN; reason: performShowLocked
06-11 10:33:46.555  3189  3252 D DisplayModeDirector: setAppRequest displayId : 0  modeId: 2  requestedRefreshRate: 0.0  requestedMinRefreshRateRange: 0.0  requestedMaxRefreshRateRange: 60.000004
06-11 10:33:46.556  4329  4329 W SystemUi--Notification: BaseHeadsUpManager-->[getTouchableRegion] mTouchableRegion: left = 56,top = 0,right = 1184,bottom = -430284
06-11 10:33:46.556  4329  4329 W SystemUi--Notification: BaseHeadsUpManager-->[getTouchableRegion] mTouchableRegion: left = 56,top = 0,right = 1184,bottom = -430284
06-11 10:33:46.557  3189  5078 D DisplayModeDirector: setAppRequest displayId : 4  modeId: 0  requestedRefreshRate: 0.0  requestedMinRefreshRateRange: 0.0  requestedMaxRefreshRateRange: 0.0
06-11 10:33:46.557  4329  4329 W SystemUi--Notification: OplusNotificationGroupExtImpl-->setChildrenExpanded: groupHeader is null
06-11 10:33:46.558  4329  4329 I SystemUi--Statusbar: NotifIconContainerViewBinder-->Icons().visibility: 0, notificationsNum: 28, maxIconSize: 999, prevIcons.size: 28, icons.width: 360
06-11 10:33:46.558  4329  4329 E [OPLUS_AFS_CONFIG]: Failed to open AFS config file: /proc/oplus_afs_config/afs_config
06-11 10:33:46.558  4329  4329 E AFS_CONFIG: Failed to get scene config
06-11 10:33:46.558  4329  4329 E OplusAfsManager: afsConfigSceneConfigGet sceneType is null
06-11 10:33:46.558  4329  4329 I SystemUi--Common: AnimAfsManager-->enableAnimationCtrl key:100 enable:false, result: 0
06-11 10:33:46.558  4329  4329 E IJankManager: latencySceneEnd unknown scene 100 mScene:40
06-11 10:33:46.558  4329  4329 E [OPLUS_AFS_CONFIG]: Failed to open AFS config file: /proc/oplus_afs_config/afs_config
06-11 10:33:46.558  4329  4329 E AFS_CONFIG: Failed to get scene config
06-11 10:33:46.558  4329  4329 E OplusAfsManager: afsConfigSceneConfigGet sceneType is null
06-11 10:33:46.558  4329  4329 I SystemUi--Common: AnimAfsManager-->enableAnimationCtrl key:45 enable:false, result: 0
06-11 10:33:46.558  4329  4329 E IJankManager: latencySceneEnd unknown scene 45 mScene:40
06-11 10:33:46.559  3189  5078 D DisplayModeDirector: setAppRequest displayId : 0  modeId: 2  requestedRefreshRate: 0.0  requestedMinRefreshRateRange: 0.0  requestedMaxRefreshRateRange: 60.000004
06-11 10:33:46.560  4329  4329 I SystemUi--Notification: LockScreenNotificationDispatcherImp-->updateNotificationListOnKg resultCode: 0
06-11 10:33:46.561  3189  3265 I UserAwareMgr: handleFgAppChanged, pkgName: com.android.systemui, pid: 4329, isVisible: true, fgAppType: FG2
06-11 10:33:46.562  3189  3265 I UserAwareMgr: fg app status not changed, beforeVisible: true, currentVisible: true
06-11 10:33:46.562  4329  4329 W SystemUi--Notification: BaseHeadsUpManager-->[getTouchableRegion] mTouchableRegion: left = 56,top = 0,right = 1184,bottom = -430284
06-11 10:33:46.563  4329  4329 D HeadsUpLayout: onHeightChanged: com.android.systemui.statusbar.notification.row.ExpandableNotificationRow{be99409 VFE...C.. ........ 56,0-1184,354 #7f0a04de app:id/expandableNotificationRow alpha=1.0 viewInfo = },false
06-11 10:33:46.563  4329  4329 D HeadsUpLayout: childrenUpdateRequested: true
06-11 10:33:46.563  4329  4329 D OplusBlurParam: setSmoothCornerWeight 1.1
06-11 10:33:46.563  4329  4329 D HeadsUpContainerWindow: initExcludeRegion::SkRegion((0,0,1240,2772))
06-11 10:33:46.564  4329  4329 W VRI[NotificationHeadsUp]: handleResized, msg:, frameChanged:false, configChanged:false, displayChanged:false, attachedFrameChanged:false, compatScaleChanged:false, pendingDragResizing=false
06-11 10:33:46.564  4329  4329 I SystemUi--QuickSettings: OplusSeparateQSPluginImpl-->shouldHideStatusBar isFullyCollapsed true
06-11 10:33:46.565  4329  4329 I SystemUi--Statusbar: CollapsedSbFragment-->New visibilities calculated internally. StatusBarVisibilityModel(showClock: true showNotificationIcons:true showPrimaryOngoingActivityChip:false showSecondaryOngoingActivityChip:false showSystemInfo:true ) 
06-11 10:33:46.565  4329  4329 I SystemUi--Statusbar: CollapsedStatusBarFragmentExImpl-->animate: true, unlockAnimationRunning: false, fadingAway: false, keyguard: false
06-11 10:33:46.565  4329  4329 I SystemUi--Statusbar: CollapsedStatusBarFragmentExImpl-->StatusBarVisibilityModelEx: StatusBarVisibilityModelEx(showClock: true showPromptView:false showPrimaryOngoingActivityChip:false showSecondaryOngoingActivityChip:false showNotificationContainer:true showOpName:true showSeedlingContainer:true ), animate: true
06-11 10:33:46.565  4329  4329 I SystemUi--QuickSettings: OplusSeparateQSPluginImpl-->shouldHideStatusBar isFullyCollapsed true
06-11 10:33:46.565  4329  4329 I SystemUi--Statusbar: CollapsedStatusBarFragmentExImpl-->showClockChanged: false lastModifiedVisibility.showClock: true previousModelEx.showClock: true statusBarFragment?.clockHiddenMode(): 8 clockView?.visibility: 0
06-11 10:33:46.571  4329  4329 D ViewRootImplExtImpl: wrapConfigInfoIntoFlags rotation=0, smallestScreenWidthDp=354, residentWS=false, scenario=0, bounds=Rect(0, 0 - 1240, 2772), relayoutAsync=true, flags=0, newFlags=1453337664, title=NotificationHeadsUp
06-11 10:33:46.572  4329  4329 W VRI[NotificationHeadsUp]: updateBlastSurfaceIfNeeded, surfaceSize:Point(1240, 2772), lastSurfaceSize:Point(1240, 2772), format:-3, blastBufferQueue:android.graphics.BLASTBufferQueue@31081aa
06-11 10:33:46.572  4329  4329 D HeadsUpLayout: childrenUpdateRequested: false
06-11 10:33:46.572  1663  1663 I QTI PowerHAL: Power setMode: 6 to: 1
06-11 10:33:46.573  3189  5958 V WindowManager: Relayout Window{5948a64 u0 NotificationHeadsUp}: viewVisibility=0, oldvis=0, req=1240x2772 , apr = 0, vsysui=, x=0, y=0
06-11 10:33:46.573  3189  5958 D DisplayModeDirector: setAppRequest displayId : 4  modeId: 0  requestedRefreshRate: 0.0  requestedMinRefreshRateRange: 0.0  requestedMaxRefreshRateRange: 0.0
06-11 10:33:46.573  1663  1663 E QTI PowerHAL: Failed to acquire lock for hint_id: 10A5.
06-11 10:33:46.574  4329  4329 I SurfaceControl:  setExtendedRangeBrightness sc=Surface(name=NotificationHeadsUp)/@0xf8d8153,currentBufferRatio=1.0,desiredRatio=1.0
06-11 10:33:46.574  3189  5958 D DisplayModeDirector: setAppRequest displayId : 0  modeId: 2  requestedRefreshRate: 0.0  requestedMinRefreshRateRange: 0.0  requestedMaxRefreshRateRange: 60.000004
06-11 10:33:46.576  4329  4630 D VRI[NotificationHeadsUp]: Received frameCommittedCallback lastAttemptedDrawFrameNum=2 didProduceBuffer=true syncBuffer=false
06-11 10:33:46.576  4329  4329 D VRI[NotificationHeadsUp]: draw finished. seqId=0
06-11 10:33:46.577  3189  3251 I AccessibilityWindowsPopulator: getInsensibleFlag flag = 0
06-11 10:33:46.578  3189  3252 D DisplayModeDirector: setAppRequest displayId : 4  modeId: 0  requestedRefreshRate: 0.0  requestedMinRefreshRateRange: 0.0  requestedMaxRefreshRateRange: 0.0
06-11 10:33:46.580  3189  3252 D DisplayModeDirector: setAppRequest displayId : 0  modeId: 2  requestedRefreshRate: 0.0  requestedMinRefreshRateRange: 0.0  requestedMaxRefreshRateRange: 60.000004
06-11 10:33:46.594  3189  3251 I AccessibilityWindowsPopulator: getInsensibleFlag flag = 0
06-11 10:33:46.598  3189  3251 I AccessibilityWindowsPopulator: getInsensibleFlag flag = 0
06-11 10:33:46.624  1656  5403 I vendor.qti.bluetooth@1.0-ibs_handler: [ibs_handler.cpp:778] ProcessIbsCmd: Received IBS_WAKE_IND: 0xFD
06-11 10:33:46.624  1656  5403 D vendor.qti.bluetooth@1.0-ibs_handler: [ibs_handler.cpp:372] SerialClockVote: vote for UART CLK ON
06-11 10:33:46.624  1656  5403 D vendor.qti.bluetooth@1.0-wake_lock: [wake_lock.cpp:135] Acquire wakelock is acquired 
06-11 10:33:46.624  1656  5403 I vendor.qti.bluetooth@1.0-ibs_handler: [ibs_handler.cpp:795] ProcessIbsCmd: Writing IBS_WAKE_ACK
06-11 10:33:46.634  3189  4000 I ServiceConnector.Impl: unbindJobThread: connection = ServiceConnector@804(Intent { act=android.permission.PermissionControllerService xflg=0x4 cmp=com.android.permissioncontroller/.permission.service.PermissionControllerServiceImpl mCallingUid=1000 }, user: 0)[Unbinding...]service = android.permission.IPermissionController$Stub$Proxy@ddfb0c9 mBinding = false
06-11 10:33:46.636  7809  7809 D PermissionControllerLifecycleService: onUnbind
06-11 10:33:46.638  4329  4329 D HeadsUpContainerWindow: notifySizeOrLocationChanged::SkRegion((0,0,56,28)(1184,0,1240,28)(0,28,1240,2772))
06-11 10:33:46.641  7809  7809 D ServiceLifecycleDispatcher: move state from: 'CREATED' to: 'CREATED'
06-11 10:33:46.641  7809  7809 D PermissionControllerLifecycleService: onDestroy
06-11 10:33:46.641  7809  7809 D ServiceLifecycleDispatcher: move state from: 'CREATED' to: 'CREATED'
06-11 10:33:46.641  7809  7809 D ServiceLifecycleDispatcher: move state from: 'CREATED' to: 'DESTROYED'
06-11 10:33:46.643  3189  5078 D ActivityManager: Async freezing 7809 com.android.permissioncontroller
06-11 10:33:46.645  3189  3251 I AccessibilityWindowsPopulator: getInsensibleFlag flag = 0
06-11 10:33:46.654  4329  4329 D HeadsUpContainerWindow: notifySizeOrLocationChanged::SkRegion((0,0,56,83)(1184,0,1240,83)(0,83,1240,2772))
06-11 10:33:46.658  4358 24178 D ApfFilter: (wlan0): Ignoring RA RA fe80::1 -> ff02::1 0s DNS 4294967295s fe80::1  which matches RA fe80::1 -> ff02::1 0s DNS 4294967295s fe80::1 
06-11 10:33:46.665  1656  5403 I vendor.qti.bluetooth@1.0-ibs_handler: [ibs_handler.cpp:825] ProcessIbsCmd: Received IBS_SLEEP_IND: 0xFE
06-11 10:33:46.666  1656  5403 D vendor.qti.bluetooth@1.0-ibs_handler: [ibs_handler.cpp:391] SerialClockVote: vote for UART CLK OFF
06-11 10:33:46.670  4329  4329 D HeadsUpContainerWindow: notifySizeOrLocationChanged::SkRegion((0,0,56,141)(1184,0,1240,141)(0,141,1240,2772))
06-11 10:33:46.675  3189  3251 I AccessibilityWindowsPopulator: getInsensibleFlag flag = 0
06-11 10:33:46.688  4329  4329 D HeadsUpContainerWindow: notifySizeOrLocationChanged::SkRegion((0,0,56,196)(1184,0,1240,196)(0,196,1240,2772))
06-11 10:33:46.703  4329  4329 D HeadsUpContainerWindow: notifySizeOrLocationChanged::SkRegion((0,0,56,244)(1184,0,1240,244)(0,244,1240,2772))
06-11 10:33:46.720  4329  4329 D HeadsUpContainerWindow: notifySizeOrLocationChanged::SkRegion((0,0,1240,5)(0,5,56,289)(1184,5,1240,289)(0,289,1240,2772))
06-11 10:33:46.722  1656  5403 I vendor.qti.bluetooth@1.0-ibs_handler: [ibs_handler.cpp:778] ProcessIbsCmd: Received IBS_WAKE_IND: 0xFD
06-11 10:33:46.722  1656  5403 D vendor.qti.bluetooth@1.0-ibs_handler: [ibs_handler.cpp:372] SerialClockVote: vote for UART CLK ON
06-11 10:33:46.722  1656  5403 I vendor.qti.bluetooth@1.0-ibs_handler: [ibs_handler.cpp:795] ProcessIbsCmd: Writing IBS_WAKE_ACK
06-11 10:33:46.723  1667 15952 I sensors-hal: handle_oplus_wise_rgb_event:230, wise_rgb:algo_type = 3
06-11 10:33:46.723  1667 15952 I sensors-hal: handle_oplus_wise_rgb_event:285, wise_rgb: raw_lux 512.224487, raw_cct 6383.599609, r/g/b/c: 41205.242188/35998.101562/20337.730469/91028.820312, R/G/B: 0.000000/0.000000/0.000000, brl 1529.000000, lux: 512.224487, cct: 6383.599609, ts 242624040370178, cnt 3777
06-11 10:33:46.730  4680  5419 I AppScanStats: BLE_SCAN_RESULT_RECEIVED[1]reportBleScanResults=200
06-11 10:33:46.737  4329  4329 D HeadsUpContainerWindow: notifySizeOrLocationChanged::SkRegion((0,0,1240,43)(0,43,56,327)(1184,43,1240,327)(0,327,1240,2772))
06-11 10:33:46.754  4329  4329 D HeadsUpContainerWindow: notifySizeOrLocationChanged::SkRegion((0,0,1240,78)(0,78,56,362)(1184,78,1240,362)(0,362,1240,2772))
06-11 10:33:46.763  1656  5403 I vendor.qti.bluetooth@1.0-ibs_handler: [ibs_handler.cpp:825] ProcessIbsCmd: Received IBS_SLEEP_IND: 0xFE
06-11 10:33:46.763  1656  5403 D vendor.qti.bluetooth@1.0-ibs_handler: [ibs_handler.cpp:391] SerialClockVote: vote for UART CLK OFF
06-11 10:33:46.770  4329  4329 D HeadsUpContainerWindow: notifySizeOrLocationChanged::SkRegion((0,0,1240,108)(0,108,56,392)(1184,108,1240,392)(0,392,1240,2772))
06-11 10:33:46.787  4329  4329 D HeadsUpContainerWindow: notifySizeOrLocationChanged::SkRegion((0,0,1240,132)(0,132,56,416)(1184,132,1240,416)(0,416,1240,2772))
06-11 10:33:46.803  4329  4329 D HeadsUpContainerWindow: notifySizeOrLocationChanged::SkRegion((0,0,1240,150)(0,150,56,434)(1184,150,1240,434)(0,434,1240,2772))
06-11 10:33:46.820  4329  4329 D HeadsUpContainerWindow: notifySizeOrLocationChanged::SkRegion((0,0,1240,165)(0,165,56,449)(1184,165,1240,449)(0,449,1240,2772))
06-11 10:33:46.837  4329  4329 D HeadsUpContainerWindow: notifySizeOrLocationChanged::SkRegion((0,0,1240,176)(0,176,56,460)(1184,176,1240,460)(0,460,1240,2772))
06-11 10:33:46.853  4329  4329 D HeadsUpContainerWindow: notifySizeOrLocationChanged::SkRegion((0,0,1240,184)(0,184,56,468)(1184,184,1240,468)(0,468,1240,2772))
06-11 10:33:46.870  4329  4329 D HeadsUpContainerWindow: notifySizeOrLocationChanged::SkRegion((0,0,1240,189)(0,189,56,473)(1184,189,1240,473)(0,473,1240,2772))
06-11 10:33:46.881  4639  8246 D CommonApp-194-10602: transport layer data is invalid
06-11 10:33:46.883  4639  8246 D ScorePolicy: handleScoreChanged: []
06-11 10:33:46.883  4639  8246 D ScorePolicy: handleScoreChanged: []
06-11 10:33:46.883  4639  8246 D ScorePolicy: handleScoreChanged: []
06-11 10:33:46.887  4329  4329 D HeadsUpContainerWindow: notifySizeOrLocationChanged::SkRegion((0,0,1240,193)(0,193,56,477)(1184,193,1240,477)(0,477,1240,2772))
06-11 10:33:46.903  4329  4329 D HeadsUpContainerWindow: notifySizeOrLocationChanged::SkRegion((0,0,1240,194)(0,194,56,478)(1184,194,1240,478)(0,478,1240,2772))
06-11 10:33:46.914  1656  5071 D vendor.qti.bluetooth@1.0-wake_lock: [wake_lock.cpp:158] Release wakelock is released 
06-11 10:33:46.922  6716  8413 I CardConfig.CardConfigRepository: subscribePackageChange4Ocs, check ocs [base|com.oplus.pantanal.ums|2.0.44-25e9612]
06-11 10:33:46.923  1667 15952 I sensors-hal: handle_oplus_wise_rgb_event:230, wise_rgb:algo_type = 3
06-11 10:33:46.923  1667 15952 I sensors-hal: get_brightness:1652, light_iface: get_brightness, brl 1529, pwm_turbo_on 0/0, hbm_dc 0
06-11 10:33:46.923  1667 15952 I sensors-hal: handle_oplus_wise_rgb_event:285, wise_rgb: raw_lux 510.305176, raw_cct 6325.870605, r/g/b/c: 41338.113281/36139.046875/20316.296875/91310.890625, R/G/B: 0.000000/0.000000/0.000000, brl 1529.000000, lux: 510.305176, cct: 6325.870605, ts 242624240165230, cnt 3778
06-11 10:33:46.924  3189  6314 W OPLUS_LOG_LOAD: ==LOGS PROG INFO, prog(system_server) ==
06-11 10:33:46.924  3189  6314 I AICCTModule: SensorFilter: findSecondNearestValue, sensorValue: 6511.669 nearestMaxValue:6484.3223 secondNearestValue: 6441.036
06-11 10:33:46.924  3189  6314 I AICCTModule: SensorFilter: findSecondNearestValue, sensorValue: 523.7584 nearestMaxValue:520.6162 secondNearestValue: 520.2534
06-11 10:33:46.926  3189  6314 I AICCTModule: AICurveModel: findPointByX x:13.425608, rightPoint:Point:(13.429999, 6873.519, 6873.519)
06-11 10:33:46.926  3189  6314 I AICCTModule: AICurveModel: StablePoints has no dragSplineLine
06-11 10:33:46.927  3189  6314 I AICCTModule: AICurveModel: findPointByY y:6907.424, rightPoint:Point:(13.469999, 6907.424, 6907.424)
06-11 10:33:46.927  3189  6314 I AICCTModule: AICurveModel: findPointByY y:6907.424, rightPoint:Point:(13.469999, 6907.424, 6907.424)
06-11 10:33:46.927  3189  6314 I AICCTModule: AICurveModel: findPointByY y:6907.424, rightPoint:Point:(13.469999, 6907.424, 6907.424)
06-11 10:33:46.927  3189  6314 I AICCTModule: AICurveModel: StablePoints y1Left:6907.424, y2Left:0.0, leftY:6907.424
06-11 10:33:46.927  3189  6314 I AICCTModule: AICurveModel: findPointByY y:6907.424, rightPoint:Point:(13.469999, 6907.424, 6907.424)
06-11 10:33:46.927  3189  6314 I AICCTModule: AICurveModel: findPointByY y:6907.424, rightPoint:Point:(13.469999, 6907.424, 6907.424)
06-11 10:33:46.927  3189  6314 I AICCTModule: AICurveModel: getNextPoint isLargeChange, 6448.088, 6873.519
06-11 10:33:46.928  3189  6314 I AICCTModule: AICurveModel: handleUpdateCCT cct change from:(6512.489746,6907.423828)->(6448.087891,6873.519043),curPoint(6448.087891,6873.519043),stablePoint=LeftLarge(6512.4897,6907.424)-RightLarge(6512.4897,6907.424),LeftSmall(6512.4897,6907.424)-RightSmall(6512.4897,6907.424),TLSmall(6512.4897,6907.424)-TRSmall(6512.4897,6907.424)
06-11 10:33:46.928  3189  6314 I AICCTModule: AICurveModel: onTargetCCTChange cct change to 6873.519
06-11 10:33:46.936  3189  3765 V AlarmManager: sending alarm Alarm{62682ef type 1 origWhen 1781145226936 whenElapsed 242624262 android} uid 1000 whenElapsed 242624262 windowLength 0 maxWhenElapsed 242624262 repeatInterval 0 action null component null tag StorgaeBandInfoAlarmTag flags 0x9 procName system_server
06-11 10:33:46.936  3189 27614 E OplusStorageUFSBandwidth: storage_io_metrics_path is /proc/oplus_storage/io_metrics/forever/
06-11 10:33:46.936  4329  4329 D HeadsUpContainerWindow: notifySizeOrLocationChanged::SkRegion((0,0,1240,193)(0,193,56,477)(1184,193,1240,477)(0,477,1240,2772))
06-11 10:33:46.937  3189 27614 E OplusStorageUFSBandwidth: Bandwidth - Read: 1.00 MB/s, Write: 0.50 MB/s
06-11 10:33:46.937  3189 27614 E OplusStorageUFSBandwidth: Task time: 1ms
06-11 10:33:46.943  3189 27614 E OplusStorageUFSBandwidth: Alarm set to trigger in 10 seconds
06-11 10:33:46.953  4329  4329 D HeadsUpContainerWindow: notifySizeOrLocationChanged::SkRegion((0,0,1240,191)(0,191,56,475)(1184,191,1240,475)(0,475,1240,2772))
06-11 10:33:46.970  4329  4329 D HeadsUpContainerWindow: notifySizeOrLocationChanged::SkRegion((0,0,1240,189)(0,189,56,473)(1184,189,1240,473)(0,473,1240,2772))
06-11 10:33:46.987  4329  4329 D HeadsUpContainerWindow: notifySizeOrLocationChanged::SkRegion((0,0,1240,186)(0,186,56,470)(1184,186,1240,470)(0,470,1240,2772))
06-11 10:33:47.003  4329  4329 D HeadsUpContainerWindow: notifySizeOrLocationChanged::SkRegion((0,0,1240,183)(0,183,56,467)(1184,183,1240,467)(0,467,1240,2772))
06-11 10:33:47.003  6716  6744 I Quality : GCInfo: com.oplus.pantanal.ums,50-5.517s-3.063s-2.153ms-43MB-77MB-14MB-0B-198983.229s-1737.520s,1,0,50-5.517s-3.063s-2.153ms-43MB-77MB-14MB-0B
06-11 10:33:47.021  4329  4329 D HeadsUpContainerWindow: notifySizeOrLocationChanged::SkRegion((0,0,1240,181)(0,181,56,465)(1184,181,1240,465)(0,465,1240,2772))
06-11 10:33:47.036  4329  4329 D HeadsUpContainerWindow: notifySizeOrLocationChanged::SkRegion((0,0,1240,178)(0,178,56,462)(1184,178,1240,462)(0,462,1240,2772))
06-11 10:33:47.054  4329  4329 D HeadsUpContainerWindow: notifySizeOrLocationChanged::SkRegion((0,0,1240,176)(0,176,56,460)(1184,176,1240,460)(0,460,1240,2772))
06-11 10:33:47.054  1699  1958 D IRIS_LOG_SERV: panelReadWrite: type 255 set color matrix
06-11 10:33:47.055  1699  2116 D IRIS_LOG_SERV: InternalConfig: 191 0
06-11 10:33:47.055  1699  2116 D IRIS_LOG_SERV: InternalConfig: 191 0 ret: 0
06-11 10:33:47.070  4329  4329 D HeadsUpContainerWindow: notifySizeOrLocationChanged::SkRegion((0,0,1240,174)(0,174,56,458)(1184,174,1240,458)(0,458,1240,2772))
06-11 10:33:47.087  4329  4329 D HeadsUpContainerWindow: notifySizeOrLocationChanged::SkRegion((0,0,1240,172)(0,172,56,456)(1184,172,1240,456)(0,456,1240,2772))
06-11 10:33:47.087  1800  1924 D BatteryChargeControl: bcc get no support from charging protocol
06-11 10:33:47.099 19629 19629 D WM-DelayedWorkTracker: Scheduling work ba26e192-8bff-4133-bf09-1147fe6f86af
06-11 10:33:47.100 19629 19629 D WM-GreedyScheduler: Starting tracking for ba26e192-8bff-4133-bf09-1147fe6f86af
06-11 10:33:47.101 19629 19735 D WM-ConstraintTracker: c: initial state = true
06-11 10:33:47.101 19629 19735 D WM-BrdcstRcvrCnstrntTrc: c: registering receiver
06-11 10:33:47.102 19629 19728 D WM-GreedyScheduler: Constraints met: Scheduling work ID WorkGenerationalId(workSpecId=ba26e192-8bff-4133-bf09-1147fe6f86af, generation=0)
06-11 10:33:47.103  4329  4329 D HeadsUpContainerWindow: notifySizeOrLocationChanged::SkRegion((0,0,1240,171)(0,171,56,455)(1184,171,1240,455)(0,455,1240,2772))
06-11 10:33:47.103 19629 19735 D WM-Processor: s: processing WorkGenerationalId(workSpecId=ba26e192-8bff-4133-bf09-1147fe6f86af, generation=0)
06-11 10:33:47.106 19629 19629 D WM-WorkerWrapper: Starting work for com.oplus.oss.bussiness.localapp.work.LocalAppOneTimeWorker
06-11 10:33:47.106 19629 26839 I DMP-AppInitializer: isAppAvailable for work, caller: null
06-11 10:33:47.107 19629 26839 I DMP-OFreezeProtectWorker: takeProtectionFromFrozen, no need to protect
06-11 10:33:47.107 19629 26839 I DMP-AbstractWorker: parseData, resource: localApp, method1:onReceive, work: onReceiveWork, extras: Bundle[{action=android.intent.action.PACKAGE_REPLACED, package=com.earthengine.minimalglobe}], initIndexCount:5000
06-11 10:33:47.107 19629 26839 I DMP-AbstractWorker: doWork started, resource: localApp, method3:onReceive, work:Work{mWorkName=onReceiveWork, mWorkTerm=long, mReportId=false, mCreate=Create{mIndexStatus=null, mQueryTime=0, mInterval=0, mDeletedDocs=null, mNeedRebuildFlag=0, mIndexCheckFlag=false, mDrop=null, mHighTemperature=50, mMinPower=null, mScreen=null, mDeletedConditions=null}, mEntry=null, mMoreBatch=null, mChained=true, mInitialDelay=10, mWorkOneTimeLimit=0}
06-11 10:33:47.108 19629 26839 I DMP-PowerUtils: getHoraeTemperature:37
06-11 10:33:47.108 19629 26839 I DMP-AbstractWorker: dispatchWork: onReceiveWork for [localApp]
06-11 10:33:47.109 19629 26839 I DMP-SAUWorkConfigManager: sau work config not found
06-11 10:33:47.109 19629 26839 I DMP-PowerUtils: getHoraeTemperature:37
06-11 10:33:47.109 19629 26839 I DMP-PowerUtils: battery status: BATTERY_STATUS_FULL(5)
06-11 10:33:47.109 19629 26839 I DMP-AbstractDataCollector: getQuotaRecord ignored
06-11 10:33:47.118  3189  5599 D ShortcutService: Getting shortcuts for launcher= androiduserId=0 pkg=com.earthengine.minimalglobe
06-11 10:33:47.118  3189  5599 D ShortcutService: getShortcutsInnerLocked() returned empty results because com.earthengine.minimalglobe isn't loaded
06-11 10:33:47.118 19629 26839 W DMP-SqliteStoreFieldHandler: HighlightHandler no config
06-11 10:33:47.119 19629 26839 I DMP-IndexWriter: update records size:1
06-11 10:33:47.119 19629 26839 I DMP-IndexWriter: add records size:1
06-11 10:33:47.119 19629 26839 I DMP-FileReader: createCache resId:6
06-11 10:33:47.119 19629 26839 I DMP-SqliteIndexBuilder: save
06-11 10:33:47.120  4329  4329 D HeadsUpContainerWindow: notifySizeOrLocationChanged::SkRegion((0,0,1240,169)(0,169,56,453)(1184,169,1240,453)(0,453,1240,2772))
06-11 10:33:47.122  1667 15952 I sensors-hal: handle_oplus_wise_rgb_event:230, wise_rgb:algo_type = 3
06-11 10:33:47.122  1667 15952 I sensors-hal: handle_oplus_wise_rgb_event:285, wise_rgb: raw_lux 521.157837, raw_cct 6378.379883, r/g/b/c: 41333.796875/36121.234375/20319.876953/91772.187500, R/G/B: 0.000000/0.000000/0.000000, brl 1529.000000, lux: 521.157837, cct: 6378.379883, ts 242624439985699, cnt 3779
06-11 10:33:47.130 19629 26839 I DMP-DeletedMetaInfoTableAdapter: add number of docs:274, docIDs:[1271, 1372, 1373, 1374, 1375, 1376, 1377, 1378, 1379, 1380, 1381, 1382, 1383, 1384, 1385, 1386, 1387, 1388, 1389, 1390, 1391, 1392, 1393, 1394, 1395, 1396, 1397, 1398, 1399, 1400, 1401, 1402, 1403, 1404, 1405, 1406, 1407, 1408, 1409, 1410, 1411, 1412, 1413, 1414, 1415, 1416, 1417, 1418, 1419, 1420, 1421, 1422, 1423, 1424, 1425, 1426, 1427, 1428, 1429, 1430, 1432, 1433, 1434, 1435, 1436, 1437, 1438, 1439, 1440, 1441, 1442, 1443, 1444, 1445, 1446, 1447, 1448, 1449, 1450, 1451, 1452, 1453, 1454, 1455, 1456, 1457, 1458, 1459, 1460, 1461, 1462, 1463, 1464, 1465, 1466, 1467, 1468, 1469, 1470, 1471, 1472, 1473, 1474, 1475, 1476, 1477, 1478, 1479, 1480, 1481, 1482, 1483, 1484, 1485, 1486, 1487, 1488, 1489, 1490, 1491, 1492, 1493, 1494, 1495, 1496, 1497, 1498, 1499, 1500, 1501, 1502, 1503, 1504, 1505, 1506, 1507, 1508, 1509, 1510, 1511, 1512, 1513, 1514, 1515, 1516, 1517, 1518, 1519, 1520, 1521, 1522, 1523, 1524, 1525, 1526, 1527, 1528, 1529, 1530, 1531, 1532, 1533, 1534, 1535, 1536, 1537, 1538, 1539, 1540, 1542, 1543, 1544, 1545, 1546, 1547, 1548, 1549, 1550, 1551, 1552, 1553, 1554, 1555, 1556, 1557, 1558, 1559, 1560, 1561, 1562, 1563, 1564, 1565, 1566, 1567, 1568, 1569, 1570, 1571, 1572, 1573, 1574, 1575, 1576, 1577, 1578, 1579, 1580, 1581, 1582, 1583, 1584, 1585, 1586, 1587, 1588, 1589, 1590, 1591, 1592, 1593, 1594, 1595, 1596, 1597, 1598, 1599, 1600, 1601, 1602, 1603, 1604, 1605, 1606, 1607, 1608, 1609, 1610, 1611, 1612, 1613, 1614, 1615, 1616, 1617, 1618, 1619, 1620, 1621, 1622, 1623, 1624, 1625, 1626, 1627, 1628, 1629, 1630, 1631, 1632, 1633, 1634, 1635, 1636, 1637, 1638, 1639, 1640, 1641, 1642, 1643, 1644, 1645, 1646]
06-11 10:33:47.135 19629 26839 I DMP-FileReader: clearCache resId:6
06-11 10:33:47.135 19629 26839 I DMP-FileReader: clearCache resId:6
06-11 10:33:47.136  4329  4329 D HeadsUpContainerWindow: notifySizeOrLocationChanged::SkRegion((0,0,1240,168)(0,168,56,452)(1184,168,1240,452)(0,452,1240,2772))
06-11 10:33:47.146  3189  3251 W AccessibilityWindowsPopulator: Windows change within in 2 frames continuously over 500 ms and notify windows changed immediately
06-11 10:33:47.146  3189  3251 I AccessibilityWindowsPopulator: getInsensibleFlag flag = 0
06-11 10:33:47.151 19629 26839 I DMP-AbstractWorker: setIndexFailCount method:onReceive, count:0, all:initResource=0,onReceive=0,rearrange=0,dailyTask=0
06-11 10:33:47.152 19629 26839 I DMP-AbstractWorker: doWork finished, resource: localApp, method5:onReceive, work:Work{mWorkName=onReceiveWork, mWorkTerm=long, mReportId=false, mCreate=Create{mIndexStatus=null, mQueryTime=0, mInterval=0, mDeletedDocs=null, mNeedRebuildFlag=0, mIndexCheckFlag=false, mDrop=null, mHighTemperature=50, mMinPower=null, mScreen=null, mDeletedConditions=null}, mEntry=null, mMoreBatch=null, mChained=true, mInitialDelay=10, mWorkOneTimeLimit=0}
06-11 10:33:47.152 19629 26839 I DMP-IndexEventManager: addEvent:InternalIndexEvent{mEvent=null, mEventTime=null, mEventData=null, mEventDropReason=null, mResource=null, mWork=null, mWorkId=ba26e192-8bff-4133-bf09-1147fe6f86af, mWorkTime=1781145227, mCursorSize=null, mResult=0}
06-11 10:33:47.152 19629 26839 I DMP-IndexEventManager: addInternalEvent:result=0 workId=ba26e192-8bff-4133-bf09-1147fe6f86af workTime=1781145227
06-11 10:33:47.153 19629 26839 I DMP-IndexEventManager: addInternalEvent update:0
06-11 10:33:47.153 19629 26839 I DMP-IndexEventManager: addInternalEvent insert:6526
06-11 10:33:47.153 19629 26839 I DMP-FrozenHelper: deleteKeepRequest, no more quest
06-11 10:33:47.154  4329  4329 D HeadsUpContainerWindow: notifySizeOrLocationChanged::SkRegion((0,0,1240,167)(0,167,56,451)(1184,167,1240,451)(0,451,1240,2772))
06-11 10:33:47.155 19629 19735 I WM-WorkerWrapper: Worker result SUCCESS for Work [ id=ba26e192-8bff-4133-bf09-1147fe6f86af, tags={ com.oplus.oss.bussiness.localapp.work.LocalAppOneTimeWorker,localApp_onReceive__OneTimeWork,onReceiveWork } ]
06-11 10:33:47.157 19629 19735 I WM-WorkerWrapper: Setting status to enqueued for d320a612-2740-4ac1-90aa-290ae73fc9dd
06-11 10:33:47.158 19629 19629 D WM-Processor: s ba26e192-8bff-4133-bf09-1147fe6f86af executed; reschedule = false
06-11 10:33:47.158 19629 19629 D WM-GreedyScheduler: Stopping tracking for WorkGenerationalId(workSpecId=ba26e192-8bff-4133-bf09-1147fe6f86af, generation=0)
06-11 10:33:47.161 19629 19735 D WM-GreedyScheduler: Cancelling work ID ba26e192-8bff-4133-bf09-1147fe6f86af
06-11 10:33:47.163 19629 19735 D WM-SystemJobScheduler: Scheduling work ID d320a612-2740-4ac1-90aa-290ae73fc9ddJob ID 4789
06-11 10:33:47.163 19629 19735 D WM-BrdcstRcvrCnstrntTrc: c: unregistering receiver
06-11 10:33:47.166  3189  3265 W QosScheduler: executeSceneQosStrategy failed! qos feature no enable
06-11 10:33:47.170  4329  4329 E [OPLUS_AFS_CONFIG]: Failed to open AFS config file: /proc/oplus_afs_config/afs_config
06-11 10:33:47.170  4329  4329 E AFS_CONFIG: Failed to get scene config
06-11 10:33:47.170  4329  4329 E OplusAfsManager: afsConfigSceneConfigGet sceneType is null
06-11 10:33:47.170  4329  4329 I SystemUi--Common: AnimAfsManager-->enableAnimationCtrl key:40 enable:false, result: 0
06-11 10:33:47.172  3189  3759 D ActivityManager: freezing 20034 com.tencent.soter.soterserver
06-11 10:33:47.175  3189  3759 D ActivityManager: Freeze process 20034, not check file locks
06-11 10:33:47.175  3189  3759 D ActivityManager: reportOneUidFrozenStateChanged uid 10230 frozen = true
06-11 10:33:47.177  3189  3848 D InetDiagMessage: Destroyed 0 sockets, proto=IPPROTO_TCP, family=AF_INET, states=14
06-11 10:33:47.179  3189  3848 D InetDiagMessage: Destroyed 0 sockets, proto=IPPROTO_TCP, family=AF_INET6, states=14
06-11 10:33:47.179  3189  3848 D InetDiagMessage: Destroyed live tcp sockets for uids={10230} in 4ms
06-11 10:33:47.228  3189  3251 I AccessibilityWindowsPopulator: getInsensibleFlag flag = 0
06-11 10:33:47.275  3189  3759 D ActivityManager: freezing 27947 com.oplus.games
06-11 10:33:47.283  3189  3759 D ActivityManager: Freeze process 27947, not check file locks
06-11 10:33:47.283  3189  3759 D ActivityManager: reportOneUidFrozenStateChanged uid 10288 frozen = true
06-11 10:33:47.287  3189  3848 D InetDiagMessage: Destroyed 0 sockets, proto=IPPROTO_TCP, family=AF_INET, states=14
06-11 10:33:47.289  3189  3848 D InetDiagMessage: Destroyed 0 sockets, proto=IPPROTO_TCP, family=AF_INET6, states=14
06-11 10:33:47.290  3189  3848 D InetDiagMessage: Destroyed live tcp sockets for uids={10288} in 6ms
06-11 10:33:47.303  1699  1958 D IRIS_LOG_SERV: panelReadWrite: type 255 set color matrix
06-11 10:33:47.303  1699  2116 D IRIS_LOG_SERV: InternalConfig: 191 0
06-11 10:33:47.303  1699  2116 D IRIS_LOG_SERV: InternalConfig: 191 0 ret: 0
06-11 10:33:47.307 19629 19629 D WM-DelayedWorkTracker: Scheduling work 676b7fbe-28e8-4d6f-8e7b-93cccae61f39
06-11 10:33:47.308 19629 19629 D WM-GreedyScheduler: Starting tracking for 676b7fbe-28e8-4d6f-8e7b-93cccae61f39
06-11 10:33:47.308 19629 19728 D WM-ConstraintTracker: c: initial state = true
06-11 10:33:47.308 19629 19728 D WM-BrdcstRcvrCnstrntTrc: c: registering receiver
06-11 10:33:47.309 19629 19728 D WM-GreedyScheduler: Constraints met: Scheduling work ID WorkGenerationalId(workSpecId=676b7fbe-28e8-4d6f-8e7b-93cccae61f39, generation=0)
06-11 10:33:47.310 19629 19728 D WM-Processor: s: processing WorkGenerationalId(workSpecId=676b7fbe-28e8-4d6f-8e7b-93cccae61f39, generation=0)
06-11 10:33:47.311 19629 19629 D WM-WorkerWrapper: Starting work for com.oplus.oss.bussiness.unifiedserviceinvocation.work.UnifiedServiceInvocationOneTimeWorker
06-11 10:33:47.311 19629 26839 I DMP-AppInitializer: isAppAvailable for work, caller: null
06-11 10:33:47.311 19629 26839 I DMP-OFreezeProtectWorker: takeProtectionFromFrozen, no need to protect
06-11 10:33:47.312 19629 26839 I DMP-AbstractWorker: parseData, resource: standard_data#unified_service_invocation, method1:onReceive, work: onReceiveWork, extras: Bundle[{action=android.intent.action.PACKAGE_REPLACED, package=com.earthengine.minimalglobe}], initIndexCount:5000
06-11 10:33:47.312 19629 26839 I DMP-AbstractWorker: doWork started, resource: standard_data#unified_service_invocation, method3:onReceive, work:Work{mWorkName=onReceiveWork, mWorkTerm=long, mReportId=false, mCreate=Create{mIndexStatus=null, mQueryTime=0, mInterval=0, mDeletedDocs=null, mNeedRebuildFlag=0, mIndexCheckFlag=false, mDrop=null, mHighTemperature=50, mMinPower=null, mScreen=null, mDeletedConditions=null}, mEntry=null, mMoreBatch=null, mChained=true, mInitialDelay=10, mWorkOneTimeLimit=0}
06-11 10:33:47.312 19629 26839 I DMP-PowerUtils: getHoraeTemperature:37
06-11 10:33:47.312 19629 26839 I DMP-AbstractWorker: dispatchWork: onReceiveWork for [standard_data#unified_service_invocation]
06-11 10:33:47.313 19629 26839 I DMP-SAUWorkConfigManager: sau work config not found
06-11 10:33:47.313 19629 26839 I DMP-PowerUtils: getHoraeTemperature:37
06-11 10:33:47.313 19629 26839 I DMP-PowerUtils: battery status: BATTERY_STATUS_FULL(5)
06-11 10:33:47.313 19629 26839 I DMP-AbstractDataCollector: getQuotaRecord ignored
06-11 10:33:47.314 19629 26839 W DMP-UnifiedServiceInvocationDataCollector: collectOnDiff no data:com.oplus.oss.bussiness.general.datacollector.b@c7cabba
06-11 10:33:47.314 19629 26839 I DMP-AbstractWorker: size of addDataRecords: 0
06-11 10:33:47.314 19629 26839 I DMP-AbstractWorker: size of updateDataRecords: 0
06-11 10:33:47.314 19629 26839 I DMP-AbstractWorker: setIndexFailCount method:onReceive, count:0, all:initResource=0,onReceive=0,dailyTask=0
06-11 10:33:47.316 19629 26839 I DMP-AbstractWorker: doWork finished, resource: standard_data#unified_service_invocation, method5:onReceive, work:Work{mWorkName=onReceiveWork, mWorkTerm=long, mReportId=false, mCreate=Create{mIndexStatus=null, mQueryTime=0, mInterval=0, mDeletedDocs=null, mNeedRebuildFlag=0, mIndexCheckFlag=false, mDrop=null, mHighTemperature=50, mMinPower=null, mScreen=null, mDeletedConditions=null}, mEntry=null, mMoreBatch=null, mChained=true, mInitialDelay=10, mWorkOneTimeLimit=0}
06-11 10:33:47.316 19629 26839 I DMP-IndexEventManager: addEvent:InternalIndexEvent{mEvent=null, mEventTime=null, mEventData=null, mEventDropReason=null, mResource=null, mWork=null, mWorkId=676b7fbe-28e8-4d6f-8e7b-93cccae61f39, mWorkTime=1781145227, mCursorSize=null, mResult=0}
06-11 10:33:47.316 19629 26839 I DMP-IndexEventManager: addInternalEvent:result=0 workId=676b7fbe-28e8-4d6f-8e7b-93cccae61f39 workTime=1781145227
06-11 10:33:47.317 19629 26839 I DMP-IndexEventManager: addInternalEvent update:0
06-11 10:33:47.318 19629 26839 I DMP-IndexEventManager: addInternalEvent insert:6527
06-11 10:33:47.318 19629 26839 I DMP-FrozenHelper: deleteKeepRequest, no more quest
06-11 10:33:47.318 19629 19731 I WM-WorkerWrapper: Worker result SUCCESS for Work [ id=676b7fbe-28e8-4d6f-8e7b-93cccae61f39, tags={ com.oplus.oss.bussiness.unifiedserviceinvocation.work.UnifiedServiceInvocationOneTimeWorker,standard_data#unified_service_invocation_onReceive__OneTimeWork,onReceiveWork } ]
06-11 10:33:47.320 19629 19731 I WM-WorkerWrapper: Setting status to enqueued for 71790ef5-ee73-4a1c-9631-7269c8d63401
06-11 10:33:47.321 19629 19629 D WM-Processor: s 676b7fbe-28e8-4d6f-8e7b-93cccae61f39 executed; reschedule = false
06-11 10:33:47.321 19629 19629 D WM-GreedyScheduler: Stopping tracking for WorkGenerationalId(workSpecId=676b7fbe-28e8-4d6f-8e7b-93cccae61f39, generation=0)
06-11 10:33:47.322  1667 15952 I sensors-hal: handle_oplus_wise_rgb_event:230, wise_rgb:algo_type = 3
06-11 10:33:47.322  1667 15952 I sensors-hal: handle_oplus_wise_rgb_event:285, wise_rgb: raw_lux 528.652344, raw_cct 6357.648438, r/g/b/c: 41358.343750/36161.835938/20354.896484/92002.054688, R/G/B: 0.000000/0.000000/0.000000, brl 1529.000000, lux: 528.652344, cct: 6357.648438, ts 242624639774553, cnt 3780
06-11 10:33:47.325 19629 19735 D WM-GreedyScheduler: Cancelling work ID 676b7fbe-28e8-4d6f-8e7b-93cccae61f39
06-11 10:33:47.328 19629 19735 D WM-SystemJobScheduler: Scheduling work ID 71790ef5-ee73-4a1c-9631-7269c8d63401Job ID 4790
06-11 10:33:47.329 19629 19735 D WM-BrdcstRcvrCnstrntTrc: c: unregistering receiver
06-11 10:33:47.337  1663  1663 I QTI PowerHAL: Power setMode: 6 to: 0
06-11 10:33:47.344  1800  1800 D ChargerInfo: getInfo: type: 0x1, update: 1
06-11 10:33:47.344  1800  1875 D ChargerInfo: chargerInfoUpdateThread: update start
06-11 10:33:47.347  1800  1875 D ChargerInfo: enableTx: path(/proc/wireless/enable_tx): not exist
06-11 10:33:47.347  1800  1875 D ChargerInfo: get_ui_charge_icon_type: [0 0] [0 0] 1
06-11 10:33:47.347  1800  1875 E ChargerInfo: SingleHyperPath not found
06-11 10:33:47.347  1800  1875 D ChargerInfo: CarC: path(/sys/class/oplus_chg/battery/gauge_car_c): not exist
06-11 10:33:47.348  1800  1875 D ChargerInfo: chargerInfoUpdateThread: update end
06-11 10:33:47.348  1800  1875 D ChargerInfo: chargerInfoUpdateThread: update wait
06-11 10:33:47.348  1800  1800 D ChargerInfo: enableTx: path(/proc/wireless/enable_tx): not exist
06-11 10:33:47.348  1800  1800 D ChargerInfo: getInfo: {"Update":{"batteryFcc":3942,"batteryRm":3942,"bddLeakCurr":0,"bmsStatus":0,"bypassChgStatus":0,"chargeTimeRemaining":0,"cpaPower":0,"enableTx":true,"fastCharge":0,"isSupportSpeedCharge":0,"notifyCode":1048704,"otgOnline":1,"ppsChargePower":0,"ppsCharging":0,"shortCHwStatus":0,"shortIcOtpStatus":0,"uiIconType":0,"uiPower":0,"usbStatus":0,"wlsAdapterPower":0}}
06-11 10:33:47.355  1663  1663 I QTI PowerHAL: Power setMode: 6 to: 1
06-11 10:33:47.356  1663  1663 E QTI PowerHAL: Failed to acquire lock for hint_id: 10A5.
06-11 10:33:47.471  3189  3251 W SettingsProvider: notifyForSettingsChange delay for eyeprotect_display_cct, value: 6874, delta: 0, lastNotifyTimestamp: 200721193, minInterval: 10
06-11 10:33:47.522  1667 15952 I sensors-hal: handle_oplus_wise_rgb_event:230, wise_rgb:algo_type = 3
06-11 10:33:47.522  1667 15952 I sensors-hal: handle_oplus_wise_rgb_event:285, wise_rgb: raw_lux 516.647827, raw_cct 6322.408203, r/g/b/c: 41350.015625/36243.925781/20242.423828/91348.789062, R/G/B: 0.000000/0.000000/0.000000, brl 1529.000000, lux: 516.647827, cct: 6322.408203, ts 242624839560178, cnt 3781
06-11 10:33:47.527 11083 13604 W PhoneManager.CloudScanManager: scheduleCancelScan() cloud scan not finished(isApp=true, timeout=10000).  cancel scan
06-11 10:33:47.534 11083 27446 I PhoneManager.AccessibilityScanHelper: parseRiskRule=Rule(relation=or, childItems=[RuleItem(isLeaf=true, condition=random_pkg_name, childRule=null), RuleItem(isLeaf=true, condition=similar_icon, childRule=null), RuleItem(isLeaf=true, condition=small_install_count, childRule=null), RuleItem(isLeaf=true, condition=empty_name_launch_entry, childRule=null)])
06-11 10:33:47.544 11083 27446 D AccessibilityScanHelper: scanRiskApps toScanSize=1, filteredSize=0, riskSize=0
06-11 10:33:47.544 11083 27446 D AccessibilityScanHelper: scanAndSyncSingleRiskPackage hasRisk=false
06-11 10:33:47.544  3189  5915 E OplusDataSyncManagerService: Unable to updateAppData ISysStateChangeCallback for type fraud_detectas no module added
06-11 10:33:47.545  3189  3992 D OplusNetKit: interface name from LP: [rmnet_data1]
06-11 10:33:47.545  3189  3992 D OplusNetKit: interface name from LP: [wlan0]
06-11 10:33:47.545  3189  3992 D OplusNetKit: in getLpByInterface name from LP: [rmnet_data1]
06-11 10:33:47.545  3189  3992 D OplusNetKit: in getLpByInterface name from LP: [wlan0]
06-11 10:33:47.545  3189  3992 D OplusNetKit: in getLpByInterface name from LP: [rmnet_data1]
06-11 10:33:47.545  3189  3992 D OplusNetKit: in getLpByInterface name from LP: [wlan0]
06-11 10:33:47.550 11083 27446 W PhoneManager.VirusRomUpdateUtil: readVirusWhiteListMD5() VIRUS_CONFIG_LIST_FILE not exist.
06-11 10:33:47.550 11083 27446 W PhoneManager.VirusRomUpdateUtil: readCloudBlackList() VIRUS_CONFIG_LIST_FILE not exist.
06-11 10:33:47.567 10084 10101 I SP.AppControlCenterProvider: getAppControlledAppList: result=[]
06-11 10:33:47.567  3189  3610 D osense.compress: com.coloros.shortcuts do shrink, target ratio = 79, final ratio = 90, cur ratio = 68
06-11 10:33:47.570 10084 10101 I SP.AppControlCenterProvider: getAppControlledAppList: result=[]
06-11 10:33:47.584 10084 24808 I SP.AppControlCenterProvider: getAppControlledAppList: result=[]
06-11 10:33:47.584 10084 10101 I SP.AppControlCenterProvider: getAppControlledAppList: result=[]
06-11 10:33:47.585  3189  5958 I OplusSecurityPermissionManager-SecurityPayController: put risk app list: []
06-11 10:33:47.586  3189  3263 D OplusSecurityPermissionManager-SecurityPayController: start saving risk app list
06-11 10:33:47.587  3189  3974 I LocationFreezeProc: recheck remove request data 106
06-11 10:33:47.587 11083 13837 W PhoneManager.SuspectFraudDetector: isReliableApp: com.earth*********nimalglobe false, false
06-11 10:33:47.588 11083 13837 I PhoneManager.SuspectFraudDetector: checkBaseFeature: OplusScanResultEntity{engineId=111, name='', pkgName='com.earth*********nimalglobe', description='', path='', type=2007, softName='Mini****lobe', safeLevel=0, certMD5='87A169CD8380AE8DE14037243E79661C', hasAd=0, aiEngine='', riskInfoList=0', isInstalled=true, installer=, riskLabel=, resultInfoExtend=0, featureScanId=null, riskLabelId=, hasCloudScanResult=true, suspiciousLevel=-1, suspiciousType=-1, suspiciousWhite=-1, hasSuspiciousResult=false}
06-11 10:33:47.590  3189  3263 I OplusSecurityPermissionManager-SecurityPayController: save risk app list finished
06-11 10:33:47.590  3189  3992 D OplusArpKit: sendGatewayMacAddress ifaceName=wlan0 gatewayMac=60:**:**:**:83:d8 gatewayIp=192.168.100.***
06-11 10:33:47.591  3189  3990 D OplusNetKit: in getLpByInterface name from LP: [rmnet_data1]
06-11 10:33:47.591  3189  3990 D OplusNetKit: in getLpByInterface name from LP: [wlan0]
06-11 10:33:47.626 11083 11791 D CloudConfig_stgyHelper: mspVersionCanSupport mspKitVersion : 2021620
06-11 10:33:47.627 11083 11791 D CloudConfig_stgyHelper: getSupportKitMode strategyEntity : StrategyEntity(sdkInterval=1800000, strategyMode=1, minSDKVersion=1000, minKitVersion=2014122, validReqPeriod=7200000, maxReqProduct=100, forceKitIfKit=false, backoff=120000, enable=true, defaultLimit=RateLimitConfig{maxCalls=1, timeWindowSeconds=7200, callIntervalSeconds=0}, productLimits={global-domain_1281=RateLimitConfig{maxCalls=1, timeWindowSeconds=7200, callIntervalSeconds=0}, 50351=RateLimitConfig{maxCalls=1, timeWindowSeconds=7200, callIntervalSeconds=0}, compass_20092=RateLimitConfig{maxCalls=1, timeWindowSeconds=7200, callIntervalSeconds=0}, global-domain_1961=RateLimitConfig{maxCalls=1, timeWindowSeconds=7200, callIntervalSeconds=0}, compass_2=RateLimitConfig{maxCalls=1, timeWindowSeconds=7200, callIntervalSeconds=0}, mdp_2047=RateLimitConfig{maxCalls=1, timeWindowSeconds=7200, callIntervalSeconds=0}, mdp_2296=RateLimitConfig{maxCalls=1, timeWindowSeconds=7200, callIntervalSeconds=0}, compass_143100=RateLimitConfig{maxCalls=1, timeWindowSeconds=7200, callIntervalSeconds=0}})
06-11 10:33:47.627 11083 11791 D CloudConfig_stgyHelper: getSupportKitMode localSdkVersion : 1227
06-11 10:33:47.628 11083 11791 D CloudConfig_stgyHelper: mspVersionCanSupport mspKitVersion : 2021620
06-11 10:33:47.629 11083 11791 D CloudConfig_stgyHelper: getSupportKitMode strategyEntity : StrategyEntity(sdkInterval=1800000, strategyMode=1, minSDKVersion=1000, minKitVersion=2014122, validReqPeriod=7200000, maxReqProduct=100, forceKitIfKit=false, backoff=120000, enable=true, defaultLimit=RateLimitConfig{maxCalls=1, timeWindowSeconds=7200, callIntervalSeconds=0}, productLimits={global-domain_1281=RateLimitConfig{maxCalls=1, timeWindowSeconds=7200, callIntervalSeconds=0}, 50351=RateLimitConfig{maxCalls=1, timeWindowSeconds=7200, callIntervalSeconds=0}, compass_20092=RateLimitConfig{maxCalls=1, timeWindowSeconds=7200, callIntervalSeconds=0}, global-domain_1961=RateLimitConfig{maxCalls=1, timeWindowSeconds=7200, callIntervalSeconds=0}, compass_2=RateLimitConfig{maxCalls=1, timeWindowSeconds=7200, callIntervalSeconds=0}, mdp_2047=RateLimitConfig{maxCalls=1, timeWindowSeconds=7200, callIntervalSeconds=0}, mdp_2296=RateLimitConfig{maxCalls=1, timeWindowSeconds=7200, callIntervalSeconds=0}, compass_143100=RateLimitConfig{maxCalls=1, timeWindowSeconds=7200, callIntervalSeconds=0}})
06-11 10:33:47.629 11083 11791 D CloudConfig_stgyHelper: getSupportKitMode localSdkVersion : 1227
06-11 10:33:47.634 11083 11778 I MSP-LOG-SDK-MspSdk: Sdk has initialized! version:2.0.1.14
06-11 10:33:47.635 11083 11791 D CloudConfig_stgyHelper: mspVersionCanSupport mspKitVersion : 2021620
06-11 10:33:47.636 11083 11778 E MSP-LOG-SDK-RateLimitManager: not_allow_invoke because of time_window_not_allow queue = [1781143252335], config = RateLimitConfig{maxCalls=1, timeWindowSeconds=7200, callIntervalSeconds=0}, ipcInvokeTimeQueueMapKey = com.heytap.nearx.tangramconfig.kit.client.ICloudCtrlServiceModule?@?compass_20092?@?3?@?com.coloros.phonemanager, has already call 1 times in 7200 seconds before
06-11 10:33:47.636 11083 11791 D CloudConfig_stgyHelper: getSupportKitMode strategyEntity : StrategyEntity(sdkInterval=1800000, strategyMode=1, minSDKVersion=1000, minKitVersion=2014122, validReqPeriod=7200000, maxReqProduct=100, forceKitIfKit=false, backoff=120000, enable=true, defaultLimit=RateLimitConfig{maxCalls=1, timeWindowSeconds=7200, callIntervalSeconds=0}, productLimits={global-domain_1281=RateLimitConfig{maxCalls=1, timeWindowSeconds=7200, callIntervalSeconds=0}, 50351=RateLimitConfig{maxCalls=1, timeWindowSeconds=7200, callIntervalSeconds=0}, compass_20092=RateLimitConfig{maxCalls=1, timeWindowSeconds=7200, callIntervalSeconds=0}, global-domain_1961=RateLimitConfig{maxCalls=1, timeWindowSeconds=7200, callIntervalSeconds=0}, compass_2=RateLimitConfig{maxCalls=1, timeWindowSeconds=7200, callIntervalSeconds=0}, mdp_2047=RateLimitConfig{maxCalls=1, timeWindowSeconds=7200, callIntervalSeconds=0}, mdp_2296=RateLimitConfig{maxCalls=1, timeWindowSeconds=7200, callIntervalSeconds=0}, compass_143100=RateLimitConfig{maxCalls=1, timeWindowSeconds=7200, callIntervalSeconds=0}})
06-11 10:33:47.636 11083 11791 D CloudConfig_stgyHelper: getSupportKitMode localSdkVersion : 1227
06-11 10:33:47.636 11083 11778 E MSP-LOG-SDK-: MspSdkException{code=3014,message=com.heytap.mspsdk.ratelimit.MspRateLimitExceededException: ipc rate limit exceeded in time window}
06-11 10:33:47.636 11083 11778 E MSP-LOG-SDK-: 	at com.heytap.mspsdk.ratelimit.b.a(RateLimitInterceptor.java:56)
06-11 10:33:47.636 11083 11778 E MSP-LOG-SDK-: 	at com.heytap.mspsdk.interceptor.c.a(StandardListChain.java:40)
06-11 10:33:47.636 11083 11778 E MSP-LOG-SDK-: 	at com.heytap.mspsdk.proxy.b.a(CompatCheckInterceptor.java:30)
06-11 10:33:47.636 11083 11778 E MSP-LOG-SDK-: 	at com.heytap.mspsdk.interceptor.c.a(StandardListChain.java:40)
06-11 10:33:47.636 11083 11778 E MSP-LOG-SDK-: 	at com.heytap.mspsdk.proxy.e.invoke(InnerInvocationHandler.java:202)
06-11 10:33:47.636 11083 11778 E MSP-LOG-SDK-: 	at java.lang.reflect.Proxy.invoke(Proxy.java:1006)
06-11 10:33:47.636 11083 11778 E MSP-LOG-SDK-: 	at $Proxy12.gatewayUpdate(Unknown Source)
06-11 10:33:47.636 11083 11778 E MSP-LOG-SDK-: 	at com.heytap.nearx.tangramconfig.kit.client.KitProxy.gatewayUpdate$lambda$2(KitProxy.kt:20)
06-11 10:33:47.636 11083 11778 E MSP-LOG-SDK-: 	at com.heytap.nearx.tangramconfig.kit.client.KitProxy.a(KitProxy.kt:1)
06-11 10:33:47.636 11083 11778 E MSP-LOG-SDK-: 	at com.heytap.nearx.tangramconfig.kit.client.a.run(R8$$SyntheticClass:9)
06-11 10:33:47.636 11083 11778 E MSP-LOG-SDK-: 	at java.util.concurrent.ThreadPoolExecutor.runWorker(ThreadPoolExecutor.java:1156)
06-11 10:33:47.636 11083 11778 E MSP-LOG-SDK-: 	at java.util.concurrent.ThreadPoolExecutor$Worker.run(ThreadPoolExecutor.java:651)
06-11 10:33:47.636 11083 11778 E MSP-LOG-SDK-: 	at java.lang.Thread.run(Thread.java:1119)
06-11 10:33:47.637 11083 11791 D CloudConfig_stgyHelper: mspVersionCanSupport mspKitVersion : 2021620
06-11 10:33:47.638 11083 11791 D CloudConfig_stgyHelper: getSupportKitMode strategyEntity : StrategyEntity(sdkInterval=1800000, strategyMode=1, minSDKVersion=1000, minKitVersion=2014122, validReqPeriod=7200000, maxReqProduct=100, forceKitIfKit=false, backoff=120000, enable=true, defaultLimit=RateLimitConfig{maxCalls=1, timeWindowSeconds=7200, callIntervalSeconds=0}, productLimits={global-domain_1281=RateLimitConfig{maxCalls=1, timeWindowSeconds=7200, callIntervalSeconds=0}, 50351=RateLimitConfig{maxCalls=1, timeWindowSeconds=7200, callIntervalSeconds=0}, compass_20092=RateLimitConfig{maxCalls=1, timeWindowSeconds=7200, callIntervalSeconds=0}, global-domain_1961=RateLimitConfig{maxCalls=1, timeWindowSeconds=7200, callIntervalSeconds=0}, compass_2=RateLimitConfig{maxCalls=1, timeWindowSeconds=7200, callIntervalSeconds=0}, mdp_2047=RateLimitConfig{maxCalls=1, timeWindowSeconds=7200, callIntervalSeconds=0}, mdp_2296=RateLimitConfig{maxCalls=1, timeWindowSeconds=7200, callIntervalSeconds=0}, compass_143100=RateLimitConfig{maxCalls=1, timeWindowSeconds=7200, callIntervalSeconds=0}})
06-11 10:33:47.638 11083 11791 D CloudConfig_stgyHelper: getSupportKitMode localSdkVersion : 1227
06-11 10:33:47.639 11083 11779 I MSP-LOG-SDK-MspSdk: Sdk has initialized! version:2.0.1.14
06-11 10:33:47.639 11083 11779 E MSP-LOG-SDK-RateLimitManager: not_allow_invoke because of time_window_not_allow queue = [1781143252335], config = RateLimitConfig{maxCalls=1, timeWindowSeconds=7200, callIntervalSeconds=0}, ipcInvokeTimeQueueMapKey = com.heytap.nearx.tangramconfig.kit.client.ICloudCtrlServiceModule?@?compass_143100?@?3?@?com.coloros.phonemanager, has already call 1 times in 7200 seconds before
06-11 10:33:47.639 11083 11779 E MSP-LOG-SDK-: MspSdkException{code=3014,message=com.heytap.mspsdk.ratelimit.MspRateLimitExceededException: ipc rate limit exceeded in time window}
06-11 10:33:47.639 11083 11779 E MSP-LOG-SDK-: 	at com.heytap.mspsdk.ratelimit.b.a(RateLimitInterceptor.java:56)
06-11 10:33:47.639 11083 11779 E MSP-LOG-SDK-: 	at com.heytap.mspsdk.interceptor.c.a(StandardListChain.java:40)
06-11 10:33:47.639 11083 11779 E MSP-LOG-SDK-: 	at com.heytap.mspsdk.proxy.b.a(CompatCheckInterceptor.java:30)
06-11 10:33:47.639 11083 11779 E MSP-LOG-SDK-: 	at com.heytap.mspsdk.interceptor.c.a(StandardListChain.java:40)
06-11 10:33:47.639 11083 11779 E MSP-LOG-SDK-: 	at com.heytap.mspsdk.proxy.e.invoke(InnerInvocationHandler.java:202)
06-11 10:33:47.639 11083 11779 E MSP-LOG-SDK-: 	at java.lang.reflect.Proxy.invoke(Proxy.java:1006)
06-11 10:33:47.639 11083 11779 E MSP-LOG-SDK-: 	at $Proxy12.gatewayUpdate(Unknown Source)
06-11 10:33:47.639 11083 11779 E MSP-LOG-SDK-: 	at com.heytap.nearx.tangramconfig.kit.client.KitProxy.gatewayUpdate$lambda$2(KitProxy.kt:20)
06-11 10:33:47.639 11083 11779 E MSP-LOG-SDK-: 	at com.heytap.nearx.tangramconfig.kit.client.KitProxy.a(KitProxy.kt:1)
06-11 10:33:47.639 11083 11779 E MSP-LOG-SDK-: 	at com.heytap.nearx.tangramconfig.kit.client.a.run(R8$$SyntheticClass:9)
06-11 10:33:47.639 11083 11779 E MSP-LOG-SDK-: 	at java.util.concurrent.ThreadPoolExecutor.runWorker(ThreadPoolExecutor.java:1156)
06-11 10:33:47.639 11083 11779 E MSP-LOG-SDK-: 	at java.util.concurrent.ThreadPoolExecutor$Worker.run(ThreadPoolExecutor.java:651)
06-11 10:33:47.639 11083 11779 E MSP-LOG-SDK-: 	at java.lang.Thread.run(Thread.java:1119)
06-11 10:33:47.681  3189  3841 D WifiStaIfaceHidlImpl: getCachedScanData is not implemented by HIDL
06-11 10:33:47.688  4639  4639 D VendorWifiService: onEvent event:9,action:1
06-11 10:33:47.692 11083 11791 D CloudConfig_stgyHelper: mspVersionCanSupport mspKitVersion : 2021620
06-11 10:33:47.693 11083 11791 D CloudConfig_stgyHelper: getSupportKitMode strategyEntity : StrategyEntity(sdkInterval=1800000, strategyMode=1, minSDKVersion=1000, minKitVersion=2014122, validReqPeriod=7200000, maxReqProduct=100, forceKitIfKit=false, backoff=120000, enable=true, defaultLimit=RateLimitConfig{maxCalls=1, timeWindowSeconds=7200, callIntervalSeconds=0}, productLimits={global-domain_1281=RateLimitConfig{maxCalls=1, timeWindowSeconds=7200, callIntervalSeconds=0}, 50351=RateLimitConfig{maxCalls=1, timeWindowSeconds=7200, callIntervalSeconds=0}, compass_20092=RateLimitConfig{maxCalls=1, timeWindowSeconds=7200, callIntervalSeconds=0}, global-domain_1961=RateLimitConfig{maxCalls=1, timeWindowSeconds=7200, callIntervalSeconds=0}, compass_2=RateLimitConfig{maxCalls=1, timeWindowSeconds=7200, callIntervalSeconds=0}, mdp_2047=RateLimitConfig{maxCalls=1, timeWindowSeconds=7200, callIntervalSeconds=0}, mdp_2296=RateLimitConfig{maxCalls=1, timeWindowSeconds=7200, callIntervalSeconds=0}, compass_143100=RateLimitConfig{maxCalls=1, timeWindowSeconds=7200, callIntervalSeconds=0}})
06-11 10:33:47.693 11083 11791 D CloudConfig_stgyHelper: getSupportKitMode localSdkVersion : 1227
06-11 10:33:47.694 11083 11791 D CloudConfig_stgyHelper: mspVersionCanSupport mspKitVersion : 2021620
06-11 10:33:47.695 11083 11791 D CloudConfig_stgyHelper: getSupportKitMode strategyEntity : StrategyEntity(sdkInterval=1800000, strategyMode=1, minSDKVersion=1000, minKitVersion=2014122, validReqPeriod=7200000, maxReqProduct=100, forceKitIfKit=false, backoff=120000, enable=true, defaultLimit=RateLimitConfig{maxCalls=1, timeWindowSeconds=7200, callIntervalSeconds=0}, productLimits={global-domain_1281=RateLimitConfig{maxCalls=1, timeWindowSeconds=7200, callIntervalSeconds=0}, 50351=RateLimitConfig{maxCalls=1, timeWindowSeconds=7200, callIntervalSeconds=0}, compass_20092=RateLimitConfig{maxCalls=1, timeWindowSeconds=7200, callIntervalSeconds=0}, global-domain_1961=RateLimitConfig{maxCalls=1, timeWindowSeconds=7200, callIntervalSeconds=0}, compass_2=RateLimitConfig{maxCalls=1, timeWindowSeconds=7200, callIntervalSeconds=0}, mdp_2047=RateLimitConfig{maxCalls=1, timeWindowSeconds=7200, callIntervalSeconds=0}, mdp_2296=RateLimitConfig{maxCalls=1, timeWindowSeconds=7200, callIntervalSeconds=0}, compass_143100=RateLimitConfig{maxCalls=1, timeWindowSeconds=7200, callIntervalSeconds=0}})
06-11 10:33:47.695 11083 11791 D CloudConfig_stgyHelper: getSupportKitMode localSdkVersion : 1227
06-11 10:33:47.696 11083 11738 I MSP-LOG-SDK-MspSdk: Sdk has initialized! version:2.0.1.14
06-11 10:33:47.696  3189  3960 D ScorerUtils: isLowTraffic: txTputKBps=2, rxTputKBps=18
06-11 10:33:47.696 11083 11791 D CloudConfig_stgyHelper: mspVersionCanSupport mspKitVersion : 2021620
06-11 10:33:47.697 11083 11738 E MSP-LOG-SDK-RateLimitManager: not_allow_invoke because of time_window_not_allow queue = [1781143252335], config = RateLimitConfig{maxCalls=1, timeWindowSeconds=7200, callIntervalSeconds=0}, ipcInvokeTimeQueueMapKey = com.heytap.nearx.tangramconfig.kit.client.ICloudCtrlServiceModule?@?compass_20092?@?3?@?com.coloros.phonemanager, has already call 1 times in 7200 seconds before
06-11 10:33:47.698 11083 11738 E MSP-LOG-SDK-: MspSdkException{code=3014,message=com.heytap.mspsdk.ratelimit.MspRateLimitExceededException: ipc rate limit exceeded in time window}
06-11 10:33:47.698 11083 11738 E MSP-LOG-SDK-: 	at com.heytap.mspsdk.ratelimit.b.a(RateLimitInterceptor.java:56)
06-11 10:33:47.698 11083 11738 E MSP-LOG-SDK-: 	at com.heytap.mspsdk.interceptor.c.a(StandardListChain.java:40)
06-11 10:33:47.698 11083 11738 E MSP-LOG-SDK-: 	at com.heytap.mspsdk.proxy.b.a(CompatCheckInterceptor.java:30)
06-11 10:33:47.698 11083 11738 E MSP-LOG-SDK-: 	at com.heytap.mspsdk.interceptor.c.a(StandardListChain.java:40)
06-11 10:33:47.698 11083 11738 E MSP-LOG-SDK-: 	at com.heytap.mspsdk.proxy.e.invoke(InnerInvocationHandler.java:202)
06-11 10:33:47.698 11083 11738 E MSP-LOG-SDK-: 	at java.lang.reflect.Proxy.invoke(Proxy.java:1006)
06-11 10:33:47.698 11083 11738 E MSP-LOG-SDK-: 	at $Proxy12.gatewayUpdate(Unknown Source)
06-11 10:33:47.698 11083 11738 E MSP-LOG-SDK-: 	at com.heytap.nearx.tangramconfig.kit.client.KitProxy.gatewayUpdate$lambda$2(KitProxy.kt:20)
06-11 10:33:47.698 11083 11738 E MSP-LOG-SDK-: 	at com.heytap.nearx.tangramconfig.kit.client.KitProxy.a(KitProxy.kt:1)
06-11 10:33:47.698 11083 11738 E MSP-LOG-SDK-: 	at com.heytap.nearx.tangramconfig.kit.client.a.run(R8$$SyntheticClass:9)
06-11 10:33:47.698 11083 11738 E MSP-LOG-SDK-: 	at java.util.concurrent.ThreadPoolExecutor.runWorker(ThreadPoolExecutor.java:1156)
06-11 10:33:47.698 11083 11738 E MSP-LOG-SDK-: 	at java.util.concurrent.ThreadPoolExecutor$Worker.run(ThreadPoolExecutor.java:651)
06-11 10:33:47.698 11083 11738 E MSP-LOG-SDK-: 	at java.lang.Thread.run(Thread.java:1119)
06-11 10:33:47.698  3189  3960 D OplusWifiPower_TriggerCenter: mComponentCallback: wifistat
06-11 10:33:47.698 11083 11791 D CloudConfig_stgyHelper: getSupportKitMode strategyEntity : StrategyEntity(sdkInterval=1800000, strategyMode=1, minSDKVersion=1000, minKitVersion=2014122, validReqPeriod=7200000, maxReqProduct=100, forceKitIfKit=false, backoff=120000, enable=true, defaultLimit=RateLimitConfig{maxCalls=1, timeWindowSeconds=7200, callIntervalSeconds=0}, productLimits={global-domain_1281=RateLimitConfig{maxCalls=1, timeWindowSeconds=7200, callIntervalSeconds=0}, 50351=RateLimitConfig{maxCalls=1, timeWindowSeconds=7200, callIntervalSeconds=0}, compass_20092=RateLimitConfig{maxCalls=1, timeWindowSeconds=7200, callIntervalSeconds=0}, global-domain_1961=RateLimitConfig{maxCalls=1, timeWindowSeconds=7200, callIntervalSeconds=0}, compass_2=RateLimitConfig{maxCalls=1, timeWindowSeconds=7200, callIntervalSeconds=0}, mdp_2047=RateLimitConfig{maxCalls=1, timeWindowSeconds=7200, callIntervalSeconds=0}, mdp_2296=RateLimitConfig{maxCalls=1, timeWindowSeconds=7200, callIntervalSeconds=0}, compass_143100=RateLimitConfig{maxCalls=1, timeWindowSeconds=7200, callIntervalSeconds=0}})
06-11 10:33:47.698 11083 11791 D CloudConfig_stgyHelper: getSupportKitMode localSdkVersion : 1227
06-11 10:33:47.699 11083 11791 D CloudConfig_stgyHelper: mspVersionCanSupport mspKitVersion : 2021620
06-11 10:33:47.700 11083 11791 D CloudConfig_stgyHelper: getSupportKitMode strategyEntity : StrategyEntity(sdkInterval=1800000, strategyMode=1, minSDKVersion=1000, minKitVersion=2014122, validReqPeriod=7200000, maxReqProduct=100, forceKitIfKit=false, backoff=120000, enable=true, defaultLimit=RateLimitConfig{maxCalls=1, timeWindowSeconds=7200, callIntervalSeconds=0}, productLimits={global-domain_1281=RateLimitConfig{maxCalls=1, timeWindowSeconds=7200, callIntervalSeconds=0}, 50351=RateLimitConfig{maxCalls=1, timeWindowSeconds=7200, callIntervalSeconds=0}, compass_20092=RateLimitConfig{maxCalls=1, timeWindowSeconds=7200, callIntervalSeconds=0}, global-domain_1961=RateLimitConfig{maxCalls=1, timeWindowSeconds=7200, callIntervalSeconds=0}, compass_2=RateLimitConfig{maxCalls=1, timeWindowSeconds=7200, callIntervalSeconds=0}, mdp_2047=RateLimitConfig{maxCalls=1, timeWindowSeconds=7200, callIntervalSeconds=0}, mdp_2296=RateLimitConfig{maxCalls=1, timeWindowSeconds=7200, callIntervalSeconds=0}, compass_143100=RateLimitConfig{maxCalls=1, timeWindowSeconds=7200, callIntervalSeconds=0}})
06-11 10:33:47.700 11083 11791 D CloudConfig_stgyHelper: getSupportKitMode localSdkVersion : 1227
06-11 10:33:47.701 11083 11730 I MSP-LOG-SDK-MspSdk: Sdk has initialized! version:2.0.1.14
06-11 10:33:47.702 11083 11730 E MSP-LOG-SDK-RateLimitManager: not_allow_invoke because of time_window_not_allow queue = [1781143252335], config = RateLimitConfig{maxCalls=1, timeWindowSeconds=7200, callIntervalSeconds=0}, ipcInvokeTimeQueueMapKey = com.heytap.nearx.tangramconfig.kit.client.ICloudCtrlServiceModule?@?compass_143100?@?3?@?com.coloros.phonemanager, has already call 1 times in 7200 seconds before
06-11 10:33:47.702 11083 11730 E MSP-LOG-SDK-: MspSdkException{code=3014,message=com.heytap.mspsdk.ratelimit.MspRateLimitExceededException: ipc rate limit exceeded in time window}
06-11 10:33:47.702 11083 11730 E MSP-LOG-SDK-: 	at com.heytap.mspsdk.ratelimit.b.a(RateLimitInterceptor.java:56)
06-11 10:33:47.702 11083 11730 E MSP-LOG-SDK-: 	at com.heytap.mspsdk.interceptor.c.a(StandardListChain.java:40)
06-11 10:33:47.702 11083 11730 E MSP-LOG-SDK-: 	at com.heytap.mspsdk.proxy.b.a(CompatCheckInterceptor.java:30)
06-11 10:33:47.702 11083 11730 E MSP-LOG-SDK-: 	at com.heytap.mspsdk.interceptor.c.a(StandardListChain.java:40)
06-11 10:33:47.702 11083 11730 E MSP-LOG-SDK-: 	at com.heytap.mspsdk.proxy.e.invoke(InnerInvocationHandler.java:202)
06-11 10:33:47.702 11083 11730 E MSP-LOG-SDK-: 	at java.lang.reflect.Proxy.invoke(Proxy.java:1006)
06-11 10:33:47.702 11083 11730 E MSP-LOG-SDK-: 	at $Proxy12.gatewayUpdate(Unknown Source)
06-11 10:33:47.702 11083 11730 E MSP-LOG-SDK-: 	at com.heytap.nearx.tangramconfig.kit.client.KitProxy.gatewayUpdate$lambda$2(KitProxy.kt:20)
06-11 10:33:47.702 11083 11730 E MSP-LOG-SDK-: 	at com.heytap.nearx.tangramconfig.kit.client.KitProxy.a(KitProxy.kt:1)
06-11 10:33:47.702 11083 11730 E MSP-LOG-SDK-: 	at com.heytap.nearx.tangramconfig.kit.client.a.run(R8$$SyntheticClass:9)
06-11 10:33:47.702 11083 11730 E MSP-LOG-SDK-: 	at java.util.concurrent.ThreadPoolExecutor.runWorker(ThreadPoolExecutor.java:1156)
06-11 10:33:47.702 11083 11730 E MSP-LOG-SDK-: 	at java.util.concurrent.ThreadPoolExecutor$Worker.run(ThreadPoolExecutor.java:651)
06-11 10:33:47.702 11083 11730 E MSP-LOG-SDK-: 	at java.lang.Thread.run(Thread.java:1119)
06-11 10:33:47.722  1667 15952 I sensors-hal: handle_oplus_wise_rgb_event:230, wise_rgb:algo_type = 3
06-11 10:33:47.722  1667 15952 I sensors-hal: handle_oplus_wise_rgb_event:285, wise_rgb: raw_lux 507.567871, raw_cct 6272.562500, r/g/b/c: 41285.378906/36179.218750/20171.193359/91037.718750, R/G/B: 0.000000/0.000000/0.000000, brl 1529.000000, lux: 507.567871, cct: 6272.562500, ts 242625039332418, cnt 3782
06-11 10:33:47.723  1667 15988 I sensors-hal: handle_oplus_wise_rgb_event:301, oplus wise_rgb sample: (3782)(cct, lux, ir_ratio, r, g, b, c)[6272, 507, 36, 41285, 36179, 20171, 91037]
06-11 10:33:47.908  4639  8246 D CommonApp-194-10602: transport layer data is invalid
06-11 10:33:47.909  4639  8246 D ScorePolicy: handleScoreChanged: []
06-11 10:33:47.909  4639  8246 D ScorePolicy: handleScoreChanged: []
06-11 10:33:47.909  4639  8246 D ScorePolicy: handleScoreChanged: []
06-11 10:33:47.921  1667 15952 I sensors-hal: handle_oplus_wise_rgb_event:230, wise_rgb:algo_type = 3
06-11 10:33:47.922  1667 15952 I sensors-hal: handle_oplus_wise_rgb_event:285, wise_rgb: raw_lux 519.360596, raw_cct 6225.388672, r/g/b/c: 41421.355469/36129.644531/20049.132812/91654.585938, R/G/B: 0.000000/0.000000/0.000000, brl 1529.000000, lux: 519.360596, cct: 6225.388672, ts 242625239084293, cnt 3783
06-11 10:33:47.922  1667 15988 I sensors-hal: get_brightness:1652, light_iface: get_brightness, brl 1529, pwm_turbo_on 0/0, hbm_dc 0
