--------- beginning of main
06-11 10:32:09.127  1667 15952 I sensors-hal: handle_oplus_wise_rgb_event:230, wise_rgb:algo_type = 3
06-11 10:32:09.127  1667 15952 I sensors-hal: handle_oplus_wise_rgb_event:285, wise_rgb: raw_lux 317.916138, raw_cct 5994.464844, r/g/b/c: 21438.246094/20079.156250/10345.642578/49799.589844, R/G/B: 0.000000/0.000000/0.000000, brl 1529.000000, lux: 317.916138, cct: 5994.464844, ts 242526443170277, cnt 3287
06-11 10:32:09.146  6109  6109 I midasd  : OplusObrainService::notifyEventInt eventId:21 iParam:0
06-11 10:32:09.147 12732 12839 I OplusObrain: OplusObrainClientInvoke.nativeGetTelephonyInfo
06-11 10:32:09.149 12732 12839 I OplusObrain: OplusObrainClientInvoke.nativeGetTrafficTypeInfoForNetworkType networkType 0
--------- beginning of system
06-11 10:32:09.187  3189  3610 D osense.compress: com.tencent.android.qqdownloader do shrink, target ratio = 70, final ratio = 70, cur ratio = 67
06-11 10:32:09.326  1667 15952 I sensors-hal: handle_oplus_wise_rgb_event:230, wise_rgb:algo_type = 3
06-11 10:32:09.326  1667 15952 I sensors-hal: handle_oplus_wise_rgb_event:285, wise_rgb: raw_lux 308.190796, raw_cct 6020.180664, r/g/b/c: 21530.246094/20220.716797/10481.648438/49662.195312, R/G/B: 0.000000/0.000000/0.000000, brl 1529.000000, lux: 308.190796, cct: 6020.180664, ts 242526642950121, cnt 3288
06-11 10:32:09.327  1667 15988 I sensors-hal: get_brightness:1652, light_iface: get_brightness, brl 1529, pwm_turbo_on 0/0, hbm_dc 0
06-11 10:32:09.400  6858 14684 D gaia-GaiaConnectChecker: start connect check++
06-11 10:32:09.525  1667 15952 I sensors-hal: handle_oplus_wise_rgb_event:230, wise_rgb:algo_type = 3
06-11 10:32:09.525  1667 15952 I sensors-hal: handle_oplus_wise_rgb_event:285, wise_rgb: raw_lux 301.445862, raw_cct 6068.488281, r/g/b/c: 21591.556641/20392.232422/10691.806641/49781.777344, R/G/B: 0.000000/0.000000/0.000000, brl 1529.000000, lux: 301.445862, cct: 6068.488281, ts 242526842765173, cnt 3289
06-11 10:32:09.603  4639  8246 D CommonApp-194-10602: transport layer data is invalid
06-11 10:32:09.604  4639  8246 D ScorePolicy: handleScoreChanged: []
06-11 10:32:09.604  4639  8246 D ScorePolicy: handleScoreChanged: []
06-11 10:32:09.604  4639  8246 D ScorePolicy: handleScoreChanged: []
06-11 10:32:09.726  1667 15952 I sensors-hal: handle_oplus_wise_rgb_event:230, wise_rgb:algo_type = 3
06-11 10:32:09.726  1667 15952 I sensors-hal: handle_oplus_wise_rgb_event:285, wise_rgb: raw_lux 294.692078, raw_cct 6179.341309, r/g/b/c: 21598.324219/20242.744141/10771.304688/49584.667969, R/G/B: 0.000000/0.000000/0.000000, brl 1529.000000, lux: 294.692078, cct: 6179.341309, ts 242527042541944, cnt 3290
06-11 10:32:09.805  1800  1924 D BatteryChargeControl: bcc get no support from charging protocol
06-11 10:32:09.903  3189  3610 D osense.compress: com.tencent.mm do shrink, target ratio = 76, final ratio = 90, cur ratio = 62
06-11 10:32:09.925  1667 15952 I sensors-hal: handle_oplus_wise_rgb_event:230, wise_rgb:algo_type = 3
06-11 10:32:09.925  1667 15952 I sensors-hal: handle_oplus_wise_rgb_event:285, wise_rgb: raw_lux 298.362305, raw_cct 6257.397461, r/g/b/c: 21648.923828/20012.357422/10743.942383/49567.230469, R/G/B: 0.000000/0.000000/0.000000, brl 1529.000000, lux: 298.362305, cct: 6257.397461, ts 242527242308923, cnt 3291
06-11 10:32:09.927  3189  6314 I AICCTModule: SensorFilter: findSecondNearestValue, sensorValue: 6358.824 nearestMaxValue:6280.585 secondNearestValue: 6271.1885
06-11 10:32:09.927  3189  6314 I AICCTModule: SensorFilter: findSecondNearestValue, sensorValue: 404.76947 nearestMaxValue:319.34772 secondNearestValue: 317.91614
06-11 10:32:09.928  3189  6314 I AICCTModule: AICurveModel: findPointByX x:13.319084, rightPoint:Point:(13.32, 6773.393, 6773.393)
06-11 10:32:09.928  3189  6314 I AICCTModule: AICurveModel: StablePoints has no dragSplineLine
06-11 10:32:09.928  3189  6314 I AICCTModule: AICurveModel: findPointByY y:6828.9204, rightPoint:Point:(13.379999, 6828.9204, 6828.9204)
06-11 10:32:09.928  3189  6314 I AICCTModule: AICurveModel: findPointByY y:6828.9204, rightPoint:Point:(13.379999, 6828.9204, 6828.9204)
06-11 10:32:09.929  3189  6314 I AICCTModule: AICurveModel: findPointByY y:6828.9204, rightPoint:Point:(13.379999, 6828.9204, 6828.9204)
06-11 10:32:09.929  3189  6314 I AICCTModule: AICurveModel: StablePoints y1Left:6828.9204, y2Left:0.0, leftY:6828.9204
06-11 10:32:09.929  3189  6314 I AICCTModule: AICurveModel: findPointByY y:6828.9204, rightPoint:Point:(13.379999, 6828.9204, 6828.9204)
06-11 10:32:09.929  3189  6314 I AICCTModule: AICurveModel: findPointByY y:6828.9204, rightPoint:Point:(13.379999, 6828.9204, 6828.9204)
06-11 10:32:09.930  3189  6314 I AICCTModule: AICurveModel: getNextPoint isLargeChange, 6272.6396, 6773.393
06-11 10:32:09.930  3189  6314 I AICCTModule: AICurveModel: handleUpdateCCT cct change from:(6368.038086,6828.920410)->(6272.639648,6773.393066),curPoint(6272.639648,6773.393066),stablePoint=LeftLarge(6368.038,6828.9204)-RightLarge(6368.038,6828.9204),LeftSmall(6368.038,6828.9204)-RightSmall(6368.038,6828.9204),TLSmall(6368.038,6828.9204)-TRSmall(6368.038,6828.9204)
06-11 10:32:09.930  3189  6314 I AICCTModule: AICurveModel: onTargetCCTChange cct change to 6773.393
06-11 10:32:10.124  1667 15952 I sensors-hal: handle_oplus_wise_rgb_event:230, wise_rgb:algo_type = 3
06-11 10:32:10.125  1667 15952 I sensors-hal: handle_oplus_wise_rgb_event:285, wise_rgb: raw_lux 299.722168, raw_cct 6184.112793, r/g/b/c: 21639.435547/19830.853516/10566.626953/49491.046875, R/G/B: 0.000000/0.000000/0.000000, brl 1529.000000, lux: 299.722168, cct: 6184.112793, ts 242527442104756, cnt 3292
06-11 10:32:10.125  1667 15988 I sensors-hal: handle_oplus_wise_rgb_event:301, oplus wise_rgb sample: (3292)(cct, lux, ir_ratio, r, g, b, c)[6184, 299, 25, 21639, 19830, 10566, 49491]
06-11 10:32:10.138  1699  1958 D IRIS_LOG_SERV: panelReadWrite: type 255 set color matrix
06-11 10:32:10.139  3189  4433 I OplusHansManager : uid=10136, pkg=com.baidu.input_oppo cannot transition from R to M, importance=input
06-11 10:32:10.140  3189  4433 I OplusHansManager : uid=10370, pkg=com.tencent.android.qqdownloader cannot transition from R to M, importance=screenRecorder
06-11 10:32:10.140  1699  2116 D IRIS_LOG_SERV: InternalConfig: 191 0
06-11 10:32:10.140  1699  2116 D IRIS_LOG_SERV: InternalConfig: 191 0 ret: 0
06-11 10:32:10.217  3189  3819 W Binder  : Outgoing transactions from this process must be FLAG_ONEWAY
06-11 10:32:10.217  3189  3819 W Binder  : java.lang.Throwable
06-11 10:32:10.217  3189  3819 W Binder  : 	at android.os.BinderProxy.transact(BinderProxy.java:639)
06-11 10:32:10.217  3189  3819 W Binder  : 	at android.content.ContentProviderProxy.insert(ContentProviderNative.java:587)
06-11 10:32:10.217  3189  3819 W Binder  : 	at android.content.ContentProviderClient.insert(ContentProviderClient.java:347)
06-11 10:32:10.217  3189  3819 W Binder  : 	at android.content.ContentProviderClient.insert(ContentProviderClient.java:336)
06-11 10:32:10.217  3189  3819 W Binder  : 	at com.oplus.util.OplusStatisticsImpl.insert(OplusStatisticsImpl.java:307)
06-11 10:32:10.217  3189  3819 W Binder  : 	at com.oplus.util.OplusStatisticsImpl.sendDataToDCS(OplusStatisticsImpl.java:287)
06-11 10:32:10.217  3189  3819 W Binder  : 	at com.oplus.util.OplusStatisticsImpl.flushInternal(OplusStatisticsImpl.java:264)
06-11 10:32:10.217  3189  3819 W Binder  : 	at com.oplus.util.OplusStatisticsImpl.lambda$setDelayFlushJobIfNeed$4(OplusStatisticsImpl.java:211)
06-11 10:32:10.217  3189  3819 W Binder  : 	at com.oplus.util.OplusStatisticsImpl.$r8$lambda$4UYTp2NCu6Rml69JNqEuK7o54SI(Unknown Source:0)
06-11 10:32:10.217  3189  3819 W Binder  : 	at com.oplus.util.OplusStatisticsImpl$$ExternalSyntheticLambda5.run(D8$$SyntheticClass:0)
06-11 10:32:10.217  3189  3819 W Binder  : 	at java.util.concurrent.Executors$RunnableAdapter.call(Executors.java:524)
06-11 10:32:10.217  3189  3819 W Binder  : 	at java.util.concurrent.FutureTask.run(FutureTask.java:343)
06-11 10:32:10.217  3189  3819 W Binder  : 	at java.util.concurrent.ScheduledThreadPoolExecutor$ScheduledFutureTask.run(ScheduledThreadPoolExecutor.java:348)
06-11 10:32:10.217  3189  3819 W Binder  : 	at java.util.concurrent.ThreadPoolExecutor.runWorker(ThreadPoolExecutor.java:1156)
06-11 10:32:10.217  3189  3819 W Binder  : 	at java.util.concurrent.ThreadPoolExecutor$Worker.run(ThreadPoolExecutor.java:651)
06-11 10:32:10.217  3189  3819 W Binder  : 	at java.lang.Thread.run(Thread.java:1119)
06-11 10:32:10.243  6732  7130 I discovery::core::moni..: DiscMonitor: [trace_id=85089187196]DiscoveryComponentStatus { adaptive_sdp_client_status: Some("{\"0\":\"0.0.0.0\",\"1\":null}"), adaptive_sdp_server_status: None, network_interface_states: Some({}) }
06-11 10:32:10.326  1667 15952 I sensors-hal: handle_oplus_wise_rgb_event:230, wise_rgb:algo_type = 3
06-11 10:32:10.326  1667 15952 I sensors-hal: get_brightness:1652, light_iface: get_brightness, brl 1529, pwm_turbo_on 0/0, hbm_dc 0
06-11 10:32:10.326  1667 15952 I sensors-hal: handle_oplus_wise_rgb_event:285, wise_rgb: raw_lux 303.175659, raw_cct 6099.055664, r/g/b/c: 21706.583984/20056.291016/10530.021484/49710.742188, R/G/B: 0.000000/0.000000/0.000000, brl 1529.000000, lux: 303.175659, cct: 6099.055664, ts 242527641918558, cnt 3293
06-11 10:32:10.335  3189  3610 I resRelease: policy type is 1
06-11 10:32:10.405  1699  1958 D IRIS_LOG_SERV: panelReadWrite: type 255 set color matrix
06-11 10:32:10.407  1699  2116 D IRIS_LOG_SERV: InternalConfig: 191 0
06-11 10:32:10.407  1699  2116 D IRIS_LOG_SERV: InternalConfig: 191 0 ret: 0
06-11 10:32:10.422  1699  1958 D IRIS_LOG_SERV: panelReadWrite: type 255 set color matrix
06-11 10:32:10.424  1699  2116 D IRIS_LOG_SERV: InternalConfig: 191 0
06-11 10:32:10.424  1699  2116 D IRIS_LOG_SERV: InternalConfig: 191 0 ret: 0
06-11 10:32:10.525  1667 15952 I sensors-hal: handle_oplus_wise_rgb_event:230, wise_rgb:algo_type = 3
06-11 10:32:10.525  1667 15952 I sensors-hal: handle_oplus_wise_rgb_event:285, wise_rgb: raw_lux 300.463623, raw_cct 6154.613770, r/g/b/c: 21697.312500/20093.824219/10690.684570/49627.757812, R/G/B: 0.000000/0.000000/0.000000, brl 1529.000000, lux: 300.463623, cct: 6154.613770, ts 242527841749391, cnt 3294
06-11 10:32:10.627  4639  8246 D CommonApp-194-10602: transport layer data is invalid
06-11 10:32:10.629  4639  8246 D ScorePolicy: handleScoreChanged: []
06-11 10:32:10.629  4639  8246 D ScorePolicy: handleScoreChanged: []
06-11 10:32:10.629  4639  8246 D ScorePolicy: handleScoreChanged: []
06-11 10:32:10.705  1699  1958 D IRIS_LOG_SERV: panelReadWrite: type 255 set color matrix
06-11 10:32:10.707  1699  2116 D IRIS_LOG_SERV: InternalConfig: 191 0
06-11 10:32:10.707  1699  2116 D IRIS_LOG_SERV: InternalConfig: 191 0 ret: 0
06-11 10:32:10.725  1667 15952 I sensors-hal: handle_oplus_wise_rgb_event:230, wise_rgb:algo_type = 3
06-11 10:32:10.725  1667 15952 I sensors-hal: handle_oplus_wise_rgb_event:285, wise_rgb: raw_lux 299.602295, raw_cct 6166.305664, r/g/b/c: 21905.658203/20321.544922/10782.955078/50178.300781, R/G/B: 0.000000/0.000000/0.000000, brl 1529.000000, lux: 299.602295, cct: 6166.305664, ts 242528041592985, cnt 3295
06-11 10:32:10.760  3189  3765 V AlarmManager: sending alarm Alarm{23c4df8 type 1 origWhen 1781145130760 whenElapsed 242528086 android} uid 1000 whenElapsed 242528086 windowLength 0 maxWhenElapsed 242528086 repeatInterval 0 action null component null tag StorgaeBandInfoAlarmTag flags 0x9 procName system_server
06-11 10:32:10.760  3189 27614 E OplusStorageUFSBandwidth: storage_io_metrics_path is /proc/oplus_storage/io_metrics/forever/
06-11 10:32:10.762  3189 27614 E OplusStorageUFSBandwidth: Bandwidth - Read: 0.50 MB/s, Write: 0.50 MB/s
06-11 10:32:10.762  3189 27614 E OplusStorageUFSBandwidth: Task time: 2ms
06-11 10:32:10.765  3189 27614 E OplusStorageUFSBandwidth: Alarm set to trigger in 10 seconds
06-11 10:32:10.808  1800  1924 D BatteryChargeControl: bcc get no support from charging protocol
06-11 10:32:10.856  3189  3251 W SettingsProvider: notifyForSettingsChange delay for eyeprotect_display_cct, value: 6773, delta: 1, lastNotifyTimestamp: 200624578, minInterval: 10
06-11 10:32:10.883 27559 27559 I GLES    : submit #600: 27 commands, glError=0
06-11 10:32:10.885 27559 27559 I MinimalGlobe: Frame 600 | tiles vis=41 cached=26 renderSurface=25 mesh=25 (terr=0 ellip=25 ready=0 terrParent=0 terrTrans=0) attach=25 exact=25 parent=0 stale=0 missingGen=0 | missing=0 unsupported=16 kicked=0 retained=0 visZ=2-11 targetZ=2-11 texZ=2-11 lod=512 eq=1 qRender=41 qWalk=64 qFrustum=79 qFade=0 qBal=0 qHz=35 qEq2=0 grp=25/0/16 gen=1 | sun=(0.03,0.93,0.36) | FPS=60.1 draw=27
06-11 10:32:10.924  1667 15952 I sensors-hal: handle_oplus_wise_rgb_event:230, wise_rgb:algo_type = 3
06-11 10:32:10.924  1667 15952 I sensors-hal: handle_oplus_wise_rgb_event:285, wise_rgb: raw_lux 303.886963, raw_cct 6116.646973, r/g/b/c: 21963.861328/20411.544922/10690.766602/50260.312500, R/G/B: 0.000000/0.000000/0.000000, brl 1529.000000, lux: 303.886963, cct: 6116.646973, ts 242528241426891, cnt 3296
06-11 10:32:11.021  3189  3841 D WifiStaIfaceHidlImpl: getCachedScanData is not implemented by HIDL
06-11 10:32:11.033  4639  4639 D VendorWifiService: onEvent event:9,action:1
06-11 10:32:11.037  1800  1800 D ChargerInfo: getInfo: type: 0x1, update: 1
06-11 10:32:11.037  1800  1875 D ChargerInfo: chargerInfoUpdateThread: update start
06-11 10:32:11.040  1800  1875 D ChargerInfo: enableTx: path(/proc/wireless/enable_tx): not exist
06-11 10:32:11.043  3189  3960 D ScorerUtils: isLowTraffic: txTputKBps=0, rxTputKBps=2
06-11 10:32:11.044  1800  1875 D ChargerInfo: get_ui_charge_icon_type: [0 0] [0 0] 1
06-11 10:32:11.044  3189  3960 D OplusWifiPower_TriggerCenter: mComponentCallback: wifistat
06-11 10:32:11.044  1800  1875 E ChargerInfo: SingleHyperPath not found
06-11 10:32:11.044  1800  1875 D ChargerInfo: CarC: path(/sys/class/oplus_chg/battery/gauge_car_c): not exist
06-11 10:32:11.045  1800  1875 D ChargerInfo: chargerInfoUpdateThread: update end
06-11 10:32:11.045  1800  1875 D ChargerInfo: chargerInfoUpdateThread: update wait
06-11 10:32:11.045  1800  1800 D ChargerInfo: enableTx: path(/proc/wireless/enable_tx): not exist
06-11 10:32:11.045  1800  1800 D ChargerInfo: getInfo: {"Update":{"batteryFcc":3942,"batteryRm":3942,"bddLeakCurr":0,"bmsStatus":0,"bypassChgStatus":0,"chargeTimeRemaining":0,"cpaPower":0,"enableTx":true,"fastCharge":0,"isSupportSpeedCharge":0,"notifyCode":1048704,"otgOnline":1,"ppsChargePower":0,"ppsCharging":0,"shortCHwStatus":0,"shortIcOtpStatus":0,"uiIconType":0,"uiPower":0,"usbStatus":0,"wlsAdapterPower":0}}
06-11 10:32:11.079  2775  2775 I synaLib : tcm: STATUS: Exit DOZE mode
06-11 10:32:11.079  3189  4433 I OplusHansManager : uid=10333, pkg=com.tencent.mm F enter(), M stay=5
06-11 10:32:11.081 13659 13659 D IHansComunication: HANS sendMessageToKernel: threadId = 492371426368, netLinkSetup = 1, type = PKG, targetUid = 10333, pkgCmd = ADD_ONE_UID
06-11 10:32:11.087  6716 12163 I CardConfig.CardConfigRepository: subscribePackageChange4Ocs, check ocs [base|com.oplus.pantanal.ums|2.0.44-25e9612]
06-11 10:32:11.097  3189  4433 I OplusHansManager : freeze uid: 10333 com.tencent.mm pids: [16703, 16806] scene: |StrictMode-1|LcdOn
06-11 10:32:11.098  3189  4441 I LocationFreezeProc: will freezeLocationProcess for com.tencent.mm, 10333, true, false
06-11 10:32:11.098  3189  6099 I OStatsManager_OplusBatteryStatsManager: updateStateTime: PkgName = com.tencent.mm, uid = 10333, state to em, mForegroundCnt = 0, isFg = false
06-11 10:32:11.099  3189  4441 I LocationFreezeProc: Executing freeze operation for com.tencent.mm, 10333, true, false
06-11 10:32:11.099 13659 13659 D IHansComunication: HANS sendMessageToKernel: threadId = 492371426368, netLinkSetup = 1, type = PKG, targetUid = 10333, pkgCmd = ADD_ONE_UID
06-11 10:32:11.099  3189  4441 W LocationFreezeProc: Do nothing for the app is not record!
06-11 10:32:11.099  3189  4441 I OplusHansManager : p_gps: uid 10333 result false
06-11 10:32:11.100  3189  4441 I OplusHansManager : p_BtScan: uid 10333 isProxy true
06-11 10:32:11.102  2775  2775 E OplusTouchDaemon: [touchEvent][ts_report_touch_data][597]: first touch point id 0 [  60 24132    0    5    0   59    0](ignore)
06-11 10:32:11.124  1667 15952 I sensors-hal: handle_oplus_wise_rgb_event:230, wise_rgb:algo_type = 3
06-11 10:32:11.124  1667 15952 I sensors-hal: handle_oplus_wise_rgb_event:285, wise_rgb: raw_lux 311.505615, raw_cct 6107.804199, r/g/b/c: 22426.300781/21007.814453/11061.685547/51602.949219, R/G/B: 0.000000/0.000000/0.000000, brl 1529.000000, lux: 311.505615, cct: 6107.804199, ts 242528441203923, cnt 3297
06-11 10:32:11.164  3189  4000 I ServiceConnector.Impl: unbindJobThread: connection = ServiceConnector@804(Intent { act=android.permission.PermissionControllerService xflg=0x4 cmp=com.android.permissioncontroller/.permission.service.PermissionControllerServiceImpl mCallingUid=1000 }, user: 0)[Unbinding...]service = android.permission.IPermissionController$Stub$Proxy@6663ac2 mBinding = false
06-11 10:32:11.166  7809  7809 D PermissionControllerLifecycleService: onUnbind
06-11 10:32:11.167  7809  7809 D ServiceLifecycleDispatcher: move state from: 'CREATED' to: 'CREATED'
06-11 10:32:11.167  7809  7809 D PermissionControllerLifecycleService: onDestroy
06-11 10:32:11.167  7809  7809 D ServiceLifecycleDispatcher: move state from: 'CREATED' to: 'CREATED'
06-11 10:32:11.168  7809  7809 D ServiceLifecycleDispatcher: move state from: 'CREATED' to: 'DESTROYED'
06-11 10:32:11.169  3189  5627 D ActivityManager: Async freezing 7809 com.android.permissioncontroller
06-11 10:32:11.185  3189  4438 I OplusHansManager : unfreeze uid: 10333 com.tencent.mm pids: [16703, 16806] reason: Packet scene: |StrictMode-1|LcdOn
06-11 10:32:11.186  3189  6099 I OStatsManager_OplusBatteryStatsManager: updateStateTime: PkgName = com.tencent.mm, uid = 10333, state to bg, mForegroundCnt = 0, isFg = false
06-11 10:32:11.186  3189  4433 I OplusHansManager : uid=10333, pkg=com.tencent.mm F exit(), F stay=0, reason=Packet, FrozenActionKeepProxy=false
06-11 10:32:11.187  3189  4441 I OplusHansManager : up_BtScan: uid 10333 isUnProxy true
06-11 10:32:11.243  6089  6168 E horae   : 0: back:33916,frame:35376,front:36148, 22 4, +(-3648), 1 ,32500,41793,40458,41534,41129, target_temp:36148, algo:0
06-11 10:32:11.262  3189  5627 D KEYLOG_KeyCombinationManager: down true downTime 200624984 action 0 count 0 isDefaultDisplayInteractive true eventTime 200624984 mDownTimes: {}
06-11 10:32:11.262  3189  5627 D KEYLOG_PhoneWindowManagerExtImpl: overrideInterceptKeyBeforeQueueing:KeyEvent { action=ACTION_DOWN, keyCode=KEYCODE_VOLUME_UP, scanCode=0, metaState=0, flags=0x0, repeatCount=0, eventTime=200624984000000, downTime=200624984000000, deviceId=-1, source=0x0, displayId=-1 },  keyguardOn = false,  screenOn = true,  policyFlags = 721420288,  SosPowerKeyEnabled = true,  WalletSwitchState = 1,  IsQuickLaunchSupport = true,  IsDoubleCheckAppSupport = false,  isQuickAppOn=false,  canceled = false
06-11 10:32:11.262  3189  5627 D KEYLOG_OplusKeyCombinationManager: down true keyCode 24 count 0 interactive true eventTime 200624984 mDownTimes: {}
06-11 10:32:11.262  3189  5627 I OplusJoystickManager: read game pad state for game manager -> false
06-11 10:32:11.262  3189  5627 W OplusJoystickManager: mInterceptGamepadKey is false
06-11 10:32:11.262  3189  5627 D OplusCustomizeRestrictionManagerService: isLongPressVolumeUpDisabled start
06-11 10:32:11.262  3189  5627 I STKeyLog_StrategyDisableBottomKey: onBeforeQueueing : mIsUpGestureMode=false,mDisableBottomKeyMode0
06-11 10:32:11.262  3189  5627 D STKeyLog_StrategyBlackscreenshot: notifyKeyBeforeQueueing, downTime200624984, action=0, interactive=true
06-11 10:32:11.263  3189  5627 D KEYLOG_PhoneWindowManager: interceptKeyBeforeQueueing downTime=200624984 action = 0 interactive=true keyguardActive=false policyFlags=2b000000 isInjected=true isWakeKey=false isKeyGestureTriggered=false
06-11 10:32:11.263  3189  5627 I VibratorManagerServiceExtImpl: cancelVibrate uid=1000, pid=3189, usageFilter=-15, token=193946947
06-11 10:32:11.263  2775  2775 E OplusTouchDaemon: [prevent][large_shape_judged_V2][1789]: large_shape_judged_V2: id(0) judge finger hold long edge screen.
06-11 10:32:11.263  3189  5627 D AS.AudioService: uid 1000, callingApp = android.uid.system:1000
06-11 10:32:11.264  4329  4360 D RingtonePlayer: stopAsync()
06-11 10:32:11.264  4329  4360 D RingtonePlayer: stop
06-11 10:32:11.265  3189  3332 D PowerManagerService: userActivityNoUpdateLocked: groupId=0, eventTime=200624984, event=button, flags=0x0, uid=1000
06-11 10:32:11.301 16806 24527 I mars::stn: [longlink_connect_monitor.cc:538, OnHeartbeatAlarmSet]:longlink_progress on_heartbeat_set, time: 242528627, time interval:210000
06-11 10:32:11.311 19629 19629 D WM-DelayedWorkTracker: Scheduling work 74ce8bc2-efc1-46a1-94ee-d7ea92733204
06-11 10:32:11.311 19629 19629 D WM-GreedyScheduler: Starting tracking for 74ce8bc2-efc1-46a1-94ee-d7ea92733204
06-11 10:32:11.312 19629 19728 D WM-ConstraintTracker: c: initial state = true
06-11 10:32:11.312 19629 19728 D WM-BrdcstRcvrCnstrntTrc: c: registering receiver
06-11 10:32:11.313 19629 19728 D WM-GreedyScheduler: Constraints met: Scheduling work ID WorkGenerationalId(workSpecId=74ce8bc2-efc1-46a1-94ee-d7ea92733204, generation=0)
06-11 10:32:11.314 19629 19728 D WM-Processor: s: processing WorkGenerationalId(workSpecId=74ce8bc2-efc1-46a1-94ee-d7ea92733204, generation=0)
06-11 10:32:11.316 19629 19629 D WM-WorkerWrapper: Starting work for com.oplus.oss.bussiness.localapp.work.LocalAppOneTimeWorker
06-11 10:32:11.316 19629 26839 I DMP-AppInitializer: isAppAvailable for work, caller: null
06-11 10:32:11.316 19629 26839 I DMP-OFreezeProtectWorker: takeProtectionFromFrozen, no need to protect
06-11 10:32:11.316 19629 26839 I DMP-AbstractWorker: parseData, resource: localApp, method1:onReceive, work: onReceiveWork, extras: Bundle[{action=android.intent.action.PACKAGE_REPLACED, package=com.earthengine.minimalglobe}], initIndexCount:5000
06-11 10:32:11.316 19629 26839 I DMP-AbstractWorker: doWork started, resource: localApp, method3:onReceive, work:Work{mWorkName=onReceiveWork, mWorkTerm=long, mReportId=false, mCreate=Create{mIndexStatus=null, mQueryTime=0, mInterval=0, mDeletedDocs=null, mNeedRebuildFlag=0, mIndexCheckFlag=false, mDrop=null, mHighTemperature=50, mMinPower=null, mScreen=null, mDeletedConditions=null}, mEntry=null, mMoreBatch=null, mChained=true, mInitialDelay=10, mWorkOneTimeLimit=0}
06-11 10:32:11.318 19629 26839 I DMP-PowerUtils: getHoraeTemperature:36
06-11 10:32:11.318 19629 26839 I DMP-AbstractWorker: dispatchWork: onReceiveWork for [localApp]
06-11 10:32:11.319 19629 26839 I DMP-SAUWorkConfigManager: sau work config not found
06-11 10:32:11.319 19629 26839 I DMP-PowerUtils: getHoraeTemperature:36
06-11 10:32:11.322 19629 26839 I DMP-PowerUtils: battery status: BATTERY_STATUS_FULL(5)
06-11 10:32:11.322 19629 26839 I DMP-AbstractDataCollector: getQuotaRecord ignored
06-11 10:32:11.324  1667 15952 I sensors-hal: handle_oplus_wise_rgb_event:230, wise_rgb:algo_type = 3
06-11 10:32:11.324  1667 15952 I sensors-hal: get_brightness:1652, light_iface: get_brightness, brl 1529, pwm_turbo_on 0/0, hbm_dc 0
06-11 10:32:11.324  1667 15952 I sensors-hal: handle_oplus_wise_rgb_event:285, wise_rgb: raw_lux 337.913208, raw_cct 6218.123535, r/g/b/c: 24411.072266/22749.908203/12103.762695/56321.992188, R/G/B: 0.000000/0.000000/0.000000, brl 1529.000000, lux: 337.913208, cct: 6218.123535, ts 242528641045850, cnt 3298
06-11 10:32:11.331 25296 25865 W OPLUS_LOG_LOAD: ==LOGS PROG INFO, prog(com.coloros.assistantscreen) ==
06-11 10:32:11.331 25296 25865 I TeaLog  : s worked:true 60000
06-11 10:32:11.344  1800  1800 D ChargerInfo: getInfo: type: 0x1, update: 1
06-11 10:32:11.344  1800  1875 D ChargerInfo: chargerInfoUpdateThread: update start
06-11 10:32:11.345  3189  3759 D ActivityManager: freezing 20034 com.tencent.soter.soterserver
06-11 10:32:11.346  1800  1875 D ChargerInfo: enableTx: path(/proc/wireless/enable_tx): not exist
06-11 10:32:11.346  3189  3759 D ActivityManager: Freeze process 20034, not check file locks
06-11 10:32:11.346  3189  3759 D ActivityManager: reportOneUidFrozenStateChanged uid 10230 frozen = true
06-11 10:32:11.350  3189  3848 D InetDiagMessage: Destroyed 0 sockets, proto=IPPROTO_TCP, family=AF_INET, states=14
06-11 10:32:11.350  3189  5854 D ShortcutService: Getting shortcuts for launcher= androiduserId=0 pkg=com.earthengine.minimalglobe
06-11 10:32:11.350  3189  5854 D ShortcutService: getShortcutsInnerLocked() returned empty results because com.earthengine.minimalglobe isn't loaded
06-11 10:32:11.350  1800  1875 D ChargerInfo: get_ui_charge_icon_type: [0 0] [0 0] 1
06-11 10:32:11.350  1800  1875 E ChargerInfo: SingleHyperPath not found
06-11 10:32:11.350  1800  1875 D ChargerInfo: CarC: path(/sys/class/oplus_chg/battery/gauge_car_c): not exist
06-11 10:32:11.350  1800  1875 D ChargerInfo: chargerInfoUpdateThread: update end
06-11 10:32:11.350  1800  1875 D ChargerInfo: chargerInfoUpdateThread: update wait
06-11 10:32:11.351  1800  1800 D ChargerInfo: enableTx: path(/proc/wireless/enable_tx): not exist
06-11 10:32:11.351  1800  1800 D ChargerInfo: getInfo: {"Update":{"batteryFcc":3942,"batteryRm":3942,"bddLeakCurr":0,"bmsStatus":0,"bypassChgStatus":0,"chargeTimeRemaining":0,"cpaPower":0,"enableTx":true,"fastCharge":0,"isSupportSpeedCharge":0,"notifyCode":1048704,"otgOnline":1,"ppsChargePower":0,"ppsCharging":0,"shortCHwStatus":0,"shortIcOtpStatus":0,"uiIconType":0,"uiPower":0,"usbStatus":0,"wlsAdapterPower":0}}
06-11 10:32:11.352  3189  3848 D InetDiagMessage: Destroyed 0 sockets, proto=IPPROTO_TCP, family=AF_INET6, states=14
06-11 10:32:11.352  3189  3848 D InetDiagMessage: Destroyed live tcp sockets for uids={10230} in 6ms
06-11 10:32:11.353  3189  3311 D OplusThermalStats: REPORT_UPDATE_CPU  ->  phoneTemp:360  preHeatThreshold:400
06-11 10:32:11.354 19629 26839 W DMP-SqliteStoreFieldHandler: HighlightHandler no config
06-11 10:32:11.355 19629 26839 I DMP-IndexWriter: update records size:1
06-11 10:32:11.355 19629 26839 I DMP-IndexWriter: add records size:1
06-11 10:32:11.355 19629 26839 I DMP-FileReader: createCache resId:6
06-11 10:32:11.356 19629 26839 I DMP-SqliteIndexBuilder: save
06-11 10:32:11.382 19629 26839 I DMP-DeletedMetaInfoTableAdapter: add number of docs:273, docIDs:[1271, 1372, 1373, 1374, 1375, 1376, 1377, 1378, 1379, 1380, 1381, 1382, 1383, 1384, 1385, 1386, 1387, 1388, 1389, 1390, 1391, 1392, 1393, 1394, 1395, 1396, 1397, 1398, 1399, 1400, 1401, 1402, 1403, 1404, 1405, 1406, 1407, 1408, 1409, 1410, 1411, 1412, 1413, 1414, 1415, 1416, 1417, 1418, 1419, 1420, 1421, 1422, 1423, 1424, 1425, 1426, 1427, 1428, 1429, 1430, 1432, 1433, 1434, 1435, 1436, 1437, 1438, 1439, 1440, 1441, 1442, 1443, 1444, 1445, 1446, 1447, 1448, 1449, 1450, 1451, 1452, 1453, 1454, 1455, 1456, 1457, 1458, 1459, 1460, 1461, 1462, 1463, 1464, 1465, 1466, 1467, 1468, 1469, 1470, 1471, 1472, 1473, 1474, 1475, 1476, 1477, 1478, 1479, 1480, 1481, 1482, 1483, 1484, 1485, 1486, 1487, 1488, 1489, 1490, 1491, 1492, 1493, 1494, 1495, 1496, 1497, 1498, 1499, 1500, 1501, 1502, 1503, 1504, 1505, 1506, 1507, 1508, 1509, 1510, 1511, 1512, 1513, 1514, 1515, 1516, 1517, 1518, 1519, 1520, 1521, 1522, 1523, 1524, 1525, 1526, 1527, 1528, 1529, 1530, 1531, 1532, 1533, 1534, 1535, 1536, 1537, 1538, 1539, 1540, 1542, 1543, 1544, 1545, 1546, 1547, 1548, 1549, 1550, 1551, 1552, 1553, 1554, 1555, 1556, 1557, 1558, 1559, 1560, 1561, 1562, 1563, 1564, 1565, 1566, 1567, 1568, 1569, 1570, 1571, 1572, 1573, 1574, 1575, 1576, 1577, 1578, 1579, 1580, 1581, 1582, 1583, 1584, 1585, 1586, 1587, 1588, 1589, 1590, 1591, 1592, 1593, 1594, 1595, 1596, 1597, 1598, 1599, 1600, 1601, 1602, 1603, 1604, 1605, 1606, 1607, 1608, 1609, 1610, 1611, 1612, 1613, 1614, 1615, 1616, 1617, 1618, 1619, 1620, 1621, 1622, 1623, 1624, 1625, 1626, 1627, 1628, 1629, 1630, 1631, 1632, 1633, 1634, 1635, 1636, 1637, 1638, 1639, 1640, 1641, 1642, 1643, 1644, 1645]
06-11 10:32:11.391 19629 26839 I DMP-FileReader: clearCache resId:6
06-11 10:32:11.391 19629 26839 I DMP-FileReader: clearCache resId:6
06-11 10:32:11.403  3189  3311 D ProcessCpuTrackerExtImpl: mContext is already set, return now! 
06-11 10:32:11.412  3189  3806 E OplusInputDeviceUtil: api level < 36 or inputDevice is null, return false
06-11 10:32:11.412  3189  3806 D KEYLOG_KeyGestureControllerExtlmpl: interceptOldShortcuts, mIsShortCutMenuShow = false mPendingMetaActionForOld = false mLongPressHandled = false
06-11 10:32:11.412  3189  3806 D STKeyLog_StrategyPadKeyBoardShortcut: excuteShortCut, interactive = true
06-11 10:32:11.412  3189  3806 D OplusCustomizeRestrictionManagerService: isLongPressVolumeUpDisabled start
06-11 10:32:11.415  3189  3332 D PowerManagerService: userActivityNoUpdateLocked: groupId=0, eventTime=200624984, event=button, flags=0x0, uid=1000
06-11 10:32:11.417  2775  2775 E OplusTouchDaemon: [prevent][large_area_judged_V2][2085]: large_area_judged_V2: long shape matched(0) (60 24351 1 8 0 25)
06-11 10:32:11.420  9206  9206 I GlobalHandwriting: onUpdateEditorToolType = 0
06-11 10:32:11.430 19629 26839 I DMP-AbstractWorker: setIndexFailCount method:onReceive, count:0, all:initResource=0,onReceive=0,rearrange=0,dailyTask=0
06-11 10:32:11.431 19629 26839 I DMP-AbstractWorker: doWork finished, resource: localApp, method5:onReceive, work:Work{mWorkName=onReceiveWork, mWorkTerm=long, mReportId=false, mCreate=Create{mIndexStatus=null, mQueryTime=0, mInterval=0, mDeletedDocs=null, mNeedRebuildFlag=0, mIndexCheckFlag=false, mDrop=null, mHighTemperature=50, mMinPower=null, mScreen=null, mDeletedConditions=null}, mEntry=null, mMoreBatch=null, mChained=true, mInitialDelay=10, mWorkOneTimeLimit=0}
06-11 10:32:11.431 19629 26839 I DMP-IndexEventManager: addEvent:InternalIndexEvent{mEvent=null, mEventTime=null, mEventData=null, mEventDropReason=null, mResource=null, mWork=null, mWorkId=74ce8bc2-efc1-46a1-94ee-d7ea92733204, mWorkTime=1781145131, mCursorSize=null, mResult=0}
06-11 10:32:11.431 19629 26839 I DMP-IndexEventManager: addInternalEvent:result=0 workId=74ce8bc2-efc1-46a1-94ee-d7ea92733204 workTime=1781145131
06-11 10:32:11.432 27559 27559 I CameraCtrl: pinchStart hasAnchor=1 center=(620,1386)
06-11 10:32:11.432 27559 27559 I MinimalGlobe: Debug zoom scale=1.18 | tiles vis=41 cached=26 renderSurface=25 exact=25 parent=0 missing=0 unsupported=16 kicked=0 retained=0 z=2-11 targetZ=2-11 texZ=2-11 lod=512 eq=1 qRender=41 qWalk=64 qBal=0 qFrustum=79 qHz=35 qEq2=0 grp=25/0/16 ellAlt=24600.00 sphAlt=19410.11 radius=6397547.11 FPS=60.1 draw=27
06-11 10:32:11.432 19629 26839 I DMP-IndexEventManager: addInternalEvent update:0
06-11 10:32:11.432 19629 26839 I DMP-IndexEventManager: addInternalEvent insert:6522
06-11 10:32:11.433 19629 26839 I DMP-FrozenHelper: deleteKeepRequest, no more quest
06-11 10:32:11.433  3189  5627 D KEYLOG_KeyCombinationManager: down false downTime 200624984 action 1 count 1 isDefaultDisplayInteractive true eventTime 200625155 mDownTimes: {24=200624984}
06-11 10:32:11.433  3189  5627 D KEYLOG_PhoneWindowManagerExtImpl: overrideInterceptKeyBeforeQueueing:KeyEvent { action=ACTION_UP, keyCode=KEYCODE_VOLUME_UP, scanCode=0, metaState=0, flags=0x0, repeatCount=0, eventTime=200625155000000, downTime=200624984000000, deviceId=-1, source=0x0, displayId=-1 },  keyguardOn = false,  screenOn = true,  policyFlags = 721420288,  SosPowerKeyEnabled = true,  WalletSwitchState = 1,  IsQuickLaunchSupport = true,  IsDoubleCheckAppSupport = false,  isQuickAppOn=false,  canceled = false
06-11 10:32:11.433  3189  5627 D KEYLOG_OplusKeyCombinationManager: down false keyCode 24 count 0 interactive true eventTime 200625155 mDownTimes: {24=200624984}
06-11 10:32:11.433 19629 19710 I WM-WorkerWrapper: Worker result SUCCESS for Work [ id=74ce8bc2-efc1-46a1-94ee-d7ea92733204, tags={ com.oplus.oss.bussiness.localapp.work.LocalAppOneTimeWorker,localApp_onReceive__OneTimeWork,onReceiveWork } ]
06-11 10:32:11.433  3189  5627 I OplusJoystickManager: read game pad state for game manager -> false
06-11 10:32:11.433  3189  5627 W OplusJoystickManager: mInterceptGamepadKey is false
06-11 10:32:11.433  3189  5627 D OplusCustomizeRestrictionManagerService: isLongPressVolumeUpDisabled start
06-11 10:32:11.433  3189  5627 I STKeyLog_StrategyDisableBottomKey: onBeforeQueueing : mIsUpGestureMode=false,mDisableBottomKeyMode0
06-11 10:32:11.433  3189  5627 D STKeyLog_StrategyBlackscreenshot: notifyKeyBeforeQueueing, downTime200624984, action=1, interactive=true
06-11 10:32:11.434  3189  5627 D KEYLOG_PhoneWindowManager: interceptKeyBeforeQueueing downTime=200624984 action = 1 interactive=true keyguardActive=false policyFlags=2b000000 isInjected=true isWakeKey=false isKeyGestureTriggered=false
06-11 10:32:11.434  3189  3806 E OplusInputDeviceUtil: api level < 36 or inputDevice is null, return false
06-11 10:32:11.434 19629 19710 I WM-WorkerWrapper: Setting status to enqueued for e5957d96-8a7c-4a37-8f39-505a3c525145
06-11 10:32:11.434  3189  3332 D PowerManagerService: userActivityNoUpdateLocked: groupId=0, eventTime=200625155, event=button, flags=0x0, uid=1000
06-11 10:32:11.434  3189  3806 D STKeyLog_StrategyPadKeyBoardShortcut: excuteShortCut, interactive = true
06-11 10:32:11.434  3189  3806 D OplusCustomizeRestrictionManagerService: isLongPressVolumeUpDisabled start
06-11 10:32:11.434 19629 19629 D WM-Processor: s 74ce8bc2-efc1-46a1-94ee-d7ea92733204 executed; reschedule = false
06-11 10:32:11.435 19629 19629 D WM-GreedyScheduler: Stopping tracking for WorkGenerationalId(workSpecId=74ce8bc2-efc1-46a1-94ee-d7ea92733204, generation=0)
06-11 10:32:11.435  3189  3332 D PowerManagerService: userActivityNoUpdateLocked: groupId=0, eventTime=200625155, event=button, flags=0x0, uid=1000
06-11 10:32:11.437  3189  5079 D MediaSessionService: dispatchVolumeKeyEvent, pkg=com.earthengine.minimalglobe, opPkg=com.earthengine.minimalglobe, pid=27559, uid=10602, asSystem=true, event=KeyEvent { action=ACTION_UP, keyCode=KEYCODE_VOLUME_UP, scanCode=0, metaState=0, flags=0x0, repeatCount=0, eventTime=200625155000000, downTime=200624984000000, deviceId=-1, source=0x0, displayId=-1 }, stream=-2147483648, musicOnly=false
06-11 10:32:11.437  3189  5079 D MediaSessionService: Adjusting suggestedStream=-2147483648 by 0. flags=4116, preferSuggestedStream=false, session=null, musicOnly false
06-11 10:32:11.437  3189  3189 E MediaSessionService: sPid is 3189 sTid:3189
06-11 10:32:11.437 19629 19710 D WM-GreedyScheduler: Cancelling work ID 74ce8bc2-efc1-46a1-94ee-d7ea92733204
06-11 10:32:11.441  3189  3189 D AudioServiceExtImpl: ringVolumeDefault :0
06-11 10:32:11.441 19629 19710 D WM-SystemJobScheduler: Scheduling work ID e5957d96-8a7c-4a37-8f39-505a3c525145Job ID 4785
06-11 10:32:11.441  3189  3189 V AudioServiceExtImpl: oplusGetParameters() keyValuePairs:OPLUS_AUDIO_GET_ADJUSTVOLUME_FORBID, uid: 1000
06-11 10:32:11.444  3189  3189 D AS.AudioService: sendVolumeUpdate streamType=3, index=800, flags=4112
06-11 10:32:11.444  3189  3189 D VolumeController: postVolumeChanged streamType=3, flags=4112
06-11 10:32:11.444 19629 19710 D WM-BrdcstRcvrCnstrntTrc: c: unregistering receiver
06-11 10:32:11.445  4329  5186 I SystemUi--Volume: vol.VolumeDialogControl-->shouldShowUI wakefulness:2 ,mDeviceInteractive:true ,mShowVolumeDialog:true
06-11 10:32:11.446  4329  5186 I SystemUi--Volume: vol.VolumeDialogControl-->onVolumeChangedW stream:3,flags:4112 ,showUI:false ,fromKey:true ,showVibrateHint:false ,showSilentHint:false ,changed:false
06-11 10:32:11.446  4329  5186 I SystemUi--Volume: vol.VolumeDialogControl-->shouldShowUI wakefulness:2 ,mDeviceInteractive:true ,mShowVolumeDialog:true
06-11 10:32:11.446  4329  4329 I SystemUi--Volume: OplusVolumeDialogImpl-->onVolumeKeyStateChange isMultiMediaSettingsEnable:false,screenState:2
06-11 10:32:11.523  1667 15952 I sensors-hal: handle_oplus_wise_rgb_event:230, wise_rgb:algo_type = 3
06-11 10:32:11.524  1667 15952 I sensors-hal: handle_oplus_wise_rgb_event:285, wise_rgb: raw_lux 372.697083, raw_cct 6327.206055, r/g/b/c: 27308.968750/25279.013672/13644.648438/62900.484375, R/G/B: 0.000000/0.000000/0.000000, brl 1529.000000, lux: 372.697083, cct: 6327.206055, ts 242528840875850, cnt 3299
06-11 10:32:11.544  2775  2775 E OplusTouchDaemon: [touchEvent][ts_report_touch_data][601]:Touchpanel id 0 :Down[  60 24541    0    7    1   24    1](ignore)
06-11 10:32:11.575  3189  3759 D ActivityManager: freezing 27947 com.oplus.games
06-11 10:32:11.581  3189  3759 D ActivityManager: Freeze process 27947, not check file locks
06-11 10:32:11.581  3189  3759 D ActivityManager: reportOneUidFrozenStateChanged uid 10288 frozen = true
06-11 10:32:11.584  3189  3848 D InetDiagMessage: Destroyed 0 sockets, proto=IPPROTO_TCP, family=AF_INET, states=14
06-11 10:32:11.585  3189  3848 D InetDiagMessage: Destroyed 0 sockets, proto=IPPROTO_TCP, family=AF_INET6, states=14
06-11 10:32:11.585  3189  3848 D InetDiagMessage: Destroyed live tcp sockets for uids={10288} in 3ms
06-11 10:32:11.651  4639  8246 D CommonApp-194-10602: transport layer data is invalid
06-11 10:32:11.654  4639  8246 D ScorePolicy: handleScoreChanged: []
06-11 10:32:11.655  4639  8246 D ScorePolicy: handleScoreChanged: []
06-11 10:32:11.655  4639  8246 D ScorePolicy: handleScoreChanged: []
06-11 10:32:11.666  3189  3610 D osense.compress: com.coloros.shortcuts do shrink, target ratio = 79, final ratio = 90, cur ratio = 68
06-11 10:32:11.723  1667 15952 I sensors-hal: handle_oplus_wise_rgb_event:230, wise_rgb:algo_type = 3
06-11 10:32:11.723  1667 15952 I sensors-hal: handle_oplus_wise_rgb_event:285, wise_rgb: raw_lux 429.453796, raw_cct 6329.966797, r/g/b/c: 32496.890625/29339.287109/16090.199219/73937.398438, R/G/B: 0.000000/0.000000/0.000000, brl 1529.000000, lux: 429.453796, cct: 6329.966797, ts 242529040664235, cnt 3300
06-11 10:32:11.767 19629 19629 D WM-DelayedWorkTracker: Scheduling work 171898e0-5b66-42ee-bd45-77b8f7cfe17c
06-11 10:32:11.767 19629 19629 D WM-GreedyScheduler: Starting tracking for 171898e0-5b66-42ee-bd45-77b8f7cfe17c
06-11 10:32:11.769 19629 19710 D WM-ConstraintTracker: c: initial state = true
06-11 10:32:11.769 19629 19710 D WM-BrdcstRcvrCnstrntTrc: c: registering receiver
06-11 10:32:11.770 19629 19710 D WM-GreedyScheduler: Constraints met: Scheduling work ID WorkGenerationalId(workSpecId=171898e0-5b66-42ee-bd45-77b8f7cfe17c, generation=0)
06-11 10:32:11.770 19629 19710 D WM-Processor: s: processing WorkGenerationalId(workSpecId=171898e0-5b66-42ee-bd45-77b8f7cfe17c, generation=0)
06-11 10:32:11.771 19629 19629 D WM-WorkerWrapper: Starting work for com.oplus.oss.bussiness.unifiedserviceinvocation.work.UnifiedServiceInvocationOneTimeWorker
06-11 10:32:11.771 19629 26839 I DMP-AppInitializer: isAppAvailable for work, caller: null
06-11 10:32:11.771 19629 26839 I DMP-OFreezeProtectWorker: takeProtectionFromFrozen, no need to protect
06-11 10:32:11.771 19629 26839 I DMP-AbstractWorker: parseData, resource: standard_data#unified_service_invocation, method1:onReceive, work: onReceiveWork, extras: Bundle[{action=android.intent.action.PACKAGE_REPLACED, package=com.earthengine.minimalglobe}], initIndexCount:5000
06-11 10:32:11.772 19629 26839 I DMP-AbstractWorker: doWork started, resource: standard_data#unified_service_invocation, method3:onReceive, work:Work{mWorkName=onReceiveWork, mWorkTerm=long, mReportId=false, mCreate=Create{mIndexStatus=null, mQueryTime=0, mInterval=0, mDeletedDocs=null, mNeedRebuildFlag=0, mIndexCheckFlag=false, mDrop=null, mHighTemperature=50, mMinPower=null, mScreen=null, mDeletedConditions=null}, mEntry=null, mMoreBatch=null, mChained=true, mInitialDelay=10, mWorkOneTimeLimit=0}
06-11 10:32:11.773 19629 26839 I DMP-PowerUtils: getHoraeTemperature:36
06-11 10:32:11.773 19629 26839 I DMP-AbstractWorker: dispatchWork: onReceiveWork for [standard_data#unified_service_invocation]
06-11 10:32:11.773 19629 26839 I DMP-SAUWorkConfigManager: sau work config not found
06-11 10:32:11.774 19629 26839 I DMP-PowerUtils: getHoraeTemperature:36
06-11 10:32:11.774 19629 26839 I DMP-PowerUtils: battery status: BATTERY_STATUS_FULL(5)
06-11 10:32:11.774 19629 26839 I DMP-AbstractDataCollector: getQuotaRecord ignored
06-11 10:32:11.775 19629 26839 W DMP-UnifiedServiceInvocationDataCollector: collectOnDiff no data:com.oplus.oss.bussiness.general.datacollector.b@c2f97f0
06-11 10:32:11.775 19629 26839 I DMP-AbstractWorker: size of addDataRecords: 0
06-11 10:32:11.775 19629 26839 I DMP-AbstractWorker: size of updateDataRecords: 0
06-11 10:32:11.775 19629 26839 I DMP-AbstractWorker: setIndexFailCount method:onReceive, count:0, all:initResource=0,onReceive=0,dailyTask=0
06-11 10:32:11.778 19629 26839 I DMP-AbstractWorker: doWork finished, resource: standard_data#unified_service_invocation, method5:onReceive, work:Work{mWorkName=onReceiveWork, mWorkTerm=long, mReportId=false, mCreate=Create{mIndexStatus=null, mQueryTime=0, mInterval=0, mDeletedDocs=null, mNeedRebuildFlag=0, mIndexCheckFlag=false, mDrop=null, mHighTemperature=50, mMinPower=null, mScreen=null, mDeletedConditions=null}, mEntry=null, mMoreBatch=null, mChained=true, mInitialDelay=10, mWorkOneTimeLimit=0}
06-11 10:32:11.778 19629 26839 I DMP-IndexEventManager: addEvent:InternalIndexEvent{mEvent=null, mEventTime=null, mEventData=null, mEventDropReason=null, mResource=null, mWork=null, mWorkId=171898e0-5b66-42ee-bd45-77b8f7cfe17c, mWorkTime=1781145131, mCursorSize=null, mResult=0}
06-11 10:32:11.779 19629 26839 I DMP-IndexEventManager: addInternalEvent:result=0 workId=171898e0-5b66-42ee-bd45-77b8f7cfe17c workTime=1781145131
06-11 10:32:11.779 19629 26839 I DMP-IndexEventManager: addInternalEvent update:0
06-11 10:32:11.780 19629 26839 I DMP-IndexEventManager: addInternalEvent insert:6523
06-11 10:32:11.780 19629 26839 I DMP-FrozenHelper: deleteKeepRequest, no more quest
06-11 10:32:11.780 19629 19728 I WM-WorkerWrapper: Worker result SUCCESS for Work [ id=171898e0-5b66-42ee-bd45-77b8f7cfe17c, tags={ com.oplus.oss.bussiness.unifiedserviceinvocation.work.UnifiedServiceInvocationOneTimeWorker,standard_data#unified_service_invocation_onReceive__OneTimeWork,onReceiveWork } ]
06-11 10:32:11.782 19629 19728 I WM-WorkerWrapper: Setting status to enqueued for 446fe0b5-66e1-4eab-aa21-024cd9bdbace
06-11 10:32:11.783 19629 19629 D WM-Processor: s 171898e0-5b66-42ee-bd45-77b8f7cfe17c executed; reschedule = false
06-11 10:32:11.783 19629 19629 D WM-GreedyScheduler: Stopping tracking for WorkGenerationalId(workSpecId=171898e0-5b66-42ee-bd45-77b8f7cfe17c, generation=0)
06-11 10:32:11.785 19629 19710 D WM-GreedyScheduler: Cancelling work ID 171898e0-5b66-42ee-bd45-77b8f7cfe17c
06-11 10:32:11.787 19629 19710 D WM-SystemJobScheduler: Scheduling work ID 446fe0b5-66e1-4eab-aa21-024cd9bdbaceJob ID 4786
06-11 10:32:11.788 19629 19710 D WM-BrdcstRcvrCnstrntTrc: c: unregistering receiver
06-11 10:32:11.809  1708  2997 I [UAH_CLIENT]: UahRelease, handle:180270
06-11 10:32:11.810  1708 27839 I [UAH_CLIENT]: UahPlatformResAcquire
06-11 10:32:11.810  1708 27839 I [UAH_CLIENT]: UahEventAcquire, cmdid:-3, pkg:1708 27839, identity:qcom-perfd
06-11 10:32:11.811  1708  1814 E ANDR-PERF-RESOURCEQS: Resource with major=16, minor=41 not supported
06-11 10:32:11.812  1800  1924 D BatteryChargeControl: bcc get no support from charging protocol
06-11 10:32:11.877  3189  5627 D KEYLOG_KeyCombinationManager: down true downTime 200625599 action 0 count 0 isDefaultDisplayInteractive true eventTime 200625599 mDownTimes: {}
06-11 10:32:11.877  3189  5627 D KEYLOG_PhoneWindowManagerExtImpl: overrideInterceptKeyBeforeQueueing:KeyEvent { action=ACTION_DOWN, keyCode=KEYCODE_VOLUME_UP, scanCode=0, metaState=0, flags=0x0, repeatCount=0, eventTime=200625599000000, downTime=200625599000000, deviceId=-1, source=0x0, displayId=-1 },  keyguardOn = false,  screenOn = true,  policyFlags = 721420288,  SosPowerKeyEnabled = true,  WalletSwitchState = 1,  IsQuickLaunchSupport = true,  IsDoubleCheckAppSupport = false,  isQuickAppOn=false,  canceled = false
06-11 10:32:11.877  3189  5627 D KEYLOG_OplusKeyCombinationManager: down true keyCode 24 count 0 interactive true eventTime 200625599 mDownTimes: {}
06-11 10:32:11.877  3189  5627 I OplusJoystickManager: read game pad state for game manager -> false
06-11 10:32:11.877  3189  5627 W OplusJoystickManager: mInterceptGamepadKey is false
06-11 10:32:11.878  3189  5627 D OplusCustomizeRestrictionManagerService: isLongPressVolumeUpDisabled start
06-11 10:32:11.878  3189  5627 I STKeyLog_StrategyDisableBottomKey: onBeforeQueueing : mIsUpGestureMode=false,mDisableBottomKeyMode0
06-11 10:32:11.878  3189  5627 D STKeyLog_StrategyBlackscreenshot: notifyKeyBeforeQueueing, downTime200625599, action=0, interactive=true
06-11 10:32:11.878  3189  5627 D KEYLOG_PhoneWindowManager: interceptKeyBeforeQueueing downTime=200625599 action = 0 interactive=true keyguardActive=false policyFlags=2b000000 isInjected=true isWakeKey=false isKeyGestureTriggered=false
06-11 10:32:11.879  3189  5627 I VibratorManagerServiceExtImpl: cancelVibrate uid=1000, pid=3189, usageFilter=-15, token=193946947
06-11 10:32:11.879  3189  5627 D AS.AudioService: uid 1000, callingApp = android.uid.system:1000
06-11 10:32:11.879  4329 28033 D RingtonePlayer: stopAsync()
06-11 10:32:11.881  4329 28033 D RingtonePlayer: stop
06-11 10:32:11.882  3189  3332 D PowerManagerService: userActivityNoUpdateLocked: groupId=0, eventTime=200625599, event=button, flags=0x0, uid=1000
06-11 10:32:11.924  1667 15952 I sensors-hal: handle_oplus_wise_rgb_event:230, wise_rgb:algo_type = 3
06-11 10:32:11.925  1667 15952 I sensors-hal: handle_oplus_wise_rgb_event:285, wise_rgb: raw_lux 478.236328, raw_cct 6360.789062, r/g/b/c: 38601.429688/34107.800781/19104.482422/85922.195312, R/G/B: 0.000000/0.000000/0.000000, brl 1529.000000, lux: 478.236328, cct: 6360.789062, ts 242529240508558, cnt 3301
06-11 10:32:12.027  3189  3806 E OplusInputDeviceUtil: api level < 36 or inputDevice is null, return false
06-11 10:32:12.028  3189  3806 D KEYLOG_KeyGestureControllerExtlmpl: interceptOldShortcuts, mIsShortCutMenuShow = false mPendingMetaActionForOld = false mLongPressHandled = false
06-11 10:32:12.028  3189  3806 D STKeyLog_StrategyPadKeyBoardShortcut: excuteShortCut, interactive = true
06-11 10:32:12.028  3189  3806 D OplusCustomizeRestrictionManagerService: isLongPressVolumeUpDisabled start
06-11 10:32:12.030  3189  3332 D PowerManagerService: userActivityNoUpdateLocked: groupId=0, eventTime=200625599, event=button, flags=0x0, uid=1000
06-11 10:32:12.036  9206  9206 I GlobalHandwriting: onUpdateEditorToolType = 0
06-11 10:32:12.037 27559 27559 I MinimalGlobe: Debug zoom scale=1.18 | tiles vis=41 cached=26 renderSurface=25 exact=25 parent=0 missing=0 unsupported=16 kicked=0 retained=0 z=2-11 targetZ=2-11 texZ=2-11 lod=512 eq=1 qRender=41 qWalk=61 qBal=0 qFrustum=76 qHz=35 qEq2=0 grp=25/0/16 ellAlt=20172.00 sphAlt=14982.13 radius=6393119.13 FPS=60.1 draw=27
06-11 10:32:12.039  3189  5627 D KEYLOG_KeyCombinationManager: down false downTime 200625599 action 1 count 1 isDefaultDisplayInteractive true eventTime 200625761 mDownTimes: {24=200625599}
06-11 10:32:12.040  3189  5627 D KEYLOG_PhoneWindowManagerExtImpl: overrideInterceptKeyBeforeQueueing:KeyEvent { action=ACTION_UP, keyCode=KEYCODE_VOLUME_UP, scanCode=0, metaState=0, flags=0x0, repeatCount=0, eventTime=200625761000000, downTime=200625599000000, deviceId=-1, source=0x0, displayId=-1 },  keyguardOn = false,  screenOn = true,  policyFlags = 721420288,  SosPowerKeyEnabled = true,  WalletSwitchState = 1,  IsQuickLaunchSupport = true,  IsDoubleCheckAppSupport = false,  isQuickAppOn=false,  canceled = false
06-11 10:32:12.040  3189  5627 D KEYLOG_OplusKeyCombinationManager: down false keyCode 24 count 0 interactive true eventTime 200625761 mDownTimes: {24=200625599}
06-11 10:32:12.040  3189  5627 I OplusJoystickManager: read game pad state for game manager -> false
06-11 10:32:12.040  3189  5627 W OplusJoystickManager: mInterceptGamepadKey is false
06-11 10:32:12.041  3189  5627 D OplusCustomizeRestrictionManagerService: isLongPressVolumeUpDisabled start
06-11 10:32:12.041  3189  5627 I STKeyLog_StrategyDisableBottomKey: onBeforeQueueing : mIsUpGestureMode=false,mDisableBottomKeyMode0
06-11 10:32:12.041  3189  5627 D STKeyLog_StrategyBlackscreenshot: notifyKeyBeforeQueueing, downTime200625599, action=1, interactive=true
06-11 10:32:12.041  3189  5627 D KEYLOG_PhoneWindowManager: interceptKeyBeforeQueueing downTime=200625599 action = 1 interactive=true keyguardActive=false policyFlags=2b000000 isInjected=true isWakeKey=false isKeyGestureTriggered=false
06-11 10:32:12.042  3189  3806 E OplusInputDeviceUtil: api level < 36 or inputDevice is null, return false
06-11 10:32:12.042  3189  3332 D PowerManagerService: userActivityNoUpdateLocked: groupId=0, eventTime=200625761, event=button, flags=0x0, uid=1000
06-11 10:32:12.043  3189  3806 D STKeyLog_StrategyPadKeyBoardShortcut: excuteShortCut, interactive = true
06-11 10:32:12.043  3189  3806 D OplusCustomizeRestrictionManagerService: isLongPressVolumeUpDisabled start
06-11 10:32:12.045  3189  3332 D PowerManagerService: userActivityNoUpdateLocked: groupId=0, eventTime=200625761, event=button, flags=0x0, uid=1000
06-11 10:32:12.050  3189  5079 D MediaSessionService: dispatchVolumeKeyEvent, pkg=com.earthengine.minimalglobe, opPkg=com.earthengine.minimalglobe, pid=27559, uid=10602, asSystem=true, event=KeyEvent { action=ACTION_UP, keyCode=KEYCODE_VOLUME_UP, scanCode=0, metaState=0, flags=0x0, repeatCount=0, eventTime=200625761000000, downTime=200625599000000, deviceId=-1, source=0x0, displayId=-1 }, stream=-2147483648, musicOnly=false
06-11 10:32:12.050  3189  5079 D MediaSessionService: Adjusting suggestedStream=-2147483648 by 0. flags=4116, preferSuggestedStream=false, session=null, musicOnly false
06-11 10:32:12.050  3189  3189 E MediaSessionService: sPid is 3189 sTid:3189
06-11 10:32:12.056  3189  3189 D AudioServiceExtImpl: ringVolumeDefault :0
06-11 10:32:12.056  3189  3189 V AudioServiceExtImpl: oplusGetParameters() keyValuePairs:OPLUS_AUDIO_GET_ADJUSTVOLUME_FORBID, uid: 1000
06-11 10:32:12.057  3189  3189 D AS.AudioService: sendVolumeUpdate streamType=3, index=800, flags=4112
06-11 10:32:12.057  3189  3189 D VolumeController: postVolumeChanged streamType=3, flags=4112
06-11 10:32:12.058  4329  5186 I SystemUi--Volume: vol.VolumeDialogControl-->shouldShowUI wakefulness:2 ,mDeviceInteractive:true ,mShowVolumeDialog:true
06-11 10:32:12.060  4329  5186 I SystemUi--Volume: vol.VolumeDialogControl-->onVolumeChangedW stream:3,flags:4112 ,showUI:false ,fromKey:true ,showVibrateHint:false ,showSilentHint:false ,changed:false
06-11 10:32:12.060  4329  5186 I SystemUi--Volume: vol.VolumeDialogControl-->shouldShowUI wakefulness:2 ,mDeviceInteractive:true ,mShowVolumeDialog:true
06-11 10:32:12.060  4329  4329 I SystemUi--Volume: OplusVolumeDialogImpl-->onVolumeKeyStateChange isMultiMediaSettingsEnable:false,screenState:2
06-11 10:32:12.100 13659 13659 D IHansComunication: HANS sendMessageToKernel: threadId = 492371426368, netLinkSetup = 1, type = FROZEN_TRANS, targetUid = 10333, pkgCmd = PKG_CMD_MAX
06-11 10:32:12.109  2775  2775 E OplusTouchDaemon: [prevent][curved_large_handle_V2][2327]: up id(0) status: 2, 1, 0, 2.
06-11 10:32:12.109  2775  2775 E OplusTouchDaemon: [prevent][curved_large_handle_V2][2368]: reject id:0 for large touch.
06-11 10:32:12.123  1667 15952 I sensors-hal: handle_oplus_wise_rgb_event:230, wise_rgb:algo_type = 3
06-11 10:32:12.123  1667 15952 I sensors-hal: handle_oplus_wise_rgb_event:285, wise_rgb: raw_lux 520.850342, raw_cct 6346.856445, r/g/b/c: 42075.574219/36862.167969/20685.984375/93192.296875, R/G/B: 0.000000/0.000000/0.000000, brl 1529.000000, lux: 520.850342, cct: 6346.856445, ts 242529440249548, cnt 3302
06-11 10:32:12.124  1667 15988 I sensors-hal: handle_oplus_wise_rgb_event:301, oplus wise_rgb sample: (3302)(cct, lux, ir_ratio, r, g, b, c)[6346, 520, 34, 42075, 36862, 20685, 93192]
06-11 10:32:12.323  1667 15952 I sensors-hal: handle_oplus_wise_rgb_event:230, wise_rgb:algo_type = 3
06-11 10:32:12.323  1667 15952 I sensors-hal: handle_oplus_wise_rgb_event:285, wise_rgb: raw_lux 515.675903, raw_cct 6396.279297, r/g/b/c: 42713.320312/37442.500000/21266.583984/94120.992188, R/G/B: 0.000000/0.000000/0.000000, brl 1529.000000, lux: 515.675903, cct: 6396.279297, ts 242529640041006, cnt 3303
06-11 10:32:12.324  1667 15988 I sensors-hal: get_brightness:1652, light_iface: get_brightness, brl 1529, pwm_turbo_on 0/0, hbm_dc 0
06-11 10:32:12.423  1667 15975 I sensors-hal: handle_sns_client_event:101, device_orient_event: ts=242529747102621, type=4,count = 1742
06-11 10:32:12.424  3189  3249 V WindowOrientationListener: onSensorChanged mDesiredRotation = 4
06-11 10:32:12.522  1667 15952 I sensors-hal: handle_oplus_wise_rgb_event:230, wise_rgb:algo_type = 3
06-11 10:32:12.522  1667 15952 I sensors-hal: handle_oplus_wise_rgb_event:285, wise_rgb: raw_lux 522.058472, raw_cct 6476.786133, r/g/b/c: 42724.421875/37590.457031/21418.533203/94539.960938, R/G/B: 0.000000/0.000000/0.000000, brl 1529.000000, lux: 522.058472, cct: 6476.786133, ts 242529839777933, cnt 3304
06-11 10:32:12.535  3189  5627 D KEYLOG_KeyCombinationManager: down true downTime 200626258 action 0 count 0 isDefaultDisplayInteractive true eventTime 200626258 mDownTimes: {}
06-11 10:32:12.535  3189  5627 D KEYLOG_PhoneWindowManagerExtImpl: overrideInterceptKeyBeforeQueueing:KeyEvent { action=ACTION_DOWN, keyCode=KEYCODE_VOLUME_UP, scanCode=0, metaState=0, flags=0x0, repeatCount=0, eventTime=200626258000000, downTime=200626258000000, deviceId=-1, source=0x0, displayId=-1 },  keyguardOn = false,  screenOn = true,  policyFlags = 721420288,  SosPowerKeyEnabled = true,  WalletSwitchState = 1,  IsQuickLaunchSupport = true,  IsDoubleCheckAppSupport = false,  isQuickAppOn=false,  canceled = false
06-11 10:32:12.535  3189  5627 D KEYLOG_OplusKeyCombinationManager: down true keyCode 24 count 0 interactive true eventTime 200626258 mDownTimes: {}
06-11 10:32:12.536  3189  5627 I OplusJoystickManager: read game pad state for game manager -> false
06-11 10:32:12.536  3189  5627 W OplusJoystickManager: mInterceptGamepadKey is false
06-11 10:32:12.536  3189  5627 D OplusCustomizeRestrictionManagerService: isLongPressVolumeUpDisabled start
06-11 10:32:12.536  3189  5627 I STKeyLog_StrategyDisableBottomKey: onBeforeQueueing : mIsUpGestureMode=false,mDisableBottomKeyMode0
06-11 10:32:12.536  3189  5627 D STKeyLog_StrategyBlackscreenshot: notifyKeyBeforeQueueing, downTime200626258, action=0, interactive=true
06-11 10:32:12.537  3189  5627 D KEYLOG_PhoneWindowManager: interceptKeyBeforeQueueing downTime=200626258 action = 0 interactive=true keyguardActive=false policyFlags=2b000000 isInjected=true isWakeKey=false isKeyGestureTriggered=false
06-11 10:32:12.538  3189  5627 I VibratorManagerServiceExtImpl: cancelVibrate uid=1000, pid=3189, usageFilter=-15, token=193946947
06-11 10:32:12.538  3189  5627 D AS.AudioService: uid 1000, callingApp = android.uid.system:1000
06-11 10:32:12.540  3189  3332 D PowerManagerService: userActivityNoUpdateLocked: groupId=0, eventTime=200626258, event=button, flags=0x0, uid=1000
06-11 10:32:12.544  4329 24909 D RingtonePlayer: stopAsync()
06-11 10:32:12.544  4329 24909 D RingtonePlayer: stop
06-11 10:32:12.614  2775  2775 I synaLib : tcm: STATUS: Enter DOZE mode
06-11 10:32:12.683  4639  8246 D CommonApp-194-10602: transport layer data is invalid
06-11 10:32:12.686  3189  3806 E OplusInputDeviceUtil: api level < 36 or inputDevice is null, return false
06-11 10:32:12.686  4639  8246 D ScorePolicy: handleScoreChanged: []
06-11 10:32:12.686  3189  3806 D KEYLOG_KeyGestureControllerExtlmpl: interceptOldShortcuts, mIsShortCutMenuShow = false mPendingMetaActionForOld = false mLongPressHandled = false
06-11 10:32:12.686  4639  8246 D ScorePolicy: handleScoreChanged: []
06-11 10:32:12.686  4639  8246 D ScorePolicy: handleScoreChanged: []
06-11 10:32:12.687  3189  3806 D STKeyLog_StrategyPadKeyBoardShortcut: excuteShortCut, interactive = true
06-11 10:32:12.687  3189  3806 D OplusCustomizeRestrictionManagerService: isLongPressVolumeUpDisabled start
06-11 10:32:12.688  3189  3332 D PowerManagerService: userActivityNoUpdateLocked: groupId=0, eventTime=200626258, event=button, flags=0x0, uid=1000
06-11 10:32:12.701  9206  9206 I GlobalHandwriting: onUpdateEditorToolType = 0
06-11 10:32:12.701 27559 27559 I MinimalGlobe: Debug zoom scale=1.18 | tiles vis=41 cached=26 renderSurface=25 exact=25 parent=0 missing=0 unsupported=16 kicked=0 retained=0 z=2-11 targetZ=2-11 texZ=2-11 lod=512 eq=1 qRender=41 qWalk=61 qBal=0 qFrustum=76 qHz=35 qEq2=0 grp=25/0/16 ellAlt=16541.04 sphAlt=11351.19 radius=6389488.19 FPS=60.1 draw=27
06-11 10:32:12.703  3189  5627 D KEYLOG_KeyCombinationManager: down false downTime 200626258 action 1 count 1 isDefaultDisplayInteractive true eventTime 200626425 mDownTimes: {24=200626258}
06-11 10:32:12.703  3189  5627 D KEYLOG_PhoneWindowManagerExtImpl: overrideInterceptKeyBeforeQueueing:KeyEvent { action=ACTION_UP, keyCode=KEYCODE_VOLUME_UP, scanCode=0, metaState=0, flags=0x0, repeatCount=0, eventTime=200626425000000, downTime=200626258000000, deviceId=-1, source=0x0, displayId=-1 },  keyguardOn = false,  screenOn = true,  policyFlags = 721420288,  SosPowerKeyEnabled = true,  WalletSwitchState = 1,  IsQuickLaunchSupport = true,  IsDoubleCheckAppSupport = false,  isQuickAppOn=false,  canceled = false
06-11 10:32:12.703  3189  5627 D KEYLOG_OplusKeyCombinationManager: down false keyCode 24 count 0 interactive true eventTime 200626425 mDownTimes: {24=200626258}
06-11 10:32:12.704  3189  5627 I OplusJoystickManager: read game pad state for game manager -> false
06-11 10:32:12.704  3189  5627 W OplusJoystickManager: mInterceptGamepadKey is false
06-11 10:32:12.704  3189  5627 D OplusCustomizeRestrictionManagerService: isLongPressVolumeUpDisabled start
06-11 10:32:12.704  3189  5627 I STKeyLog_StrategyDisableBottomKey: onBeforeQueueing : mIsUpGestureMode=false,mDisableBottomKeyMode0
06-11 10:32:12.704  3189  5627 D STKeyLog_StrategyBlackscreenshot: notifyKeyBeforeQueueing, downTime200626258, action=1, interactive=true
06-11 10:32:12.704  3189  5627 D KEYLOG_PhoneWindowManager: interceptKeyBeforeQueueing downTime=200626258 action = 1 interactive=true keyguardActive=false policyFlags=2b000000 isInjected=true isWakeKey=false isKeyGestureTriggered=false
06-11 10:32:12.705  3189  3806 E OplusInputDeviceUtil: api level < 36 or inputDevice is null, return false
06-11 10:32:12.705  3189  3332 D PowerManagerService: userActivityNoUpdateLocked: groupId=0, eventTime=200626425, event=button, flags=0x0, uid=1000
06-11 10:32:12.705  3189  3806 D STKeyLog_StrategyPadKeyBoardShortcut: excuteShortCut, interactive = true
06-11 10:32:12.705  3189  3806 D OplusCustomizeRestrictionManagerService: isLongPressVolumeUpDisabled start
06-11 10:32:12.707  3189  3332 D PowerManagerService: userActivityNoUpdateLocked: groupId=0, eventTime=200626425, event=button, flags=0x0, uid=1000
06-11 10:32:12.713 27559 27889 I AndroidBridge: androidHttpGet: env=0xb400007a7da0f000 gJniHttpHelperClass=0x30a6 gHttpGetMethod=0x1 url=https://webst01.is.autonavi.com/appmaptile?style=6&x=3259&y=1693&z=12
06-11 10:32:12.713 27559 27889 I JniHttpHelper: httpGet called: https://webst01.is.autonavi.com/appmaptile?style=6&x=3259&y=1693&z=12
06-11 10:32:12.713 27559 27888 I AndroidBridge: androidHttpGet: env=0xb400007a7da0f380 gJniHttpHelperClass=0x30a6 gHttpGetMethod=0x1 url=https://webst04.is.autonavi.com/appmaptile?style=6&x=3258&y=1693&z=12
06-11 10:32:12.713 27559 27888 I JniHttpHelper: httpGet called: https://webst04.is.autonavi.com/appmaptile?style=6&x=3258&y=1693&z=12
06-11 10:32:12.715 27559 27893 I AndroidBridge: androidHttpGet: env=0xb400007a7da10260 gJniHttpHelperClass=0x30a6 gHttpGetMethod=0x1 url=https://webst03.is.autonavi.com/appmaptile?style=6&x=3260&y=1694&z=12
06-11 10:32:12.715 27559 27893 I JniHttpHelper: httpGet called: https://webst03.is.autonavi.com/appmaptile?style=6&x=3260&y=1694&z=12
06-11 10:32:12.715 27559 27890 I AndroidBridge: androidHttpGet: env=0xb400007ad78c2fc0 gJniHttpHelperClass=0x30a6 gHttpGetMethod=0x1 url=https://webst02.is.autonavi.com/appmaptile?style=6&x=3259&y=1694&z=12
06-11 10:32:12.716 27559 27896 I AndroidBridge: androidHttpGet: env=0xb400007ad79f4f60 gJniHttpHelperClass=0x30a6 gHttpGetMethod=0x1 url=https://webst04.is.autonavi.com/appmaptile?style=6&x=3259&y=1696&z=12
06-11 10:32:12.716 27559 27896 I JniHttpHelper: httpGet called: https://webst04.is.autonavi.com/appmaptile?style=6&x=3259&y=1696&z=12
06-11 10:32:12.716 27559 27890 I JniHttpHelper: httpGet called: https://webst02.is.autonavi.com/appmaptile?style=6&x=3259&y=1694&z=12
06-11 10:32:12.716 27559 27897 I AndroidBridge: androidHttpGet: env=0xb400007a0dd752e0 gJniHttpHelperClass=0x30a6 gHttpGetMethod=0x1 url=https://webst01.is.autonavi.com/appmaptile?style=6&x=3260&y=1696&z=12
06-11 10:32:12.717 27559 27897 I JniHttpHelper: httpGet called: https://webst01.is.autonavi.com/appmaptile?style=6&x=3260&y=1696&z=12
06-11 10:32:12.718 27559 27895 I AndroidBridge: androidHttpGet: env=0xb400007a7da12640 gJniHttpHelperClass=0x30a6 gHttpGetMethod=0x1 url=https://webst04.is.autonavi.com/appmaptile?style=6&x=3260&y=1695&z=12
06-11 10:32:12.718 27559 27895 I JniHttpHelper: httpGet called: https://webst04.is.autonavi.com/appmaptile?style=6&x=3260&y=1695&z=12
06-11 10:32:12.718 27559 27892 I AndroidBridge: androidHttpGet: env=0xb400007a6f9b0f20 gJniHttpHelperClass=0x30a6 gHttpGetMethod=0x1 url=https://webst02.is.autonavi.com/appmaptile?style=6&x=3260&y=1693&z=12
06-11 10:32:12.718 27559 27892 I JniHttpHelper: httpGet called: https://webst02.is.autonavi.com/appmaptile?style=6&x=3260&y=1693&z=12
06-11 10:32:12.718 27559 27891 I AndroidBridge: androidHttpGet: env=0xb400007a0dd75900 gJniHttpHelperClass=0x30a6 gHttpGetMethod=0x1 url=https://webst03.is.autonavi.com/appmaptile?style=6&x=3259&y=1695&z=12
06-11 10:32:12.718 27559 27891 I JniHttpHelper: httpGet called: https://webst03.is.autonavi.com/appmaptile?style=6&x=3259&y=1695&z=12
06-11 10:32:12.722  3189  5854 D MediaSessionService: dispatchVolumeKeyEvent, pkg=com.earthengine.minimalglobe, opPkg=com.earthengine.minimalglobe, pid=27559, uid=10602, asSystem=true, event=KeyEvent { action=ACTION_UP, keyCode=KEYCODE_VOLUME_UP, scanCode=0, metaState=0, flags=0x0, repeatCount=0, eventTime=200626425000000, downTime=200626258000000, deviceId=-1, source=0x0, displayId=-1 }, stream=-2147483648, musicOnly=false
06-11 10:32:12.722  3189  5854 D MediaSessionService: Adjusting suggestedStream=-2147483648 by 0. flags=4116, preferSuggestedStream=false, session=null, musicOnly false
06-11 10:32:12.722  1667 15952 I sensors-hal: handle_oplus_wise_rgb_event:230, wise_rgb:algo_type = 3
06-11 10:32:12.723  1667 15952 I sensors-hal: handle_oplus_wise_rgb_event:285, wise_rgb: raw_lux 521.959351, raw_cct 6501.584961, r/g/b/c: 42680.953125/37501.023438/21372.015625/94498.703125, R/G/B: 0.000000/0.000000/0.000000, brl 1529.000000, lux: 521.959351, cct: 6501.584961, ts 242530039520173, cnt 3305
06-11 10:32:12.724  3189  3189 E MediaSessionService: sPid is 3189 sTid:3189
06-11 10:32:12.729  3189  3189 D AudioServiceExtImpl: ringVolumeDefault :0
06-11 10:32:12.730  3189  3189 V AudioServiceExtImpl: oplusGetParameters() keyValuePairs:OPLUS_AUDIO_GET_ADJUSTVOLUME_FORBID, uid: 1000
06-11 10:32:12.730  3189  3189 D AS.AudioService: sendVolumeUpdate streamType=3, index=800, flags=4112
06-11 10:32:12.730  3189  3189 D VolumeController: postVolumeChanged streamType=3, flags=4112
06-11 10:32:12.734  4329  5186 I SystemUi--Volume: vol.VolumeDialogControl-->shouldShowUI wakefulness:2 ,mDeviceInteractive:true ,mShowVolumeDialog:true
06-11 10:32:12.736  4329  5186 I SystemUi--Volume: vol.VolumeDialogControl-->onVolumeChangedW stream:3,flags:4112 ,showUI:false ,fromKey:true ,showVibrateHint:false ,showSilentHint:false ,changed:false
06-11 10:32:12.736  4329  5186 I SystemUi--Volume: vol.VolumeDialogControl-->shouldShowUI wakefulness:2 ,mDeviceInteractive:true ,mShowVolumeDialog:true
06-11 10:32:12.736  4329  4329 I SystemUi--Volume: OplusVolumeDialogImpl-->onVolumeKeyStateChange isMultiMediaSettingsEnable:false,screenState:2
06-11 10:32:12.762  3189  3765 V AlarmManager: sending alarm Alarm{e55b25d type 1 origWhen 1781145132762 whenElapsed 242530088 android} uid 1000 whenElapsed 242530088 windowLength 0 maxWhenElapsed 242530088 repeatInterval 0 action null component null tag StorgaeBandInfoAlarmTag flags 0x9 procName system_server
06-11 10:32:12.762  3189 27614 E OplusStorageUFSBandwidth: storage_io_metrics_path is /proc/oplus_storage/io_metrics/forever/
06-11 10:32:12.764  3189 27614 E OplusStorageUFSBandwidth: Bandwidth - Read: 4.50 MB/s, Write: 0.00 MB/s
06-11 10:32:12.764  3189 27614 E OplusStorageUFSBandwidth: Task time: 2ms
06-11 10:32:12.770  3189 27614 E OplusStorageUFSBandwidth: Alarm set to trigger in 10 seconds
06-11 10:32:12.815  1800  1924 D BatteryChargeControl: bcc get no support from charging protocol
06-11 10:32:12.922  1667 15952 I sensors-hal: handle_oplus_wise_rgb_event:230, wise_rgb:algo_type = 3
06-11 10:32:12.922  1667 15952 I sensors-hal: handle_oplus_wise_rgb_event:285, wise_rgb: raw_lux 530.878174, raw_cct 6474.447266, r/g/b/c: 42406.289062/37060.554688/21112.488281/94197.148438, R/G/B: 0.000000/0.000000/0.000000, brl 1529.000000, lux: 530.878174, cct: 6474.447266, ts 242530239271110, cnt 3306
06-11 10:32:12.923 27559 27893 I JniHttpHelper: httpGet OK: https://webst03.is.autonavi.com/appmaptile?style=6&x=3260&y=1694&z=12 -> 37101 bytes
06-11 10:32:12.928 27559 27893 I AndroidBridge: Decoded image 256x256 from 37101 bytes
06-11 10:32:12.930 27559 27888 I JniHttpHelper: httpGet OK: https://webst04.is.autonavi.com/appmaptile?style=6&x=3258&y=1693&z=12 -> 36063 bytes
06-11 10:32:12.930 27559 27889 I JniHttpHelper: httpGet OK: https://webst01.is.autonavi.com/appmaptile?style=6&x=3259&y=1693&z=12 -> 39696 bytes
06-11 10:32:12.934 27559 27888 I AndroidBridge: Decoded image 256x256 from 36063 bytes
06-11 10:32:12.934 27559 27889 I AndroidBridge: Decoded image 256x256 from 39696 bytes
06-11 10:32:12.937 27559 27896 I JniHttpHelper: httpGet OK: https://webst04.is.autonavi.com/appmaptile?style=6&x=3259&y=1696&z=12 -> 38032 bytes
06-11 10:32:12.939 27559 27559 I BasemapLayer: Tile uploaded: 12/3260/1694 256x256
06-11 10:32:12.940 27559 27559 I BasemapLayer: Tile uploaded: 12/3258/1693 256x256
06-11 10:32:12.941 27559 27896 I AndroidBridge: Decoded image 256x256 from 38032 bytes
06-11 10:32:12.944 27559 27890 I JniHttpHelper: httpGet OK: https://webst02.is.autonavi.com/appmaptile?style=6&x=3259&y=1694&z=12 -> 38539 bytes
06-11 10:32:12.948 27559 27890 I AndroidBridge: Decoded image 256x256 from 38539 bytes
06-11 10:32:12.949  4329  4513 I SystemUi--Statusbar: OplusNetworkSpeedControllExImpl-->updateNetworkSpeed: isConnected:true,isSwitchOn:true,isSuspend:false,isPause:false
06-11 10:32:12.951  4329  4513 I SystemUi--Statusbar: OplusNetworkSpeedControllExImpl-->getTotalByte: totalRxBytes:11563895698,totalTxBytes:3540715519,loopbackTxBytes:2982595429,loopbackRxBytes:2982594949 ,totalBytes:9139420839
06-11 10:32:12.955 27559 27559 I BasemapLayer: Tile uploaded: 12/3259/1693 256x256
06-11 10:32:12.956 27559 27559 I BasemapLayer: Tile uploaded: 12/3259/1696 256x256
06-11 10:32:12.969 27559 27895 I JniHttpHelper: httpGet OK: https://webst04.is.autonavi.com/appmaptile?style=6&x=3260&y=1695&z=12 -> 34595 bytes
06-11 10:32:12.973 27559 27895 I AndroidBridge: Decoded image 256x256 from 34595 bytes
06-11 10:32:12.988 27559 27892 I JniHttpHelper: httpGet OK: https://webst02.is.autonavi.com/appmaptile?style=6&x=3260&y=1693&z=12 -> 38796 bytes
06-11 10:32:12.989 27559 27559 I BasemapLayer: Tile uploaded: 12/3259/1694 256x256
06-11 10:32:12.989 27559 27559 I BasemapLayer: Tile uploaded: 12/3260/1695 256x256
06-11 10:32:12.992 27559 27892 I AndroidBridge: Decoded image 256x256 from 38796 bytes
06-11 10:32:12.995 27559 27891 I JniHttpHelper: httpGet OK: https://webst03.is.autonavi.com/appmaptile?style=6&x=3259&y=1695&z=12 -> 36836 bytes
06-11 10:32:12.999 27559 27891 I AndroidBridge: Decoded image 256x256 from 36836 bytes
06-11 10:32:13.005 27559 27559 I BasemapLayer: Tile uploaded: 12/3260/1693 256x256
06-11 10:32:13.006 27559 27559 I BasemapLayer: Tile uploaded: 12/3259/1695 256x256
06-11 10:32:13.038 27559 27897 I JniHttpHelper: httpGet OK: https://webst01.is.autonavi.com/appmaptile?style=6&x=3260&y=1696&z=12 -> 35576 bytes
06-11 10:32:13.040  6732 27202 W OPLUS_LOG_LOAD: ==LOGS PROG INFO, prog(com.heytap.accessory) ==
06-11 10:32:13.040  6732 27202 I PTC.DISC.AndroidMultiLanServer: Watcher sysNif=[wlan0, tun0], userNif=[wlan0 state=(LISTEN JOIN(A3613A|52025)), , tun0 state=(LISTEN JOIN(A3613A|52025))], clientNif=[wlan0 state=(LISTEN), , tun0 state=(LISTEN)], tcpServer state=LISTEN, ipv4=**.100.150
06-11 10:32:13.054 27559 27897 I AndroidBridge: Decoded image 256x256 from 35576 bytes
06-11 10:32:13.058 27559 27559 I BasemapLayer: Tile uploaded: 12/3260/1696 256x256
06-11 10:32:13.122  1667 15952 I sensors-hal: handle_oplus_wise_rgb_event:230, wise_rgb:algo_type = 3
06-11 10:32:13.122  1667 15952 I sensors-hal: handle_oplus_wise_rgb_event:285, wise_rgb: raw_lux 538.643677, raw_cct 6492.791992, r/g/b/c: 42205.417969/36967.875000/21081.427734/94177.984375, R/G/B: 0.000000/0.000000/0.000000, brl 1529.000000, lux: 538.643677, cct: 6492.791992, ts 242530439088558, cnt 3307
06-11 10:32:13.197  3189  5627 D KEYLOG_KeyCombinationManager: down true downTime 200626919 action 0 count 0 isDefaultDisplayInteractive true eventTime 200626919 mDownTimes: {}
06-11 10:32:13.199  3189  5627 D KEYLOG_PhoneWindowManagerExtImpl: overrideInterceptKeyBeforeQueueing:KeyEvent { action=ACTION_DOWN, keyCode=KEYCODE_VOLUME_UP, scanCode=0, metaState=0, flags=0x0, repeatCount=0, eventTime=200626919000000, downTime=200626919000000, deviceId=-1, source=0x0, displayId=-1 },  keyguardOn = false,  screenOn = true,  policyFlags = 721420288,  SosPowerKeyEnabled = true,  WalletSwitchState = 1,  IsQuickLaunchSupport = true,  IsDoubleCheckAppSupport = false,  isQuickAppOn=false,  canceled = false
06-11 10:32:13.199  3189  5627 D KEYLOG_OplusKeyCombinationManager: down true keyCode 24 count 0 interactive true eventTime 200626919 mDownTimes: {}
06-11 10:32:13.199  3189  5627 I OplusJoystickManager: read game pad state for game manager -> false
06-11 10:32:13.199  3189  5627 W OplusJoystickManager: mInterceptGamepadKey is false
06-11 10:32:13.199  3189  5627 D OplusCustomizeRestrictionManagerService: isLongPressVolumeUpDisabled start
06-11 10:32:13.199  3189  5627 I STKeyLog_StrategyDisableBottomKey: onBeforeQueueing : mIsUpGestureMode=false,mDisableBottomKeyMode0
06-11 10:32:13.199  3189  5627 D STKeyLog_StrategyBlackscreenshot: notifyKeyBeforeQueueing, downTime200626919, action=0, interactive=true
06-11 10:32:13.200  3189  5627 D KEYLOG_PhoneWindowManager: interceptKeyBeforeQueueing downTime=200626919 action = 0 interactive=true keyguardActive=false policyFlags=2b000000 isInjected=true isWakeKey=false isKeyGestureTriggered=false
06-11 10:32:13.201  3189  5627 I VibratorManagerServiceExtImpl: cancelVibrate uid=1000, pid=3189, usageFilter=-15, token=193946947
06-11 10:32:13.201  4329 28033 D RingtonePlayer: stopAsync()
06-11 10:32:13.201  4329 28033 D RingtonePlayer: stop
06-11 10:32:13.202  3189  5627 D AS.AudioService: uid 1000, callingApp = android.uid.system:1000
06-11 10:32:13.203  3189  3332 D PowerManagerService: userActivityNoUpdateLocked: groupId=0, eventTime=200626919, event=button, flags=0x0, uid=1000
06-11 10:32:13.222 11083 13604 W PhoneManager.CloudScanManager: scheduleCancelScan() cloud scan not finished(isApp=true, timeout=10000).  cancel scan
06-11 10:32:13.229 11083 27436 I PhoneManager.AccessibilityScanHelper: parseRiskRule=Rule(relation=or, childItems=[RuleItem(isLeaf=true, condition=random_pkg_name, childRule=null), RuleItem(isLeaf=true, condition=similar_icon, childRule=null), RuleItem(isLeaf=true, condition=small_install_count, childRule=null), RuleItem(isLeaf=true, condition=empty_name_launch_entry, childRule=null)])
06-11 10:32:13.236 11083 27436 D AccessibilityScanHelper: scanRiskApps toScanSize=1, filteredSize=0, riskSize=0
06-11 10:32:13.236 11083 27436 D AccessibilityScanHelper: scanAndSyncSingleRiskPackage hasRisk=false
06-11 10:32:13.237  3189  5079 E OplusDataSyncManagerService: Unable to updateAppData ISysStateChangeCallback for type fraud_detectas no module added
06-11 10:32:13.246 11083 27436 W PhoneManager.VirusRomUpdateUtil: readVirusWhiteListMD5() VIRUS_CONFIG_LIST_FILE not exist.
06-11 10:32:13.246 11083 27436 W PhoneManager.VirusRomUpdateUtil: readCloudBlackList() VIRUS_CONFIG_LIST_FILE not exist.
06-11 10:32:13.254 10084 10101 I SP.AppControlCenterProvider: getAppControlledAppList: result=[]
06-11 10:32:13.256 10084 10101 I SP.AppControlCenterProvider: getAppControlledAppList: result=[]
06-11 10:32:13.271 10084 10101 I SP.AppControlCenterProvider: getAppControlledAppList: result=[]
06-11 10:32:13.271 10084 24808 I SP.AppControlCenterProvider: getAppControlledAppList: result=[]
06-11 10:32:13.272  3189  5976 I OplusSecurityPermissionManager-SecurityPayController: put risk app list: []
06-11 10:32:13.272  3189  3263 D OplusSecurityPermissionManager-SecurityPayController: start saving risk app list
06-11 10:32:13.275 11083 13837 W PhoneManager.SuspectFraudDetector: isReliableApp: com.earth*********nimalglobe false, false
06-11 10:32:13.275 11083 13837 I PhoneManager.SuspectFraudDetector: checkBaseFeature: OplusScanResultEntity{engineId=111, name='', pkgName='com.earth*********nimalglobe', description='', path='', type=2007, softName='Mini****lobe', safeLevel=0, certMD5='87A169CD8380AE8DE14037243E79661C', hasAd=0, aiEngine='', riskInfoList=0', isInstalled=true, installer=, riskLabel=, resultInfoExtend=0, featureScanId=null, riskLabelId=, hasCloudScanResult=true, suspiciousLevel=-1, suspiciousType=-1, suspiciousWhite=-1, hasSuspiciousResult=false}
06-11 10:32:13.280  3189  3263 I OplusSecurityPermissionManager-SecurityPayController: save risk app list finished
06-11 10:32:13.310 11083 11791 D CloudConfig_stgyHelper: mspVersionCanSupport mspKitVersion : 2021620
06-11 10:32:13.311 11083 11791 D CloudConfig_stgyHelper: getSupportKitMode strategyEntity : StrategyEntity(sdkInterval=1800000, strategyMode=1, minSDKVersion=1000, minKitVersion=2014122, validReqPeriod=7200000, maxReqProduct=100, forceKitIfKit=false, backoff=120000, enable=true, defaultLimit=RateLimitConfig{maxCalls=1, timeWindowSeconds=7200, callIntervalSeconds=0}, productLimits={global-domain_1281=RateLimitConfig{maxCalls=1, timeWindowSeconds=7200, callIntervalSeconds=0}, 50351=RateLimitConfig{maxCalls=1, timeWindowSeconds=7200, callIntervalSeconds=0}, compass_20092=RateLimitConfig{maxCalls=1, timeWindowSeconds=7200, callIntervalSeconds=0}, global-domain_1961=RateLimitConfig{maxCalls=1, timeWindowSeconds=7200, callIntervalSeconds=0}, compass_2=RateLimitConfig{maxCalls=1, timeWindowSeconds=7200, callIntervalSeconds=0}, mdp_2047=RateLimitConfig{maxCalls=1, timeWindowSeconds=7200, callIntervalSeconds=0}, mdp_2296=RateLimitConfig{maxCalls=1, timeWindowSeconds=7200, callIntervalSeconds=0}, compass_143100=RateLimitConfig{maxCalls=1, timeWindowSeconds=7200, callIntervalSeconds=0}})
06-11 10:32:13.311 11083 11791 D CloudConfig_stgyHelper: getSupportKitMode localSdkVersion : 1227
06-11 10:32:13.312 11083 11791 D CloudConfig_stgyHelper: mspVersionCanSupport mspKitVersion : 2021620
06-11 10:32:13.313 11083 11791 D CloudConfig_stgyHelper: getSupportKitMode strategyEntity : StrategyEntity(sdkInterval=1800000, strategyMode=1, minSDKVersion=1000, minKitVersion=2014122, validReqPeriod=7200000, maxReqProduct=100, forceKitIfKit=false, backoff=120000, enable=true, defaultLimit=RateLimitConfig{maxCalls=1, timeWindowSeconds=7200, callIntervalSeconds=0}, productLimits={global-domain_1281=RateLimitConfig{maxCalls=1, timeWindowSeconds=7200, callIntervalSeconds=0}, 50351=RateLimitConfig{maxCalls=1, timeWindowSeconds=7200, callIntervalSeconds=0}, compass_20092=RateLimitConfig{maxCalls=1, timeWindowSeconds=7200, callIntervalSeconds=0}, global-domain_1961=RateLimitConfig{maxCalls=1, timeWindowSeconds=7200, callIntervalSeconds=0}, compass_2=RateLimitConfig{maxCalls=1, timeWindowSeconds=7200, callIntervalSeconds=0}, mdp_2047=RateLimitConfig{maxCalls=1, timeWindowSeconds=7200, callIntervalSeconds=0}, mdp_2296=RateLimitConfig{maxCalls=1, timeWindowSeconds=7200, callIntervalSeconds=0}, compass_143100=RateLimitConfig{maxCalls=1, timeWindowSeconds=7200, callIntervalSeconds=0}})
06-11 10:32:13.313 11083 11791 D CloudConfig_stgyHelper: getSupportKitMode localSdkVersion : 1227
06-11 10:32:13.319 11083 11741 I MSP-LOG-SDK-MspSdk: Sdk has initialized! version:2.0.1.14
06-11 10:32:13.320 11083 11791 D CloudConfig_stgyHelper: mspVersionCanSupport mspKitVersion : 2021620
06-11 10:32:13.320 11083 11741 E MSP-LOG-SDK-RateLimitManager: not_allow_invoke because of time_window_not_allow queue = [1781143252335], config = RateLimitConfig{maxCalls=1, timeWindowSeconds=7200, callIntervalSeconds=0}, ipcInvokeTimeQueueMapKey = com.heytap.nearx.tangramconfig.kit.client.ICloudCtrlServiceModule?@?compass_20092?@?3?@?com.coloros.phonemanager, has already call 1 times in 7200 seconds before
06-11 10:32:13.321 11083 11791 D CloudConfig_stgyHelper: getSupportKitMode strategyEntity : StrategyEntity(sdkInterval=1800000, strategyMode=1, minSDKVersion=1000, minKitVersion=2014122, validReqPeriod=7200000, maxReqProduct=100, forceKitIfKit=false, backoff=120000, enable=true, defaultLimit=RateLimitConfig{maxCalls=1, timeWindowSeconds=7200, callIntervalSeconds=0}, productLimits={global-domain_1281=RateLimitConfig{maxCalls=1, timeWindowSeconds=7200, callIntervalSeconds=0}, 50351=RateLimitConfig{maxCalls=1, timeWindowSeconds=7200, callIntervalSeconds=0}, compass_20092=RateLimitConfig{maxCalls=1, timeWindowSeconds=7200, callIntervalSeconds=0}, global-domain_1961=RateLimitConfig{maxCalls=1, timeWindowSeconds=7200, callIntervalSeconds=0}, compass_2=RateLimitConfig{maxCalls=1, timeWindowSeconds=7200, callIntervalSeconds=0}, mdp_2047=RateLimitConfig{maxCalls=1, timeWindowSeconds=7200, callIntervalSeconds=0}, mdp_2296=RateLimitConfig{maxCalls=1, timeWindowSeconds=7200, callIntervalSeconds=0}, compass_143100=RateLimitConfig{maxCalls=1, timeWindowSeconds=7200, callIntervalSeconds=0}})
06-11 10:32:13.321 11083 11791 D CloudConfig_stgyHelper: getSupportKitMode localSdkVersion : 1227
06-11 10:32:13.321 11083 11741 E MSP-LOG-SDK-: MspSdkException{code=3014,message=com.heytap.mspsdk.ratelimit.MspRateLimitExceededException: ipc rate limit exceeded in time window}
06-11 10:32:13.321 11083 11741 E MSP-LOG-SDK-: 	at com.heytap.mspsdk.ratelimit.b.a(RateLimitInterceptor.java:56)
06-11 10:32:13.321 11083 11741 E MSP-LOG-SDK-: 	at com.heytap.mspsdk.interceptor.c.a(StandardListChain.java:40)
06-11 10:32:13.321 11083 11741 E MSP-LOG-SDK-: 	at com.heytap.mspsdk.proxy.b.a(CompatCheckInterceptor.java:30)
06-11 10:32:13.321 11083 11741 E MSP-LOG-SDK-: 	at com.heytap.mspsdk.interceptor.c.a(StandardListChain.java:40)
06-11 10:32:13.321 11083 11741 E MSP-LOG-SDK-: 	at com.heytap.mspsdk.proxy.e.invoke(InnerInvocationHandler.java:202)
06-11 10:32:13.321 11083 11741 E MSP-LOG-SDK-: 	at java.lang.reflect.Proxy.invoke(Proxy.java:1006)
06-11 10:32:13.321 11083 11741 E MSP-LOG-SDK-: 	at $Proxy12.gatewayUpdate(Unknown Source)
06-11 10:32:13.321 11083 11741 E MSP-LOG-SDK-: 	at com.heytap.nearx.tangramconfig.kit.client.KitProxy.gatewayUpdate$lambda$2(KitProxy.kt:20)
06-11 10:32:13.321 11083 11741 E MSP-LOG-SDK-: 	at com.heytap.nearx.tangramconfig.kit.client.KitProxy.a(KitProxy.kt:1)
06-11 10:32:13.321 11083 11741 E MSP-LOG-SDK-: 	at com.heytap.nearx.tangramconfig.kit.client.a.run(R8$$SyntheticClass:9)
06-11 10:32:13.321 11083 11741 E MSP-LOG-SDK-: 	at java.util.concurrent.ThreadPoolExecutor.runWorker(ThreadPoolExecutor.java:1156)
06-11 10:32:13.321 11083 11741 E MSP-LOG-SDK-: 	at java.util.concurrent.ThreadPoolExecutor$Worker.run(ThreadPoolExecutor.java:651)
06-11 10:32:13.321 11083 11741 E MSP-LOG-SDK-: 	at java.lang.Thread.run(Thread.java:1119)
06-11 10:32:13.322 11083 11791 D CloudConfig_stgyHelper: mspVersionCanSupport mspKitVersion : 2021620
06-11 10:32:13.322  1667 15952 I sensors-hal: handle_oplus_wise_rgb_event:230, wise_rgb:algo_type = 3
06-11 10:32:13.322  1667 15952 I sensors-hal: handle_oplus_wise_rgb_event:285, wise_rgb: raw_lux 552.847778, raw_cct 6530.811523, r/g/b/c: 41892.421875/36702.773438/20896.042969/93983.546875, R/G/B: 0.000000/0.000000/0.000000, brl 1529.000000, lux: 552.847778, cct: 6530.811523, ts 242530638868766, cnt 3308
06-11 10:32:13.322  1667 15988 I sensors-hal: get_brightness:1652, light_iface: get_brightness, brl 1529, pwm_turbo_on 0/0, hbm_dc 0
06-11 10:32:13.323 11083 11791 D CloudConfig_stgyHelper: getSupportKitMode strategyEntity : StrategyEntity(sdkInterval=1800000, strategyMode=1, minSDKVersion=1000, minKitVersion=2014122, validReqPeriod=7200000, maxReqProduct=100, forceKitIfKit=false, backoff=120000, enable=true, defaultLimit=RateLimitConfig{maxCalls=1, timeWindowSeconds=7200, callIntervalSeconds=0}, productLimits={global-domain_1281=RateLimitConfig{maxCalls=1, timeWindowSeconds=7200, callIntervalSeconds=0}, 50351=RateLimitConfig{maxCalls=1, timeWindowSeconds=7200, callIntervalSeconds=0}, compass_20092=RateLimitConfig{maxCalls=1, timeWindowSeconds=7200, callIntervalSeconds=0}, global-domain_1961=RateLimitConfig{maxCalls=1, timeWindowSeconds=7200, callIntervalSeconds=0}, compass_2=RateLimitConfig{maxCalls=1, timeWindowSeconds=7200, callIntervalSeconds=0}, mdp_2047=RateLimitConfig{maxCalls=1, timeWindowSeconds=7200, callIntervalSeconds=0}, mdp_2296=RateLimitConfig{maxCalls=1, timeWindowSeconds=7200, callIntervalSeconds=0}, compass_143100=RateLimitConfig{maxCalls=1, timeWindowSeconds=7200, callIntervalSeconds=0}})
06-11 10:32:13.323 11083 11791 D CloudConfig_stgyHelper: getSupportKitMode localSdkVersion : 1227
06-11 10:32:13.324  3189  6314 I AICCTModule: SensorFilter: findSecondNearestValue, sensorValue: 6271.1885 nearestMaxValue:6329.967 secondNearestValue: 6346.8564
06-11 10:32:13.324  3189  6314 I AICCTModule: SensorFilter: findSecondNearestValue, sensorValue: 317.91614 nearestMaxValue:372.69708 secondNearestValue: 429.4538
06-11 10:32:13.324  3189  6314 I AICCTModule: AICurveModel: findPointByX x:13.366716, rightPoint:Point:(13.37, 6819.781, 6819.781)
06-11 10:32:13.324  3189  6314 I AICCTModule: AICurveModel: StablePoints has no dragSplineLine
06-11 10:32:13.324  3189  6314 I AICCTModule: AICurveModel: findPointByY y:6773.393, rightPoint:Point:(13.32, 6773.393, 6773.393)
06-11 10:32:13.324  3189  6314 I AICCTModule: AICurveModel: findPointByY y:6773.393, rightPoint:Point:(13.32, 6773.393, 6773.393)
06-11 10:32:13.324  3189  6314 I AICCTModule: AICurveModel: findPointByY y:6773.393, rightPoint:Point:(13.32, 6773.393, 6773.393)
06-11 10:32:13.324  3189  6314 I AICCTModule: AICurveModel: StablePoints y1Left:6773.393, y2Left:0.0, leftY:6773.393
06-11 10:32:13.324 11083 11778 I MSP-LOG-SDK-MspSdk: Sdk has initialized! version:2.0.1.14
06-11 10:32:13.325  3189  6314 I AICCTModule: AICurveModel: findPointByY y:6773.393, rightPoint:Point:(13.32, 6773.393, 6773.393)
06-11 10:32:13.326 11083 11778 E MSP-LOG-SDK-RateLimitManager: not_allow_invoke because of time_window_not_allow queue = [1781143252335], config = RateLimitConfig{maxCalls=1, timeWindowSeconds=7200, callIntervalSeconds=0}, ipcInvokeTimeQueueMapKey = com.heytap.nearx.tangramconfig.kit.client.ICloudCtrlServiceModule?@?compass_143100?@?3?@?com.coloros.phonemanager, has already call 1 times in 7200 seconds before
06-11 10:32:13.326  3189  6314 I AICCTModule: AICurveModel: findPointByY y:6773.393, rightPoint:Point:(13.32, 6773.393, 6773.393)
06-11 10:32:13.326  3189  6314 I AICCTModule: AICurveModel: getNextPoint isLargeChange, 6352.0894, 6819.781
06-11 10:32:13.326 11083 11778 E MSP-LOG-SDK-: MspSdkException{code=3014,message=com.heytap.mspsdk.ratelimit.MspRateLimitExceededException: ipc rate limit exceeded in time window}
06-11 10:32:13.326 11083 11778 E MSP-LOG-SDK-: 	at com.heytap.mspsdk.ratelimit.b.a(RateLimitInterceptor.java:56)
06-11 10:32:13.326 11083 11778 E MSP-LOG-SDK-: 	at com.heytap.mspsdk.interceptor.c.a(StandardListChain.java:40)
06-11 10:32:13.326 11083 11778 E MSP-LOG-SDK-: 	at com.heytap.mspsdk.proxy.b.a(CompatCheckInterceptor.java:30)
06-11 10:32:13.326 11083 11778 E MSP-LOG-SDK-: 	at com.heytap.mspsdk.interceptor.c.a(StandardListChain.java:40)
06-11 10:32:13.326 11083 11778 E MSP-LOG-SDK-: 	at com.heytap.mspsdk.proxy.e.invoke(InnerInvocationHandler.java:202)
06-11 10:32:13.326 11083 11778 E MSP-LOG-SDK-: 	at java.lang.reflect.Proxy.invoke(Proxy.java:1006)
06-11 10:32:13.326 11083 11778 E MSP-LOG-SDK-: 	at $Proxy12.gatewayUpdate(Unknown Source)
06-11 10:32:13.326 11083 11778 E MSP-LOG-SDK-: 	at com.heytap.nearx.tangramconfig.kit.client.KitProxy.gatewayUpdate$lambda$2(KitProxy.kt:20)
06-11 10:32:13.326 11083 11778 E MSP-LOG-SDK-: 	at com.heytap.nearx.tangramconfig.kit.client.KitProxy.a(KitProxy.kt:1)
06-11 10:32:13.326 11083 11778 E MSP-LOG-SDK-: 	at com.heytap.nearx.tangramconfig.kit.client.a.run(R8$$SyntheticClass:9)
06-11 10:32:13.326 11083 11778 E MSP-LOG-SDK-: 	at java.util.concurrent.ThreadPoolExecutor.runWorker(ThreadPoolExecutor.java:1156)
06-11 10:32:13.326 11083 11778 E MSP-LOG-SDK-: 	at java.util.concurrent.ThreadPoolExecutor$Worker.run(ThreadPoolExecutor.java:651)
06-11 10:32:13.326 11083 11778 E MSP-LOG-SDK-: 	at java.lang.Thread.run(Thread.java:1119)
06-11 10:32:13.326  3189  6314 I AICCTModule: AICurveModel: handleUpdateCCT cct change from:(6272.639648,6773.393066)->(6352.089355,6819.780762),curPoint(6352.089355,6819.780762),stablePoint=LeftLarge(6272.6396,6773.393)-RightLarge(6272.6396,6773.393),LeftSmall(6272.6396,6773.393)-RightSmall(6272.6396,6773.393),TLSmall(6272.6396,6773.393)-TRSmall(6272.6396,6773.393)
06-11 10:32:13.326  3189  6314 I AICCTModule: AICurveModel: onTargetCCTChange cct change to 6819.781
06-11 10:32:13.346  3189  3806 E OplusInputDeviceUtil: api level < 36 or inputDevice is null, return false
06-11 10:32:13.346  3189  3806 D KEYLOG_KeyGestureControllerExtlmpl: interceptOldShortcuts, mIsShortCutMenuShow = false mPendingMetaActionForOld = false mLongPressHandled = false
06-11 10:32:13.347  3189  3806 D STKeyLog_StrategyPadKeyBoardShortcut: excuteShortCut, interactive = true
06-11 10:32:13.347  3189  3806 D OplusCustomizeRestrictionManagerService: isLongPressVolumeUpDisabled start
06-11 10:32:13.348  3189  3332 D PowerManagerService: userActivityNoUpdateLocked: groupId=0, eventTime=200626919, event=button, flags=0x0, uid=1000
06-11 10:32:13.349  9206  9206 I GlobalHandwriting: onUpdateEditorToolType = 0
06-11 10:32:13.349 27559 27559 I MinimalGlobe: Debug zoom scale=1.18 | tiles vis=43 cached=35 renderSurface=27 exact=27 parent=0 missing=0 unsupported=16 kicked=0 retained=0 z=2-12 targetZ=2-12 texZ=2-12 lod=512 eq=1 qRender=43 qWalk=67 qBal=0 qFrustum=84 qHz=34 qEq2=0 grp=27/0/16 ellAlt=13563.66 sphAlt=8373.81 radius=6386510.81 FPS=59.0 draw=29
06-11 10:32:13.350  3189  5627 D KEYLOG_KeyCombinationManager: down false downTime 200626919 action 1 count 1 isDefaultDisplayInteractive true eventTime 200627073 mDownTimes: {24=200626919}
06-11 10:32:13.351  3189  5627 D KEYLOG_PhoneWindowManagerExtImpl: overrideInterceptKeyBeforeQueueing:KeyEvent { action=ACTION_UP, keyCode=KEYCODE_VOLUME_UP, scanCode=0, metaState=0, flags=0x0, repeatCount=0, eventTime=200627073000000, downTime=200626919000000, deviceId=-1, source=0x0, displayId=-1 },  keyguardOn = false,  screenOn = true,  policyFlags = 721420288,  SosPowerKeyEnabled = true,  WalletSwitchState = 1,  IsQuickLaunchSupport = true,  IsDoubleCheckAppSupport = false,  isQuickAppOn=false,  canceled = false
06-11 10:32:13.351  3189  5627 D KEYLOG_OplusKeyCombinationManager: down false keyCode 24 count 0 interactive true eventTime 200627073 mDownTimes: {24=200626919}
06-11 10:32:13.351  3189  5627 I OplusJoystickManager: read game pad state for game manager -> false
06-11 10:32:13.351  3189  5627 W OplusJoystickManager: mInterceptGamepadKey is false
06-11 10:32:13.351  3189  5627 D OplusCustomizeRestrictionManagerService: isLongPressVolumeUpDisabled start
06-11 10:32:13.351  3189  5627 I STKeyLog_StrategyDisableBottomKey: onBeforeQueueing : mIsUpGestureMode=false,mDisableBottomKeyMode0
06-11 10:32:13.351  3189  5627 D STKeyLog_StrategyBlackscreenshot: notifyKeyBeforeQueueing, downTime200626919, action=1, interactive=true
06-11 10:32:13.351  3189  5627 D KEYLOG_PhoneWindowManager: interceptKeyBeforeQueueing downTime=200626919 action = 1 interactive=true keyguardActive=false policyFlags=2b000000 isInjected=true isWakeKey=false isKeyGestureTriggered=false
06-11 10:32:13.352  3189  3806 E OplusInputDeviceUtil: api level < 36 or inputDevice is null, return false
06-11 10:32:13.352  3189  3332 D PowerManagerService: userActivityNoUpdateLocked: groupId=0, eventTime=200627073, event=button, flags=0x0, uid=1000
06-11 10:32:13.352  3189  3806 D STKeyLog_StrategyPadKeyBoardShortcut: excuteShortCut, interactive = true
06-11 10:32:13.352  3189  3806 D OplusCustomizeRestrictionManagerService: isLongPressVolumeUpDisabled start
06-11 10:32:13.353  3189  3332 D PowerManagerService: userActivityNoUpdateLocked: groupId=0, eventTime=200627073, event=button, flags=0x0, uid=1000
06-11 10:32:13.365  3189  5079 D MediaSessionService: dispatchVolumeKeyEvent, pkg=com.earthengine.minimalglobe, opPkg=com.earthengine.minimalglobe, pid=27559, uid=10602, asSystem=true, event=KeyEvent { action=ACTION_UP, keyCode=KEYCODE_VOLUME_UP, scanCode=0, metaState=0, flags=0x0, repeatCount=0, eventTime=200627073000000, downTime=200626919000000, deviceId=-1, source=0x0, displayId=-1 }, stream=-2147483648, musicOnly=false
06-11 10:32:13.365  3189  5079 D MediaSessionService: Adjusting suggestedStream=-2147483648 by 0. flags=4116, preferSuggestedStream=false, session=null, musicOnly false
06-11 10:32:13.365  3189  3189 E MediaSessionService: sPid is 3189 sTid:3189
06-11 10:32:13.370  3189  3189 D AudioServiceExtImpl: ringVolumeDefault :0
06-11 10:32:13.371  3189  3189 V AudioServiceExtImpl: oplusGetParameters() keyValuePairs:OPLUS_AUDIO_GET_ADJUSTVOLUME_FORBID, uid: 1000
06-11 10:32:13.371  3189  3189 D AS.AudioService: sendVolumeUpdate streamType=3, index=800, flags=4112
06-11 10:32:13.371  3189  3189 D VolumeController: postVolumeChanged streamType=3, flags=4112
06-11 10:32:13.372  4329  5186 I SystemUi--Volume: vol.VolumeDialogControl-->shouldShowUI wakefulness:2 ,mDeviceInteractive:true ,mShowVolumeDialog:true
06-11 10:32:13.373  4329  5186 I SystemUi--Volume: vol.VolumeDialogControl-->onVolumeChangedW stream:3,flags:4112 ,showUI:false ,fromKey:true ,showVibrateHint:false ,showSilentHint:false ,changed:false
06-11 10:32:13.374  4329  5186 I SystemUi--Volume: vol.VolumeDialogControl-->shouldShowUI wakefulness:2 ,mDeviceInteractive:true ,mShowVolumeDialog:true
06-11 10:32:13.374  4329  4329 I SystemUi--Volume: OplusVolumeDialogImpl-->onVolumeKeyStateChange isMultiMediaSettingsEnable:false,screenState:2
06-11 10:32:13.376 11083 11791 D CloudConfig_stgyHelper: mspVersionCanSupport mspKitVersion : 2021620
06-11 10:32:13.378 11083 11791 D CloudConfig_stgyHelper: getSupportKitMode strategyEntity : StrategyEntity(sdkInterval=1800000, strategyMode=1, minSDKVersion=1000, minKitVersion=2014122, validReqPeriod=7200000, maxReqProduct=100, forceKitIfKit=false, backoff=120000, enable=true, defaultLimit=RateLimitConfig{maxCalls=1, timeWindowSeconds=7200, callIntervalSeconds=0}, productLimits={global-domain_1281=RateLimitConfig{maxCalls=1, timeWindowSeconds=7200, callIntervalSeconds=0}, 50351=RateLimitConfig{maxCalls=1, timeWindowSeconds=7200, callIntervalSeconds=0}, compass_20092=RateLimitConfig{maxCalls=1, timeWindowSeconds=7200, callIntervalSeconds=0}, global-domain_1961=RateLimitConfig{maxCalls=1, timeWindowSeconds=7200, callIntervalSeconds=0}, compass_2=RateLimitConfig{maxCalls=1, timeWindowSeconds=7200, callIntervalSeconds=0}, mdp_2047=RateLimitConfig{maxCalls=1, timeWindowSeconds=7200, callIntervalSeconds=0}, mdp_2296=RateLimitConfig{maxCalls=1, timeWindowSeconds=7200, callIntervalSeconds=0}, compass_143100=RateLimitConfig{maxCalls=1, timeWindowSeconds=7200, callIntervalSeconds=0}})
06-11 10:32:13.378 11083 11791 D CloudConfig_stgyHelper: getSupportKitMode localSdkVersion : 1227
06-11 10:32:13.379 11083 11791 D CloudConfig_stgyHelper: mspVersionCanSupport mspKitVersion : 2021620
06-11 10:32:13.379 11083 11791 D CloudConfig_stgyHelper: getSupportKitMode strategyEntity : StrategyEntity(sdkInterval=1800000, strategyMode=1, minSDKVersion=1000, minKitVersion=2014122, validReqPeriod=7200000, maxReqProduct=100, forceKitIfKit=false, backoff=120000, enable=true, defaultLimit=RateLimitConfig{maxCalls=1, timeWindowSeconds=7200, callIntervalSeconds=0}, productLimits={global-domain_1281=RateLimitConfig{maxCalls=1, timeWindowSeconds=7200, callIntervalSeconds=0}, 50351=RateLimitConfig{maxCalls=1, timeWindowSeconds=7200, callIntervalSeconds=0}, compass_20092=RateLimitConfig{maxCalls=1, timeWindowSeconds=7200, callIntervalSeconds=0}, global-domain_1961=RateLimitConfig{maxCalls=1, timeWindowSeconds=7200, callIntervalSeconds=0}, compass_2=RateLimitConfig{maxCalls=1, timeWindowSeconds=7200, callIntervalSeconds=0}, mdp_2047=RateLimitConfig{maxCalls=1, timeWindowSeconds=7200, callIntervalSeconds=0}, mdp_2296=RateLimitConfig{maxCalls=1, timeWindowSeconds=7200, callIntervalSeconds=0}, compass_143100=RateLimitConfig{maxCalls=1, timeWindowSeconds=7200, callIntervalSeconds=0}})
06-11 10:32:13.380 11083 11791 D CloudConfig_stgyHelper: getSupportKitMode localSdkVersion : 1227
06-11 10:32:13.381 11083 11779 I MSP-LOG-SDK-MspSdk: Sdk has initialized! version:2.0.1.14
06-11 10:32:13.382 11083 11779 E MSP-LOG-SDK-RateLimitManager: not_allow_invoke because of time_window_not_allow queue = [1781143252335], config = RateLimitConfig{maxCalls=1, timeWindowSeconds=7200, callIntervalSeconds=0}, ipcInvokeTimeQueueMapKey = com.heytap.nearx.tangramconfig.kit.client.ICloudCtrlServiceModule?@?compass_20092?@?3?@?com.coloros.phonemanager, has already call 1 times in 7200 seconds before
06-11 10:32:13.382 11083 11791 D CloudConfig_stgyHelper: mspVersionCanSupport mspKitVersion : 2021620
06-11 10:32:13.382 11083 11779 E MSP-LOG-SDK-: MspSdkException{code=3014,message=com.heytap.mspsdk.ratelimit.MspRateLimitExceededException: ipc rate limit exceeded in time window}
06-11 10:32:13.382 11083 11779 E MSP-LOG-SDK-: 	at com.heytap.mspsdk.ratelimit.b.a(RateLimitInterceptor.java:56)
06-11 10:32:13.382 11083 11779 E MSP-LOG-SDK-: 	at com.heytap.mspsdk.interceptor.c.a(StandardListChain.java:40)
06-11 10:32:13.382 11083 11779 E MSP-LOG-SDK-: 	at com.heytap.mspsdk.proxy.b.a(CompatCheckInterceptor.java:30)
06-11 10:32:13.382 11083 11779 E MSP-LOG-SDK-: 	at com.heytap.mspsdk.interceptor.c.a(StandardListChain.java:40)
06-11 10:32:13.382 11083 11779 E MSP-LOG-SDK-: 	at com.heytap.mspsdk.proxy.e.invoke(InnerInvocationHandler.java:202)
06-11 10:32:13.382 11083 11779 E MSP-LOG-SDK-: 	at java.lang.reflect.Proxy.invoke(Proxy.java:1006)
06-11 10:32:13.382 11083 11779 E MSP-LOG-SDK-: 	at $Proxy12.gatewayUpdate(Unknown Source)
06-11 10:32:13.382 11083 11779 E MSP-LOG-SDK-: 	at com.heytap.nearx.tangramconfig.kit.client.KitProxy.gatewayUpdate$lambda$2(KitProxy.kt:20)
06-11 10:32:13.382 11083 11779 E MSP-LOG-SDK-: 	at com.heytap.nearx.tangramconfig.kit.client.KitProxy.a(KitProxy.kt:1)
06-11 10:32:13.382 11083 11779 E MSP-LOG-SDK-: 	at com.heytap.nearx.tangramconfig.kit.client.a.run(R8$$SyntheticClass:9)
06-11 10:32:13.382 11083 11779 E MSP-LOG-SDK-: 	at java.util.concurrent.ThreadPoolExecutor.runWorker(ThreadPoolExecutor.java:1156)
06-11 10:32:13.382 11083 11779 E MSP-LOG-SDK-: 	at java.util.concurrent.ThreadPoolExecutor$Worker.run(ThreadPoolExecutor.java:651)
06-11 10:32:13.382 11083 11779 E MSP-LOG-SDK-: 	at java.lang.Thread.run(Thread.java:1119)
06-11 10:32:13.383 11083 11791 D CloudConfig_stgyHelper: getSupportKitMode strategyEntity : StrategyEntity(sdkInterval=1800000, strategyMode=1, minSDKVersion=1000, minKitVersion=2014122, validReqPeriod=7200000, maxReqProduct=100, forceKitIfKit=false, backoff=120000, enable=true, defaultLimit=RateLimitConfig{maxCalls=1, timeWindowSeconds=7200, callIntervalSeconds=0}, productLimits={global-domain_1281=RateLimitConfig{maxCalls=1, timeWindowSeconds=7200, callIntervalSeconds=0}, 50351=RateLimitConfig{maxCalls=1, timeWindowSeconds=7200, callIntervalSeconds=0}, compass_20092=RateLimitConfig{maxCalls=1, timeWindowSeconds=7200, callIntervalSeconds=0}, global-domain_1961=RateLimitConfig{maxCalls=1, timeWindowSeconds=7200, callIntervalSeconds=0}, compass_2=RateLimitConfig{maxCalls=1, timeWindowSeconds=7200, callIntervalSeconds=0}, mdp_2047=RateLimitConfig{maxCalls=1, timeWindowSeconds=7200, callIntervalSeconds=0}, mdp_2296=RateLimitConfig{maxCalls=1, timeWindowSeconds=7200, callIntervalSeconds=0}, compass_143100=RateLimitConfig{maxCalls=1, timeWindowSeconds=7200, callIntervalSeconds=0}})
06-11 10:32:13.383 11083 11791 D CloudConfig_stgyHelper: getSupportKitMode localSdkVersion : 1227
06-11 10:32:13.384 11083 11791 D CloudConfig_stgyHelper: mspVersionCanSupport mspKitVersion : 2021620
06-11 10:32:13.385 11083 11791 D CloudConfig_stgyHelper: getSupportKitMode strategyEntity : StrategyEntity(sdkInterval=1800000, strategyMode=1, minSDKVersion=1000, minKitVersion=2014122, validReqPeriod=7200000, maxReqProduct=100, forceKitIfKit=false, backoff=120000, enable=true, defaultLimit=RateLimitConfig{maxCalls=1, timeWindowSeconds=7200, callIntervalSeconds=0}, productLimits={global-domain_1281=RateLimitConfig{maxCalls=1, timeWindowSeconds=7200, callIntervalSeconds=0}, 50351=RateLimitConfig{maxCalls=1, timeWindowSeconds=7200, callIntervalSeconds=0}, compass_20092=RateLimitConfig{maxCalls=1, timeWindowSeconds=7200, callIntervalSeconds=0}, global-domain_1961=RateLimitConfig{maxCalls=1, timeWindowSeconds=7200, callIntervalSeconds=0}, compass_2=RateLimitConfig{maxCalls=1, timeWindowSeconds=7200, callIntervalSeconds=0}, mdp_2047=RateLimitConfig{maxCalls=1, timeWindowSeconds=7200, callIntervalSeconds=0}, mdp_2296=RateLimitConfig{maxCalls=1, timeWindowSeconds=7200, callIntervalSeconds=0}, compass_143100=RateLimitConfig{maxCalls=1, timeWindowSeconds=7200, callIntervalSeconds=0}})
06-11 10:32:13.385 11083 11791 D CloudConfig_stgyHelper: getSupportKitMode localSdkVersion : 1227
06-11 10:32:13.387 11083 11738 I MSP-LOG-SDK-MspSdk: Sdk has initialized! version:2.0.1.14
06-11 10:32:13.387 11083 11738 E MSP-LOG-SDK-RateLimitManager: not_allow_invoke because of time_window_not_allow queue = [1781143252335], config = RateLimitConfig{maxCalls=1, timeWindowSeconds=7200, callIntervalSeconds=0}, ipcInvokeTimeQueueMapKey = com.heytap.nearx.tangramconfig.kit.client.ICloudCtrlServiceModule?@?compass_143100?@?3?@?com.coloros.phonemanager, has already call 1 times in 7200 seconds before
06-11 10:32:13.388 11083 11738 E MSP-LOG-SDK-: MspSdkException{code=3014,message=com.heytap.mspsdk.ratelimit.MspRateLimitExceededException: ipc rate limit exceeded in time window}
06-11 10:32:13.388 11083 11738 E MSP-LOG-SDK-: 	at com.heytap.mspsdk.ratelimit.b.a(RateLimitInterceptor.java:56)
06-11 10:32:13.388 11083 11738 E MSP-LOG-SDK-: 	at com.heytap.mspsdk.interceptor.c.a(StandardListChain.java:40)
06-11 10:32:13.388 11083 11738 E MSP-LOG-SDK-: 	at com.heytap.mspsdk.proxy.b.a(CompatCheckInterceptor.java:30)
06-11 10:32:13.388 11083 11738 E MSP-LOG-SDK-: 	at com.heytap.mspsdk.interceptor.c.a(StandardListChain.java:40)
06-11 10:32:13.388 11083 11738 E MSP-LOG-SDK-: 	at com.heytap.mspsdk.proxy.e.invoke(InnerInvocationHandler.java:202)
06-11 10:32:13.388 11083 11738 E MSP-LOG-SDK-: 	at java.lang.reflect.Proxy.invoke(Proxy.java:1006)
06-11 10:32:13.388 11083 11738 E MSP-LOG-SDK-: 	at $Proxy12.gatewayUpdate(Unknown Source)
06-11 10:32:13.388 11083 11738 E MSP-LOG-SDK-: 	at com.heytap.nearx.tangramconfig.kit.client.KitProxy.gatewayUpdate$lambda$2(KitProxy.kt:20)
06-11 10:32:13.388 11083 11738 E MSP-LOG-SDK-: 	at com.heytap.nearx.tangramconfig.kit.client.KitProxy.a(KitProxy.kt:1)
06-11 10:32:13.388 11083 11738 E MSP-LOG-SDK-: 	at com.heytap.nearx.tangramconfig.kit.client.a.run(R8$$SyntheticClass:9)
06-11 10:32:13.388 11083 11738 E MSP-LOG-SDK-: 	at java.util.concurrent.ThreadPoolExecutor.runWorker(ThreadPoolExecutor.java:1156)
06-11 10:32:13.388 11083 11738 E MSP-LOG-SDK-: 	at java.util.concurrent.ThreadPoolExecutor$Worker.run(ThreadPoolExecutor.java:651)
06-11 10:32:13.388 11083 11738 E MSP-LOG-SDK-: 	at java.lang.Thread.run(Thread.java:1119)
06-11 10:32:13.519  1699  1958 D IRIS_LOG_SERV: panelReadWrite: type 255 set color matrix
06-11 10:32:13.521  1699  2116 D IRIS_LOG_SERV: InternalConfig: 191 0
06-11 10:32:13.521  1699  2116 D IRIS_LOG_SERV: InternalConfig: 191 0 ret: 0
06-11 10:32:13.522  1667 15952 I sensors-hal: handle_oplus_wise_rgb_event:230, wise_rgb:algo_type = 3
06-11 10:32:13.522  1667 15952 I sensors-hal: handle_oplus_wise_rgb_event:285, wise_rgb: raw_lux 548.034180, raw_cct 6507.281738, r/g/b/c: 41695.089844/36419.066406/20734.501953/93553.226562, R/G/B: 0.000000/0.000000/0.000000, brl 1529.000000, lux: 548.034180, cct: 6507.281738, ts 242530838636266, cnt 3309
06-11 10:32:13.678  3189  3848 D InetDiagMessage: Destroyed 0 sockets, proto=IPPROTO_TCP, family=AF_INET, states=14
06-11 10:32:13.679  3189  3848 D InetDiagMessage: Destroyed 0 sockets, proto=IPPROTO_TCP, family=AF_INET6, states=14
06-11 10:32:13.679  3189  3848 D InetDiagMessage: Destroyed live tcp sockets for uids={10307} in 2ms
06-11 10:32:13.680  3189  3848 D InetDiagMessage: Destroyed 0 sockets, proto=IPPROTO_TCP, family=AF_INET, states=14
06-11 10:32:13.681  3189  3848 D InetDiagMessage: Destroyed 0 sockets, proto=IPPROTO_TCP, family=AF_INET6, states=14
06-11 10:32:13.681  3189  3848 D InetDiagMessage: Destroyed live tcp sockets for uids={20307} in 2ms
06-11 10:32:13.698  4639  8246 D CommonApp-194-10602: commonScoreStrategy scenarios 1
06-11 10:32:13.698  4639  8246 D CommonApp-194-10602: notifyScoreChange appScene COMMON score 100
06-11 10:32:13.698  4639  8246 D ScorePolicy: handleScoreChanged: []
06-11 10:32:13.698  4639  8246 D ScorePolicy: handleScoreChanged: []
06-11 10:32:13.698  4639  8246 D ScorePolicy: handleScoreChanged: []
06-11 10:32:13.721  1667 15952 I sensors-hal: handle_oplus_wise_rgb_event:230, wise_rgb:algo_type = 3
06-11 10:32:13.722  1667 15952 I sensors-hal: handle_oplus_wise_rgb_event:285, wise_rgb: raw_lux 546.731934, raw_cct 6454.421387, r/g/b/c: 41210.496094/36117.042969/20393.142578/92320.320312, R/G/B: 0.000000/0.000000/0.000000, brl 1529.000000, lux: 546.731934, cct: 6454.421387, ts 242531038440277, cnt 3310
06-11 10:32:13.794 11083 13837 I os.phonemanager: AssetManager2(0xb400007932653428) locale list changing from [] to [zh-CN]
06-11 10:32:13.802  1699  1958 D IRIS_LOG_SERV: panelReadWrite: type 255 set color matrix
06-11 10:32:13.802  1699  2116 D IRIS_LOG_SERV: InternalConfig: 191 0
06-11 10:32:13.802  1699  2116 D IRIS_LOG_SERV: InternalConfig: 191 0 ret: 0
06-11 10:32:13.810 11083 13837 I os.phonemanager: AssetManager2(0xb400007a7dbdb328) locale list changing from [] to [zh-CN]
06-11 10:32:13.812  3189  4691 D KEYLOG_KeyCombinationManager: down true downTime 200627535 action 0 count 0 isDefaultDisplayInteractive true eventTime 200627535 mDownTimes: {}
06-11 10:32:13.812  3189  4691 D KEYLOG_PhoneWindowManagerExtImpl: overrideInterceptKeyBeforeQueueing:KeyEvent { action=ACTION_DOWN, keyCode=KEYCODE_VOLUME_UP, scanCode=0, metaState=0, flags=0x0, repeatCount=0, eventTime=200627535000000, downTime=200627535000000, deviceId=-1, source=0x0, displayId=-1 },  keyguardOn = false,  screenOn = true,  policyFlags = 721420288,  SosPowerKeyEnabled = true,  WalletSwitchState = 1,  IsQuickLaunchSupport = true,  IsDoubleCheckAppSupport = false,  isQuickAppOn=false,  canceled = false
06-11 10:32:13.812  3189  4691 D KEYLOG_OplusKeyCombinationManager: down true keyCode 24 count 0 interactive true eventTime 200627535 mDownTimes: {}
06-11 10:32:13.813  3189  4691 I OplusJoystickManager: read game pad state for game manager -> false
06-11 10:32:13.813  3189  4691 W OplusJoystickManager: mInterceptGamepadKey is false
06-11 10:32:13.813  3189  4691 D OplusCustomizeRestrictionManagerService: isLongPressVolumeUpDisabled start
06-11 10:32:13.813  3189  4691 I STKeyLog_StrategyDisableBottomKey: onBeforeQueueing : mIsUpGestureMode=false,mDisableBottomKeyMode0
06-11 10:32:13.813  3189  4691 D STKeyLog_StrategyBlackscreenshot: notifyKeyBeforeQueueing, downTime200627535, action=0, interactive=true
06-11 10:32:13.814  3189  4691 D KEYLOG_PhoneWindowManager: interceptKeyBeforeQueueing downTime=200627535 action = 0 interactive=true keyguardActive=false policyFlags=2b000000 isInjected=true isWakeKey=false isKeyGestureTriggered=false
06-11 10:32:13.815  3189  4691 I VibratorManagerServiceExtImpl: cancelVibrate uid=1000, pid=3189, usageFilter=-15, token=193946947
06-11 10:32:13.815  4329 24909 D RingtonePlayer: stopAsync()
06-11 10:32:13.815  4329 24909 D RingtonePlayer: stop
06-11 10:32:13.815  3189  4691 D AS.AudioService: uid 1000, callingApp = android.uid.system:1000
06-11 10:32:13.817  3189  3332 D PowerManagerService: userActivityNoUpdateLocked: groupId=0, eventTime=200627535, event=button, flags=0x0, uid=1000
06-11 10:32:13.818  1699  1958 D IRIS_LOG_SERV: panelReadWrite: type 255 set color matrix
06-11 10:32:13.818  1800  1924 D BatteryChargeControl: bcc get no support from charging protocol
06-11 10:32:13.818  1699  2116 D IRIS_LOG_SERV: InternalConfig: 191 0
06-11 10:32:13.818  1699  2116 D IRIS_LOG_SERV: InternalConfig: 191 0 ret: 0
06-11 10:32:13.822 11083 13837 I os.phonemanager: AssetManager2(0xb400007a7dbdb628) locale list changing from [] to [zh-CN]
06-11 10:32:13.829 11083 13837 I os.phonemanager: AssetManager2(0xb400007a7dbdb028) locale list changing from [] to [zh-CN]
06-11 10:32:13.840 11083 13837 I os.phonemanager: AssetManager2(0xb400007a7dbdce28) locale list changing from [] to [zh-CN]
06-11 10:32:13.847 11083 13837 I os.phonemanager: AssetManager2(0xb400007a7dbdbc28) locale list changing from [] to [zh-CN]
06-11 10:32:13.857 11083 13837 I os.phonemanager: AssetManager2(0xb400007a7dbdd728) locale list changing from [] to [zh-CN]
06-11 10:32:13.870 11083 13837 I os.phonemanager: AssetManager2(0xb400007a7dbdda28) locale list changing from [] to [zh-CN]
06-11 10:32:13.883 11083 13837 I os.phonemanager: AssetManager2(0xb400007a7dbddd28) locale list changing from [] to [zh-CN]
06-11 10:32:13.917 11083 13837 I os.phonemanager: AssetManager2(0xb40000793be7ac28) locale list changing from [] to [zh-CN]
06-11 10:32:13.921  1667 15952 I sensors-hal: handle_oplus_wise_rgb_event:230, wise_rgb:algo_type = 3
06-11 10:32:13.921  1667 15952 I sensors-hal: handle_oplus_wise_rgb_event:285, wise_rgb: raw_lux 550.355347, raw_cct 6371.434570, r/g/b/c: 41084.671875/36110.234375/20165.275391/92322.656250, R/G/B: 0.000000/0.000000/0.000000, brl 1529.000000, lux: 550.355347, cct: 6371.434570, ts 242531238214496, cnt 3311
06-11 10:32:13.932 11083 13837 I os.phonemanager: AssetManager2(0xb40000793be7af28) locale list changing from [] to [zh-CN]
06-11 10:32:13.949 11083 13837 I os.phonemanager: AssetManager2(0xb40000793be7b228) locale list changing from [] to [zh-CN]
06-11 10:32:13.959 11083 13837 I os.phonemanager: AssetManager2(0xb40000793be7c128) locale list changing from [] to [zh-CN]
06-11 10:32:13.963  3189  3806 E OplusInputDeviceUtil: api level < 36 or inputDevice is null, return false
06-11 10:32:13.963  3189  3806 D KEYLOG_KeyGestureControllerExtlmpl: interceptOldShortcuts, mIsShortCutMenuShow = false mPendingMetaActionForOld = false mLongPressHandled = false
06-11 10:32:13.963  3189  3806 D STKeyLog_StrategyPadKeyBoardShortcut: excuteShortCut, interactive = true
06-11 10:32:13.963  3189  3806 D OplusCustomizeRestrictionManagerService: isLongPressVolumeUpDisabled start
06-11 10:32:13.964  3189  3332 D PowerManagerService: userActivityNoUpdateLocked: groupId=0, eventTime=200627535, event=button, flags=0x0, uid=1000
06-11 10:32:13.965  9206  9206 I GlobalHandwriting: onUpdateEditorToolType = 0
06-11 10:32:13.965 11083 13837 I os.phonemanager: AssetManager2(0xb40000793be7c428) locale list changing from [] to [zh-CN]
06-11 10:32:13.965 27559 27559 I MinimalGlobe: Debug zoom scale=1.18 | tiles vis=41 cached=35 renderSurface=25 exact=25 parent=0 missing=0 unsupported=16 kicked=0 retained=0 z=2-12 targetZ=2-12 texZ=2-12 lod=512 eq=1 qRender=41 qWalk=65 qBal=0 qFrustum=80 qHz=34 qEq2=0 grp=25/0/16 ellAlt=11122.20 sphAlt=5932.36 radius=6384069.36 FPS=60.1 draw=27
06-11 10:32:13.966  3189  4691 D KEYLOG_KeyCombinationManager: down false downTime 200627535 action 1 count 1 isDefaultDisplayInteractive true eventTime 200627688 mDownTimes: {24=200627535}
06-11 10:32:13.966  3189  4691 D KEYLOG_PhoneWindowManagerExtImpl: overrideInterceptKeyBeforeQueueing:KeyEvent { action=ACTION_UP, keyCode=KEYCODE_VOLUME_UP, scanCode=0, metaState=0, flags=0x0, repeatCount=0, eventTime=200627688000000, downTime=200627535000000, deviceId=-1, source=0x0, displayId=-1 },  keyguardOn = false,  screenOn = true,  policyFlags = 721420288,  SosPowerKeyEnabled = true,  WalletSwitchState = 1,  IsQuickLaunchSupport = true,  IsDoubleCheckAppSupport = false,  isQuickAppOn=false,  canceled = false
06-11 10:32:13.966  3189  4691 D KEYLOG_OplusKeyCombinationManager: down false keyCode 24 count 0 interactive true eventTime 200627688 mDownTimes: {24=200627535}
06-11 10:32:13.967  3189  4691 I OplusJoystickManager: read game pad state for game manager -> false
06-11 10:32:13.967  3189  4691 W OplusJoystickManager: mInterceptGamepadKey is false
06-11 10:32:13.967  3189  4691 D OplusCustomizeRestrictionManagerService: isLongPressVolumeUpDisabled start
06-11 10:32:13.967  3189  4691 I STKeyLog_StrategyDisableBottomKey: onBeforeQueueing : mIsUpGestureMode=false,mDisableBottomKeyMode0
06-11 10:32:13.967  3189  4691 D STKeyLog_StrategyBlackscreenshot: notifyKeyBeforeQueueing, downTime200627535, action=1, interactive=true
06-11 10:32:13.967  3189  4691 D KEYLOG_PhoneWindowManager: interceptKeyBeforeQueueing downTime=200627535 action = 1 interactive=true keyguardActive=false policyFlags=2b000000 isInjected=true isWakeKey=false isKeyGestureTriggered=false
06-11 10:32:13.967  3189  3806 E OplusInputDeviceUtil: api level < 36 or inputDevice is null, return false
06-11 10:32:13.968  3189  3332 D PowerManagerService: userActivityNoUpdateLocked: groupId=0, eventTime=200627688, event=button, flags=0x0, uid=1000
06-11 10:32:13.968  3189  3806 D STKeyLog_StrategyPadKeyBoardShortcut: excuteShortCut, interactive = true
06-11 10:32:13.968  3189  3806 D OplusCustomizeRestrictionManagerService: isLongPressVolumeUpDisabled start
06-11 10:32:13.968  3189  3332 D PowerManagerService: userActivityNoUpdateLocked: groupId=0, eventTime=200627688, event=button, flags=0x0, uid=1000
06-11 10:32:13.972 11083 13837 I os.phonemanager: AssetManager2(0xb400007a7dbdb328) locale list changing from [] to [zh-CN]
06-11 10:32:13.980  3189  5079 D MediaSessionService: dispatchVolumeKeyEvent, pkg=com.earthengine.minimalglobe, opPkg=com.earthengine.minimalglobe, pid=27559, uid=10602, asSystem=true, event=KeyEvent { action=ACTION_UP, keyCode=KEYCODE_VOLUME_UP, scanCode=0, metaState=0, flags=0x0, repeatCount=0, eventTime=200627688000000, downTime=200627535000000, deviceId=-1, source=0x0, displayId=-1 }, stream=-2147483648, musicOnly=false
06-11 10:32:13.980  3189  5079 D MediaSessionService: Adjusting suggestedStream=-2147483648 by 0. flags=4116, preferSuggestedStream=false, session=null, musicOnly false
06-11 10:32:13.980  3189  3189 E MediaSessionService: sPid is 3189 sTid:3189
06-11 10:32:13.983  3189  3189 D AudioServiceExtImpl: ringVolumeDefault :0
06-11 10:32:13.983  3189  3189 V AudioServiceExtImpl: oplusGetParameters() keyValuePairs:OPLUS_AUDIO_GET_ADJUSTVOLUME_FORBID, uid: 1000
06-11 10:32:13.984  3189  3189 D AS.AudioService: sendVolumeUpdate streamType=3, index=800, flags=4112
06-11 10:32:13.984  3189  3189 D VolumeController: postVolumeChanged streamType=3, flags=4112
06-11 10:32:13.986  4329  5186 I SystemUi--Volume: vol.VolumeDialogControl-->shouldShowUI wakefulness:2 ,mDeviceInteractive:true ,mShowVolumeDialog:true
06-11 10:32:13.988  4329  5186 I SystemUi--Volume: vol.VolumeDialogControl-->onVolumeChangedW stream:3,flags:4112 ,showUI:false ,fromKey:true ,showVibrateHint:false ,showSilentHint:false ,changed:false
06-11 10:32:13.988  4329  5186 I SystemUi--Volume: vol.VolumeDialogControl-->shouldShowUI wakefulness:2 ,mDeviceInteractive:true ,mShowVolumeDialog:true
06-11 10:32:13.988  4329  4329 I SystemUi--Volume: OplusVolumeDialogImpl-->onVolumeKeyStateChange isMultiMediaSettingsEnable:false,screenState:2
06-11 10:32:13.988 11083 13837 I os.phonemanager: AssetManager2(0xb40000793be7ca28) locale list changing from [] to [zh-CN]
06-11 10:32:13.999 11083 13837 I os.phonemanager: AssetManager2(0xb40000793beda928) locale list changing from [] to [zh-CN]
06-11 10:32:14.005 11083 13837 I os.phonemanager: AssetManager2(0xb40000793bedac28) locale list changing from [] to [zh-CN]
06-11 10:32:14.015 11083 13837 I os.phonemanager: AssetManager2(0xb40000793bedaf28) locale list changing from [] to [zh-CN]
06-11 10:32:14.023 11083 13837 I os.phonemanager: AssetManager2(0xb40000793bedbb28) locale list changing from [] to [zh-CN]
06-11 10:32:14.033 11083 13837 I os.phonemanager: AssetManager2(0xb40000793bedb228) locale list changing from [] to [zh-CN]
06-11 10:32:14.040  3189  3841 D WifiStaIfaceHidlImpl: getCachedScanData is not implemented by HIDL
06-11 10:32:14.045 11083 13837 I os.phonemanager: AssetManager2(0xb40000793bedc428) locale list changing from [] to [zh-CN]
06-11 10:32:14.048  4639  4639 D VendorWifiService: onEvent event:9,action:1
06-11 10:32:14.056 11083 13837 I os.phonemanager: AssetManager2(0xb40000793bedc128) locale list changing from [] to [zh-CN]
06-11 10:32:14.056  1656  5403 I vendor.qti.bluetooth@1.0-ibs_handler: [ibs_handler.cpp:778] ProcessIbsCmd: Received IBS_WAKE_IND: 0xFD
06-11 10:32:14.056  1656  5403 D vendor.qti.bluetooth@1.0-ibs_handler: [ibs_handler.cpp:372] SerialClockVote: vote for UART CLK ON
06-11 10:32:14.057  1656  5403 D vendor.qti.bluetooth@1.0-wake_lock: [wake_lock.cpp:135] Acquire wakelock is acquired 
06-11 10:32:14.057  1656  5403 I vendor.qti.bluetooth@1.0-ibs_handler: [ibs_handler.cpp:795] ProcessIbsCmd: Writing IBS_WAKE_ACK
06-11 10:32:14.060  3189  3960 D OplusWifiPower_TriggerCenter: mComponentCallback: wifistat
06-11 10:32:14.072 11083 13837 I os.phonemanager: AssetManager2(0xb40000793bedcd28) locale list changing from [] to [zh-CN]
06-11 10:32:14.085  1699  1958 D IRIS_LOG_SERV: panelReadWrite: type 255 set color matrix
06-11 10:32:14.087  1699  2116 D IRIS_LOG_SERV: InternalConfig: 191 0
06-11 10:32:14.087  1699  2116 D IRIS_LOG_SERV: InternalConfig: 191 0 ret: 0
06-11 10:32:14.095 11083 13837 I os.phonemanager: AssetManager2(0xb400007932651328) locale list changing from [] to [zh-CN]
06-11 10:32:14.098  1656  5403 I vendor.qti.bluetooth@1.0-ibs_handler: [ibs_handler.cpp:825] ProcessIbsCmd: Received IBS_SLEEP_IND: 0xFE
06-11 10:32:14.098  1656  5403 D vendor.qti.bluetooth@1.0-ibs_handler: [ibs_handler.cpp:391] SerialClockVote: vote for UART CLK OFF
06-11 10:32:14.102  3189  3251 W SettingsProvider: notifyForSettingsChange delay for eyeprotect_display_cct, value: 6820, delta: 0, lastNotifyTimestamp: 200627825, minInterval: 10
06-11 10:32:14.121  1667 15952 I sensors-hal: handle_oplus_wise_rgb_event:230, wise_rgb:algo_type = 3
06-11 10:32:14.121  1667 15988 I sensors-hal: handle_oplus_wise_rgb_event:301, oplus wise_rgb sample: (3312)(cct, lux, ir_ratio, r, g, b, c)[6400, 541, 30, 41148, 36159, 20288, 91980]
06-11 10:32:14.121  1667 15952 I sensors-hal: handle_oplus_wise_rgb_event:285, wise_rgb: raw_lux 541.603271, raw_cct 6400.014648, r/g/b/c: 41148.984375/36159.597656/20288.060547/91980.664062, R/G/B: 0.000000/0.000000/0.000000, brl 1529.000000, lux: 541.603271, cct: 6400.014648, ts 242531438003766, cnt 3312
06-11 10:32:14.164 11083 13837 I os.phonemanager: AssetManager2(0xb40000793bedca28) locale list changing from [] to [zh-CN]
06-11 10:32:14.242 11083 13837 I os.phonemanager: AssetManager2(0xb400007932651c28) locale list changing from [] to [zh-CN]
06-11 10:32:14.248  1656  5071 D vendor.qti.bluetooth@1.0-wake_lock: [wake_lock.cpp:158] Release wakelock is released 
06-11 10:32:14.283 11083 13837 I os.phonemanager: AssetManager2(0xb400007932651f28) locale list changing from [] to [zh-CN]
06-11 10:32:14.304 11083 13837 I os.phonemanager: AssetManager2(0xb400007932652e28) locale list changing from [] to [zh-CN]
06-11 10:32:14.323  1667 15952 I sensors-hal: handle_oplus_wise_rgb_event:230, wise_rgb:algo_type = 3
06-11 10:32:14.323  1667 15952 I sensors-hal: handle_oplus_wise_rgb_event:285, wise_rgb: raw_lux 541.350952, raw_cct 6475.829102, r/g/b/c: 41161.335938/36085.574219/20562.054688/92339.421875, R/G/B: 0.000000/0.000000/0.000000, brl 1529.000000, lux: 541.350952, cct: 6475.829102, ts 242531637773350, cnt 3313
06-11 10:32:14.324  1667 15988 I sensors-hal: get_brightness:1652, light_iface: get_brightness, brl 1529, pwm_turbo_on 0/0, hbm_dc 0
06-11 10:32:14.357 11083 13837 I os.phonemanager: AssetManager2(0xb400007932653128) locale list changing from [] to [zh-CN]
06-11 10:32:14.382 11083 13837 I os.phonemanager: AssetManager2(0xb400007932653728) locale list changing from [] to [zh-CN]
06-11 10:32:14.408  3189  5854 D KEYLOG_KeyCombinationManager: down true downTime 200628131 action 0 count 0 isDefaultDisplayInteractive true eventTime 200628131 mDownTimes: {}
06-11 10:32:14.408  3189  5854 D KEYLOG_PhoneWindowManagerExtImpl: overrideInterceptKeyBeforeQueueing:KeyEvent { action=ACTION_DOWN, keyCode=KEYCODE_VOLUME_UP, scanCode=0, metaState=0, flags=0x0, repeatCount=0, eventTime=200628131000000, downTime=200628131000000, deviceId=-1, source=0x0, displayId=-1 },  keyguardOn = false,  screenOn = true,  policyFlags = 721420288,  SosPowerKeyEnabled = true,  WalletSwitchState = 1,  IsQuickLaunchSupport = true,  IsDoubleCheckAppSupport = false,  isQuickAppOn=false,  canceled = false
06-11 10:32:14.408  3189  5854 D KEYLOG_OplusKeyCombinationManager: down true keyCode 24 count 0 interactive true eventTime 200628131 mDownTimes: {}
06-11 10:32:14.408  3189  5854 I OplusJoystickManager: read game pad state for game manager -> false
06-11 10:32:14.408  3189  5854 W OplusJoystickManager: mInterceptGamepadKey is false
06-11 10:32:14.408  3189  5854 D OplusCustomizeRestrictionManagerService: isLongPressVolumeUpDisabled start
06-11 10:32:14.408  3189  5854 I STKeyLog_StrategyDisableBottomKey: onBeforeQueueing : mIsUpGestureMode=false,mDisableBottomKeyMode0
06-11 10:32:14.408  3189  5854 D STKeyLog_StrategyBlackscreenshot: notifyKeyBeforeQueueing, downTime200628131, action=0, interactive=true
06-11 10:32:14.409  3189  5854 D KEYLOG_PhoneWindowManager: interceptKeyBeforeQueueing downTime=200628131 action = 0 interactive=true keyguardActive=false policyFlags=2b000000 isInjected=true isWakeKey=false isKeyGestureTriggered=false
06-11 10:32:14.409  3189  5854 I VibratorManagerServiceExtImpl: cancelVibrate uid=1000, pid=3189, usageFilter=-15, token=193946947
06-11 10:32:14.409  4329  4360 D RingtonePlayer: stopAsync()
06-11 10:32:14.409  4329  4360 D RingtonePlayer: stop
06-11 10:32:14.409  3189  5854 D AS.AudioService: uid 1000, callingApp = android.uid.system:1000
06-11 10:32:14.410  3189  3332 D PowerManagerService: userActivityNoUpdateLocked: groupId=0, eventTime=200628131, event=button, flags=0x0, uid=1000
06-11 10:32:14.423  3189  3992 D OplusNetKit: interface name from LP: [rmnet_data1]
06-11 10:32:14.423  3189  3992 D OplusNetKit: interface name from LP: [wlan0]
06-11 10:32:14.423  3189  3992 D OplusNetKit: in getLpByInterface name from LP: [rmnet_data1]
06-11 10:32:14.423  3189  3992 D OplusNetKit: in getLpByInterface name from LP: [wlan0]
06-11 10:32:14.423  3189  3992 D OplusNetKit: in getLpByInterface name from LP: [rmnet_data1]
06-11 10:32:14.423  3189  3992 D OplusNetKit: in getLpByInterface name from LP: [wlan0]
06-11 10:32:14.431 11083 13837 I os.phonemanager: AssetManager2(0xb400007932651928) locale list changing from [] to [zh-CN]
06-11 10:32:14.464  3189  3992 D OplusArpKit: sendGatewayMacAddress ifaceName=wlan0 gatewayMac=60:**:**:**:83:d8 gatewayIp=192.168.100.***
06-11 10:32:14.465  3189  3990 D OplusNetKit: in getLpByInterface name from LP: [rmnet_data1]
06-11 10:32:14.465  3189  3990 D OplusNetKit: in getLpByInterface name from LP: [wlan0]
06-11 10:32:14.492 11083 13837 I os.phonemanager: AssetManager2(0xb400007931dbcb28) locale list changing from [] to [zh-CN]
06-11 10:32:14.521  1667 15952 I sensors-hal: handle_oplus_wise_rgb_event:230, wise_rgb:algo_type = 3
06-11 10:32:14.521  1667 15952 I sensors-hal: handle_oplus_wise_rgb_event:285, wise_rgb: raw_lux 533.980103, raw_cct 6510.216797, r/g/b/c: 41283.097656/36213.773438/20609.173828/92086.546875, R/G/B: 0.000000/0.000000/0.000000, brl 1529.000000, lux: 533.980103, cct: 6510.216797, ts 242531837542308, cnt 3314
06-11 10:32:14.538 11083 13837 I os.phonemanager: AssetManager2(0xb400007931dbc828) locale list changing from [] to [zh-CN]
06-11 10:32:14.559  3189  3806 E OplusInputDeviceUtil: api level < 36 or inputDevice is null, return false
06-11 10:32:14.559  3189  3806 D KEYLOG_KeyGestureControllerExtlmpl: interceptOldShortcuts, mIsShortCutMenuShow = false mPendingMetaActionForOld = false mLongPressHandled = false
06-11 10:32:14.559  3189  3806 D STKeyLog_StrategyPadKeyBoardShortcut: excuteShortCut, interactive = true
06-11 10:32:14.560  3189  3806 D OplusCustomizeRestrictionManagerService: isLongPressVolumeUpDisabled start
06-11 10:32:14.561  3189  3332 D PowerManagerService: userActivityNoUpdateLocked: groupId=0, eventTime=200628131, event=button, flags=0x0, uid=1000
06-11 10:32:14.562  9206  9206 I GlobalHandwriting: onUpdateEditorToolType = 0
06-11 10:32:14.562 27559 27559 I MinimalGlobe: Debug zoom scale=1.18 | tiles vis=38 cached=35 renderSurface=22 exact=22 parent=0 missing=0 unsupported=16 kicked=0 retained=0 z=2-12 targetZ=2-12 texZ=2-12 lod=512 eq=1 qRender=38 qWalk=63 qBal=0 qFrustum=75 qHz=34 qEq2=0 grp=22/0/16 ellAlt=9120.20 sphAlt=3930.38 radius=6382067.38 FPS=60.0 draw=24
06-11 10:32:14.563  3189  5854 D KEYLOG_KeyCombinationManager: down false downTime 200628131 action 1 count 1 isDefaultDisplayInteractive true eventTime 200628285 mDownTimes: {24=200628131}
06-11 10:32:14.563  3189  5854 D KEYLOG_PhoneWindowManagerExtImpl: overrideInterceptKeyBeforeQueueing:KeyEvent { action=ACTION_UP, keyCode=KEYCODE_VOLUME_UP, scanCode=0, metaState=0, flags=0x0, repeatCount=0, eventTime=200628285000000, downTime=200628131000000, deviceId=-1, source=0x0, displayId=-1 },  keyguardOn = false,  screenOn = true,  policyFlags = 721420288,  SosPowerKeyEnabled = true,  WalletSwitchState = 1,  IsQuickLaunchSupport = true,  IsDoubleCheckAppSupport = false,  isQuickAppOn=false,  canceled = false
06-11 10:32:14.563  3189  5854 D KEYLOG_OplusKeyCombinationManager: down false keyCode 24 count 0 interactive true eventTime 200628285 mDownTimes: {24=200628131}
06-11 10:32:14.563  3189  5854 I OplusJoystickManager: read game pad state for game manager -> false
06-11 10:32:14.564  3189  5854 W OplusJoystickManager: mInterceptGamepadKey is false
06-11 10:32:14.564  3189  5854 D OplusCustomizeRestrictionManagerService: isLongPressVolumeUpDisabled start
06-11 10:32:14.564  3189  5854 I STKeyLog_StrategyDisableBottomKey: onBeforeQueueing : mIsUpGestureMode=false,mDisableBottomKeyMode0
06-11 10:32:14.564  3189  5854 D STKeyLog_StrategyBlackscreenshot: notifyKeyBeforeQueueing, downTime200628131, action=1, interactive=true
06-11 10:32:14.564  3189  5854 D KEYLOG_PhoneWindowManager: interceptKeyBeforeQueueing downTime=200628131 action = 1 interactive=true keyguardActive=false policyFlags=2b000000 isInjected=true isWakeKey=false isKeyGestureTriggered=false
06-11 10:32:14.564  3189  3806 E OplusInputDeviceUtil: api level < 36 or inputDevice is null, return false
06-11 10:32:14.564  3189  3332 D PowerManagerService: userActivityNoUpdateLocked: groupId=0, eventTime=200628285, event=button, flags=0x0, uid=1000
06-11 10:32:14.564  3189  3806 D STKeyLog_StrategyPadKeyBoardShortcut: excuteShortCut, interactive = true
06-11 10:32:14.565  3189  3806 D OplusCustomizeRestrictionManagerService: isLongPressVolumeUpDisabled start
06-11 10:32:14.566  3189  3332 D PowerManagerService: userActivityNoUpdateLocked: groupId=0, eventTime=200628285, event=button, flags=0x0, uid=1000
06-11 10:32:14.566  3189  4147 D MediaSessionService: dispatchVolumeKeyEvent, pkg=com.earthengine.minimalglobe, opPkg=com.earthengine.minimalglobe, pid=27559, uid=10602, asSystem=true, event=KeyEvent { action=ACTION_UP, keyCode=KEYCODE_VOLUME_UP, scanCode=0, metaState=0, flags=0x0, repeatCount=0, eventTime=200628285000000, downTime=200628131000000, deviceId=-1, source=0x0, displayId=-1 }, stream=-2147483648, musicOnly=false
06-11 10:32:14.566  3189  4147 D MediaSessionService: Adjusting suggestedStream=-2147483648 by 0. flags=4116, preferSuggestedStream=false, session=null, musicOnly false
06-11 10:32:14.567  3189  3189 E MediaSessionService: sPid is 3189 sTid:3189
06-11 10:32:14.571  3189  3189 D AudioServiceExtImpl: ringVolumeDefault :0
06-11 10:32:14.572  3189  3189 V AudioServiceExtImpl: oplusGetParameters() keyValuePairs:OPLUS_AUDIO_GET_ADJUSTVOLUME_FORBID, uid: 1000
06-11 10:32:14.572  3189  3189 D AS.AudioService: sendVolumeUpdate streamType=3, index=800, flags=4112
06-11 10:32:14.573  3189  3189 D VolumeController: postVolumeChanged streamType=3, flags=4112
06-11 10:32:14.573  4329  5186 I SystemUi--Volume: vol.VolumeDialogControl-->shouldShowUI wakefulness:2 ,mDeviceInteractive:true ,mShowVolumeDialog:true
06-11 10:32:14.574  4329  5186 I SystemUi--Volume: vol.VolumeDialogControl-->onVolumeChangedW stream:3,flags:4112 ,showUI:false ,fromKey:true ,showVibrateHint:false ,showSilentHint:false ,changed:false
06-11 10:32:14.574  4329  5186 I SystemUi--Volume: vol.VolumeDialogControl-->shouldShowUI wakefulness:2 ,mDeviceInteractive:true ,mShowVolumeDialog:true
06-11 10:32:14.575  4329  4329 I SystemUi--Volume: OplusVolumeDialogImpl-->onVolumeKeyStateChange isMultiMediaSettingsEnable:false,screenState:2
06-11 10:32:14.577  3189  5854 V Configuration: Updating configuration, locales updated from [] to [zh_CN]
06-11 10:32:14.578  3189  5854 V Configuration: Updating configuration, locales updated from [] to [zh_CN]
06-11 10:32:14.578  3189  5854 V Configuration: Updating configuration, locales updated from [] to [zh_CN]
06-11 10:32:14.578  3189  5854 V Configuration: Updating configuration, locales updated from [] to [zh_CN]
06-11 10:32:14.578  3189  5854 V Configuration: Updating configuration, locales updated from [] to [zh_CN]
06-11 10:32:14.578  3189  5854 V Configuration: Updating configuration, locales updated from [] to [zh_CN]
06-11 10:32:14.579  3189  5854 V Configuration: Updating configuration, locales updated from [] to [zh_CN]
06-11 10:32:14.579  3189  5854 D IntervalStats: Unable to parse usage stats packages: [28, 30, 43, 44, 45, 47, 60, 67, 68, 75, 85, 91, 113, 143, 158, 221, 229, 242, 261, 265, 266, 267, 284, 305, 327, 342, 343, 350, 353, 356]
06-11 10:32:14.583  3189  5854 V Configuration: Updating configuration, locales updated from [] to [zh_CN]
06-11 10:32:14.583  3189  5854 V Configuration: Updating configuration, locales updated from [] to [zh_CN]
06-11 10:32:14.583  3189  5854 V Configuration: Updating configuration, locales updated from [] to [zh_CN]
06-11 10:32:14.583  3189  5854 V Configuration: Updating configuration, locales updated from [] to [zh_CN]
06-11 10:32:14.584  3189  5854 V Configuration: Updating configuration, locales updated from [] to [zh_CN]
06-11 10:32:14.584  3189  5854 V Configuration: Updating configuration, locales updated from [] to [zh_CN]
06-11 10:32:14.584  3189  5854 V Configuration: Updating configuration, locales updated from [] to [zh_CN]
06-11 10:32:14.584  3189  5854 V Configuration: Updating configuration, locales updated from [] to [zh_CN]
06-11 10:32:14.585  3189  5854 V Configuration: Updating configuration, locales updated from [] to [zh_CN]
06-11 10:32:14.585  3189  5854 V Configuration: Updating configuration, locales updated from [] to [zh_CN]
06-11 10:32:14.585  3189  5854 V Configuration: Updating configuration, locales updated from [] to [zh_CN]
06-11 10:32:14.585  3189  5854 V Configuration: Updating configuration, locales updated from [] to [zh_CN]
06-11 10:32:14.586  3189  5854 V Configuration: Updating configuration, locales updated from [] to [zh_CN]
06-11 10:32:14.586  3189  5854 V Configuration: Updating configuration, locales updated from [] to [zh_CN]
06-11 10:32:14.586  3189  5854 V Configuration: Updating configuration, locales updated from [] to [zh_CN]
06-11 10:32:14.586  3189  5854 V Configuration: Updating configuration, locales updated from [] to [zh_CN]
06-11 10:32:14.586  3189  5854 V Configuration: Updating configuration, locales updated from [] to [zh_CN]
06-11 10:32:14.586  3189  5854 V Configuration: Updating configuration, locales updated from [] to [zh_CN]
06-11 10:32:14.586  3189  5854 V Configuration: Updating configuration, locales updated from [] to [zh_CN]
06-11 10:32:14.586  3189  5854 V Configuration: Updating configuration, locales updated from [] to [zh_CN]
06-11 10:32:14.586  3189  5854 V Configuration: Updating configuration, locales updated from [] to [zh_CN]
06-11 10:32:14.586  3189  5854 V Configuration: Updating configuration, locales updated from [] to [zh_CN]
06-11 10:32:14.587  3189  5854 V Configuration: Updating configuration, locales updated from [] to [zh_CN]
06-11 10:32:14.587  3189  5854 V Configuration: Updating configuration, locales updated from [] to [zh_CN]
06-11 10:32:14.588  3189  5854 D IntervalStats: Unable to parse usage stats packages: [44, 45, 85, 113, 242, 261, 265, 284, 350, 390, 410, 414, 419, 421, 438, 442, 450, 452, 455, 457, 464, 475, 492, 528, 558, 561, 562, 563, 564, 565, 566, 567, 568, 569, 570, 571, 572, 573, 574, 575, 576, 577, 578, 579, 580, 581, 582, 583, 584, 585, 586, 590, 591, 592, 593, 594, 596, 597, 599, 600, 601, 602, 606, 610, 614, 615, 621, 622, 623, 624, 625, 626, 627, 628, 629, 632, 636, 637, 638, 639, 643, 646, 648, 649, 651, 652, 653, 656, 658, 659, 662, 664, 665, 666, 668, 670, 677, 678, 679, 680, 683, 684, 685, 686, 688, 692, 693, 694, 696, 697, 701, 702, 703, 704, 705, 706, 707, 710, 714, 716, 717, 720, 721, 723, 725, 727, 728, 729, 730, 731, 734, 736, 738, 740, 741, 744, 745, 747, 802, 858, 875, 878, 880, 881, 882, 884, 889, 890, 892]
06-11 10:32:14.590  3189  5854 D UsageStatsService: User[0] type=3 b=1623378734574 e=1781145134574 cb=1780448780440 ce=1781145119796 disk=816 all=1054
06-11 10:32:14.633 10349 24141 I AIUnit-AIUnitProvider: call status = {id: com.oplus.aiunit, product: full, region: domestic, ver: 16.1.25_spshop, auth: true, rod: false, android: 36, OplusOS: 37}
06-11 10:32:14.635 10349 24141 I AIUnit-AIUnitProvider: processGetDetectData: UnitCheck(oapApi=image_near_dup, callPackageName=com.coloros.phonemanager, method=gdd)
06-11 10:32:14.635 10349 24141 I AIUnit-UnitConfigManager: queryDetectInfo: state=2 unitName=image_near_dup checkErrorCode=kErrorNone
06-11 10:32:14.639 10349 24141 I AIUnit-AIUnitProvider: call status = {id: com.oplus.aiunit, product: full, region: domestic, ver: 16.1.25_spshop, auth: true, rod: false, android: 36, OplusOS: 37}
06-11 10:32:14.639 10349 24141 I AIUnit-AIUnitProvider: processGetDetectData: UnitCheck(oapApi=image_near_dup, callPackageName=com.coloros.phonemanager, method=gdd)
06-11 10:32:14.639 10349 24141 I AIUnit-UnitConfigManager: queryDetectInfo: state=2 unitName=image_near_dup checkErrorCode=kErrorNone
06-11 10:32:14.653 11083 13869 I MMKV    : open fd[223], flag 0x7, /data/data/com.coloros.phonemanager/files/mmkv/2f8daade-d0c0-45ee-bf69-2c69c81c9c1a
06-11 10:32:14.655 11083 13869 I MMKV    : mmap to address [0x7b8fe67000], oldPtr [0x0], [/data/data/com.coloros.phonemanager/files/mmkv/2f8daade-d0c0-45ee-bf69-2c69c81c9c1a]
06-11 10:32:14.655 11083 13869 I MMKV    : closing fd[223], /data/data/com.coloros.phonemanager/files/mmkv/2f8daade-d0c0-45ee-bf69-2c69c81c9c1a
06-11 10:32:14.655 11083 13869 I MMKV    : open fd[223], flag 0x7, /data/data/com.coloros.phonemanager/files/mmkv/2f8daade-d0c0-45ee-bf69-2c69c81c9c1a.crc
06-11 10:32:14.656 11083 13869 I MMKV    : mmap to address [0x7b8fe66000], oldPtr [0x0], [/data/data/com.coloros.phonemanager/files/mmkv/2f8daade-d0c0-45ee-bf69-2c69c81c9c1a.crc]
06-11 10:32:14.656 11083 13869 I MMKV    : open fd[224], flag 0x7, /data/data/com.coloros.phonemanager/files/mmkv/2f8daade-d0c0-45ee-bf69-2c69c81c9c1a
06-11 10:32:14.656 11083 13869 I MMKV    : closing fd[224], /data/data/com.coloros.phonemanager/files/mmkv/2f8daade-d0c0-45ee-bf69-2c69c81c9c1a
06-11 10:32:14.656 11083 13869 I MMKV    : loading [2f8daade-d0c0-45ee-bf69-2c69c81c9c1a] with 0 actual size, file size 4096, InterProcess 0, meta info version:0
06-11 10:32:14.656 11083 13869 I MMKV    : loaded [2f8daade-d0c0-45ee-bf69-2c69c81c9c1a] with 0 key-values
06-11 10:32:14.656 11083 13869 I MMKV    : [2f8daade-d0c0-45ee-bf69-2c69c81c9c1a] increase sequence to 1, crc 3540709994, actualSize 4
06-11 10:32:14.657 11083 13869 I MMKV    : remove storage [2f8daade-d0c0-45ee-bf69-2c69c81c9c1a]
06-11 10:32:14.657 11083 13869 I MMKV    : open fd[224], flag 0x1, /data/data/com.coloros.phonemanager/files/mmkv/2f8daade-d0c0-45ee-bf69-2c69c81c9c1a.crc
06-11 10:32:14.657 11083 13869 I MMKV    : close [2f8daade-d0c0-45ee-bf69-2c69c81c9c1a]
06-11 10:32:14.657 11083 13869 I MMKV    : clearMemoryCache [2f8daade-d0c0-45ee-bf69-2c69c81c9c1a]
06-11 10:32:14.657 11083 13869 I MMKV    : closing fd[223], /data/data/com.coloros.phonemanager/files/mmkv/2f8daade-d0c0-45ee-bf69-2c69c81c9c1a.crc
06-11 10:32:14.657 11083 13869 I MMKV    : destruct [2f8daade-d0c0-45ee-bf69-2c69c81c9c1a]
06-11 10:32:14.657 11083 13869 I MMKV    : closing fd[224], /data/data/com.coloros.phonemanager/files/mmkv/2f8daade-d0c0-45ee-bf69-2c69c81c9c1a.crc
06-11 10:32:14.660 11083 13869 I MMKV    : open fd[223], flag 0x7, /data/data/com.coloros.phonemanager/files/mmkv/115cdeb2-6f5f-49bb-83a0-38908c226ccc
06-11 10:32:14.660 11083 13869 I MMKV    : mmap to address [0x7b8fe67000], oldPtr [0x0], [/data/data/com.coloros.phonemanager/files/mmkv/115cdeb2-6f5f-49bb-83a0-38908c226ccc]
06-11 10:32:14.660 11083 13869 I MMKV    : closing fd[223], /data/data/com.coloros.phonemanager/files/mmkv/115cdeb2-6f5f-49bb-83a0-38908c226ccc
06-11 10:32:14.660 11083 13869 I MMKV    : open fd[223], flag 0x7, /data/data/com.coloros.phonemanager/files/mmkv/115cdeb2-6f5f-49bb-83a0-38908c226ccc.crc
06-11 10:32:14.660 11083 13869 I MMKV    : mmap to address [0x7b8fe66000], oldPtr [0x0], [/data/data/com.coloros.phonemanager/files/mmkv/115cdeb2-6f5f-49bb-83a0-38908c226ccc.crc]
06-11 10:32:14.660 11083 13869 I MMKV    : open fd[224], flag 0x7, /data/data/com.coloros.phonemanager/files/mmkv/115cdeb2-6f5f-49bb-83a0-38908c226ccc
06-11 10:32:14.660 11083 13869 I MMKV    : closing fd[224], /data/data/com.coloros.phonemanager/files/mmkv/115cdeb2-6f5f-49bb-83a0-38908c226ccc
06-11 10:32:14.660 11083 13869 I MMKV    : loading [115cdeb2-6f5f-49bb-83a0-38908c226ccc] with 0 actual size, file size 4096, InterProcess 0, meta info version:0
06-11 10:32:14.660 11083 13869 I MMKV    : loaded [115cdeb2-6f5f-49bb-83a0-38908c226ccc] with 0 key-values
06-11 10:32:14.660 11083 13869 I MMKV    : [115cdeb2-6f5f-49bb-83a0-38908c226ccc] increase sequence to 1, crc 3540709994, actualSize 4
06-11 10:32:14.666 11083 13869 I MMKV    : extending [115cdeb2-6f5f-49bb-83a0-38908c226ccc] file size from 4096 to 8192, incoming size:20, future usage:2116
06-11 10:32:14.666 11083 13869 I MMKV    : open fd[224], flag 0x7, /data/data/com.coloros.phonemanager/files/mmkv/115cdeb2-6f5f-49bb-83a0-38908c226ccc
06-11 10:32:14.666 11083 13869 I MMKV    : mmap to address [0x7b8fe01000], oldPtr [0x7b8fe67000], [/data/data/com.coloros.phonemanager/files/mmkv/115cdeb2-6f5f-49bb-83a0-38908c226ccc]
06-11 10:32:14.666 11083 13869 I MMKV    : closing fd[224], /data/data/com.coloros.phonemanager/files/mmkv/115cdeb2-6f5f-49bb-83a0-38908c226ccc
06-11 10:32:14.666 11083 13869 I MMKV    : [115cdeb2-6f5f-49bb-83a0-38908c226ccc] increase sequence to 2, crc 378439882, actualSize 4088
06-11 10:32:14.667 11083 13869 I MMKV    : MMKV::sync, SyncFlag = 1
06-11 10:32:14.682 11083 13869 I MMKV    : remove storage [115cdeb2-6f5f-49bb-83a0-38908c226ccc]
06-11 10:32:14.682 11083 13869 I MMKV    : open fd[224], flag 0x1, /data/data/com.coloros.phonemanager/files/mmkv/115cdeb2-6f5f-49bb-83a0-38908c226ccc.crc
06-11 10:32:14.683 11083 13869 I MMKV    : close [115cdeb2-6f5f-49bb-83a0-38908c226ccc]
06-11 10:32:14.683 11083 13869 I MMKV    : clearMemoryCache [115cdeb2-6f5f-49bb-83a0-38908c226ccc]
06-11 10:32:14.683 11083 13869 I MMKV    : closing fd[223], /data/data/com.coloros.phonemanager/files/mmkv/115cdeb2-6f5f-49bb-83a0-38908c226ccc.crc
06-11 10:32:14.683 11083 13869 I MMKV    : destruct [115cdeb2-6f5f-49bb-83a0-38908c226ccc]
06-11 10:32:14.684 11083 13869 I MMKV    : closing fd[224], /data/data/com.coloros.phonemanager/files/mmkv/115cdeb2-6f5f-49bb-83a0-38908c226ccc.crc
06-11 10:32:14.721  1667 15952 I sensors-hal: handle_oplus_wise_rgb_event:230, wise_rgb:algo_type = 3
06-11 10:32:14.721  1667 15952 I sensors-hal: handle_oplus_wise_rgb_event:285, wise_rgb: raw_lux 529.637695, raw_cct 6517.154297, r/g/b/c: 41286.265625/36242.058594/20677.300781/92196.562500, R/G/B: 0.000000/0.000000/0.000000, brl 1529.000000, lux: 529.637695, cct: 6517.154297, ts 242532037324600, cnt 3315
06-11 10:32:14.723  4639  8246 D CommonApp-194-10602: transport layer data is invalid
06-11 10:32:14.724  4639  8246 D ScorePolicy: handleScoreChanged: []
06-11 10:32:14.724  4639  8246 D ScorePolicy: handleScoreChanged: []
06-11 10:32:14.724  4639  8246 D ScorePolicy: handleScoreChanged: []
06-11 10:32:14.762 11083 11791 D CloudConfig_stgyHelper: mspVersionCanSupport mspKitVersion : 2021620
06-11 10:32:14.764  3189  3765 V AlarmManager: sending alarm Alarm{a03cec3 type 1 origWhen 1781145134764 whenElapsed 242532090 android} uid 1000 whenElapsed 242532090 windowLength 0 maxWhenElapsed 242532090 repeatInterval 0 action null component null tag StorgaeBandInfoAlarmTag flags 0x9 procName system_server
06-11 10:32:14.764 11083 11791 D CloudConfig_stgyHelper: getSupportKitMode strategyEntity : StrategyEntity(sdkInterval=1800000, strategyMode=1, minSDKVersion=1000, minKitVersion=2014122, validReqPeriod=7200000, maxReqProduct=100, forceKitIfKit=false, backoff=120000, enable=true, defaultLimit=RateLimitConfig{maxCalls=1, timeWindowSeconds=7200, callIntervalSeconds=0}, productLimits={global-domain_1281=RateLimitConfig{maxCalls=1, timeWindowSeconds=7200, callIntervalSeconds=0}, 50351=RateLimitConfig{maxCalls=1, timeWindowSeconds=7200, callIntervalSeconds=0}, compass_20092=RateLimitConfig{maxCalls=1, timeWindowSeconds=7200, callIntervalSeconds=0}, global-domain_1961=RateLimitConfig{maxCalls=1, timeWindowSeconds=7200, callIntervalSeconds=0}, compass_2=RateLimitConfig{maxCalls=1, timeWindowSeconds=7200, callIntervalSeconds=0}, mdp_2047=RateLimitConfig{maxCalls=1, timeWindowSeconds=7200, callIntervalSeconds=0}, mdp_2296=RateLimitConfig{maxCalls=1, timeWindowSeconds=7200, callIntervalSeconds=0}, compass_143100=RateLimitConfig{maxCalls=1, timeWindowSeconds=7200, callIntervalSeconds=0}})
06-11 10:32:14.764 11083 11791 D CloudConfig_stgyHelper: getSupportKitMode localSdkVersion : 1227
06-11 10:32:14.765  3189 27614 E OplusStorageUFSBandwidth: storage_io_metrics_path is /proc/oplus_storage/io_metrics/forever/
06-11 10:32:14.767  3189 27614 E OplusStorageUFSBandwidth: Bandwidth - Read: 2.50 MB/s, Write: 0.50 MB/s
06-11 10:32:14.767  3189 27614 E OplusStorageUFSBandwidth: Task time: 2ms
06-11 10:32:14.768 11083 11791 D CloudConfig_stgyHelper: mspVersionCanSupport mspKitVersion : 2021620
06-11 10:32:14.770  3189 27614 E OplusStorageUFSBandwidth: Alarm set to trigger in 10 seconds
06-11 10:32:14.771 11083 11791 D CloudConfig_stgyHelper: getSupportKitMode strategyEntity : StrategyEntity(sdkInterval=1800000, strategyMode=1, minSDKVersion=1000, minKitVersion=2014122, validReqPeriod=7200000, maxReqProduct=100, forceKitIfKit=false, backoff=120000, enable=true, defaultLimit=RateLimitConfig{maxCalls=1, timeWindowSeconds=7200, callIntervalSeconds=0}, productLimits={global-domain_1281=RateLimitConfig{maxCalls=1, timeWindowSeconds=7200, callIntervalSeconds=0}, 50351=RateLimitConfig{maxCalls=1, timeWindowSeconds=7200, callIntervalSeconds=0}, compass_20092=RateLimitConfig{maxCalls=1, timeWindowSeconds=7200, callIntervalSeconds=0}, global-domain_1961=RateLimitConfig{maxCalls=1, timeWindowSeconds=7200, callIntervalSeconds=0}, compass_2=RateLimitConfig{maxCalls=1, timeWindowSeconds=7200, callIntervalSeconds=0}, mdp_2047=RateLimitConfig{maxCalls=1, timeWindowSeconds=7200, callIntervalSeconds=0}, mdp_2296=RateLimitConfig{maxCalls=1, timeWindowSeconds=7200, callIntervalSeconds=0}, compass_143100=RateLimitConfig{maxCalls=1, timeWindowSeconds=7200, callIntervalSeconds=0}})
06-11 10:32:14.771 11083 11791 D CloudConfig_stgyHelper: getSupportKitMode localSdkVersion : 1227
06-11 10:32:14.774 11083 11730 I MSP-LOG-SDK-MspSdk: Sdk has initialized! version:2.0.1.14
06-11 10:32:14.775 11083 11730 E MSP-LOG-SDK-RateLimitManager: not_allow_invoke because of time_window_not_allow queue = [1781143252335], config = RateLimitConfig{maxCalls=1, timeWindowSeconds=7200, callIntervalSeconds=0}, ipcInvokeTimeQueueMapKey = com.heytap.nearx.tangramconfig.kit.client.ICloudCtrlServiceModule?@?compass_20092?@?3?@?com.coloros.phonemanager, has already call 1 times in 7200 seconds before
06-11 10:32:14.775 11083 11791 D CloudConfig_stgyHelper: mspVersionCanSupport mspKitVersion : 2021620
06-11 10:32:14.775 11083 11730 E MSP-LOG-SDK-: MspSdkException{code=3014,message=com.heytap.mspsdk.ratelimit.MspRateLimitExceededException: ipc rate limit exceeded in time window}
06-11 10:32:14.775 11083 11730 E MSP-LOG-SDK-: 	at com.heytap.mspsdk.ratelimit.b.a(RateLimitInterceptor.java:56)
06-11 10:32:14.775 11083 11730 E MSP-LOG-SDK-: 	at com.heytap.mspsdk.interceptor.c.a(StandardListChain.java:40)
06-11 10:32:14.775 11083 11730 E MSP-LOG-SDK-: 	at com.heytap.mspsdk.proxy.b.a(CompatCheckInterceptor.java:30)
06-11 10:32:14.775 11083 11730 E MSP-LOG-SDK-: 	at com.heytap.mspsdk.interceptor.c.a(StandardListChain.java:40)
06-11 10:32:14.775 11083 11730 E MSP-LOG-SDK-: 	at com.heytap.mspsdk.proxy.e.invoke(InnerInvocationHandler.java:202)
06-11 10:32:14.775 11083 11730 E MSP-LOG-SDK-: 	at java.lang.reflect.Proxy.invoke(Proxy.java:1006)
06-11 10:32:14.775 11083 11730 E MSP-LOG-SDK-: 	at $Proxy12.gatewayUpdate(Unknown Source)
06-11 10:32:14.775 11083 11730 E MSP-LOG-SDK-: 	at com.heytap.nearx.tangramconfig.kit.client.KitProxy.gatewayUpdate$lambda$2(KitProxy.kt:20)
06-11 10:32:14.775 11083 11730 E MSP-LOG-SDK-: 	at com.heytap.nearx.tangramconfig.kit.client.KitProxy.a(KitProxy.kt:1)
06-11 10:32:14.775 11083 11730 E MSP-LOG-SDK-: 	at com.heytap.nearx.tangramconfig.kit.client.a.run(R8$$SyntheticClass:9)
06-11 10:32:14.775 11083 11730 E MSP-LOG-SDK-: 	at java.util.concurrent.ThreadPoolExecutor.runWorker(ThreadPoolExecutor.java:1156)
06-11 10:32:14.775 11083 11730 E MSP-LOG-SDK-: 	at java.util.concurrent.ThreadPoolExecutor$Worker.run(ThreadPoolExecutor.java:651)
06-11 10:32:14.775 11083 11730 E MSP-LOG-SDK-: 	at java.lang.Thread.run(Thread.java:1119)
06-11 10:32:14.776 11083 11791 D CloudConfig_stgyHelper: getSupportKitMode strategyEntity : StrategyEntity(sdkInterval=1800000, strategyMode=1, minSDKVersion=1000, minKitVersion=2014122, validReqPeriod=7200000, maxReqProduct=100, forceKitIfKit=false, backoff=120000, enable=true, defaultLimit=RateLimitConfig{maxCalls=1, timeWindowSeconds=7200, callIntervalSeconds=0}, productLimits={global-domain_1281=RateLimitConfig{maxCalls=1, timeWindowSeconds=7200, callIntervalSeconds=0}, 50351=RateLimitConfig{maxCalls=1, timeWindowSeconds=7200, callIntervalSeconds=0}, compass_20092=RateLimitConfig{maxCalls=1, timeWindowSeconds=7200, callIntervalSeconds=0}, global-domain_1961=RateLimitConfig{maxCalls=1, timeWindowSeconds=7200, callIntervalSeconds=0}, compass_2=RateLimitConfig{maxCalls=1, timeWindowSeconds=7200, callIntervalSeconds=0}, mdp_2047=RateLimitConfig{maxCalls=1, timeWindowSeconds=7200, callIntervalSeconds=0}, mdp_2296=RateLimitConfig{maxCalls=1, timeWindowSeconds=7200, callIntervalSeconds=0}, compass_143100=RateLimitConfig{maxCalls=1, timeWindowSeconds=7200, callIntervalSeconds=0}})
06-11 10:32:14.776 11083 11791 D CloudConfig_stgyHelper: getSupportKitMode localSdkVersion : 1227
06-11 10:32:14.778 11083 11791 D CloudConfig_stgyHelper: mspVersionCanSupport mspKitVersion : 2021620
06-11 10:32:14.779 11083 11791 D CloudConfig_stgyHelper: getSupportKitMode strategyEntity : StrategyEntity(sdkInterval=1800000, strategyMode=1, minSDKVersion=1000, minKitVersion=2014122, validReqPeriod=7200000, maxReqProduct=100, forceKitIfKit=false, backoff=120000, enable=true, defaultLimit=RateLimitConfig{maxCalls=1, timeWindowSeconds=7200, callIntervalSeconds=0}, productLimits={global-domain_1281=RateLimitConfig{maxCalls=1, timeWindowSeconds=7200, callIntervalSeconds=0}, 50351=RateLimitConfig{maxCalls=1, timeWindowSeconds=7200, callIntervalSeconds=0}, compass_20092=RateLimitConfig{maxCalls=1, timeWindowSeconds=7200, callIntervalSeconds=0}, global-domain_1961=RateLimitConfig{maxCalls=1, timeWindowSeconds=7200, callIntervalSeconds=0}, compass_2=RateLimitConfig{maxCalls=1, timeWindowSeconds=7200, callIntervalSeconds=0}, mdp_2047=RateLimitConfig{maxCalls=1, timeWindowSeconds=7200, callIntervalSeconds=0}, mdp_2296=RateLimitConfig{maxCalls=1, timeWindowSeconds=7200, callIntervalSeconds=0}, compass_143100=RateLimitConfig{maxCalls=1, timeWindowSeconds=7200, callIntervalSeconds=0}})
06-11 10:32:14.779 11083 11791 D CloudConfig_stgyHelper: getSupportKitMode localSdkVersion : 1227
06-11 10:32:14.780 11083 11741 I MSP-LOG-SDK-MspSdk: Sdk has initialized! version:2.0.1.14
06-11 10:32:14.781 11083 11741 E MSP-LOG-SDK-RateLimitManager: not_allow_invoke because of time_window_not_allow queue = [1781143252335], config = RateLimitConfig{maxCalls=1, timeWindowSeconds=7200, callIntervalSeconds=0}, ipcInvokeTimeQueueMapKey = com.heytap.nearx.tangramconfig.kit.client.ICloudCtrlServiceModule?@?compass_143100?@?3?@?com.coloros.phonemanager, has already call 1 times in 7200 seconds before
06-11 10:32:14.782 11083 11741 E MSP-LOG-SDK-: MspSdkException{code=3014,message=com.heytap.mspsdk.ratelimit.MspRateLimitExceededException: ipc rate limit exceeded in time window}
06-11 10:32:14.782 11083 11741 E MSP-LOG-SDK-: 	at com.heytap.mspsdk.ratelimit.b.a(RateLimitInterceptor.java:56)
06-11 10:32:14.782 11083 11741 E MSP-LOG-SDK-: 	at com.heytap.mspsdk.interceptor.c.a(StandardListChain.java:40)
06-11 10:32:14.782 11083 11741 E MSP-LOG-SDK-: 	at com.heytap.mspsdk.proxy.b.a(CompatCheckInterceptor.java:30)
06-11 10:32:14.782 11083 11741 E MSP-LOG-SDK-: 	at com.heytap.mspsdk.interceptor.c.a(StandardListChain.java:40)
06-11 10:32:14.782 11083 11741 E MSP-LOG-SDK-: 	at com.heytap.mspsdk.proxy.e.invoke(InnerInvocationHandler.java:202)
06-11 10:32:14.782 11083 11741 E MSP-LOG-SDK-: 	at java.lang.reflect.Proxy.invoke(Proxy.java:1006)
06-11 10:32:14.782 11083 11741 E MSP-LOG-SDK-: 	at $Proxy12.gatewayUpdate(Unknown Source)
06-11 10:32:14.782 11083 11741 E MSP-LOG-SDK-: 	at com.heytap.nearx.tangramconfig.kit.client.KitProxy.gatewayUpdate$lambda$2(KitProxy.kt:20)
06-11 10:32:14.782 11083 11741 E MSP-LOG-SDK-: 	at com.heytap.nearx.tangramconfig.kit.client.KitProxy.a(KitProxy.kt:1)
06-11 10:32:14.782 11083 11741 E MSP-LOG-SDK-: 	at com.heytap.nearx.tangramconfig.kit.client.a.run(R8$$SyntheticClass:9)
06-11 10:32:14.782 11083 11741 E MSP-LOG-SDK-: 	at java.util.concurrent.ThreadPoolExecutor.runWorker(ThreadPoolExecutor.java:1156)
06-11 10:32:14.782 11083 11741 E MSP-LOG-SDK-: 	at java.util.concurrent.ThreadPoolExecutor$Worker.run(ThreadPoolExecutor.java:651)
06-11 10:32:14.782 11083 11741 E MSP-LOG-SDK-: 	at java.lang.Thread.run(Thread.java:1119)
06-11 10:32:14.821  1800  1924 D BatteryChargeControl: bcc get no support from charging protocol
06-11 10:32:14.921  1667 15952 I sensors-hal: handle_oplus_wise_rgb_event:230, wise_rgb:algo_type = 3
06-11 10:32:14.921  1667 15952 I sensors-hal: handle_oplus_wise_rgb_event:285, wise_rgb: raw_lux 517.332764, raw_cct 6429.476562, r/g/b/c: 41221.808594/36135.453125/20478.232422/91499.523438, R/G/B: 0.000000/0.000000/0.000000, brl 1529.000000, lux: 517.332764, cct: 6429.476562, ts 242532237106891, cnt 3316
06-11 10:32:15.041  3189  4147 D KEYLOG_KeyCombinationManager: down true downTime 200628763 action 0 count 0 isDefaultDisplayInteractive true eventTime 200628763 mDownTimes: {}
06-11 10:32:15.041  3189  4147 D KEYLOG_PhoneWindowManagerExtImpl: overrideInterceptKeyBeforeQueueing:KeyEvent { action=ACTION_DOWN, keyCode=KEYCODE_VOLUME_UP, scanCode=0, metaState=0, flags=0x0, repeatCount=0, eventTime=200628763000000, downTime=200628763000000, deviceId=-1, source=0x0, displayId=-1 },  keyguardOn = false,  screenOn = true,  policyFlags = 721420288,  SosPowerKeyEnabled = true,  WalletSwitchState = 1,  IsQuickLaunchSupport = true,  IsDoubleCheckAppSupport = false,  isQuickAppOn=false,  canceled = false
06-11 10:32:15.041  3189  4147 D KEYLOG_OplusKeyCombinationManager: down true keyCode 24 count 0 interactive true eventTime 200628763 mDownTimes: {}
06-11 10:32:15.041  3189  4147 I OplusJoystickManager: read game pad state for game manager -> false
06-11 10:32:15.041  3189  4147 W OplusJoystickManager: mInterceptGamepadKey is false
06-11 10:32:15.042  3189  4147 D OplusCustomizeRestrictionManagerService: isLongPressVolumeUpDisabled start
06-11 10:32:15.042  3189  4147 I STKeyLog_StrategyDisableBottomKey: onBeforeQueueing : mIsUpGestureMode=false,mDisableBottomKeyMode0
06-11 10:32:15.042  3189  4147 D STKeyLog_StrategyBlackscreenshot: notifyKeyBeforeQueueing, downTime200628763, action=0, interactive=true
06-11 10:32:15.043  3189  4147 D KEYLOG_PhoneWindowManager: interceptKeyBeforeQueueing downTime=200628763 action = 0 interactive=true keyguardActive=false policyFlags=2b000000 isInjected=true isWakeKey=false isKeyGestureTriggered=false
06-11 10:32:15.044  3189  4147 I VibratorManagerServiceExtImpl: cancelVibrate uid=1000, pid=3189, usageFilter=-15, token=193946947
06-11 10:32:15.044  4329  4360 W OPLUS_LOG_LOAD: ==LOGS PROG INFO, prog(com.android.systemui) ==
06-11 10:32:15.044  4329  4360 D RingtonePlayer: stopAsync()
06-11 10:32:15.044  4329  4360 D RingtonePlayer: stop
06-11 10:32:15.044  3189  4147 D AS.AudioService: uid 1000, callingApp = android.uid.system:1000
06-11 10:32:15.046  3189  3332 D PowerManagerService: userActivityNoUpdateLocked: groupId=0, eventTime=200628763, event=button, flags=0x0, uid=1000
06-11 10:32:15.121  1667 15952 I sensors-hal: handle_oplus_wise_rgb_event:230, wise_rgb:algo_type = 3
06-11 10:32:15.121  1667 15952 I sensors-hal: handle_oplus_wise_rgb_event:285, wise_rgb: raw_lux 522.572998, raw_cct 6393.247070, r/g/b/c: 41291.554688/36102.324219/20321.859375/91651.335938, R/G/B: 0.000000/0.000000/0.000000, brl 1529.000000, lux: 522.572998, cct: 6393.247070, ts 242532436856371, cnt 3317
06-11 10:32:15.143  3189  4433 I OplusHansManager : uid=10136, pkg=com.baidu.input_oppo cannot transition from R to M, importance=input
06-11 10:32:15.145  3189  4433 I OplusHansManager : uid=10370, pkg=com.tencent.android.qqdownloader cannot transition from R to M, importance=screenRecorder
06-11 10:32:15.191  3189  3806 E OplusInputDeviceUtil: api level < 36 or inputDevice is null, return false
06-11 10:32:15.192  3189  3806 D KEYLOG_KeyGestureControllerExtlmpl: interceptOldShortcuts, mIsShortCutMenuShow = false mPendingMetaActionForOld = false mLongPressHandled = false
06-11 10:32:15.192  3189  3806 D STKeyLog_StrategyPadKeyBoardShortcut: excuteShortCut, interactive = true
06-11 10:32:15.193  3189  3806 D OplusCustomizeRestrictionManagerService: isLongPressVolumeUpDisabled start
06-11 10:32:15.194  3189  3332 D PowerManagerService: userActivityNoUpdateLocked: groupId=0, eventTime=200628763, event=button, flags=0x0, uid=1000
06-11 10:32:15.198  9206  9206 I GlobalHandwriting: onUpdateEditorToolType = 0
06-11 10:32:15.198 27559 27559 I MinimalGlobe: Debug zoom scale=1.18 | tiles vis=38 cached=35 renderSurface=22 exact=22 parent=0 missing=0 unsupported=16 kicked=0 retained=0 z=2-12 targetZ=2-12 texZ=2-12 lod=512 eq=0 qRender=38 qWalk=62 qBal=0 qFrustum=74 qHz=0 qEq2=0 grp=22/0/16 ellAlt=7478.57 sphAlt=2288.75 radius=6380425.75 FPS=60.2 draw=24
06-11 10:32:15.199  3189  4147 D KEYLOG_KeyCombinationManager: down false downTime 200628763 action 1 count 1 isDefaultDisplayInteractive true eventTime 200628922 mDownTimes: {24=200628763}
06-11 10:32:15.200  3189  4147 D KEYLOG_PhoneWindowManagerExtImpl: overrideInterceptKeyBeforeQueueing:KeyEvent { action=ACTION_UP, keyCode=KEYCODE_VOLUME_UP, scanCode=0, metaState=0, flags=0x0, repeatCount=0, eventTime=200628922000000, downTime=200628763000000, deviceId=-1, source=0x0, displayId=-1 },  keyguardOn = false,  screenOn = true,  policyFlags = 721420288,  SosPowerKeyEnabled = true,  WalletSwitchState = 1,  IsQuickLaunchSupport = true,  IsDoubleCheckAppSupport = false,  isQuickAppOn=false,  canceled = false
06-11 10:32:15.200  3189  4147 D KEYLOG_OplusKeyCombinationManager: down false keyCode 24 count 0 interactive true eventTime 200628922 mDownTimes: {24=200628763}
06-11 10:32:15.200  3189  4147 I OplusJoystickManager: read game pad state for game manager -> false
06-11 10:32:15.201  3189  4147 W OplusJoystickManager: mInterceptGamepadKey is false
06-11 10:32:15.201  3189  4147 D OplusCustomizeRestrictionManagerService: isLongPressVolumeUpDisabled start
06-11 10:32:15.201  3189  4147 I STKeyLog_StrategyDisableBottomKey: onBeforeQueueing : mIsUpGestureMode=false,mDisableBottomKeyMode0
06-11 10:32:15.201  3189  4147 D STKeyLog_StrategyBlackscreenshot: notifyKeyBeforeQueueing, downTime200628763, action=1, interactive=true
06-11 10:32:15.201  3189  4147 D KEYLOG_PhoneWindowManager: interceptKeyBeforeQueueing downTime=200628763 action = 1 interactive=true keyguardActive=false policyFlags=2b000000 isInjected=true isWakeKey=false isKeyGestureTriggered=false
06-11 10:32:15.202  3189  3806 E OplusInputDeviceUtil: api level < 36 or inputDevice is null, return false
06-11 10:32:15.202  3189  3332 D PowerManagerService: userActivityNoUpdateLocked: groupId=0, eventTime=200628922, event=button, flags=0x0, uid=1000
06-11 10:32:15.202  3189  3806 D STKeyLog_StrategyPadKeyBoardShortcut: excuteShortCut, interactive = true
06-11 10:32:15.203  3189  3806 D OplusCustomizeRestrictionManagerService: isLongPressVolumeUpDisabled start
06-11 10:32:15.204  3189  3332 D PowerManagerService: userActivityNoUpdateLocked: groupId=0, eventTime=200628922, event=button, flags=0x0, uid=1000
06-11 10:32:15.210 27559 27931 I AndroidBridge: androidHttpGet: env=0xb400007a7da0f0e0 gJniHttpHelperClass=0x30a6 gHttpGetMethod=0x1 url=https://webst03.is.autonavi.com/appmaptile?style=6&x=6518&y=3388&z=13
06-11 10:32:15.210 27559 27931 I JniHttpHelper: httpGet called: https://webst03.is.autonavi.com/appmaptile?style=6&x=6518&y=3388&z=13
06-11 10:32:15.211 27559 27934 I AndroidBridge: androidHttpGet: env=0xb400007a7da0f540 gJniHttpHelperClass=0x30a6 gHttpGetMethod=0x1 url=https://webst02.is.autonavi.com/appmaptile?style=6&x=6519&y=3390&z=13
06-11 10:32:15.211 27559 27936 I AndroidBridge: androidHttpGet: env=0xb400007a7da10420 gJniHttpHelperClass=0x30a6 gHttpGetMethod=0x1 url=https://webst03.is.autonavi.com/appmaptile?style=6&x=6519&y=3391&z=13
06-11 10:32:15.211 27559 27934 I JniHttpHelper: httpGet called: https://webst02.is.autonavi.com/appmaptile?style=6&x=6519&y=3390&z=13
06-11 10:32:15.211 27559 27937 I AndroidBridge: androidHttpGet: env=0xb400007ad78c3180 gJniHttpHelperClass=0x30a6 gHttpGetMethod=0x1 url=https://webst02.is.autonavi.com/appmaptile?style=6&x=6520&y=3389&z=13
06-11 10:32:15.211 27559 27937 I JniHttpHelper: httpGet called: https://webst02.is.autonavi.com/appmaptile?style=6&x=6520&y=3389&z=13
06-11 10:32:15.212 27559 27936 I JniHttpHelper: httpGet called: https://webst03.is.autonavi.com/appmaptile?style=6&x=6519&y=3391&z=13
06-11 10:32:15.214 27559 27932 I AndroidBridge: androidHttpGet: env=0xb400007a0dd752e0 gJniHttpHelperClass=0x30a6 gHttpGetMethod=0x1 url=https://webst04.is.autonavi.com/appmaptile?style=6&x=6519&y=3388&z=13
06-11 10:32:15.214 27559 27932 I JniHttpHelper: httpGet called: https://webst04.is.autonavi.com/appmaptile?style=6&x=6519&y=3388&z=13
06-11 10:32:15.218 27559 27938 I AndroidBridge: androidHttpGet: env=0xb400007a00825180 gJniHttpHelperClass=0x30a6 gHttpGetMethod=0x1 url=https://webst03.is.autonavi.com/appmaptile?style=6&x=6520&y=3390&z=13
06-11 10:32:15.218 27559 27938 I JniHttpHelper: httpGet called: https://webst03.is.autonavi.com/appmaptile?style=6&x=6520&y=3390&z=13
06-11 10:32:15.219  3189  5854 D MediaSessionService: dispatchVolumeKeyEvent, pkg=com.earthengine.minimalglobe, opPkg=com.earthengine.minimalglobe, pid=27559, uid=10602, asSystem=true, event=KeyEvent { action=ACTION_UP, keyCode=KEYCODE_VOLUME_UP, scanCode=0, metaState=0, flags=0x0, repeatCount=0, eventTime=200628922000000, downTime=200628763000000, deviceId=-1, source=0x0, displayId=-1 }, stream=-2147483648, musicOnly=false
06-11 10:32:15.219  3189  5854 D MediaSessionService: Adjusting suggestedStream=-2147483648 by 0. flags=4116, preferSuggestedStream=false, session=null, musicOnly false
06-11 10:32:15.219 27559 27933 I AndroidBridge: androidHttpGet: env=0xb400007a0dd75e40 gJniHttpHelperClass=0x30a6 gHttpGetMethod=0x1 url=https://webst01.is.autonavi.com/appmaptile?style=6&x=6519&y=3389&z=13
06-11 10:32:15.219  3189  3189 E MediaSessionService: sPid is 3189 sTid:3189
06-11 10:32:15.219 27559 27933 I JniHttpHelper: httpGet called: https://webst01.is.autonavi.com/appmaptile?style=6&x=6519&y=3389&z=13
06-11 10:32:15.223  3189  3189 D AudioServiceExtImpl: ringVolumeDefault :0
06-11 10:32:15.224  3189  3189 V AudioServiceExtImpl: oplusGetParameters() keyValuePairs:OPLUS_AUDIO_GET_ADJUSTVOLUME_FORBID, uid: 1000
06-11 10:32:15.225  3189  3189 D AS.AudioService: sendVolumeUpdate streamType=3, index=800, flags=4112
06-11 10:32:15.225  3189  3189 D VolumeController: postVolumeChanged streamType=3, flags=4112
06-11 10:32:15.226  4329  5186 I SystemUi--Volume: vol.VolumeDialogControl-->shouldShowUI wakefulness:2 ,mDeviceInteractive:true ,mShowVolumeDialog:true
06-11 10:32:15.227  4329  5186 I SystemUi--Volume: vol.VolumeDialogControl-->onVolumeChangedW stream:3,flags:4112 ,showUI:false ,fromKey:true ,showVibrateHint:false ,showSilentHint:false ,changed:false
06-11 10:32:15.227  4329  5186 I SystemUi--Volume: vol.VolumeDialogControl-->shouldShowUI wakefulness:2 ,mDeviceInteractive:true ,mShowVolumeDialog:true
06-11 10:32:15.228  4329  4329 I SystemUi--Volume: OplusVolumeDialogImpl-->onVolumeKeyStateChange isMultiMediaSettingsEnable:false,screenState:2
06-11 10:32:15.231 27559 27931 I JniHttpHelper: httpGet OK: https://webst03.is.autonavi.com/appmaptile?style=6&x=6518&y=3388&z=13 -> 40058 bytes
06-11 10:32:15.232 27559 27937 I JniHttpHelper: httpGet OK: https://webst02.is.autonavi.com/appmaptile?style=6&x=6520&y=3389&z=13 -> 37477 bytes
06-11 10:32:15.238 27559 27937 I AndroidBridge: Decoded image 256x256 from 37477 bytes
06-11 10:32:15.240 27559 27931 I AndroidBridge: Decoded image 256x256 from 40058 bytes
06-11 10:32:15.248 27559 27934 I JniHttpHelper: httpGet OK: https://webst02.is.autonavi.com/appmaptile?style=6&x=6519&y=3390&z=13 -> 37083 bytes
06-11 10:32:15.248 27559 27933 I JniHttpHelper: httpGet OK: https://webst01.is.autonavi.com/appmaptile?style=6&x=6519&y=3389&z=13 -> 36862 bytes
06-11 10:32:15.253 27559 27559 I BasemapLayer: Tile uploaded: 13/6520/3389 256x256
06-11 10:32:15.253 27559 27933 I AndroidBridge: Decoded image 256x256 from 36862 bytes
06-11 10:32:15.253 27559 27559 I BasemapLayer: Tile uploaded: 13/6518/3388 256x256
06-11 10:32:15.255 27559 27934 I AndroidBridge: Decoded image 256x256 from 37083 bytes
06-11 10:32:15.278 27559 27932 I JniHttpHelper: httpGet OK: https://webst04.is.autonavi.com/appmaptile?style=6&x=6519&y=3388&z=13 -> 38689 bytes
06-11 10:32:15.286 27559 27936 I JniHttpHelper: httpGet OK: https://webst03.is.autonavi.com/appmaptile?style=6&x=6519&y=3391&z=13 -> 36874 bytes
06-11 10:32:15.286 27559 27559 I BasemapLayer: Tile uploaded: 13/6519/3389 256x256
06-11 10:32:15.287 27559 27559 I BasemapLayer: Tile uploaded: 13/6519/3390 256x256
06-11 10:32:15.288 27559 27938 I JniHttpHelper: httpGet OK: https://webst03.is.autonavi.com/appmaptile?style=6&x=6520&y=3390&z=13 -> 36348 bytes
06-11 10:32:15.300 27559 27932 I AndroidBridge: Decoded image 256x256 from 38689 bytes
06-11 10:32:15.303 27559 27559 I BasemapLayer: Tile uploaded: 13/6519/3388 256x256
06-11 10:32:15.305 27559 27938 I AndroidBridge: Decoded image 256x256 from 36348 bytes
06-11 10:32:15.306 27559 27936 I AndroidBridge: Decoded image 256x256 from 36874 bytes
06-11 10:32:15.319  1667 15952 I sensors-hal: handle_oplus_wise_rgb_event:230, wise_rgb:algo_type = 3
06-11 10:32:15.319 27559 27559 I BasemapLayer: Tile uploaded: 13/6520/3390 256x256
06-11 10:32:15.319  1667 15952 I sensors-hal: get_brightness:1652, light_iface: get_brightness, brl 1529, pwm_turbo_on 0/0, hbm_dc 0
06-11 10:32:15.319  1667 15952 I sensors-hal: handle_oplus_wise_rgb_event:285, wise_rgb: raw_lux 524.451172, raw_cct 6390.937500, r/g/b/c: 41249.222656/36158.648438/20497.656250/91860.859375, R/G/B: 0.000000/0.000000/0.000000, brl 1529.000000, lux: 524.451172, cct: 6390.937500, ts 242532636583558, cnt 3318
06-11 10:32:15.319 27559 27559 I BasemapLayer: Tile uploaded: 13/6519/3391 256x256
06-11 10:32:15.320  3189  6314 I AICCTModule: SensorFilter: findSecondNearestValue, sensorValue: 6346.8564 nearestMaxValue:6371.4346 secondNearestValue: 6390.9375
06-11 10:32:15.320  3189  6314 I AICCTModule: SensorFilter: findSecondNearestValue, sensorValue: 429.4538 nearestMaxValue:517.33276 secondNearestValue: 522.573
06-11 10:32:15.321  3189  6314 I AICCTModule: AICurveModel: findPointByX x:13.394335, rightPoint:Point:(13.4, 6847.0044, 6847.0044)
06-11 10:32:15.321  3189  6314 I AICCTModule: AICurveModel: StablePoints has no dragSplineLine
06-11 10:32:15.321  3189  6314 I AICCTModule: AICurveModel: findPointByY y:6819.781, rightPoint:Point:(13.37, 6819.781, 6819.781)
06-11 10:32:15.321  3189  6314 I AICCTModule: AICurveModel: findPointByY y:6819.781, rightPoint:Point:(13.37, 6819.781, 6819.781)
06-11 10:32:15.321  3189  6314 I AICCTModule: AICurveModel: findPointByY y:6819.781, rightPoint:Point:(13.37, 6819.781, 6819.781)
06-11 10:32:15.322  3189  6314 I AICCTModule: AICurveModel: StablePoints y1Left:6819.781, y2Left:0.0, leftY:6819.781
06-11 10:32:15.322  3189  6314 I AICCTModule: AICurveModel: findPointByY y:6819.781, rightPoint:Point:(13.37, 6819.781, 6819.781)
06-11 10:32:15.322  3189  6314 I AICCTModule: AICurveModel: findPointByY y:6819.781, rightPoint:Point:(13.37, 6819.781, 6819.781)
06-11 10:32:15.322  3189  6314 I AICCTModule: AICurveModel: getNextPoint isLargeChange, 6400.0, 6847.0044
06-11 10:32:15.322  3189  6314 I AICCTModule: AICurveModel: handleUpdateCCT cct change from:(6352.089355,6819.780762)->(6400.000000,6847.004395),curPoint(6400.000000,6847.004395),stablePoint=LeftLarge(6352.0894,6819.781)-RightLarge(6352.0894,6819.781),LeftSmall(6352.0894,6819.781)-RightSmall(6352.0894,6819.781),TLSmall(6352.0894,6819.781)-TRSmall(6352.0894,6819.781)
06-11 10:32:15.322  3189  6314 I AICCTModule: AICurveModel: onTargetCCTChange cct change to 6847.0044
06-11 10:32:15.457  3189  3992 E OplusArpPeer_euclid_psw: ARP read failure: android.system.ErrnoException: read failed: EAGAIN (Try again)
06-11 10:32:15.461  3189  3992 E OplusArpPeer_euclid_psw:  OplusArpPeer close
06-11 10:32:15.520  1667 15952 I sensors-hal: handle_oplus_wise_rgb_event:230, wise_rgb:algo_type = 3
06-11 10:32:15.520  1667 15952 I sensors-hal: handle_oplus_wise_rgb_event:285, wise_rgb: raw_lux 531.885986, raw_cct 6433.470215, r/g/b/c: 41112.414062/36044.371094/20422.599609/91940.328125, R/G/B: 0.000000/0.000000/0.000000, brl 1529.000000, lux: 531.885986, cct: 6433.470215, ts 242532836290173, cnt 3319
06-11 10:32:15.583  1699  1958 D IRIS_LOG_SERV: panelReadWrite: type 255 set color matrix
06-11 10:32:15.585  1699  2116 D IRIS_LOG_SERV: InternalConfig: 191 0
06-11 10:32:15.585  1699  2116 D IRIS_LOG_SERV: InternalConfig: 191 0 ret: 0
06-11 10:32:15.687  3189  5079 D KEYLOG_KeyCombinationManager: down true downTime 200629409 action 0 count 0 isDefaultDisplayInteractive true eventTime 200629409 mDownTimes: {}
06-11 10:32:15.687  3189  5079 D KEYLOG_PhoneWindowManagerExtImpl: overrideInterceptKeyBeforeQueueing:KeyEvent { action=ACTION_DOWN, keyCode=KEYCODE_VOLUME_UP, scanCode=0, metaState=0, flags=0x0, repeatCount=0, eventTime=200629409000000, downTime=200629409000000, deviceId=-1, source=0x0, displayId=-1 },  keyguardOn = false,  screenOn = true,  policyFlags = 721420288,  SosPowerKeyEnabled = true,  WalletSwitchState = 1,  IsQuickLaunchSupport = true,  IsDoubleCheckAppSupport = false,  isQuickAppOn=false,  canceled = false
06-11 10:32:15.687  3189  5079 D KEYLOG_OplusKeyCombinationManager: down true keyCode 24 count 0 interactive true eventTime 200629409 mDownTimes: {}
06-11 10:32:15.687  3189  5079 I OplusJoystickManager: read game pad state for game manager -> false
06-11 10:32:15.687  3189  5079 W OplusJoystickManager: mInterceptGamepadKey is false
06-11 10:32:15.687  3189  5079 D OplusCustomizeRestrictionManagerService: isLongPressVolumeUpDisabled start
06-11 10:32:15.687  3189  5079 I STKeyLog_StrategyDisableBottomKey: onBeforeQueueing : mIsUpGestureMode=false,mDisableBottomKeyMode0
06-11 10:32:15.687  3189  5079 D STKeyLog_StrategyBlackscreenshot: notifyKeyBeforeQueueing, downTime200629409, action=0, interactive=true
06-11 10:32:15.688  3189  5079 D KEYLOG_PhoneWindowManager: interceptKeyBeforeQueueing downTime=200629409 action = 0 interactive=true keyguardActive=false policyFlags=2b000000 isInjected=true isWakeKey=false isKeyGestureTriggered=false
06-11 10:32:15.688  3189  5079 I VibratorManagerServiceExtImpl: cancelVibrate uid=1000, pid=3189, usageFilter=-15, token=193946947
06-11 10:32:15.689  3189  5079 D AS.AudioService: uid 1000, callingApp = android.uid.system:1000
06-11 10:32:15.689  4329 24909 D RingtonePlayer: stopAsync()
06-11 10:32:15.689  4329 24909 D RingtonePlayer: stop
06-11 10:32:15.690  3189  3332 D PowerManagerService: userActivityNoUpdateLocked: groupId=0, eventTime=200629409, event=button, flags=0x0, uid=1000
06-11 10:32:15.719  1667 15952 I sensors-hal: handle_oplus_wise_rgb_event:230, wise_rgb:algo_type = 3
06-11 10:32:15.719  1667 15952 I sensors-hal: handle_oplus_wise_rgb_event:285, wise_rgb: raw_lux 525.994507, raw_cct 6502.908691, r/g/b/c: 41082.925781/35991.246094/20573.626953/91376.726562, R/G/B: 0.000000/0.000000/0.000000, brl 1529.000000, lux: 525.994507, cct: 6502.908691, ts 242533036011891, cnt 3320
06-11 10:32:15.747  4639  8246 D CommonApp-194-10602: commonScoreStrategy scenarios 1
06-11 10:32:15.748  4639  8246 D CommonApp-194-10602: notifyScoreChange appScene COMMON score 100
06-11 10:32:15.748  4639  8246 D ScorePolicy: handleScoreChanged: []
06-11 10:32:15.748  4639  8246 D ScorePolicy: handleScoreChanged: []
06-11 10:32:15.749  4639  8246 D ScorePolicy: handleScoreChanged: []
06-11 10:32:15.768  3189  3251 W SettingsProvider: notifyForSettingsChange delay for eyeprotect_display_cct, value: 6847, delta: 1, lastNotifyTimestamp: 200629489, minInterval: 10
06-11 10:32:15.817  6858  8079 D gaia-GaiaConnectChecker: start connect check++
06-11 10:32:15.824  1800  1924 D BatteryChargeControl: bcc get no support from charging protocol
06-11 10:32:15.836  3189  3806 E OplusInputDeviceUtil: api level < 36 or inputDevice is null, return false
06-11 10:32:15.837  3189  3806 D KEYLOG_KeyGestureControllerExtlmpl: interceptOldShortcuts, mIsShortCutMenuShow = false mPendingMetaActionForOld = false mLongPressHandled = false
06-11 10:32:15.837  3189  3806 D STKeyLog_StrategyPadKeyBoardShortcut: excuteShortCut, interactive = true
06-11 10:32:15.838  3189  3806 D OplusCustomizeRestrictionManagerService: isLongPressVolumeUpDisabled start
06-11 10:32:15.839  3189  3332 D PowerManagerService: userActivityNoUpdateLocked: groupId=0, eventTime=200629409, event=button, flags=0x0, uid=1000
06-11 10:32:15.846  9206  9206 I GlobalHandwriting: onUpdateEditorToolType = 0
06-11 10:32:15.847 27559 27559 I MinimalGlobe: Debug zoom scale=1.18 | tiles vis=41 cached=42 renderSurface=25 exact=25 parent=0 missing=0 unsupported=16 kicked=0 retained=0 z=2-13 targetZ=2-13 texZ=2-13 lod=512 eq=0 qRender=41 qWalk=66 qBal=0 qFrustum=81 qHz=0 qEq2=0 grp=25/0/16 ellAlt=6132.43 sphAlt=942.61 radius=6379079.61 FPS=59.9 draw=27
06-11 10:32:15.848  3189  5079 D KEYLOG_KeyCombinationManager: down false downTime 200629409 action 1 count 1 isDefaultDisplayInteractive true eventTime 200629570 mDownTimes: {24=200629409}
06-11 10:32:15.848  3189  5079 D KEYLOG_PhoneWindowManagerExtImpl: overrideInterceptKeyBeforeQueueing:KeyEvent { action=ACTION_UP, keyCode=KEYCODE_VOLUME_UP, scanCode=0, metaState=0, flags=0x0, repeatCount=0, eventTime=200629570000000, downTime=200629409000000, deviceId=-1, source=0x0, displayId=-1 },  keyguardOn = false,  screenOn = true,  policyFlags = 721420288,  SosPowerKeyEnabled = true,  WalletSwitchState = 1,  IsQuickLaunchSupport = true,  IsDoubleCheckAppSupport = false,  isQuickAppOn=false,  canceled = false
06-11 10:32:15.849  3189  5079 D KEYLOG_OplusKeyCombinationManager: down false keyCode 24 count 0 interactive true eventTime 200629570 mDownTimes: {24=200629409}
06-11 10:32:15.850  3189  5079 I OplusJoystickManager: read game pad state for game manager -> false
06-11 10:32:15.850  3189  5079 W OplusJoystickManager: mInterceptGamepadKey is false
06-11 10:32:15.850  3189  5079 D OplusCustomizeRestrictionManagerService: isLongPressVolumeUpDisabled start
06-11 10:32:15.850  3189  5079 I STKeyLog_StrategyDisableBottomKey: onBeforeQueueing : mIsUpGestureMode=false,mDisableBottomKeyMode0
06-11 10:32:15.850  3189  5079 D STKeyLog_StrategyBlackscreenshot: notifyKeyBeforeQueueing, downTime200629409, action=1, interactive=true
06-11 10:32:15.850  3189  5079 D KEYLOG_PhoneWindowManager: interceptKeyBeforeQueueing downTime=200629409 action = 1 interactive=true keyguardActive=false policyFlags=2b000000 isInjected=true isWakeKey=false isKeyGestureTriggered=false
06-11 10:32:15.851  3189  3806 E OplusInputDeviceUtil: api level < 36 or inputDevice is null, return false
06-11 10:32:15.851  3189  3332 D PowerManagerService: userActivityNoUpdateLocked: groupId=0, eventTime=200629570, event=button, flags=0x0, uid=1000
06-11 10:32:15.852  3189  3806 D STKeyLog_StrategyPadKeyBoardShortcut: excuteShortCut, interactive = true
06-11 10:32:15.852  3189  3806 D OplusCustomizeRestrictionManagerService: isLongPressVolumeUpDisabled start
06-11 10:32:15.854  3189  3332 D PowerManagerService: userActivityNoUpdateLocked: groupId=0, eventTime=200629570, event=button, flags=0x0, uid=1000
06-11 10:32:15.863  3189  5854 D MediaSessionService: dispatchVolumeKeyEvent, pkg=com.earthengine.minimalglobe, opPkg=com.earthengine.minimalglobe, pid=27559, uid=10602, asSystem=true, event=KeyEvent { action=ACTION_UP, keyCode=KEYCODE_VOLUME_UP, scanCode=0, metaState=0, flags=0x0, repeatCount=0, eventTime=200629570000000, downTime=200629409000000, deviceId=-1, source=0x0, displayId=-1 }, stream=-2147483648, musicOnly=false
06-11 10:32:15.863  3189  5854 D MediaSessionService: Adjusting suggestedStream=-2147483648 by 0. flags=4116, preferSuggestedStream=false, session=null, musicOnly false
06-11 10:32:15.863  3189  3189 E MediaSessionService: sPid is 3189 sTid:3189
06-11 10:32:15.868  3189  3189 D AudioServiceExtImpl: ringVolumeDefault :0
06-11 10:32:15.869  3189  3189 V AudioServiceExtImpl: oplusGetParameters() keyValuePairs:OPLUS_AUDIO_GET_ADJUSTVOLUME_FORBID, uid: 1000
06-11 10:32:15.869  3189  3189 D AS.AudioService: sendVolumeUpdate streamType=3, index=800, flags=4112
06-11 10:32:15.870  3189  3189 D VolumeController: postVolumeChanged streamType=3, flags=4112
06-11 10:32:15.872  4329  5186 I SystemUi--Volume: vol.VolumeDialogControl-->shouldShowUI wakefulness:2 ,mDeviceInteractive:true ,mShowVolumeDialog:true
06-11 10:32:15.874  4329  5186 I SystemUi--Volume: vol.VolumeDialogControl-->onVolumeChangedW stream:3,flags:4112 ,showUI:false ,fromKey:true ,showVibrateHint:false ,showSilentHint:false ,changed:false
06-11 10:32:15.874  4329  5186 I SystemUi--Volume: vol.VolumeDialogControl-->shouldShowUI wakefulness:2 ,mDeviceInteractive:true ,mShowVolumeDialog:true
06-11 10:32:15.874  4329  4329 I SystemUi--Volume: OplusVolumeDialogImpl-->onVolumeKeyStateChange isMultiMediaSettingsEnable:false,screenState:2
06-11 10:32:15.918  1667 15952 I sensors-hal: handle_oplus_wise_rgb_event:230, wise_rgb:algo_type = 3
06-11 10:32:15.919  1667 15952 I sensors-hal: handle_oplus_wise_rgb_event:285, wise_rgb: raw_lux 515.870239, raw_cct 6450.920898, r/g/b/c: 41246.281250/36145.757812/20542.435547/91578.859375, R/G/B: 0.000000/0.000000/0.000000, brl 1529.000000, lux: 515.870239, cct: 6450.920898, ts 242533235754079, cnt 3321
06-11 10:32:15.961 27559 27559 I GLES    : submit #900: 25 commands, glError=0
06-11 10:32:15.962 27559 27559 I MinimalGlobe: Frame 900 | tiles vis=39 cached=42 renderSurface=23 mesh=23 (terr=0 ellip=23 ready=0 terrParent=0 terrTrans=0) attach=23 exact=23 parent=0 stale=0 missingGen=0 | missing=0 unsupported=16 kicked=0 retained=0 visZ=2-13 targetZ=2-13 texZ=2-13 lod=512 eq=0 qRender=39 qWalk=66 qFrustum=79 qFade=0 qBal=0 qHz=0 qEq2=0 grp=23/0/16 gen=8 | sun=(0.03,0.93,0.36) | FPS=60.0 draw=25
06-11 10:32:16.102  3189  3610 D osense.compress: com.tencent.mm do shrink, target ratio = 81, final ratio = 90, cur ratio = 72
06-11 10:32:16.118  1667 15952 I sensors-hal: handle_oplus_wise_rgb_event:230, wise_rgb:algo_type = 3
06-11 10:32:16.119  1667 15952 I sensors-hal: handle_oplus_wise_rgb_event:285, wise_rgb: raw_lux 512.421631, raw_cct 6496.830078, r/g/b/c: 41199.777344/36299.492188/20761.044922/91654.710938, R/G/B: 0.000000/0.000000/0.000000, brl 1529.000000, lux: 512.421631, cct: 6496.830078, ts 242533435492360, cnt 3322
06-11 10:32:16.119  1667 15988 I sensors-hal: handle_oplus_wise_rgb_event:301, oplus wise_rgb sample: (3322)(cct, lux, ir_ratio, r, g, b, c)[6496, 512, 36, 41199, 36299, 20761, 91654]
06-11 10:32:16.188  3189  4433 I OplusHansManager : uid=10333, pkg=com.tencent.mm F enter(), M stay=5
06-11 10:32:16.190 13659 13659 D IHansComunication: HANS sendMessageToKernel: threadId = 492371426368, netLinkSetup = 1, type = PKG, targetUid = 10333, pkgCmd = ADD_ONE_UID
06-11 10:32:16.204  3189  4433 I OplusHansManager : freeze uid: 10333 com.tencent.mm pids: [16703, 16806] scene: |StrictMode-1|LcdOn
06-11 10:32:16.204  3189  6099 I OStatsManager_OplusBatteryStatsManager: updateStateTime: PkgName = com.tencent.mm, uid = 10333, state to em, mForegroundCnt = 0, isFg = false
06-11 10:32:16.205 13659 13659 D IHansComunication: HANS sendMessageToKernel: threadId = 492371426368, netLinkSetup = 1, type = PKG, targetUid = 10333, pkgCmd = ADD_ONE_UID
06-11 10:32:16.205  3189  4441 I LocationFreezeProc: will freezeLocationProcess for com.tencent.mm, 10333, true, false
06-11 10:32:16.205  3189  4441 I LocationFreezeProc: Executing freeze operation for com.tencent.mm, 10333, true, false
06-11 10:32:16.205  3189  4441 W LocationFreezeProc: Do nothing for the app is not record!
06-11 10:32:16.205  3189  4441 I OplusHansManager : p_gps: uid 10333 result false
06-11 10:32:16.207  3189  4441 I OplusHansManager : p_BtScan: uid 10333 isProxy true
06-11 10:32:16.318  1667 15952 I sensors-hal: handle_oplus_wise_rgb_event:230, wise_rgb:algo_type = 3
06-11 10:32:16.318  1667 15952 I sensors-hal: get_brightness:1652, light_iface: get_brightness, brl 1529, pwm_turbo_on 0/0, hbm_dc 0
06-11 10:32:16.318  1667 15952 I sensors-hal: handle_oplus_wise_rgb_event:285, wise_rgb: raw_lux 521.121216, raw_cct 6552.675293, r/g/b/c: 41137.550781/36314.210938/20742.265625/91989.632812, R/G/B: 0.000000/0.000000/0.000000, brl 1529.000000, lux: 521.121216, cct: 6552.675293, ts 242533635208454, cnt 3323
06-11 10:32:16.345  3189  5079 D KEYLOG_KeyCombinationManager: down true downTime 200630068 action 0 count 0 isDefaultDisplayInteractive true eventTime 200630068 mDownTimes: {}
06-11 10:32:16.346  3189  5079 D KEYLOG_PhoneWindowManagerExtImpl: overrideInterceptKeyBeforeQueueing:KeyEvent { action=ACTION_DOWN, keyCode=KEYCODE_VOLUME_UP, scanCode=0, metaState=0, flags=0x0, repeatCount=0, eventTime=200630068000000, downTime=200630068000000, deviceId=-1, source=0x0, displayId=-1 },  keyguardOn = false,  screenOn = true,  policyFlags = 721420288,  SosPowerKeyEnabled = true,  WalletSwitchState = 1,  IsQuickLaunchSupport = true,  IsDoubleCheckAppSupport = false,  isQuickAppOn=false,  canceled = false
06-11 10:32:16.346  3189  5079 D KEYLOG_OplusKeyCombinationManager: down true keyCode 24 count 0 interactive true eventTime 200630068 mDownTimes: {}
06-11 10:32:16.346  3189  5079 I OplusJoystickManager: read game pad state for game manager -> false
06-11 10:32:16.346  3189  5079 W OplusJoystickManager: mInterceptGamepadKey is false
06-11 10:32:16.346  3189  5079 D OplusCustomizeRestrictionManagerService: isLongPressVolumeUpDisabled start
06-11 10:32:16.346  3189  5079 I STKeyLog_StrategyDisableBottomKey: onBeforeQueueing : mIsUpGestureMode=false,mDisableBottomKeyMode0
06-11 10:32:16.346  3189  5079 D STKeyLog_StrategyBlackscreenshot: notifyKeyBeforeQueueing, downTime200630068, action=0, interactive=true
06-11 10:32:16.347  3189  5079 D KEYLOG_PhoneWindowManager: interceptKeyBeforeQueueing downTime=200630068 action = 0 interactive=true keyguardActive=false policyFlags=2b000000 isInjected=true isWakeKey=false isKeyGestureTriggered=false
06-11 10:32:16.347  3189  5079 I VibratorManagerServiceExtImpl: cancelVibrate uid=1000, pid=3189, usageFilter=-15, token=193946947
06-11 10:32:16.347  4329  4360 D RingtonePlayer: stopAsync()
06-11 10:32:16.347  4329  4360 D RingtonePlayer: stop
06-11 10:32:16.347  3189  5079 D AS.AudioService: uid 1000, callingApp = android.uid.system:1000
06-11 10:32:16.349  3189  3332 D PowerManagerService: userActivityNoUpdateLocked: groupId=0, eventTime=200630068, event=button, flags=0x0, uid=1000
06-11 10:32:16.468  3189  3271 I ActivityManager: Waited long enough for: ServiceRecord{ed973ea u0 com.qualcomm.qti.workloadclassifier/.WLCService c:com.qualcomm.qti.workloadclassifier}
06-11 10:32:16.496  3189  3806 E OplusInputDeviceUtil: api level < 36 or inputDevice is null, return false
06-11 10:32:16.497  3189  3806 D KEYLOG_KeyGestureControllerExtlmpl: interceptOldShortcuts, mIsShortCutMenuShow = false mPendingMetaActionForOld = false mLongPressHandled = false
06-11 10:32:16.497  3189  3806 D STKeyLog_StrategyPadKeyBoardShortcut: excuteShortCut, interactive = true
06-11 10:32:16.498  3189  3806 D OplusCustomizeRestrictionManagerService: isLongPressVolumeUpDisabled start
06-11 10:32:16.499  3189  3332 D PowerManagerService: userActivityNoUpdateLocked: groupId=0, eventTime=200630068, event=button, flags=0x0, uid=1000
06-11 10:32:16.513  9206  9206 I GlobalHandwriting: onUpdateEditorToolType = 0
06-11 10:32:16.513 27559 27559 I MinimalGlobe: Debug zoom scale=1.18 | tiles vis=39 cached=42 renderSurface=23 exact=23 parent=0 missing=0 unsupported=16 kicked=0 retained=0 z=2-13 targetZ=2-13 texZ=2-13 lod=512 eq=0 qRender=39 qWalk=66 qBal=0 qFrustum=79 qHz=0 qEq2=0 grp=23/0/16 ellAlt=5028.59 sphAlt=-161.22 radius=6377975.78 FPS=60.1 draw=25
06-11 10:32:16.515  3189  5079 D KEYLOG_KeyCombinationManager: down false downTime 200630068 action 1 count 1 isDefaultDisplayInteractive true eventTime 200630237 mDownTimes: {24=200630068}
06-11 10:32:16.515  3189  5079 D KEYLOG_PhoneWindowManagerExtImpl: overrideInterceptKeyBeforeQueueing:KeyEvent { action=ACTION_UP, keyCode=KEYCODE_VOLUME_UP, scanCode=0, metaState=0, flags=0x0, repeatCount=0, eventTime=200630237000000, downTime=200630068000000, deviceId=-1, source=0x0, displayId=-1 },  keyguardOn = false,  screenOn = true,  policyFlags = 721420288,  SosPowerKeyEnabled = true,  WalletSwitchState = 1,  IsQuickLaunchSupport = true,  IsDoubleCheckAppSupport = false,  isQuickAppOn=false,  canceled = false
06-11 10:32:16.515  3189  5079 D KEYLOG_OplusKeyCombinationManager: down false keyCode 24 count 0 interactive true eventTime 200630237 mDownTimes: {24=200630068}
06-11 10:32:16.516  3189  5079 I OplusJoystickManager: read game pad state for game manager -> false
06-11 10:32:16.516  3189  5079 W OplusJoystickManager: mInterceptGamepadKey is false
06-11 10:32:16.516  3189  5079 D OplusCustomizeRestrictionManagerService: isLongPressVolumeUpDisabled start
06-11 10:32:16.516  3189  5079 I STKeyLog_StrategyDisableBottomKey: onBeforeQueueing : mIsUpGestureMode=false,mDisableBottomKeyMode0
06-11 10:32:16.516  3189  5079 D STKeyLog_StrategyBlackscreenshot: notifyKeyBeforeQueueing, downTime200630068, action=1, interactive=true
06-11 10:32:16.516  3189  5079 D KEYLOG_PhoneWindowManager: interceptKeyBeforeQueueing downTime=200630068 action = 1 interactive=true keyguardActive=false policyFlags=2b000000 isInjected=true isWakeKey=false isKeyGestureTriggered=false
06-11 10:32:16.518  3189  3806 E OplusInputDeviceUtil: api level < 36 or inputDevice is null, return false
06-11 10:32:16.518  1667 15952 I sensors-hal: handle_oplus_wise_rgb_event:230, wise_rgb:algo_type = 3
06-11 10:32:16.518  3189  3332 D PowerManagerService: userActivityNoUpdateLocked: groupId=0, eventTime=200630237, event=button, flags=0x0, uid=1000
06-11 10:32:16.518  1667 15952 I sensors-hal: handle_oplus_wise_rgb_event:285, wise_rgb: raw_lux 518.425537, raw_cct 6513.269531, r/g/b/c: 41116.332031/36287.351562/20606.652344/91684.992188, R/G/B: 0.000000/0.000000/0.000000, brl 1529.000000, lux: 518.425537, cct: 6513.269531, ts 242533834924912, cnt 3324
06-11 10:32:16.518  3189  3806 D STKeyLog_StrategyPadKeyBoardShortcut: excuteShortCut, interactive = true
06-11 10:32:16.518  3189  3806 D OplusCustomizeRestrictionManagerService: isLongPressVolumeUpDisabled start
06-11 10:32:16.519  3189  3332 D PowerManagerService: userActivityNoUpdateLocked: groupId=0, eventTime=200630237, event=button, flags=0x0, uid=1000
06-11 10:32:16.529  3189  5854 D MediaSessionService: dispatchVolumeKeyEvent, pkg=com.earthengine.minimalglobe, opPkg=com.earthengine.minimalglobe, pid=27559, uid=10602, asSystem=true, event=KeyEvent { action=ACTION_UP, keyCode=KEYCODE_VOLUME_UP, scanCode=0, metaState=0, flags=0x0, repeatCount=0, eventTime=200630237000000, downTime=200630068000000, deviceId=-1, source=0x0, displayId=-1 }, stream=-2147483648, musicOnly=false
06-11 10:32:16.529  3189  5854 D MediaSessionService: Adjusting suggestedStream=-2147483648 by 0. flags=4116, preferSuggestedStream=false, session=null, musicOnly false
06-11 10:32:16.530  3189  3189 E MediaSessionService: sPid is 3189 sTid:3189
06-11 10:32:16.535  3189  3189 D AudioServiceExtImpl: ringVolumeDefault :0
06-11 10:32:16.536  3189  3189 V AudioServiceExtImpl: oplusGetParameters() keyValuePairs:OPLUS_AUDIO_GET_ADJUSTVOLUME_FORBID, uid: 1000
06-11 10:32:16.537  3189  3189 D AS.AudioService: sendVolumeUpdate streamType=3, index=800, flags=4112
06-11 10:32:16.537  3189  3189 D VolumeController: postVolumeChanged streamType=3, flags=4112
06-11 10:32:16.539  4329  5186 I SystemUi--Volume: vol.VolumeDialogControl-->shouldShowUI wakefulness:2 ,mDeviceInteractive:true ,mShowVolumeDialog:true
06-11 10:32:16.541  4329  5186 I SystemUi--Volume: vol.VolumeDialogControl-->onVolumeChangedW stream:3,flags:4112 ,showUI:false ,fromKey:true ,showVibrateHint:false ,showSilentHint:false ,changed:false
06-11 10:32:16.541  4329  5186 I SystemUi--Volume: vol.VolumeDialogControl-->shouldShowUI wakefulness:2 ,mDeviceInteractive:true ,mShowVolumeDialog:true
06-11 10:32:16.542  4329  4329 I SystemUi--Volume: OplusVolumeDialogImpl-->onVolumeKeyStateChange isMultiMediaSettingsEnable:false,screenState:2
06-11 10:32:16.717  1667 15952 I sensors-hal: handle_oplus_wise_rgb_event:230, wise_rgb:algo_type = 3
06-11 10:32:16.718  1667 15952 I sensors-hal: handle_oplus_wise_rgb_event:285, wise_rgb: raw_lux 522.319336, raw_cct 6428.335938, r/g/b/c: 41291.378906/36165.343750/20445.460938/91838.648438, R/G/B: 0.000000/0.000000/0.000000, brl 1529.000000, lux: 522.319336, cct: 6428.335938, ts 242534034679339, cnt 3325
06-11 10:32:16.767  3189  3765 W OPLUS_LOG_LOAD: ==LOGS PROG INFO, prog(system_server) ==
06-11 10:32:16.767  3189  3765 V AlarmManager: sending alarm Alarm{8867634 type 1 origWhen 1781145136767 whenElapsed 242534093 android} uid 1000 whenElapsed 242534093 windowLength 0 maxWhenElapsed 242534093 repeatInterval 0 action null component null tag StorgaeBandInfoAlarmTag flags 0x9 procName system_server
06-11 10:32:16.768  3189 27614 E OplusStorageUFSBandwidth: storage_io_metrics_path is /proc/oplus_storage/io_metrics/forever/
06-11 10:32:16.771  3189 27614 E OplusStorageUFSBandwidth: Bandwidth - Read: 0.00 MB/s, Write: 0.00 MB/s
06-11 10:32:16.771  3189 27614 E OplusStorageUFSBandwidth: Task time: 3ms
06-11 10:32:16.779  3189 27614 E OplusStorageUFSBandwidth: Alarm set to trigger in 10 seconds
06-11 10:32:16.780  4639  8246 D CommonApp-194-10602: transport layer data is invalid
06-11 10:32:16.780  4639  8246 D ScorePolicy: handleScoreChanged: []
06-11 10:32:16.781  4639  8246 D ScorePolicy: handleScoreChanged: []
06-11 10:32:16.781  4639  8246 D ScorePolicy: handleScoreChanged: []
06-11 10:32:16.798  3189  3271 I ActivityManager: Waited long enough for: ServiceRecord{b7a1e8a u0 com.oplus.sau/com.oplusos.sau.aidl.SauBinderUpdateService c:com.oplus.sau}
06-11 10:32:16.827  1800  1924 D BatteryChargeControl: bcc get no support from charging protocol
06-11 10:32:16.917  1667 15952 I sensors-hal: handle_oplus_wise_rgb_event:230, wise_rgb:algo_type = 3
06-11 10:32:16.917  1667 15952 I sensors-hal: handle_oplus_wise_rgb_event:285, wise_rgb: raw_lux 521.011719, raw_cct 6390.186523, r/g/b/c: 41206.683594/36124.019531/20465.941406/91659.757812, R/G/B: 0.000000/0.000000/0.000000, brl 1529.000000, lux: 521.011719, cct: 6390.186523, ts 242534234411891, cnt 3326
06-11 10:32:16.953  4329  4513 I SystemUi--Statusbar: OplusNetworkSpeedControllExImpl-->updateNetworkSpeed: isConnected:true,isSwitchOn:true,isSuspend:false,isPause:false
06-11 10:32:16.958  4329  4513 I SystemUi--Statusbar: OplusNetworkSpeedControllExImpl-->getTotalByte: totalRxBytes:11564355875,totalTxBytes:3540735219,loopbackTxBytes:2982595845,loopbackRxBytes:2982595365 ,totalBytes:9139899884
06-11 10:32:16.992  3189  5079 D KEYLOG_KeyCombinationManager: down true downTime 200630714 action 0 count 0 isDefaultDisplayInteractive true eventTime 200630714 mDownTimes: {}
06-11 10:32:16.992  3189  5079 D KEYLOG_PhoneWindowManagerExtImpl: overrideInterceptKeyBeforeQueueing:KeyEvent { action=ACTION_DOWN, keyCode=KEYCODE_VOLUME_UP, scanCode=0, metaState=0, flags=0x0, repeatCount=0, eventTime=200630714000000, downTime=200630714000000, deviceId=-1, source=0x0, displayId=-1 },  keyguardOn = false,  screenOn = true,  policyFlags = 721420288,  SosPowerKeyEnabled = true,  WalletSwitchState = 1,  IsQuickLaunchSupport = true,  IsDoubleCheckAppSupport = false,  isQuickAppOn=false,  canceled = false
06-11 10:32:16.992  3189  5079 D KEYLOG_OplusKeyCombinationManager: down true keyCode 24 count 0 interactive true eventTime 200630714 mDownTimes: {}
06-11 10:32:16.993  3189  5079 I OplusJoystickManager: read game pad state for game manager -> false
06-11 10:32:16.993  3189  5079 W OplusJoystickManager: mInterceptGamepadKey is false
06-11 10:32:16.993  3189  5079 D OplusCustomizeRestrictionManagerService: isLongPressVolumeUpDisabled start
06-11 10:32:16.993  3189  5079 I STKeyLog_StrategyDisableBottomKey: onBeforeQueueing : mIsUpGestureMode=false,mDisableBottomKeyMode0
06-11 10:32:16.993  3189  5079 D STKeyLog_StrategyBlackscreenshot: notifyKeyBeforeQueueing, downTime200630714, action=0, interactive=true
06-11 10:32:16.994  3189  5079 D KEYLOG_PhoneWindowManager: interceptKeyBeforeQueueing downTime=200630714 action = 0 interactive=true keyguardActive=false policyFlags=2b000000 isInjected=true isWakeKey=false isKeyGestureTriggered=false
06-11 10:32:16.995  3189  5079 I VibratorManagerServiceExtImpl: cancelVibrate uid=1000, pid=3189, usageFilter=-15, token=193946947
06-11 10:32:16.995  4329 28033 D RingtonePlayer: stopAsync()
06-11 10:32:16.995  4329 28033 D RingtonePlayer: stop
06-11 10:32:16.995  3189  5079 D AS.AudioService: uid 1000, callingApp = android.uid.system:1000
06-11 10:32:16.996  3189  3332 D PowerManagerService: userActivityNoUpdateLocked: groupId=0, eventTime=200630714, event=button, flags=0x0, uid=1000
06-11 10:32:17.063  3189  3841 D WifiStaIfaceHidlImpl: getCachedScanData is not implemented by HIDL
06-11 10:32:17.075  4639  4639 D VendorWifiService: onEvent event:9,action:1
06-11 10:32:17.086  3189  3960 D OplusWifiPower_TriggerCenter: mComponentCallback: wifistat
06-11 10:32:17.117  1667 15952 I sensors-hal: handle_oplus_wise_rgb_event:230, wise_rgb:algo_type = 3
06-11 10:32:17.117  1667 15952 I sensors-hal: handle_oplus_wise_rgb_event:285, wise_rgb: raw_lux 514.656616, raw_cct 6445.818359, r/g/b/c: 41259.113281/36237.695312/20545.240234/91627.515625, R/G/B: 0.000000/0.000000/0.000000, brl 1529.000000, lux: 514.656616, cct: 6445.818359, ts 242534434152256, cnt 3327
06-11 10:32:17.142  3189  3806 E OplusInputDeviceUtil: api level < 36 or inputDevice is null, return false
06-11 10:32:17.142  3189  3806 D KEYLOG_KeyGestureControllerExtlmpl: interceptOldShortcuts, mIsShortCutMenuShow = false mPendingMetaActionForOld = false mLongPressHandled = false
06-11 10:32:17.142  3189  3806 D STKeyLog_StrategyPadKeyBoardShortcut: excuteShortCut, interactive = true
06-11 10:32:17.143  3189  3806 D OplusCustomizeRestrictionManagerService: isLongPressVolumeUpDisabled start
06-11 10:32:17.144  3189  3332 D PowerManagerService: userActivityNoUpdateLocked: groupId=0, eventTime=200630714, event=button, flags=0x0, uid=1000
06-11 10:32:17.146  9206  9206 I GlobalHandwriting: onUpdateEditorToolType = 0
06-11 10:32:17.146 27559 27559 I MinimalGlobe: Debug zoom scale=1.18 | tiles vis=37 cached=42 renderSurface=21 exact=21 parent=0 missing=0 unsupported=16 kicked=0 retained=0 z=2-13 targetZ=2-13 texZ=2-13 lod=512 eq=0 qRender=37 qWalk=65 qBal=0 qFrustum=76 qHz=0 qEq2=0 grp=21/0/16 ellAlt=4123.44 sphAlt=-1066.36 radius=6377070.64 FPS=60.0 draw=23
06-11 10:32:17.147  3189  5079 D KEYLOG_KeyCombinationManager: down false downTime 200630714 action 1 count 1 isDefaultDisplayInteractive true eventTime 200630869 mDownTimes: {24=200630714}
06-11 10:32:17.148  3189  5079 D KEYLOG_PhoneWindowManagerExtImpl: overrideInterceptKeyBeforeQueueing:KeyEvent { action=ACTION_UP, keyCode=KEYCODE_VOLUME_UP, scanCode=0, metaState=0, flags=0x0, repeatCount=0, eventTime=200630869000000, downTime=200630714000000, deviceId=-1, source=0x0, displayId=-1 },  keyguardOn = false,  screenOn = true,  policyFlags = 721420288,  SosPowerKeyEnabled = true,  WalletSwitchState = 1,  IsQuickLaunchSupport = true,  IsDoubleCheckAppSupport = false,  isQuickAppOn=false,  canceled = false
06-11 10:32:17.148  3189  5079 D KEYLOG_OplusKeyCombinationManager: down false keyCode 24 count 0 interactive true eventTime 200630869 mDownTimes: {24=200630714}
06-11 10:32:17.148  3189  5079 I OplusJoystickManager: read game pad state for game manager -> false
06-11 10:32:17.148  3189  5079 W OplusJoystickManager: mInterceptGamepadKey is false
06-11 10:32:17.148  3189  5079 D OplusCustomizeRestrictionManagerService: isLongPressVolumeUpDisabled start
06-11 10:32:17.148  3189  5079 I STKeyLog_StrategyDisableBottomKey: onBeforeQueueing : mIsUpGestureMode=false,mDisableBottomKeyMode0
06-11 10:32:17.148  3189  5079 D STKeyLog_StrategyBlackscreenshot: notifyKeyBeforeQueueing, downTime200630714, action=1, interactive=true
06-11 10:32:17.149  3189  5079 D KEYLOG_PhoneWindowManager: interceptKeyBeforeQueueing downTime=200630714 action = 1 interactive=true keyguardActive=false policyFlags=2b000000 isInjected=true isWakeKey=false isKeyGestureTriggered=false
06-11 10:32:17.149  3189  3806 E OplusInputDeviceUtil: api level < 36 or inputDevice is null, return false
06-11 10:32:17.149  3189  3332 D PowerManagerService: userActivityNoUpdateLocked: groupId=0, eventTime=200630869, event=button, flags=0x0, uid=1000
06-11 10:32:17.150  3189  3806 D STKeyLog_StrategyPadKeyBoardShortcut: excuteShortCut, interactive = true
06-11 10:32:17.150  3189  3806 D OplusCustomizeRestrictionManagerService: isLongPressVolumeUpDisabled start
06-11 10:32:17.151  3189  3332 D PowerManagerService: userActivityNoUpdateLocked: groupId=0, eventTime=200630869, event=button, flags=0x0, uid=1000
06-11 10:32:17.157 27559 27973 I AndroidBridge: androidHttpGet: env=0xb400007a7da0f1c0 gJniHttpHelperClass=0x30a6 gHttpGetMethod=0x1 url=https://webst01.is.autonavi.com/appmaptile?style=6&x=13038&y=6778&z=14
06-11 10:32:17.157 27559 27973 I JniHttpHelper: httpGet called: https://webst01.is.autonavi.com/appmaptile?style=6&x=13038&y=6778&z=14
06-11 10:32:17.158 27559 27995 I AndroidBridge: androidHttpGet: env=0xb400007a7da0f620 gJniHttpHelperClass=0x30a6 gHttpGetMethod=0x1 url=https://webst03.is.autonavi.com/appmaptile?style=6&x=13039&y=6779&z=14
06-11 10:32:17.158 27559 27996 I AndroidBridge: androidHttpGet: env=0xb400007a0dd752e0 gJniHttpHelperClass=0x30a6 gHttpGetMethod=0x1 url=https://webst03.is.autonavi.com/appmaptile?style=6&x=13038&y=6780&z=14
06-11 10:32:17.158 27559 27995 I JniHttpHelper: httpGet called: https://webst03.is.autonavi.com/appmaptile?style=6&x=13039&y=6779&z=14
06-11 10:32:17.158 27559 27996 I JniHttpHelper: httpGet called: https://webst03.is.autonavi.com/appmaptile?style=6&x=13038&y=6780&z=14
06-11 10:32:17.158 27559 27998 I AndroidBridge: androidHttpGet: env=0xb400007a0dd75e40 gJniHttpHelperClass=0x30a6 gHttpGetMethod=0x1 url=https://webst01.is.autonavi.com/appmaptile?style=6&x=13040&y=6780&z=14
06-11 10:32:17.158 27559 27998 I JniHttpHelper: httpGet called: https://webst01.is.autonavi.com/appmaptile?style=6&x=13040&y=6780&z=14
06-11 10:32:17.159 27559 27997 I AndroidBridge: androidHttpGet: env=0xb400007a00825180 gJniHttpHelperClass=0x30a6 gHttpGetMethod=0x1 url=https://webst04.is.autonavi.com/appmaptile?style=6&x=13039&y=6780&z=14
06-11 10:32:17.159 27559 27989 I AndroidBridge: androidHttpGet: env=0xb400007978ead9a0 gJniHttpHelperClass=0x30a6 gHttpGetMethod=0x1 url=https://webst02.is.autonavi.com/appmaptile?style=6&x=13038&y=6779&z=14
06-11 10:32:17.159 27559 27989 I JniHttpHelper: httpGet called: https://webst02.is.autonavi.com/appmaptile?style=6&x=13038&y=6779&z=14
06-11 10:32:17.159 27559 27997 I JniHttpHelper: httpGet called: https://webst04.is.autonavi.com/appmaptile?style=6&x=13039&y=6780&z=14
06-11 10:32:17.160 27559 27976 I AndroidBridge: androidHttpGet: env=0xb400007a00825b20 gJniHttpHelperClass=0x30a6 gHttpGetMethod=0x1 url=https://webst02.is.autonavi.com/appmaptile?style=6&x=13039&y=6778&z=14
06-11 10:32:17.160 27559 27976 I JniHttpHelper: httpGet called: https://webst02.is.autonavi.com/appmaptile?style=6&x=13039&y=6778&z=14
06-11 10:32:17.166  3189  4147 D MediaSessionService: dispatchVolumeKeyEvent, pkg=com.earthengine.minimalglobe, opPkg=com.earthengine.minimalglobe, pid=27559, uid=10602, asSystem=true, event=KeyEvent { action=ACTION_UP, keyCode=KEYCODE_VOLUME_UP, scanCode=0, metaState=0, flags=0x0, repeatCount=0, eventTime=200630869000000, downTime=200630714000000, deviceId=-1, source=0x0, displayId=-1 }, stream=-2147483648, musicOnly=false
06-11 10:32:17.166  3189  4147 D MediaSessionService: Adjusting suggestedStream=-2147483648 by 0. flags=4116, preferSuggestedStream=false, session=null, musicOnly false
06-11 10:32:17.166  3189  3189 E MediaSessionService: sPid is 3189 sTid:3189
06-11 10:32:17.171  3189  3189 D AudioServiceExtImpl: ringVolumeDefault :0
06-11 10:32:17.171  3189  3189 V AudioServiceExtImpl: oplusGetParameters() keyValuePairs:OPLUS_AUDIO_GET_ADJUSTVOLUME_FORBID, uid: 1000
06-11 10:32:17.171  3189  3189 D AS.AudioService: sendVolumeUpdate streamType=3, index=800, flags=4112
06-11 10:32:17.172  3189  3189 D VolumeController: postVolumeChanged streamType=3, flags=4112
06-11 10:32:17.172  4329  5186 I SystemUi--Volume: vol.VolumeDialogControl-->shouldShowUI wakefulness:2 ,mDeviceInteractive:true ,mShowVolumeDialog:true
06-11 10:32:17.173  4329  5186 I SystemUi--Volume: vol.VolumeDialogControl-->onVolumeChangedW stream:3,flags:4112 ,showUI:false ,fromKey:true ,showVibrateHint:false ,showSilentHint:false ,changed:false
06-11 10:32:17.174  4329  5186 I SystemUi--Volume: vol.VolumeDialogControl-->shouldShowUI wakefulness:2 ,mDeviceInteractive:true ,mShowVolumeDialog:true
06-11 10:32:17.174  4329  4329 I SystemUi--Volume: OplusVolumeDialogImpl-->onVolumeKeyStateChange isMultiMediaSettingsEnable:false,screenState:2
06-11 10:32:17.192 27559 27996 I JniHttpHelper: httpGet OK: https://webst03.is.autonavi.com/appmaptile?style=6&x=13038&y=6780&z=14 -> 17864 bytes
06-11 10:32:17.192 27559 27995 I JniHttpHelper: httpGet OK: https://webst03.is.autonavi.com/appmaptile?style=6&x=13039&y=6779&z=14 -> 14222 bytes
06-11 10:32:17.195 27559 27997 I JniHttpHelper: httpGet OK: https://webst04.is.autonavi.com/appmaptile?style=6&x=13039&y=6780&z=14 -> 18040 bytes
06-11 10:32:17.198 27559 27996 I AndroidBridge: Decoded image 256x256 from 17864 bytes
06-11 10:32:17.201 27559 27995 I AndroidBridge: Decoded image 256x256 from 14222 bytes
06-11 10:32:17.202 27559 27989 I JniHttpHelper: httpGet OK: https://webst02.is.autonavi.com/appmaptile?style=6&x=13038&y=6779&z=14 -> 16486 bytes
06-11 10:32:17.202 27559 27559 I BasemapLayer: Tile uploaded: 14/13038/6780 256x256
06-11 10:32:17.203 27559 27559 I BasemapLayer: Tile uploaded: 14/13039/6779 256x256
06-11 10:32:17.204 27559 27997 I AndroidBridge: Decoded image 256x256 from 18040 bytes
06-11 10:32:17.205 13659 13659 D IHansComunication: HANS sendMessageToKernel: threadId = 492371426368, netLinkSetup = 1, type = FROZEN_TRANS, targetUid = 10333, pkgCmd = PKG_CMD_MAX
06-11 10:32:17.206 27559 27989 I AndroidBridge: Decoded image 256x256 from 16486 bytes
06-11 10:32:17.216 27559 27559 I BasemapLayer: Tile uploaded: 14/13039/6780 256x256
06-11 10:32:17.217 27559 27559 I BasemapLayer: Tile uploaded: 14/13038/6779 256x256
06-11 10:32:17.257 27559 27976 I JniHttpHelper: httpGet OK: https://webst02.is.autonavi.com/appmaptile?style=6&x=13039&y=6778&z=14 -> 16829 bytes
06-11 10:32:17.261 27559 27998 I JniHttpHelper: httpGet OK: https://webst01.is.autonavi.com/appmaptile?style=6&x=13040&y=6780&z=14 -> 17765 bytes
06-11 10:32:17.282 27559 27976 I AndroidBridge: Decoded image 256x256 from 16829 bytes
06-11 10:32:17.284 27559 27998 I AndroidBridge: Decoded image 256x256 from 17765 bytes
06-11 10:32:17.286 27559 27559 I BasemapLayer: Tile uploaded: 14/13039/6778 256x256
06-11 10:32:17.286 27559 27559 I BasemapLayer: Tile uploaded: 14/13040/6780 256x256
06-11 10:32:17.301 27559 27973 I JniHttpHelper: httpGet OK: https://webst01.is.autonavi.com/appmaptile?style=6&x=13038&y=6778&z=14 -> 17218 bytes
06-11 10:32:17.316  1667 15952 I sensors-hal: handle_oplus_wise_rgb_event:230, wise_rgb:algo_type = 3
06-11 10:32:17.317  1667 15952 I sensors-hal: handle_oplus_wise_rgb_event:285, wise_rgb: raw_lux 514.576294, raw_cct 6471.552734, r/g/b/c: 41191.511719/36233.843750/20658.937500/91613.390625, R/G/B: 0.000000/0.000000/0.000000, brl 1529.000000, lux: 514.576294, cct: 6471.552734, ts 242534633849339, cnt 3328
06-11 10:32:17.317  1667 15988 I sensors-hal: get_brightness:1652, light_iface: get_brightness, brl 1529, pwm_turbo_on 0/0, hbm_dc 0
06-11 10:32:17.318 27559 27973 I AndroidBridge: Decoded image 256x256 from 17218 bytes
06-11 10:32:17.336 27559 27559 I BasemapLayer: Tile uploaded: 14/13038/6778 256x256
06-11 10:32:17.494  1800  1800 D ChargerInfo: getInfo: type: 0x1, update: 1
06-11 10:32:17.494  1800  1875 D ChargerInfo: chargerInfoUpdateThread: update start
06-11 10:32:17.498  1800  1875 D ChargerInfo: enableTx: path(/proc/wireless/enable_tx): not exist
06-11 10:32:17.502  1800  1875 D ChargerInfo: get_ui_charge_icon_type: [0 0] [0 0] 1
06-11 10:32:17.502  1800  1875 E ChargerInfo: SingleHyperPath not found
06-11 10:32:17.503  1800  1875 D ChargerInfo: CarC: path(/sys/class/oplus_chg/battery/gauge_car_c): not exist
06-11 10:32:17.503  1800  1875 D ChargerInfo: chargerInfoUpdateThread: update end
06-11 10:32:17.503  1800  1875 D ChargerInfo: chargerInfoUpdateThread: update wait
06-11 10:32:17.503  1800  1800 D ChargerInfo: enableTx: path(/proc/wireless/enable_tx): not exist
06-11 10:32:17.504  1800  1800 D ChargerInfo: getInfo: {"Update":{"batteryFcc":3942,"batteryRm":3942,"bddLeakCurr":0,"bmsStatus":0,"bypassChgStatus":0,"chargeTimeRemaining":0,"cpaPower":0,"enableTx":true,"fastCharge":0,"isSupportSpeedCharge":0,"notifyCode":1048704,"otgOnline":1,"ppsChargePower":0,"ppsCharging":0,"shortCHwStatus":0,"shortIcOtpStatus":0,"uiIconType":0,"uiPower":0,"usbStatus":0,"wlsAdapterPower":0}}
06-11 10:32:17.516  1667 15952 I sensors-hal: handle_oplus_wise_rgb_event:230, wise_rgb:algo_type = 3
06-11 10:32:17.517  1667 15952 I sensors-hal: handle_oplus_wise_rgb_event:285, wise_rgb: raw_lux 519.026855, raw_cct 6409.470703, r/g/b/c: 41167.820312/36332.937500/20428.478516/91713.578125, R/G/B: 0.000000/0.000000/0.000000, brl 1529.000000, lux: 519.026855, cct: 6409.470703, ts 242534833582048, cnt 3329
06-11 10:32:17.519  3189  6314 I AICCTModule: SensorFilter: findSecondNearestValue, sensorValue: 6390.9375 nearestMaxValue:6409.4707 secondNearestValue: 6428.336
06-11 10:32:17.519  3189  6314 I AICCTModule: SensorFilter: findSecondNearestValue, sensorValue: 522.573 nearestMaxValue:522.31934 secondNearestValue: 521.1212
06-11 10:32:17.520  3189  6314 I AICCTModule: AICurveModel: findPointByX x:13.417691, rightPoint:Point:(13.42, 6864.773, 6864.773)
06-11 10:32:17.520  3189  6314 I AICCTModule: AICurveModel: StablePoints has no dragSplineLine
06-11 10:32:17.520  3189  6314 I AICCTModule: AICurveModel: findPointByY y:6847.0044, rightPoint:Point:(13.4, 6847.0044, 6847.0044)
06-11 10:32:17.521  3189  6314 I AICCTModule: AICurveModel: findPointByY y:6847.0044, rightPoint:Point:(13.4, 6847.0044, 6847.0044)
06-11 10:32:17.521  3189  6314 I AICCTModule: AICurveModel: findPointByY y:6847.0044, rightPoint:Point:(13.4, 6847.0044, 6847.0044)
06-11 10:32:17.521  3189  6314 I AICCTModule: AICurveModel: StablePoints y1Left:6847.0044, y2Left:0.0, leftY:6847.0044
06-11 10:32:17.522  3189  6314 I AICCTModule: AICurveModel: findPointByY y:6847.0044, rightPoint:Point:(13.4, 6847.0044, 6847.0044)
06-11 10:32:17.522  3189  6314 I AICCTModule: AICurveModel: findPointByY y:6847.0044, rightPoint:Point:(13.4, 6847.0044, 6847.0044)
06-11 10:32:17.522  3189  6314 I AICCTModule: AICurveModel: getNextPoint isLargeChange, 6432.0396, 6864.773
06-11 10:32:17.522  3189  6314 I AICCTModule: AICurveModel: handleUpdateCCT cct change from:(6400.000000,6847.004395)->(6432.039551,6864.772949),curPoint(6432.039551,6864.772949),stablePoint=LeftLarge(6400.0,6847.0044)-RightLarge(6400.0,6847.0044),LeftSmall(6400.0,6847.0044)-RightSmall(6400.0,6847.0044),TLSmall(6400.0,6847.0044)-TRSmall(6400.0,6847.0044)
06-11 10:32:17.522  3189  6314 I AICCTModule: AICurveModel: onTargetCCTChange cct change to 6864.773
06-11 10:32:17.614  1699  1958 D IRIS_LOG_SERV: panelReadWrite: type 255 set color matrix
06-11 10:32:17.616  1699  2116 D IRIS_LOG_SERV: InternalConfig: 191 0
06-11 10:32:17.616  1699  2116 D IRIS_LOG_SERV: InternalConfig: 191 0 ret: 0
06-11 10:32:17.650  3189  5854 D KEYLOG_KeyCombinationManager: down true downTime 200631372 action 0 count 0 isDefaultDisplayInteractive true eventTime 200631372 mDownTimes: {}
06-11 10:32:17.650  3189  5854 D KEYLOG_PhoneWindowManagerExtImpl: overrideInterceptKeyBeforeQueueing:KeyEvent { action=ACTION_DOWN, keyCode=KEYCODE_VOLUME_UP, scanCode=0, metaState=0, flags=0x0, repeatCount=0, eventTime=200631372000000, downTime=200631372000000, deviceId=-1, source=0x0, displayId=-1 },  keyguardOn = false,  screenOn = true,  policyFlags = 721420288,  SosPowerKeyEnabled = true,  WalletSwitchState = 1,  IsQuickLaunchSupport = true,  IsDoubleCheckAppSupport = false,  isQuickAppOn=false,  canceled = false
06-11 10:32:17.650  3189  5854 D KEYLOG_OplusKeyCombinationManager: down true keyCode 24 count 0 interactive true eventTime 200631372 mDownTimes: {}
06-11 10:32:17.650  3189  5854 I OplusJoystickManager: read game pad state for game manager -> false
06-11 10:32:17.650  3189  5854 W OplusJoystickManager: mInterceptGamepadKey is false
06-11 10:32:17.650  3189  5854 D OplusCustomizeRestrictionManagerService: isLongPressVolumeUpDisabled start
06-11 10:32:17.650  3189  5854 I STKeyLog_StrategyDisableBottomKey: onBeforeQueueing : mIsUpGestureMode=false,mDisableBottomKeyMode0
06-11 10:32:17.650  3189  5854 D STKeyLog_StrategyBlackscreenshot: notifyKeyBeforeQueueing, downTime200631372, action=0, interactive=true
06-11 10:32:17.651  3189  5854 D KEYLOG_PhoneWindowManager: interceptKeyBeforeQueueing downTime=200631372 action = 0 interactive=true keyguardActive=false policyFlags=2b000000 isInjected=true isWakeKey=false isKeyGestureTriggered=false
06-11 10:32:17.652  3189  5854 I VibratorManagerServiceExtImpl: cancelVibrate uid=1000, pid=3189, usageFilter=-15, token=193946947
06-11 10:32:17.652  4329  4360 D RingtonePlayer: stopAsync()
06-11 10:32:17.652  4329  4360 D RingtonePlayer: stop
06-11 10:32:17.652  3189  5854 D AS.AudioService: uid 1000, callingApp = android.uid.system:1000
06-11 10:32:17.653  3189  3332 D PowerManagerService: userActivityNoUpdateLocked: groupId=0, eventTime=200631372, event=button, flags=0x0, uid=1000
06-11 10:32:17.716  1667 15952 I sensors-hal: handle_oplus_wise_rgb_event:230, wise_rgb:algo_type = 3
06-11 10:32:17.716  1667 15952 I sensors-hal: handle_oplus_wise_rgb_event:285, wise_rgb: raw_lux 522.278809, raw_cct 6415.052246, r/g/b/c: 41171.300781/36259.824219/20469.455078/91702.375000, R/G/B: 0.000000/0.000000/0.000000, brl 1529.000000, lux: 522.278809, cct: 6415.052246, ts 242535033435069, cnt 3330
06-11 10:32:17.795  4639  8246 D CommonApp-194-10602: commonScoreStrategy scenarios 1
06-11 10:32:17.795  4639  8246 D CommonApp-194-10602: notifyScoreChange appScene COMMON score 100
06-11 10:32:17.796  4639  8246 D ScorePolicy: handleScoreChanged: []
06-11 10:32:17.796  4639  8246 D ScorePolicy: handleScoreChanged: []
06-11 10:32:17.796  4639  8246 D ScorePolicy: handleScoreChanged: []
06-11 10:32:17.800  3189  3806 E OplusInputDeviceUtil: api level < 36 or inputDevice is null, return false
06-11 10:32:17.800  3189  3806 D KEYLOG_KeyGestureControllerExtlmpl: interceptOldShortcuts, mIsShortCutMenuShow = false mPendingMetaActionForOld = false mLongPressHandled = false
06-11 10:32:17.800  3189  3806 D STKeyLog_StrategyPadKeyBoardShortcut: excuteShortCut, interactive = true
06-11 10:32:17.801  3189  3806 D OplusCustomizeRestrictionManagerService: isLongPressVolumeUpDisabled start
06-11 10:32:17.802  3189  3332 D PowerManagerService: userActivityNoUpdateLocked: groupId=0, eventTime=200631372, event=button, flags=0x0, uid=1000
06-11 10:32:17.811  9206  9206 I GlobalHandwriting: onUpdateEditorToolType = 0
06-11 10:32:17.812 27559 27559 I MinimalGlobe: Debug zoom scale=1.18 | tiles vis=41 cached=49 renderSurface=25 exact=25 parent=0 missing=0 unsupported=16 kicked=0 retained=0 z=2-14 targetZ=2-14 texZ=2-14 lod=512 eq=0 qRender=41 qWalk=68 qBal=0 qFrustum=83 qHz=0 qEq2=0 grp=25/0/16 ellAlt=3381.22 sphAlt=-1808.58 radius=6376328.42 FPS=59.7 draw=27
06-11 10:32:17.813  3189  5854 D KEYLOG_KeyCombinationManager: down false downTime 200631372 action 1 count 1 isDefaultDisplayInteractive true eventTime 200631535 mDownTimes: {24=200631372}
06-11 10:32:17.813  3189  5854 D KEYLOG_PhoneWindowManagerExtImpl: overrideInterceptKeyBeforeQueueing:KeyEvent { action=ACTION_UP, keyCode=KEYCODE_VOLUME_UP, scanCode=0, metaState=0, flags=0x0, repeatCount=0, eventTime=200631535000000, downTime=200631372000000, deviceId=-1, source=0x0, displayId=-1 },  keyguardOn = false,  screenOn = true,  policyFlags = 721420288,  SosPowerKeyEnabled = true,  WalletSwitchState = 1,  IsQuickLaunchSupport = true,  IsDoubleCheckAppSupport = false,  isQuickAppOn=false,  canceled = false
06-11 10:32:17.813  3189  5854 D KEYLOG_OplusKeyCombinationManager: down false keyCode 24 count 0 interactive true eventTime 200631535 mDownTimes: {24=200631372}
06-11 10:32:17.814  3189  5854 I OplusJoystickManager: read game pad state for game manager -> false
06-11 10:32:17.814  3189  5854 W OplusJoystickManager: mInterceptGamepadKey is false
06-11 10:32:17.814  3189  5854 D OplusCustomizeRestrictionManagerService: isLongPressVolumeUpDisabled start
06-11 10:32:17.814  3189  5854 I STKeyLog_StrategyDisableBottomKey: onBeforeQueueing : mIsUpGestureMode=false,mDisableBottomKeyMode0
06-11 10:32:17.814  3189  5854 D STKeyLog_StrategyBlackscreenshot: notifyKeyBeforeQueueing, downTime200631372, action=1, interactive=true
06-11 10:32:17.814  3189  5854 D KEYLOG_PhoneWindowManager: interceptKeyBeforeQueueing downTime=200631372 action = 1 interactive=true keyguardActive=false policyFlags=2b000000 isInjected=true isWakeKey=false isKeyGestureTriggered=false
06-11 10:32:17.814  3189  3806 E OplusInputDeviceUtil: api level < 36 or inputDevice is null, return false
06-11 10:32:17.814  3189  3332 D PowerManagerService: userActivityNoUpdateLocked: groupId=0, eventTime=200631535, event=button, flags=0x0, uid=1000
06-11 10:32:17.815  3189  3251 W SettingsProvider: notifyForSettingsChange delay for eyeprotect_display_cct, value: 6865, delta: 0, lastNotifyTimestamp: 200631537, minInterval: 10
06-11 10:32:17.815  3189  3806 D STKeyLog_StrategyPadKeyBoardShortcut: excuteShortCut, interactive = true
06-11 10:32:17.815  3189  3806 D OplusCustomizeRestrictionManagerService: isLongPressVolumeUpDisabled start
06-11 10:32:17.816  3189  3332 D PowerManagerService: userActivityNoUpdateLocked: groupId=0, eventTime=200631535, event=button, flags=0x0, uid=1000
06-11 10:32:17.827  3189  5079 D MediaSessionService: dispatchVolumeKeyEvent, pkg=com.earthengine.minimalglobe, opPkg=com.earthengine.minimalglobe, pid=27559, uid=10602, asSystem=true, event=KeyEvent { action=ACTION_UP, keyCode=KEYCODE_VOLUME_UP, scanCode=0, metaState=0, flags=0x0, repeatCount=0, eventTime=200631535000000, downTime=200631372000000, deviceId=-1, source=0x0, displayId=-1 }, stream=-2147483648, musicOnly=false
06-11 10:32:17.827  3189  5079 D MediaSessionService: Adjusting suggestedStream=-2147483648 by 0. flags=4116, preferSuggestedStream=false, session=null, musicOnly false
06-11 10:32:17.827  3189  3189 E MediaSessionService: sPid is 3189 sTid:3189
06-11 10:32:17.830  1800  1924 D BatteryChargeControl: bcc get no support from charging protocol
06-11 10:32:17.833  3189  3189 D AudioServiceExtImpl: ringVolumeDefault :0
06-11 10:32:17.834  3189  3189 V AudioServiceExtImpl: oplusGetParameters() keyValuePairs:OPLUS_AUDIO_GET_ADJUSTVOLUME_FORBID, uid: 1000
06-11 10:32:17.834  3189  3189 D AS.AudioService: sendVolumeUpdate streamType=3, index=800, flags=4112
06-11 10:32:17.835  3189  3189 D VolumeController: postVolumeChanged streamType=3, flags=4112
06-11 10:32:17.836  4329  5186 I SystemUi--Volume: vol.VolumeDialogControl-->shouldShowUI wakefulness:2 ,mDeviceInteractive:true ,mShowVolumeDialog:true
06-11 10:32:17.837  4329  5186 I SystemUi--Volume: vol.VolumeDialogControl-->onVolumeChangedW stream:3,flags:4112 ,showUI:false ,fromKey:true ,showVibrateHint:false ,showSilentHint:false ,changed:false
06-11 10:32:17.837  4329  5186 I SystemUi--Volume: vol.VolumeDialogControl-->shouldShowUI wakefulness:2 ,mDeviceInteractive:true ,mShowVolumeDialog:true
06-11 10:32:17.838  4329  4329 I SystemUi--Volume: OplusVolumeDialogImpl-->onVolumeKeyStateChange isMultiMediaSettingsEnable:false,screenState:2
06-11 10:32:17.915  1667 15952 I sensors-hal: handle_oplus_wise_rgb_event:230, wise_rgb:algo_type = 3
06-11 10:32:17.916  1667 15952 I sensors-hal: handle_oplus_wise_rgb_event:285, wise_rgb: raw_lux 520.029297, raw_cct 6442.811523, r/g/b/c: 41185.875000/36134.851562/20514.000000/91564.632812, R/G/B: 0.000000/0.000000/0.000000, brl 1529.000000, lux: 520.029297, cct: 6442.811523, ts 242535233137256, cnt 3331
06-11 10:32:18.116  1667 15952 I sensors-hal: handle_oplus_wise_rgb_event:230, wise_rgb:algo_type = 3
06-11 10:32:18.116  1667 15952 I sensors-hal: handle_oplus_wise_rgb_event:285, wise_rgb: raw_lux 513.157715, raw_cct 6477.146973, r/g/b/c: 41285.253906/36153.785156/20589.271484/91420.320312, R/G/B: 0.000000/0.000000/0.000000, brl 1529.000000, lux: 513.157715, cct: 6477.146973, ts 242535432876058, cnt 3332
06-11 10:32:18.116  1667 15988 I sensors-hal: handle_oplus_wise_rgb_event:301, oplus wise_rgb sample: (3332)(cct, lux, ir_ratio, r, g, b, c)[6477, 513, 36, 41285, 36153, 20589, 91420]
06-11 10:32:18.278  3189  5854 D KEYLOG_KeyCombinationManager: down true downTime 200632001 action 0 count 0 isDefaultDisplayInteractive true eventTime 200632001 mDownTimes: {}
06-11 10:32:18.279  3189  5854 D KEYLOG_PhoneWindowManagerExtImpl: overrideInterceptKeyBeforeQueueing:KeyEvent { action=ACTION_DOWN, keyCode=KEYCODE_VOLUME_UP, scanCode=0, metaState=0, flags=0x0, repeatCount=0, eventTime=200632001000000, downTime=200632001000000, deviceId=-1, source=0x0, displayId=-1 },  keyguardOn = false,  screenOn = true,  policyFlags = 721420288,  SosPowerKeyEnabled = true,  WalletSwitchState = 1,  IsQuickLaunchSupport = true,  IsDoubleCheckAppSupport = false,  isQuickAppOn=false,  canceled = false
06-11 10:32:18.279  3189  5854 D KEYLOG_OplusKeyCombinationManager: down true keyCode 24 count 0 interactive true eventTime 200632001 mDownTimes: {}
06-11 10:32:18.279  3189  5854 I OplusJoystickManager: read game pad state for game manager -> false
06-11 10:32:18.279  3189  5854 W OplusJoystickManager: mInterceptGamepadKey is false
06-11 10:32:18.280  3189  5854 D OplusCustomizeRestrictionManagerService: isLongPressVolumeUpDisabled start
06-11 10:32:18.280  3189  5854 I STKeyLog_StrategyDisableBottomKey: onBeforeQueueing : mIsUpGestureMode=false,mDisableBottomKeyMode0
06-11 10:32:18.280  3189  5854 D STKeyLog_StrategyBlackscreenshot: notifyKeyBeforeQueueing, downTime200632001, action=0, interactive=true
06-11 10:32:18.281  3189  5854 D KEYLOG_PhoneWindowManager: interceptKeyBeforeQueueing downTime=200632001 action = 0 interactive=true keyguardActive=false policyFlags=2b000000 isInjected=true isWakeKey=false isKeyGestureTriggered=false
06-11 10:32:18.281  3189  5854 I VibratorManagerServiceExtImpl: cancelVibrate uid=1000, pid=3189, usageFilter=-15, token=193946947
06-11 10:32:18.281  3189  5854 D AS.AudioService: uid 1000, callingApp = android.uid.system:1000
06-11 10:32:18.282  4329 24909 D RingtonePlayer: stopAsync()
06-11 10:32:18.282  4329 24909 D RingtonePlayer: stop
06-11 10:32:18.283  3189  3332 D PowerManagerService: userActivityNoUpdateLocked: groupId=0, eventTime=200632001, event=button, flags=0x0, uid=1000
06-11 10:32:18.315  1667 15952 I sensors-hal: handle_oplus_wise_rgb_event:230, wise_rgb:algo_type = 3
06-11 10:32:18.315  1667 15952 I sensors-hal: get_brightness:1652, light_iface: get_brightness, brl 1529, pwm_turbo_on 0/0, hbm_dc 0
06-11 10:32:18.315  1667 15952 I sensors-hal: handle_oplus_wise_rgb_event:285, wise_rgb: raw_lux 505.127075, raw_cct 6446.358398, r/g/b/c: 41307.601562/36218.917969/20605.199219/91356.078125, R/G/B: 0.000000/0.000000/0.000000, brl 1529.000000, lux: 505.127075, cct: 6446.358398, ts 242535632588871, cnt 3333
06-11 10:32:18.423  3189  3765 V AlarmManager: sending alarm Alarm{a52e291 type 2 origWhen 242535748 whenElapsed 242535748 com.heytap.mcs} uid 1000 whenElapsed 242535748 windowLength 0 maxWhenElapsed 242535748 repeatInterval 0 action com.heytap.onepush.action.service component null flags 0x9 procName com.heytap.mcs
06-11 10:32:18.429  3189  3806 E OplusInputDeviceUtil: api level < 36 or inputDevice is null, return false
06-11 10:32:18.430  3189  3806 D KEYLOG_KeyGestureControllerExtlmpl: interceptOldShortcuts, mIsShortCutMenuShow = false mPendingMetaActionForOld = false mLongPressHandled = false
06-11 10:32:18.430  3189  3806 D STKeyLog_StrategyPadKeyBoardShortcut: excuteShortCut, interactive = true
06-11 10:32:18.430  3189  3806 D OplusCustomizeRestrictionManagerService: isLongPressVolumeUpDisabled start
06-11 10:32:18.432  3189  3332 D PowerManagerService: userActivityNoUpdateLocked: groupId=0, eventTime=200632001, event=button, flags=0x0, uid=1000
06-11 10:32:18.440 31995 28017 E ONEPUSH:WakeLockUtil: acquireWakeLock
06-11 10:32:18.443 31995 28017 E ONEPUSH:WakeLockUtil: releaseWakeLock
06-11 10:32:18.447  9206  9206 I GlobalHandwriting: onUpdateEditorToolType = 0
06-11 10:32:18.451  3189  3759 D ActivityManager: freezing 18957 com.coloros.alarmclock:clockWidget
06-11 10:32:18.454  3189  3759 D ActivityManager: Freeze process 18957, not check file locks
06-11 10:32:18.454  3189  3759 D ActivityManager: reportOneUidFrozenStateChanged uid 10295 frozen = true
06-11 10:32:18.457  3189  3848 D InetDiagMessage: Destroyed 0 sockets, proto=IPPROTO_TCP, family=AF_INET, states=14
06-11 10:32:18.457 27559 27559 I MinimalGlobe: Debug zoom scale=1.18 | tiles vis=40 cached=49 renderSurface=24 exact=24 parent=0 missing=0 unsupported=16 kicked=0 retained=0 z=2-14 targetZ=2-14 texZ=2-14 lod=512 eq=0 qRender=40 qWalk=68 qBal=0 qFrustum=82 qHz=0 qEq2=0 grp=24/0/16 ellAlt=2772.60 sphAlt=-2417.20 radius=6375719.80 FPS=60.1 draw=26
06-11 10:32:18.458  3189  5854 D KEYLOG_KeyCombinationManager: down false downTime 200632001 action 1 count 1 isDefaultDisplayInteractive true eventTime 200632181 mDownTimes: {24=200632001}
06-11 10:32:18.458  3189  5854 D KEYLOG_PhoneWindowManagerExtImpl: overrideInterceptKeyBeforeQueueing:KeyEvent { action=ACTION_UP, keyCode=KEYCODE_VOLUME_UP, scanCode=0, metaState=0, flags=0x0, repeatCount=0, eventTime=200632181000000, downTime=200632001000000, deviceId=-1, source=0x0, displayId=-1 },  keyguardOn = false,  screenOn = true,  policyFlags = 721420288,  SosPowerKeyEnabled = true,  WalletSwitchState = 1,  IsQuickLaunchSupport = true,  IsDoubleCheckAppSupport = false,  isQuickAppOn=false,  canceled = false
06-11 10:32:18.458  3189  5854 D KEYLOG_OplusKeyCombinationManager: down false keyCode 24 count 0 interactive true eventTime 200632181 mDownTimes: {24=200632001}
06-11 10:32:18.459  3189  5854 I OplusJoystickManager: read game pad state for game manager -> false
06-11 10:32:18.459  3189  5854 W OplusJoystickManager: mInterceptGamepadKey is false
06-11 10:32:18.459  3189  5854 D OplusCustomizeRestrictionManagerService: isLongPressVolumeUpDisabled start
06-11 10:32:18.459  3189  5854 I STKeyLog_StrategyDisableBottomKey: onBeforeQueueing : mIsUpGestureMode=false,mDisableBottomKeyMode0
06-11 10:32:18.459  3189  5854 D STKeyLog_StrategyBlackscreenshot: notifyKeyBeforeQueueing, downTime200632001, action=1, interactive=true
06-11 10:32:18.459  3189  5854 D KEYLOG_PhoneWindowManager: interceptKeyBeforeQueueing downTime=200632001 action = 1 interactive=true keyguardActive=false policyFlags=2b000000 isInjected=true isWakeKey=false isKeyGestureTriggered=false
06-11 10:32:18.459  3189  3848 D InetDiagMessage: Destroyed 0 sockets, proto=IPPROTO_TCP, family=AF_INET6, states=14
06-11 10:32:18.459  3189  3848 D InetDiagMessage: Destroyed live tcp sockets for uids={10295} in 6ms
06-11 10:32:18.460  3189  3806 E OplusInputDeviceUtil: api level < 36 or inputDevice is null, return false
06-11 10:32:18.460  3189  3332 D PowerManagerService: userActivityNoUpdateLocked: groupId=0, eventTime=200632181, event=button, flags=0x0, uid=1000
06-11 10:32:18.460  3189  3806 D STKeyLog_StrategyPadKeyBoardShortcut: excuteShortCut, interactive = true
06-11 10:32:18.460  3189  3806 D OplusCustomizeRestrictionManagerService: isLongPressVolumeUpDisabled start
06-11 10:32:18.461  3189  3332 D PowerManagerService: userActivityNoUpdateLocked: groupId=0, eventTime=200632181, event=button, flags=0x0, uid=1000
06-11 10:32:18.462  3189  4691 D MediaSessionService: dispatchVolumeKeyEvent, pkg=com.earthengine.minimalglobe, opPkg=com.earthengine.minimalglobe, pid=27559, uid=10602, asSystem=true, event=KeyEvent { action=ACTION_UP, keyCode=KEYCODE_VOLUME_UP, scanCode=0, metaState=0, flags=0x0, repeatCount=0, eventTime=200632181000000, downTime=200632001000000, deviceId=-1, source=0x0, displayId=-1 }, stream=-2147483648, musicOnly=false
06-11 10:32:18.462  3189  4691 D MediaSessionService: Adjusting suggestedStream=-2147483648 by 0. flags=4116, preferSuggestedStream=false, session=null, musicOnly false
06-11 10:32:18.462  3189  3189 E MediaSessionService: sPid is 3189 sTid:3189
06-11 10:32:18.466  3189  3189 D AudioServiceExtImpl: ringVolumeDefault :0
06-11 10:32:18.467  3189  3189 V AudioServiceExtImpl: oplusGetParameters() keyValuePairs:OPLUS_AUDIO_GET_ADJUSTVOLUME_FORBID, uid: 1000
06-11 10:32:18.467  3189  3189 D AS.AudioService: sendVolumeUpdate streamType=3, index=800, flags=4112
06-11 10:32:18.468  3189  3189 D VolumeController: postVolumeChanged streamType=3, flags=4112
06-11 10:32:18.468  4329  5186 I SystemUi--Volume: vol.VolumeDialogControl-->shouldShowUI wakefulness:2 ,mDeviceInteractive:true ,mShowVolumeDialog:true
06-11 10:32:18.469 27559 28018 I AndroidBridge: androidHttpGet: env=0xb400007a7da0f1c0 gJniHttpHelperClass=0x30a6 gHttpGetMethod=0x1 url=https://webst03.is.autonavi.com/appmaptile?style=6&x=0&y=6&z=3
06-11 10:32:18.469 27559 28018 I JniHttpHelper: httpGet called: https://webst03.is.autonavi.com/appmaptile?style=6&x=0&y=6&z=3
06-11 10:32:18.469 27559 28019 I AndroidBridge: androidHttpGet: env=0xb400007a7da0fc40 gJniHttpHelperClass=0x30a6 gHttpGetMethod=0x1 url=https://webst04.is.autonavi.com/appmaptile?style=6&x=1&y=6&z=3
06-11 10:32:18.469 27559 28019 I JniHttpHelper: httpGet called: https://webst04.is.autonavi.com/appmaptile?style=6&x=1&y=6&z=3
06-11 10:32:18.469 27559 28021 I AndroidBridge: androidHttpGet: env=0xb400007a7da13280 gJniHttpHelperClass=0x30a6 gHttpGetMethod=0x1 url=https://webst01.is.autonavi.com/appmaptile?style=6&x=1&y=7&z=3
06-11 10:32:18.469 27559 28021 I JniHttpHelper: httpGet called: https://webst01.is.autonavi.com/appmaptile?style=6&x=1&y=7&z=3
06-11 10:32:18.469  4329  5186 I SystemUi--Volume: vol.VolumeDialogControl-->onVolumeChangedW stream:3,flags:4112 ,showUI:false ,fromKey:true ,showVibrateHint:false ,showSilentHint:false ,changed:false
06-11 10:32:18.469 27559 28020 I AndroidBridge: androidHttpGet: env=0xb400007a718efc20 gJniHttpHelperClass=0x30a6 gHttpGetMethod=0x1 url=https://webst04.is.autonavi.com/appmaptile?style=6&x=0&y=7&z=3
06-11 10:32:18.469  4329  5186 I SystemUi--Volume: vol.VolumeDialogControl-->shouldShowUI wakefulness:2 ,mDeviceInteractive:true ,mShowVolumeDialog:true
06-11 10:32:18.469 27559 28020 I JniHttpHelper: httpGet called: https://webst04.is.autonavi.com/appmaptile?style=6&x=0&y=7&z=3
06-11 10:32:18.470  4329  4329 I SystemUi--Volume: OplusVolumeDialogImpl-->onVolumeKeyStateChange isMultiMediaSettingsEnable:false,screenState:2
06-11 10:32:18.498 27559 28019 I JniHttpHelper: httpGet OK: https://webst04.is.autonavi.com/appmaptile?style=6&x=1&y=6&z=3 -> 3889 bytes
06-11 10:32:18.503 27559 28019 I AndroidBridge: Decoded image 256x256 from 3889 bytes
06-11 10:32:18.515  1667 15952 I sensors-hal: handle_oplus_wise_rgb_event:230, wise_rgb:algo_type = 3
06-11 10:32:18.515  1667 15952 I sensors-hal: handle_oplus_wise_rgb_event:285, wise_rgb: raw_lux 505.078979, raw_cct 6391.887695, r/g/b/c: 41285.710938/36317.578125/20488.351562/91354.390625, R/G/B: 0.000000/0.000000/0.000000, brl 1529.000000, lux: 505.078979, cct: 6391.887695, ts 242535832330850, cnt 3334
06-11 10:32:18.518 27559 27559 I BasemapLayer: Tile uploaded: 3/1/6 256x256
06-11 10:32:18.529 27559 28021 I JniHttpHelper: httpGet OK: https://webst01.is.autonavi.com/appmaptile?style=6&x=1&y=7&z=3 -> 1896 bytes
06-11 10:32:18.535 27559 28021 I AndroidBridge: Decoded image 256x256 from 1896 bytes
06-11 10:32:18.551 27559 27559 I BasemapLayer: Tile uploaded: 3/1/7 256x256
06-11 10:32:18.574 27559 28018 I JniHttpHelper: httpGet OK: https://webst03.is.autonavi.com/appmaptile?style=6&x=0&y=6&z=3 -> 3130 bytes
06-11 10:32:18.574 27559 28020 I JniHttpHelper: httpGet OK: https://webst04.is.autonavi.com/appmaptile?style=6&x=0&y=7&z=3 -> 2833 bytes
06-11 10:32:18.596 27559 28018 I AndroidBridge: Decoded image 256x256 from 3130 bytes
06-11 10:32:18.596 27559 28020 I AndroidBridge: Decoded image 256x256 from 2833 bytes
06-11 10:32:18.601 27559 27559 I BasemapLayer: Tile uploaded: 3/0/6 256x256
06-11 10:32:18.602 27559 27559 I BasemapLayer: Tile uploaded: 3/0/7 256x256
06-11 10:32:18.715  1667 15952 I sensors-hal: handle_oplus_wise_rgb_event:230, wise_rgb:algo_type = 3
06-11 10:32:18.715  1667 15952 I sensors-hal: handle_oplus_wise_rgb_event:285, wise_rgb: raw_lux 512.934204, raw_cct 6381.168945, r/g/b/c: 41392.042969/36376.085938/20482.660156/91827.703125, R/G/B: 0.000000/0.000000/0.000000, brl 1529.000000, lux: 512.934204, cct: 6381.168945, ts 242536032106579, cnt 3335
06-11 10:32:18.771  3189  3765 V AlarmManager: sending alarm Alarm{4c5d2d0 type 1 origWhen 1781145138771 whenElapsed 242536097 android} uid 1000 whenElapsed 242536097 windowLength 0 maxWhenElapsed 242536097 repeatInterval 0 action null component null tag StorgaeBandInfoAlarmTag flags 0x9 procName system_server
06-11 10:32:18.772  3189 27614 E OplusStorageUFSBandwidth: storage_io_metrics_path is /proc/oplus_storage/io_metrics/forever/
06-11 10:32:18.774  3189 27614 E OplusStorageUFSBandwidth: Bandwidth - Read: 0.00 MB/s, Write: 0.50 MB/s
06-11 10:32:18.774  3189 27614 E OplusStorageUFSBandwidth: Task time: 2ms
06-11 10:32:18.779  3189 27614 E OplusStorageUFSBandwidth: Alarm set to trigger in 10 seconds
06-11 10:32:18.819  4639  8246 D CommonApp-194-10602: commonScoreStrategy scenarios 3 mTLD.uplink_packets + mTLD.downlink_packets > 10 avgRtt22
06-11 10:32:18.819  4639  8246 D CommonApp-194-10602: notifyScoreChange appScene COMMON score 100
06-11 10:32:18.820  4639  8246 D ScorePolicy: handleScoreChanged: []
06-11 10:32:18.820  4639  8246 D ScorePolicy: handleScoreChanged: []
06-11 10:32:18.820  4639  8246 D ScorePolicy: handleScoreChanged: []
06-11 10:32:18.833  1800  1924 D BatteryChargeControl: bcc get no support from charging protocol
06-11 10:32:18.914  1667 15952 I sensors-hal: handle_oplus_wise_rgb_event:230, wise_rgb:algo_type = 3
06-11 10:32:18.915  1667 15952 I sensors-hal: handle_oplus_wise_rgb_event:285, wise_rgb: raw_lux 518.883789, raw_cct 6330.776367, r/g/b/c: 41292.699219/36259.171875/20339.572266/91543.937500, R/G/B: 0.000000/0.000000/0.000000, brl 1529.000000, lux: 518.883789, cct: 6330.776367, ts 242536231599287, cnt 3336
06-11 10:32:19.114  1667 15952 I sensors-hal: handle_oplus_wise_rgb_event:230, wise_rgb:algo_type = 3
06-11 10:32:19.114  1667 15952 I sensors-hal: handle_oplus_wise_rgb_event:285, wise_rgb: raw_lux 509.259644, raw_cct 6350.127441, r/g/b/c: 41267.492188/36212.285156/20356.224609/91109.085938, R/G/B: 0.000000/0.000000/0.000000, brl 1529.000000, lux: 509.259644, cct: 6350.127441, ts 242536431326423, cnt 3337
06-11 10:32:19.314  1667 15952 I sensors-hal: handle_oplus_wise_rgb_event:230, wise_rgb:algo_type = 3
06-11 10:32:19.314  1667 15952 I sensors-hal: handle_oplus_wise_rgb_event:285, wise_rgb: raw_lux 504.761108, raw_cct 6347.396973, r/g/b/c: 41249.339844/36054.617188/20371.625000/90998.828125, R/G/B: 0.000000/0.000000/0.000000, brl 1529.000000, lux: 504.761108, cct: 6347.396973, ts 242536631082673, cnt 3338
06-11 10:32:19.314  1667 15988 I sensors-hal: get_brightness:1652, light_iface: get_brightness, brl 1529, pwm_turbo_on 0/0, hbm_dc 0
06-11 10:32:19.399  6858 14684 D gaia-GaiaConnectChecker: start connect check++
06-11 10:32:19.514  1667 15952 I sensors-hal: handle_oplus_wise_rgb_event:230, wise_rgb:algo_type = 3
06-11 10:32:19.514  1667 15952 I sensors-hal: handle_oplus_wise_rgb_event:285, wise_rgb: raw_lux 507.718628, raw_cct 6341.697266, r/g/b/c: 41170.480469/36163.609375/20310.757812/91104.281250, R/G/B: 0.000000/0.000000/0.000000, brl 1529.000000, lux: 507.718628, cct: 6341.697266, ts 242536830891371, cnt 3339
06-11 10:32:19.645 12732 12839 E MIDASApplication: MIDASPullAtomManager: onPullAtom 150122
06-11 10:32:19.683  3189  5854 W Settings: Setting notification_bubbles has moved from android.provider.Settings.Global to android.provider.Settings.Secure, returning read-only value.
06-11 10:32:19.683  3189  5854 W Settings: Setting apply_ramping_ringer has moved from android.provider.Settings.Global to android.provider.Settings.System, returning read-only value.
06-11 10:32:19.689  3189  5854 W SettingsStatsUtil: Can not parse value to float: +network
06-11 10:32:19.696  3189  5854 W SettingsStatsUtil: Can not parse value to float: +network
06-11 10:32:19.713  1667 15952 I sensors-hal: handle_oplus_wise_rgb_event:230, wise_rgb:algo_type = 3
06-11 10:32:19.713  1667 15952 I sensors-hal: handle_oplus_wise_rgb_event:285, wise_rgb: raw_lux 515.974487, raw_cct 6388.637695, r/g/b/c: 41214.925781/36271.914062/20399.382812/91450.906250, R/G/B: 0.000000/0.000000/0.000000, brl 1529.000000, lux: 515.974487, cct: 6388.637695, ts 242537030762308, cnt 3340
06-11 10:32:19.837  1800  1924 D BatteryChargeControl: bcc get no support from charging protocol
06-11 10:32:19.842  4639  8246 D CommonApp-194-10602: transport layer data is invalid
06-11 10:32:19.843  4639  8246 D ScorePolicy: handleScoreChanged: []
06-11 10:32:19.843  4639  8246 D ScorePolicy: handleScoreChanged: []
06-11 10:32:19.843  4639  8246 D ScorePolicy: handleScoreChanged: []
06-11 10:32:19.913  1667 15952 I sensors-hal: handle_oplus_wise_rgb_event:230, wise_rgb:algo_type = 3
06-11 10:32:19.913  1667 15952 I sensors-hal: handle_oplus_wise_rgb_event:285, wise_rgb: raw_lux 528.146240, raw_cct 6429.579102, r/g/b/c: 41107.886719/36256.292969/20475.382812/92033.609375, R/G/B: 0.000000/0.000000/0.000000, brl 1529.000000, lux: 528.146240, cct: 6429.579102, ts 242537230611110, cnt 3341
06-11 10:32:20.088  3189  3841 D WifiStaIfaceHidlImpl: getCachedScanData is not implemented by HIDL
06-11 10:32:20.101  4639  4639 D VendorWifiService: onEvent event:9,action:1
06-11 10:32:20.112  3189  3960 D OplusWifiPower_TriggerCenter: mComponentCallback: wifistat
06-11 10:32:20.113  1667 15988 I sensors-hal: handle_oplus_wise_rgb_event:301, oplus wise_rgb sample: (3342)(cct, lux, ir_ratio, r, g, b, c)[6433, 536, 30, 41127, 36117, 20326, 92040]
06-11 10:32:20.113  1667 15952 I sensors-hal: handle_oplus_wise_rgb_event:230, wise_rgb:algo_type = 3
06-11 10:32:20.113  1667 15952 I sensors-hal: handle_oplus_wise_rgb_event:285, wise_rgb: raw_lux 536.204956, raw_cct 6433.559082, r/g/b/c: 41127.390625/36117.617188/20326.880859/92040.367188, R/G/B: 0.000000/0.000000/0.000000, brl 1529.000000, lux: 536.204956, cct: 6433.559082, ts 242537430405485, cnt 3342
06-11 10:32:20.146  3189  4433 I OplusHansManager : uid=10136, pkg=com.baidu.input_oppo cannot transition from R to M, importance=input
06-11 10:32:20.147  3189  4433 I OplusHansManager : uid=10370, pkg=com.tencent.android.qqdownloader cannot transition from R to M, importance=screenRecorder
06-11 10:32:20.309  1656  5403 I vendor.qti.bluetooth@1.0-ibs_handler: [ibs_handler.cpp:778] ProcessIbsCmd: Received IBS_WAKE_IND: 0xFD
06-11 10:32:20.309  1656  5403 D vendor.qti.bluetooth@1.0-ibs_handler: [ibs_handler.cpp:372] SerialClockVote: vote for UART CLK ON
06-11 10:32:20.310  1656  5403 D vendor.qti.bluetooth@1.0-wake_lock: [wake_lock.cpp:135] Acquire wakelock is acquired 
06-11 10:32:20.310  1656  5403 I vendor.qti.bluetooth@1.0-ibs_handler: [ibs_handler.cpp:795] ProcessIbsCmd: Writing IBS_WAKE_ACK
06-11 10:32:20.313  1667 15952 I sensors-hal: handle_oplus_wise_rgb_event:230, wise_rgb:algo_type = 3
06-11 10:32:20.313  1667 15952 I sensors-hal: get_brightness:1652, light_iface: get_brightness, brl 1529, pwm_turbo_on 0/0, hbm_dc 0
06-11 10:32:20.313  1667 15952 I sensors-hal: handle_oplus_wise_rgb_event:285, wise_rgb: raw_lux 540.050293, raw_cct 6404.412109, r/g/b/c: 41113.085938/36008.757812/20221.472656/91844.671875, R/G/B: 0.000000/0.000000/0.000000, brl 1529.000000, lux: 540.050293, cct: 6404.412109, ts 242537630127152, cnt 3343
06-11 10:32:20.351  1656  5403 I vendor.qti.bluetooth@1.0-ibs_handler: [ibs_handler.cpp:825] ProcessIbsCmd: Received IBS_SLEEP_IND: 0xFE
06-11 10:32:20.352  1656  5403 D vendor.qti.bluetooth@1.0-ibs_handler: [ibs_handler.cpp:391] SerialClockVote: vote for UART CLK OFF
06-11 10:32:20.442  3189  4244 I Osense-BaseDecisionMaker: notifySceneToAthenaPolicy: SCENE_IDLE_RECOVER, bundle: Bundle[{scene=SCENE_IDLE_RECOVER}]
06-11 10:32:20.445  3189  4244 I Osense-BaseDecisionMaker: scene: SCENE_IDLE_RECOVER, excutingPolicy: respreload
06-11 10:32:20.446  3189  4244 D Osense-BaseDecisionMaker: invoke process preload policy
06-11 10:32:20.446  3189  4244 I Osense-BaseDecisionMaker: scene: SCENE_IDLE_RECOVER, excutingPolicy: clear
06-11 10:32:20.446  3189  4244 D Osense-BaseDecisionMaker: invoke clear policy,type: unforbid
06-11 10:32:20.446  3189  4244 I OsenseKillAction: KillAction: skip reason: non-low-mem-req, req_id=12441, enable=true, scene=SCENE_IDLE_RECOVER, type=unforbid, cchOnly=false, appcare=0, bloM=false, bloP=false
06-11 10:32:20.503  1656  5071 D vendor.qti.bluetooth@1.0-wake_lock: [wake_lock.cpp:158] Release wakelock is released 
06-11 10:32:20.513  1667 15952 I sensors-hal: handle_oplus_wise_rgb_event:230, wise_rgb:algo_type = 3
06-11 10:32:20.513  1667 15952 I sensors-hal: handle_oplus_wise_rgb_event:285, wise_rgb: raw_lux 533.146362, raw_cct 6379.631348, r/g/b/c: 41206.304688/36026.183594/20236.935547/91830.671875, R/G/B: 0.000000/0.000000/0.000000, brl 1529.000000, lux: 533.146362, cct: 6379.631348, ts 242537829911787, cnt 3344
06-11 10:32:20.712  1667 15952 I sensors-hal: handle_oplus_wise_rgb_event:230, wise_rgb:algo_type = 3
06-11 10:32:20.713  1667 15952 I sensors-hal: handle_oplus_wise_rgb_event:285, wise_rgb: raw_lux 542.026611, raw_cct 6420.073242, r/g/b/c: 41252.914062/36074.722656/20373.138672/92366.812500, R/G/B: 0.000000/0.000000/0.000000, brl 1529.000000, lux: 542.026611, cct: 6420.073242, ts 242538029717933, cnt 3345
06-11 10:32:20.736  3189  3610 D osense.compress: com.heytap.browser do shrink, target ratio = 89, final ratio = 90, cur ratio = 84
06-11 10:32:20.774  3189  3765 V AlarmManager: sending alarm Alarm{e4a267e type 1 origWhen 1781145140774 whenElapsed 242538100 android} uid 1000 whenElapsed 242538100 windowLength 0 maxWhenElapsed 242538100 repeatInterval 0 action null component null tag StorgaeBandInfoAlarmTag flags 0x9 procName system_server
06-11 10:32:20.775  3189 27614 E OplusStorageUFSBandwidth: storage_io_metrics_path is /proc/oplus_storage/io_metrics/forever/
06-11 10:32:20.776  3189 27614 E OplusStorageUFSBandwidth: Bandwidth - Read: 0.00 MB/s, Write: 0.00 MB/s
06-11 10:32:20.776  3189 27614 E OplusStorageUFSBandwidth: Task time: 1ms
06-11 10:32:20.782  3189 27614 E OplusStorageUFSBandwidth: Alarm set to trigger in 10 seconds
06-11 10:32:20.840  1800  1924 D BatteryChargeControl: bcc get no support from charging protocol
06-11 10:32:20.866  4639  8246 D CommonApp-194-10602: transport layer data is invalid
06-11 10:32:20.867  4639  8246 D ScorePolicy: handleScoreChanged: []
06-11 10:32:20.867  4639  8246 D ScorePolicy: handleScoreChanged: []
06-11 10:32:20.867  4639  8246 D ScorePolicy: handleScoreChanged: []
06-11 10:32:20.912  1667 15952 I sensors-hal: handle_oplus_wise_rgb_event:230, wise_rgb:algo_type = 3
06-11 10:32:20.912  1667 15952 I sensors-hal: handle_oplus_wise_rgb_event:285, wise_rgb: raw_lux 538.871460, raw_cct 6396.092773, r/g/b/c: 41298.847656/36153.285156/20328.992188/92140.835938, R/G/B: 0.000000/0.000000/0.000000, brl 1529.000000, lux: 538.871460, cct: 6396.092773, ts 242538229499444, cnt 3346
06-11 10:32:20.959  4329  4513 I SystemUi--Statusbar: OplusNetworkSpeedControllExImpl-->updateNetworkSpeed: isConnected:true,isSwitchOn:true,isSuspend:false,isPause:false
06-11 10:32:20.962  4329  4513 I SystemUi--Statusbar: OplusNetworkSpeedControllExImpl-->getTotalByte: totalRxBytes:11564514461,totalTxBytes:3540747068,loopbackTxBytes:2982596261,loopbackRxBytes:2982595781 ,totalBytes:9140069487
06-11 10:32:21.037 27559 27559 I GLES    : submit #1200: 27 commands, glError=0
06-11 10:32:21.039 27559 27559 I MinimalGlobe: Frame 1200 | tiles vis=41 cached=53 renderSurface=25 mesh=25 (terr=0 ellip=25 ready=0 terrParent=0 terrTrans=0) attach=25 exact=25 parent=0 stale=0 missingGen=0 | missing=0 unsupported=16 kicked=0 retained=0 visZ=2-14 targetZ=2-14 texZ=2-14 lod=512 eq=0 qRender=41 qWalk=67 qFrustum=82 qFade=0 qBal=0 qHz=0 qEq2=0 grp=25/0/16 gen=14 | sun=(0.03,0.93,0.36) | FPS=60.1 draw=27
06-11 10:32:21.112  1667 15952 I sensors-hal: handle_oplus_wise_rgb_event:230, wise_rgb:algo_type = 3
06-11 10:32:21.112  1667 15952 I sensors-hal: handle_oplus_wise_rgb_event:285, wise_rgb: raw_lux 528.540649, raw_cct 6336.331055, r/g/b/c: 41406.906250/36310.480469/20268.919922/91790.671875, R/G/B: 0.000000/0.000000/0.000000, brl 1529.000000, lux: 528.540649, cct: 6336.331055, ts 242538429278714, cnt 3347
06-11 10:32:21.181  3189  3759 D ActivityManager: freezing 7809 com.android.permissioncontroller
06-11 10:32:21.185  3189  3759 D ActivityManager: Freeze process 7809, not check file locks
06-11 10:32:21.185  3189  3759 D ActivityManager: reportOneUidFrozenStateChanged uid 10276 frozen = true
06-11 10:32:21.188  3189  3848 D InetDiagMessage: Destroyed 0 sockets, proto=IPPROTO_TCP, family=AF_INET, states=14
06-11 10:32:21.194  3189  3848 D InetDiagMessage: Destroyed 0 sockets, proto=IPPROTO_TCP, family=AF_INET6, states=14
06-11 10:32:21.194  3189  3848 D InetDiagMessage: Destroyed live tcp sockets for uids={10276} in 8ms
06-11 10:32:21.207  3189  3610 D osense.compress: com.tencent.mm do shrink, target ratio = 86, final ratio = 90, cur ratio = 81
06-11 10:32:21.256 12732 13406 D ShellSubscriberWorkerThread: the first 8 bytes empty, and RestData length > 8 
06-11 10:32:21.262  4454  5373 D AMC     : [TriggerForeground] handle temp changed:35807
06-11 10:32:21.267  1572 18752 E TetherController: property_get sys.radio.data.modem_share_flag return 0, 1!
06-11 10:32:21.288  3189  4691 W SurfaceFlingerPuller: Failed to pull atom 150134 from surfaceflinger. Success is 0, binder status is EX_NONE
06-11 10:32:21.288  1574  1616 E statsd  : Stats puller failed for tag: 150134 at 242538580732390
06-11 10:32:21.288  3189  3839 V NetworkPolicy: updateNetworkEnabledNL() return
06-11 10:32:21.288  3189  3839 V NetworkPolicy: updateNotificationsNL not process
06-11 10:32:21.289 12732 12839 E MIDASApplication: MIDASPullAtomManager: onPullAtom 150017
06-11 10:32:21.289  3189  5854 D KernelStatsHelper: getKernelStats start!
06-11 10:32:21.291  3189  3931 D OplusNetlinkSocket: handleNetlinkRecvKernelMessage:nlmsghdr:StructNlMsgHdr{ nlmsg_len{3004}, nlmsg_type{48()}, nlmsg_flags{0()}, nlmsg_seq{0}, nlmsg_pid{208998235} }
06-11 10:32:21.291  3189  3931 D KernelStatsHelper: get magic :[-1, -1, -1, 77, 65, 71, 73, 67]
06-11 10:32:21.291  3189  3931 D KernelStatsHelper: magic matched count:227 data_len:11804
06-11 10:32:21.292  3189  3931 D OplusNetlinkSocket: handleNetlinkRecvKernelMessage:nlmsghdr:StructNlMsgHdr{ nlmsg_len{2988}, nlmsg_type{48()}, nlmsg_flags{0()}, nlmsg_seq{0}, nlmsg_pid{208998235} }
06-11 10:32:21.292  3189  3931 D OplusNetlinkSocket: handleNetlinkRecvKernelMessage:nlmsghdr:StructNlMsgHdr{ nlmsg_len{2988}, nlmsg_type{48()}, nlmsg_flags{0()}, nlmsg_seq{0}, nlmsg_pid{208998235} }
06-11 10:32:21.292  3189  3931 D OplusNetlinkSocket: handleNetlinkRecvKernelMessage:nlmsghdr:StructNlMsgHdr{ nlmsg_len{2936}, nlmsg_type{48()}, nlmsg_flags{0()}, nlmsg_seq{0}, nlmsg_pid{208998235} }
06-11 10:32:21.292  3189  3931 D KernelStatsHelper: data over! check: true
06-11 10:32:21.292  4454  5101 V MonthTrafficAlert: getWarningNotification subId:2 numWarningNotificaion:0
06-11 10:32:21.297  1756  1756 E android.hardware.power.stats-impl.oplus: HandleFactory::read failed! _hidl_mNamePathMap not found key:ufs_total_read_size
06-11 10:32:21.298  6127  6197 W ostats_pullerd: handleFactory read failed.
06-11 10:32:21.298  6127  6197 E ostats_pullerd: PullAtomCallback getContentByHandleKey read nodeKey: ufs_total_read_size, len=0
06-11 10:32:21.298  1756  1756 E android.hardware.power.stats-impl.oplus: HandleFactory::read failed! _hidl_mNamePathMap not found key:ufs_total_write_size
06-11 10:32:21.298  6127  6197 W ostats_pullerd: handleFactory read failed.
06-11 10:32:21.298  6127  6197 E ostats_pullerd: PullAtomCallback getContentByHandleKey read nodeKey: ufs_total_write_size, len=0
06-11 10:32:21.311  1667 15952 I sensors-hal: handle_oplus_wise_rgb_event:230, wise_rgb:algo_type = 3
06-11 10:32:21.312  1667 15952 I sensors-hal: handle_oplus_wise_rgb_event:285, wise_rgb: raw_lux 517.031128, raw_cct 6283.625000, r/g/b/c: 41407.109375/36460.085938/20359.259766/91728.445312, R/G/B: 0.000000/0.000000/0.000000, brl 1529.000000, lux: 517.031128, cct: 6283.625000, ts 242538629113819, cnt 3348
06-11 10:32:21.312  1667 15988 I sensors-hal: get_brightness:1652, light_iface: get_brightness, brl 1529, pwm_turbo_on 0/0, hbm_dc 0
06-11 10:32:21.433 19629 19629 D WM-DelayedWorkTracker: Scheduling work e5957d96-8a7c-4a37-8f39-505a3c525145
06-11 10:32:21.435 19629 19629 D WM-GreedyScheduler: Starting tracking for e5957d96-8a7c-4a37-8f39-505a3c525145
06-11 10:32:21.436 19629 19735 D WM-ConstraintTracker: c: initial state = true
06-11 10:32:21.436 19629 19735 D WM-BrdcstRcvrCnstrntTrc: c: registering receiver
06-11 10:32:21.440 19629 19728 D WM-GreedyScheduler: Constraints met: Scheduling work ID WorkGenerationalId(workSpecId=e5957d96-8a7c-4a37-8f39-505a3c525145, generation=0)
06-11 10:32:21.443 19629 19728 D WM-Processor: s: processing WorkGenerationalId(workSpecId=e5957d96-8a7c-4a37-8f39-505a3c525145, generation=0)
06-11 10:32:21.448 19629 19629 D WM-WorkerWrapper: Starting work for com.oplus.oss.bussiness.localapp.work.LocalAppOneTimeWorker
06-11 10:32:21.448 19629 26839 I DMP-AppInitializer: isAppAvailable for work, caller: null
06-11 10:32:21.448 19629 26839 I DMP-OFreezeProtectWorker: takeProtectionFromFrozen, no need to protect
06-11 10:32:21.449 19629 26839 I DMP-AbstractWorker: parseData, resource: localApp, method1:onReceive, work: completeKeywordIndexWork, extras: Bundle[{action=android.intent.action.PACKAGE_REPLACED, package=com.earthengine.minimalglobe}], initIndexCount:5000
06-11 10:32:21.449 19629 26839 I DMP-AbstractWorker: doWork started, resource: localApp, method3:onReceive, work:Work{mWorkName=completeKeywordIndexWork, mWorkTerm=long, mReportId=false, mCreate=Create{mIndexStatus=null, mQueryTime=0, mInterval=0, mDeletedDocs=null, mNeedRebuildFlag=0, mIndexCheckFlag=false, mDrop=Drop{mCount=4, mInterval=10000, mDelay=60000}, mHighTemperature=38, mMinPower=null, mScreen=null, mDeletedConditions=null}, mEntry=null, mMoreBatch=MoreBatch{mPowerConsumed=2, mHighTemperatureValue=0, mLowTemperatureValue=0, mPower=[full|charging], mScreen=null, mTemperatureConsumed=0}, mChained=true, mInitialDelay=10, mWorkOneTimeLimit=0}
06-11 10:32:21.456 19629 26839 I DMP-PowerUtils: getHoraeTemperature:36
06-11 10:32:21.456 19629 26839 I DMP-AbstractWorker: dispatchWork: completeKeywordIndexWork for [localApp]
06-11 10:32:21.457 19629 26839 I DMP-SAUWorkConfigManager: sau work config not found
06-11 10:32:21.457 19629 26839 I DMP-PowerUtils: getHoraeTemperature:36
06-11 10:32:21.457 19629 26839 I DMP-AbstractWorker: doCompleteKeywordIndex work for [localApp]
06-11 10:32:21.458 19629 26839 I DMP-AbstractWorker: No data need do complete keyword index for [localApp]
06-11 10:32:21.458 19629 26839 I DMP-AbstractWorker: setIndexFailCount method:onReceive, count:0, all:initResource=0,onReceive=0,rearrange=0,dailyTask=0
06-11 10:32:21.469 19629 26839 I DMP-AbstractWorker: doWork finished, resource: localApp, method5:onReceive, work:Work{mWorkName=completeKeywordIndexWork, mWorkTerm=long, mReportId=false, mCreate=Create{mIndexStatus=null, mQueryTime=0, mInterval=0, mDeletedDocs=null, mNeedRebuildFlag=0, mIndexCheckFlag=false, mDrop=Drop{mCount=4, mInterval=10000, mDelay=60000}, mHighTemperature=38, mMinPower=null, mScreen=null, mDeletedConditions=null}, mEntry=null, mMoreBatch=MoreBatch{mPowerConsumed=2, mHighTemperatureValue=0, mLowTemperatureValue=0, mPower=[full|charging], mScreen=null, mTemperatureConsumed=0}, mChained=true, mInitialDelay=10, mWorkOneTimeLimit=0}
06-11 10:32:21.469 19629 26839 I DMP-IndexEventManager: addEvent:InternalIndexEvent{mEvent=null, mEventTime=null, mEventData=null, mEventDropReason=null, mResource=null, mWork=null, mWorkId=e5957d96-8a7c-4a37-8f39-505a3c525145, mWorkTime=1781145141, mCursorSize=null, mResult=0}
06-11 10:32:21.469 19629 26839 I DMP-IndexEventManager: addInternalEvent:result=0 workId=e5957d96-8a7c-4a37-8f39-505a3c525145 workTime=1781145141
06-11 10:32:21.470 19629 26839 I DMP-IndexEventManager: addInternalEvent update:0
06-11 10:32:21.470 19629 26839 I DMP-IndexEventManager: addInternalEvent insert:6524
06-11 10:32:21.470 19629 26839 I DMP-FrozenHelper: deleteKeepRequest, no more quest
06-11 10:32:21.476 19629 19710 I WM-WorkerWrapper: Worker result SUCCESS for Work [ id=e5957d96-8a7c-4a37-8f39-505a3c525145, tags={ com.oplus.oss.bussiness.localapp.work.LocalAppOneTimeWorker,localApp_onReceive__OneTimeWork,completeKeywordIndexWork } ]
06-11 10:32:21.477 19629 19629 D WM-Processor: s e5957d96-8a7c-4a37-8f39-505a3c525145 executed; reschedule = false
06-11 10:32:21.477 19629 19629 D WM-GreedyScheduler: Stopping tracking for WorkGenerationalId(workSpecId=e5957d96-8a7c-4a37-8f39-505a3c525145, generation=0)
06-11 10:32:21.479 19629 19710 D WM-GreedyScheduler: Cancelling work ID e5957d96-8a7c-4a37-8f39-505a3c525145
06-11 10:32:21.480 19629 19710 D WM-BrdcstRcvrCnstrntTrc: c: unregistering receiver
06-11 10:32:21.494  4329  4329 D OplusPrivacyDotViewController: scheduleUpdate: 
06-11 10:32:21.494  4329  4806 D OplusPrivacyDotViewController: processNextViewState: 
06-11 10:32:21.494  4329  4806 D OplusPrivacyDotViewController: resolveState ViewState(systemPrivacyEventIsActive=false, shadeExpanded=false, needShow=true, rtl=false, rotation=0, height=14, x=50, y=67, cornerIndex=1, designatedCorner=android.widget.FrameLayout{b698602 G.E...... ......I. 0,0-14,14 #7f0a0606 app:id/icons_container alpha=0.0 viewInfo = }, contentDescription=null, chipAnimationStart=false, preDraw=false) shouldShowDot false
06-11 10:32:21.494  4329  4806 W SystemUi--Common: OplusSysUiSchedMgr-->schedForPrivacyIconShowing not showing, no need release
06-11 10:32:21.511  1667 15952 I sensors-hal: handle_oplus_wise_rgb_event:230, wise_rgb:algo_type = 3
06-11 10:32:21.511  1667 15952 I sensors-hal: handle_oplus_wise_rgb_event:285, wise_rgb: raw_lux 529.540894, raw_cct 6348.851562, r/g/b/c: 41284.144531/36337.425781/20389.462891/92185.070312, R/G/B: 0.000000/0.000000/0.000000, brl 1529.000000, lux: 529.540894, cct: 6348.851562, ts 242538828958350, cnt 3349
06-11 10:32:21.712  1667 15952 I sensors-hal: handle_oplus_wise_rgb_event:230, wise_rgb:algo_type = 3
06-11 10:32:21.712  1667 15952 I sensors-hal: handle_oplus_wise_rgb_event:285, wise_rgb: raw_lux 526.539062, raw_cct 6485.125000, r/g/b/c: 41113.964844/36137.042969/20597.923828/91634.062500, R/G/B: 0.000000/0.000000/0.000000, brl 1529.000000, lux: 526.539062, cct: 6485.125000, ts 242539028763089, cnt 3350
06-11 10:32:21.782 19629 19629 D WM-DelayedWorkTracker: Scheduling work 446fe0b5-66e1-4eab-aa21-024cd9bdbace
06-11 10:32:21.782 19629 19629 D WM-GreedyScheduler: Starting tracking for 446fe0b5-66e1-4eab-aa21-024cd9bdbace
06-11 10:32:21.784 19629 19710 D WM-ConstraintTracker: c: initial state = true
06-11 10:32:21.784 19629 19710 D WM-BrdcstRcvrCnstrntTrc: c: registering receiver
06-11 10:32:21.787 19629 19710 D WM-GreedyScheduler: Constraints met: Scheduling work ID WorkGenerationalId(workSpecId=446fe0b5-66e1-4eab-aa21-024cd9bdbace, generation=0)
06-11 10:32:21.789 19629 19710 D WM-Processor: s: processing WorkGenerationalId(workSpecId=446fe0b5-66e1-4eab-aa21-024cd9bdbace, generation=0)
06-11 10:32:21.793 19629 19629 D WM-WorkerWrapper: Starting work for com.oplus.oss.bussiness.unifiedserviceinvocation.work.UnifiedServiceInvocationOneTimeWorker
06-11 10:32:21.793 19629 26839 I DMP-AppInitializer: isAppAvailable for work, caller: null
06-11 10:32:21.793 19629 26839 I DMP-OFreezeProtectWorker: takeProtectionFromFrozen, no need to protect
06-11 10:32:21.793 19629 26839 I DMP-AbstractWorker: parseData, resource: standard_data#unified_service_invocation, method1:onReceive, work: completeKeywordIndexWork, extras: Bundle[{action=android.intent.action.PACKAGE_REPLACED, package=com.earthengine.minimalglobe}], initIndexCount:5000
06-11 10:32:21.794 19629 26839 I DMP-AbstractWorker: doWork started, resource: standard_data#unified_service_invocation, method3:onReceive, work:Work{mWorkName=completeKeywordIndexWork, mWorkTerm=long, mReportId=false, mCreate=Create{mIndexStatus=null, mQueryTime=0, mInterval=0, mDeletedDocs=null, mNeedRebuildFlag=0, mIndexCheckFlag=false, mDrop=Drop{mCount=4, mInterval=10000, mDelay=60000}, mHighTemperature=38, mMinPower=null, mScreen=null, mDeletedConditions=null}, mEntry=null, mMoreBatch=MoreBatch{mPowerConsumed=2, mHighTemperatureValue=0, mLowTemperatureValue=0, mPower=[full|charging], mScreen=null, mTemperatureConsumed=0}, mChained=true, mInitialDelay=10, mWorkOneTimeLimit=0}
06-11 10:32:21.795 19629 26839 I DMP-PowerUtils: getHoraeTemperature:36
06-11 10:32:21.795 19629 26839 I DMP-AbstractWorker: dispatchWork: completeKeywordIndexWork for [standard_data#unified_service_invocation]
06-11 10:32:21.795 19629 26839 I DMP-SAUWorkConfigManager: sau work config not found
06-11 10:32:21.795 19629 26839 I DMP-PowerUtils: getHoraeTemperature:36
06-11 10:32:21.795 19629 26839 I DMP-AbstractWorker: doCompleteKeywordIndex work for [standard_data#unified_service_invocation]
06-11 10:32:21.796 19629 26839 I DMP-AbstractWorker: No data need do complete keyword index for [standard_data#unified_service_invocation]
06-11 10:32:21.796 19629 26839 I DMP-AbstractWorker: setIndexFailCount method:onReceive, count:0, all:initResource=0,onReceive=0,dailyTask=0
06-11 10:32:21.799 19629 26839 I DMP-AbstractWorker: doWork finished, resource: standard_data#unified_service_invocation, method5:onReceive, work:Work{mWorkName=completeKeywordIndexWork, mWorkTerm=long, mReportId=false, mCreate=Create{mIndexStatus=null, mQueryTime=0, mInterval=0, mDeletedDocs=null, mNeedRebuildFlag=0, mIndexCheckFlag=false, mDrop=Drop{mCount=4, mInterval=10000, mDelay=60000}, mHighTemperature=38, mMinPower=null, mScreen=null, mDeletedConditions=null}, mEntry=null, mMoreBatch=MoreBatch{mPowerConsumed=2, mHighTemperatureValue=0, mLowTemperatureValue=0, mPower=[full|charging], mScreen=null, mTemperatureConsumed=0}, mChained=true, mInitialDelay=10, mWorkOneTimeLimit=0}
06-11 10:32:21.799 19629 26839 I DMP-IndexEventManager: addEvent:InternalIndexEvent{mEvent=null, mEventTime=null, mEventData=null, mEventDropReason=null, mResource=null, mWork=null, mWorkId=446fe0b5-66e1-4eab-aa21-024cd9bdbace, mWorkTime=1781145141, mCursorSize=null, mResult=0}
06-11 10:32:21.799 19629 26839 I DMP-IndexEventManager: addInternalEvent:result=0 workId=446fe0b5-66e1-4eab-aa21-024cd9bdbace workTime=1781145141
06-11 10:32:21.803 19629 26839 I DMP-IndexEventManager: addInternalEvent update:0
06-11 10:32:21.804 19629 26839 I DMP-IndexEventManager: addInternalEvent insert:6525
06-11 10:32:21.804 19629 26839 I DMP-FrozenHelper: deleteKeepRequest, no more quest
06-11 10:32:21.819 19629 19710 I WM-WorkerWrapper: Worker result SUCCESS for Work [ id=446fe0b5-66e1-4eab-aa21-024cd9bdbace, tags={ com.oplus.oss.bussiness.unifiedserviceinvocation.work.UnifiedServiceInvocationOneTimeWorker,standard_data#unified_service_invocation_onReceive__OneTimeWork,completeKeywordIndexWork } ]
06-11 10:32:21.820 19629 19629 D WM-Processor: s 446fe0b5-66e1-4eab-aa21-024cd9bdbace executed; reschedule = false
06-11 10:32:21.820 19629 19629 D WM-GreedyScheduler: Stopping tracking for WorkGenerationalId(workSpecId=446fe0b5-66e1-4eab-aa21-024cd9bdbace, generation=0)
06-11 10:32:21.830 19629 19710 D WM-GreedyScheduler: Cancelling work ID 446fe0b5-66e1-4eab-aa21-024cd9bdbace
06-11 10:32:21.834 19629 19710 D WM-BrdcstRcvrCnstrntTrc: c: unregistering receiver
06-11 10:32:21.843  1800  1924 D BatteryChargeControl: bcc get no support from charging protocol
06-11 10:32:21.852  3189  4691 W PackageManager: package com.oplus.dmp uid 10125 pid 19629 call SetEnabledSetting(com.oplus.dmp component = androidx.work.impl.background.systemalarm.RescheduleReceiver, 2, 0)
06-11 10:32:21.854 19629 19710 D WM-PackageManagerHelper: androidx.work.impl.background.systemalarm.RescheduleReceiver disabled
06-11 10:32:21.891  4639  8246 D CommonApp-194-10602: transport layer data is invalid
06-11 10:32:21.891  4639  8246 D ScorePolicy: handleScoreChanged: []
06-11 10:32:21.891  4639  8246 D ScorePolicy: handleScoreChanged: []
06-11 10:32:21.892  4639  8246 D ScorePolicy: handleScoreChanged: []
06-11 10:32:21.911  1667 15952 I sensors-hal: handle_oplus_wise_rgb_event:230, wise_rgb:algo_type = 3
06-11 10:32:21.912  1667 15952 I sensors-hal: handle_oplus_wise_rgb_event:285, wise_rgb: raw_lux 518.351074, raw_cct 6476.057617, r/g/b/c: 41097.707031/36073.417969/20528.324219/91327.773438, R/G/B: 0.000000/0.000000/0.000000, brl 1529.000000, lux: 518.351074, cct: 6476.057617, ts 242539228554756, cnt 3351
06-11 10:32:22.111  1667 15952 I sensors-hal: handle_oplus_wise_rgb_event:230, wise_rgb:algo_type = 3
06-11 10:32:22.112  1667 15952 I sensors-hal: handle_oplus_wise_rgb_event:285, wise_rgb: raw_lux 511.495850, raw_cct 6458.881836, r/g/b/c: 41252.300781/36261.531250/20611.427734/91678.078125, R/G/B: 0.000000/0.000000/0.000000, brl 1529.000000, lux: 511.495850, cct: 6458.881836, ts 242539428403194, cnt 3352
06-11 10:32:22.112  1667 15988 I sensors-hal: handle_oplus_wise_rgb_event:301, oplus wise_rgb sample: (3352)(cct, lux, ir_ratio, r, g, b, c)[6458, 511, 35, 41252, 36261, 20611, 91678]
06-11 10:32:22.311  1667 15952 I sensors-hal: handle_oplus_wise_rgb_event:230, wise_rgb:algo_type = 3
06-11 10:32:22.311  1667 15952 I sensors-hal: get_brightness:1652, light_iface: get_brightness, brl 1529, pwm_turbo_on 0/0, hbm_dc 0
06-11 10:32:22.311  1667 15952 I sensors-hal: handle_oplus_wise_rgb_event:285, wise_rgb: raw_lux 531.468140, raw_cct 6544.416992, r/g/b/c: 41176.421875/36136.078125/20729.169922/92149.562500, R/G/B: 0.000000/0.000000/0.000000, brl 1529.000000, lux: 531.468140, cct: 6544.416992, ts 242539628192152, cnt 3353
06-11 10:32:22.511  1667 15952 I sensors-hal: handle_oplus_wise_rgb_event:230, wise_rgb:algo_type = 3
06-11 10:32:22.511  1667 15952 I sensors-hal: handle_oplus_wise_rgb_event:285, wise_rgb: raw_lux 532.947754, raw_cct 6532.281250, r/g/b/c: 41191.464844/35994.449219/20540.839844/91951.523438, R/G/B: 0.000000/0.000000/0.000000, brl 1529.000000, lux: 532.947754, cct: 6532.281250, ts 242539827984756, cnt 3354
06-11 10:32:22.711  1667 15952 I sensors-hal: handle_oplus_wise_rgb_event:230, wise_rgb:algo_type = 3
06-11 10:32:22.711  1667 15952 I sensors-hal: handle_oplus_wise_rgb_event:285, wise_rgb: raw_lux 521.192993, raw_cct 6388.765625, r/g/b/c: 41283.867188/35916.234375/20206.931641/91296.554688, R/G/B: 0.000000/0.000000/0.000000, brl 1529.000000, lux: 521.192993, cct: 6388.765625, ts 242540027764756, cnt 3355
06-11 10:32:22.777  3189  3765 V AlarmManager: sending alarm Alarm{86ffad type 1 origWhen 1781145142777 whenElapsed 242540103 android} uid 1000 whenElapsed 242540103 windowLength 0 maxWhenElapsed 242540103 repeatInterval 0 action null component null tag StorgaeBandInfoAlarmTag flags 0x9 procName system_server
06-11 10:32:22.778  3189 27614 E OplusStorageUFSBandwidth: storage_io_metrics_path is /proc/oplus_storage/io_metrics/forever/
06-11 10:32:22.780  3189 27614 E OplusStorageUFSBandwidth: Bandwidth - Read: 0.50 MB/s, Write: 0.00 MB/s
06-11 10:32:22.780  3189 27614 E OplusStorageUFSBandwidth: Task time: 2ms
06-11 10:32:22.787  3189 27614 E OplusStorageUFSBandwidth: Alarm set to trigger in 10 seconds
06-11 10:32:22.845  1800  1924 D BatteryChargeControl: bcc get no support from charging protocol
06-11 10:32:22.855  3189  3348 I AppsFilter: interaction: PackageSetting{94e903e com.android.microdroid.empty_payload/10392} -> PackageSetting{6830673 com.oplus.dmp/10125} BLOCKED
06-11 10:32:22.855  3189  3348 I AppsFilter: interaction: PackageSetting{3923731 com.earthengine.minimalglobe/10602} -> PackageSetting{6830673 com.oplus.dmp/10125} BLOCKED
06-11 10:32:22.856  3189  3348 I AppsFilter: interaction: PackageSetting{b168bec com.oplus.locationproxy/10372} -> PackageSetting{6830673 com.oplus.dmp/10125} BLOCKED
06-11 10:32:22.856  3189  3348 I AppsFilter: interaction: PackageSetting{bc3abb5 com.android.certinstaller/10211} -> PackageSetting{6830673 com.oplus.dmp/10125} BLOCKED
06-11 10:32:22.856  3189  3348 I AppsFilter: interaction: PackageSetting{39f724a com.oplus.location/10224} -> PackageSetting{6830673 com.oplus.dmp/10125} BLOCKED
06-11 10:32:22.856  3189  3348 I AppsFilter: interaction: PackageSetting{ef265bb com.example.gnsssatdemo/10588} -> PackageSetting{6830673 com.oplus.dmp/10125} BLOCKED
06-11 10:32:22.859  3189  3348 D BootPressureHolder:  clear delayed queue records for com.oplus.dmp
06-11 10:32:22.870  3189  3348 D BootPressureHolder:  clear delayed queue records for com.oplus.dmp
06-11 10:32:22.873  3189  3348 D BootPressureHolder:  clear delayed queue records for com.oplus.dmp
06-11 10:32:22.879  3189  3817 I VibrationEffectConvertor: onInputMethodListUpdated received, info.size = 3
06-11 10:32:22.879  3189  3817 I VibrationEffectConvertor: userid = 0, packageName = com.sohu.inputmethod.sogouoem
06-11 10:32:22.879  3189  3817 I VibrationEffectConvertor: userid = 0, packageName = com.baidu.input_oppo
06-11 10:32:22.879  3189  3817 I VibrationEffectConvertor: userid = 0, packageName = com.oplus.securitykeyboard
06-11 10:32:22.892  3189  3825 V AccessibilityManagerService: onUserStateChangedLocked for user 0 with forceUpdate: false mEnabledServices = [ComponentInfo{com.oplus.travelengine/com.oplus.travelengine.travelaccessibilityservice.EngineAccessibilityService}] mCrashedServices = [] hasMagnificationConnection=false
06-11 10:32:22.892  3189  3825 W MagnificationConnectionManager: requestConnection duplicated request: connect=false, mConnectionState=DISCONNECTED
06-11 10:32:22.909  1667 15952 I sensors-hal: handle_oplus_wise_rgb_event:230, wise_rgb:algo_type = 3
06-11 10:32:22.909  1667 15952 I sensors-hal: handle_oplus_wise_rgb_event:285, wise_rgb: raw_lux 518.687256, raw_cct 6301.897949, r/g/b/c: 41343.554688/36042.164062/20253.126953/91433.750000, R/G/B: 0.000000/0.000000/0.000000, brl 1529.000000, lux: 518.687256, cct: 6301.897949, ts 242540227527777, cnt 3356
06-11 10:32:22.914  4639  8246 D CommonApp-194-10602: transport layer data is invalid
06-11 10:32:22.915  4639  8246 D ScorePolicy: handleScoreChanged: []
06-11 10:32:22.915  4639  8246 D ScorePolicy: handleScoreChanged: []
06-11 10:32:22.915  4639  8246 D ScorePolicy: handleScoreChanged: []
06-11 10:32:22.916  3189  3263 W Searchables: No web search activity found
06-11 10:32:22.919  3189  3263 W RecognitionServiceInfo: Parse error in getAvailableServices: No android.speech meta-data for com.tencent.android.qqdownloader
06-11 10:32:22.919  3189  3263 W VoiceInteractionManager: no auto selectable voice recognition services found for user 0
06-11 10:32:23.110  1667 15952 I sensors-hal: handle_oplus_wise_rgb_event:230, wise_rgb:algo_type = 3
06-11 10:32:23.111  1667 15952 I sensors-hal: handle_oplus_wise_rgb_event:285, wise_rgb: raw_lux 514.127441, raw_cct 6373.218750, r/g/b/c: 41251.691406/36199.015625/20447.623047/91327.960938, R/G/B: 0.000000/0.000000/0.000000, brl 1529.000000, lux: 514.127441, cct: 6373.218750, ts 242540427381266, cnt 3357
06-11 10:32:23.114  3189  3841 D WifiStaIfaceHidlImpl: getCachedScanData is not implemented by HIDL
06-11 10:32:23.126  4639  4639 D VendorWifiService: onEvent event:9,action:1
06-11 10:32:23.135  3189  3960 D ScorerUtils: isLowTraffic: txTputKBps=0, rxTputKBps=0
06-11 10:32:23.136  3189  3960 D OplusWifiPower_TriggerCenter: mComponentCallback: wifistat
06-11 10:32:23.310  1667 15952 I sensors-hal: handle_oplus_wise_rgb_event:230, wise_rgb:algo_type = 3
06-11 10:32:23.310  1667 15952 I sensors-hal: handle_oplus_wise_rgb_event:285, wise_rgb: raw_lux 515.128540, raw_cct 6454.406250, r/g/b/c: 41021.957031/36198.667969/20463.285156/91327.750000, R/G/B: 0.000000/0.000000/0.000000, brl 1529.000000, lux: 515.128540, cct: 6454.406250, ts 242540627189808, cnt 3358
06-11 10:32:23.311  1667 15988 I sensors-hal: get_brightness:1652, light_iface: get_brightness, brl 1529, pwm_turbo_on 0/0, hbm_dc 0
06-11 10:32:23.382  1800  1800 D ChargerInfo: getInfo: type: 0x1, update: 1
06-11 10:32:23.382  1800  1875 D ChargerInfo: chargerInfoUpdateThread: update start
06-11 10:32:23.386  1800  1875 D ChargerInfo: enableTx: path(/proc/wireless/enable_tx): not exist
06-11 10:32:23.388  1800  1875 D ChargerInfo: get_ui_charge_icon_type: [0 0] [0 0] 1
06-11 10:32:23.390  1800  1875 E ChargerInfo: SingleHyperPath not found
06-11 10:32:23.390  1800  1875 D ChargerInfo: CarC: path(/sys/class/oplus_chg/battery/gauge_car_c): not exist
06-11 10:32:23.390  1800  1875 D ChargerInfo: chargerInfoUpdateThread: update end
06-11 10:32:23.390  1800  1875 D ChargerInfo: chargerInfoUpdateThread: update wait
06-11 10:32:23.390  1800  1800 D ChargerInfo: enableTx: path(/proc/wireless/enable_tx): not exist
06-11 10:32:23.391  1800  1800 D ChargerInfo: getInfo: {"Update":{"batteryFcc":3942,"batteryRm":3942,"bddLeakCurr":0,"bmsStatus":0,"bypassChgStatus":0,"chargeTimeRemaining":0,"cpaPower":0,"enableTx":true,"fastCharge":0,"isSupportSpeedCharge":0,"notifyCode":1048704,"otgOnline":1,"ppsChargePower":0,"ppsCharging":0,"shortCHwStatus":0,"shortIcOtpStatus":0,"uiIconType":0,"uiPower":0,"usbStatus":0,"wlsAdapterPower":0}}
06-11 10:32:23.393  3189  3311 D BatteryStatsImplExtImpl: mActiveProcesses size = 70
06-11 10:32:23.394  3189  3311 D BatteryStatsImplExtImpl: rpmhStats is null or interval time is too short.
06-11 10:32:23.510  1667 15952 I sensors-hal: handle_oplus_wise_rgb_event:230, wise_rgb:algo_type = 3
06-11 10:32:23.510  1667 15952 I sensors-hal: handle_oplus_wise_rgb_event:285, wise_rgb: raw_lux 515.951172, raw_cct 6397.155273, r/g/b/c: 41084.355469/36120.519531/20373.535156/91372.843750, R/G/B: 0.000000/0.000000/0.000000, brl 1529.000000, lux: 515.951172, cct: 6397.155273, ts 242540826991712, cnt 3359
06-11 10:32:23.710  1667 15952 I sensors-hal: handle_oplus_wise_rgb_event:230, wise_rgb:algo_type = 3
06-11 10:32:23.710  1667 15952 I sensors-hal: handle_oplus_wise_rgb_event:285, wise_rgb: raw_lux 533.760498, raw_cct 6395.686523, r/g/b/c: 40960.503906/36072.601562/20282.273438/91585.398438, R/G/B: 0.000000/0.000000/0.000000, brl 1529.000000, lux: 533.760498, cct: 6395.686523, ts 242541026787753, cnt 3360
06-11 10:32:23.848  1800  1924 D BatteryChargeControl: bcc get no support from charging protocol
06-11 10:32:23.909  1667 15952 I sensors-hal: handle_oplus_wise_rgb_event:230, wise_rgb:algo_type = 3
06-11 10:32:23.910  1667 15952 I sensors-hal: handle_oplus_wise_rgb_event:285, wise_rgb: raw_lux 536.299683, raw_cct 6434.169434, r/g/b/c: 41222.078125/36071.917969/20417.093750/92055.296875, R/G/B: 0.000000/0.000000/0.000000, brl 1529.000000, lux: 536.299683, cct: 6434.169434, ts 242541226575774, cnt 3361
06-11 10:32:23.938  4639  8246 D CommonApp-194-10602: transport layer data is invalid
06-11 10:32:23.939  4639  8246 D ScorePolicy: handleScoreChanged: []
06-11 10:32:23.939  4639  8246 D ScorePolicy: handleScoreChanged: []
06-11 10:32:23.939  4639  8246 D ScorePolicy: handleScoreChanged: []
06-11 10:32:24.109  1667 15952 I sensors-hal: handle_oplus_wise_rgb_event:230, wise_rgb:algo_type = 3
06-11 10:32:24.109  1667 15952 I sensors-hal: handle_oplus_wise_rgb_event:285, wise_rgb: raw_lux 525.989624, raw_cct 6400.028320, r/g/b/c: 41236.578125/36103.453125/20402.488281/91551.429688, R/G/B: 0.000000/0.000000/0.000000, brl 1529.000000, lux: 525.989624, cct: 6400.028320, ts 242541426331659, cnt 3362
06-11 10:32:24.109  1667 15988 I sensors-hal: handle_oplus_wise_rgb_event:301, oplus wise_rgb sample: (3362)(cct, lux, ir_ratio, r, g, b, c)[6400, 525, 33, 41236, 36103, 20402, 91551]
06-11 10:32:24.309  1667 15952 I sensors-hal: handle_oplus_wise_rgb_event:230, wise_rgb:algo_type = 3
06-11 10:32:24.309  1667 15952 I sensors-hal: handle_oplus_wise_rgb_event:285, wise_rgb: raw_lux 515.497314, raw_cct 6349.748047, r/g/b/c: 41345.046875/36198.398438/20357.882812/91476.726562, R/G/B: 0.000000/0.000000/0.000000, brl 1529.000000, lux: 515.497314, cct: 6349.748047, ts 242541626130878, cnt 3363
06-11 10:32:24.310  1667 15988 I sensors-hal: get_brightness:1652, light_iface: get_brightness, brl 1529, pwm_turbo_on 0/0, hbm_dc 0
06-11 10:32:24.508  1667 15952 I sensors-hal: handle_oplus_wise_rgb_event:230, wise_rgb:algo_type = 3
06-11 10:32:24.508  1667 15952 I sensors-hal: handle_oplus_wise_rgb_event:285, wise_rgb: raw_lux 512.878174, raw_cct 6349.625488, r/g/b/c: 41406.554688/36293.070312/20372.683594/91400.570312, R/G/B: 0.000000/0.000000/0.000000, brl 1529.000000, lux: 512.878174, cct: 6349.625488, ts 242541825890149, cnt 3364
06-11 10:32:24.708  1667 15952 I sensors-hal: handle_oplus_wise_rgb_event:230, wise_rgb:algo_type = 3
06-11 10:32:24.708  1667 15952 I sensors-hal: handle_oplus_wise_rgb_event:285, wise_rgb: raw_lux 517.457275, raw_cct 6319.635742, r/g/b/c: 41329.933594/36260.914062/20342.744141/91586.734375, R/G/B: 0.000000/0.000000/0.000000, brl 1529.000000, lux: 517.457275, cct: 6319.635742, ts 242542025680878, cnt 3365
06-11 10:32:24.780  3189  3765 V AlarmManager: sending alarm Alarm{64a49db type 1 origWhen 1781145144780 whenElapsed 242542106 android} uid 1000 whenElapsed 242542106 windowLength 0 maxWhenElapsed 242542106 repeatInterval 0 action null component null tag StorgaeBandInfoAlarmTag flags 0x9 procName system_server
06-11 10:32:24.782  3189 27614 E OplusStorageUFSBandwidth: storage_io_metrics_path is /proc/oplus_storage/io_metrics/forever/
06-11 10:32:24.784  3189 27614 E OplusStorageUFSBandwidth: Bandwidth - Read: 0.00 MB/s, Write: 0.50 MB/s
06-11 10:32:24.784  3189 27614 E OplusStorageUFSBandwidth: Task time: 2ms
06-11 10:32:24.790  3189 27614 E OplusStorageUFSBandwidth: Alarm set to trigger in 10 seconds
06-11 10:32:24.851  1800  1924 D BatteryChargeControl: bcc get no support from charging protocol
06-11 10:32:24.907  1667 15952 I sensors-hal: handle_oplus_wise_rgb_event:230, wise_rgb:algo_type = 3
06-11 10:32:24.908  1667 15952 I sensors-hal: handle_oplus_wise_rgb_event:285, wise_rgb: raw_lux 525.286377, raw_cct 6399.867188, r/g/b/c: 41160.898438/36089.195312/20387.878906/91711.070312, R/G/B: 0.000000/0.000000/0.000000, brl 1529.000000, lux: 525.286377, cct: 6399.867188, ts 242542225450566, cnt 3366
