--------- beginning of main
06-11 10:45:43.337  8454  8173 I ContextAware_AppFillAdsProcess: [breeno-launcher]Mix commerce app with commerceAlg=2 advs=[AppAdInfo[pkg=com.ss.android.ugc.aweme, finalScore=413.00003, timeWeight=0.0,  exposeWeight=0.0, habitWeight=0.0, habitHourWeight=0.0,finalWeight=0.0,weight=0.0, deepLink= 1506, routePage = 0, utrackClickUrl=3, utrackExposeUrl=3,iconUrl=null, icon=null, appType=5, expireTimeStamp:1781193599836,apiSource=5, typeCode=6, cpcScore=13.452769, ecpmScore=413.00003, ctrScore=0.0307,title=null, subTitle=null, adSize=71,algorithmScore=0.0, status=[]], AppAdInfo[pkg=com.aliyun.tongyi, finalScore=193.743, timeWeight=0.0,  exposeWeight=0.0, habitWeight=0.0, habitHourWeight=0.0,finalWeight=0.0,weight=0.0, deepLink= 259, routePage = 0, utrackClickUrl=2, utrackExposeUrl=2,iconUrl=null, icon=null, appType=3, expireTimeStamp:1781193599836,apiSource=9, typeCode=6, cpcScore=103.0, ecpmScore=193.743, ctrScore=0.0018798828,title=null, subTitle=null, adSize=71,algorithmScore=0.0, status=[]], AppAdInfo[pkg=com.jingdong.app.mall, finalScore=89.0, timeWeight=0.0,  exposeWeight=0.0, habitWeight=0.0, habitHourWeight=0.0,finalWeight=0.0,weight=0.0, deepLink= 746, routePage = 0, utrackClickUrl=4, utrackExposeUrl=4,iconUrl=null, icon=null, appType=5, expireTimeStamp:1781193599836,apiSource=5, typeCode=6, cpcScore=34.23077, ecpmScore=89.0, ctrScore=0.0026,title=null, subTitle=null, adSize=71,algorithmScore=0.0, status=[]], AppAdInfo[pkg=com.eg.android.AlipayGphone, finalScore=34.0, timeWeight=0.0,  exposeWeight=0.0, habitWeight=0.0, habitHourWeight=0.0,finalWeight=0.0,weight=0.0, deepLink= 1002, routePage = 0, utrackClickUrl=4, utrackExposeUrl=4,iconUrl=null, icon=null, appType=5, expireTimeStamp:1781193599836,apiSource=5, typeCode=6, cpcScore=5.230769, ecpmScore=34.0, ctrScore=0.0065,title=null, subTitle=null, adSize=71,algorithmScore=0.0, status=[]], AppAdInfo[pkg=com.smile.gifmaker, finalScore=30.0, timeWeight=0.0,  exposeWeight=0.0, habitWeight=0.0, habitHourWeight=0.0,finalWeight=0.0,weight=0.0, deepLink= 1132, routePage = 0, utrackClickUrl=3, utrackExposeUrl=3,iconUrl=null, icon=null, appType=5, expireTimeStamp:1781193599836,apiSource=5, typeCode=1, cpcScore=1.6393442, ecpmScore=30.0, ctrScore=0.0183,title=null, subTitle=null, adSize=71,algorithmScore=0.0, status=[]], AppAdInfo[pkg=com.sankuai.meituan, finalScore=26.433, timeWeight=0.0,  exposeWeight=0.0, habitWeight=0.0, habitHourWeight=0.0,finalWeight=0.0,weight=0.0, deepLink= 116, routePage = 0, utrackClickUrl=2, utrackExposeUrl=2,iconUrl=null, icon=null, appType=3, expireTimeStamp:1781193599836,apiSource=9, typeCode=1, cpcScore=9.0, ecpmScore=26.433, ctrScore=0.0029378256,title=null, subTitle=null, adSize=71,algorithmScore=0.0, status=[]]]
06-11 10:45:43.337  8454  8173 I ContextAware_AppFillAdsProcess: [breeno-launcher]:maxCount:4  adTakeCount:1  adLoadCount:2
06-11 10:45:43.338  8454  8173 I ContextAware_AppFillAdsProcess: current adv app com.ss.android.ugc.aweme in 4 with status 2
06-11 10:45:43.338  8454  8173 I ContextAware_AppFillAdsProcess: not adv app space.xinzhi.map in 5
06-11 10:45:43.338  8454  8173 I ContextAware_AppFillNewActiveProcess: [breeno-launcher]not support appSugNewAppSwitch
06-11 10:45:43.339  1460  1493 W AppInfo : AppInfo create Uri content://com.nearme.instant.platform.res/com.coloros.gamespaceui.quickapp.guide/manifest.json
06-11 10:45:43.339  1460  1493 W PackageFilesValidator: isInvalidResource: AppDistributionMeta is null
06-11 10:45:43.340  5775  5775 D nativeloader: Configuring clns-shared-9 for other apk /system_ext/framework/qti-telephony-utils.jar. target_sdk_version=36, uses_libraries=ALL, library_path=/system_ext/app/SystemAppUpdateService/lib/arm64:/system_ext/app/SystemAppUpdateService/SystemAppUpdateService.apk!/lib/arm64-v8a:/system/lib64:/system_ext/lib64, permitted_path=/data:/mnt/expand:/data/user/0/com.oplus.sau:/system_ext/app/SystemAppUpdateService:/system/lib64:/system_ext/lib64
06-11 10:45:43.341  5775  5775 D nativeloader: Extending system_exposed_libraries: libbinauralrenderer_wrapper.qti.so:libhoaeffects.qti.so:libsuperNight.oplus.so:libAPSClient-cmd-jni-extension.oplus.so:libsatellite_audio_jni.oplus.so:libortc_so.oplus.so:libsoundtouch.oplus.so:libsoundtouch_jni.oplus.so:libOplusStringJNI-extension.oplus.so:libsatellite_ostx_jni.oplus.so:libapssuspend-jni.oplus.so:libupdateprof.qti.so:libthermalclient.qti.so:libqape.qti.so:libqesdk_ndk_platform.qti.so:liblistenjni.qti.so
06-11 10:45:43.341  6058  6058 D WindowManager: Add to mViews: com.android.internal.policy.DecorView{2565867 I.E...... R.....ID 0,0-0,0 alpha=1.0 viewInfo = }[MainActivity],pkg= com.earthengine.minimalglobe
06-11 10:45:43.341  4650 29673 V OplusUXIconLoader: loadUxIcon drawable null, packageName = com.earthengine.minimalglobe,activityName =:com.earthengine.minimalglobe.MainActivity
06-11 10:45:43.341  4650 29673 V OplusUXIconLoader: loadUxIcon drawable null, packageName = com.earthengine.minimalglobe,activityName =:null
06-11 10:45:43.342  6058  6163 D ExtensionsLoader: createInstance(64bit) : createExtendedFactory
06-11 10:45:43.343  8454  8173 I ContextAware_AppCardProcessor: [breeno-launcher]SEND_APP_MESSAGE: commerceAlg=2, resultApps=[AppInfo[pkg=com.earthengine.minimalglobe, appType=0,iconSource=system, recallType=algorithm, deepLink=0,utrackClickUrl=0, utrackExposeUrl=0,icon=0, apiSource=null, typeCode=null, mode=0, advFinalScore=null,  routePage=0,title=null, subTitle=null, adSize=null,probability=0], AppInfo[pkg=space.xinzhi.hiko, appType=0,iconSource=system, recallType=algorithm, deepLink=0,utrackClickUrl=0, utrackExposeUrl=0,icon=0, apiSource=null, typeCode=null, mode=0, advFinalScore=null,  routePage=0,title=null, subTitle=null, adSize=null,probability=0], AppInfo[pkg=com.tencent.mm, appType=0,iconSource=system, recallType=algorithm, deepLink=0,utrackClickUrl=0, utrackExposeUrl=0,icon=0, apiSource=null, typeCode=null, mode=0, advFinalScore=null,  routePage=0,title=null, subTitle=null, adSize=null,probability=0], AppInfo[pkg=com.ss.android.ugc.aweme, appType=5,iconSource=system, recallType=ad, deepLink=1506,utrackClickUrl=3, utrackExposeUrl=3,icon=0, apiSource=5, typeCode=6, mode=2, advFinalScore=413.00003,  routePage=0,title=null, subTitle=null, adSize=null,probability=0], AppInfo[pkg=space.xinzhi.map, appType=0,iconSource=system, recallType=algorithm, deepLink=0,utrackClickUrl=0, utrackExposeUrl=0,icon=0, apiSource=null, typeCode=null, mode=0, advFinalScore=null,  routePage=0,title=null, subTitle=null, adSize=null,probability=0], AppInfo[pkg=com.ss.android.lark, appType=0,iconSource=system, recallType=algorithm, deepLink=0,utrackClickUrl=0, utrackExposeUrl=0,icon=0, apiSource=null, typeCode=null, mode=0, advFinalScore=null,  routePage=0,title=null, subTitle=null, adSize=null,probability=0], AppInfo[pkg=com.phoenix.read, appType=0,iconSource=system, recallType=algorithm, deepLink=0,utrackClickUrl=0, utrackExposeUrl=0,icon=0, apiSource=null, typeCode=null, mode=0, advFinalScore=null,  routePage=0,title=null, subTitle=null, adSize=null,probability=0], AppInfo[pkg=com.github.metacubex.clash.meta, appType=0,iconSource=system, recallType=algorithm, deepLink=0,utrackClickUrl=0, utrackExposeUrl=0,icon=0, apiSource=null, typeCode=null, mode=0, advFinalScore=null,  routePage=0,title=null, subTitle=null, adSize=null,probability=0], AppInfo[pkg=com.lolaage.tbulu.tools, appType=0,iconSource=system, recallType=algorithm, deepLink=0,utrackClickUrl=0, utrackExposeUrl=0,icon=0, apiSource=null, typeCode=null, mode=0, advFinalScore=null,  routePage=0,title=null, subTitle=null, adSize=null,probability=0], AppInfo[pkg=com.heytap.browser, appType=0,iconSource=system, recallType=algorithm, deepLink=0,utrackClickUrl=0, utrackExposeUrl=0,icon=0, apiSource=null, typeCode=null, mode=0, advFinalScore=null,  routePage=0,title=null, subTitle=null, adSize=null,probability=0]], traceId: 4b5b5ab9fa1eb57bee43b590ed4fc7e1-0ae6234f985b4165b8384f5edd997b98
06-11 10:45:43.343  6732  5175 I PTC.DISC.AndroidMultiLanServer: Watcher sysNif=[wlan0, tun0], userNif=[wlan0 state=(LISTEN JOIN(A3613A|52025)), , tun0 state=(LISTEN JOIN(A3613A|52025))], clientNif=[wlan0 state=(LISTEN), , tun0 state=(LISTEN)], tcpServer state=LISTEN, ipv4=**.100.150
06-11 10:45:43.343 26764  6150 E WeatherS_PrivacyStatementExport: isAgreed1
06-11 10:45:43.344  1460  1493 W AppInfo : app info parse uri fail. uri: content://com.nearme.instant.platform.res/com.coloros.gamespaceui.quickapp.guide/manifest.json##Throwable##java.io.FileNotFoundException: open failed: ENOENT (No such file or directory)
06-11 10:45:43.344  1460  1493 W AppInfo : 	at android.os.ParcelFileDescriptor.openInternal(ParcelFileDescriptor.java:356)
06-11 10:45:43.344  1460  1493 W AppInfo : 	at android.os.ParcelFileDescriptor.open(ParcelFileDescriptor.java:233)
06-11 10:45:43.344  1460  1493 W AppInfo : 	at org.hapjs.cache.CacheProvider.doOpenFile(SourceFile:56)
06-11 10:45:43.344  1460  1493 W AppInfo : 	at org.hapjs.AbstractContentProvider.openFile(SourceFile:4)
06-11 10:45:43.344  1460  1493 W AppInfo : 	at android.content.ContentProvider.openAssetFile(ContentProvider.java:2326)
06-11 10:45:43.344  1460  1493 W AppInfo : 	at org.hapjs.AbstractContentProvider.doOpenAssetFile(SourceFile:1)
06-11 10:45:43.344  1460  1493 W AppInfo : 	at org.hapjs.cache.CacheProvider.doOpenAssetFile(SourceFile:74)
06-11 10:45:43.344  1460  1493 W AppInfo : 	at org.hapjs.AbstractContentProvider.openAssetFile(SourceFile:4)
06-11 10:45:43.344  1460  1493 W AppInfo : 	at android.content.ContentProvider.openTypedAssetFile(ContentProvider.java:2504)
06-11 10:45:43.344  1460  1493 W AppInfo : 	at android.content.ContentProvider.openTypedAssetFile(ContentProvider.java:2571)
06-11 10:45:43.344  1460  1493 W AppInfo : 	at android.content.ContentProvider$Transport.openTypedAssetFile(ContentProvider.java:692)
06-11 10:45:43.344  1460  1493 W AppInfo : 	at android.content.ContentResolver.openTypedAssetFileDescriptor(ContentResolver.java:2097)
06-11 10:45:43.344  1460  1493 W AppInfo : 	at android.content.ContentResolver.openAssetFileDescriptor(ContentResolver.java:1912)
06-11 10:45:43.344  1460  1493 W AppInfo : 	at android.content.ContentResolver.openInputStream(ContentResolver.java:1582)
06-11 10:45:43.344  1460  1493 W AppInfo : 	at org.hapjs.model.AppInfo.fromUri(SourceFile:7)
06-11 10:45:43.344  1460  1493 W AppInfo : 	at org.hapjs.model.AppInfo.create(SourceFile:105)
06-11 10:45:43.344  1460  1493 W AppInfo : 	at org.hapjs.bridge.DefaultAppInfoProvider.create(SourceFile:1)
06-11 10:45:43.344  1460  1493 W AppInfo : 	at a.a.a.nl0.g(SourceFile:58)
06-11 10:45:43.344  1460  1493 W AppInfo : 	at a.a.a.nl0.e(SourceFile:2)
06-11 10:45:43.344  1460  1493 W AppInfo : 	at a.a.a.rp6.d(SourceFile:22)
06-11 10:45:43.344  1460  1493 W AppInfo : 	at a.a.a.rp6.c(SourceFile:52)
06-11 10:45:43.344  1460  1493 W AppInfo : 	at com.nearme.instant.card.SharedDataProvider.setOrUpdateSharedDataInner(SourceFile:48)
06-11 10:45:43.344  1460  1493 W AppInfo : 	at com.nearme.instant.card.SharedDataProvider.setOrUpdateSharedData(SourceFile:61)
06-11 10:45:43.344  1460  1493 W AppInfo : 	at com.nearme.instant.card.SharedDataProvider.doCall(SourceFile:46)
06-11 10:45:43.344  1460  1493 W AppInfo : 	at org.hapjs.AbstractContentProvider.call(SourceFile:4)
06-11 10:45:43.344  1460  1493 W AppInfo : 	at android.content.ContentProvider.call(ContentProvider.java:2773)
06-11 10:45:43.344  1460  1493 W AppInfo : 	at android.content.ContentProvider$Transport.call(ContentProvider.java:653)
06-11 10:45:43.344  1460  1493 W AppInfo : 	at android.content.ContentProviderNative.onTransact(ContentProviderNative.java:307)
06-11 10:45:43.344  1460  1493 W AppInfo : 	at android.os.Binder.execTransactInternal(Binder.java:1444)
06-11 10:45:43.344  1460  1493 W AppInfo : 	at android.os.Binder.execTransact(Binder.java:1378)
06-11 10:45:43.344  6058  6163 D ExtensionsLoader: Opened libhwuiextimpl.so
06-11 10:45:43.344  6058  6163 D skia    : setRusSupported enable 1
06-11 10:45:43.344  5775  5775 D ApplicationLoaders: Returning zygote-cached class loader: /system_ext/framework/androidx.window.extensions.jar
06-11 10:45:43.344  5775  5775 D ApplicationLoaders: Returning zygote-cached class loader: /system_ext/framework/androidx.window.sidecar.jar
06-11 10:45:43.345  1460  1493 E PermissionVerifier: card rpk not exists
06-11 10:45:43.345  1460  1493 W PermissionVerifier: checkWritePermission writer: com.oplus.games not in rpk: com.coloros.gamespaceui.quickapp.guide allowed list
06-11 10:45:43.346  3189  3825 I system_server: AssetManager2(0xb400007915af8928) locale list changing from [] to [zh-CN]
06-11 10:45:43.346  1460  1493 W SharedDataProvider: setOrUpdateSharedData no permissions!
06-11 10:45:43.347  4650 29673 D UxIconLoaderUtil: scaleAction: 0
06-11 10:45:43.347  4650 29673 D UxIconLoaderUtil: com.android.launcher ignore scale drawable
06-11 10:45:43.347 27947  1358 W GameSpaceUI.gs_DesktopCardServiceImpl: set assistant_game_icon_hide_switch_state = 0 success expire 86400000
06-11 10:45:43.348 27947  1358 I GameSpaceUI.TrackService: getPluginConfigAppId -1, currentPkgName: 
06-11 10:45:43.349 26764  6150 W WeatherS_ApkSignedCheck: checkCertificateWhiteList: not in inWhiteListcom.coloros.weather.service
06-11 10:45:43.351  5868  5868 D OplusActivityManager: get AMS extension: android.os.BinderProxy@760c7e
06-11 10:45:43.352  6058  6058 D ViewRootImplExtImpl: onDisplayChanged -1 for VRI android.view.ViewRootImpl@8661403
06-11 10:45:43.353  1460  4283 W SeedlingShare: (com.oplus.games, assistant_game_icon_hide_switch_state) not in seeding shared white list.
06-11 10:45:43.353 26764  6150 I WeatherS_WeatherProvider: query option: 1,callingUid: 10169,name: com.coloros.weather.service
06-11 10:45:43.353  5868  5868 W ServiceManagerCppClient: Failed to get isDeclared for vendor.qti.hardware.perf2.IPerf/default: Status(-1, EX_SECURITY): 'SELinux denied for service.'
06-11 10:45:43.354  1460  4283 W AppInfo : AppInfo create Uri content://com.nearme.instant.platform.res/com.coloros.gamespaceui.quickapp.library/manifest.json
06-11 10:45:43.354  1460  4283 W PackageFilesValidator: isInvalidResource: AppDistributionMeta is null
06-11 10:45:43.354  4329  4424 D ShellTaskOrganizerExt: visibleFlexibleTaskInfos delete:1
06-11 10:45:43.354  4329  4424 D ShellTaskOrganizerExt: isOnCanvas size:0
06-11 10:45:43.354  4329  4424 D ShellTaskOrganizerExt: isOnThreeFlexibleCanvas size:0
06-11 10:45:43.354  4329  4424 D ShellTaskOrganizerExt: visibleFlexibleTaskInfos delete:2810
06-11 10:45:43.354  4329  4424 D ShellTaskOrganizerExt: isOnCanvas size:0
06-11 10:45:43.354  4329  4424 D ShellTaskOrganizerExt: isOnThreeFlexibleCanvas size:0
06-11 10:45:43.356 12732 13406 I Quality-ScreenOnOffLogProcessor: withInScreenOnOffRange mIsScreenOn:true refTime:1781145942828 mRecentScreenOnTime:1781143521410 mRecentScreenOffTime:1781143324217
06-11 10:45:43.357 26764  6150 I Weather_Location_LocationController: startLocationWithTimeOut, forceLocation:false, needCityFromNet:true
06-11 10:45:43.357 26764  6150 W Weather_Location_LocationController: start isStartPassiveLocation true
06-11 10:45:43.359  6058  6058 E OplusBracketLog: [OplusViewMirrorManager] updateHostViewRootIfNeeded, not support android.view.ViewRootImpl@8661403
06-11 10:45:43.360  6058  6058 I SurfaceView: 182558592 onAttachedToWindow
06-11 10:45:43.362  3189  3825 I system_server: AssetManager2(0xb400007915af9828) locale list changing from [] to [zh-CN]
06-11 10:45:43.365 26764  6150 W Weather_Location_LocationController: isLocationPermissionGranted:true
06-11 10:45:43.365 26764  6150 W Weather_Location_LocationController: isPassiveLocationServiceEnable:true
06-11 10:45:43.365 26764  6150 W Weather_Location_LocationController: isStartPassiveLocation true
06-11 10:45:43.365 26764  6150 W Weather_Location_LocationController: not have permission not canPassiveLocation
06-11 10:45:43.365 26764  6150 I WeatherS_AutoGetLocationService: onLocationSdkCall for scene:[5] at step:[4] by extra:[check location environment start]
06-11 10:45:43.365  4329  4424 D OplusShellTransition: DefaultTransitionHandler#onAnimFinish=> transition=android.os.BinderProxy@aea62f4, backAnimContinue=false
06-11 10:45:43.365  6058  6058 D WindowOnBackDispatcher:  predictive settings is disabled for com.earthengine.minimalglobe
06-11 10:45:43.365 26764  6150 W Weather_Location_LocationController: isLocationServiceEnable:true
06-11 10:45:43.365  6058  6058 D WindowOnBackDispatcher:  predictive settings is disabled for com.earthengine.minimalglobe
06-11 10:45:43.366  4329  4424 D ShellTaskOrganizerExt: adjust change for exiting mini task: -1
06-11 10:45:43.366 26764  6150 W Weather_Location_LocationController: isLocationPermissionGranted:true
06-11 10:45:43.367 25296 22077 D VRI[]   : dispatchAppVisibility visible:false mUpcomingWindowFocus:false
06-11 10:45:43.368  3189  3264 D WallpaperControllerExtImpl: screenshot + id = 2 userId = 0
06-11 10:45:43.368  4650 19955 D VRI[Launcher]: dispatchAppVisibility visible:false mUpcomingWindowFocus:false
06-11 10:45:43.370  4650  4900 D HWUI    : SkiaOpenGLPipeline::setSurface: this=0xb40000791eb9bcc0, surface=NULL
06-11 10:45:43.370  4650  4900 D BufferQueueProducer: [VRI[Launcher]#85(BLAST Consumer)85](id:122a0000054e,api:1,p:4650,c:4650) disconnect: api 1
06-11 10:45:43.370  4650  4900 D HWUI    : createSurface new attribs array
06-11 10:45:43.370  4650  4900 D libEGL  : this is from skia gles
06-11 10:45:43.370  4650  4900 D BufferQueueProducer: [VRI[Launcher]#85(BLAST Consumer)85](id:122a0000054e,api:1,p:4650,c:4650) connect: api=1 producerControlledByApp=true
06-11 10:45:43.370  3189  3263 I system_server: AssetManager2(0xb4000079160c4128) locale list changing from [] to [zh-CN]
06-11 10:45:43.371  1460  4283 W AppInfo : app info parse uri fail. uri: content://com.nearme.instant.platform.res/com.coloros.gamespaceui.quickapp.library/manifest.json##Throwable##java.io.FileNotFoundException: open failed: ENOENT (No such file or directory)
06-11 10:45:43.371  1460  4283 W AppInfo : 	at android.os.ParcelFileDescriptor.openInternal(ParcelFileDescriptor.java:356)
06-11 10:45:43.371  1460  4283 W AppInfo : 	at android.os.ParcelFileDescriptor.open(ParcelFileDescriptor.java:233)
06-11 10:45:43.371  1460  4283 W AppInfo : 	at org.hapjs.cache.CacheProvider.doOpenFile(SourceFile:56)
06-11 10:45:43.371  1460  4283 W AppInfo : 	at org.hapjs.AbstractContentProvider.openFile(SourceFile:4)
06-11 10:45:43.371  1460  4283 W AppInfo : 	at android.content.ContentProvider.openAssetFile(ContentProvider.java:2326)
06-11 10:45:43.371  1460  4283 W AppInfo : 	at org.hapjs.AbstractContentProvider.doOpenAssetFile(SourceFile:1)
06-11 10:45:43.371  1460  4283 W AppInfo : 	at org.hapjs.cache.CacheProvider.doOpenAssetFile(SourceFile:74)
06-11 10:45:43.371  1460  4283 W AppInfo : 	at org.hapjs.AbstractContentProvider.openAssetFile(SourceFile:4)
06-11 10:45:43.371  1460  4283 W AppInfo : 	at android.content.ContentProvider.openTypedAssetFile(ContentProvider.java:2504)
06-11 10:45:43.371  1460  4283 W AppInfo : 	at android.content.ContentProvider.openTypedAssetFile(ContentProvider.java:2571)
06-11 10:45:43.371  1460  4283 W AppInfo : 	at android.content.ContentProvider$Transport.openTypedAssetFile(ContentProvider.java:692)
06-11 10:45:43.371  1460  4283 W AppInfo : 	at android.content.ContentResolver.openTypedAssetFileDescriptor(ContentResolver.java:2097)
06-11 10:45:43.371  1460  4283 W AppInfo : 	at android.content.ContentResolver.openAssetFileDescriptor(ContentResolver.java:1912)
06-11 10:45:43.371  1460  4283 W AppInfo : 	at android.content.ContentResolver.openInputStream(ContentResolver.java:1582)
06-11 10:45:43.371  1460  4283 W AppInfo : 	at org.hapjs.model.AppInfo.fromUri(SourceFile:7)
06-11 10:45:43.371  1460  4283 W AppInfo : 	at org.hapjs.model.AppInfo.create(SourceFile:105)
06-11 10:45:43.371  1460  4283 W AppInfo : 	at org.hapjs.bridge.DefaultAppInfoProvider.create(SourceFile:1)
06-11 10:45:43.371  1460  4283 W AppInfo : 	at a.a.a.nl0.g(SourceFile:58)
06-11 10:45:43.371  1460  4283 W AppInfo : 	at a.a.a.nl0.e(SourceFile:2)
06-11 10:45:43.371  1460  4283 W AppInfo : 	at a.a.a.rp6.d(SourceFile:22)
06-11 10:45:43.371  1460  4283 W AppInfo : 	at a.a.a.rp6.c(SourceFile:52)
06-11 10:45:43.371  1460  4283 W AppInfo : 	at com.nearme.instant.card.SharedDataProvider.setOrUpdateSharedDataInner(SourceFile:48)
06-11 10:45:43.371  1460  4283 W AppInfo : 	at com.nearme.instant.card.SharedDataProvider.setOrUpdateSharedData(SourceFile:61)
06-11 10:45:43.371  1460  4283 W AppInfo : 	at com.nearme.instant.card.SharedDataProvider.doCall(SourceFile:46)
06-11 10:45:43.371  1460  4283 W AppInfo : 	at org.hapjs.AbstractContentProvider.call(SourceFile:4)
06-11 10:45:43.371  1460  4283 W AppInfo : 	at android.content.ContentProvider.call(ContentProvider.java:2773)
06-11 10:45:43.371  1460  4283 W AppInfo : 	at android.content.ContentProvider$Transport.call(ContentProvider.java:653)
06-11 10:45:43.371  1460  4283 W AppInfo : 	at android.content.ContentProviderNative.onTransact(ContentProviderNative.java:307)
06-11 10:45:43.371  1460  4283 W AppInfo : 	at android.os.Binder.execTransactInternal(Binder.java:1444)
06-11 10:45:43.371  1460  4283 W AppInfo : 	at android.os.Binder.execTransact(Binder.java:1378)
06-11 10:45:43.371  1460  4283 E PermissionVerifier: card rpk not exists
06-11 10:45:43.371  1460  4283 W PermissionVerifier: checkWritePermission writer: com.oplus.games not in rpk: com.coloros.gamespaceui.quickapp.library allowed list
06-11 10:45:43.371  1460  4283 W SharedDataProvider: setOrUpdateSharedData no permissions!
06-11 10:45:43.372  6058  6058 D ViewRootImplExtImpl: wrapConfigInfoIntoFlags rotation=0, smallestScreenWidthDp=0, residentWS=false, scenario=0, bounds=Rect(0, 0 - 1240, 2772), relayoutAsync=false, flags=0, newFlags=1453326336, title=com.earthengine.minimalglobe/com.earthengine.minimalglobe.MainActivity
06-11 10:45:43.372 27947  1358 W GameSpaceUI.gs_DesktopCardServiceImpl: set assistant_is_support_hide_game_icon_state = 1 success expire 86400000
06-11 10:45:43.373  1460  1728 E FileStrategy: java.io.IOException: Read-only file system
--------- beginning of system
06-11 10:45:43.373  3189  3252 D OplusFlexibleDragToSplitAnimController: visibleFlexibleTaskInfos delete:1
06-11 10:45:43.373 27947  1358 I GameSpaceUI.TrackService: getPluginConfigAppId -1, currentPkgName: 
06-11 10:45:43.373  3189  3252 D OplusFlexibleDragAnimationBaseState: handleRunningTaskInfo:TaskInfo{userId=0 taskId=1 effectiveUid=0 displayId=0 isRunning=true baseIntent=Intent { act=android.intent.action.MAIN cat=[android.intent.category.HOME] flg=0x10000100 cmp=com.android.launcher/.Launcher mCallingUid=1000 } baseActivity=ComponentInfo{com.android.launcher/com.android.launcher.Launcher} topActivity=ComponentInfo{com.android.launcher/com.android.launcher.Launcher} origActivity=null realActivity=null
06-11 10:45:43.373  3189  3252 D OplusFlexibleDragAnimationBaseState:  numActivities=1 lastActiveTime=12488 supportsSplitScreenMultiWindow=false supportsMultiWindow=true supportsPocketStudioMultiWindow=false isInFlexibleEmbedded = false uid = 10196 pid = 4650 resizeMode=2 isResizeable=true minWidth=-1 minHeight=-1 defaultMinSize=220 token=WCT{RemoteToken{d6c47d5 Task{8354b3d #1 type=home}}} topActivityType=2 pictureInPictureParams=null shouldDockBigOverlays=false launchIntoPipHostTaskId=-1 lastParentTaskIdBeforePip=-1 displayCutoutSafeInsets=Rect(0, 139 - 0, 0)
06-11 10:45:43.373  3189  3252 D OplusFlexibleDragAnimationBaseState:  topActivityInfo=ActivityInfo{a87e3f6 com.android.launcher.Launcher} launchCookies=[] positionInParent=Point(0, 0) parentTaskId=-1 isFocused=false isVisible=false isVisibleRequested=false isTopActivityNoDisplay=false isSleeping=false locusId=LocusId[17_chars] displayAreaFeatureId=1 isTopActivityTransparent=false isActivityStackTransparent=false lastNonFullscreenBounds=Rect(322, 807 - 918, 2047) capturedLink=null capturedLinkTimestamp=0 requestedVisibleTypes=-9 topActivityRequestOpenInBrowserEducationTimestamp=0
06-11 10:45:43.373  3189  3252 D OplusFlexibleDragAnimationBaseState:  appCompatTaskInfo=AppCompatTaskInfo { topActivityInSizeCompat=false topActivityInOplusCompatMode=false eligibleForLetterboxEducation= false isLetterboxEducationEnabled= false isLetterboxDoubleTapEnabled= false eligibleForUserAspectRatioButton= false topActivityBoundsLetterboxed= false isFromLetterboxDoubleTap= false topActivityLetterboxVerticalPosition= -1 topActivityLetterboxHorizontalPosition= -1 topActivityLetterboxWidth=-1 topActivityLetterboxHeight=-1 topActivityAppBounds=Rect(0, 0 - 1240, 2772) isUserFullscreenOverrideEnabled=false isSystemFullscreenOverrideEnabled=false hasMinAspectRatioOverride=false topActivityLetterboxBounds=null cameraCompatTaskInfo=CameraCompatTaskInfo { freeformCameraCompatMode=inactive}} topActivityMainWindowFrame=null topActivityLetterboxInsets=Rect(0, 0 - 0, 0)
06-11 10:45:43.373  3189  3252 D OplusFlexibleDragAnimationBaseState:  mOplusExtraBundle = Bundle[{androidx.flexible.taskFrame=Rect(0, 0 - 0, 0), topOpaqueSystemBarsAppearance=0, androidx.flexible.Alpha=1.0, androidx.activity.task.attach.blur=0, androidx.activity.LaunchInsensible=0, androidx.activity.LaunchCornerRadius=0, key_flexible_task_state=0, topActivitySupportAppInnerSplit=false, key_flexible_task_animating_type=-1, key_flexible_task_root_activity_processname=com.android.launcher, androidx.activity.LaunchScenario=0, is_oplus_clone_task=false, flexible_super_mini_state=false, topRunningActivityHash=6207955, androidx.activity.LaunchScale=1.0, androidx.activity.LaunchShadowRadius=0, is_transient_hide_for_task_info=false, key_flexible_task_root_activity_pid=4650, key_flexible_task_root_activity_uid=10196}]}state:0
06-11 10:45:43.373  3189  3252 E FlexibleWindowManagerService: notifyTaskObserverToAttachController not need to notify!
06-11 10:45:43.373  3189  3252 I FlexibleWindowManagerService: onFlexibleWindowTaskInfoChanged, return for cur task not embedded
06-11 10:45:43.373  3189  3252 I TaskOrganizerController: onTaskInfoChanged taskid 2810 config { mBounds=Rect(0, 0 - 1240, 2772) mAppBounds=Rect(0, 0 - 1240, 2772) mMaxBounds=Rect(0, 0 - 1240, 2772) mDisplayRotation=ROTATION_0 mWindowingMode=fullscreen mActivityType=standard mAlwaysOnTop=undefined mRotation=ROTATION_0}
06-11 10:45:43.373  3189  3252 D OplusFlexibleDragToSplitAnimController: visibleFlexibleTaskInfos delete:2810
06-11 10:45:43.374  3189  3252 D OplusFlexibleDragAnimationBaseState: handleRunningTaskInfo:TaskInfo{userId=0 taskId=2810 effectiveUid=10602 displayId=0 isRunning=true baseIntent=Intent { flg=0x10000000 cmp=com.earthengine.minimalglobe/.MainActivity mCallingUid=2000 } baseActivity=ComponentInfo{com.earthengine.minimalglobe/com.earthengine.minimalglobe.MainActivity} topActivity=ComponentInfo{com.earthengine.minimalglobe/com.earthengine.minimalglobe.MainActivity} origActivity=null realActivity=ComponentInfo{com.earthengine.minimalglobe/com.earthengine.minimalglobe.MainActivity}
06-11 10:45:43.374  3189  3252 D OplusFlexibleDragAnimationBaseState:  numActivities=1 lastActiveTime=243340473 supportsSplitScreenMultiWindow=true supportsMultiWindow=true supportsPocketStudioMultiWindow=true isInFlexibleEmbedded = false uid = 10602 pid = 6058 resizeMode=1 isResizeable=true minWidth=-1 minHeight=-1 defaultMinSize=220 token=WCT{RemoteToken{e068dbe Task{b2329f5 #2810 type=standard A=10602:com.earthengine.minimalglobe}}} topActivityType=1 pictureInPictureParams=null shouldDockBigOverlays=false launchIntoPipHostTaskId=-1 lastParentTaskIdBeforePip=-1 displayCutoutSafeInsets=Rect(0, 0 - 0, 0)
06-11 10:45:43.374  3189  3252 D OplusFlexibleDragAnimationBaseState:  topActivityInfo=ActivityInfo{9f28c58 com.earthengine.minimalglobe.MainActivity} launchCookies=[] positionInParent=Point(0, 0) parentTaskId=-1 isFocused=true isVisible=true isVisibleRequested=true isTopActivityNoDisplay=false isSleeping=false locusId=null displayAreaFeatureId=1 isTopActivityTransparent=false isActivityStackTransparent=false lastNonFullscreenBounds=Rect(322, 807 - 918, 2047) capturedLink=null capturedLinkTimestamp=0 requestedVisibleTypes=-9 topActivityRequestOpenInBrowserEducationTimestamp=0
06-11 10:45:43.374  3189  3252 D OplusFlexibleDragAnimationBaseState:  appCompatTaskInfo=AppCompatTaskInfo { topActivityInSizeCompat=false topActivityInOplusCompatMode=false eligibleForLetterboxEducation= false isLetterboxEducationEnabled= false isLetterboxDoubleTapEnabled= false eligibleForUserAspectRatioButton= false topActivityBoundsLetterboxed= false isFromLetterboxDoubleTap= false topActivityLetterboxVerticalPosition= -1 topActivityLetterboxHorizontalPosition= -1 topActivityLetterboxWidth=-1 topActivityLetterboxHeight=-1 topActivityAppBounds=Rect(0, 0 - 1240, 2772) isUserFullscreenOverrideEnabled=false isSystemFullscreenOverrideEnabled=false hasMinAspectRatioOverride=false topActivityLetterboxBounds=null cameraCompatTaskInfo=CameraCompatTaskInfo { freeformCameraCompatMode=inactive}} topActivityMainWindowFrame=null topActivityLetterboxInsets=Rect(0, 0 - 0, 0)
06-11 10:45:43.374  3189  3252 D OplusFlexibleDragAnimationBaseState:  mOplusExtraBundle = Bundle[{androidx.flexible.taskFrame=Rect(0, 0 - 0, 0), topOpaqueSystemBarsAppearance=512, androidx.flexible.Alpha=1.0, androidx.activity.task.attach.blur=0, androidx.activity.LaunchInsensible=0, androidx.activity.LaunchCornerRadius=0, key_flexible_task_state=0, topActivitySupportAppInnerSplit=false, key_flexible_task_animating_type=-1, key_flexible_task_root_activity_processname=com.earthengine.minimalglobe, androidx.activity.LaunchScenario=0, is_oplus_clone_task=false, flexible_super_mini_state=false, topRunningActivityHash=119005094, androidx.activity.LaunchScale=1.0, androidx.activity.LaunchShadowRadius=0, is_transient_hide_for_task_info=false, key_flexible_task_root_activity_pid=6058, key_flexible_task_root_activity_uid=10602}]}state:0
06-11 10:45:43.374  3189  3252 E FlexibleWindowManagerService: notifyTaskObserverToAttachController not need to notify!
06-11 10:45:43.374  3189  3252 I FlexibleWindowManagerService: onFlexibleWindowTaskInfoChanged, return for cur task not embedded
06-11 10:45:43.374  3189  3252 D DisplayModeDirector: setAppRequest displayId : 4  modeId: 0  requestedRefreshRate: 0.0  requestedMinRefreshRateRange: 0.0  requestedMaxRefreshRateRange: 0.0
06-11 10:45:43.374  1460  1493 W SeedlingShare: (com.oplus.games, assistant_is_support_hide_game_icon_state) not in seeding shared white list.
06-11 10:45:43.375  3189  3252 D DisplayModeDirector: setAppRequest displayId : 0  modeId: 1  requestedRefreshRate: 0.0  requestedMinRefreshRateRange: 0.0  requestedMaxRefreshRateRange: 120.00001
06-11 10:45:43.375  1667 15952 I sensors-hal: handle_oplus_wise_rgb_event:230, wise_rgb:algo_type = 3
06-11 10:45:43.375  1667 15952 I sensors-hal: handle_oplus_wise_rgb_event:285, wise_rgb: raw_lux 492.250000, raw_cct 6314.820801, r/g/b/c: 39487.167969/34408.875000/19306.671875/87238.453125, R/G/B: 0.000000/0.000000/0.000000, brl 1529.000000, lux: 492.250000, cct: 6314.820801, ts 243340693306781, cnt 7370
06-11 10:45:43.375  4650 19955 W HapContentObserver: uri: content://appRecommend_data_storage/breeno-launcher/query
06-11 10:45:43.375  4650 19955 D HapContentObserver: key: 251540744 , task: 70838955
06-11 10:45:43.375  4650 19955 D ContentResolverTask: uri: content://appRecommend_data_storage/breeno-launcher/query contains: false task: 70838955
06-11 10:45:43.375  4650 19955 D HapContentObserver: key: 82000058 , task: 112544663
06-11 10:45:43.375  4650 19955 D ContentResolverTask: uri: content://appRecommend_data_storage/breeno-launcher/query contains: false task: 112544663
06-11 10:45:43.375  4650 19955 D HapContentObserver: find dispatch uri: content://appRecommend_data_storage/breeno-launcher/query
06-11 10:45:43.375  4650 19955 D ContentResolverTask: notifyChange: content://appRecommend_data_storage/breeno-launcher/query, mRequestMap contains: true mRequestMap.size: 1 task:112544663 instant:15
06-11 10:45:43.375  4650 19955 W ContentResolverTask: request callback: 247
06-11 10:45:43.376  3189  4338 V WindowManager: Relayout Window{d658020 u0 com.earthengine.minimalglobe/com.earthengine.minimalglobe.MainActivity}: viewVisibility=0, oldvis=4, req=1240x2772 , apr = 0, vsysui=, x=0, y=0
06-11 10:45:43.376  3189  4338 I WindowManager: Window{d658020 u0 com.earthengine.minimalglobe/com.earthengine.minimalglobe.MainActivity} state from NO_SURFACE to DRAW_PENDING; reason: resetDrawState
06-11 10:45:43.376  1460  1493 W AppInfo : AppInfo create Uri content://com.nearme.instant.platform.res/com.coloros.gamespaceui.quickapp.guide/manifest.json
06-11 10:45:43.376  4650 23595 D JsConsole: breeno2X2-launcher(rsUDrjLDfb7Y)::content_provider_channel: register success _channelStatus(subscribed
06-11 10:45:43.377  3189  5610 D Transition: finishTransaction-onCommitted syncId=1459
06-11 10:45:43.377  3189  4338 D DisplayModeDirector: setAppRequest displayId : 4  modeId: 0  requestedRefreshRate: 0.0  requestedMinRefreshRateRange: 0.0  requestedMaxRefreshRateRange: 0.0
06-11 10:45:43.377  3189  3825 I system_server: AssetManager2(0xb400007915afa428) locale list changing from [] to [zh-CN]
06-11 10:45:43.377  1877  1877 I DispPerfService: updateLayerMask 0
06-11 10:45:43.377  1460  1493 W PackageFilesValidator: isInvalidResource: AppDistributionMeta is null
06-11 10:45:43.378  3189  4338 D DisplayModeDirector: setAppRequest displayId : 0  modeId: 1  requestedRefreshRate: 0.0  requestedMinRefreshRateRange: 0.0  requestedMaxRefreshRateRange: 120.00001
06-11 10:45:43.378  3189  4338 D WindowManager: NFW_findFocusedWindowIfNeeded:Window{d658020 u0 com.earthengine.minimalglobe/com.earthengine.minimalglobe.MainActivity} mCurrentFocus:null
06-11 10:45:43.378  3189  4338 V WindowManager: Changing focus from null to Window{d658020 u0 com.earthengine.minimalglobe/com.earthengine.minimalglobe.MainActivity},diplayid=0
06-11 10:45:43.378 26764  6150 W Weather_Location_LocationController: isNetAvailable:true
06-11 10:45:43.378 26764  6150 W Weather_Location_LocationController: meetLocationInterval:false
06-11 10:45:43.379 26764  6150 I WeatherS_AutoGetLocationService: onLocationSdkCall for scene:[5] at step:[4] by extra:[location interval no meet]
06-11 10:45:43.379  1663  1663 I QTI PowerHAL: Power setMode: 6 to: 0
06-11 10:45:43.379 26764  6150 I WeatherS_AutoGetLocationService: location interval no meet,call update city weather.
06-11 10:45:43.379  3189  3338 D VRR [OPlusSurfaceFlingerController]:  setComplexSceneEnable : false
06-11 10:45:43.379 26764  6150 I WeatherS_LocalUtils: notifyChange errorCode: 410000 uri: content://com.oplus.weather.provider.locationCallBack?errorCode=410000
06-11 10:45:43.379  3189  4338 D WindowManager: setFrameRateStart invalid typeId return!
06-11 10:45:43.379  3189  4338 D WindowManager: setFrameRateStart invalid typeId return!
06-11 10:45:43.379  3189  4338 D Theia.NoFocusWindow: FocusWindowErrorScene cancelCheckFreezeScreen
06-11 10:45:43.379  3189  4338 W TheiaWindowMonitor: [check] focusedWindow is null or enable is false
06-11 10:45:43.379  3189  4338 D WindowManager: NFW_findFocusedWindowIfNeeded:null mCurrentFocus:null
06-11 10:45:43.382  6058  6058 D VRI[MainActivity]: relayoutWindow result, sizeChanged:true, surfaceControlChanged:true, transformHintChanged:false, mSurfaceSize:Point(1240, 2772), mLastSurfaceSize:Point(0, 0), mWidth:-1, mHeight:-1, requestedWidth:1240, requestedHeight:2772, transformHint:0, installOrientation:0, displayRotation:0, isSurfaceValid:true, attr.flag:-2122252032, tmpFrames:ClientWindowFrames{frame=[0,0][1240,2772] display=[0,0][1240,2772] parentFrame=[0,0][0,0]}, relayoutAsync:false, mSyncSeqId:0
06-11 10:45:43.382  6058  6058 W VRI[MainActivity]: updateBlastSurfaceIfNeeded, surfaceSize:Point(1240, 2772), lastSurfaceSize:Point(0, 0), format:-3, blastBufferQueue:null
06-11 10:45:43.382  6058  6058 W libc    : Access denied finding property "vendor.display.enable_optimal_refresh_rate"
06-11 10:45:43.382  6058  6058 D BufferQueueConsumer: [](id:17aa00000000,api:0,p:-1,c:6058) connect: controlledByApp=false
06-11 10:45:43.382 18957 24582 D ClockTag_ClockWidget.ClockWidgetWeatherService: locationResultNotifyObserver onChange
06-11 10:45:43.382 18957 24582 D ClockTag_ClockWidget.ClockWidgetWeatherService: locationResultNotifyObserver errorCode: 410000
06-11 10:45:43.382 18957 24582 D ClockTag_ClockWidget.BaseWidgetViewHelper: updateLocateResult new 410000 old: 410000
06-11 10:45:43.382  6058  6058 D BufferQueueConsumer: [VRI[MainActivity]#0(BLAST Consumer)0](id:17aa00000000,api:0,p:-1,c:6058) setMaxAcquiredBufferCount: 2
06-11 10:45:43.383  6058  6058 W libc    : Access denied finding property "vendor.display.enable_optimal_refresh_rate"
06-11 10:45:43.384  6058  6163 D HWUI    : createSurface new attribs array
06-11 10:45:43.385  3189  3252 D SurfaceComposerClient: Transaction::apply InputWindowCommands.focusRequests timestamp=201437104848884, windowName=d658020 com.earthengine.minimalglobe/com.earthengine.minimalglobe.MainActivity
06-11 10:45:43.386  6058  6163 D libEGL  : this is from skia gles
06-11 10:45:43.386  6058  6163 D BufferQueueProducer: [VRI[MainActivity]#0(BLAST Consumer)0](id:17aa00000000,api:1,p:6058,c:6058) connect: api=1 producerControlledByApp=true
06-11 10:45:43.386  4329  4424 D ShellTaskOrganizerExt: visibleFlexibleTaskInfos delete:1
06-11 10:45:43.386  4329  4424 D ShellTaskOrganizerExt: isOnCanvas size:0
06-11 10:45:43.386  4329  4424 D ShellTaskOrganizerExt: isOnThreeFlexibleCanvas size:0
06-11 10:45:43.340 19629 19687 I DMP-SAUWorkConfigManager: sau work config not found
06-11 10:45:43.387  6058  6058 E OplusDisplayModeManager: has been initialized.
06-11 10:45:43.387  5775  5775 D nativeloader: Configuring clns-shared-10 for other apk /system_ext/app/SystemAppUpdateService/SystemAppUpdateService.apk. target_sdk_version=36, uses_libraries=, library_path=/system_ext/app/SystemAppUpdateService/lib/arm64:/system_ext/app/SystemAppUpdateService/SystemAppUpdateService.apk!/lib/arm64-v8a:/system/lib64:/system_ext/lib64, permitted_path=/data:/mnt/expand:/data/user/0/com.oplus.sau:/system_ext/app/SystemAppUpdateService:/system/lib64:/system_ext/lib64
06-11 10:45:43.389  1877  5741 I SurfaceFlinger: [SF client] NEW(0xb4000075dae8e720) for (6058:com.earthengine.minimalglobe)
06-11 10:45:43.383  1460  1493 W AppInfo : app info parse uri fail. uri: content://com.nearme.instant.platform.res/com.coloros.gamespaceui.quickapp.guide/manifest.json##Throwable##java.io.FileNotFoundException: open failed: ENOENT (No such file or directory)
06-11 10:45:43.383  1460  1493 W AppInfo : 	at android.os.ParcelFileDescriptor.openInternal(ParcelFileDescriptor.java:356)
06-11 10:45:43.383  1460  1493 W AppInfo : 	at android.os.ParcelFileDescriptor.open(ParcelFileDescriptor.java:233)
06-11 10:45:43.383  1460  1493 W AppInfo : 	at org.hapjs.cache.CacheProvider.doOpenFile(SourceFile:56)
06-11 10:45:43.383  1460  1493 W AppInfo : 	at org.hapjs.AbstractContentProvider.openFile(SourceFile:4)
06-11 10:45:43.383  1460  1493 W AppInfo : 	at android.content.ContentProvider.openAssetFile(ContentProvider.java:2326)
06-11 10:45:43.383  1460  1493 W AppInfo : 	at org.hapjs.AbstractContentProvider.doOpenAssetFile(SourceFile:1)
06-11 10:45:43.383  1460  1493 W AppInfo : 	at org.hapjs.cache.CacheProvider.doOpenAssetFile(SourceFile:74)
06-11 10:45:43.383  1460  1493 W AppInfo : 	at org.hapjs.AbstractContentProvider.openAssetFile(SourceFile:4)
06-11 10:45:43.383  1460  1493 W AppInfo : 	at android.content.ContentProvider.openTypedAssetFile(ContentProvider.java:2504)
06-11 10:45:43.383  1460  1493 W AppInfo : 	at android.content.ContentProvider.openTypedAssetFile(ContentProvider.java:2571)
06-11 10:45:43.383  1460  1493 W AppInfo : 	at android.content.ContentProvider$Transport.openTypedAssetFile(ContentProvider.java:692)
06-11 10:45:43.383  1460  1493 W AppInfo : 	at android.content.ContentResolver.openTypedAssetFileDescriptor(ContentResolver.java:2097)
06-11 10:45:43.383  1460  1493 W AppInfo : 	at android.content.ContentResolver.openAssetFileDescriptor(ContentResolver.java:1912)
06-11 10:45:43.383  1460  1493 W AppInfo : 	at android.content.ContentResolver.openInputStream(ContentResolver.java:1582)
06-11 10:45:43.383  1460  1493 W AppInfo : 	at org.hapjs.model.AppInfo.fromUri(SourceFile:7)
06-11 10:45:43.383  1460  1493 W AppInfo : 	at org.hapjs.model.AppInfo.create(SourceFile:105)
06-11 10:45:43.383  1460  1493 W AppInfo : 	at org.hapjs.bridge.DefaultAppInfoProvider.create(SourceFile:1)
06-11 10:45:43.383  1460  1493 W AppInfo : 	at a.a.a.nl0.g(SourceFile:58)
06-11 10:45:43.383  1460  1493 W AppInfo : 	at a.a.a.nl0.e(SourceFile:2)
06-11 10:45:43.383  1460  1493 W AppInfo : 	at a.a.a.rp6.d(SourceFile:22)
06-11 10:45:43.383  1460  1493 W AppInfo : 	at a.a.a.rp6.c(SourceFile:52)
06-11 10:45:43.383  1460  1493 W AppInfo : 	at com.nearme.instant.card.SharedDataProvider.setOrUpdateSharedDataInner(SourceFile:48)
06-11 10:45:43.383  1460  1493 W AppInfo : 	at com.nearme.instant.card.SharedDataProvider.setOrUpdateSharedData(SourceFile:61)
06-11 10:45:43.383  1460  1493 W AppInfo : 	at com.nearme.instant.card.SharedDataProvider.doCall(SourceFile:46)
06-11 10:45:43.383  1460  1493 W AppInfo : 	at org.hapjs.AbstractContentProvider.call(SourceFile:4)
06-11 10:45:43.383  1460  1493 W AppInfo : 	at android.content.ContentProvider.call(ContentProvider.java:2773)
06-11 10:45:43.383  1460  1493 W AppInfo : 	at android.content.ContentProvider$Transport.call(ContentProvider.java:653)
06-11 10:45:43.383  1460  1493 W AppInfo : 	at android.content.ContentProviderNative.onTransact(ContentProviderNative.java:307)
06-11 10:45:43.383  1460  1493 W AppInfo : 	at android.os.Binder.execTransactInternal(Binder.java:1444)
06-11 10:45:43.383  1460  1493 W AppInfo : 	at android.os.Binder.execTransact(Binder.java:1378)
06-11 10:45:43.389  3189  8845 W SignedPackage: Cannot get ApplicationInfo for package: com.google.android.tts
06-11 10:45:43.389  4329  4424 D ShellTaskOrganizerExt: visibleFlexibleTaskInfos delete:2810
06-11 10:45:43.389  4329  4424 D ShellTaskOrganizerExt: isOnCanvas size:0
06-11 10:45:43.389  4329  4424 D ShellTaskOrganizerExt: isOnThreeFlexibleCanvas size:0
06-11 10:45:43.389  9703 10942 I TapHttp.:  RetryAndFollowUpInterceptor isEventListenerStub:true
06-11 10:45:43.389  9703 10942 D TapHttp.:  StreamAllocation isEventListenerStub:true
06-11 10:45:43.389  1460  1493 E PermissionVerifier: card rpk not exists
06-11 10:45:43.389  1460  1493 W PermissionVerifier: checkWritePermission writer: com.oplus.games not in rpk: com.coloros.gamespaceui.quickapp.guide allowed list
06-11 10:45:43.390  9703 11393 D CloudConfig_stgyHelper: mspVersionCanSupport mspKitVersion : 2021620
06-11 10:45:43.391  3189  5167 D RefreshRate: overrideWindowRefreshRate win Window{d658020 u0 com.earthengine.minimalglobe/com.earthengine.minimalglobe.MainActivity}, refreshRateId 2
06-11 10:45:43.391  1460  1493 W SharedDataProvider: setOrUpdateSharedData no permissions!
06-11 10:45:43.391  3189  3252 D DisplayModeDirector: setAppRequest displayId : 4  modeId: 0  requestedRefreshRate: 0.0  requestedMinRefreshRateRange: 0.0  requestedMaxRefreshRateRange: 0.0
06-11 10:45:43.392 27947  1358 W GameSpaceUI.gs_DesktopCardServiceImpl: set assistant_is_support_hide_game_icon_state = 1 success expire 86400000
06-11 10:45:43.392 27947  1358 I GameSpaceUI.TrackService: getPluginConfigAppId -1, currentPkgName: 
06-11 10:45:43.392  3189  3252 D DisplayModeDirector: setAppRequest displayId : 0  modeId: 1  requestedRefreshRate: 0.0  requestedMinRefreshRateRange: 0.0  requestedMaxRefreshRateRange: 120.00001
06-11 10:45:43.393  4177  4177 D WallpaperChooser.BaseSignalWallpaperService: visibility change to false, creating?false
06-11 10:45:43.393  4177  4177 D WallpaperChooser.BaseSignalWallpaperService: onPause
06-11 10:45:43.394  3189  3263 I system_server: AssetManager2(0xb4000078c7b0d528) locale list changing from [] to [zh-CN]
06-11 10:45:43.394  1877  2468 D SurfaceFlinger: updateWinowInfo=1, setFocusedWindow timestamp=201437104848884, windowName=d658020 com.earthengine.minimalglobe/com.earthengine.minimalglobe.MainActivity
06-11 10:45:43.394  3189  4338 I InputDispatcher: NFW_setFocusedWindow, d658020 com.earthengine.minimalglobe/com.earthengine.minimalglobe.MainActivity on display 0, same as the previous:0
06-11 10:45:43.394 12732 13406 I Quality-ScreenOnOffLogProcessor: withInScreenOnOffRange mIsScreenOn:true refTime:1781145942852 mRecentScreenOnTime:1781143521410 mRecentScreenOffTime:1781143324217
06-11 10:45:43.395  6058  6058 D SurfaceView: 182558592, SurfaceView[com.earthengine.minimalglobe/com.earthengine.minimalglobe.MainActivity], layerid: 19346 createBlastSurfaceControls
06-11 10:45:43.395  3189  8845 I system_server: AssetManager2(0xb400007825e7d628) locale list changing from [] to [zh-CN]
06-11 10:45:43.395  3189  4721 I AccessibilityWindowsPopulator: getInsensibleFlag flag = 0
06-11 10:45:43.395  6058  6058 W libc    : Access denied finding property "vendor.display.enable_optimal_refresh_rate"
06-11 10:45:43.395  6058  6058 D BufferQueueConsumer: [](id:17aa00000001,api:0,p:-1,c:6058) connect: controlledByApp=false
06-11 10:45:43.396  6058  6058 D BufferQueueConsumer: [ae19f80 SurfaceView[com.earthengine.minimalglobe/com.earthengine.minimalglobe.MainActivity]#1(BLAST Consumer)1](id:17aa00000001,api:0,p:-1,c:6058) setMaxAcquiredBufferCount: 2
06-11 10:45:43.397  3189  3825 I system_server: AssetManager2(0xb400007915b06c28) locale list changing from [] to [zh-CN]
06-11 10:45:43.398  6058  6058 W libc    : Access denied finding property "vendor.display.enable_optimal_refresh_rate"
06-11 10:45:43.398  6058  6058 I SurfaceView: 182558592 visibleChanged -- surfaceCreated 
06-11 10:45:43.398  3189  4610 D OplusAppSwitchRuleInfo: generateAppEnterInfo - launch_source_type =  , launch_source_traceid = 
06-11 10:45:43.398  6058  6058 D Surface : Surface::dispatchSetGameApi
06-11 10:45:43.398  3189  4610 D OplusEapManager: mTargetEnterName :com.earthengine.minimalglobe
06-11 10:45:43.398  6058  6058 D Surface : dispatchSetGameApi pid[6058] tid[6058] GameApi[0]
06-11 10:45:43.398  6058  6058 D Surface : dispatchSetGameApi res:0
06-11 10:45:43.398  6058  6058 D libEGL  : set game api gles successfully
06-11 10:45:43.398  6058  6058 D BufferQueueProducer: [ae19f80 SurfaceView[com.earthengine.minimalglobe/com.earthengine.minimalglobe.MainActivity]#1(BLAST Consumer)1](id:17aa00000001,api:1,p:6058,c:6058) connect: api=1 producerControlledByApp=true
06-11 10:45:43.399  1808  1906 W gameoptHal: unknow message 163
06-11 10:45:43.399  6058  6058 I MinimalGlobe: EGL initialized: 1240x2772, GL: OpenGL ES 3.2 V@0615.100 (GIT@b82916be04, I507ba793b7, 1754480107) (Date:08/06/25), GLSL: OpenGL ES GLSL ES 3.20
06-11 10:45:43.400  3189  8845 D Role    : not app enabled and not oplus freezed
06-11 10:45:43.400  3189  8845 E RoleControllerServiceImpl: Default/fallback role holder package doesn't qualify for the role, package: com.android.devicelockcontroller, role: android.app.role.SYSTEM_FINANCED_DEVICE_CONTROLLER
06-11 10:45:43.403  1460  4283 W SeedlingShare: (com.oplus.games, assistant_is_support_hide_game_icon_state) not in seeding shared white list.
06-11 10:45:43.403  6058  6058 I AtmosPass: initialize: creating shader...
06-11 10:45:43.404  6058  6058 I AtmosPass: initialize: shader created ok
06-11 10:45:43.404  6058  6058 I AtmosPass: initialize: buffer created ok, ready
06-11 10:45:43.404  6058  6058 I MinimalGlobe: Engine initialized successfully, camera pos: -1577217.2,5321867.2,3134277.0
06-11 10:45:43.404  6058  6058 I MinimalGlobe: Gaode satellite provider enabled: https://webst0{s}.is.autonavi.com/appmaptile?style=6&x={x}&y={y}&z={z}
06-11 10:45:43.404  6058  6058 I MinimalGlobe: Gaode/Amap tiles are GCJ-02 aligned; this demo is visual only, not WGS84 control-point acceptance
06-11 10:45:43.404  6058  6058 I MinimalGlobe: Basemap layer added; normal map debug disabled
06-11 10:45:43.404  6058  6058 I MinimalGlobe: Terrain provider: QuantizedMesh (http://192.168.1.6:8091/{z}/{x}/{y}.terrain)
06-11 10:45:43.404  6058  6058 I MinimalGlobe: Terrain layer added: http://192.168.1.4:8001/{z}/{x}/{y}.png
06-11 10:45:43.404  6058  6058 I MinimalGlobe: Debug overlay disabled
06-11 10:45:43.404  6058  6058 I MinimalGlobe: Simulation time set to fixed daytime JD 2461188.75 (2026-06-10 14:00 UTC+8)
06-11 10:45:43.405  6058  6058 D SurfaceView: 182558592 handleSyncNoBuffer
06-11 10:45:43.406  3189  5915 D OplusStartingWindowManager: updateRecordSurfaceViewState windowToken = android.os.BinderProxy@9409323, surfaceState = true, attachedToWindow = true, inList = false, win = Window{d658020 u0 com.earthengine.minimalglobe/com.earthengine.minimalglobe.MainActivity}
06-11 10:45:43.406  6058  6058 D SurfaceView: 182558592 finishedDrawing
06-11 10:45:43.406  6058  6058 D SurfaceView: 182558592 performDrawFinished mAttachedToWindow true
06-11 10:45:43.406  1460  4283 W AppInfo : AppInfo create Uri content://com.nearme.instant.platform.res/com.coloros.gamespaceui.quickapp.library/manifest.json
06-11 10:45:43.407  1460  4283 W PackageFilesValidator: isInvalidResource: AppDistributionMeta is null
06-11 10:45:43.407  6058  6058 I SurfaceControl:  setExtendedRangeBrightness sc=Surface(name=com.earthengine.minimalglobe/com.earthengine.minimalglobe.MainActivity)/@0xbe866ae,currentBufferRatio=1.0,desiredRatio=1.0
06-11 10:45:43.408  6058  6058 D SurfaceView: 182558592 dispatchDraw mDrawFinished true isAboveParent false (mPrivateFlags & PFLAG_SKIP_DRAW) 128
06-11 10:45:43.408  6058  6058 D SurfaceView: 182558592 clearSurfaceViewPort mCornerRadius 0.0
06-11 10:45:43.408  3189  4610 I OPM     : home scene change to false
06-11 10:45:43.408  3189  4610 D OplusLatencyOptimizerManager: enter pkg: com.earthengine.minimalglobe isPrevBlackAppTop: false mIsBlackAppTop: false
06-11 10:45:43.408  3189  3338 D VRR [OPlusRefreshRateService]: handleFrontAppChange pkgName: com.earthengine.minimalglobe
06-11 10:45:43.408  3189  4610 D OplusAppSwitchRuleInfo: generateAppEnterInfo - launch_source_type =  , launch_source_traceid = 
06-11 10:45:43.408  3189  3338 D VRR [OPlusSAManager]: updateAutoMinfps for 4630946283567114626 with nits: 138.16127, mHistOK true, mAmbientOK true, mCctOK true, mIrOK true, mBrightnessOK true, isPkgOK true, SA min fps: 1
06-11 10:45:43.409  3189  4610 D OplusAppSwitchRuleInfo: generateAppEnterInfo - launch_source_type =  , launch_source_traceid = 
06-11 10:45:43.409  4329  4329 I PluginSeedling--Origin: LiveAlertInteractorImpl-->notifyEntryDataChanged ENTRY_STATUS_BAR, result:, noe: false
06-11 10:45:43.409  4329  4329 I PluginSeedling--Origin: LiveAlertInteractorImpl-->notifyEntryDataChanged ENTRY_NOTIFICATION, result:, noe: false
06-11 10:45:43.409  4329  4329 I PluginSeedling--Notification: NotificationRepository-->onDataChanged, []
06-11 10:45:43.410  9703 11393 D CloudConfig_stgyHelper: getSupportKitMode strategyEntity : StrategyEntity(sdkInterval=1800000, strategyMode=1, minSDKVersion=1000, minKitVersion=2014122, validReqPeriod=7200000, maxReqProduct=100, forceKitIfKit=false, backoff=120000, enable=true, defaultLimit=RateLimitConfig{maxCalls=1, timeWindowSeconds=7200, callIntervalSeconds=0}, productLimits={56589=RateLimitConfig{maxCalls=1, timeWindowSeconds=7200, callIntervalSeconds=0}, 50351=RateLimitConfig{maxCalls=1, timeWindowSeconds=7200, callIntervalSeconds=0}, safe-jsApi_2003=RateLimitConfig{maxCalls=1, timeWindowSeconds=7200, callIntervalSeconds=0}, compass_20214=RateLimitConfig{maxCalls=1, timeWindowSeconds=7200, callIntervalSeconds=0}, compass_20100=RateLimitConfig{maxCalls=1, timeWindowSeconds=7200, callIntervalSeconds=0}, 54883=RateLimitConfig{maxCalls=1, timeWindowSeconds=7200, callIntervalSeconds=0}, global-domain_1281=RateLimitConfig{maxCalls=1, timeWindowSeconds=7200, callIntervalSeconds=0}, compass_131500=RateLimitConfig{maxCalls=1, timeWindowSeconds=7200, callIntervalSeconds=0}, compass_134200=RateLimitConfig{maxCalls=1, timeWindowSeconds=7200, callIntervalSeconds=0}})
06-11 10:45:43.410  9703 11393 D CloudConfig_stgyHelper: getSupportKitMode localSdkVersion : 1224
06-11 10:45:43.413 19629 19687 I DMP-PowerUtils: getHoraeTemperature:36
06-11 10:45:43.414 19629 19687 I DMP-Dispatcher: create work Work{mWorkName=completeKeywordIndexWork, mWorkTerm=long, mReportId=false, mCreate=Create{mIndexStatus=null, mQueryTime=0, mInterval=0, mDeletedDocs=null, mNeedRebuildFlag=0, mIndexCheckFlag=false, mDrop=Drop{mCount=4, mInterval=10000, mDelay=60000}, mHighTemperature=38, mMinPower=null, mScreen=null, mDeletedConditions=null}, mEntry=null, mMoreBatch=MoreBatch{mPowerConsumed=2, mHighTemperatureValue=0, mLowTemperatureValue=0, mPower=[full|charging], mScreen=null, mTemperatureConsumed=0}, mChained=true, mInitialDelay=10, mWorkOneTimeLimit=0}, method = onReceive, create = 0
06-11 10:45:43.414 19629 19687 I DMP-Dispatcher: addChainedWork, method[onReceive], resource[localApp], extras[Bundle[{action=android.intent.action.PACKAGE_REPLACED, package=com.earthengine.minimalglobe}]]
06-11 10:45:43.414  5775  5775 I com.oplus.sau: AssetManager2(0xb400007ad7991128) locale list changing from [] to [zh-CN]
06-11 10:45:43.416  1460  4283 W AppInfo : app info parse uri fail. uri: content://com.nearme.instant.platform.res/com.coloros.gamespaceui.quickapp.library/manifest.json##Throwable##java.io.FileNotFoundException: open failed: ENOENT (No such file or directory)
06-11 10:45:43.416  1460  4283 W AppInfo : 	at android.os.ParcelFileDescriptor.openInternal(ParcelFileDescriptor.java:356)
06-11 10:45:43.416  1460  4283 W AppInfo : 	at android.os.ParcelFileDescriptor.open(ParcelFileDescriptor.java:233)
06-11 10:45:43.416  1460  4283 W AppInfo : 	at org.hapjs.cache.CacheProvider.doOpenFile(SourceFile:56)
06-11 10:45:43.416  1460  4283 W AppInfo : 	at org.hapjs.AbstractContentProvider.openFile(SourceFile:4)
06-11 10:45:43.416  1460  4283 W AppInfo : 	at android.content.ContentProvider.openAssetFile(ContentProvider.java:2326)
06-11 10:45:43.416  1460  4283 W AppInfo : 	at org.hapjs.AbstractContentProvider.doOpenAssetFile(SourceFile:1)
06-11 10:45:43.416  1460  4283 W AppInfo : 	at org.hapjs.cache.CacheProvider.doOpenAssetFile(SourceFile:74)
06-11 10:45:43.416  1460  4283 W AppInfo : 	at org.hapjs.AbstractContentProvider.openAssetFile(SourceFile:4)
06-11 10:45:43.416  1460  4283 W AppInfo : 	at android.content.ContentProvider.openTypedAssetFile(ContentProvider.java:2504)
06-11 10:45:43.416  1460  4283 W AppInfo : 	at android.content.ContentProvider.openTypedAssetFile(ContentProvider.java:2571)
06-11 10:45:43.416  1460  4283 W AppInfo : 	at android.content.ContentProvider$Transport.openTypedAssetFile(ContentProvider.java:692)
06-11 10:45:43.416  1460  4283 W AppInfo : 	at android.content.ContentResolver.openTypedAssetFileDescriptor(ContentResolver.java:2097)
06-11 10:45:43.416  1460  4283 W AppInfo : 	at android.content.ContentResolver.openAssetFileDescriptor(ContentResolver.java:1912)
06-11 10:45:43.416  1460  4283 W AppInfo : 	at android.content.ContentResolver.openInputStream(ContentResolver.java:1582)
06-11 10:45:43.416  1460  4283 W AppInfo : 	at org.hapjs.model.AppInfo.fromUri(SourceFile:7)
06-11 10:45:43.416  1460  4283 W AppInfo : 	at org.hapjs.model.AppInfo.create(SourceFile:105)
06-11 10:45:43.416  1460  4283 W AppInfo : 	at org.hapjs.bridge.DefaultAppInfoProvider.create(SourceFile:1)
06-11 10:45:43.416  1460  4283 W AppInfo : 	at a.a.a.nl0.g(SourceFile:58)
06-11 10:45:43.416  1460  4283 W AppInfo : 	at a.a.a.nl0.e(SourceFile:2)
06-11 10:45:43.416  1460  4283 W AppInfo : 	at a.a.a.rp6.d(SourceFile:22)
06-11 10:45:43.416  1460  4283 W AppInfo : 	at a.a.a.rp6.c(SourceFile:52)
06-11 10:45:43.416  1460  4283 W AppInfo : 	at com.nearme.instant.card.SharedDataProvider.setOrUpdateSharedDataInner(SourceFile:48)
06-11 10:45:43.416  1460  4283 W AppInfo : 	at com.nearme.instant.card.SharedDataProvider.setOrUpdateSharedData(SourceFile:61)
06-11 10:45:43.416  1460  4283 W AppInfo : 	at com.nearme.instant.card.SharedDataProvider.doCall(SourceFile:46)
06-11 10:45:43.416  1460  4283 W AppInfo : 	at org.hapjs.AbstractContentProvider.call(SourceFile:4)
06-11 10:45:43.416  1460  4283 W AppInfo : 	at android.content.ContentProvider.call(ContentProvider.java:2773)
06-11 10:45:43.416  1460  4283 W AppInfo : 	at android.content.ContentProvider$Transport.call(ContentProvider.java:653)
06-11 10:45:43.416  1460  4283 W AppInfo : 	at android.content.ContentProviderNative.onTransact(ContentProviderNative.java:307)
06-11 10:45:43.416  1460  4283 W AppInfo : 	at android.os.Binder.execTransactInternal(Binder.java:1444)
06-11 10:45:43.416  1460  4283 W AppInfo : 	at android.os.Binder.execTransact(Binder.java:1378)
06-11 10:45:43.416  1877  5741 I ClientCache: add: Cache owner=0xb4000075db9e2a00
06-11 10:45:43.416  6058  6163 D BLASTBufferQueue: [VRI[MainActivity]#0](f:0,a:1) acquireNextBufferLocked size=1240x2772 mFrameNumber=1 applyTransaction=true mTimestamp=201437136946801(auto) mPendingTransactions.size=0 graphicBufferId=26018911879168 transform=0
06-11 10:45:43.416  6058  6163 D VRI[MainActivity]: Received frameCommittedCallback lastAttemptedDrawFrameNum=1 didProduceBuffer=true syncBuffer=false
06-11 10:45:43.416  1460  4283 E PermissionVerifier: card rpk not exists
06-11 10:45:43.416  6058  6163 D ExtensionsLoader: createInstance(64bit) : createExtendedFactory
06-11 10:45:43.417  6058  6163 D ExtensionsLoader: Opened libSchedAssistExtImpl.so
06-11 10:45:43.417  1460  4283 W PermissionVerifier: checkWritePermission writer: com.oplus.games not in rpk: com.coloros.gamespaceui.quickapp.library allowed list
06-11 10:45:43.417  6058  6058 D VRI[MainActivity]: draw finished. seqId=0
06-11 10:45:43.417  1460  4283 W SharedDataProvider: setOrUpdateSharedData no permissions!
06-11 10:45:43.418 27947  1358 W GameSpaceUI.gs_DesktopCardServiceImpl: set assistant_mini_game_red_envelopes_switch_state = 1 success expire 86400000
06-11 10:45:43.418  3189  3251 I Quality : MonitorInfo:system_server,setRunningRemoteAnimation,ProcessRecord.java_1796,50
06-11 10:45:43.420  3189  4147 I WindowManager: Window{d658020 u0 com.earthengine.minimalglobe/com.earthengine.minimalglobe.MainActivity} state from DRAW_PENDING to COMMIT_DRAW_PENDING; reason: finishDrawingLocked
06-11 10:45:43.422  3189  3825 I system_server: AssetManager2(0xb400007915b06f28) locale list changing from [] to [zh-CN]
06-11 10:45:43.424 27947  1358 I GameSpaceUI.TrackService: getPluginConfigAppId -1, currentPkgName: 
06-11 10:45:43.425  3189 23318 D IntervalStats: Unable to parse usage stats packages: [15, 25]
06-11 10:45:43.425  3189 23318 D UsageStatsService: User[999] type=3 b=1749696343034 e=1781145943034 cb=1767745450501 ce=1781145942466 disk=35 all=45
06-11 10:45:43.425  6058  6058 I TerrainLayer: processPendingUploads #1 queue=0 empty=0
06-11 10:45:43.426  6058  6212 I AndroidBridge: androidHttpGet: env=0xb400007a6f9b0120 gJniHttpHelperClass=0x30a6 gHttpGetMethod=0x1 url=https://webst01.is.autonavi.com/appmaptile?style=6&x=0&y=0&z=0
06-11 10:45:43.426  6058  6212 I JniHttpHelper: httpGet called: https://webst01.is.autonavi.com/appmaptile?style=6&x=0&y=0&z=0
06-11 10:45:43.427 19629 19687 I DMP-PowerUtils: isLowPower, battery:100, low power threshold:20
06-11 10:45:43.427 19629 19687 I DMP-AbstractWorkManager: createOneTimeWorkRequest for localApp, method: onReceive, workName: onReceiveWork done, workRequestId:f0c84ccd-edd0-4f46-8ec4-499177fd5b65, expedited:false
06-11 10:45:43.427 19629 19687 I DMP-AbstractWorkManager: createOneTimeWorkRequest for localApp, method: onReceive, workName: completeKeywordIndexWork done, workRequestId:949f82ac-f75b-4814-9e8e-9aca09f812c9, expedited:false
06-11 10:45:43.427 19629 19687 I DMP-PermissionUtil: isPermissionGranted, resource: standard_data#unified_service_invocation, basic: false
06-11 10:45:43.427 19629 19687 I DMP-PermissionUtil: unsupported resource or no permission required for resource: standard_data#unified_service_invocation
06-11 10:45:43.427 19629 19687 I DMP-Create: canCreate canCreate resource : standard_data#unified_service_invocation method : onReceive workName: onReceiveWork
06-11 10:45:43.427  6058  6058 I TerrainLayer:   visible: Geographic-TMS/3/0/0
06-11 10:45:43.427  6058  6058 I TerrainLayer:   visible: Geographic-TMS/3/1/0
06-11 10:45:43.427  6058  6058 I TerrainLayer:   visible: Geographic-TMS/3/0/1
06-11 10:45:43.427  6058  6058 I TerrainLayer:   visible: Geographic-TMS/3/1/1
06-11 10:45:43.427  6058  6058 I TerrainLayer:   visible: Geographic-TMS/3/2/0
06-11 10:45:43.427  6058  6058 I TerrainLayer:   visible: Geographic-TMS/3/3/0
06-11 10:45:43.427  6058  6058 I TerrainLayer:   visible: Geographic-TMS/3/2/1
06-11 10:45:43.427  6058  6058 I TerrainLayer:   visible: Geographic-TMS/3/3/1
06-11 10:45:43.427  6058  6058 I TerrainLayer:   visible: Geographic-TMS/3/1/2
06-11 10:45:43.427  6058  6058 I TerrainLayer:   visible: Geographic-TMS/3/1/3
06-11 10:45:43.427  6058  6058 I TerrainLayer:   visible: Geographic-TMS/3/2/2
06-11 10:45:43.427  6058  6058 I TerrainLayer:   visible: Geographic-TMS/3/3/2
06-11 10:45:43.427  6058  6058 I TerrainLayer:   visible: Geographic-TMS/3/2/3
06-11 10:45:43.427  6058  6058 I TerrainLayer:   visible: Geographic-TMS/3/3/3
06-11 10:45:43.427  6058  6058 I TerrainLayer:   visible: Geographic-TMS/3/4/0
06-11 10:45:43.427  6058  6058 I TerrainLayer:   visible: Geographic-TMS/3/5/0
06-11 10:45:43.428  6058  6058 I TerrainLayer:   visible: Geographic-TMS/3/5/1
06-11 10:45:43.428  6058  6058 I TerrainLayer:   visible: Geographic-TMS/3/6/0
06-11 10:45:43.428  6058  6058 I TerrainLayer:   visible: Geographic-TMS/3/7/0
06-11 10:45:43.428  6058  6058 I TerrainLayer:   visible: Geographic-TMS/3/1/4
06-11 10:45:43.428  6058  6058 I TerrainLayer:   visible: Geographic-TMS/3/1/5
06-11 10:45:43.428  6058  6058 I TerrainLayer:   visible: Geographic-TMS/3/2/4
06-11 10:45:43.428  6058  6058 I TerrainLayer:   visible: Geographic-TMS/3/3/4
06-11 10:45:43.428  6058  6058 I TerrainLayer:   visible: Geographic-TMS/3/2/5
06-11 10:45:43.428  6058  6058 I TerrainLayer:   visible: Geographic-TMS/3/3/5
06-11 10:45:43.428  6058  6058 I TerrainLayer:   visible: Geographic-TMS/11/1629/1358
06-11 10:45:43.428  6058  6058 I TerrainLayer:   visible: Geographic-TMS/11/1629/1359
06-11 10:45:43.428  6058  6058 I TerrainLayer:   visible: Geographic-TMS/11/1630/1359
06-11 10:45:43.428  6058  6058 I TerrainLayer:   visible: Geographic-TMS/11/1629/1360
06-11 10:45:43.428  6058  6058 I TerrainLayer:   visible: Geographic-TMS/11/1629/1361
06-11 10:45:43.428  6058  6058 I TerrainLayer:   visible: Geographic-TMS/11/1630/1360
06-11 10:45:43.428  6058  6058 I TerrainLayer:   visible: Geographic-TMS/11/1630/1361
06-11 10:45:43.428  6058  6058 I TerrainLayer:   visible: Geographic-TMS/11/1629/1362
06-11 10:45:43.428  6058  6058 I TerrainLayer:   visible: Geographic-TMS/11/1630/1362
06-11 10:45:43.428  6058  6058 I TerrainLayer:   visible: Geographic-TMS/11/1630/1363
06-11 10:45:43.428  1460  1493 W SeedlingShare: (com.oplus.games, assistant_mini_game_red_envelopes_switch_state) not in seeding shared white list.
06-11 10:45:43.428  6058  6225 I QMTerrain: httpGet ENTER: http://192.168.1.6:8091/11/1629/689.terrain
06-11 10:45:43.428  6058  6219 I QMTerrain: httpGet ENTER: http://192.168.1.6:8091/11/1629/688.terrain
06-11 10:45:43.428  6058  6219 I AndroidBridge: androidHttpGet: env=0xb400007a6f9b04a0 gJniHttpHelperClass=0x30a6 gHttpGetMethod=0x1 url=http://192.168.1.6:8091/11/1629/688.terrain
06-11 10:45:43.428  6058  6212 I DpmTcmClient: RegisterTcmMonitor from: $Proxy3
06-11 10:45:43.428  6058  6220 I QMTerrain: httpGet ENTER: http://192.168.1.6:8091/11/1630/688.terrain
06-11 10:45:43.428  6058  6219 I JniHttpHelper: httpGet called: http://192.168.1.6:8091/11/1629/688.terrain
06-11 10:45:43.429  6058  6058 I GLES    : submit #1: 2 commands, glError=0
06-11 10:45:43.429  6058  6220 I AndroidBridge: androidHttpGet: env=0xb400007a7da11300 gJniHttpHelperClass=0x30a6 gHttpGetMethod=0x1 url=http://192.168.1.6:8091/11/1630/688.terrain
06-11 10:45:43.429  6058  6220 I JniHttpHelper: httpGet called: http://192.168.1.6:8091/11/1630/688.terrain
06-11 10:45:43.430  6058  6221 I QMTerrain: httpGet ENTER: http://192.168.1.6:8091/11/1629/687.terrain
06-11 10:45:43.430  1460  1493 W AppInfo : AppInfo create Uri content://com.nearme.instant.platform.res/com.coloros.gamespaceui.quickapp.guide/manifest.json
06-11 10:45:43.430  6058  6221 I AndroidBridge: androidHttpGet: env=0xb400007a6f9b0820 gJniHttpHelperClass=0x30a6 gHttpGetMethod=0x1 url=http://192.168.1.6:8091/11/1629/687.terrain
06-11 10:45:43.430  6058  6221 I JniHttpHelper: httpGet called: http://192.168.1.6:8091/11/1629/687.terrain
06-11 10:45:43.430  6058  6222 I QMTerrain: httpGet ENTER: http://192.168.1.6:8091/11/1629/686.terrain
06-11 10:45:43.430  6058  6222 I AndroidBridge: androidHttpGet: env=0xb400007a7da11680 gJniHttpHelperClass=0x30a6 gHttpGetMethod=0x1 url=http://192.168.1.6:8091/11/1629/686.terrain
06-11 10:45:43.431  3189  3251 D WindowManager: NFW_findFocusedWindowIfNeeded:Window{d658020 u0 com.earthengine.minimalglobe/com.earthengine.minimalglobe.MainActivity} mCurrentFocus:Window{d658020 u0 com.earthengine.minimalglobe/com.earthengine.minimalglobe.MainActivity}
06-11 10:45:43.431  3189  3251 D WindowManager: NFW_findFocusedWindowIfNeeded:null mCurrentFocus:null
06-11 10:45:43.431  3189  3252 D DisplayModeDirector: setAppRequest displayId : 4  modeId: 0  requestedRefreshRate: 0.0  requestedMinRefreshRateRange: 0.0  requestedMaxRefreshRateRange: 0.0
06-11 10:45:43.430  6058  6222 I JniHttpHelper: httpGet called: http://192.168.1.6:8091/11/1629/686.terrain
06-11 10:45:43.432  6058  6058 D BLASTBufferQueue: [ae19f80 SurfaceView[com.earthengine.minimalglobe/com.earthengine.minimalglobe.MainActivity]#1](f:0,a:1) acquireNextBufferLocked size=1240x2772 mFrameNumber=1 applyTransaction=true mTimestamp=201437153884197(auto) mPendingTransactions.size=0 graphicBufferId=26018911879169 transform=0
06-11 10:45:43.432  6058  6058 I MinimalGlobe: Frame 1 | tiles vis=41 cached=0 renderSurface=0 mesh=0 (terr=0 ellip=0 ready=0 terrParent=0 terrTrans=0) attach=0 exact=0 parent=0 stale=0 missingGen=0 | missing=25 unsupported=16 kicked=0 retained=0 visZ=2-11 targetZ=0-0 texZ=0-0 lod=512 eq=1 qRender=41 qWalk=64 qFrustum=79 qFade=0 qBal=0 qHz=35 qEq2=0 grp=25/0/16 gen=0 | sun=(0.03,0.93,0.36) | FPS=6.0 draw=2
06-11 10:45:43.434  3189  3252 I WindowManager: Window{d658020 u0 com.earthengine.minimalglobe/com.earthengine.minimalglobe.MainActivity} state from COMMIT_DRAW_PENDING to READY_TO_SHOW; reason: commitFinishDrawingLocked
06-11 10:45:43.434  3189  3252 D CoreBackPreview:  return markWindowHasDrawn mComposed: false  mWaitTransition: false
06-11 10:45:43.434  3189  3252 D ActivityTaskManager: Finish StartingWindow: ActivityRecord{119005094 u0 com.earthengine.minimalglobe/.MainActivity t2810}first real window is shown
06-11 10:45:43.434  6058  6058 W VRI[MainActivity]: handleResized, msg:, frameChanged:false, configChanged:false, displayChanged:false, attachedFrameChanged:false, compatScaleChanged:false, pendingDragResizing=false
06-11 10:45:43.434  3189  3252 D ActivityTaskManager: removeStartingWindowAnimation starting ActivityRecord{119005094 u0 com.earthengine.minimalglobe/.MainActivity t2810} startingWindow=null ,startingView=com.android.server.wm.StartingSurfaceController$StartingSurface@325db36,Callers=com.android.server.wm.ActivityRecord.removeStartingWindow:3386 com.android.server.wm.ActivityRecord.onFirstWindowDrawn:8055 com.android.server.wm.WindowState.performShowLocked:4933 com.android.server.wm.WindowStateAnimator.commitFinishDrawingLocked:403 com.android.server.wm.DisplayContent.lambda$new$8:1154 
06-11 10:45:43.434  3189  3252 D OplusStartingWindowManager: interceptRemoveStartingWindow: packageName=com.earthengine.minimalglobe,  componentName=com.earthengine.minimalglobe/.MainActivity, isSnapshot=false, startingSurfaceRunnable=null, isDrawCompleted=false, hasSurfaceView=false, inTransition=false
06-11 10:45:43.434  3189  3252 D OplusSplitScreenDnDUI: notifyRemoveStartingWindow isSpitScreenDrag = false mDropTargetSurface = null StartingWindowpkgName = com.earthengine.minimalglobe DragPkg = null isLauncherResume = false
06-11 10:45:43.434  3189  3252 D OplusStartingWindowManager: interceptRemoveStartingWindow: hasSplashWindowFlag() return false for activity=ActivityRecord{119005094 u0 com.earthengine.minimalglobe/.MainActivity t2810}
06-11 10:45:43.435  3189  3252 D WindowManager: setFrameRateStart invalid typeId return!
06-11 10:45:43.435  3189  3252 D TaskOrganizerController: TaskOrganizerController.removeStartingWindow: call wmshell to removeStartingWindow Task{b2329f5 #2810 type=standard A=10602:com.earthengine.minimalglobe}null
06-11 10:45:43.436  3189  3252 I Quality : LaunchTime2.0: com.earthengine.minimalglobe/.MainActivity 1 422 com.android.shell 81 164
06-11 10:45:43.436  3189  3252 D QuickBackInputPolicy: setAppLaunchEndTime update timePair=Pair{ActivityRecord{119005094 u0 com.earthengine.minimalglobe/.MainActivity t2810} 201437159}
06-11 10:45:43.436  6058  6058 I DynamicFramerate [FRTCConfigManager]: initFrameRateConfig: 
06-11 10:45:43.436  6058  6058 I DynamicFramerate [FRTCConfigManager]: 	levelsFor120hz: [120, 60]
06-11 10:45:43.436  6058  6058 I DynamicFramerate [FRTCConfigManager]: 	thresholdsFor120hz: [200]
06-11 10:45:43.436  6058  6058 I DynamicFramerate [FRTCConfigManager]: 	levelsFor90hz: [90]
06-11 10:45:43.436  6058  6058 I DynamicFramerate [FRTCConfigManager]: 	thresholdsFor90hz: []
06-11 10:45:43.436  3189  3252 I WindowManager: Window{d658020 u0 com.earthengine.minimalglobe/com.earthengine.minimalglobe.MainActivity} state from READY_TO_SHOW to HAS_DRAWN; reason: performShowLocked
06-11 10:45:43.437  6058  6058 I DynamicFramerate [FRTCConfigManager]: FRTCConfigManager: FRTC_CAPABILITY = 120, package name = com.earthengine.minimalglobe, WINDOW_ANIMATION_SPEED_RATE = 10, SCROLL_ANIMATION_SPEED_RATE = 20, PACKAGE_ENABLE = false
06-11 10:45:43.437  6058  6058 I DynamicFramerate [DynamicFrameRateController]: init info: mPackageName = com.earthengine.minimalglobe, mIsEnabled = false
06-11 10:45:43.437  3189  3252 D DisplayModeDirector: setAppRequest displayId : 0  modeId: 1  requestedRefreshRate: 0.0  requestedMinRefreshRateRange: 0.0  requestedMaxRefreshRateRange: 120.00001
06-11 10:45:43.437  3189  3252 D DisplayModeDirector: setAppRequest displayId : 4  modeId: 0  requestedRefreshRate: 0.0  requestedMinRefreshRateRange: 0.0  requestedMaxRefreshRateRange: 0.0
06-11 10:45:43.437  3189  3263 I system_server: AssetManager2(0xb4000078c7a2df28) locale list changing from [] to [zh-CN]
06-11 10:45:43.437  3189  4469 I OPM     : handleNotifyLaunchTime : com.earthengine.minimalglobe, :402
06-11 10:45:43.438  3189  3252 D DisplayModeDirector: setAppRequest displayId : 0  modeId: 1  requestedRefreshRate: 0.0  requestedMinRefreshRateRange: 0.0  requestedMaxRefreshRateRange: 120.00001
06-11 10:45:43.438 26764  6150 I WeatherS_AutoGetLocationService: onLocationResult, count:0
06-11 10:45:43.439 26764  6150 W WeatherS_AutoGetLocationService: onLocationResult, cityInfo is null!
06-11 10:45:43.439 26764  6150 I WeatherS_AbsLocationHelper: getLocalId begin :service lct. 
06-11 10:45:43.439 26764  6150 I WeatherS_AbsLocationHelper: dealWithLocalCity same location city, onlyUpdateWeather
06-11 10:45:43.439 26764  6150 I WeatherS_AbsLocationHelper: endWithResult(): result=0null
06-11 10:45:43.439  3189  3252 D CoreBackPreview:  return markWindowHasDrawn mComposed: false  mWaitTransition: false
06-11 10:45:43.440  6058  6058 I TerrainLayer: processPendingUploads #2 queue=0 empty=0
06-11 10:45:43.440  3189  3251 I AccessibilityWindowsPopulator: getInsensibleFlag flag = 0
06-11 10:45:43.441  6058  6223 I QMTerrain: httpGet ENTER: http://192.168.1.6:8091/11/1630/687.terrain
06-11 10:45:43.442  6058  6223 I AndroidBridge: androidHttpGet: env=0xb400007a6f9b0ba0 gJniHttpHelperClass=0x30a6 gHttpGetMethod=0x1 url=http://192.168.1.6:8091/11/1630/687.terrain
06-11 10:45:43.442  6058  6223 I JniHttpHelper: httpGet called: http://192.168.1.6:8091/11/1630/687.terrain
06-11 10:45:43.442  1460  1493 W PackageFilesValidator: isInvalidResource: AppDistributionMeta is null
06-11 10:45:43.443  4533 21771 I iopgp   : Iopgp: TRANSACTION_IOPGP_ON_ACTIVITY_LAUNCH_FINISHED sequence_id = 474 timestamp_nanos = 201437158724822
06-11 10:45:43.444  6058  6224 I QMTerrain: httpGet ENTER: http://192.168.1.6:8091/11/1630/686.terrain
06-11 10:45:43.444  1699  2174 I SDM     : CommitProcessLayer():889 Checksum for layer 5503 is: 0
06-11 10:45:43.444  1699  2174 W SDM     : HDRIntfClient::GenerateLuts: Unsupported LUT type = 4 for game layer
06-11 10:45:43.444  1699  3230 I Dpps    : DppsServer::HandleDppsClientEvent():1193 Incoming message on client fd 126: 'Ltm:ConstantAls:Primary:0'
06-11 10:45:43.444  6058  6224 I AndroidBridge: androidHttpGet: env=0xb400007a7da11a00 gJniHttpHelperClass=0x30a6 gHttpGetMethod=0x1 url=http://192.168.1.6:8091/11/1630/686.terrain
06-11 10:45:43.444  6058  6224 I JniHttpHelper: httpGet called: http://192.168.1.6:8091/11/1630/686.terrain
06-11 10:45:43.444  6058  6213 I QMTerrain: httpGet ENTER: http://192.168.1.6:8091/11/1629/685.terrain
06-11 10:45:43.445  6058  6213 I AndroidBridge: androidHttpGet: env=0xb400007a6f9b0f20 gJniHttpHelperClass=0x30a6 gHttpGetMethod=0x1 url=http://192.168.1.6:8091/11/1629/685.terrain
06-11 10:45:43.445  6058  6213 I JniHttpHelper: httpGet called: http://192.168.1.6:8091/11/1629/685.terrain
06-11 10:45:43.445  6058  6163 D VRI[MainActivity]: Received frameCommittedCallback lastAttemptedDrawFrameNum=2 didProduceBuffer=false syncBuffer=false
06-11 10:45:43.445  6058  6225 I AndroidBridge: androidHttpGet: env=0xb400007a7da11d80 gJniHttpHelperClass=0x30a6 gHttpGetMethod=0x1 url=http://192.168.1.6:8091/11/1629/689.terrain
06-11 10:45:43.445  6058  6225 I JniHttpHelper: httpGet called: http://192.168.1.6:8091/11/1629/689.terrain
06-11 10:45:43.445  6058  6058 D VRI[MainActivity]: draw finished. seqId=0
06-11 10:45:43.446  3189  5915 I InputDispatcher: updateFocusedWindow, d658020 com.earthengine.minimalglobe/com.earthengine.minimalglobe.MainActivity on display 0, reason: Window became focusable. Previous reason: NOT_VISIBLE, result:   FocusedWindows:
06-11 10:45:43.446  3189  5915 I InputDispatcher:     displayId=0, name='d658020 com.earthengine.minimalglobe/com.earthengine.minimalglobe.MainActivity'
06-11 10:45:43.446  6058  6058 D VRI[MainActivity]: onFocusEvent true
06-11 10:45:43.446  3189  3251 I AccessibilityWindowsPopulator: getInsensibleFlag flag = 0
06-11 10:45:43.447  1699  3812 I Dpps    : DppsLtmClientImp::Reply():1142 Couldn't reply to client 126, ret Try again
06-11 10:45:43.448  3189  3251 I AccessibilityWindowsPopulator: getInsensibleFlag flag = 0
06-11 10:45:43.450  6058  6058 I TerrainLayer: processPendingUploads #3 queue=0 empty=0
06-11 10:45:43.451  1877  1877 I ComposerExtn: SmoMoImpl::FrameIsEarly: no layer record found for layer 19346
06-11 10:45:43.451  1877  1877 I ComposerExtn: SmoMoImpl::SetPresentTime: no record found for layer 19346
06-11 10:45:43.451  1877  2189 I ComposerExtn: SmoMoImpl::InsertLayerBuffer: no record found for layer 19346
06-11 10:45:43.451  1877  2189 I ComposerExtn: SmoMoImpl::FrameIsLate: no layer record found for layer 19346
06-11 10:45:43.453  3189  3252 D DisplayModeDirector: setAppRequest displayId : 4  modeId: 0  requestedRefreshRate: 0.0  requestedMinRefreshRateRange: 0.0  requestedMaxRefreshRateRange: 0.0
06-11 10:45:43.455  3189  3252 D DisplayModeDirector: setAppRequest displayId : 0  modeId: 1  requestedRefreshRate: 0.0  requestedMinRefreshRateRange: 0.0  requestedMaxRefreshRateRange: 120.00001
06-11 10:45:43.456 19629 19687 I DMP-Create: standard_data#unified_service_invocation isPersonaResourceOpen : false
06-11 10:45:43.456 19629 19687 I DMP-Create: IndexStatus CHECK: null
06-11 10:45:43.457  2362  2362 D tcmd    : DpmCom :there are 1 file descriptor(s) with events pending
06-11 10:45:43.457  2362  2362 D tcmd    : DpmCom : 1 events pending, handling 1 for 27
06-11 10:45:43.457  2362  2362 D tcmd    : DpmCom :fd '27' is processing events [callback:0x5f499dcb40, data:0xb400007864a65250]
06-11 10:45:43.457  2362  2362 D tcmd    : LipcTcmServerPollEventHandler fd 27 -> nfd 10
06-11 10:45:43.457  2362  2362 D tcmd    : DpmCom::addComEventHandler fd 10, ComEventCallback 0x0, void* 0xb400007864a65250, ComCloseCallback 0x5f499dcb48, events 1
06-11 10:45:43.457  2362  2362 D tcmd    : waiting on events (-1ms)
06-11 10:45:43.458  3189  3817 D InputMethodManagerService: isSecurity: attribute.packageName = com.earthengine.minimalglobe mCurMethodId = com.baidu.input_oppo/.ImeService isSecurity = false ( enable = true needShow = false inBlackList = false isExist = true )
06-11 10:45:43.458  3189  3817 I ImeTracker: com.earthengine.minimalglobe:8af47b: onRequestHide at ORIGIN_SERVER reason HIDE_UNSPECIFIED_WINDOW fromUser false
06-11 10:45:43.459 19629 19687 I DMP-SAUWorkConfigManager: sau work config not found
06-11 10:45:43.459  1877  1877 I ComposerExtn: SmoMoImpl::FrameIsEarly: no valid present time for layer 19346
06-11 10:45:43.462  3189  3248 I ActivityTaskManager: Displayed com.earthengine.minimalglobe/.MainActivity for user 0: +458ms
06-11 10:45:43.451  1460  1493 W AppInfo : app info parse uri fail. uri: content://com.nearme.instant.platform.res/com.coloros.gamespaceui.quickapp.guide/manifest.json##Throwable##java.io.FileNotFoundException: open failed: ENOENT (No such file or directory)
06-11 10:45:43.451  1460  1493 W AppInfo : 	at android.os.ParcelFileDescriptor.openInternal(ParcelFileDescriptor.java:356)
06-11 10:45:43.451  1460  1493 W AppInfo : 	at android.os.ParcelFileDescriptor.open(ParcelFileDescriptor.java:233)
06-11 10:45:43.451  1460  1493 W AppInfo : 	at org.hapjs.cache.CacheProvider.doOpenFile(SourceFile:56)
06-11 10:45:43.451  1460  1493 W AppInfo : 	at org.hapjs.AbstractContentProvider.openFile(SourceFile:4)
06-11 10:45:43.451  1460  1493 W AppInfo : 	at android.content.ContentProvider.openAssetFile(ContentProvider.java:2326)
06-11 10:45:43.451  1460  1493 W AppInfo : 	at org.hapjs.AbstractContentProvider.doOpenAssetFile(SourceFile:1)
06-11 10:45:43.451  1460  1493 W AppInfo : 	at org.hapjs.cache.CacheProvider.doOpenAssetFile(SourceFile:74)
06-11 10:45:43.451  1460  1493 W AppInfo : 	at org.hapjs.AbstractContentProvider.openAssetFile(SourceFile:4)
06-11 10:45:43.451  1460  1493 W AppInfo : 	at android.content.ContentProvider.openTypedAssetFile(ContentProvider.java:2504)
06-11 10:45:43.451  1460  1493 W AppInfo : 	at android.content.ContentProvider.openTypedAssetFile(ContentProvider.java:2571)
06-11 10:45:43.451  1460  1493 W AppInfo : 	at android.content.ContentProvider$Transport.openTypedAssetFile(ContentProvider.java:692)
06-11 10:45:43.451  1460  1493 W AppInfo : 	at android.content.ContentResolver.openTypedAssetFileDescriptor(ContentResolver.java:2097)
06-11 10:45:43.451  1460  1493 W AppInfo : 	at android.content.ContentResolver.openAssetFileDescriptor(ContentResolver.java:1912)
06-11 10:45:43.451  1460  1493 W AppInfo : 	at android.content.ContentResolver.openInputStream(ContentResolver.java:1582)
06-11 10:45:43.451  1460  1493 W AppInfo : 	at org.hapjs.model.AppInfo.fromUri(SourceFile:7)
06-11 10:45:43.451  1460  1493 W AppInfo : 	at org.hapjs.model.AppInfo.create(SourceFile:105)
06-11 10:45:43.451  1460  1493 W AppInfo : 	at org.hapjs.bridge.DefaultAppInfoProvider.create(SourceFile:1)
06-11 10:45:43.451  1460  1493 W AppInfo : 	at a.a.a.nl0.g(SourceFile:58)
06-11 10:45:43.451  1460  1493 W AppInfo : 	at a.a.a.nl0.e(SourceFile:2)
06-11 10:45:43.451  1460  1493 W AppInfo : 	at a.a.a.rp6.d(SourceFile:22)
06-11 10:45:43.451  1460  1493 W AppInfo : 	at a.a.a.rp6.c(SourceFile:52)
06-11 10:45:43.451  1460  1493 W AppInfo : 	at com.nearme.instant.card.SharedDataProvider.setOrUpdateSharedDataInner(SourceFile:48)
06-11 10:45:43.451  1460  1493 W AppInfo : 	at com.nearme.instant.card.SharedDataProvider.setOrUpdateSharedData(SourceFile:61)
06-11 10:45:43.451  1460  1493 W AppInfo : 	at com.nearme.instant.card.SharedDataProvider.doCall(SourceFile:46)
06-11 10:45:43.451  1460  1493 W AppInfo : 	at org.hapjs.AbstractContentProvider.call(SourceFile:4)
06-11 10:45:43.451  1460  1493 W AppInfo : 	at android.content.ContentProvider.call(ContentProvider.java:2773)
06-11 10:45:43.451  1460  1493 W AppInfo : 	at android.content.ContentProvider$Transport.call(ContentProvider.java:653)
06-11 10:45:43.451  1460  1493 W AppInfo : 	at android.content.ContentProviderNative.onTransact(ContentProviderNative.java:307)
06-11 10:45:43.451  1460  1493 W AppInfo : 	at android.os.Binder.execTransactInternal(Binder.java:1444)
06-11 10:45:43.451  1460  1493 W AppInfo : 	at android.os.Binder.execTransact(Binder.java:1378)
06-11 10:45:43.464  3189  3980 W SurfaceFlingerPuller: Failed to pull atom 150134 from surfaceflinger. Success is 0, binder status is EX_NONE
06-11 10:45:43.464  1460  1493 E PermissionVerifier: card rpk not exists
06-11 10:45:43.464  1460  1493 W PermissionVerifier: checkWritePermission writer: com.oplus.games not in rpk: com.coloros.gamespaceui.quickapp.guide allowed list
06-11 10:45:43.464  1460  1493 W SharedDataProvider: setOrUpdateSharedData no permissions!
06-11 10:45:43.464  1574  1616 E statsd  : Gauge Stats puller failed for tag: 150134 at 243340787758751
06-11 10:45:43.464 27947  1358 W GameSpaceUI.gs_DesktopCardServiceImpl: set assistant_mini_game_red_envelopes_switch_state = 1 success expire 86400000
06-11 10:45:43.465 27947  1358 I GameSpaceUI.TrackService: getPluginConfigAppId -1, currentPkgName: 
06-11 10:45:43.465  1877  2189 I ComposerExtn: SmoMoImpl::FrameIsLate: no valid present time for layer 19346
06-11 10:45:43.465  1574  1616 I statsd  : An anomaly (104840000001) (48)0x10000->10602[I] (48)0x20000->com.earthengine.minimalglobe[S] (48)0x30000->3[I]  has occurred! Informing subscribers.
06-11 10:45:43.465  3189  5915 I AccessibilityWindowsPopulator: getInsensibleFlag flag = 0
06-11 10:45:43.465  3189  5915 I AccessibilityWindowsPopulator: getInsensibleFlag flag = 0
06-11 10:45:43.467  3189  3825 I system_server: AssetManager2(0xb400007915b07528) locale list changing from [] to [zh-CN]
06-11 10:45:43.467  1877  1877 I ComposerExtn: SmoMoImpl::FrameIsEarly: no valid present time for layer 19346
06-11 10:45:43.469  3189  4853 I OplusAppSwitchManagerService: appswitch unregisterAppSwitchObserver pkgName = com.opos.ads_40375636 config = OplusAppSwitchConfig = {  observerFingerPrint = 44489987}
06-11 10:45:43.472  9206  9206 W bdoppoime_ImeService: onStartInput called, restarting = false, initialSelStart = -1, initialSelEnd = -1, inputType = 0, fieldId = 0, imeOptions = 0
06-11 10:45:43.472  9206  9558 W bdoppoime_ImeGlobalSettingsObserver: start init data statistics
06-11 10:45:43.472  9206  9558 W bdoppoime_ImeGlobalSettingsObserver: end init data statistics
06-11 10:45:43.472  9206  9206 W bdoppoime_ImeService: onEvaluateInputViewShownSuper, hardKeyboardHidden:2
06-11 10:45:43.473  9206  9206 W libc    : Access denied finding property "persist.sys.theme.status"
06-11 10:45:43.473  6058  6058 D InsetsController: hide(ime(), fromIme=false)
06-11 10:45:43.474  6058  6058 I ImeTracker: com.earthengine.minimalglobe:8af47b: onCancelled at PHASE_CLIENT_ALREADY_HIDDEN
06-11 10:45:43.474  3189  4438 D OplusHansManager : 3189/1000 to 12770/10237 | com.android.internal.app.IAppOpsCallback | 1 reason default_unfreezeForKernel
06-11 10:45:43.474  5227  5900 W cdo_md5 : refresh app: md5 and sign: compute: Md5DbItem{pkgName='com.earthengine.minimalglobe', md5='4b7fb257cea1b0edc319b5e03527f284', status='1_1781145942351_1781145942208', signList=[87a169cd8380ae8de14037243e79661c]} ,cost: 594
06-11 10:45:43.475  3189  4147 D WindowManager: setFrameRateStart invalid typeId return!
06-11 10:45:43.475  3189  4147 I ImeTracker: system_server:358ad7ed: onRequestHide at ORIGIN_SERVER reason IME_REQUESTED_CHANGED_LISTENER fromUser false
06-11 10:45:43.475  3189  3817 I ImeTracker: system_server:358ad7ed: onCancelled at PHASE_SERVER_SHOULD_HIDE
06-11 10:45:43.475  3189  3252 D DisplayModeDirector: setAppRequest displayId : 4  modeId: 0  requestedRefreshRate: 0.0  requestedMinRefreshRateRange: 0.0  requestedMaxRefreshRateRange: 0.0
06-11 10:45:43.476  5227  5900 W market_check_upgrade: startCheckUpgrade: part app: [com.earthengine.minimalglobe] ,isCtaPass: true
06-11 10:45:43.476  3189  3252 D DisplayModeDirector: setAppRequest displayId : 0  modeId: 1  requestedRefreshRate: 0.0  requestedMinRefreshRateRange: 0.0  requestedMaxRefreshRateRange: 120.00001
06-11 10:45:43.478  9206  9206 W bdoppoime_ImeService: onStartInput called
06-11 10:45:43.478 19629 19687 I DMP-PowerUtils: getHoraeTemperature:36
06-11 10:45:43.478 19629 19687 I DMP-Dispatcher: create work Work{mWorkName=onReceiveWork, mWorkTerm=long, mReportId=false, mCreate=Create{mIndexStatus=null, mQueryTime=0, mInterval=0, mDeletedDocs=null, mNeedRebuildFlag=0, mIndexCheckFlag=false, mDrop=null, mHighTemperature=50, mMinPower=null, mScreen=null, mDeletedConditions=null}, mEntry=null, mMoreBatch=null, mChained=true, mInitialDelay=10, mWorkOneTimeLimit=0}, method = onReceive, create = 0
06-11 10:45:43.478 19629 19687 I DMP-Create: canCreate canCreate resource : standard_data#unified_service_invocation method : onReceive workName: completeKeywordIndexWork
06-11 10:45:43.478 19629 19687 I DMP-Create: standard_data#unified_service_invocation isPersonaResourceOpen : false
06-11 10:45:43.478 19629 19687 I DMP-Create: IndexStatus CHECK: null
06-11 10:45:43.479  8454  8173 I ContextAware_AppCardProcessor: [subscription2x4-launcher]no card, release not send
06-11 10:45:43.479  8454  8173 I ContextAware_AdvertisementManager: [sidebar]getCommerceAppsByCardName size:1
06-11 10:45:43.480  9206  9206 I bdoppoime_KbModeManager: isDockMode = false, isPipMode = false , modeChanged = false
06-11 10:45:43.481  9206  9206 W bdoppoime_ImeService: onEvaluateInputViewShownSuper, hardKeyboardHidden:2
06-11 10:45:43.481  9206  9206 W bdoppoime_SysInfo: getSysParam screenW = 1240, needExpandKeyboardToNotchArea = true
06-11 10:45:43.481  9206  9206 W bdoppoime_SysInfo: SysInfo.getSysParam: orientation=1||config d=560,w=1240,h=2577||metrics d=3.5, densityDpi =560||sdk=36,stausH=139||appScale=3.6, selfScacle=3.6, sysScale=3.5,isPadMode=false, boardw=1240, boardH=688, candH=154, boardL=18, boardR=1222, ver=8.5.302.640, oplusApiVersion=37, virtualHeight=0, realW=1240, realH=2772, lang=zh, region=CN, split=false, miniMapMode: 0, splitScreenLeftRect=null, inputWay: 0, isFoldExpand: false, CUID: D8440C-7B84F5-E910F0-3G34D5-9DEE5D-EE, isLuXunDevice : false, resCheck : false, turbo : false, skinInfoskin info : default default 0
06-11 10:45:43.484  8454  8173 I ContextAware_AppSidebarProcessor: [sidebar]process advApps: com.ss.android.ugc.aweme
06-11 10:45:43.484  3189  3253 D OplusWallpaperSurfaceAnimation: resetEnable curState: STARTED
06-11 10:45:43.484  3189  3253 D OplusWallpaperAnimationManager: onAnimationEnd
06-11 10:45:43.484  3189  3253 D OplusWallpaperAnimationManager: setSkipUpdateWallpaperPosition skip: false, wallpaper: Window{47b8a16 u0 com.android.wallpaper.livepicker.service.video.op.Udon1VideoWallpaper}
06-11 10:45:43.484  3189  3253 D OplusWallpaperSurfaceAnimation: setAnimationState curState: IDLE
06-11 10:45:43.487  5775  5775 V GraphicsEnvironment: Currently set values for:
06-11 10:45:43.487  5775  5775 V GraphicsEnvironment:   angle_gl_driver_selection_pkgs=[]
06-11 10:45:43.487  5775  5775 V GraphicsEnvironment:   angle_gl_driver_selection_values=[]
06-11 10:45:43.487  5775  5775 V GraphicsEnvironment: com.oplus.sau is not listed in per-application setting
06-11 10:45:43.487  5775  5775 V GraphicsEnvironment: ANGLE allowlist from config: 
06-11 10:45:43.487  5775  5775 V GraphicsEnvironment: com.oplus.sau is not listed in ANGLE allowlist or settings, returning default
06-11 10:45:43.488  8454  8173 I ContextAware_AppSidebarProcessor: [sidebar]SEND_APP_MESSAGE: resultApps=[AppInfo[pkg=com.ss.android.ugc.aweme, appType=3,iconSource=system, recallType=, deepLink=578,utrackClickUrl=2, utrackExposeUrl=2,icon=0, apiSource=9, typeCode=null, mode=0, advFinalScore=null,  routePage=0,title=null, subTitle=null, adSize=null,probability=0]], traceId: 3f9973f27a9848cebd2ccc582473405e-b39a1b762967400c8ce699448f82c6b1
06-11 10:45:43.490  1032  1032 I hwservicemanager: getTransport: Cannot find entry vendor.qti.hardware.iop@2.0::IIop/default in either framework or device VINTF manifest.
06-11 10:45:43.492  1460  1493 W SeedlingShare: (com.oplus.games, assistant_mini_game_red_envelopes_switch_state) not in seeding shared white list.
06-11 10:45:43.493  1460  1493 W AppInfo : AppInfo create Uri content://com.nearme.instant.platform.res/com.coloros.gamespaceui.quickapp.library/manifest.json
06-11 10:45:43.493  3189  3825 I system_server: AssetManager2(0xb400007915b07828) locale list changing from [] to [zh-CN]
06-11 10:45:43.493  1699  2174 D IRIS_LOG_SERV: panelReadWrite: type 255 set color matrix
06-11 10:45:43.493  1699  2116 D IRIS_LOG_SERV: InternalConfig: 191 0
06-11 10:45:43.493  1699  2116 D IRIS_LOG_SERV: InternalConfig: 191 0 ret: 0
06-11 10:45:43.494  5227  5886 W market_check_upgrade: type: 3 , checkUpgrade : old no ignore: 90
06-11 10:45:43.494  1032  1032 I hwservicemanager: getTransport: Cannot find entry vendor.qti.hardware.iop@2.0::IIop/default in either framework or device VINTF manifest.
06-11 10:45:43.501  1699  2174 D IRIS_LOG_SERV: panelReadWrite: type 255 set color matrix
06-11 10:45:43.501  1699  2116 D IRIS_LOG_SERV: InternalConfig: 191 0
06-11 10:45:43.501  1699  2116 D IRIS_LOG_SERV: InternalConfig: 191 0 ret: 0
06-11 10:45:43.504  3189  4610 D OplusAppSwitchRuleInfo: generateAppEnterInfo - launch_source_type =  , launch_source_traceid = 
06-11 10:45:43.504  3189  4610 D OplusAppSwitchRuleInfo: generateAppEnterInfo - launch_source_type =  , launch_source_traceid = 
06-11 10:45:43.504  9703 27353 I MSP-LOG-SDK-MspSdk: Sdk has initialized! version:2.0.1.14
06-11 10:45:43.504  3189  4610 D OplusAppSwitchRuleInfo: generateAppEnterInfo - launch_source_type =  , launch_source_traceid = 
06-11 10:45:43.504  4033  4056 V DCSEX-AppSwitchManager: OnAppSwitchObserver: onAppEnter, launchedFrom =  com.android.shell, target =  com.earthengine.minimalglobe, is firstStart =  true, is multiApp =  false, extensionInfo =  Bundle[mParcelledData.dataSize=996], launch_source_type =  , launch_source_traceid =  
06-11 10:45:43.504  3189  4610 D OplusAppSwitchRuleInfo: generateAppEnterInfo - launch_source_type =  , launch_source_traceid = 
06-11 10:45:43.504  3189  4610 D OplusAppSwitchRuleInfo: generateAppEnterInfo - launch_source_type =  , launch_source_traceid = 
06-11 10:45:43.504  3189  4610 D OplusAppSwitchRuleInfo: generateAppEnterInfo - launch_source_type =  , launch_source_traceid = 
06-11 10:45:43.504  9703 27360 I MSP-LOG-SDK-MspSdk: Sdk has initialized! version:2.0.1.14
06-11 10:45:43.504  3189  4853 I OplusAppSwitchStateDispatcher: unregisterAppSwitchObserver ok, pkgName = com.opos.ads info = OplusAppSwitchRuleInfo = {  observer = null observerFingerPrint = 44489987}
06-11 10:45:43.504  3189  4610 D OplusAppSwitchRuleInfo: generateActivityEnterInfo - launch_source_type =  , launch_source_traceid = 
06-11 10:45:43.505  4589  4678 I Athena  : AthenaDynamicReceiver: pre_app:com.android.launcher, next_app:com.earthengine.minimalglobe(10602|6058)
06-11 10:45:43.505  3189  4610 D OplusAppSwitchRuleInfo: generateActivityEnterInfo - launch_source_type =  , launch_source_traceid = 
06-11 10:45:43.505  8852  9153 D SmartSidebar.MetisProviderObserver: (Sidebar_HandlerThread)onChange() selfChange = false
06-11 10:45:43.505  8852  9153 D SmartSidebar.MetisProviderObserver: (Sidebar_HandlerThread)MetisProviderObserver changed
06-11 10:45:43.505  8852  9153 D SmartSidebar.MetisDataManager: (Sidebar_HandlerThread)updateData: querying provider, dataType=2
06-11 10:45:43.511  1574  1616 W statsd  : StatsPullerManager: Unknown tagId 150146
06-11 10:45:43.511  1574  1616 E statsd  : Gauge Stats puller failed for tag: 150146 at 243340831078490
06-11 10:45:43.511  1574  1616 I statsd  : An anomaly (119840000001) (100198)0x10000->com.earthengine.minimalglobe[S] (100198)0x20000->10602[I]  has occurred! Informing subscribers.
06-11 10:45:43.509  9703 27357 I MSP-LOG-SDK-MspSdk: Sdk has initialized! version:2.0.1.14
06-11 10:45:43.512 26764  6150 E WeatherS_PrivacyStatementExport: isAgreed1
06-11 10:45:43.512  9703 27360 E MSP-LOG-SDK-RateLimitManager: not_allow_invoke because of time_window_not_allow queue = [1781143250916], config = RateLimitConfig{maxCalls=1, timeWindowSeconds=21600, callIntervalSeconds=0}, ipcInvokeTimeQueueMapKey = com.heytap.nearx.tangramconfig.kit.client.ICloudCtrlServiceModule?@?56589?@?1?@?com.heytap.quicksearchbox, has already call 1 times in 21600 seconds before
06-11 10:45:43.512  9703 27360 E MSP-LOG-SDK-: MspSdkException{code=3014,message=com.heytap.mspsdk.ratelimit.MspRateLimitExceededException: ipc rate limit exceeded in time window}
06-11 10:45:43.512  9703 27360 E MSP-LOG-SDK-: 	at com.heytap.mspsdk.ratelimit.b.a(RateLimitInterceptor.java:54)
06-11 10:45:43.512  9703 27360 E MSP-LOG-SDK-: 	at com.heytap.mspsdk.interceptor.b.b(StandardListChain.java:32)
06-11 10:45:43.512  9703 27360 E MSP-LOG-SDK-: 	at com.heytap.mspsdk.proxy.b.a(CompatCheckInterceptor.java:182)
06-11 10:45:43.512  9703 27360 E MSP-LOG-SDK-: 	at com.heytap.mspsdk.interceptor.b.b(StandardListChain.java:32)
06-11 10:45:43.512  9703 27360 E MSP-LOG-SDK-: 	at com.heytap.mspsdk.proxy.e.invoke(InnerInvocationHandler.java:261)
06-11 10:45:43.512  9703 27360 E MSP-LOG-SDK-: 	at java.lang.reflect.Proxy.invoke(Proxy.java:1006)
06-11 10:45:43.512  9703 27360 E MSP-LOG-SDK-: 	at $Proxy31.getDynamicCondition(Unknown Source)
06-11 10:45:43.512  9703 27360 E MSP-LOG-SDK-: 	at com.heytap.nearx.tangramconfig.kit.client.KitProxy.getDynamicCondition$lambda$0(KitProxy.kt:25)
06-11 10:45:43.512  9703 27360 E MSP-LOG-SDK-: 	at com.heytap.nearx.tangramconfig.kit.client.KitProxy.b(KitProxy.kt:1)
06-11 10:45:43.512  9703 27360 E MSP-LOG-SDK-: 	at com.heytap.nearx.tangramconfig.kit.client.b.run(R8$$SyntheticClass:28)
06-11 10:45:43.512  9703 27360 E MSP-LOG-SDK-: 	at java.util.concurrent.ThreadPoolExecutor.runWorker(ThreadPoolExecutor.java:1156)
06-11 10:45:43.512  9703 27360 E MSP-LOG-SDK-: 	at java.util.concurrent.ThreadPoolExecutor$Worker.run(ThreadPoolExecutor.java:651)
06-11 10:45:43.512  9703 27360 E MSP-LOG-SDK-: 	at java.lang.Thread.run(Thread.java:1119)
06-11 10:45:43.513  3189  3949 D JobSchedulerServiceExtImpl: updateOsenseRestrictMode for 1 false false
06-11 10:45:43.513  3189  4244 I Osense-BaseDecisionMaker: notifySceneToAthenaPolicy: SCENE_ACTIVITY_IDLE, bundle: Bundle[{scene=SCENE_ACTIVITY_IDLE}]
06-11 10:45:43.514  3189  3251 W SettingsProvider: notifyForSettingsChange delay for eyeprotect_display_cct, value: 6865, delta: 0, lastNotifyTimestamp: 201437237, minInterval: 10
06-11 10:45:43.514 27947  1524 W GameSpaceUI.COSASDKManager: acquireCOSAAppInfoListFromCOSA: true,[n60.a@d856006, n60.a@fafe6c7, n60.a@b2014f4, n60.a@bc3741d, n60.a@b077692, n60.a@f3a2863, n60.a@3a38c60, n60.a@3a83519, n60.a@92269de, n60.a@f9ce7bf, n60.a@1250e8c, n60.a@37e09d5, n60.a@36745ea, n60.a@74240db, n60.a@b5a8778, n60.a@9a26e51, n60.a@b6bd6b6, n60.a@f1a0fb7, n60.a@d6ca324, n60.a@2ce9e8d, n60.a@456a842, n60.a@535f053, n60.a@a62cd90, n60.a@4139689, n60.a@b2b068e, n60.a@d253eaf, n60.a@c4f32bc, n60.a@8961245, n60.a@7d4fd9a, n60.a@a1116cb, n60.a@a3abea8, n60.a@f0a8dc1, n60.a@2f55966, n60.a@e9854a7, n60.a@d11d54, n60.a@2f144fd, n60.a@c6da5f2, n60.a@e6b9443, n60.a@9ccbac0, n60.a@d9233f9, n60.a@eac2f3e, n60.a@da9319f, n60.a@e22c2ec, n60.a@ab916b5, n60.a@ab8014a, n60.a@9f948bb, n60.a@eef21d8, n60.a@d316931, n60.a@8fce816, n60.a@969b597, n60.a@1208384, n60.a@f02676d, n60.a@ad76fa2, n60.a@b0a1433, n60.a@7e453f0, n60.a@96b0d69, n60.a@8e0e3ee, n60.a@547c08f, n60.a@9d2bf1c, n60.a@9e1725, n60.a@9fb50fa, n60.a@e09d6ab, n60.a@cdab108, n60.a@f3e00a1, n60.a@f1d82c6, n60.a@88d3287, n60.a@4edd5b4, n60.a@d9905dd, n60.a@fdf0552, n60.a@5007023, n60.a@16c9920, n60.a@a522d9, n60.a@3c4249e, n60.a@ddfeb7f, n60.a@552274c, n60.a@cbc1395, n60.a@449ecaa, n60.a@f11c09b, n60.a@6206c38, n60.a@8175411, n60.a@3b22976, n60.a@2c1cb77, n60.a@d8c13e4, n60.a@90c204d, n60.a@48f6702, n60.a@ffda813, n60.a@9e88a50, n60.a@c077449, n60.a@e10f14e, n60.a@710b26f, n60.a@953fb7c, n60.a@d4a0c05, n60.a@90ed45a, n60.a@7a0068b, n60.a@ba35368, n60.a@2646381, n60.a@1d5dc26, n60.a@c868067, n60.a@70e3e14]
06-11 10:45:43.516  3189  3825 I system_server: AssetManager2(0xb400007915b08428) locale list changing from [] to [zh-CN]
06-11 10:45:43.517  4650  4650 I SplitScreenManager: Attached Launcher#7e871e0 ON_STOP
06-11 10:45:43.518  3189  3265 I UserAwareMgr: handleAppChangedToBg, pkgName: com.android.launcher, pid: 4650
06-11 10:45:43.519 26764  6150 W WeatherS_ApkSignedCheck: checkCertificateWhiteList: not in inWhiteListcom.coloros.weather.service
06-11 10:45:43.519  4650  4650 I GCP.GroupCardWrapper[1781139090859]:  getView[gcSdk:v1.3.130-5a024cf,gcPlugin:v16.56.0-ff09c7f3] [OplusLauncher|com.android.launcher|2.0.44-25e9612]
06-11 10:45:43.519  4650  4650 D AnimSeqTimeStamp: resetLastLaunchTaskTime
06-11 10:45:43.519  3189  3251 D ActivityManager: Async freezing 20034 com.tencent.soter.soterserver
06-11 10:45:43.520  4650  4650 I ULEView : onVisibilityChanged : 4 [onVisibilityChanged view]: b6.g{5ae23e2 VFED..... ........ 0,0-522,583 #c8 alpha=1.0 viewInfo = } [SeedlingSdk|com.android.launcher|2.0.40-ebe132d]
06-11 10:45:43.521 27947  1524 I GameSpaceUI.AccessControlHelper: getAccessControlAppsInfo Success  accessApps: null
06-11 10:45:43.521 27947  1524 I GameSpaceUI.COSASDKManager: getManagerInfoListNoTimeOut_1781145943521 getPrintAppInfoString AppInfo{mPackageName='com.quark.browser', mType=7, mUserMarkType=-1}
06-11 10:45:43.521 27947  1524 I GameSpaceUI.COSASDKManager: getManagerInfoListNoTimeOut_1781145943521 getPrintAppInfoString AppInfo{mPackageName='com.wuba.zhuanzhuan', mType=7, mUserMarkType=-1}
06-11 10:45:43.521 27947  1524 I GameSpaceUI.COSASDKManager: getManagerInfoListNoTimeOut_1781145943521 getPrintAppInfoString AppInfo{mPackageName='com.ss.android.ugc.sicily_cm', mType=7, mUserMarkType=-1}
06-11 10:45:43.521 27947  1524 I GameSpaceUI.COSASDKManager: getManagerInfoListNoTimeOut_1781145943521 getPrintAppInfoString AppInfo{mPackageName='com.example.gnsssatdemo', mType=7, mUserMarkType=-1}
06-11 10:45:43.521 27947  1524 I GameSpaceUI.COSASDKManager: getManagerInfoListNoTimeOut_1781145943521 getPrintAppInfoString AppInfo{mPackageName='com.example.findmapbox', mType=7, mUserMarkType=-1}
06-11 10:45:43.521 27947  1524 I GameSpaceUI.COSASDKManager: getManagerInfoListNoTimeOut_1781145943521 getPrintAppInfoString AppInfo{mPackageName='com.finshell.wallet', mType=7, mUserMarkType=-1}
06-11 10:45:43.522 27947  1524 I GameSpaceUI.COSASDKManager: getManagerInfoListNoTimeOut_1781145943521 getPrintAppInfoString AppInfo{mPackageName='com.tmri.app.main', mType=7, mUserMarkType=-1}
06-11 10:45:43.522 27947  1524 I GameSpaceUI.COSASDKManager: getManagerInfoListNoTimeOut_1781145943521 getPrintAppInfoString AppInfo{mPackageName='com.sankuai.meituan', mType=7, mUserMarkType=-1}
06-11 10:45:43.522 27947  1524 I GameSpaceUI.COSASDKManager: getManagerInfoListNoTimeOut_1781145943521 getPrintAppInfoString AppInfo{mPackageName='com.youku.phone', mType=7, mUserMarkType=-1}
06-11 10:45:43.522 27947  1524 I GameSpaceUI.COSASDKManager: getManagerInfoListNoTimeOut_1781145943521 getPrintAppInfoString AppInfo{mPackageName='air.tv.douyu.android', mType=7, mUserMarkType=-1}
06-11 10:45:43.522 27947  1524 I GameSpaceUI.COSASDKManager: getManagerInfoListNoTimeOut_1781145943521 getPrintAppInfoString AppInfo{mPackageName='com.sinovatech.unicom.ui', mType=7, mUserMarkType=-1}
06-11 10:45:43.522 27947  1524 I GameSpaceUI.COSASDKManager: getManagerInfoListNoTimeOut_1781145943521 getPrintAppInfoString AppInfo{mPackageName='com.luna.music', mType=7, mUserMarkType=-1}
06-11 10:45:43.522 27947  1524 I GameSpaceUI.COSASDKManager: getManagerInfoListNoTimeOut_1781145943521 getPrintAppInfoString AppInfo{mPackageName='com.sohu.inputmethod.sogouoem', mType=7, mUserMarkType=-1}
06-11 10:45:43.522 27947  1524 I GameSpaceUI.COSASDKManager: getManagerInfoListNoTimeOut_1781145943521 getPrintAppInfoString AppInfo{mPackageName='com.future.landscape', mType=7, mUserMarkType=-1}
06-11 10:45:43.522 27947  1524 I GameSpaceUI.COSASDKManager: getManagerInfoListNoTimeOut_1781145943521 getPrintAppInfoString AppInfo{mPackageName='com.phoenix.read', mType=7, mUserMarkType=-1}
06-11 10:45:43.522 27947  1524 I GameSpaceUI.COSASDKManager: getManagerInfoListNoTimeOut_1781145943521 getPrintAppInfoString AppInfo{mPackageName='com.relax.calm.and', mType=7, mUserMarkType=-1}
06-11 10:45:43.522 27947  1524 I GameSpaceUI.COSASDKManager: getManagerInfoListNoTimeOut_1781145943521 getPrintAppInfoString AppInfo{mPackageName='com.ss.android.ugc.aweme.lite', mType=7, mUserMarkType=-1}
06-11 10:45:43.522 27947  1524 I GameSpaceUI.COSASDKManager: getManagerInfoListNoTimeOut_1781145943521 getPrintAppInfoString AppInfo{mPackageName='com.baidu.carlife.oppo', mType=7, mUserMarkType=-1}
06-11 10:45:43.522 27947  1524 I GameSpaceUI.COSASDKManager: getManagerInfoListNoTimeOut_1781145943521 getPrintAppInfoString AppInfo{mPackageName='space.xinzhi.flutterseek', mType=7, mUserMarkType=-1}
06-11 10:45:43.522 27947  1524 I GameSpaceUI.COSASDKManager: getManagerInfoListNoTimeOut_1781145943521 getPrintAppInfoString AppInfo{mPackageName='cmb.pb', mType=7, mUserMarkType=-1}
06-11 10:45:43.522 27947  1524 I GameSpaceUI.COSASDKManager: getManagerInfoListNoTimeOut_1781145943521 getPrintAppInfoString AppInfo{mPackageName='com.earth.bdspace', mType=7, mUserMarkType=-1}
06-11 10:45:43.522 27947  1524 I GameSpaceUI.COSASDKManager: getManagerInfoListNoTimeOut_1781145943521 getPrintAppInfoString AppInfo{mPackageName='com.aliyun.tongyi', mType=7, mUserMarkType=-1}
06-11 10:45:43.522 27947  1524 I GameSpaceUI.COSASDKManager: getManagerInfoListNoTimeOut_1781145943521 getPrintAppInfoString AppInfo{mPackageName='com.MobileTicket', mType=7, mUserMarkType=-1}
06-11 10:45:43.522 27947  1524 I GameSpaceUI.COSASDKManager: getManagerInfoListNoTimeOut_1781145943521 getPrintAppInfoString AppInfo{mPackageName='com.xingin.xhs', mType=7, mUserMarkType=-1}
06-11 10:45:43.522 27947  1524 I GameSpaceUI.COSASDKManager: getManagerInfoListNoTimeOut_1781145943521 getPrintAppInfoString AppInfo{mPackageName='com.tencent.mm', mType=7, mUserMarkType=-1}
06-11 10:45:43.522 27947  1524 I GameSpaceUI.COSASDKManager: getManagerInfoListNoTimeOut_1781145943521 getPrintAppInfoString AppInfo{mPackageName='com.chinamworld.bocmbci', mType=7, mUserMarkType=-1}
06-11 10:45:43.522 27947  1524 I GameSpaceUI.COSASDKManager: getManagerInfoListNoTimeOut_1781145943521 getPrintAppInfoString AppInfo{mPackageName='com.tencent.android.qqdownloader', mType=7, mUserMarkType=-1}
06-11 10:45:43.522 27947  1524 I GameSpaceUI.COSASDKManager: getManagerInfoListNoTimeOut_1781145943521 getPrintAppInfoString AppInfo{mPackageName='com.pingan.paces.ccms', mType=7, mUserMarkType=-1}
06-11 10:45:43.522 27947  1524 I GameSpaceUI.COSASDKManager: getManagerInfoListNoTimeOut_1781145943521 getPrintAppInfoString AppInfo{mPackageName='com.nqsky.rmad.dizhiyun', mType=7, mUserMarkType=-1}
06-11 10:45:43.522 27947  1524 I GameSpaceUI.COSASDKManager: getManagerInfoListNoTimeOut_1781145943521 getPrintAppInfoString AppInfo{mPackageName='com.mcswscdtnov.map', mType=7, mUserMarkType=-1}
06-11 10:45:43.522 27947  1524 I GameSpaceUI.COSASDKManager: getManagerInfoListNoTimeOut_1781145943521 getPrintAppInfoString AppInfo{mPackageName='com.baidu.searchbox', mType=7, mUserMarkType=-1}
06-11 10:45:43.522 27947  1524 I GameSpaceUI.COSASDKManager: getManagerInfoListNoTimeOut_1781145943521 getPrintAppInfoString AppInfo{mPackageName='com.wuba', mType=7, mUserMarkType=-1}
06-11 10:45:43.522 27947  1524 I GameSpaceUI.COSASDKManager: getManagerInfoListNoTimeOut_1781145943521 getPrintAppInfoString AppInfo{mPackageName='com.deepseek.chat', mType=7, mUserMarkType=-1}
06-11 10:45:43.522 27947  1524 I GameSpaceUI.COSASDKManager: getManagerInfoListNoTimeOut_1781145943521 getPrintAppInfoString AppInfo{mPackageName='com.cat.readall', mType=7, mUserMarkType=-1}
06-11 10:45:43.522 27947  1524 I GameSpaceUI.COSASDKManager: getManagerInfoListNoTimeOut_1781145943521 getPrintAppInfoString AppInfo{mPackageName='com.future.compass', mType=7, mUserMarkType=-1}
06-11 10:45:43.524  4650  4856 I ImeTracker: com.android.launcher:ce487e20: onRequestHide at ORIGIN_CLIENT reason HIDE_SOFT_INPUT fromUser false
06-11 10:45:43.524  4650  4856 I ImeTracker: com.android.launcher:ce487e20: onFailed at PHASE_CLIENT_VIEW_SERVED
06-11 10:45:43.524  1667 15952 I sensors-hal: handle_oplus_wise_rgb_event:230, wise_rgb:algo_type = 3
06-11 10:45:43.525  1667 15952 I sensors-hal: handle_oplus_wise_rgb_event:285, wise_rgb: raw_lux 482.599365, raw_cct 6301.833008, r/g/b/c: 39220.058594/34361.972656/19370.031250/86578.578125, R/G/B: 0.000000/0.000000/0.000000, brl 1529.000000, lux: 482.599365, cct: 6301.833008, ts 243340843037770, cnt 7371
06-11 10:45:43.522 27947  1524 I GameSpaceUI.COSASDKManager: getManagerInfoListNoTimeOut_1781145943521 getPrintAppInfoString AppInfo{mPackageName='com.HaoTuBang.H3DBodyFree', mType=7, mUserMarkType=-1}
06-11 10:45:43.525 27947  1524 I GameSpaceUI.COSASDKManager: getManagerInfoListNoTimeOut_1781145943521 getPrintAppInfoString AppInfo{mPackageName='com.jdcar.jch', mType=7, mUserMarkType=-1}
06-11 10:45:43.525 27947  1524 I GameSpaceUI.COSASDKManager: getManagerInfoListNoTimeOut_1781145943521 getPrintAppInfoString AppInfo{mPackageName='cn.wps.moffice.lite', mType=7, mUserMarkType=-1}
06-11 10:45:43.525 27947  1524 I GameSpaceUI.COSASDKManager: getManagerInfoListNoTimeOut_1781145943521 getPrintAppInfoString AppInfo{mPackageName='com.redteamobile.roaming', mType=7, mUserMarkType=-1}
06-11 10:45:43.525 27947  1524 I GameSpaceUI.COSASDKManager: getManagerInfoListNoTimeOut_1781145943521 getPrintAppInfoString AppInfo{mPackageName='com.tencent.map', mType=7, mUserMarkType=-1}
06-11 10:45:43.525 27947  1524 I GameSpaceUI.COSASDKManager: getManagerInfoListNoTimeOut_1781145943521 getPrintAppInfoString AppInfo{mPackageName='com.xunmeng.pinduoduo', mType=7, mUserMarkType=-1}
06-11 10:45:43.525 27947  1524 I GameSpaceUI.COSASDKManager: getManagerInfoListNoTimeOut_1781145943521 getPrintAppInfoString AppInfo{mPackageName='com.lolaage.tbulu.tools', mType=7, mUserMarkType=-1}
06-11 10:45:43.525 27947  1524 I GameSpaceUI.COSASDKManager: getManagerInfoListNoTimeOut_1781145943521 getPrintAppInfoString AppInfo{mPackageName='com.tencent.wework', mType=7, mUserMarkType=-1}
06-11 10:45:43.526 27947  1524 I GameSpaceUI.COSASDKManager: getManagerInfoListNoTimeOut_1781145943521 getPrintAppInfoString AppInfo{mPackageName='com.ss.android.ugc.livelite', mType=7, mUserMarkType=-1}
06-11 10:45:43.526 27947  1524 I GameSpaceUI.COSASDKManager: getManagerInfoListNoTimeOut_1781145943521 getPrintAppInfoString AppInfo{mPackageName='cn.danatech.xingseapp', mType=7, mUserMarkType=-1}
06-11 10:45:43.526 27947  1524 I GameSpaceUI.COSASDKManager: getManagerInfoListNoTimeOut_1781145943521 getPrintAppInfoString AppInfo{mPackageName='com.ss.android.article.news', mType=7, mUserMarkType=-1}
06-11 10:45:43.526 27947  1524 I GameSpaceUI.COSASDKManager: getManagerInfoListNoTimeOut_1781145943521 getPrintAppInfoString AppInfo{mPackageName='com.android.chrome', mType=7, mUserMarkType=-1}
06-11 10:45:43.526 27947  1524 I GameSpaceUI.COSASDKManager: getManagerInfoListNoTimeOut_1781145943521 getPrintAppInfoString AppInfo{mPackageName='com.UCMobile', mType=7, mUserMarkType=-1}
06-11 10:45:43.526 27947  1524 I GameSpaceUI.COSASDKManager: getManagerInfoListNoTimeOut_1781145943521 getPrintAppInfoString AppInfo{mPackageName='com.yuanlue.sportnote', mType=7, mUserMarkType=-1}
06-11 10:45:43.526 27947  1524 I GameSpaceUI.COSASDKManager: getManagerInfoListNoTimeOut_1781145943521 getPrintAppInfoString AppInfo{mPackageName='com.earthengine.minimalglobe', mType=7, mUserMarkType=-1}
06-11 10:45:43.526 27947  1524 I GameSpaceUI.COSASDKManager: getManagerInfoListNoTimeOut_1781145943521 getPrintAppInfoString AppInfo{mPackageName='com.nearme.gamecenter', mType=7, mUserMarkType=-1}
06-11 10:45:43.526 27947  1524 I GameSpaceUI.COSASDKManager: getManagerInfoListNoTimeOut_1781145943521 getPrintAppInfoString AppInfo{mPackageName='com.ss.android.ugc.aweme', mType=7, mUserMarkType=-1}
06-11 10:45:43.526 27947  1524 I GameSpaceUI.COSASDKManager: getManagerInfoListNoTimeOut_1781145943521 getPrintAppInfoString AppInfo{mPackageName='com.tencent.mobileqq', mType=7, mUserMarkType=-1}
06-11 10:45:43.526 27947  1524 I GameSpaceUI.COSASDKManager: getManagerInfoListNoTimeOut_1781145943521 getPrintAppInfoString AppInfo{mPackageName='com.ss.android.auto', mType=7, mUserMarkType=-1}
06-11 10:45:43.526 27947  1524 I GameSpaceUI.COSASDKManager: getManagerInfoListNoTimeOut_1781145943521 getPrintAppInfoString AppInfo{mPackageName='com.ss.android.lark', mType=7, mUserMarkType=-1}
06-11 10:45:43.526 27947  1524 I GameSpaceUI.COSASDKManager: getManagerInfoListNoTimeOut_1781145943521 getPrintAppInfoString AppInfo{mPackageName='space.xinzhi.map', mType=7, mUserMarkType=-1}
06-11 10:45:43.526 27947  1524 I GameSpaceUI.COSASDKManager: getManagerInfoListNoTimeOut_1781145943521 getPrintAppInfoString AppInfo{mPackageName='com.ikang.official', mType=7, mUserMarkType=-1}
06-11 10:45:43.526 27947  1524 I GameSpaceUI.COSASDKManager: getManagerInfoListNoTimeOut_1781145943521 getPrintAppInfoString AppInfo{mPackageName='com.leihuokeji.qcshop_app', mType=7, mUserMarkType=-1}
06-11 10:45:43.526 27947  1524 I GameSpaceUI.COSASDKManager: getManagerInfoListNoTimeOut_1781145943521 getPrintAppInfoString AppInfo{mPackageName='com.ximalaya.ting.android', mType=7, mUserMarkType=-1}
06-11 10:45:43.526 27947  1524 I GameSpaceUI.COSASDKManager: getManagerInfoListNoTimeOut_1781145943521 getPrintAppInfoString AppInfo{mPackageName='cn.TuHu.android', mType=7, mUserMarkType=-1}
06-11 10:45:43.526 27947  1524 I GameSpaceUI.COSASDKManager: getManagerInfoListNoTimeOut_1781145943521 getPrintAppInfoString AppInfo{mPackageName='com.ovital.ovitalMap', mType=7, mUserMarkType=-1}
06-11 10:45:43.526 27947  1524 I GameSpaceUI.COSASDKManager: getManagerInfoListNoTimeOut_1781145943521 getPrintAppInfoString AppInfo{mPackageName='com.zhihu.android', mType=7, mUserMarkType=-1}
06-11 10:45:43.526 27947  1524 I GameSpaceUI.COSASDKManager: getManagerInfoListNoTimeOut_1781145943521 getPrintAppInfoString AppInfo{mPackageName='com.zsl.petalearth', mType=7, mUserMarkType=-1}
06-11 10:45:43.526 27947  1524 I GameSpaceUI.COSASDKManager: getManagerInfoListNoTimeOut_1781145943521 getPrintAppInfoString AppInfo{mPackageName='space.xinzhi.hiko', mType=7, mUserMarkType=-1}
06-11 10:45:43.526 27947  1524 I GameSpaceUI.COSASDKManager: getManagerInfoListNoTimeOut_1781145943521 getPrintAppInfoString AppInfo{mPackageName='com.dragon.read', mType=7, mUserMarkType=-1}
06-11 10:45:43.526 27947  1524 I GameSpaceUI.COSASDKManager: getManagerInfoListNoTimeOut_1781145943521 getPrintAppInfoString AppInfo{mPackageName='com.larus.nova', mType=7, mUserMarkType=-1}
06-11 10:45:43.526 27947  1524 I GameSpaceUI.COSASDKManager: getManagerInfoListNoTimeOut_1781145943521 getPrintAppInfoString AppInfo{mPackageName='com.coze.space', mType=7, mUserMarkType=-1}
06-11 10:45:43.526 27947  1524 I GameSpaceUI.COSASDKManager: getManagerInfoListNoTimeOut_1781145943521 getPrintAppInfoString AppInfo{mPackageName='com.jingdong.app.mall', mType=7, mUserMarkType=-1}
06-11 10:45:43.526 27947  1524 I GameSpaceUI.COSASDKManager: getManagerInfoListNoTimeOut_1781145943521 getPrintAppInfoString AppInfo{mPackageName='com.autonavi.minimap', mType=7, mUserMarkType=-1}
06-11 10:45:43.526 27947  1524 I GameSpaceUI.COSASDKManager: getManagerInfoListNoTimeOut_1781145943521 getPrintAppInfoString AppInfo{mPackageName='com.citiccard.mobilebank', mType=7, mUserMarkType=-1}
06-11 10:45:43.526 27947  1524 I GameSpaceUI.COSASDKManager: getManagerInfoListNoTimeOut_1781145943521 getPrintAppInfoString AppInfo{mPackageName='com.taobao.idlefish', mType=7, mUserMarkType=-1}
06-11 10:45:43.526 27947  1524 I GameSpaceUI.COSASDKManager: getManagerInfoListNoTimeOut_1781145943521 getPrintAppInfoString AppInfo{mPackageName='tech.xiaoxiang.emily', mType=7, mUserMarkType=-1}
06-11 10:45:43.526 27947  1524 I GameSpaceUI.COSASDKManager: getManagerInfoListNoTimeOut_1781145943521 getPrintAppInfoString AppInfo{mPackageName='com.sohu.newsclient', mType=7, mUserMarkType=-1}
06-11 10:45:43.526 27947  1524 I GameSpaceUI.COSASDKManager: getManagerInfoListNoTimeOut_1781145943521 getPrintAppInfoString AppInfo{mPackageName='space.xinzhi.cloud', mType=7, mUserMarkType=-1}
06-11 10:45:43.526 27947  1524 I GameSpaceUI.COSASDKManager: getManagerInfoListNoTimeOut_1781145943521 getPrintAppInfoString AppInfo{mPackageName='space.xinzhi.globe', mType=7, mUserMarkType=-1}
06-11 10:45:43.526 27947  1524 I GameSpaceUI.COSASDKManager: getManagerInfoListNoTimeOut_1781145943521 getPrintAppInfoString AppInfo{mPackageName='com.alibaba.android.rimet', mType=7, mUserMarkType=-1}
06-11 10:45:43.526 27947  1524 I GameSpaceUI.COSASDKManager: getManagerInfoListNoTimeOut_1781145943521 getPrintAppInfoString AppInfo{mPackageName='com.kmxs.reader', mType=7, mUserMarkType=-1}
06-11 10:45:43.526 27947  1524 I GameSpaceUI.COSASDKManager: getManagerInfoListNoTimeOut_1781145943521 getPrintAppInfoString AppInfo{mPackageName='com.autonavi.gxdtaojin', mType=7, mUserMarkType=-1}
06-11 10:45:43.526 27947  1524 I GameSpaceUI.COSASDKManager: getManagerInfoListNoTimeOut_1781145943521 getPrintAppInfoString AppInfo{mPackageName='space.xinzhi.fishing', mType=7, mUserMarkType=-1}
06-11 10:45:43.526 27947  1524 I GameSpaceUI.COSASDKManager: getManagerInfoListNoTimeOut_1781145943521 getPrintAppInfoString AppInfo{mPackageName='com.moji.mjweather', mType=7, mUserMarkType=-1}
06-11 10:45:43.526 27947  1524 I GameSpaceUI.COSASDKManager: getManagerInfoListNoTimeOut_1781145943521 getPrintAppInfoString AppInfo{mPackageName='com.android.email', mType=7, mUserMarkType=-1}
06-11 10:45:43.526 27947  1524 I GameSpaceUI.COSASDKManager: getManagerInfoListNoTimeOut_1781145943521 getPrintAppInfoString AppInfo{mPackageName='com.sina.weibo', mType=7, mUserMarkType=-1}
06-11 10:45:43.526 27947  1524 I GameSpaceUI.COSASDKManager: getManagerInfoListNoTimeOut_1781145943521 getPrintAppInfoString AppInfo{mPackageName='com.topgether.sixfoot', mType=7, mUserMarkType=-1}
06-11 10:45:43.527 27947  1524 I GameSpaceUI.COSASDKManager: getManagerInfoListNoTimeOut_1781145943521 getPrintAppInfoString AppInfo{mPackageName='com.lianjia.beike', mType=7, mUserMarkType=-1}
06-11 10:45:43.527 27947  1524 I GameSpaceUI.COSASDKManager: getManagerInfoListNoTimeOut_1781145943521 getPrintAppInfoString AppInfo{mPackageName='com.azure.authenticator', mType=7, mUserMarkType=-1}
06-11 10:45:43.527 27947  1524 I GameSpaceUI.COSASDKManager: getManagerInfoListNoTimeOut_1781145943521 getPrintAppInfoString AppInfo{mPackageName='com.smile.gifmaker', mType=7, mUserMarkType=-1}
06-11 10:45:43.527 27947  1524 I GameSpaceUI.COSASDKManager: getManagerInfoListNoTimeOut_1781145943521 getPrintAppInfoString AppInfo{mPackageName='cn.soulapp.android', mType=7, mUserMarkType=-1}
06-11 10:45:43.527 27947  1524 I GameSpaceUI.COSASDKManager: getManagerInfoListNoTimeOut_1781145943521 getPrintAppInfoString AppInfo{mPackageName='com.zdbq.ljtq.ljweather', mType=7, mUserMarkType=-1}
06-11 10:45:43.527 27947  1524 I GameSpaceUI.COSASDKManager: getManagerInfoListNoTimeOut_1781145943521 getPrintAppInfoString AppInfo{mPackageName='com.ss.android.article.video', mType=7, mUserMarkType=-1}
06-11 10:45:43.527 27947  1524 I GameSpaceUI.COSASDKManager: getManagerInfoListNoTimeOut_1781145943521 getPrintAppInfoString AppInfo{mPackageName='com.baidu.netdisk', mType=7, mUserMarkType=-1}
06-11 10:45:43.527 27947  1524 I GameSpaceUI.COSASDKManager: getManagerInfoListNoTimeOut_1781145943521 getPrintAppInfoString AppInfo{mPackageName='com.ss.android.ugc.aweme.hubble', mType=7, mUserMarkType=-1}
06-11 10:45:43.527 27947  1524 I GameSpaceUI.COSASDKManager: getManagerInfoListNoTimeOut_1781145943521 getPrintAppInfoString AppInfo{mPackageName='com.ss.android.yumme.video', mType=7, mUserMarkType=-1}
06-11 10:45:43.527 27947  1524 I GameSpaceUI.COSASDKManager: getManagerInfoListNoTimeOut_1781145943521 getPrintAppInfoString AppInfo{mPackageName='tv.danmaku.bili', mType=7, mUserMarkType=-1}
06-11 10:45:43.527 27947  1524 I GameSpaceUI.COSASDKManager: getManagerInfoListNoTimeOut_1781145943521 getPrintAppInfoString AppInfo{mPackageName='com.eg.android.AlipayGphone', mType=7, mUserMarkType=-1}
06-11 10:45:43.527 27947  1524 I GameSpaceUI.COSASDKManager: getManagerInfoListNoTimeOut_1781145943521 getPrintAppInfoString AppInfo{mPackageName='com.github.metacubex.clash.meta', mType=7, mUserMarkType=-1}
06-11 10:45:43.527 27947  1524 I GameSpaceUI.COSASDKManager: getManagerInfoListNoTimeOut_1781145943521 getPrintAppInfoString AppInfo{mPackageName='com.greenpoint.android.mc10086.activity', mType=7, mUserMarkType=-1}
06-11 10:45:43.527 19629 19687 I DMP-SAUWorkConfigManager: sau work config not found
06-11 10:45:43.528  3189  5915 D OplusStartingWindowManager: skip remove starting window for activity = ActivityRecord{6207955 u0 com.android.launcher/.Launcher t2} ,ar != topActivityContainsStartingWindow on activityStopped
06-11 10:45:43.529  3189  5976 V Configuration: Updating configuration, locales updated from [] to [zh_CN]
06-11 10:45:43.530  3189  3251 I AccessibilityWindowsPopulator: getInsensibleFlag flag = 0
06-11 10:45:43.530  3189  3251 I AccessibilityWindowsPopulator: getInsensibleFlag flag = 0
06-11 10:45:43.530  3189  6099 I OStatsManager_Calc: add screen power pkgName = com.earthengine.minimalglobe, uid = 10602, power = 50.193900004029274, is Fg = true, fore size = 2, mScale = 1.0
06-11 10:45:43.530  3189  6099 I OStatsManager_Calc: noteBeforePkgSwitch change = false, curTime = 243340856, com.android.launcher, fg = true
06-11 10:45:43.531  9715  9915 I AstScreen.WatchOverlayProxy: onStop 
06-11 10:45:43.530  3189  6099 I OStatsManager_OplusBatteryStatsManager: updateStateTime: PkgName = com.android.launcher, uid = 10196, state to bg, mForegroundCnt = 0, isFg = false
06-11 10:45:43.531  3189  6099 I OStatsManager_OplusBatteryStatsManager: notePkgBackground [com.earthengine.minimalglobe10602], uid = 10196, pid = 4650, pkgName = com.android.launcher
06-11 10:45:43.531  3189  4181 D OsenseCommonUtils: /dev/memcg/apps/uid_10196/memory.app_score not exist
06-11 10:45:43.534  3189  5976 V Configuration: Updating configuration, locales updated from [] to [zh_CN]
06-11 10:45:43.535  3189  5976 V Configuration: Updating configuration, locales updated from [] to [zh_CN]
06-11 10:45:43.535  3189  5975 I OplusAppSwitchManagerService: appswitch registerAppSwitchObserver pName = com@@opos@@ads_40375636 observer = com.oplus.app.IOplusAppSwitchObserver$Stub$Proxy@5e25216 config = OplusAppSwitchConfig = {  observerFingerPrint = 179639192}
06-11 10:45:43.535  3189  5975 I OplusAppSwitchStateDispatcher: registerAppSwitchObserver addDynamicListener OK, info = OplusAppSwitchRuleInfo = {  observer = com.oplus.app.IOplusAppSwitchObserver$Stub$Proxy@5e25216 observerFingerPrint = 179639192} rule size =1
06-11 10:45:43.535  9018  7942 D OplusAppSwitchManager: observer =  mDefaultMatchActivity = false mDefaultMatchApp false
06-11 10:45:43.534  9703 27357 E MSP-LOG-SDK-RateLimitManager: not_allow_invoke because of time_window_not_allow queue = [1781143250916], config = RateLimitConfig{maxCalls=1, timeWindowSeconds=21600, callIntervalSeconds=0}, ipcInvokeTimeQueueMapKey = com.heytap.nearx.tangramconfig.kit.client.ICloudCtrlServiceModule?@?56589?@?1?@?com.heytap.quicksearchbox, has already call 1 times in 21600 seconds before
06-11 10:45:43.536  3189  5976 V Configuration: Updating configuration, locales updated from [] to [zh_CN]
06-11 10:45:43.536  9703 27357 E MSP-LOG-SDK-: MspSdkException{code=3014,message=com.heytap.mspsdk.ratelimit.MspRateLimitExceededException: ipc rate limit exceeded in time window}
06-11 10:45:43.536  9703 27357 E MSP-LOG-SDK-: 	at com.heytap.mspsdk.ratelimit.b.a(RateLimitInterceptor.java:54)
06-11 10:45:43.536  9703 27357 E MSP-LOG-SDK-: 	at com.heytap.mspsdk.interceptor.b.b(StandardListChain.java:32)
06-11 10:45:43.536  9703 27357 E MSP-LOG-SDK-: 	at com.heytap.mspsdk.proxy.b.a(CompatCheckInterceptor.java:182)
06-11 10:45:43.536  9703 27357 E MSP-LOG-SDK-: 	at com.heytap.mspsdk.interceptor.b.b(StandardListChain.java:32)
06-11 10:45:43.536  9703 27357 E MSP-LOG-SDK-: 	at com.heytap.mspsdk.proxy.e.invoke(InnerInvocationHandler.java:261)
06-11 10:45:43.536  9703 27357 E MSP-LOG-SDK-: 	at java.lang.reflect.Proxy.invoke(Proxy.java:1006)
06-11 10:45:43.536  9703 27357 E MSP-LOG-SDK-: 	at $Proxy31.getDynamicCondition(Unknown Source)
06-11 10:45:43.536  9703 27357 E MSP-LOG-SDK-: 	at com.heytap.nearx.tangramconfig.kit.client.KitProxy.getDynamicCondition$lambda$0(KitProxy.kt:25)
06-11 10:45:43.536  9703 27357 E MSP-LOG-SDK-: 	at com.heytap.nearx.tangramconfig.kit.client.KitProxy.b(KitProxy.kt:1)
06-11 10:45:43.536  9703 27357 E MSP-LOG-SDK-: 	at com.heytap.nearx.tangramconfig.kit.client.b.run(R8$$SyntheticClass:28)
06-11 10:45:43.536  9703 27357 E MSP-LOG-SDK-: 	at java.util.concurrent.ThreadPoolExecutor.runWorker(ThreadPoolExecutor.java:1156)
06-11 10:45:43.536  9703 27357 E MSP-LOG-SDK-: 	at java.util.concurrent.ThreadPoolExecutor$Worker.run(ThreadPoolExecutor.java:651)
06-11 10:45:43.536  9703 27357 E MSP-LOG-SDK-: 	at java.lang.Thread.run(Thread.java:1119)
06-11 10:45:43.536  3189  5976 V Configuration: Updating configuration, locales updated from [] to [zh_CN]
06-11 10:45:43.536  3189  5976 V Configuration: Updating configuration, locales updated from [] to [zh_CN]
06-11 10:45:43.536  3189  5976 V Configuration: Updating configuration, locales updated from [] to [zh_CN]
06-11 10:45:43.536  3189  5976 V Configuration: Updating configuration, locales updated from [] to [zh_CN]
06-11 10:45:43.536  3189  5976 V Configuration: Updating configuration, locales updated from [] to [zh_CN]
06-11 10:45:43.536  3189  5976 V Configuration: Updating configuration, locales updated from [] to [zh_CN]
06-11 10:45:43.536  3189  5976 V Configuration: Updating configuration, locales updated from [] to [zh_CN]
06-11 10:45:43.536  3189  5976 V Configuration: Updating configuration, locales updated from [] to [zh_CN]
06-11 10:45:43.536  3189  5976 V Configuration: Updating configuration, locales updated from [] to [zh_CN]
06-11 10:45:43.536  3189  5976 V Configuration: Updating configuration, locales updated from [] to [zh_CN]
06-11 10:45:43.536  3189  5976 V Configuration: Updating configuration, locales updated from [] to [zh_CN]
06-11 10:45:43.536  3189  5976 V Configuration: Updating configuration, locales updated from [] to [zh_CN]
06-11 10:45:43.536  9703 27353 E MSP-LOG-SDK-RateLimitManager: not_allow_invoke because of time_window_not_allow queue = [1781143250911], config = RateLimitConfig{maxCalls=1, timeWindowSeconds=7200, callIntervalSeconds=0}, ipcInvokeTimeQueueMapKey = com.heytap.nearx.tangramconfig.kit.client.ICloudCtrlServiceModule?@?56589?@?2?@?com.heytap.quicksearchbox, has already call 1 times in 7200 seconds before
06-11 10:45:43.536  3189  5976 V Configuration: Updating configuration, locales updated from [] to [zh_CN]
06-11 10:45:43.536  3189  5976 V Configuration: Updating configuration, locales updated from [] to [zh_CN]
06-11 10:45:43.536  3189  5976 V Configuration: Updating configuration, locales updated from [] to [zh_CN]
06-11 10:45:43.536  3189  5976 V Configuration: Updating configuration, locales updated from [] to [zh_CN]
06-11 10:45:43.536  3189  5976 V Configuration: Updating configuration, locales updated from [] to [zh_CN]
06-11 10:45:43.536  9703 27343 I MSP-LOG-SDK-MspSdk: Sdk has initialized! version:2.0.1.14
06-11 10:45:43.536  3189  5976 V Configuration: Updating configuration, locales updated from [] to [zh_CN]
06-11 10:45:43.537  9703 27343 E MSP-LOG-SDK-RateLimitManager: not_allow_invoke because of time_window_not_allow queue = [1781143250917], config = RateLimitConfig{maxCalls=1, timeWindowSeconds=7200, callIntervalSeconds=0}, ipcInvokeTimeQueueMapKey = com.heytap.nearx.tangramconfig.kit.client.ICloudCtrlServiceModule?@?56589?@?4?@?com.heytap.quicksearchbox, has already call 1 times in 7200 seconds before
06-11 10:45:43.537  9703 27343 E MSP-LOG-SDK-: MspSdkException{code=3014,message=com.heytap.mspsdk.ratelimit.MspRateLimitExceededException: ipc rate limit exceeded in time window}
06-11 10:45:43.537  9703 27343 E MSP-LOG-SDK-: 	at com.heytap.mspsdk.ratelimit.b.a(RateLimitInterceptor.java:54)
06-11 10:45:43.537  9703 27343 E MSP-LOG-SDK-: 	at com.heytap.mspsdk.interceptor.b.b(StandardListChain.java:32)
06-11 10:45:43.537  9703 27343 E MSP-LOG-SDK-: 	at com.heytap.mspsdk.proxy.b.a(CompatCheckInterceptor.java:182)
06-11 10:45:43.537  9703 27343 E MSP-LOG-SDK-: 	at com.heytap.mspsdk.interceptor.b.b(StandardListChain.java:32)
06-11 10:45:43.537  9703 27343 E MSP-LOG-SDK-: 	at com.heytap.mspsdk.proxy.e.invoke(InnerInvocationHandler.java:261)
06-11 10:45:43.537  9703 27343 E MSP-LOG-SDK-: 	at java.lang.reflect.Proxy.invoke(Proxy.java:1006)
06-11 10:45:43.537  9703 27343 E MSP-LOG-SDK-: 	at $Proxy31.checkUpdateConfig(Unknown Source)
06-11 10:45:43.537  9703 27343 E MSP-LOG-SDK-: 	at com.heytap.nearx.tangramconfig.kit.client.KitProxy.checkUpdateConfig$lambda$3(KitProxy.kt:20)
06-11 10:45:43.537  9703 27343 E MSP-LOG-SDK-: 	at com.heytap.nearx.tangramconfig.kit.client.KitProxy.d(KitProxy.kt:1)
06-11 10:45:43.537  9703 27343 E MSP-LOG-SDK-: 	at com.heytap.nearx.tangramconfig.kit.client.e.run(R8$$SyntheticClass:30)
06-11 10:45:43.537  9703 27343 E MSP-LOG-SDK-: 	at java.util.concurrent.ThreadPoolExecutor.runWorker(ThreadPoolExecutor.java:1156)
06-11 10:45:43.537  9703 27343 E MSP-LOG-SDK-: 	at java.util.concurrent.ThreadPoolExecutor$Worker.run(ThreadPoolExecutor.java:651)
06-11 10:45:43.537  9703 27343 E MSP-LOG-SDK-: 	at java.lang.Thread.run(Thread.java:1119)
06-11 10:45:43.537  4323  6896 V OsAgent : broadcastSystemEvent - 7
06-11 10:45:43.537  4323  6896 V OsAgent : broadcastSystemEvent - 7
06-11 10:45:43.537  4323  6896 V OsAgent : broadcastSystemEvent - 7
06-11 10:45:43.538  4323  6896 V OsAgent : broadcastSystemEvent - 7
06-11 10:45:43.538  4323  6896 V OsAgent : broadcastSystemEvent - 7
06-11 10:45:43.538  4323  6896 V OsAgent : broadcastSystemEvent - 7
06-11 10:45:43.538  4323  6896 V OsAgent : broadcastSystemEvent - 7
06-11 10:45:43.538  4323  6896 V OsAgent : broadcastSystemEvent - 7
06-11 10:45:43.538  4323  6896 V OsAgent : broadcastSystemEvent - 7
06-11 10:45:43.539 26764  6150 I WeatherS_WeatherProvider: query option: 1,callingUid: 10169,name: com.coloros.weather.service
06-11 10:45:43.539  5868  5868 D nativeloader: Load /system_ext/lib64/libqti_workloadclassifiermodel.so using ns default for caller /system_ext/app/workloadclassifier/workloadclassifier.apk in same partition (is_bridged=0): ok
06-11 10:45:43.540  6963  8762 D OplusAtlas.OplusAudioScene: callback success event:atlas_event_on_foreground_activities_changed eventInfo:pid:4650,uid:10196,hasForegroundActivities:0
06-11 10:45:43.540  5868  5868 I tflite  : Initialized TensorFlow Lite runtime.
06-11 10:45:43.541  4639  8514 D NetworkService[1]: getIfIndexByNetid netId:194,ifName:wlan0,ifIndex:30
06-11 10:45:43.541  9715  9915 I AstScreen.DaemonMemoryManager: query providerClient success auth:com.oplus.assistantscreen.window.WATCH_WINDOW_PROVIDER method:query_window_state arg:arg_window_foreground extras:null
06-11 10:45:43.542  3189  3189 W AccessibilityManagerService:  wait for adding window timeout: 1678
06-11 10:45:43.543  9703 27353 E MSP-LOG-SDK-: MspSdkException{code=3014,message=com.heytap.mspsdk.ratelimit.MspRateLimitExceededException: ipc rate limit exceeded in time window}
06-11 10:45:43.543  9703 27353 E MSP-LOG-SDK-: 	at com.heytap.mspsdk.ratelimit.b.a(RateLimitInterceptor.java:54)
06-11 10:45:43.543  9703 27353 E MSP-LOG-SDK-: 	at com.heytap.mspsdk.interceptor.b.b(StandardListChain.java:32)
06-11 10:45:43.543  9703 27353 E MSP-LOG-SDK-: 	at com.heytap.mspsdk.proxy.b.a(CompatCheckInterceptor.java:182)
06-11 10:45:43.543  9703 27353 E MSP-LOG-SDK-: 	at com.heytap.mspsdk.interceptor.b.b(StandardListChain.java:32)
06-11 10:45:43.543  9703 27353 E MSP-LOG-SDK-: 	at com.heytap.mspsdk.proxy.e.invoke(InnerInvocationHandler.java:261)
06-11 10:45:43.543  9703 27353 E MSP-LOG-SDK-: 	at java.lang.reflect.Proxy.invoke(Proxy.java:1006)
06-11 10:45:43.543  9703 27353 E MSP-LOG-SDK-: 	at $Proxy31.getConfigData(Unknown Source)
06-11 10:45:43.543  9703 27353 E MSP-LOG-SDK-: 	at com.heytap.nearx.tangramconfig.kit.client.KitProxy.getConfigData$lambda$1(KitProxy.kt:29)
06-11 10:45:43.543  9703 27353 E MSP-LOG-SDK-: 	at com.heytap.nearx.tangramconfig.kit.client.KitProxy.c(KitProxy.kt:1)
06-11 10:45:43.543  9703 27353 E MSP-LOG-SDK-: 	at com.heytap.nearx.tangramconfig.kit.client.c.run(R8$$SyntheticClass:42)
06-11 10:45:43.543  9703 27353 E MSP-LOG-SDK-: 	at java.util.concurrent.ThreadPoolExecutor.runWorker(ThreadPoolExecutor.java:1156)
06-11 10:45:43.543  9703 27353 E MSP-LOG-SDK-: 	at java.util.concurrent.ThreadPoolExecutor$Worker.run(ThreadPoolExecutor.java:651)
06-11 10:45:43.543  9703 27353 E MSP-LOG-SDK-: 	at java.lang.Thread.run(Thread.java:1119)
06-11 10:45:43.543 19629 19687 I DMP-PowerUtils: getHoraeTemperature:36
06-11 10:45:43.543 19629 19687 I DMP-Dispatcher: create work Work{mWorkName=completeKeywordIndexWork, mWorkTerm=long, mReportId=false, mCreate=Create{mIndexStatus=null, mQueryTime=0, mInterval=0, mDeletedDocs=null, mNeedRebuildFlag=0, mIndexCheckFlag=false, mDrop=Drop{mCount=4, mInterval=10000, mDelay=60000}, mHighTemperature=38, mMinPower=null, mScreen=null, mDeletedConditions=null}, mEntry=null, mMoreBatch=MoreBatch{mPowerConsumed=2, mHighTemperatureValue=0, mLowTemperatureValue=0, mPower=[full|charging], mScreen=null, mTemperatureConsumed=0}, mChained=true, mInitialDelay=10, mWorkOneTimeLimit=0}, method = onReceive, create = 0
06-11 10:45:43.547  3189  3825 I system_server: AssetManager2(0xb400007915b08728) locale list changing from [] to [zh-CN]
06-11 10:45:43.547 27947  1524 I GameSpaceUI.AppListUtil: getManagerInfoList appInfos [n60.a@d856006, n60.a@fafe6c7, n60.a@b2014f4, n60.a@bc3741d, n60.a@b077692, n60.a@f3a2863, n60.a@3a38c60, n60.a@3a83519, n60.a@92269de, n60.a@f9ce7bf, n60.a@1250e8c, n60.a@37e09d5, n60.a@36745ea, n60.a@74240db, n60.a@b5a8778, n60.a@9a26e51, n60.a@b6bd6b6, n60.a@f1a0fb7, n60.a@d6ca324, n60.a@2ce9e8d, n60.a@456a842, n60.a@535f053, n60.a@a62cd90, n60.a@4139689, n60.a@d253eaf, n60.a@c4f32bc, n60.a@8961245, n60.a@7d4fd9a, n60.a@a1116cb, n60.a@a3abea8, n60.a@f0a8dc1, n60.a@2f55966, n60.a@e9854a7, n60.a@d11d54, n60.a@2f144fd, n60.a@c6da5f2, n60.a@e6b9443, n60.a@9ccbac0, n60.a@d9233f9, n60.a@eac2f3e, n60.a@da9319f, n60.a@e22c2ec, n60.a@ab916b5, n60.a@9f948bb, n60.a@eef21d8, n60.a@d316931, n60.a@8fce816, n60.a@969b597, n60.a@1208384, n60.a@f02676d, n60.a@ad76fa2, n60.a@b0a1433, n60.a@7e453f0, n60.a@96b0d69, n60.a@8e0e3ee, n60.a@547c08f, n60.a@9d2bf1c, n60.a@9e1725, n60.a@9fb50fa, n60.a@e09d6ab, n60.a@f3e00a1, n60.a@f1d82c6, n60.a@88d3287, n60.a@4edd5b4, n60.a@d9905dd, n60.a@fdf0552, n60.a@5007023, n60.a@16c9920, n60.a@a522d9, n60.a@3c4249e, n60.a@ddfeb7f, n60.a@552274c, n60.a@cbc1395, n60.a@449ecaa, n60.a@f11c09b, n60.a@6206c38, n60.a@8175411, n60.a@3b22976, n60.a@2c1cb77, n60.a@d8c13e4, n60.a@90c204d, n60.a@48f6702, n60.a@ffda813, n60.a@9e88a50, n60.a@c077449, n60.a@e10f14e, n60.a@710b26f, n60.a@953fb7c, n60.a@d4a0c05, n60.a@90ed45a, n60.a@7a0068b, n60.a@ba35368, n60.a@2646381, n60.a@1d5dc26, n60.a@c868067, n60.a@70e3e14]
06-11 10:45:43.547 27947  1524 I GameSpaceUI.COSASDKManager: getManagerInfoListNoTimeOut 1781145943547 getPrintAppInfoString AppInfo{mPackageName='com.quark.browser', mType=7, mUserMarkType=-1}
06-11 10:45:43.547 27947  1524 I GameSpaceUI.COSASDKManager: getManagerInfoListNoTimeOut 1781145943547 getPrintAppInfoString AppInfo{mPackageName='com.wuba.zhuanzhuan', mType=7, mUserMarkType=-1}
06-11 10:45:43.549 25296 11619 I AstScreen.WatchWindowProvider: call() query_window_state , arg_window_foreground
06-11 10:45:43.551  3189  5976 I OplusAppSwitchManagerService: appswitch registerAppSwitchObserver pName = com@@opos@@ads_40375636 observer = com.oplus.app.IOplusAppSwitchObserver$Stub$Proxy@949888b config = OplusAppSwitchConfig = {  observerFingerPrint = 203067350}
06-11 10:45:43.551  3189  5976 I OplusAppSwitchStateDispatcher: registerAppSwitchObserver addDynamicListener OK, info = OplusAppSwitchRuleInfo = {  observer = com.oplus.app.IOplusAppSwitchObserver$Stub$Proxy@949888b observerFingerPrint = 203067350} rule size =1
06-11 10:45:43.551  9018  7942 D OplusAppSwitchManager: observer =  mDefaultMatchActivity = false mDefaultMatchApp false
06-11 10:45:43.551  9715  9915 I AstScreen.DaemonMemoryManager: isForeground : false
06-11 10:45:43.551  4639  8514 D NetworkService[1]: getIfIndexByNetid netId:194,ifName:wlan0,ifIndex:30
06-11 10:45:43.551  4639  8514 D NetworkService[1]: getIfIndexByNetid netId:194,ifName:wlan0,ifIndex:30
06-11 10:45:43.552  4639  8514 D NetworkService[1]: getIfIndexByNetid netId:194,ifName:wlan0,ifIndex:30
06-11 10:45:43.553  9715  9915 I AstScreen.FeatureOption: isFullSystem = true
06-11 10:45:43.553  9715  9915 I AstScreen.DaemonMemoryManager: flagSysMem?false,cur ava6820196,mainPcsInitPss234793
06-11 10:45:43.554  9715  9915 I AstScreen.DaemonMemoryManager: query providerClient success auth:com.oplus.assistantscreen.window.WATCH_WINDOW_PROVIDER method:query_process_pss arg:null extras:null
06-11 10:45:43.554 25296 11619 I AstScreen.WatchWindowProvider: call() query_process_pss , null
06-11 10:45:43.559  5227  5886 W UpgradeCommonABHelp: queryUsageCostTime:32
06-11 10:45:43.559  3189  4441 I NativeFreezeManager: Get dex2oat pid more than 3 times
06-11 10:45:43.562  3189  3825 I system_server: AssetManager2(0xb4000078f0cbfc28) locale list changing from [] to [zh-CN]
06-11 10:45:43.564 27947 29310 W GameSpaceUI.gamespace_QuickAppDataService: call getPlayedAndMiniGameListForQuickApp -> tagFrom = GamecenterService-PACKAGE_REPLACED , 1781145943199, playedGameInfoJson: {"gamePkgs":[]}
06-11 10:45:43.569  8454  8173 I ContextAware_AppCardProcessor: [subscription2x4-assistant]Apps on same screen, apps=[]
06-11 10:45:43.569  8454  8173 I ContextAware_AdvertisementManager: [subscription2x4-assistant]getCommerceAppsByCardName size:0
06-11 10:45:43.569  8454  8173 I ContextAware_AppCardProcessor: [subscription2x4-assistant]process fill ad apps: advApps: 
06-11 10:45:43.569  8454  8173 I ContextAware_AppFillAdsProcess: [subscription2x4-assistant]process fill ad apps: adv is null
06-11 10:45:43.569  8454  8173 I ContextAware_AppCardProcessor: [subscription2x4-assistant]SEND_APP_MESSAGE: commerceAlg=2, resultApps=[AppInfo[pkg=com.earthengine.minimalglobe, appType=0,iconSource=system, recallType=algorithm, deepLink=0,utrackClickUrl=0, utrackExposeUrl=0,icon=0, apiSource=null, typeCode=null, mode=0, advFinalScore=null,  routePage=0,title=null, subTitle=null, adSize=null,probability=0], AppInfo[pkg=space.xinzhi.hiko, appType=0,iconSource=system, recallType=algorithm, deepLink=0,utrackClickUrl=0, utrackExposeUrl=0,icon=0, apiSource=null, typeCode=null, mode=0, advFinalScore=null,  routePage=0,title=null, subTitle=null, adSize=null,probability=0], AppInfo[pkg=com.tencent.mm, appType=0,iconSource=system, recallType=algorithm, deepLink=0,utrackClickUrl=0, utrackExposeUrl=0,icon=0, apiSource=null, typeCode=null, mode=0, advFinalScore=null,  routePage=0,title=null, subTitle=null, adSize=null,probability=0], AppInfo[pkg=space.xinzhi.map, appType=0,iconSource=system, recallType=algorithm, deepLink=0,utrackClickUrl=0, utrackExposeUrl=0,icon=0, apiSource=null, typeCode=null, mode=0, advFinalScore=null,  routePage=0,title=null, subTitle=null, adSize=null,probability=0], AppInfo[pkg=com.ss.android.lark, appType=0,iconSource=system, recallType=algorithm, deepLink=0,utrackClickUrl=0, utrackExposeUrl=0,icon=0, apiSource=null, typeCode=null, mode=0, advFinalScore=null,  routePage=0,title=null, subTitle=null, adSize=null,probability=0], AppInfo[pkg=com.phoenix.read, appType=0,iconSource=system, recallType=algorithm, deepLink=0,utrackClickUrl=0, utrackExposeUrl=0,icon=0, apiSource=null, typeCode=null, mode=0, advFinalScore=null,  routePage=0,title=null, subTitle=null, adSize=null,probability=0], AppInfo[pkg=com.github.metacubex.clash.meta, appType=0,iconSource=system, recallType=algorithm, deepLink=0,utrackClickUrl=0, utrackExposeUrl=0,icon=0, apiSource=null, typeCode=null, mode=0, advFinalScore=null,  routePage=0,title=null, subTitle=null, adSize=null,probability=0], AppInfo[pkg=com.lolaage.tbulu.tools, appType=0,iconSource=system, recallType=algorithm, deepLink=0,utrackClickUrl=0, utrackExposeUrl=0,icon=0, apiSource=null, typeCode=null, mode=0, advFinalScore=null,  routePage=0,title=null, subTitle=null, adSize=null,probability=0], AppInfo[pkg=com.heytap.browser, appType=0,iconSource=system, recallType=algorithm, deepLink=0,utrackClickUrl=0, utrackExposeUrl=0,icon=0, apiSource=null, typeCode=null, mode=0, advFinalScore=null,  routePage=0,title=null, subTitle=null, adSize=null,probability=0], AppInfo[pkg=com.future.landscape, appType=0,iconSource=system, recallType=algorithm, deepLink=0,utrackClickUrl=0, utrackExposeUrl=0,icon=0, apiSource=null, typeCode=null, mode=0, advFinalScore=null,  routePage=0,title=null, subTitle=null, adSize=null,probability=0]], traceId: f48df78d2c8656e5f657596c8af8ac09-e2d44cd1c246444ab766937ae0c0776c
06-11 10:45:43.569 26764  6150 I WeatherS_AbsLocationHelper: endWithResult(): needFullWeatherData=false
06-11 10:45:43.570 25296 22077 W HapContentObserver: uri: content://appRecommend_data_storage/subscription2x4-assistant/query
06-11 10:45:43.570 25296 22077 D HapContentObserver: key: 77112956 , task: 170344353
06-11 10:45:43.570 25296 22077 D ContentResolverTask: uri: content://appRecommend_data_storage/subscription2x4-assistant/query contains: false task: 170344353
06-11 10:45:43.571  3189  3825 I system_server: AssetManager2(0xb4000078f0cc0528) locale list changing from [] to [zh-CN]
06-11 10:45:43.575  8852  9153 D SmartSidebar.MetisDataManager: (Sidebar_HandlerThread)updateData: traceId changed to 3f9973f27a9848cebd2ccc582473405e-b39a1b762967400c8ce699448f82c6b1, reported sets cleared
06-11 10:45:43.575  8852  9153 D SmartSidebar.MetisDataManager: (Sidebar_HandlerThread)updateData: success, appList.size=1, traceId=3f9973f27a9848cebd2ccc582473405e-b39a1b762967400c8ce699448f82c6b1
06-11 10:45:43.576  5227  5886 W market_check_upgrade: type: 3 , createRequest: installed count: 1 ,white count: 1 ,request md5 count: 1 ,no md5 count: 0 ,cost: 81
06-11 10:45:43.576  5227  5886 W market_check_upgrade: obits: [1, 5] , from: config
06-11 10:45:43.576  5227  5886 W market_check_upgrade: req pkgs: {com.earthengine.minimalglobe: 1_4b7fb257cea1b0edc319b5e03527f284}, 
06-11 10:45:43.581  1460  1493 W PackageFilesValidator: isInvalidResource: AppDistributionMeta is null
06-11 10:45:43.584 27947  6141 W GameSpaceUI.COSASDKManager: fetchOriginGamePackageList: true,[]
06-11 10:45:43.584 26764  6150 E WeatherS_PrivacyStatementExport: isAgreed1
06-11 10:45:43.584 27947 27947 W GameSpaceUI.COSASDKManager: fetchOriginGamePackageList true,[]
06-11 10:45:43.585 27947 27947 I GameSpaceUI.MixUtils: onReceive
06-11 10:45:43.587 27947 28278 W GameSpaceUI.COSASDKManager: acquireCOSAAppInfoListFromCOSA: true,[n60.a@f72b6bd, n60.a@ab394b2, n60.a@970bc03, n60.a@b9b2780, n60.a@41901b9, n60.a@b4249fe, n60.a@639155f, n60.a@14b3bac, n60.a@c3f0075, n60.a@875080a, n60.a@403a87b, n60.a@d066698, n60.a@8c2ef1, n60.a@1639ad6, n60.a@81a5157, n60.a@8475444, n60.a@2a3c92d, n60.a@cd68e62, n60.a@888abf3, n60.a@78770b0, n60.a@120cb29, n60.a@3932eae, n60.a@678144f, n60.a@b6ae7dc, n60.a@f51f0e5, n60.a@36787ba, n60.a@24ba66b, n60.a@8aca5c8, n60.a@cb5b661, n60.a@6f66586, n60.a@57c3e47, n60.a@2ca5674, n60.a@836579d, n60.a@e435412, n60.a@e3477e3, n60.a@57065e0, n60.a@b25d099, n60.a@3fe9f5e, n60.a@8acaf3f, n60.a@8a6000c, n60.a@7f9dd55, n60.a@b91536a, n60.a@247005b, n60.a@bb910f8, n60.a@8c7f9d1, n60.a@3e93c36, n60.a@26b4737, n60.a@2ea44a4, n60.a@981620d, n60.a@b04e5c2, n60.a@5231fd3, n60.a@3d90710, n60.a@9ef1209, n60.a@e3f9c0e, n60.a@375e62f, n60.a@caf843c, n60.a@36dc5c5, n60.a@35d6b1a, n60.a@584b64b, n60.a@20ea828, n60.a@e69f941, n60.a@6571ee6, n60.a@a666c27, n60.a@fba1ed4, n60.a@39be87d, n60.a@7e64372, n60.a@1c3a3c3, n60.a@8045440, n60.a@5038f79, n60.a@8d124be, n60.a@332b91f, n60.a@dfa746c, n60.a@aa4aa35, n60.a@df6ceca, n60.a@f53c83b, n60.a@6506b58, n60.a@f02b4b1, n60.a@91b0d96, n60.a@6acad17, n60.a@b0ce504, n60.a@75ceaed, n60.a@2726d22, n60.a@24503b3, n60.a@df54d70, n60.a@3aa48e9, n60.a@eee396e, n60.a@a02280f, n60.a@5b9d09c, n60.a@2558aa5, n60.a@f487e7a, n60.a@4c3362b, n60.a@1e15a88, n60.a@3b92c21, n60.a@3d00846, n60.a@e3d0a07, n60.a@1759734, n60.a@95b695d, n60.a@f462d2, n60.a@e963fa3]
06-11 10:45:43.589  8454 13647 D SceneSDK.1.0.4-SNAPSHOT.8454.DeepThinkerAppSwitchAbility: onAppSwitchEvent: AppSwitchEvent(timeStamp=1781145943582, eventType=2, targetName=com.android.launcher, firstStart=false, multiApp=false, windowMode=0, resumingPackageName=com.earthengine.minimalglobe, resumingActivityName=com.earthengine.minimalglobe.MainActivity, isResumingMultiApp=false, isResumingFirstStart=true)
06-11 10:45:43.589  8454 13919 D SceneSDK.1.0.4-SNAPSHOT.8454.DeepThinkerAppSwitchAbility: onAppSwitchEvent: AppSwitchEvent(timeStamp=1781145943582, eventType=2, targetName=com.android.launcher, firstStart=false, multiApp=false, windowMode=0, resumingPackageName=com.earthengine.minimalglobe, resumingActivityName=com.earthengine.minimalglobe.MainActivity, isResumingMultiApp=false, isResumingFirstStart=true)
06-11 10:45:43.589  8454 13647 I metis_v2_AppSwitchDataCollector: AppExitEvent =  com.android.launcher, NextAppName = com.earthengine.minimalglobe
06-11 10:45:43.589  8454 13919 I ContextAware_AppRecommendAdapter: receive app recommend from AppSwitchEvent(eventId=2, switchInfo=AppSwitchInfo(targetName=com.android.launcher, firstStart=false, multiApp=false, windowMode=0, resumingPackageName=com.earthengine.minimalglobe, resumingActivityName=com.earthengine.minimalglobe.MainActivity, isResumingFirstStart=true, isResumingMultiApp=false))
06-11 10:45:43.589  8454 13919 I ContextAware_AppRecentAdapter: click enter:com.earthengine.minimalglobe
06-11 10:45:43.590  1460  1493 W AppInfo : app info parse uri fail. uri: content://com.nearme.instant.platform.res/com.coloros.gamespaceui.quickapp.library/manifest.json##Throwable##java.io.FileNotFoundException: open failed: ENOENT (No such file or directory)
06-11 10:45:43.590  1460  1493 W AppInfo : 	at android.os.ParcelFileDescriptor.openInternal(ParcelFileDescriptor.java:356)
06-11 10:45:43.590  1460  1493 W AppInfo : 	at android.os.ParcelFileDescriptor.open(ParcelFileDescriptor.java:233)
06-11 10:45:43.590  1460  1493 W AppInfo : 	at org.hapjs.cache.CacheProvider.doOpenFile(SourceFile:56)
06-11 10:45:43.590  1460  1493 W AppInfo : 	at org.hapjs.AbstractContentProvider.openFile(SourceFile:4)
06-11 10:45:43.590  1460  1493 W AppInfo : 	at android.content.ContentProvider.openAssetFile(ContentProvider.java:2326)
06-11 10:45:43.590  1460  1493 W AppInfo : 	at org.hapjs.AbstractContentProvider.doOpenAssetFile(SourceFile:1)
06-11 10:45:43.590  1460  1493 W AppInfo : 	at org.hapjs.cache.CacheProvider.doOpenAssetFile(SourceFile:74)
06-11 10:45:43.590  1460  1493 W AppInfo : 	at org.hapjs.AbstractContentProvider.openAssetFile(SourceFile:4)
06-11 10:45:43.590  1460  1493 W AppInfo : 	at android.content.ContentProvider.openTypedAssetFile(ContentProvider.java:2504)
06-11 10:45:43.590  1460  1493 W AppInfo : 	at android.content.ContentProvider.openTypedAssetFile(ContentProvider.java:2571)
06-11 10:45:43.590  1460  1493 W AppInfo : 	at android.content.ContentProvider$Transport.openTypedAssetFile(ContentProvider.java:692)
06-11 10:45:43.590  1460  1493 W AppInfo : 	at android.content.ContentResolver.openTypedAssetFileDescriptor(ContentResolver.java:2097)
06-11 10:45:43.590  1460  1493 W AppInfo : 	at android.content.ContentResolver.openAssetFileDescriptor(ContentResolver.java:1912)
06-11 10:45:43.590  1460  1493 W AppInfo : 	at android.content.ContentResolver.openInputStream(ContentResolver.java:1582)
06-11 10:45:43.590  1460  1493 W AppInfo : 	at org.hapjs.model.AppInfo.fromUri(SourceFile:7)
06-11 10:45:43.590  1460  1493 W AppInfo : 	at org.hapjs.model.AppInfo.create(SourceFile:105)
06-11 10:45:43.590  1460  1493 W AppInfo : 	at org.hapjs.bridge.DefaultAppInfoProvider.create(SourceFile:1)
06-11 10:45:43.590  1460  1493 W AppInfo : 	at a.a.a.nl0.g(SourceFile:58)
06-11 10:45:43.590  1460  1493 W AppInfo : 	at a.a.a.nl0.e(SourceFile:2)
06-11 10:45:43.590  1460  1493 W AppInfo : 	at a.a.a.rp6.d(SourceFile:22)
06-11 10:45:43.590  1460  1493 W AppInfo : 	at a.a.a.rp6.c(SourceFile:52)
06-11 10:45:43.590  1460  1493 W AppInfo : 	at com.nearme.instant.card.SharedDataProvider.setOrUpdateSharedDataInner(SourceFile:48)
06-11 10:45:43.590  1460  1493 W AppInfo : 	at com.nearme.instant.card.SharedDataProvider.setOrUpdateSharedData(SourceFile:61)
06-11 10:45:43.590  1460  1493 W AppInfo : 	at com.nearme.instant.card.SharedDataProvider.doCall(SourceFile:46)
06-11 10:45:43.590  1460  1493 W AppInfo : 	at org.hapjs.AbstractContentProvider.call(SourceFile:4)
06-11 10:45:43.590  1460  1493 W AppInfo : 	at android.content.ContentProvider.call(ContentProvider.java:2773)
06-11 10:45:43.590  1460  1493 W AppInfo : 	at android.content.ContentProvider$Transport.call(ContentProvider.java:653)
06-11 10:45:43.590  1460  1493 W AppInfo : 	at android.content.ContentProviderNative.onTransact(ContentProviderNative.java:307)
06-11 10:45:43.590  1460  1493 W AppInfo : 	at android.os.Binder.execTransactInternal(Binder.java:1444)
06-11 10:45:43.590  1460  1493 W AppInfo : 	at android.os.Binder.execTransact(Binder.java:1378)
06-11 10:45:43.591  8454 13919 I ContextAware_AppRecommendAlgorithm: After sort is [AppOrder{pkg='com.earthengine.minimalglobe', score=4.6868243', hourWeight=0.02', dayWeight=0.1}, AppOrder{pkg='space.xinzhi.hiko', score=0.011247154', hourWeight=0.17171717', dayWeight=0.5}, AppOrder{pkg='com.tencent.mm', score=0.004171974', hourWeight=0.035714287', dayWeight=0.2}, AppOrder{pkg='space.xinzhi.map', score=0.0014237434', hourWeight=0.041666668', dayWeight=0.1}, AppOrder{pkg='com.ss.android.lark', score=5.2398513E-4', hourWeight=0.02', dayWeight=0.1}, AppOrder{pkg='com.phoenix.read', score=4.932652E-4', hourWeight=0.02247191', dayWeight=0.1}, AppOrder{pkg='com.earthmd', score=2.7959433E-4', hourWeight=0.02', dayWeight=0.1}, AppOrder{pkg='com.github.metacubex.clash.meta', score=2.6199257E-4', hourWeight=0.02', dayWeight=0.1}, AppOrder{pkg='com.lolaage.tbulu.tools', score=2.4605342E-4', hourWeight=0.02', dayWeight=0.1}, AppOrder{pkg='com.heytap.browser', score=2.0895337E-4', hourWeight=0.02', dayWeight=0.1}, AppOrder{pkg='com.future.landscape', score=2.0895337E-4', hourWeight=0.02', dayWeight=0.1}, AppOrder{pkg='cn.soulapp.android', score=9.623572E-5', hourWeight=0.02173913', dayWeight=0.1}, AppOrder{pkg='com.ss.android.ugc.aweme', score=4.4296794E-5', hourWeight=0.025', dayWeight=0.1}, AppOrder{pkg='cmb.pb', score=0.0', hourWeight=0.02', dayWeight=0.1}]
06-11 10:45:43.591  1460  1493 E PermissionVerifier: card rpk not exists
06-11 10:45:43.591  1460  1493 W PermissionVerifier: checkWritePermission writer: com.oplus.games not in rpk: com.coloros.gamespaceui.quickapp.library allowed list
06-11 10:45:43.591  1460  1493 W SharedDataProvider: setOrUpdateSharedData no permissions!
06-11 10:45:43.591  8454 13919 I ContextAware_AppRecommendDispatch: dispatch app event with app_recommend_event
06-11 10:45:43.591  8454 13919 I ContextAware_AppRecallManager: app recommend fire count:71
06-11 10:45:43.592 27947  1358 W GameSpaceUI.gs_DesktopCardServiceImpl: set assistant_config_card_show_default = 0 success expire 86400000
06-11 10:45:43.592 27947  1358 I GameSpaceUI.TrackService: getPluginConfigAppId -1, currentPkgName: 
06-11 10:45:43.592 27947  6073 W GameSpaceUI.COSASDKManager: fetchOriginGamePackageList: true,[]
06-11 10:45:43.593 27947 27947 I GameSpaceUI.MixUtils: onReceive
06-11 10:45:43.593 27947 30253 W GameSpaceUI.COSASDKManager: fetchOriginGamePackageList true,[]
06-11 10:45:43.594 26764  6150 W WeatherS_ApkSignedCheck: checkCertificateWhiteList: not in inWhiteListcom.coloros.weather.service
06-11 10:45:43.597 26764  6150 I WeatherS_WeatherProvider: query option: 1,callingUid: 10169,name: com.coloros.weather.service
06-11 10:45:43.597 27947 28278 I GameSpaceUI.AccessControlHelper: getAccessControlAppsInfo Success  accessApps: null
06-11 10:45:43.598 27947 28278 I GameSpaceUI.COSASDKManager: getManagerInfoListNoTimeOut_1781145943598 getPrintAppInfoString AppInfo{mPackageName='com.quark.browser', mType=7, mUserMarkType=-1}
06-11 10:45:43.598 27947 28278 I GameSpaceUI.COSASDKManager: getManagerInfoListNoTimeOut_1781145943598 getPrintAppInfoString AppInfo{mPackageName='com.wuba.zhuanzhuan', mType=7, mUserMarkType=-1}
06-11 10:45:43.598 27947 28278 I GameSpaceUI.COSASDKManager: getManagerInfoListNoTimeOut_1781145943598 getPrintAppInfoString AppInfo{mPackageName='com.ss.android.ugc.sicily_cm', mType=7, mUserMarkType=-1}
06-11 10:45:43.598 27947 28278 I GameSpaceUI.COSASDKManager: getManagerInfoListNoTimeOut_1781145943598 getPrintAppInfoString AppInfo{mPackageName='com.example.gnsssatdemo', mType=7, mUserMarkType=-1}
06-11 10:45:43.598 27947 28278 I GameSpaceUI.COSASDKManager: getManagerInfoListNoTimeOut_1781145943598 getPrintAppInfoString AppInfo{mPackageName='com.example.findmapbox', mType=7, mUserMarkType=-1}
06-11 10:45:43.598 27947 28278 I GameSpaceUI.COSASDKManager: getManagerInfoListNoTimeOut_1781145943598 getPrintAppInfoString AppInfo{mPackageName='com.finshell.wallet', mType=7, mUserMarkType=-1}
06-11 10:45:43.598 27947 28278 I GameSpaceUI.COSASDKManager: getManagerInfoListNoTimeOut_1781145943598 getPrintAppInfoString AppInfo{mPackageName='com.tmri.app.main', mType=7, mUserMarkType=-1}
06-11 10:45:43.598 27947 28278 I GameSpaceUI.COSASDKManager: getManagerInfoListNoTimeOut_1781145943598 getPrintAppInfoString AppInfo{mPackageName='com.sankuai.meituan', mType=7, mUserMarkType=-1}
06-11 10:45:43.598 27947 28278 I GameSpaceUI.COSASDKManager: getManagerInfoListNoTimeOut_1781145943598 getPrintAppInfoString AppInfo{mPackageName='com.youku.phone', mType=7, mUserMarkType=-1}
06-11 10:45:43.598 27947 28278 I GameSpaceUI.COSASDKManager: getManagerInfoListNoTimeOut_1781145943598 getPrintAppInfoString AppInfo{mPackageName='air.tv.douyu.android', mType=7, mUserMarkType=-1}
06-11 10:45:43.598 27947 28278 I GameSpaceUI.COSASDKManager: getManagerInfoListNoTimeOut_1781145943598 getPrintAppInfoString AppInfo{mPackageName='com.sinovatech.unicom.ui', mType=7, mUserMarkType=-1}
06-11 10:45:43.598 27947 28278 I GameSpaceUI.COSASDKManager: getManagerInfoListNoTimeOut_1781145943598 getPrintAppInfoString AppInfo{mPackageName='com.luna.music', mType=7, mUserMarkType=-1}
06-11 10:45:43.598 27947 28278 I GameSpaceUI.COSASDKManager: getManagerInfoListNoTimeOut_1781145943598 getPrintAppInfoString AppInfo{mPackageName='com.sohu.inputmethod.sogouoem', mType=7, mUserMarkType=-1}
06-11 10:45:43.598 27947 28278 I GameSpaceUI.COSASDKManager: getManagerInfoListNoTimeOut_1781145943598 getPrintAppInfoString AppInfo{mPackageName='com.future.landscape', mType=7, mUserMarkType=-1}
06-11 10:45:43.598 27947 28278 I GameSpaceUI.COSASDKManager: getManagerInfoListNoTimeOut_1781145943598 getPrintAppInfoString AppInfo{mPackageName='com.phoenix.read', mType=7, mUserMarkType=-1}
06-11 10:45:43.598 27947 28278 I GameSpaceUI.COSASDKManager: getManagerInfoListNoTimeOut_1781145943598 getPrintAppInfoString AppInfo{mPackageName='com.relax.calm.and', mType=7, mUserMarkType=-1}
06-11 10:45:43.598 27947 28278 I GameSpaceUI.COSASDKManager: getManagerInfoListNoTimeOut_1781145943598 getPrintAppInfoString AppInfo{mPackageName='com.ss.android.ugc.aweme.lite', mType=7, mUserMarkType=-1}
06-11 10:45:43.598 27947 28278 I GameSpaceUI.COSASDKManager: getManagerInfoListNoTimeOut_1781145943598 getPrintAppInfoString AppInfo{mPackageName='com.baidu.carlife.oppo', mType=7, mUserMarkType=-1}
06-11 10:45:43.598 27947 28278 I GameSpaceUI.COSASDKManager: getManagerInfoListNoTimeOut_1781145943598 getPrintAppInfoString AppInfo{mPackageName='space.xinzhi.flutterseek', mType=7, mUserMarkType=-1}
06-11 10:45:43.598 27947 28278 I GameSpaceUI.COSASDKManager: getManagerInfoListNoTimeOut_1781145943598 getPrintAppInfoString AppInfo{mPackageName='cmb.pb', mType=7, mUserMarkType=-1}
06-11 10:45:43.598 27947 28278 I GameSpaceUI.COSASDKManager: getManagerInfoListNoTimeOut_1781145943598 getPrintAppInfoString AppInfo{mPackageName='com.earth.bdspace', mType=7, mUserMarkType=-1}
06-11 10:45:43.598 27947 28278 I GameSpaceUI.COSASDKManager: getManagerInfoListNoTimeOut_1781145943598 getPrintAppInfoString AppInfo{mPackageName='com.aliyun.tongyi', mType=7, mUserMarkType=-1}
06-11 10:45:43.598 27947 28278 I GameSpaceUI.COSASDKManager: getManagerInfoListNoTimeOut_1781145943598 getPrintAppInfoString AppInfo{mPackageName='com.MobileTicket', mType=7, mUserMarkType=-1}
06-11 10:45:43.598 27947 28278 I GameSpaceUI.COSASDKManager: getManagerInfoListNoTimeOut_1781145943598 getPrintAppInfoString AppInfo{mPackageName='com.xingin.xhs', mType=7, mUserMarkType=-1}
06-11 10:45:43.598 27947 28278 I GameSpaceUI.COSASDKManager: getManagerInfoListNoTimeOut_1781145943598 getPrintAppInfoString AppInfo{mPackageName='com.tencent.mm', mType=7, mUserMarkType=-1}
06-11 10:45:43.598 27947 28278 I GameSpaceUI.COSASDKManager: getManagerInfoListNoTimeOut_1781145943598 getPrintAppInfoString AppInfo{mPackageName='com.chinamworld.bocmbci', mType=7, mUserMarkType=-1}
06-11 10:45:43.598 27947 28278 I GameSpaceUI.COSASDKManager: getManagerInfoListNoTimeOut_1781145943598 getPrintAppInfoString AppInfo{mPackageName='com.tencent.android.qqdownloader', mType=7, mUserMarkType=-1}
06-11 10:45:43.598 27947 28278 I GameSpaceUI.COSASDKManager: getManagerInfoListNoTimeOut_1781145943598 getPrintAppInfoString AppInfo{mPackageName='com.pingan.paces.ccms', mType=7, mUserMarkType=-1}
06-11 10:45:43.598 27947 28278 I GameSpaceUI.COSASDKManager: getManagerInfoListNoTimeOut_1781145943598 getPrintAppInfoString AppInfo{mPackageName='com.nqsky.rmad.dizhiyun', mType=7, mUserMarkType=-1}
06-11 10:45:43.598 27947 28278 I GameSpaceUI.COSASDKManager: getManagerInfoListNoTimeOut_1781145943598 getPrintAppInfoString AppInfo{mPackageName='com.mcswscdtnov.map', mType=7, mUserMarkType=-1}
06-11 10:45:43.598 27947 28278 I GameSpaceUI.COSASDKManager: getManagerInfoListNoTimeOut_1781145943598 getPrintAppInfoString AppInfo{mPackageName='com.baidu.searchbox', mType=7, mUserMarkType=-1}
06-11 10:45:43.598 27947 28278 I GameSpaceUI.COSASDKManager: getManagerInfoListNoTimeOut_1781145943598 getPrintAppInfoString AppInfo{mPackageName='com.wuba', mType=7, mUserMarkType=-1}
06-11 10:45:43.598 27947 28278 I GameSpaceUI.COSASDKManager: getManagerInfoListNoTimeOut_1781145943598 getPrintAppInfoString AppInfo{mPackageName='com.deepseek.chat', mType=7, mUserMarkType=-1}
06-11 10:45:43.598 27947 28278 I GameSpaceUI.COSASDKManager: getManagerInfoListNoTimeOut_1781145943598 getPrintAppInfoString AppInfo{mPackageName='com.cat.readall', mType=7, mUserMarkType=-1}
06-11 10:45:43.598 27947 28278 I GameSpaceUI.COSASDKManager: getManagerInfoListNoTimeOut_1781145943598 getPrintAppInfoString AppInfo{mPackageName='com.future.compass', mType=7, mUserMarkType=-1}
06-11 10:45:43.598 27947 28278 I GameSpaceUI.COSASDKManager: getManagerInfoListNoTimeOut_1781145943598 getPrintAppInfoString AppInfo{mPackageName='com.HaoTuBang.H3DBodyFree', mType=7, mUserMarkType=-1}
06-11 10:45:43.598 27947 28278 I GameSpaceUI.COSASDKManager: getManagerInfoListNoTimeOut_1781145943598 getPrintAppInfoString AppInfo{mPackageName='com.jdcar.jch', mType=7, mUserMarkType=-1}
06-11 10:45:43.598 27947 28278 I GameSpaceUI.COSASDKManager: getManagerInfoListNoTimeOut_1781145943598 getPrintAppInfoString AppInfo{mPackageName='cn.wps.moffice.lite', mType=7, mUserMarkType=-1}
06-11 10:45:43.598 27947 28278 I GameSpaceUI.COSASDKManager: getManagerInfoListNoTimeOut_1781145943598 getPrintAppInfoString AppInfo{mPackageName='com.redteamobile.roaming', mType=7, mUserMarkType=-1}
06-11 10:45:43.598 27947 28278 I GameSpaceUI.COSASDKManager: getManagerInfoListNoTimeOut_1781145943598 getPrintAppInfoString AppInfo{mPackageName='com.tencent.map', mType=7, mUserMarkType=-1}
06-11 10:45:43.599 27947 28278 I GameSpaceUI.COSASDKManager: getManagerInfoListNoTimeOut_1781145943598 getPrintAppInfoString AppInfo{mPackageName='com.xunmeng.pinduoduo', mType=7, mUserMarkType=-1}
06-11 10:45:43.599  8454  5370 I ContextAware_AppSortAlgorithmManager: sortForAppRecommendChange sendMessage, source=app_recommend_event
06-11 10:45:43.599 27947 28278 I GameSpaceUI.COSASDKManager: getManagerInfoListNoTimeOut_1781145943598 getPrintAppInfoString AppInfo{mPackageName='com.lolaage.tbulu.tools', mType=7, mUserMarkType=-1}
06-11 10:45:43.599 27947 28278 I GameSpaceUI.COSASDKManager: getManagerInfoListNoTimeOut_1781145943598 getPrintAppInfoString AppInfo{mPackageName='com.tencent.wework', mType=7, mUserMarkType=-1}
06-11 10:45:43.599 27947 28278 I GameSpaceUI.COSASDKManager: getManagerInfoListNoTimeOut_1781145943598 getPrintAppInfoString AppInfo{mPackageName='com.ss.android.ugc.livelite', mType=7, mUserMarkType=-1}
06-11 10:45:43.599 27947 28278 I GameSpaceUI.COSASDKManager: getManagerInfoListNoTimeOut_1781145943598 getPrintAppInfoString AppInfo{mPackageName='cn.danatech.xingseapp', mType=7, mUserMarkType=-1}
06-11 10:45:43.599 27947 28278 I GameSpaceUI.COSASDKManager: getManagerInfoListNoTimeOut_1781145943598 getPrintAppInfoString AppInfo{mPackageName='com.ss.android.article.news', mType=7, mUserMarkType=-1}
06-11 10:45:43.599 27947 28278 I GameSpaceUI.COSASDKManager: getManagerInfoListNoTimeOut_1781145943598 getPrintAppInfoString AppInfo{mPackageName='com.android.chrome', mType=7, mUserMarkType=-1}
06-11 10:45:43.599 27947 28278 I GameSpaceUI.COSASDKManager: getManagerInfoListNoTimeOut_1781145943598 getPrintAppInfoString AppInfo{mPackageName='com.UCMobile', mType=7, mUserMarkType=-1}
06-11 10:45:43.599 27947 28278 I GameSpaceUI.COSASDKManager: getManagerInfoListNoTimeOut_1781145943598 getPrintAppInfoString AppInfo{mPackageName='com.yuanlue.sportnote', mType=7, mUserMarkType=-1}
06-11 10:45:43.599 27947 28278 I GameSpaceUI.COSASDKManager: getManagerInfoListNoTimeOut_1781145943598 getPrintAppInfoString AppInfo{mPackageName='com.earthengine.minimalglobe', mType=7, mUserMarkType=-1}
06-11 10:45:43.599 27947 28278 I GameSpaceUI.COSASDKManager: getManagerInfoListNoTimeOut_1781145943598 getPrintAppInfoString AppInfo{mPackageName='com.nearme.gamecenter', mType=7, mUserMarkType=-1}
06-11 10:45:43.599 27947 28278 I GameSpaceUI.COSASDKManager: getManagerInfoListNoTimeOut_1781145943598 getPrintAppInfoString AppInfo{mPackageName='com.ss.android.ugc.aweme', mType=7, mUserMarkType=-1}
06-11 10:45:43.599 27947 28278 I GameSpaceUI.COSASDKManager: getManagerInfoListNoTimeOut_1781145943598 getPrintAppInfoString AppInfo{mPackageName='com.tencent.mobileqq', mType=7, mUserMarkType=-1}
06-11 10:45:43.599  8454  8173 I ContextAware_AppCardProcessor: [subscription2x2-launcher]no card, release not send
06-11 10:45:43.599 27947 28278 I GameSpaceUI.COSASDKManager: getManagerInfoListNoTimeOut_1781145943598 getPrintAppInfoString AppInfo{mPackageName='com.ss.android.auto', mType=7, mUserMarkType=-1}
06-11 10:45:43.599 27947 28278 I GameSpaceUI.COSASDKManager: getManagerInfoListNoTimeOut_1781145943598 getPrintAppInfoString AppInfo{mPackageName='com.ss.android.lark', mType=7, mUserMarkType=-1}
06-11 10:45:43.599  8454  8173 I metis_v2_BreenoSwitchSettingObserver: panta-sugg-getMasterSwitchStatus from cache:true
06-11 10:45:43.599  4650 29673 W AppIconLoader: save cache: appicon://app/com.earthengine.minimalglobe?force_refresh=true&timestamp=1781145942992
06-11 10:45:43.600  4650 29673 W AppIconLoader: [cache create]
06-11 10:45:43.600  4650 29673 W AppIconLoader: key=appicon://app/com.earthengine.minimalglobe
06-11 10:45:43.600  4650 29673 W AppIconLoader: curTime=1781145943600
06-11 10:45:43.600  4650 29673 W AppIconLoader: expireTime=1781189143600
06-11 10:45:43.600  4650  4650 D FlexImageView: ev0@0xa383244, ref:49, p:48 drawable.width: 210 drawable.height:210 view.height:196 view.width: 195, ConstantState: android.graphics.drawable.BitmapDrawable$BitmapState@ecd4ce9
06-11 10:45:43.600  4650  4650 E FlexImageView: ev0@0xa383244, ref:49, p:48,  appicon://app/com.earthengine.minimalglobe?force_refresh=true&timestamp=1781145942992 , onFinalImageSet 210 , 210
06-11 10:45:43.601  4650 23595 D JsConsole: breeno2X2-launcher(rsUDrjLDfb7Y)::appicon-1: onComplete $evt:{"ref":"49","type":"image","prop":{"_styleObjectId":4},"attr":{"forcePrecision":"true","id":"appicon-1-b","tag":"▼∩fcpmhmbnjojn.fojhofiusbf.npd▼∩","forcedark":"false","src":"appicon://app/▼∩fcpmhmbnjojn.fojhofiusbf.npd▼∩?force_refresh=true&timestamp=1781145942992","class":"app-icon "},"inlineStyle":{"height":"100%","width":"100%","borderRadiusWeight":0,"borderRadius":"0dp"},"event":["error","complete"]}
06-11 10:45:43.601  3189  3886 D SyncManagerExtImpl: isSyncValid: 
06-11 10:45:43.601  4639  8514 D NetworkService[1]: getIfIndexByNetid netId:194,ifName:wlan0,ifIndex:30
06-11 10:45:43.603 26764  6150 I WeatherS_LocalUtils: updateWeatherStart:true;false;false;false
06-11 10:45:43.607  1460  4283 W SeedlingShare: (com.oplus.games, assistant_config_card_show_default) not in seeding shared white list.
06-11 10:45:43.609 19629 19687 I DMP-Dispatcher: addChainedWork, method[onReceive], resource[standard_data#unified_service_invocation], extras[Bundle[{action=android.intent.action.PACKAGE_REPLACED, package=com.earthengine.minimalglobe}]]
06-11 10:45:43.614  6058  6212 I JniHttpHelper: httpGet OK: https://webst01.is.autonavi.com/appmaptile?style=6&x=0&y=0&z=0 -> 4235 bytes
06-11 10:45:43.618  3189  3263 I system_server: AssetManager2(0xb4000078c7a2e528) locale list changing from [] to [zh-CN]
06-11 10:45:43.618  6058  6212 I AndroidBridge: Decoded image 256x256 from 4235 bytes
06-11 10:45:43.619  3189  3825 I system_server: AssetManager2(0xb40000791621bc28) locale list changing from [] to [zh-CN]
06-11 10:45:43.624  6058  6058 I BasemapLayer: Tile uploaded: 0/0/0 256x256
06-11 10:45:43.627  6058  6288 I AndroidBridge: androidHttpGet: env=0xb400007a6f9b0120 gJniHttpHelperClass=0x30a6 gHttpGetMethod=0x1 url=https://webst04.is.autonavi.com/appmaptile?style=6&x=1&y=2&z=3
06-11 10:45:43.627  6058  6288 I JniHttpHelper: httpGet called: https://webst04.is.autonavi.com/appmaptile?style=6&x=1&y=2&z=3
06-11 10:45:43.628  6058  6058 I BasemapLayer: getOrCreate: z=2 useTerr=0 cacheTerr=0
06-11 10:45:43.628  1460  4283 W AppInfo : AppInfo create Uri content://com.nearme.instant.platform.res/com.coloros.gamespaceui.quickapp.guide/manifest.json
06-11 10:45:43.628  6058  6058 I BasemapLayer: getOrCreate: z=2 useTerr=0 cacheTerr=0
06-11 10:45:43.629  1460  4283 W PackageFilesValidator: isInvalidResource: AppDistributionMeta is null
06-11 10:45:43.629  6058  6058 I BasemapLayer: getOrCreate: z=1 useTerr=0 cacheTerr=0
06-11 10:45:43.630 26764  6150 W Weather_Location_LocationController: location condition not met, return!
06-11 10:45:43.632 26764 26764 I WeatherS_UpdateWeatherService: onStartCommand intent: true flags: 0 startId: 1
06-11 10:45:43.633 26764 26764 I WeatherS_UpdateWeatherService: setUpdateWeather: ,currentUpdateAttendId:41,isUpdateAll:false,isWeatherLight:true,isForceRefresh:false,updateScene:20100,callingPkg:com.coloros.alarmclock,weatherType:null
06-11 10:45:43.633 26764 26764 I WeatherS_UpdateWeatherService: registerBroadcast mHasRegisterBroadcast: false
06-11 10:45:43.633  6058  6296 I AndroidBridge: androidHttpGet: env=0xb400007a0aba5ee0 gJniHttpHelperClass=0x30a6 gHttpGetMethod=0x1 url=https://webst01.is.autonavi.com/appmaptile?style=6&x=1&y=3&z=3
06-11 10:45:43.633  6058  6296 I JniHttpHelper: httpGet called: https://webst01.is.autonavi.com/appmaptile?style=6&x=1&y=3&z=3
06-11 10:45:43.636  6058  6297 I AndroidBridge: androidHttpGet: env=0xb400007a7da0fb60 gJniHttpHelperClass=0x30a6 gHttpGetMethod=0x1 url=https://webst02.is.autonavi.com/appmaptile?style=6&x=2&y=3&z=3
06-11 10:45:43.636  6058  6297 I JniHttpHelper: httpGet called: https://webst02.is.autonavi.com/appmaptile?style=6&x=2&y=3&z=3
06-11 10:45:43.636  6058  6298 I AndroidBridge: androidHttpGet: env=0xb400007a0aba6260 gJniHttpHelperClass=0x30a6 gHttpGetMethod=0x1 url=https://webst03.is.autonavi.com/appmaptile?style=6&x=3&y=3&z=3
06-11 10:45:43.636  6058  6298 I JniHttpHelper: httpGet called: https://webst03.is.autonavi.com/appmaptile?style=6&x=3&y=3&z=3
06-11 10:45:43.636  6058  6299 I AndroidBridge: androidHttpGet: env=0xb400007a7da12480 gJniHttpHelperClass=0x30a6 gHttpGetMethod=0x1 url=https://webst04.is.autonavi.com/appmaptile?style=6&x=1629&y=846&z=11
06-11 10:45:43.636  6058  6301 I AndroidBridge: androidHttpGet: env=0xb400007a0aba65e0 gJniHttpHelperClass=0x30a6 gHttpGetMethod=0x1 url=https://webst01.is.autonavi.com/appmaptile?style=6&x=1629&y=847&z=11
06-11 10:45:43.636  6058  6305 I AndroidBridge: androidHttpGet: env=0xb400007a7da12800 gJniHttpHelperClass=0x30a6 gHttpGetMethod=0x1 url=https://webst01.is.autonavi.com/appmaptile?style=6&x=1630&y=846&z=11
06-11 10:45:43.637  6058  6308 I AndroidBridge: androidHttpGet: env=0xb400007a0aba6960 gJniHttpHelperClass=0x30a6 gHttpGetMethod=0x1 url=https://webst02.is.autonavi.com/appmaptile?style=6&x=1630&y=847&z=11
06-11 10:45:43.637  6058  6312 I AndroidBridge: androidHttpGet: env=0xb400007a7da12b80 gJniHttpHelperClass=0x30a6 gHttpGetMethod=0x1 url=https://webst02.is.autonavi.com/appmaptile?style=6&x=1629&y=848&z=11
06-11 10:45:43.637  6058  6321 I AndroidBridge: androidHttpGet: env=0xb400007a0aba6ce0 gJniHttpHelperClass=0x30a6 gHttpGetMethod=0x1 url=https://webst03.is.autonavi.com/appmaptile?style=6&x=1630&y=848&z=11
06-11 10:45:43.637  6058  6322 I AndroidBridge: androidHttpGet: env=0xb400007a7da12f00 gJniHttpHelperClass=0x30a6 gHttpGetMethod=0x1 url=https://webst02.is.autonavi.com/appmaptile?style=6&x=1&y=4&z=3
06-11 10:45:43.637  6058  6325 I AndroidBridge: androidHttpGet: env=0xb400007a0aba7060 gJniHttpHelperClass=0x30a6 gHttpGetMethod=0x1 url=https://webst02.is.autonavi.com/appmaptile?style=6&x=0&y=5&z=3
06-11 10:45:43.641  3189  3263 I system_server: AssetManager2(0xb4000078c7b0db28) locale list changing from [] to [zh-CN]
06-11 10:45:43.648 26764 24319 I WeatherS_UpdateWeatherService: onStartCommand callUidId: 10169 nameForUid: com.coloros.weather.service
06-11 10:45:43.652  1460  4283 W AppInfo : app info parse uri fail. uri: content://com.nearme.instant.platform.res/com.coloros.gamespaceui.quickapp.guide/manifest.json##Throwable##java.io.FileNotFoundException: open failed: ENOENT (No such file or directory)
06-11 10:45:43.652  1460  4283 W AppInfo : 	at android.os.ParcelFileDescriptor.openInternal(ParcelFileDescriptor.java:356)
06-11 10:45:43.652  1460  4283 W AppInfo : 	at android.os.ParcelFileDescriptor.open(ParcelFileDescriptor.java:233)
06-11 10:45:43.652  1460  4283 W AppInfo : 	at org.hapjs.cache.CacheProvider.doOpenFile(SourceFile:56)
06-11 10:45:43.652  1460  4283 W AppInfo : 	at org.hapjs.AbstractContentProvider.openFile(SourceFile:4)
06-11 10:45:43.652  1460  4283 W AppInfo : 	at android.content.ContentProvider.openAssetFile(ContentProvider.java:2326)
06-11 10:45:43.652  1460  4283 W AppInfo : 	at org.hapjs.AbstractContentProvider.doOpenAssetFile(SourceFile:1)
06-11 10:45:43.652  1460  4283 W AppInfo : 	at org.hapjs.cache.CacheProvider.doOpenAssetFile(SourceFile:74)
06-11 10:45:43.652  1460  4283 W AppInfo : 	at org.hapjs.AbstractContentProvider.openAssetFile(SourceFile:4)
06-11 10:45:43.652  1460  4283 W AppInfo : 	at android.content.ContentProvider.openTypedAssetFile(ContentProvider.java:2504)
06-11 10:45:43.652  1460  4283 W AppInfo : 	at android.content.ContentProvider.openTypedAssetFile(ContentProvider.java:2571)
06-11 10:45:43.652  1460  4283 W AppInfo : 	at android.content.ContentProvider$Transport.openTypedAssetFile(ContentProvider.java:692)
06-11 10:45:43.652  1460  4283 W AppInfo : 	at android.content.ContentResolver.openTypedAssetFileDescriptor(ContentResolver.java:2097)
06-11 10:45:43.652  1460  4283 W AppInfo : 	at android.content.ContentResolver.openAssetFileDescriptor(ContentResolver.java:1912)
06-11 10:45:43.652  1460  4283 W AppInfo : 	at android.content.ContentResolver.openInputStream(ContentResolver.java:1582)
06-11 10:45:43.652  1460  4283 W AppInfo : 	at org.hapjs.model.AppInfo.fromUri(SourceFile:7)
06-11 10:45:43.652  1460  4283 W AppInfo : 	at org.hapjs.model.AppInfo.create(SourceFile:105)
06-11 10:45:43.652  1460  4283 W AppInfo : 	at org.hapjs.bridge.DefaultAppInfoProvider.create(SourceFile:1)
06-11 10:45:43.652  1460  4283 W AppInfo : 	at a.a.a.nl0.g(SourceFile:58)
06-11 10:45:43.652  1460  4283 W AppInfo : 	at a.a.a.nl0.e(SourceFile:2)
06-11 10:45:43.652  1460  4283 W AppInfo : 	at a.a.a.rp6.d(SourceFile:22)
06-11 10:45:43.652  1460  4283 W AppInfo : 	at a.a.a.rp6.c(SourceFile:52)
06-11 10:45:43.652  1460  4283 W AppInfo : 	at com.nearme.instant.card.SharedDataProvider.setOrUpdateSharedDataInner(SourceFile:48)
06-11 10:45:43.652  1460  4283 W AppInfo : 	at com.nearme.instant.card.SharedDataProvider.setOrUpdateSharedData(SourceFile:61)
06-11 10:45:43.652  1460  4283 W AppInfo : 	at com.nearme.instant.card.SharedDataProvider.doCall(SourceFile:46)
06-11 10:45:43.652  1460  4283 W AppInfo : 	at org.hapjs.AbstractContentProvider.call(SourceFile:4)
06-11 10:45:43.652  1460  4283 W AppInfo : 	at android.content.ContentProvider.call(ContentProvider.java:2773)
06-11 10:45:43.652  1460  4283 W AppInfo : 	at android.content.ContentProvider$Transport.call(ContentProvider.java:653)
06-11 10:45:43.652  1460  4283 W AppInfo : 	at android.content.ContentProviderNative.onTransact(ContentProviderNative.java:307)
06-11 10:45:43.652  1460  4283 W AppInfo : 	at android.os.Binder.execTransactInternal(Binder.java:1444)
06-11 10:45:43.652  1460  4283 W AppInfo : 	at android.os.Binder.execTransact(Binder.java:1378)
06-11 10:45:43.652  1460  4283 E PermissionVerifier: card rpk not exists
06-11 10:45:43.652  1460  4283 W PermissionVerifier: checkWritePermission writer: com.oplus.games not in rpk: com.coloros.gamespaceui.quickapp.guide allowed list
06-11 10:45:43.652  1460  4283 W SharedDataProvider: setOrUpdateSharedData no permissions!
06-11 10:45:43.657  9703 10942 D RealConnection:: Platform.get().getSelectedProtocol(sslSocket):http/1.1
06-11 10:45:43.657  9703 10942 D RealConnection:: supportsTlsExtensions:true
06-11 10:45:43.657  9703 10942 D RealConnection:: maybeProtocol:http/1.1
06-11 10:45:43.657  9703 10942 D RealConnection:: protocol:http/1.1
06-11 10:45:43.663  6058  6296 I JniHttpHelper: httpGet OK: https://webst01.is.autonavi.com/appmaptile?style=6&x=1&y=3&z=3 -> 5650 bytes
06-11 10:45:43.663  1460  4283 W SeedlingShare: (com.oplus.games, assistant_config_card_show_default) not in seeding shared white list.
06-11 10:45:43.665  1460  4283 W AppInfo : AppInfo create Uri content://com.nearme.instant.platform.res/com.coloros.gamespaceui.quickapp.library/manifest.json
06-11 10:45:43.666  1460  4283 W PackageFilesValidator: isInvalidResource: AppDistributionMeta is null
06-11 10:45:43.669 19629 19687 I DMP-PowerUtils: isLowPower, battery:100, low power threshold:20
06-11 10:45:43.670  3189  3263 I system_server: AssetManager2(0xb4000078c7b0cc28) locale list changing from [] to [zh-CN]
06-11 10:45:43.670 19629 19687 I DMP-AbstractWorkManager: createOneTimeWorkRequest for standard_data#unified_service_invocation, method: onReceive, workName: onReceiveWork done, workRequestId:3749fc7a-29cd-4b31-b679-0bd8a73653e3, expedited:false
06-11 10:45:43.670 19629 19687 I DMP-AbstractWorkManager: createOneTimeWorkRequest for standard_data#unified_service_invocation, method: onReceive, workName: completeKeywordIndexWork done, workRequestId:adfb1111-e1af-4fe4-9951-79afd331e3b5, expedited:false
06-11 10:45:43.670 19629 19687 I DMP-BusinessHandler: not file manager apk
06-11 10:45:43.671  1460  4283 W AppInfo : app info parse uri fail. uri: content://com.nearme.instant.platform.res/com.coloros.gamespaceui.quickapp.library/manifest.json##Throwable##java.io.FileNotFoundException: open failed: ENOENT (No such file or directory)
06-11 10:45:43.671  1460  4283 W AppInfo : 	at android.os.ParcelFileDescriptor.openInternal(ParcelFileDescriptor.java:356)
06-11 10:45:43.671  1460  4283 W AppInfo : 	at android.os.ParcelFileDescriptor.open(ParcelFileDescriptor.java:233)
06-11 10:45:43.671  1460  4283 W AppInfo : 	at org.hapjs.cache.CacheProvider.doOpenFile(SourceFile:56)
06-11 10:45:43.671  1460  4283 W AppInfo : 	at org.hapjs.AbstractContentProvider.openFile(SourceFile:4)
06-11 10:45:43.671  1460  4283 W AppInfo : 	at android.content.ContentProvider.openAssetFile(ContentProvider.java:2326)
06-11 10:45:43.671  1460  4283 W AppInfo : 	at org.hapjs.AbstractContentProvider.doOpenAssetFile(SourceFile:1)
06-11 10:45:43.671  1460  4283 W AppInfo : 	at org.hapjs.cache.CacheProvider.doOpenAssetFile(SourceFile:74)
06-11 10:45:43.671  1460  4283 W AppInfo : 	at org.hapjs.AbstractContentProvider.openAssetFile(SourceFile:4)
06-11 10:45:43.671  1460  4283 W AppInfo : 	at android.content.ContentProvider.openTypedAssetFile(ContentProvider.java:2504)
06-11 10:45:43.671  1460  4283 W AppInfo : 	at android.content.ContentProvider.openTypedAssetFile(ContentProvider.java:2571)
06-11 10:45:43.671  1460  4283 W AppInfo : 	at android.content.ContentProvider$Transport.openTypedAssetFile(ContentProvider.java:692)
06-11 10:45:43.671  1460  4283 W AppInfo : 	at android.content.ContentResolver.openTypedAssetFileDescriptor(ContentResolver.java:2097)
06-11 10:45:43.671  1460  4283 W AppInfo : 	at android.content.ContentResolver.openAssetFileDescriptor(ContentResolver.java:1912)
06-11 10:45:43.671  1460  4283 W AppInfo : 	at android.content.ContentResolver.openInputStream(ContentResolver.java:1582)
06-11 10:45:43.671  1460  4283 W AppInfo : 	at org.hapjs.model.AppInfo.fromUri(SourceFile:7)
06-11 10:45:43.671  1460  4283 W AppInfo : 	at org.hapjs.model.AppInfo.create(SourceFile:105)
06-11 10:45:43.671  1460  4283 W AppInfo : 	at org.hapjs.bridge.DefaultAppInfoProvider.create(SourceFile:1)
06-11 10:45:43.671  1460  4283 W AppInfo : 	at a.a.a.nl0.g(SourceFile:58)
06-11 10:45:43.671  1460  4283 W AppInfo : 	at a.a.a.nl0.e(SourceFile:2)
06-11 10:45:43.671  1460  4283 W AppInfo : 	at a.a.a.rp6.d(SourceFile:22)
06-11 10:45:43.671  1460  4283 W AppInfo : 	at a.a.a.rp6.c(SourceFile:52)
06-11 10:45:43.671  1460  4283 W AppInfo : 	at com.nearme.instant.card.SharedDataProvider.setOrUpdateSharedDataInner(SourceFile:48)
06-11 10:45:43.671  1460  4283 W AppInfo : 	at com.nearme.instant.card.SharedDataProvider.setOrUpdateSharedData(SourceFile:61)
06-11 10:45:43.671  1460  4283 W AppInfo : 	at com.nearme.instant.card.SharedDataProvider.doCall(SourceFile:46)
06-11 10:45:43.671  1460  4283 W AppInfo : 	at org.hapjs.AbstractContentProvider.call(SourceFile:4)
06-11 10:45:43.671  1460  4283 W AppInfo : 	at android.content.ContentProvider.call(ContentProvider.java:2773)
06-11 10:45:43.671  1460  4283 W AppInfo : 	at android.content.ContentProvider$Transport.call(ContentProvider.java:653)
06-11 10:45:43.671  1460  4283 W AppInfo : 	at android.content.ContentProviderNative.onTransact(ContentProviderNative.java:307)
06-11 10:45:43.671  1460  4283 W AppInfo : 	at android.os.Binder.execTransactInternal(Binder.java:1444)
06-11 10:45:43.671  1460  4283 W AppInfo : 	at android.os.Binder.execTransact(Binder.java:1378)
06-11 10:45:43.674  1460  4283 E PermissionVerifier: card rpk not exists
06-11 10:45:43.674  1667 15952 I sensors-hal: handle_oplus_wise_rgb_event:230, wise_rgb:algo_type = 3
06-11 10:45:43.674  1667 15988 I sensors-hal: handle_oplus_wise_rgb_event:301, oplus wise_rgb sample: (7372)(cct, lux, ir_ratio, r, g, b, c)[6359, 492, 33, 39183, 34485, 19299, 87079]
06-11 10:45:43.674  1667 15952 I sensors-hal: handle_oplus_wise_rgb_event:285, wise_rgb: raw_lux 492.062500, raw_cct 6359.050781, r/g/b/c: 39183.429688/34485.703125/19299.080078/87079.140625, R/G/B: 0.000000/0.000000/0.000000, brl 1529.000000, lux: 492.062500, cct: 6359.050781, ts 243340992771520, cnt 7372
06-11 10:45:43.675  1460  4283 W PermissionVerifier: checkWritePermission writer: com.oplus.games not in rpk: com.coloros.gamespaceui.quickapp.library allowed list
06-11 10:45:43.675  1460  4283 W SharedDataProvider: setOrUpdateSharedData no permissions!
06-11 10:45:43.678  3189  3825 I system_server: AssetManager2(0xb4000078f0cc0e28) locale list changing from [] to [zh-CN]
06-11 10:45:43.679  6058  6296 I AndroidBridge: Decoded image 256x256 from 5650 bytes
06-11 10:45:43.679  1460  1493 W SeedlingShare: (com.oplus.games, assistant_desktop_card_click_interact) not in seeding shared white list.
06-11 10:45:43.680  6058  6299 I JniHttpHelper: httpGet called: https://webst04.is.autonavi.com/appmaptile?style=6&x=1629&y=846&z=11
06-11 10:45:43.680  1460  1493 W AppInfo : AppInfo create Uri content://com.nearme.instant.platform.res/com.coloros.gamespaceui.quickapp.guide/manifest.json
06-11 10:45:43.681  1460  1493 W PackageFilesValidator: isInvalidResource: AppDistributionMeta is null
06-11 10:45:43.683  6058  6058 I BasemapLayer: Tile uploaded: 3/1/3 256x256
06-11 10:45:43.685  1460  1493 W AppInfo : app info parse uri fail. uri: content://com.nearme.instant.platform.res/com.coloros.gamespaceui.quickapp.guide/manifest.json##Throwable##java.io.FileNotFoundException: open failed: ENOENT (No such file or directory)
06-11 10:45:43.685  1460  1493 W AppInfo : 	at android.os.ParcelFileDescriptor.openInternal(ParcelFileDescriptor.java:356)
06-11 10:45:43.685  1460  1493 W AppInfo : 	at android.os.ParcelFileDescriptor.open(ParcelFileDescriptor.java:233)
06-11 10:45:43.685  1460  1493 W AppInfo : 	at org.hapjs.cache.CacheProvider.doOpenFile(SourceFile:56)
06-11 10:45:43.685  1460  1493 W AppInfo : 	at org.hapjs.AbstractContentProvider.openFile(SourceFile:4)
06-11 10:45:43.685  1460  1493 W AppInfo : 	at android.content.ContentProvider.openAssetFile(ContentProvider.java:2326)
06-11 10:45:43.685  1460  1493 W AppInfo : 	at org.hapjs.AbstractContentProvider.doOpenAssetFile(SourceFile:1)
06-11 10:45:43.685  1460  1493 W AppInfo : 	at org.hapjs.cache.CacheProvider.doOpenAssetFile(SourceFile:74)
06-11 10:45:43.685  1460  1493 W AppInfo : 	at org.hapjs.AbstractContentProvider.openAssetFile(SourceFile:4)
06-11 10:45:43.685  1460  1493 W AppInfo : 	at android.content.ContentProvider.openTypedAssetFile(ContentProvider.java:2504)
06-11 10:45:43.685  1460  1493 W AppInfo : 	at android.content.ContentProvider.openTypedAssetFile(ContentProvider.java:2571)
06-11 10:45:43.685  1460  1493 W AppInfo : 	at android.content.ContentProvider$Transport.openTypedAssetFile(ContentProvider.java:692)
06-11 10:45:43.685  1460  1493 W AppInfo : 	at android.content.ContentResolver.openTypedAssetFileDescriptor(ContentResolver.java:2097)
06-11 10:45:43.685  1460  1493 W AppInfo : 	at android.content.ContentResolver.openAssetFileDescriptor(ContentResolver.java:1912)
06-11 10:45:43.685  1460  1493 W AppInfo : 	at android.content.ContentResolver.openInputStream(ContentResolver.java:1582)
06-11 10:45:43.685  1460  1493 W AppInfo : 	at org.hapjs.model.AppInfo.fromUri(SourceFile:7)
06-11 10:45:43.685  1460  1493 W AppInfo : 	at org.hapjs.model.AppInfo.create(SourceFile:105)
06-11 10:45:43.685  1460  1493 W AppInfo : 	at org.hapjs.bridge.DefaultAppInfoProvider.create(SourceFile:1)
06-11 10:45:43.685  1460  1493 W AppInfo : 	at a.a.a.nl0.g(SourceFile:58)
06-11 10:45:43.685  1460  1493 W AppInfo : 	at a.a.a.nl0.e(SourceFile:2)
06-11 10:45:43.685  1460  1493 W AppInfo : 	at a.a.a.rp6.d(SourceFile:22)
06-11 10:45:43.685  1460  1493 W AppInfo : 	at a.a.a.rp6.c(SourceFile:52)
06-11 10:45:43.685  1460  1493 W AppInfo : 	at com.nearme.instant.card.SharedDataProvider.setOrUpdateSharedDataInner(SourceFile:48)
06-11 10:45:43.685  1460  1493 W AppInfo : 	at com.nearme.instant.card.SharedDataProvider.setOrUpdateSharedData(SourceFile:61)
06-11 10:45:43.685  1460  1493 W AppInfo : 	at com.nearme.instant.card.SharedDataProvider.doCall(SourceFile:46)
06-11 10:45:43.685  1460  1493 W AppInfo : 	at org.hapjs.AbstractContentProvider.call(SourceFile:4)
06-11 10:45:43.685  1460  1493 W AppInfo : 	at android.content.ContentProvider.call(ContentProvider.java:2773)
06-11 10:45:43.685  1460  1493 W AppInfo : 	at android.content.ContentProvider$Transport.call(ContentProvider.java:653)
06-11 10:45:43.685  1460  1493 W AppInfo : 	at android.content.ContentProviderNative.onTransact(ContentProviderNative.java:307)
06-11 10:45:43.685  1460  1493 W AppInfo : 	at android.os.Binder.execTransactInternal(Binder.java:1444)
06-11 10:45:43.685  1460  1493 W AppInfo : 	at android.os.Binder.execTransact(Binder.java:1378)
06-11 10:45:43.685  4639  8514 D NetworkService[1]: getIfIndexByNetid netId:194,ifName:wlan0,ifIndex:30
06-11 10:45:43.686  6058  6347 I AndroidBridge: androidHttpGet: env=0xb400007a0aba60a0 gJniHttpHelperClass=0x30a6 gHttpGetMethod=0x1 url=https://webst03.is.autonavi.com/appmaptile?style=6&x=1&y=5&z=3
06-11 10:45:43.686  1460  1493 E PermissionVerifier: card rpk not exists
06-11 10:45:43.687  1460  1493 W PermissionVerifier: checkWritePermission writer: com.oplus.games not in rpk: com.coloros.gamespaceui.quickapp.guide allowed list
06-11 10:45:43.687  1460  1493 W SharedDataProvider: setOrUpdateSharedData no permissions!
06-11 10:45:43.688 26764 24319 E WeatherS_PrivacyStatementExport: isAgreed1
06-11 10:45:43.690 26764 24319 W WeatherS_ApkSignedCheck: checkCertificateWhiteList: not in inWhiteListcom.coloros.weather.service
06-11 10:45:43.692  3189  3980 D ActivityManager: Async freezing 27947 com.oplus.games
06-11 10:45:43.694 26764 24319 I WeatherS_WeatherProvider: query option: 1,callingUid: 10169,name: com.coloros.weather.service
06-11 10:45:43.695  1460  1460 W FrescoUtils: Fresco clear Memory
06-11 10:45:43.695  1460  1460 W FrescoUtils: fresco app max Memory is 402653184M
06-11 10:45:43.696  3189  3825 I system_server: AssetManager2(0xb4000078f0d3e028) locale list changing from [] to [zh-CN]
06-11 10:45:43.697  6967  8602 I DeepThinker: IntentManager: onIntentProduced 1
06-11 10:45:43.697  6967  8602 I DeepThinker: IntentManager: dispatchIntents 1
06-11 10:45:43.697  6967  8214 I DeepThinker: EventFountainDispatcher: dispatchSpecificIntents 1
06-11 10:45:43.697  6967  8214 I DeepThinker: EventFountainDispatcher: dispatchSpecificIntents com.pantanal.action.APPS_LIST
06-11 10:45:43.698  3189  3263 I system_server: AssetManager2(0xb4000078c7b0ed28) locale list changing from [] to [zh-CN]
06-11 10:45:43.699  3189  3825 V AccessibilityManagerService: onUserStateChangedLocked for user 0 with forceUpdate: false mEnabledServices = [ComponentInfo{com.oplus.travelengine/com.oplus.travelengine.travelaccessibilityservice.EngineAccessibilityService}] mCrashedServices = [] hasMagnificationConnection=false
06-11 10:45:43.699 26764 24319 E WeatherS_WeatherExpireTimeUtils: hasExpireTimeByCityId:41;00296510106578
06-11 10:45:43.700 26764 24319 I WeatherS_AttentCityDataHelper: hasWeatherInfo query weather info provider id: 41
06-11 10:45:43.700  3189  3825 W MagnificationConnectionManager: requestConnection duplicated request: connect=false, mConnectionState=DISCONNECTED
06-11 10:45:43.702  3189  3263 I system_server: AssetManager2(0xb400007874e6ef28) locale list changing from [] to [zh-CN]
06-11 10:45:43.704  5227  5886 W ONET_NetMonitor: CallStart seq: 11753 retry: 0 method: POST url: https://api-cn.store.heytapmobi.com/update/global/v1/check port: 443 originDn: api-cn.store.heytapmobi.com clientIp: 113.249.239.165 httpDnsIp: 49.7.118.13
06-11 10:45:43.704  4639  8246 D CommonApp-194-10602: commonScoreStrategy scenarios 3 mTLD.uplink_packets + mTLD.downlink_packets > 10 avgRtt17
06-11 10:45:43.704  4639  8246 D CommonApp-194-10602: notifyScoreChange appScene COMMON score 100
06-11 10:45:43.704  4639  8246 D ScorePolicy: handleScoreChanged: []
06-11 10:45:43.704  4639  8246 D ScorePolicy: handleScoreChanged: []
06-11 10:45:43.705  4639  8246 D ScorePolicy: handleScoreChanged: []
06-11 10:45:43.707  1708  1815 E ANDR-PERF-LM: MetaMeter: handleAsync() 166: AdaptLaunch Invalid Async
06-11 10:45:43.708 26764 24319 E WeatherS_PrivacyStatementExport: isAgreed1
06-11 10:45:43.708 26764 24319 W WeatherS_ApkSignedCheck: checkCertificateWhiteList: not in inWhiteListcom.coloros.weather.service
06-11 10:45:43.708  1460  4283 W SeedlingShare: (com.oplus.games, assistant_desktop_card_click_interact) not in seeding shared white list.
06-11 10:45:43.708 26764 24319 I WeatherS_WeatherProvider: query option: 4,callingUid: 10169,name: com.coloros.weather.service
06-11 10:45:43.710  1460  4283 W AppInfo : AppInfo create Uri content://com.nearme.instant.platform.res/com.coloros.gamespaceui.quickapp.library/manifest.json
06-11 10:45:43.711  1460  4283 W PackageFilesValidator: isInvalidResource: AppDistributionMeta is null
06-11 10:45:43.713 26764 24319 I WeatherS_WeatherExpireTimeUtils: has expire time by city id:41, result:true
06-11 10:45:43.713 26764 24319 I WeatherS_AttentCityDataHelper: hasWeatherInfo query weather info provider id: -10000
06-11 10:45:43.716  3189  3263 I system_server: AssetManager2(0xb400007874e6f228) locale list changing from [] to [zh-CN]
06-11 10:45:43.717  4639  8514 D NetworkService[1]: getIfIndexByNetid netId:194,ifName:wlan0,ifIndex:30
06-11 10:45:43.717 28382 28393 W com.oplus.cosa: Suspending all threads took: 18.902ms
06-11 10:45:43.717  8454  8173 I ContextAware_AppCardProcessor: [breeno-launcher_2x4]Apps on same screen, apps=[com.android.contacts, com.android.mms, com.oplus.camera, com.alibaba.android.rimet, com.example.findmapbox, com.citiccard.mobilebank, com.chinamworld.bocmbci, com.kmxs.reader, com.ovital.ovitalMap, com.nqsky.rmad.dizhiyun, com.taobao.idlefish, cmb.pb, com.larus.nova]
06-11 10:45:43.717  8454  8173 I ContextAware_AdvertisementManager: [breeno-launcher_2x4]getCommerceAppsByCardName size:6
06-11 10:45:43.718  5868  6269 E ashmem  : Pinning is deprecated since Android Q. Please use trim or other methods.
06-11 10:45:43.718  1460  4283 W AppInfo : app info parse uri fail. uri: content://com.nearme.instant.platform.res/com.coloros.gamespaceui.quickapp.library/manifest.json##Throwable##java.io.FileNotFoundException: open failed: ENOENT (No such file or directory)
06-11 10:45:43.718  1460  4283 W AppInfo : 	at android.os.ParcelFileDescriptor.openInternal(ParcelFileDescriptor.java:356)
06-11 10:45:43.718  1460  4283 W AppInfo : 	at android.os.ParcelFileDescriptor.open(ParcelFileDescriptor.java:233)
06-11 10:45:43.718  1460  4283 W AppInfo : 	at org.hapjs.cache.CacheProvider.doOpenFile(SourceFile:56)
06-11 10:45:43.718  1460  4283 W AppInfo : 	at org.hapjs.AbstractContentProvider.openFile(SourceFile:4)
06-11 10:45:43.718  1460  4283 W AppInfo : 	at android.content.ContentProvider.openAssetFile(ContentProvider.java:2326)
06-11 10:45:43.718  1460  4283 W AppInfo : 	at org.hapjs.AbstractContentProvider.doOpenAssetFile(SourceFile:1)
06-11 10:45:43.718  1460  4283 W AppInfo : 	at org.hapjs.cache.CacheProvider.doOpenAssetFile(SourceFile:74)
06-11 10:45:43.718  1460  4283 W AppInfo : 	at org.hapjs.AbstractContentProvider.openAssetFile(SourceFile:4)
06-11 10:45:43.718  1460  4283 W AppInfo : 	at android.content.ContentProvider.openTypedAssetFile(ContentProvider.java:2504)
06-11 10:45:43.718  1460  4283 W AppInfo : 	at android.content.ContentProvider.openTypedAssetFile(ContentProvider.java:2571)
06-11 10:45:43.718  1460  4283 W AppInfo : 	at android.content.ContentProvider$Transport.openTypedAssetFile(ContentProvider.java:692)
06-11 10:45:43.718  1460  4283 W AppInfo : 	at android.content.ContentResolver.openTypedAssetFileDescriptor(ContentResolver.java:2097)
06-11 10:45:43.718  1460  4283 W AppInfo : 	at android.content.ContentResolver.openAssetFileDescriptor(ContentResolver.java:1912)
06-11 10:45:43.718  1460  4283 W AppInfo : 	at android.content.ContentResolver.openInputStream(ContentResolver.java:1582)
06-11 10:45:43.718  1460  4283 W AppInfo : 	at org.hapjs.model.AppInfo.fromUri(SourceFile:7)
06-11 10:45:43.718  1460  4283 W AppInfo : 	at org.hapjs.model.AppInfo.create(SourceFile:105)
06-11 10:45:43.718  1460  4283 W AppInfo : 	at org.hapjs.bridge.DefaultAppInfoProvider.create(SourceFile:1)
06-11 10:45:43.718  1460  4283 W AppInfo : 	at a.a.a.nl0.g(SourceFile:58)
06-11 10:45:43.718  1460  4283 W AppInfo : 	at a.a.a.nl0.e(SourceFile:2)
06-11 10:45:43.718  1460  4283 W AppInfo : 	at a.a.a.rp6.d(SourceFile:22)
06-11 10:45:43.718  1460  4283 W AppInfo : 	at a.a.a.rp6.c(SourceFile:52)
06-11 10:45:43.718  1460  4283 W AppInfo : 	at com.nearme.instant.card.SharedDataProvider.setOrUpdateSharedDataInner(SourceFile:48)
06-11 10:45:43.718  1460  4283 W AppInfo : 	at com.nearme.instant.card.SharedDataProvider.setOrUpdateSharedData(SourceFile:61)
06-11 10:45:43.718  1460  4283 W AppInfo : 	at com.nearme.instant.card.SharedDataProvider.doCall(SourceFile:46)
06-11 10:45:43.718  1460  4283 W AppInfo : 	at org.hapjs.AbstractContentProvider.call(SourceFile:4)
06-11 10:45:43.718  1460  4283 W AppInfo : 	at android.content.ContentProvider.call(ContentProvider.java:2773)
06-11 10:45:43.718  1460  4283 W AppInfo : 	at android.content.ContentProvider$Transport.call(ContentProvider.java:653)
06-11 10:45:43.718  1460  4283 W AppInfo : 	at android.content.ContentProviderNative.onTransact(ContentProviderNative.java:307)
06-11 10:45:43.718  1460  4283 W AppInfo : 	at android.os.Binder.execTransactInternal(Binder.java:1444)
06-11 10:45:43.718  1460  4283 W AppInfo : 	at android.os.Binder.execTransact(Binder.java:1378)
06-11 10:45:43.718  1460  4283 E PermissionVerifier: card rpk not exists
06-11 10:45:43.718  1460  4283 W PermissionVerifier: checkWritePermission writer: com.oplus.games not in rpk: com.coloros.gamespaceui.quickapp.library allowed list
06-11 10:45:43.718  1460  4283 W SharedDataProvider: setOrUpdateSharedData no permissions!
06-11 10:45:43.724 19629 19728 D WM-SystemJobScheduler: Scheduling work ID f0c84ccd-edd0-4f46-8ec4-499177fd5b65Job ID 4807
06-11 10:45:43.728  1708  8308 E ANDR-PERF-LM: VmRssMeter:: start() 358: Could not find pid, can not collect vmrss data
06-11 10:45:43.728  6716  7357 I SG::UmsScanner: queryAccessPackages list.size 185,localApkSet = [com.android.incallui, com.oplus.linker, com.oplus.wirelesssettings, com.coloros.soundrecorder, com.heytap.mydevices, com.coloros.oshare, com.oplus.ipemanager, com.coloros.accessibilityassistant, com.oplus.screenrecorder, com.nearme.instant.platform, com.heytap.health, com.coloros.operationManual, com.coloros.sceneservice, com.coloros.weather2, com.oplus.secondaryhome, com.oplus.melody, com.oplus.dialer, com.coloros.alarmclock, com.oplus.padconnect, com.oneplus.soundrecorder, com.oneplus.deskclock, com.oplus.seedling.media, com.oplus.battery, com.oplus.gesture, com.redteamobile.roaming, com.oplus.safecenter, com.oplus.ocar, com.android.phone, com.oplus.mediacontroller, com.heytap.accessory, com.coloros.backuprestore, com.coloros.securepay, com.android.systemui, com.heytap.opluscarlink, com.coloros.floatassistant, com.finshell.wallet, com.oplus.pantanal.ums, com.oplus.seedlingdemomode, com.oplus.securitypermission, com.oplus.eyeprotect, com.coloros.gallery3d, com.oplus.remotecontrol, com.coloros.scenemode, com.coloros.codebook, com.oplus.exsystemservice, com.coloros.colordirectservice, com.oplus.matrix, com.oplus.smartmediacontroller, com.coloros.phonemanager, com.oplus.wallpapers, com.heytap.mcs, com.oplus.aimemory, com.oplus.camera, com.coloros.calendar, com.oplus.gleanerservice, com.heytap.speechassist, com.oplus.nas, com.oplus.aipaint, com.oplus.devicesettings, com.opos.ads, com.oplus.ebadge, com.coloros.translate, com.oplus.metis] [base|com.oplus.pantanal.ums|2.0.44-25e9612]
06-11 10:45:43.728  1708  8308 E ANDR-PERF-LM: AdaptiveLaunch: writeToDataBase() 64: Meter aborted or could not get meter data for this run
06-11 10:45:43.728  8454  8173 I ContextAware_AppCardProcessor: [breeno-launcher_2x4]process fill ad apps: advApps: com.ss.android.ugc.aweme,com.aliyun.tongyi,com.jingdong.app.mall,com.eg.android.AlipayGphone,com.smile.gifmaker,com.sankuai.meituan
06-11 10:45:43.729  8454  8173 I ContextAware_AppFillAdsProcess: [breeno-launcher_2x4]Mix commerce app with commerceAlg=2 advs=[AppAdInfo[pkg=com.ss.android.ugc.aweme, finalScore=413.00003, timeWeight=0.0,  exposeWeight=0.0, habitWeight=0.0, habitHourWeight=0.0,finalWeight=0.0,weight=0.0, deepLink= 1506, routePage = 0, utrackClickUrl=3, utrackExposeUrl=3,iconUrl=null, icon=null, appType=5, expireTimeStamp:1781193599836,apiSource=5, typeCode=6, cpcScore=13.452769, ecpmScore=413.00003, ctrScore=0.0307,title=null, subTitle=null, adSize=71,algorithmScore=0.0, status=[]], AppAdInfo[pkg=com.aliyun.tongyi, finalScore=193.743, timeWeight=0.0,  exposeWeight=0.0, habitWeight=0.0, habitHourWeight=0.0,finalWeight=0.0,weight=0.0, deepLink= 259, routePage = 0, utrackClickUrl=2, utrackExposeUrl=2,iconUrl=null, icon=null, appType=3, expireTimeStamp:1781193599836,apiSource=9, typeCode=6, cpcScore=103.0, ecpmScore=193.743, ctrScore=0.0018798828,title=null, subTitle=null, adSize=71,algorithmScore=0.0, status=[]], AppAdInfo[pkg=com.jingdong.app.mall, finalScore=89.0, timeWeight=0.0,  exposeWeight=0.0, habitWeight=0.0, habitHourWeight=0.0,finalWeight=0.0,weight=0.0, deepLink= 746, routePage = 0, utrackClickUrl=4, utrackExposeUrl=4,iconUrl=null, icon=null, appType=5, expireTimeStamp:1781193599836,apiSource=5, typeCode=6, cpcScore=34.23077, ecpmScore=89.0, ctrScore=0.0026,title=null, subTitle=null, adSize=71,algorithmScore=0.0, status=[]], AppAdInfo[pkg=com.eg.android.AlipayGphone, finalScore=34.0, timeWeight=0.0,  exposeWeight=0.0, habitWeight=0.0, habitHourWeight=0.0,finalWeight=0.0,weight=0.0, deepLink= 1002, routePage = 0, utrackClickUrl=4, utrackExposeUrl=4,iconUrl=null, icon=null, appType=5, expireTimeStamp:1781193599836,apiSource=5, typeCode=6, cpcScore=5.230769, ecpmScore=34.0, ctrScore=0.0065,title=null, subTitle=null, adSize=71,algorithmScore=0.0, status=[]], AppAdInfo[pkg=com.smile.gifmaker, finalScore=30.0, timeWeight=0.0,  exposeWeight=0.0, habitWeight=0.0, habitHourWeight=0.0,finalWeight=0.0,weight=0.0, deepLink= 1132, routePage = 0, utrackClickUrl=3, utrackExposeUrl=3,iconUrl=null, icon=null, appType=5, expireTimeStamp:1781193599836,apiSource=5, typeCode=1, cpcScore=1.6393442, ecpmScore=30.0, ctrScore=0.0183,title=null, subTitle=null, adSize=71,algorithmScore=0.0, status=[]], AppAdInfo[pkg=com.sankuai.meituan, finalScore=26.433, timeWeight=0.0,  exposeWeight=0.0, habitWeight=0.0, habitHourWeight=0.0,finalWeight=0.0,weight=0.0, deepLink= 116, routePage = 0, utrackClickUrl=2, utrackExposeUrl=2,iconUrl=null, icon=null, appType=3, expireTimeStamp:1781193599836,apiSource=9, typeCode=1, cpcScore=9.0, ecpmScore=26.433, ctrScore=0.0029378256,title=null, subTitle=null, adSize=71,algorithmScore=0.0, status=[]]]
06-11 10:45:43.729  8454  8173 I ContextAware_AppFillAdsProcess: [breeno-launcher_2x4]:maxCount:8  adTakeCount:2  adLoadCount:4
06-11 10:45:43.729  8454  8173 I ContextAware_AppFillAdsProcess: current adv app com.ss.android.ugc.aweme in 7 with status 2
06-11 10:45:43.729  8454  8173 I ContextAware_AppFillAdsProcess: current adv app com.aliyun.tongyi in 8 with status 2
06-11 10:45:43.729  8454  8173 I ContextAware_AppFillAdsProcess: not adv app com.github.metacubex.clash.meta in 9
06-11 10:45:43.729  8454  8173 I ContextAware_AppFillAdsProcess: not adv app com.lolaage.tbulu.tools in 10
06-11 10:45:43.729  8454  8173 I ContextAware_AppFillNewActiveProcess: [breeno-launcher_2x4]not support appSugNewAppSwitch
06-11 10:45:43.730  8454  8173 I ContextAware_AppCardProcessor: [breeno-launcher_2x4]SEND_APP_MESSAGE: commerceAlg=2, resultApps=[AppInfo[pkg=com.earthengine.minimalglobe, appType=0,iconSource=system, recallType=algorithm, deepLink=0,utrackClickUrl=0, utrackExposeUrl=0,icon=0, apiSource=null, typeCode=null, mode=0, advFinalScore=null,  routePage=0,title=null, subTitle=null, adSize=null,probability=0], AppInfo[pkg=space.xinzhi.hiko, appType=0,iconSource=system, recallType=algorithm, deepLink=0,utrackClickUrl=0, utrackExposeUrl=0,icon=0, apiSource=null, typeCode=null, mode=0, advFinalScore=null,  routePage=0,title=null, subTitle=null, adSize=null,probability=0], AppInfo[pkg=com.tencent.mm, appType=0,iconSource=system, recallType=algorithm, deepLink=0,utrackClickUrl=0, utrackExposeUrl=0,icon=0, apiSource=null, typeCode=null, mode=0, advFinalScore=null,  routePage=0,title=null, subTitle=null, adSize=null,probability=0], AppInfo[pkg=space.xinzhi.map, appType=0,iconSource=system, recallType=algorithm, deepLink=0,utrackClickUrl=0, utrackExposeUrl=0,icon=0, apiSource=null, typeCode=null, mode=0, advFinalScore=null,  routePage=0,title=null, subTitle=null, adSize=null,probability=0], AppInfo[pkg=com.ss.android.lark, appType=0,iconSource=system, recallType=algorithm, deepLink=0,utrackClickUrl=0, utrackExposeUrl=0,icon=0, apiSource=null, typeCode=null, mode=0, advFinalScore=null,  routePage=0,title=null, subTitle=null, adSize=null,probability=0], AppInfo[pkg=com.phoenix.read, appType=0,iconSource=system, recallType=algorithm, deepLink=0,utrackClickUrl=0, utrackExposeUrl=0,icon=0, apiSource=null, typeCode=null, mode=0, advFinalScore=null,  routePage=0,title=null, subTitle=null, adSize=null,probability=0], AppInfo[pkg=com.ss.android.ugc.aweme, appType=5,iconSource=system, recallType=ad, deepLink=1506,utrackClickUrl=3, utrackExposeUrl=3,icon=0, apiSource=5, typeCode=6, mode=2, advFinalScore=413.00003,  routePage=0,title=null, subTitle=null, adSize=null,probability=0], AppInfo[pkg=com.aliyun.tongyi, appType=3,iconSource=system, recallType=ad, deepLink=259,utrackClickUrl=2, utrackExposeUrl=2,icon=0, apiSource=9, typeCode=6, mode=2, advFinalScore=193.743,  routePage=0,title=null, subTitle=null, adSize=null,probability=0], AppInfo[pkg=com.github.metacubex.clash.meta, appType=0,iconSource=system, recallType=algorithm, deepLink=0,utrackClickUrl=0, utrackExposeUrl=0,icon=0, apiSource=null, typeCode=null, mode=0, advFinalScore=null,  routePage=0,title=null, subTitle=null, adSize=null,probability=0], AppInfo[pkg=com.lolaage.tbulu.tools, appType=0,iconSource=system, recallType=algorithm, deepLink=0,utrackClickUrl=0, utrackExposeUrl=0,icon=0, apiSource=null, typeCode=null, mode=0, advFinalScore=null,  routePage=0,title=null, subTitle=null, adSize=null,probability=0]], traceId: 4b5b5ab9fa1eb57bee43b590ed4fc7e1-62cb32ae687c4cfa8a88b520b6e90162
06-11 10:45:43.734  6058  6298 I JniHttpHelper: httpGet OK: https://webst03.is.autonavi.com/appmaptile?style=6&x=3&y=3&z=3 -> 4384 bytes
06-11 10:45:43.734  8454 17267 D SceneSDK.1.0.4-SNAPSHOT.8454.DeepThinkerAppSwitchAbility: onAppSwitchEvent: AppSwitchEvent(timeStamp=1781145943697, eventType=1, targetName=com.earthengine.minimalglobe, firstStart=true, multiApp=false, windowMode=1, resumingPackageName=, resumingActivityName=, isResumingMultiApp=false, isResumingFirstStart=false)
06-11 10:45:43.734  8454 17267 I ContextAware_AppRecommendAdapter: receive app recommend from AppSwitchEvent(eventId=1, switchInfo=AppSwitchInfo(targetName=com.earthengine.minimalglobe, firstStart=true, multiApp=false, windowMode=1, resumingPackageName=, resumingActivityName=, isResumingFirstStart=false, isResumingMultiApp=false))
06-11 10:45:43.734  8454 13919 D SceneSDK.1.0.4-SNAPSHOT.8454.DeepThinkerAppSwitchAbility: onAppSwitchEvent: AppSwitchEvent(timeStamp=1781145943697, eventType=1, targetName=com.earthengine.minimalglobe, firstStart=true, multiApp=false, windowMode=1, resumingPackageName=, resumingActivityName=, isResumingMultiApp=false, isResumingFirstStart=false)
06-11 10:45:43.734  8454 13919 I metis_v2_AppSwitchDataCollector: AppEnterEvent =  com.earthengine.minimalglobe, windowMode = 1,firstStart = true
06-11 10:45:43.734  6058  6301 I JniHttpHelper: httpGet called: https://webst01.is.autonavi.com/appmaptile?style=6&x=1629&y=847&z=11
06-11 10:45:43.734  1460  4283 W SeedlingShare: (com.oplus.games, assistant_config_card_new) not in seeding shared white list.
06-11 10:45:43.736  4650 32642 W HapContentObserver: uri: content://appRecommend_data_storage/breeno-launcher_2x4/query
06-11 10:45:43.736  4650 32642 D HapContentObserver: key: 251540744 , task: 70838955
06-11 10:45:43.736  4650 32642 D ContentResolverTask: uri: content://appRecommend_data_storage/breeno-launcher_2x4/query contains: false task: 70838955
06-11 10:45:43.736  4650 32642 D HapContentObserver: key: 82000058 , task: 112544663
06-11 10:45:43.736  4650 32642 D ContentResolverTask: uri: content://appRecommend_data_storage/breeno-launcher_2x4/query contains: false task: 112544663
06-11 10:45:43.738 25296 26448 E AstScreen.ShortcutDAOV2: shortcutDataManager updateLegalStatusMap, legalStatusCache:{14=0, 15=0, 16=0, 18=0, 19=0, 20=0, 21=0, -1721645705=0, 1977694710=0, 24=0, 25=0, 27=0, 28=0, 55255895=0, 29=0, 30=0, 31=0, 32=0, -845193793=0, 33=0, 922111699=0, 331884525=0, 832615816=0, 42=0, 43=0, 44=0, 46=0, 47=0, 48=0, 49=0, 50=0, -1031558479=0, 51=0, 53=0, 56=0, 154133778=0, 1409950772=0, -1709882794=0, 72=0, 1536737232=0, 1692578987=0, 80=0, -1293286733=0, 101=0, 102=0, 703863186=0, -1558926477=0, 105=0, -1292231023=0, 108=0, 111=0, 112=0, -1763354987=0, 118=0, 124=0, 125=0, 1174097286=0, 126=0, 127=0, 313184810=0, -1667428321=0, 132=0, 134=0, 136=0, 140=0, 141=0, 142=0, 144=0, 145=0, 146=0, 147=0, -2096096381=0, 148=0, 1897569679=0, 156=0, -104850075=0, 173=0, 1880698029=0, 1488133239=0, 197=0, 207=0, 219=0, 220=0, 223=0, 227=0, 230=0, 231=0, 232=0, 195266379=0, 233=0, 234=0, 235=0, 236=0, 237=0, 238=0, 239=0, 240=0, 242=0, -159637874=0, 243=0, 244=0, 245=0, 246=0, 247=0, 248=4, 249=0, 251=0, 252=0, 253=0, 254=0, 255=0, 256=0, -262597285=0, -1606001344=0, 779490160=0, 1620159901=0, 277=0, 278=0, 279=4, 280=0, 282=0, 582398868=0, 1609454281=0, -1943382780=0, 1330658925=0, -1917041533=0, -491738124=0, 340=0, 1361780860=0, -1357050264=0, 1178046286=0, 1156888975=0, 1051878348=0, 277973278=0, -589493946=0, 1254578009=0, -819805508=0, 1334352421=0, 256457446=0, 301247579=0, -1664115334=0, 1967896714=0, 1659293491=0, 575541165=0, 1266951777=0, 1116722044=0, 1730484946=0, -1803751815=0, 361910168=0, -1848306725=0, -1186720938=0, -192889194=0, -1040394275=0, 682022528=0, 1319538838=0, -1605005728=0, 713993394=0, 1765779203=0, 2091464343=0, -1829134147=0, -1414602254=0, 1276497535=0, -1902438159=0, 1366626055=0, -860300598=0, 379189486=0, -644965387=0, -973170826=0, 673527470=0, -1635319800=0, 2056029204=0, -228864773=0, 2027416160=0, 378881071=0, 1654990951=0, 1442911426=0, 752555548=0, -1284596293=0, -54547863=0, -2086095549=0, 874354413=0, 1318294930=0, 2123438483=0, -69877540=0, 724574267=0, 1423017949=0, 949069732=0, 1661249612=0, 720897457=0, -1565432350=0, 320673862=0, 282428340=0, -505910608=0, -912745742=0, -695601689=0, 908623192=0, -30315083=0, -103524794=0, -1387139380=0, 633261597=0, -1046965711=0, 1591529847=0, -1565576931=0, 1994036591=0, 535446614=0, 2049668591=0, -859962506=0, -781612358=7, 1335515207=0, 1238325805=0}
06-11 10:45:43.738  8454 13919 W metis_v2_AppSwitchDataCollector: fenceKey = com.oplus.metis:TOP_APPLICATION, getExits = [], getEnters = [] packageName = com.earthengine.minimalglobe
06-11 10:45:43.739  1460  4283 W AppInfo : AppInfo create Uri content://com.nearme.instant.platform.res/com.coloros.gamespaceui.quickapp.guide/manifest.json
06-11 10:45:43.739  1460  4283 W PackageFilesValidator: isInvalidResource: AppDistributionMeta is null
06-11 10:45:43.740  8454 13919 W metis_v2_AppSwitchDataCollector: pid = 6058, cachePid=31458
06-11 10:45:43.741  1460  4283 W AppInfo : app info parse uri fail. uri: content://com.nearme.instant.platform.res/com.coloros.gamespaceui.quickapp.guide/manifest.json##Throwable##java.io.FileNotFoundException: open failed: ENOENT (No such file or directory)
06-11 10:45:43.741  1460  4283 W AppInfo : 	at android.os.ParcelFileDescriptor.openInternal(ParcelFileDescriptor.java:356)
06-11 10:45:43.741  1460  4283 W AppInfo : 	at android.os.ParcelFileDescriptor.open(ParcelFileDescriptor.java:233)
06-11 10:45:43.741  1460  4283 W AppInfo : 	at org.hapjs.cache.CacheProvider.doOpenFile(SourceFile:56)
06-11 10:45:43.741  1460  4283 W AppInfo : 	at org.hapjs.AbstractContentProvider.openFile(SourceFile:4)
06-11 10:45:43.741  1460  4283 W AppInfo : 	at android.content.ContentProvider.openAssetFile(ContentProvider.java:2326)
06-11 10:45:43.741  1460  4283 W AppInfo : 	at org.hapjs.AbstractContentProvider.doOpenAssetFile(SourceFile:1)
06-11 10:45:43.741  1460  4283 W AppInfo : 	at org.hapjs.cache.CacheProvider.doOpenAssetFile(SourceFile:74)
06-11 10:45:43.741  1460  4283 W AppInfo : 	at org.hapjs.AbstractContentProvider.openAssetFile(SourceFile:4)
06-11 10:45:43.741  1460  4283 W AppInfo : 	at android.content.ContentProvider.openTypedAssetFile(ContentProvider.java:2504)
06-11 10:45:43.741  1460  4283 W AppInfo : 	at android.content.ContentProvider.openTypedAssetFile(ContentProvider.java:2571)
06-11 10:45:43.741  1460  4283 W AppInfo : 	at android.content.ContentProvider$Transport.openTypedAssetFile(ContentProvider.java:692)
06-11 10:45:43.741  1460  4283 W AppInfo : 	at android.content.ContentResolver.openTypedAssetFileDescriptor(ContentResolver.java:2097)
06-11 10:45:43.741  1460  4283 W AppInfo : 	at android.content.ContentResolver.openAssetFileDescriptor(ContentResolver.java:1912)
06-11 10:45:43.741  1460  4283 W AppInfo : 	at android.content.ContentResolver.openInputStream(ContentResolver.java:1582)
06-11 10:45:43.741  1460  4283 W AppInfo : 	at org.hapjs.model.AppInfo.fromUri(SourceFile:7)
06-11 10:45:43.741  1460  4283 W AppInfo : 	at org.hapjs.model.AppInfo.create(SourceFile:105)
06-11 10:45:43.741  1460  4283 W AppInfo : 	at org.hapjs.bridge.DefaultAppInfoProvider.create(SourceFile:1)
06-11 10:45:43.741  1460  4283 W AppInfo : 	at a.a.a.nl0.g(SourceFile:58)
06-11 10:45:43.741  1460  4283 W AppInfo : 	at a.a.a.nl0.e(SourceFile:2)
06-11 10:45:43.741  1460  4283 W AppInfo : 	at a.a.a.rp6.d(SourceFile:22)
06-11 10:45:43.741  1460  4283 W AppInfo : 	at a.a.a.rp6.c(SourceFile:52)
06-11 10:45:43.741  1460  4283 W AppInfo : 	at com.nearme.instant.card.SharedDataProvider.setOrUpdateSharedDataInner(SourceFile:48)
06-11 10:45:43.741  1460  4283 W AppInfo : 	at com.nearme.instant.card.SharedDataProvider.setOrUpdateSharedData(SourceFile:61)
06-11 10:45:43.741  1460  4283 W AppInfo : 	at com.nearme.instant.card.SharedDataProvider.doCall(SourceFile:46)
06-11 10:45:43.741  1460  4283 W AppInfo : 	at org.hapjs.AbstractContentProvider.call(SourceFile:4)
06-11 10:45:43.741  1460  4283 W AppInfo : 	at android.content.ContentProvider.call(ContentProvider.java:2773)
06-11 10:45:43.741  1460  4283 W AppInfo : 	at android.content.ContentProvider$Transport.call(ContentProvider.java:653)
06-11 10:45:43.741  1460  4283 W AppInfo : 	at android.content.ContentProviderNative.onTransact(ContentProviderNative.java:307)
06-11 10:45:43.741  1460  4283 W AppInfo : 	at android.os.Binder.execTransactInternal(Binder.java:1444)
06-11 10:45:43.741  1460  4283 W AppInfo : 	at android.os.Binder.execTransact(Binder.java:1378)
06-11 10:45:43.741  1460  4283 E PermissionVerifier: card rpk not exists
06-11 10:45:43.741  1460  4283 W PermissionVerifier: checkWritePermission writer: com.oplus.games not in rpk: com.coloros.gamespaceui.quickapp.guide allowed list
06-11 10:45:43.741  1460  4283 W SharedDataProvider: setOrUpdateSharedData no permissions!
06-11 10:45:43.742  4639  8514 D NetworkService[1]: getIfIndexByNetid netId:194,ifName:wlan0,ifIndex:30
06-11 10:45:43.742  4639  8514 D NetworkService[1]: getIfIndexByNetid netId:194,ifName:wlan0,ifIndex:30
06-11 10:45:43.743  6140  6279 I ThermalEngine: VIRTUAL-CPU-NSP, Update received trip sensor cpu-1-1 70000
06-11 10:45:43.744  6128  6185 I ostats_tpd: stats_write, records atomId:100100, event_id:860, cpu:3, values: 860-0-1-175-(cpu-1-1)-30-0-1
06-11 10:45:43.744 25296 26448 I AstScreen.ShortcutVisualMessageManager: requestUpdateVisualDataCache,originUnExecutedVisualDataList:[],newVisualMessageCache:[]
06-11 10:45:43.745 25296 26448 I AstScreen.ShortcutRouterCacheHelper: isAnyUrlAvailableFromCache 279, title:腾讯元宝 has no legal url, dependentPackage:*o*.*e*c*n*.*u*y*a*.*p*.*h*t
06-11 10:45:43.748  1460  4283 W SeedlingShare: (com.oplus.games, assistant_config_card_new) not in seeding shared white list.
06-11 10:45:43.749  6058  6298 I AndroidBridge: Decoded image 256x256 from 4384 bytes
06-11 10:45:43.750  6058  6058 I BasemapLayer: Tile uploaded: 3/3/3 256x256
06-11 10:45:43.751  4639  8721 D AppSenseConfig: getIgnoreAppList: [com.android.launcher, com.android.contacts, com.oplus.wirelesssettings, com.coloros.alarmclock, com.coloros.calculator, com.coloros.calendar, com.coloros.phonemanager, com.android.settings, com.android.phone, com.oplus.nas, com.oplus.nhs, com.oplus.appdetail, com.android.permissioncontroller, com.oplus.pscanvas, com.oplus.autotest.test.ctp, com.android.systemui, com.android.systemui.overlay.fingerprint.anim.fy, com.android.systemui.overlay.fingerprint.anim.qy, com.android.systemui.overlay.fingerprint.anim.sw, com.android.systemui.overlay.fingerprint.anim.xw, com.android.systemui.overlay.fingerprint.anim.ccyh, com.android.systemui.overlay.fingerprint.anim.halo, com.android.systemui.overlay.fingerprint.anim.jslz, com.android.systemui.overlay.fingerprint.anim.none, com.android.systemui.overlay.fingerprint.anim.xklc]
06-11 10:45:43.752  4639  8721 D AppSenseConfig: getIgnoreAppList: [com.android.launcher, com.android.contacts, com.oplus.wirelesssettings, com.coloros.alarmclock, com.coloros.calculator, com.coloros.calendar, com.coloros.phonemanager, com.android.settings, com.android.phone, com.oplus.nas, com.oplus.nhs, com.oplus.appdetail, com.android.permissioncontroller, com.oplus.pscanvas, com.oplus.autotest.test.ctp, com.android.systemui, com.android.systemui.overlay.fingerprint.anim.fy, com.android.systemui.overlay.fingerprint.anim.qy, com.android.systemui.overlay.fingerprint.anim.sw, com.android.systemui.overlay.fingerprint.anim.xw, com.android.systemui.overlay.fingerprint.anim.ccyh, com.android.systemui.overlay.fingerprint.anim.halo, com.android.systemui.overlay.fingerprint.anim.jslz, com.android.systemui.overlay.fingerprint.anim.none, com.android.systemui.overlay.fingerprint.anim.xklc]
06-11 10:45:43.752  4639  8721 D ActivityAdapter: taskChange: pre: 1, cur: 1, changed:false
06-11 10:45:43.754  1460  4283 W AppInfo : AppInfo create Uri content://com.nearme.instant.platform.res/com.coloros.gamespaceui.quickapp.library/manifest.json
06-11 10:45:43.754  6058  6370 I AndroidBridge: androidHttpGet: env=0xb400007a0aba7760 gJniHttpHelperClass=0x30a6 gHttpGetMethod=0x1 url=https://webst03.is.autonavi.com/appmaptile?style=6&x=2&y=4&z=3
06-11 10:45:43.755  6716  7357 I SG::UmsScanner: accessPackageInfos size:0
06-11 10:45:43.755  1460  4283 W PackageFilesValidator: isInvalidResource: AppDistributionMeta is null
06-11 10:45:43.756 26764 24319 E WeatherS_PrivacyStatementExport: isAgreed1
06-11 10:45:43.756  5775  5775 E ashmem  : Pinning is deprecated since Android Q. Please use trim or other methods.
06-11 10:45:43.756 26764 24319 W WeatherS_ApkSignedCheck: checkCertificateWhiteList: not in inWhiteListcom.coloros.weather.service
06-11 10:45:43.757  1708  8307 E ANDR-PERF-LM: VmRssMeter:: start() 358: Could not find pid, can not collect vmrss data
06-11 10:45:43.757  8454  8173 I metis_v2_BreenoSwitchSettingObserver: panta-sugg-getMasterSwitchStatus from cache:true
06-11 10:45:43.757 26764 24319 I WeatherS_WeatherProvider: query option: 4,callingUid: 10169,name: com.coloros.weather.service
06-11 10:45:43.765  4329  5643 V OplusCustomizeCacheManager: queryCache name: cache_key.system_server.common_customize_cache18025 param: null
06-11 10:45:43.766  4329  5643 I SystemUi--QuickSettings: Tile.OplusAirplaneModeTile-->handleUpdateState state.state: 1 airplaneMode: false
06-11 10:45:43.766  4329  5643 V OplusCustomizeCacheManager: queryCache name: cache_key.system_server.common_customize_cache18026 param: null
06-11 10:45:43.766 26764 24319 I WeatherS_UpdateWeatherService: hasWeatherInfoInDb:true;hasResidentCityWeatherInfoInDb:true
06-11 10:45:43.767  1460  4283 W AppInfo : app info parse uri fail. uri: content://com.nearme.instant.platform.res/com.coloros.gamespaceui.quickapp.library/manifest.json##Throwable##java.io.FileNotFoundException: open failed: ENOENT (No such file or directory)
06-11 10:45:43.767  1460  4283 W AppInfo : 	at android.os.ParcelFileDescriptor.openInternal(ParcelFileDescriptor.java:356)
06-11 10:45:43.767  1460  4283 W AppInfo : 	at android.os.ParcelFileDescriptor.open(ParcelFileDescriptor.java:233)
06-11 10:45:43.767  1460  4283 W AppInfo : 	at org.hapjs.cache.CacheProvider.doOpenFile(SourceFile:56)
06-11 10:45:43.767  1460  4283 W AppInfo : 	at org.hapjs.AbstractContentProvider.openFile(SourceFile:4)
06-11 10:45:43.767  1460  4283 W AppInfo : 	at android.content.ContentProvider.openAssetFile(ContentProvider.java:2326)
06-11 10:45:43.767  1460  4283 W AppInfo : 	at org.hapjs.AbstractContentProvider.doOpenAssetFile(SourceFile:1)
06-11 10:45:43.767  1460  4283 W AppInfo : 	at org.hapjs.cache.CacheProvider.doOpenAssetFile(SourceFile:74)
06-11 10:45:43.767  1460  4283 W AppInfo : 	at org.hapjs.AbstractContentProvider.openAssetFile(SourceFile:4)
06-11 10:45:43.767  1460  4283 W AppInfo : 	at android.content.ContentProvider.openTypedAssetFile(ContentProvider.java:2504)
06-11 10:45:43.767  1460  4283 W AppInfo : 	at android.content.ContentProvider.openTypedAssetFile(ContentProvider.java:2571)
06-11 10:45:43.767  1460  4283 W AppInfo : 	at android.content.ContentProvider$Transport.openTypedAssetFile(ContentProvider.java:692)
06-11 10:45:43.767  1460  4283 W AppInfo : 	at android.content.ContentResolver.openTypedAssetFileDescriptor(ContentResolver.java:2097)
06-11 10:45:43.767  1460  4283 W AppInfo : 	at android.content.ContentResolver.openAssetFileDescriptor(ContentResolver.java:1912)
06-11 10:45:43.767  1460  4283 W AppInfo : 	at android.content.ContentResolver.openInputStream(ContentResolver.java:1582)
06-11 10:45:43.767  1460  4283 W AppInfo : 	at org.hapjs.model.AppInfo.fromUri(SourceFile:7)
06-11 10:45:43.767  1460  4283 W AppInfo : 	at org.hapjs.model.AppInfo.create(SourceFile:105)
06-11 10:45:43.767  1460  4283 W AppInfo : 	at org.hapjs.bridge.DefaultAppInfoProvider.create(SourceFile:1)
06-11 10:45:43.767  1460  4283 W AppInfo : 	at a.a.a.nl0.g(SourceFile:58)
06-11 10:45:43.767  1460  4283 W AppInfo : 	at a.a.a.nl0.e(SourceFile:2)
06-11 10:45:43.767  1460  4283 W AppInfo : 	at a.a.a.rp6.d(SourceFile:22)
06-11 10:45:43.767  1460  4283 W AppInfo : 	at a.a.a.rp6.c(SourceFile:52)
06-11 10:45:43.767  1460  4283 W AppInfo : 	at com.nearme.instant.card.SharedDataProvider.setOrUpdateSharedDataInner(SourceFile:48)
06-11 10:45:43.767  1460  4283 W AppInfo : 	at com.nearme.instant.card.SharedDataProvider.setOrUpdateSharedData(SourceFile:61)
06-11 10:45:43.767  1460  4283 W AppInfo : 	at com.nearme.instant.card.SharedDataProvider.doCall(SourceFile:46)
06-11 10:45:43.767  1460  4283 W AppInfo : 	at org.hapjs.AbstractContentProvider.call(SourceFile:4)
06-11 10:45:43.767  1460  4283 W AppInfo : 	at android.content.ContentProvider.call(ContentProvider.java:2773)
06-11 10:45:43.767  1460  4283 W AppInfo : 	at android.content.ContentProvider$Transport.call(ContentProvider.java:653)
06-11 10:45:43.767  1460  4283 W AppInfo : 	at android.content.ContentProviderNative.onTransact(ContentProviderNative.java:307)
06-11 10:45:43.767  1460  4283 W AppInfo : 	at android.os.Binder.execTransactInternal(Binder.java:1444)
06-11 10:45:43.767  1460  4283 W AppInfo : 	at android.os.Binder.execTransact(Binder.java:1378)
06-11 10:45:43.767  1460  4283 E PermissionVerifier: card rpk not exists
06-11 10:45:43.767  6716  6372 I SG::StaticManager[RepositoryManager]: getCardInfoModifyTime.
06-11 10:45:43.767  1460  4283 W PermissionVerifier: checkWritePermission writer: com.oplus.games not in rpk: com.coloros.gamespaceui.quickapp.library allowed list
06-11 10:45:43.767  1460  4283 W SharedDataProvider: setOrUpdateSharedData no permissions!
06-11 10:45:43.768 26764 24319 I WeatherS_UpdateWeatherService: dataSource is WeatherLightInfoDataSource
06-11 10:45:43.770  6058  6288 I JniHttpHelper: httpGet OK: https://webst04.is.autonavi.com/appmaptile?style=6&x=1&y=2&z=3 -> 11514 bytes
06-11 10:45:43.771  4329  5643 V OplusCustomizeCacheManager: queryCache name: cache_key.system_server.common_customize_cache11010 param: null
06-11 10:45:43.771  4329  5643 V OplusCustomizeCacheManager: queryCache name: cache_key.system_server.common_customize_cache11010 param: null
06-11 10:45:43.773  6058  6305 I JniHttpHelper: httpGet called: https://webst01.is.autonavi.com/appmaptile?style=6&x=1630&y=846&z=11
06-11 10:45:43.774  6058  6301 I JniHttpHelper: httpGet OK: https://webst01.is.autonavi.com/appmaptile?style=6&x=1629&y=847&z=11 -> 36178 bytes
06-11 10:45:43.774  1460  4283 W SeedlingShare: (com.oplus.games, assistant_played_and_mini_game_infos) not in seeding shared white list.
06-11 10:45:43.774  6058  6308 I JniHttpHelper: httpGet called: https://webst02.is.autonavi.com/appmaptile?style=6&x=1630&y=847&z=11
06-11 10:45:43.776  5775  5775 I SwitchesProvider: com.oplusos.sau.util.enhanced_switch_provider
06-11 10:45:43.775  1460  4283 W AppInfo : AppInfo create Uri content://com.nearme.instant.platform.res/com.coloros.gamespaceui.quickapp.guide/manifest.json
06-11 10:45:43.778  6058  6288 I AndroidBridge: Decoded image 256x256 from 11514 bytes
06-11 10:45:43.778  1460  4283 W PackageFilesValidator: isInvalidResource: AppDistributionMeta is null
06-11 10:45:43.780  1460  4283 W AppInfo : app info parse uri fail. uri: content://com.nearme.instant.platform.res/com.coloros.gamespaceui.quickapp.guide/manifest.json##Throwable##java.io.FileNotFoundException: open failed: ENOENT (No such file or directory)
06-11 10:45:43.780  1460  4283 W AppInfo : 	at android.os.ParcelFileDescriptor.openInternal(ParcelFileDescriptor.java:356)
06-11 10:45:43.780  1460  4283 W AppInfo : 	at android.os.ParcelFileDescriptor.open(ParcelFileDescriptor.java:233)
06-11 10:45:43.780  1460  4283 W AppInfo : 	at org.hapjs.cache.CacheProvider.doOpenFile(SourceFile:56)
06-11 10:45:43.780  1460  4283 W AppInfo : 	at org.hapjs.AbstractContentProvider.openFile(SourceFile:4)
06-11 10:45:43.780  1460  4283 W AppInfo : 	at android.content.ContentProvider.openAssetFile(ContentProvider.java:2326)
06-11 10:45:43.780  1460  4283 W AppInfo : 	at org.hapjs.AbstractContentProvider.doOpenAssetFile(SourceFile:1)
06-11 10:45:43.780  1460  4283 W AppInfo : 	at org.hapjs.cache.CacheProvider.doOpenAssetFile(SourceFile:74)
06-11 10:45:43.780  1460  4283 W AppInfo : 	at org.hapjs.AbstractContentProvider.openAssetFile(SourceFile:4)
06-11 10:45:43.780  1460  4283 W AppInfo : 	at android.content.ContentProvider.openTypedAssetFile(ContentProvider.java:2504)
06-11 10:45:43.780  1460  4283 W AppInfo : 	at android.content.ContentProvider.openTypedAssetFile(ContentProvider.java:2571)
06-11 10:45:43.780  1460  4283 W AppInfo : 	at android.content.ContentProvider$Transport.openTypedAssetFile(ContentProvider.java:692)
06-11 10:45:43.780  1460  4283 W AppInfo : 	at android.content.ContentResolver.openTypedAssetFileDescriptor(ContentResolver.java:2097)
06-11 10:45:43.780  1460  4283 W AppInfo : 	at android.content.ContentResolver.openAssetFileDescriptor(ContentResolver.java:1912)
06-11 10:45:43.780  1460  4283 W AppInfo : 	at android.content.ContentResolver.openInputStream(ContentResolver.java:1582)
06-11 10:45:43.780  1460  4283 W AppInfo : 	at org.hapjs.model.AppInfo.fromUri(SourceFile:7)
06-11 10:45:43.780  1460  4283 W AppInfo : 	at org.hapjs.model.AppInfo.create(SourceFile:105)
06-11 10:45:43.780  1460  4283 W AppInfo : 	at org.hapjs.bridge.DefaultAppInfoProvider.create(SourceFile:1)
06-11 10:45:43.780  1460  4283 W AppInfo : 	at a.a.a.nl0.g(SourceFile:58)
06-11 10:45:43.780  1460  4283 W AppInfo : 	at a.a.a.nl0.e(SourceFile:2)
06-11 10:45:43.780  1460  4283 W AppInfo : 	at a.a.a.rp6.d(SourceFile:22)
06-11 10:45:43.780  1460  4283 W AppInfo : 	at a.a.a.rp6.c(SourceFile:52)
06-11 10:45:43.780  1460  4283 W AppInfo : 	at com.nearme.instant.card.SharedDataProvider.setOrUpdateSharedDataInner(SourceFile:48)
06-11 10:45:43.780  1460  4283 W AppInfo : 	at com.nearme.instant.card.SharedDataProvider.setOrUpdateSharedData(SourceFile:61)
06-11 10:45:43.780  1460  4283 W AppInfo : 	at com.nearme.instant.card.SharedDataProvider.doCall(SourceFile:46)
06-11 10:45:43.780  1460  4283 W AppInfo : 	at org.hapjs.AbstractContentProvider.call(SourceFile:4)
06-11 10:45:43.780  1460  4283 W AppInfo : 	at android.content.ContentProvider.call(ContentProvider.java:2773)
06-11 10:45:43.780  1460  4283 W AppInfo : 	at android.content.ContentProvider$Transport.call(ContentProvider.java:653)
06-11 10:45:43.780  1460  4283 W AppInfo : 	at android.content.ContentProviderNative.onTransact(ContentProviderNative.java:307)
06-11 10:45:43.780  1460  4283 W AppInfo : 	at android.os.Binder.execTransactInternal(Binder.java:1444)
06-11 10:45:43.780  1460  4283 W AppInfo : 	at android.os.Binder.execTransact(Binder.java:1378)
06-11 10:45:43.780  1460  4283 E PermissionVerifier: card rpk not exists
06-11 10:45:43.780  1460  4283 W PermissionVerifier: checkWritePermission writer: com.oplus.games not in rpk: com.coloros.gamespaceui.quickapp.guide allowed list
06-11 10:45:43.780  1460  4283 W SharedDataProvider: setOrUpdateSharedData no permissions!
06-11 10:45:43.782  1460  1493 W SeedlingShare: (com.oplus.games, assistant_played_and_mini_game_infos) not in seeding shared white list.
06-11 10:45:43.783  6058  6058 I BasemapLayer: Tile uploaded: 3/1/2 256x256
06-11 10:45:43.783  1460  1493 W AppInfo : AppInfo create Uri content://com.nearme.instant.platform.res/com.coloros.gamespaceui.quickapp.library/manifest.json
06-11 10:45:43.783  1460  1493 W PackageFilesValidator: isInvalidResource: AppDistributionMeta is null
06-11 10:45:43.785  6058  6377 I AndroidBridge: androidHttpGet: env=0xb400007a6f9b0120 gJniHttpHelperClass=0x30a6 gHttpGetMethod=0x1 url=https://webst04.is.autonavi.com/appmaptile?style=6&x=3&y=4&z=3
06-11 10:45:43.787  1460  1493 W AppInfo : app info parse uri fail. uri: content://com.nearme.instant.platform.res/com.coloros.gamespaceui.quickapp.library/manifest.json##Throwable##java.io.FileNotFoundException: open failed: ENOENT (No such file or directory)
06-11 10:45:43.787  1460  1493 W AppInfo : 	at android.os.ParcelFileDescriptor.openInternal(ParcelFileDescriptor.java:356)
06-11 10:45:43.787  1460  1493 W AppInfo : 	at android.os.ParcelFileDescriptor.open(ParcelFileDescriptor.java:233)
06-11 10:45:43.787  1460  1493 W AppInfo : 	at org.hapjs.cache.CacheProvider.doOpenFile(SourceFile:56)
06-11 10:45:43.787  1460  1493 W AppInfo : 	at org.hapjs.AbstractContentProvider.openFile(SourceFile:4)
06-11 10:45:43.787  1460  1493 W AppInfo : 	at android.content.ContentProvider.openAssetFile(ContentProvider.java:2326)
06-11 10:45:43.787  1460  1493 W AppInfo : 	at org.hapjs.AbstractContentProvider.doOpenAssetFile(SourceFile:1)
06-11 10:45:43.787  1460  1493 W AppInfo : 	at org.hapjs.cache.CacheProvider.doOpenAssetFile(SourceFile:74)
06-11 10:45:43.787  1460  1493 W AppInfo : 	at org.hapjs.AbstractContentProvider.openAssetFile(SourceFile:4)
06-11 10:45:43.787  1460  1493 W AppInfo : 	at android.content.ContentProvider.openTypedAssetFile(ContentProvider.java:2504)
06-11 10:45:43.787  1460  1493 W AppInfo : 	at android.content.ContentProvider.openTypedAssetFile(ContentProvider.java:2571)
06-11 10:45:43.787  1460  1493 W AppInfo : 	at android.content.ContentProvider$Transport.openTypedAssetFile(ContentProvider.java:692)
06-11 10:45:43.787  1460  1493 W AppInfo : 	at android.content.ContentResolver.openTypedAssetFileDescriptor(ContentResolver.java:2097)
06-11 10:45:43.787  1460  1493 W AppInfo : 	at android.content.ContentResolver.openAssetFileDescriptor(ContentResolver.java:1912)
06-11 10:45:43.787  1460  1493 W AppInfo : 	at android.content.ContentResolver.openInputStream(ContentResolver.java:1582)
06-11 10:45:43.787  1460  1493 W AppInfo : 	at org.hapjs.model.AppInfo.fromUri(SourceFile:7)
06-11 10:45:43.787  1460  1493 W AppInfo : 	at org.hapjs.model.AppInfo.create(SourceFile:105)
06-11 10:45:43.787  1460  1493 W AppInfo : 	at org.hapjs.bridge.DefaultAppInfoProvider.create(SourceFile:1)
06-11 10:45:43.787  1460  1493 W AppInfo : 	at a.a.a.nl0.g(SourceFile:58)
06-11 10:45:43.787  1460  1493 W AppInfo : 	at a.a.a.nl0.e(SourceFile:2)
06-11 10:45:43.787  1460  1493 W AppInfo : 	at a.a.a.rp6.d(SourceFile:22)
06-11 10:45:43.787  1460  1493 W AppInfo : 	at a.a.a.rp6.c(SourceFile:52)
06-11 10:45:43.787  1460  1493 W AppInfo : 	at com.nearme.instant.card.SharedDataProvider.setOrUpdateSharedDataInner(SourceFile:48)
06-11 10:45:43.787  1460  1493 W AppInfo : 	at com.nearme.instant.card.SharedDataProvider.setOrUpdateSharedData(SourceFile:61)
06-11 10:45:43.787  1460  1493 W AppInfo : 	at com.nearme.instant.card.SharedDataProvider.doCall(SourceFile:46)
06-11 10:45:43.787  1460  1493 W AppInfo : 	at org.hapjs.AbstractContentProvider.call(SourceFile:4)
06-11 10:45:43.787  1460  1493 W AppInfo : 	at android.content.ContentProvider.call(ContentProvider.java:2773)
06-11 10:45:43.787  1460  1493 W AppInfo : 	at android.content.ContentProvider$Transport.call(ContentProvider.java:653)
06-11 10:45:43.787  1460  1493 W AppInfo : 	at android.content.ContentProviderNative.onTransact(ContentProviderNative.java:307)
06-11 10:45:43.787  1460  1493 W AppInfo : 	at android.os.Binder.execTransactInternal(Binder.java:1444)
06-11 10:45:43.787  1460  1493 W AppInfo : 	at android.os.Binder.execTransact(Binder.java:1378)
06-11 10:45:43.788  1460  1493 E PermissionVerifier: card rpk not exists
06-11 10:45:43.788  1460  1493 W PermissionVerifier: checkWritePermission writer: com.oplus.games not in rpk: com.coloros.gamespaceui.quickapp.library allowed list
06-11 10:45:43.788  1460  1493 W SharedDataProvider: setOrUpdateSharedData no permissions!
06-11 10:45:43.788 26764 19488 E WeatherS_PrivacyStatementExport: isAgreed1
06-11 10:45:43.789 26764 19488 W WeatherS_ApkSignedCheck: checkCertificateWhiteList: not in inWhiteListcom.coloros.weather.service
06-11 10:45:43.789  4329  4493 D HWUI    : RenderProxy::destroy: this=0xb40000791b458400, mContext=0xb4000078cbce7f40
06-11 10:45:43.789  4329  4630 D HWUI    : SkiaOpenGLPipeline::setSurface: this=0xb40000791b715ac0, surface=NULL
06-11 10:45:43.789 26764 19488 I WeatherS_WeatherProvider: query option: 2,callingUid: 10169,name: com.coloros.weather.service
06-11 10:45:43.789  4329  4630 D BufferQueueProducer: [VRI[minimalglobe]#1338(BLAST Consumer)1338](id:10e90000053b,api:1,p:4329,c:4329) disconnect: api 1
06-11 10:45:43.789  6058  6301 I AndroidBridge: Decoded image 256x256 from 36178 bytes
06-11 10:45:43.790  4329  4493 D ViewRootImplExtImpl: wrapConfigInfoIntoFlags rotation=0, smallestScreenWidthDp=0, residentWS=false, scenario=0, bounds=Rect(0, 0 - 1240, 2772), relayoutAsync=false, flags=0, newFlags=1453326336, title=Splash Screen com.earthengine.minimalglobe
06-11 10:45:43.791  3189  4721 V WindowManager: Relayout Window{da40beb u0 Splash Screen com.earthengine.minimalglobe}: viewVisibility=8, oldvis=0, req=1240x2772 , apr = 8, vsysui=
06-11 10:45:43.791  3189  3886 W SyncManager: failed sync operation JobId=20 ***/com.tencent.android.qqdownloader.YYBLiveAccountProvider.account u0 [com.tencent.android.qqdownloader.YYBLiveAccountProvider] USER ExpectedIn=0s STANDBY-EXEMPTED Reason=10370, SyncResult: syncAlreadyInProgress: true stats []
06-11 10:45:43.791  3189  4721 D WindowManager: setFrameRateStart invalid typeId return!
06-11 10:45:43.792  6058  6058 I BasemapLayer: Tile uploaded: 11/1629/847 256x256
06-11 10:45:43.792  3189  3263 I system_server: AssetManager2(0xb400007874e6fe28) locale list changing from [] to [zh-CN]
06-11 10:45:43.792  3189  4721 D DisplayModeDirector: setAppRequest displayId : 4  modeId: 0  requestedRefreshRate: 0.0  requestedMinRefreshRateRange: 0.0  requestedMaxRefreshRateRange: 0.0
06-11 10:45:43.793  3189  4721 D DisplayModeDirector: setAppRequest displayId : 0  modeId: 1  requestedRefreshRate: 0.0  requestedMinRefreshRateRange: 0.0  requestedMaxRefreshRateRange: 120.00001
06-11 10:45:43.793  3189  4721 D WindowManager: NFW_findFocusedWindowIfNeeded:Window{d658020 u0 com.earthengine.minimalglobe/com.earthengine.minimalglobe.MainActivity} mCurrentFocus:Window{d658020 u0 com.earthengine.minimalglobe/com.earthengine.minimalglobe.MainActivity}
06-11 10:45:43.793  3189  4721 D WindowManager: NFW_findFocusedWindowIfNeeded:null mCurrentFocus:null
06-11 10:45:43.793 11083 11732 I CloudConfig: tn: sdk-50351-ruc
06-11 10:45:43.794 11083 11732 I CloudConfig: ruc 1961 enter
06-11 10:45:43.794  4329  7959 D BLASTBufferQueue: [VRI[minimalglobe]#1338](f:0,a:1) destructor()
06-11 10:45:43.794  4329  7959 D BufferQueueConsumer: [VRI[minimalglobe]#1338(BLAST Consumer)1338](id:10e90000053b,api:0,p:-1,c:4329) disconnect
06-11 10:45:43.795  3189  4721 D WindowManager: NFW_findFocusedWindowIfNeeded:Window{d658020 u0 com.earthengine.minimalglobe/com.earthengine.minimalglobe.MainActivity} mCurrentFocus:Window{d658020 u0 com.earthengine.minimalglobe/com.earthengine.minimalglobe.MainActivity}
06-11 10:45:43.795  3189  4721 D WindowManager: NFW_findFocusedWindowIfNeeded:null mCurrentFocus:null
06-11 10:45:43.795  3189  4721 D DisplayModeDirector: setAppRequest displayId : 4  modeId: 0  requestedRefreshRate: 0.0  requestedMinRefreshRateRange: 0.0  requestedMaxRefreshRateRange: 0.0
06-11 10:45:43.796  8454  8173 I ContextAware_AppCardProcessor: [breeno-launcher]Apps on same screen, apps=[com.android.contacts, com.android.mms, com.oplus.camera, com.alibaba.android.rimet, com.example.findmapbox, com.citiccard.mobilebank, com.chinamworld.bocmbci, com.kmxs.reader, com.ovital.ovitalMap, com.nqsky.rmad.dizhiyun, com.taobao.idlefish, cmb.pb, com.larus.nova]
06-11 10:45:43.796  3189  4721 D DisplayModeDirector: setAppRequest displayId : 0  modeId: 1  requestedRefreshRate: 0.0  requestedMinRefreshRateRange: 0.0  requestedMaxRefreshRateRange: 120.00001
06-11 10:45:43.797  3189  3252 D DisplayModeDirector: setAppRequest displayId : 4  modeId: 0  requestedRefreshRate: 0.0  requestedMinRefreshRateRange: 0.0  requestedMaxRefreshRateRange: 0.0
06-11 10:45:43.797  8454  8173 I ContextAware_AdvertisementManager: [breeno-launcher]getCommerceAppsByCardName size:6
06-11 10:45:43.797  8454  8173 I ContextAware_AppCardProcessor: [breeno-launcher]process fill ad apps: advApps: com.ss.android.ugc.aweme,com.aliyun.tongyi,com.jingdong.app.mall,com.eg.android.AlipayGphone,com.smile.gifmaker,com.sankuai.meituan
06-11 10:45:43.797  3189  3252 D DisplayModeDirector: setAppRequest displayId : 0  modeId: 1  requestedRefreshRate: 0.0  requestedMinRefreshRateRange: 0.0  requestedMaxRefreshRateRange: 120.00001
06-11 10:45:43.797  8454  8173 I ContextAware_AppFillAdsProcess: [breeno-launcher]Mix commerce app with commerceAlg=2 advs=[AppAdInfo[pkg=com.ss.android.ugc.aweme, finalScore=413.00003, timeWeight=0.0,  exposeWeight=0.0, habitWeight=0.0, habitHourWeight=0.0,finalWeight=0.0,weight=0.0, deepLink= 1506, routePage = 0, utrackClickUrl=3, utrackExposeUrl=3,iconUrl=null, icon=null, appType=5, expireTimeStamp:1781193599836,apiSource=5, typeCode=6, cpcScore=13.452769, ecpmScore=413.00003, ctrScore=0.0307,title=null, subTitle=null, adSize=71,algorithmScore=0.0, status=[]], AppAdInfo[pkg=com.aliyun.tongyi, finalScore=193.743, timeWeight=0.0,  exposeWeight=0.0, habitWeight=0.0, habitHourWeight=0.0,finalWeight=0.0,weight=0.0, deepLink= 259, routePage = 0, utrackClickUrl=2, utrackExposeUrl=2,iconUrl=null, icon=null, appType=3, expireTimeStamp:1781193599836,apiSource=9, typeCode=6, cpcScore=103.0, ecpmScore=193.743, ctrScore=0.0018798828,title=null, subTitle=null, adSize=71,algorithmScore=0.0, status=[]], AppAdInfo[pkg=com.jingdong.app.mall, finalScore=89.0, timeWeight=0.0,  exposeWeight=0.0, habitWeight=0.0, habitHourWeight=0.0,finalWeight=0.0,weight=0.0, deepLink= 746, routePage = 0, utrackClickUrl=4, utrackExposeUrl=4,iconUrl=null, icon=null, appType=5, expireTimeStamp:1781193599836,apiSource=5, typeCode=6, cpcScore=34.23077, ecpmScore=89.0, ctrScore=0.0026,title=null, subTitle=null, adSize=71,algorithmScore=0.0, status=[]], AppAdInfo[pkg=com.eg.android.AlipayGphone, finalScore=34.0, timeWeight=0.0,  exposeWeight=0.0, habitWeight=0.0, habitHourWeight=0.0,finalWeight=0.0,weight=0.0, deepLink= 1002, routePage = 0, utrackClickUrl=4, utrackExposeUrl=4,iconUrl=null, icon=null, appType=5, expireTimeStamp:1781193599836,apiSource=5, typeCode=6, cpcScore=5.230769, ecpmScore=34.0, ctrScore=0.0065,title=null, subTitle=null, adSize=71,algorithmScore=0.0, status=[]], AppAdInfo[pkg=com.smile.gifmaker, finalScore=30.0, timeWeight=0.0,  exposeWeight=0.0, habitWeight=0.0, habitHourWeight=0.0,finalWeight=0.0,weight=0.0, deepLink= 1132, routePage = 0, utrackClickUrl=3, utrackExposeUrl=3,iconUrl=null, icon=null, appType=5, expireTimeStamp:1781193599836,apiSource=5, typeCode=1, cpcScore=1.6393442, ecpmScore=30.0, ctrScore=0.0183,title=null, subTitle=null, adSize=71,algorithmScore=0.0, status=[]], AppAdInfo[pkg=com.sankuai.meituan, finalScore=26.433, timeWeight=0.0,  exposeWeight=0.0, habitWeight=0.0, habitHourWeight=0.0,finalWeight=0.0,weight=0.0, deepLink= 116, routePage = 0, utrackClickUrl=2, utrackExposeUrl=2,iconUrl=null, icon=null, appType=3, expireTimeStamp:1781193599836,apiSource=9, typeCode=1, cpcScore=9.0, ecpmScore=26.433, ctrScore=0.0029378256,title=null, subTitle=null, adSize=71,algorithmScore=0.0, status=[]]]
06-11 10:45:43.797  8454  8173 I ContextAware_AppFillAdsProcess: [breeno-launcher]:maxCount:4  adTakeCount:1  adLoadCount:2
06-11 10:45:43.798  8454  8173 I ContextAware_AppFillAdsProcess: current adv app com.ss.android.ugc.aweme in 4 with status 2
06-11 10:45:43.798  8454  8173 I ContextAware_AppFillAdsProcess: not adv app space.xinzhi.map in 5
06-11 10:45:43.798  8454  8173 I ContextAware_AppFillNewActiveProcess: [breeno-launcher]not support appSugNewAppSwitch
06-11 10:45:43.800  1460  1493 W SeedlingShare: (com.oplus.games, assistant_update_game_infos) not in seeding shared white list.
06-11 10:45:43.800  3189  3253 D SurfaceAnimationRunner: onAnimationStart:Surface(name=Surface(name=da40beb Splash Screen com.earthengine.minimalglobe)/@0x8cbf893 - animation-leash of window_animation)/@0x7510e2
06-11 10:45:43.801  1460  1493 W AppInfo : AppInfo create Uri content://com.nearme.instant.platform.res/com.coloros.gamespaceui.quickapp.guide/manifest.json
06-11 10:45:43.801  6058  6396 I AndroidBridge: androidHttpGet: env=0xb400007a0aba65e0 gJniHttpHelperClass=0x30a6 gHttpGetMethod=0x1 url=https://webst04.is.autonavi.com/appmaptile?style=6&x=2&y=5&z=3
06-11 10:45:43.801  1460  1493 W PackageFilesValidator: isInvalidResource: AppDistributionMeta is null
06-11 10:45:43.802  8454  8173 I ContextAware_AppCardProcessor: [breeno-launcher]SEND_APP_MESSAGE: commerceAlg=2, resultApps=[AppInfo[pkg=com.earthengine.minimalglobe, appType=0,iconSource=system, recallType=algorithm, deepLink=0,utrackClickUrl=0, utrackExposeUrl=0,icon=0, apiSource=null, typeCode=null, mode=0, advFinalScore=null,  routePage=0,title=null, subTitle=null, adSize=null,probability=0], AppInfo[pkg=space.xinzhi.hiko, appType=0,iconSource=system, recallType=algorithm, deepLink=0,utrackClickUrl=0, utrackExposeUrl=0,icon=0, apiSource=null, typeCode=null, mode=0, advFinalScore=null,  routePage=0,title=null, subTitle=null, adSize=null,probability=0], AppInfo[pkg=com.tencent.mm, appType=0,iconSource=system, recallType=algorithm, deepLink=0,utrackClickUrl=0, utrackExposeUrl=0,icon=0, apiSource=null, typeCode=null, mode=0, advFinalScore=null,  routePage=0,title=null, subTitle=null, adSize=null,probability=0], AppInfo[pkg=com.ss.android.ugc.aweme, appType=5,iconSource=system, recallType=ad, deepLink=1506,utrackClickUrl=3, utrackExposeUrl=3,icon=0, apiSource=5, typeCode=6, mode=2, advFinalScore=413.00003,  routePage=0,title=null, subTitle=null, adSize=null,probability=0], AppInfo[pkg=space.xinzhi.map, appType=0,iconSource=system, recallType=algorithm, deepLink=0,utrackClickUrl=0, utrackExposeUrl=0,icon=0, apiSource=null, typeCode=null, mode=0, advFinalScore=null,  routePage=0,title=null, subTitle=null, adSize=null,probability=0], AppInfo[pkg=com.ss.android.lark, appType=0,iconSource=system, recallType=algorithm, deepLink=0,utrackClickUrl=0, utrackExposeUrl=0,icon=0, apiSource=null, typeCode=null, mode=0, advFinalScore=null,  routePage=0,title=null, subTitle=null, adSize=null,probability=0], AppInfo[pkg=com.phoenix.read, appType=0,iconSource=system, recallType=algorithm, deepLink=0,utrackClickUrl=0, utrackExposeUrl=0,icon=0, apiSource=null, typeCode=null, mode=0, advFinalScore=null,  routePage=0,title=null, subTitle=null, adSize=null,probability=0], AppInfo[pkg=com.github.metacubex.clash.meta, appType=0,iconSource=system, recallType=algorithm, deepLink=0,utrackClickUrl=0, utrackExposeUrl=0,icon=0, apiSource=null, typeCode=null, mode=0, advFinalScore=null,  routePage=0,title=null, subTitle=null, adSize=null,probability=0], AppInfo[pkg=com.lolaage.tbulu.tools, appType=0,iconSource=system, recallType=algorithm, deepLink=0,utrackClickUrl=0, utrackExposeUrl=0,icon=0, apiSource=null, typeCode=null, mode=0, advFinalScore=null,  routePage=0,title=null, subTitle=null, adSize=null,probability=0], AppInfo[pkg=com.heytap.browser, appType=0,iconSource=system, recallType=algorithm, deepLink=0,utrackClickUrl=0, utrackExposeUrl=0,icon=0, apiSource=null, typeCode=null, mode=0, advFinalScore=null,  routePage=0,title=null, subTitle=null, adSize=null,probability=0]], traceId: 4b5b5ab9fa1eb57bee43b590ed4fc7e1-5eba49b58fce49bd8bf8dfbb729df395
06-11 10:45:43.804  4650 32642 W HapContentObserver: uri: content://appRecommend_data_storage/breeno-launcher/query
06-11 10:45:43.804  4650 32642 D HapContentObserver: key: 251540744 , task: 70838955
06-11 10:45:43.805  4650 32642 D ContentResolverTask: uri: content://appRecommend_data_storage/breeno-launcher/query contains: false task: 70838955
06-11 10:45:43.805  4650 32642 D HapContentObserver: key: 82000058 , task: 112544663
06-11 10:45:43.805  4650 32642 D ContentResolverTask: uri: content://appRecommend_data_storage/breeno-launcher/query contains: false task: 112544663
06-11 10:45:43.805  4650 32642 D HapContentObserver: find dispatch uri: content://appRecommend_data_storage/breeno-launcher/query
06-11 10:45:43.805  4650 32642 D ContentResolverTask: notifyChange: content://appRecommend_data_storage/breeno-launcher/query, mRequestMap contains: true mRequestMap.size: 1 task:112544663 instant:15
06-11 10:45:43.805  4650 32642 W ContentResolverTask: request callback: 247
06-11 10:45:43.805  1460  1493 W AppInfo : app info parse uri fail. uri: content://com.nearme.instant.platform.res/com.coloros.gamespaceui.quickapp.guide/manifest.json##Throwable##java.io.FileNotFoundException: open failed: ENOENT (No such file or directory)
06-11 10:45:43.805  1460  1493 W AppInfo : 	at android.os.ParcelFileDescriptor.openInternal(ParcelFileDescriptor.java:356)
06-11 10:45:43.805  1460  1493 W AppInfo : 	at android.os.ParcelFileDescriptor.open(ParcelFileDescriptor.java:233)
06-11 10:45:43.805  1460  1493 W AppInfo : 	at org.hapjs.cache.CacheProvider.doOpenFile(SourceFile:56)
06-11 10:45:43.805  1460  1493 W AppInfo : 	at org.hapjs.AbstractContentProvider.openFile(SourceFile:4)
06-11 10:45:43.805  1460  1493 W AppInfo : 	at android.content.ContentProvider.openAssetFile(ContentProvider.java:2326)
06-11 10:45:43.805  1460  1493 W AppInfo : 	at org.hapjs.AbstractContentProvider.doOpenAssetFile(SourceFile:1)
06-11 10:45:43.805  1460  1493 W AppInfo : 	at org.hapjs.cache.CacheProvider.doOpenAssetFile(SourceFile:74)
06-11 10:45:43.805  1460  1493 W AppInfo : 	at org.hapjs.AbstractContentProvider.openAssetFile(SourceFile:4)
06-11 10:45:43.805  1460  1493 W AppInfo : 	at android.content.ContentProvider.openTypedAssetFile(ContentProvider.java:2504)
06-11 10:45:43.805  1460  1493 W AppInfo : 	at android.content.ContentProvider.openTypedAssetFile(ContentProvider.java:2571)
06-11 10:45:43.805  1460  1493 W AppInfo : 	at android.content.ContentProvider$Transport.openTypedAssetFile(ContentProvider.java:692)
06-11 10:45:43.805  1460  1493 W AppInfo : 	at android.content.ContentResolver.openTypedAssetFileDescriptor(ContentResolver.java:2097)
06-11 10:45:43.805  1460  1493 W AppInfo : 	at android.content.ContentResolver.openAssetFileDescriptor(ContentResolver.java:1912)
06-11 10:45:43.805  1460  1493 W AppInfo : 	at android.content.ContentResolver.openInputStream(ContentResolver.java:1582)
06-11 10:45:43.805  1460  1493 W AppInfo : 	at org.hapjs.model.AppInfo.fromUri(SourceFile:7)
06-11 10:45:43.805  1460  1493 W AppInfo : 	at org.hapjs.model.AppInfo.create(SourceFile:105)
06-11 10:45:43.805  1460  1493 W AppInfo : 	at org.hapjs.bridge.DefaultAppInfoProvider.create(SourceFile:1)
06-11 10:45:43.805  1460  1493 W AppInfo : 	at a.a.a.nl0.g(SourceFile:58)
06-11 10:45:43.805  1460  1493 W AppInfo : 	at a.a.a.nl0.e(SourceFile:2)
06-11 10:45:43.805  1460  1493 W AppInfo : 	at a.a.a.rp6.d(SourceFile:22)
06-11 10:45:43.805  1460  1493 W AppInfo : 	at a.a.a.rp6.c(SourceFile:52)
06-11 10:45:43.805  1460  1493 W AppInfo : 	at com.nearme.instant.card.SharedDataProvider.setOrUpdateSharedDataInner(SourceFile:48)
06-11 10:45:43.805  1460  1493 W AppInfo : 	at com.nearme.instant.card.SharedDataProvider.setOrUpdateSharedData(SourceFile:61)
06-11 10:45:43.805  1460  1493 W AppInfo : 	at com.nearme.instant.card.SharedDataProvider.doCall(SourceFile:46)
06-11 10:45:43.805  1460  1493 W AppInfo : 	at org.hapjs.AbstractContentProvider.call(SourceFile:4)
06-11 10:45:43.805  1460  1493 W AppInfo : 	at android.content.ContentProvider.call(ContentProvider.java:2773)
06-11 10:45:43.805  1460  1493 W AppInfo : 	at android.content.ContentProvider$Transport.call(ContentProvider.java:653)
06-11 10:45:43.805  1460  1493 W AppInfo : 	at android.content.ContentProviderNative.onTransact(ContentProviderNative.java:307)
06-11 10:45:43.805  1460  1493 W AppInfo : 	at android.os.Binder.execTransactInternal(Binder.java:1444)
06-11 10:45:43.805  1460  1493 W AppInfo : 	at android.os.Binder.execTransact(Binder.java:1378)
06-11 10:45:43.805  1460  1493 E PermissionVerifier: card rpk not exists
06-11 10:45:43.805  1460  1493 W PermissionVerifier: checkWritePermission writer: com.oplus.games not in rpk: com.coloros.gamespaceui.quickapp.guide allowed list
06-11 10:45:43.805  1460  1493 W SharedDataProvider: setOrUpdateSharedData no permissions!
06-11 10:45:43.805  4650 23595 D JsConsole: breeno2X2-launcher(rsUDrjLDfb7Y)::content_provider_channel: register success _channelStatus(subscribed
06-11 10:45:43.807 26764 19488 E WeatherS_PrivacyStatementExport: isAgreed1
06-11 10:45:43.808 26764 19488 W WeatherS_ApkSignedCheck: checkCertificateWhiteList: not in inWhiteListcom.coloros.weather.service
06-11 10:45:43.808  5868  6269 W SQLiteLog: (28) double-quoted string literal: "com.earthengine.minimalglobe"
06-11 10:45:43.811  3189  3251 I AccessibilityWindowsPopulator: getInsensibleFlag flag = 0
06-11 10:45:43.813 26764 19488 I WeatherS_WeatherProvider: query option: 46,callingUid: 10169,name: com.coloros.weather.service
06-11 10:45:43.813  6058  6305 I JniHttpHelper: httpGet OK: https://webst01.is.autonavi.com/appmaptile?style=6&x=1630&y=846&z=11 -> 36429 bytes
06-11 10:45:43.813  6058  6312 I JniHttpHelper: httpGet called: https://webst02.is.autonavi.com/appmaptile?style=6&x=1629&y=848&z=11
06-11 10:45:43.814  6058  6299 I JniHttpHelper: httpGet OK: https://webst04.is.autonavi.com/appmaptile?style=6&x=1629&y=846&z=11 -> 36116 bytes
06-11 10:45:43.815 26764 19488 W WeatherS_WeatherInfoBaseDataSource: interceptLocationPlaceIdRequestWeather, need to intercept location city request weather!
06-11 10:45:43.819  6058  6321 I JniHttpHelper: httpGet called: https://webst03.is.autonavi.com/appmaptile?style=6&x=1630&y=848&z=11
06-11 10:45:43.820  6058  6305 I AndroidBridge: Decoded image 256x256 from 36429 bytes
06-11 10:45:43.821  6058  6297 I JniHttpHelper: httpGet OK: https://webst02.is.autonavi.com/appmaptile?style=6&x=2&y=3&z=3 -> 5336 bytes
06-11 10:45:43.824  6058  6058 I BasemapLayer: Tile uploaded: 11/1630/846 256x256
06-11 10:45:43.824  1667 15952 I sensors-hal: handle_oplus_wise_rgb_event:230, wise_rgb:algo_type = 3
06-11 10:45:43.824  1667 15952 I sensors-hal: handle_oplus_wise_rgb_event:285, wise_rgb: raw_lux 501.547791, raw_cct 6369.668457, r/g/b/c: 39438.425781/34590.964844/19528.232422/87934.179688, R/G/B: 0.000000/0.000000/0.000000, brl 1529.000000, lux: 501.547791, cct: 6369.668457, ts 243341142493604, cnt 7373
06-11 10:45:43.827  6058  6322 I JniHttpHelper: httpGet called: https://webst02.is.autonavi.com/appmaptile?style=6&x=1&y=4&z=3
06-11 10:45:43.827  6058  6453 I AndroidBridge: androidHttpGet: env=0xb400007a7da12800 gJniHttpHelperClass=0x30a6 gHttpGetMethod=0x1 url=https://webst01.is.autonavi.com/appmaptile?style=6&x=3&y=5&z=3
06-11 10:45:43.831  6058  6299 I AndroidBridge: Decoded image 256x256 from 36116 bytes
06-11 10:45:43.832  6058  6058 I BasemapLayer: Tile uploaded: 11/1629/846 256x256
06-11 10:45:43.835  6058  6297 I AndroidBridge: Decoded image 256x256 from 5336 bytes
06-11 10:45:43.836 26764  1109 I WeatherS_ResidentCityApi: update resident city success:false
06-11 10:45:43.836  8454 13919 I metis_v2_AppSwitchDataCollector:  set isNotifiedTVCast
06-11 10:45:43.837  6058  6462 I AndroidBridge: androidHttpGet: env=0xb400007a7da0fb60 gJniHttpHelperClass=0x30a6 gHttpGetMethod=0x1 url=https://webst04.is.autonavi.com/appmaptile?style=6&x=0&y=3&z=2
06-11 10:45:43.840  8454 13919 E metis_v2_FactManager: There is no subModel: com.oplus.linker
06-11 10:45:43.840  8454 13919 I metis_v2_AppSwitchDataCollector: Skip call fire
06-11 10:45:43.843  6058  6322 I JniHttpHelper: httpGet OK: https://webst02.is.autonavi.com/appmaptile?style=6&x=1&y=4&z=3 -> 1679 bytes
06-11 10:45:43.843  6058  6325 I JniHttpHelper: httpGet called: https://webst02.is.autonavi.com/appmaptile?style=6&x=0&y=5&z=3
06-11 10:45:43.844  1460  1493 W SeedlingShare: (com.oplus.games, assistant_update_game_infos) not in seeding shared white list.
06-11 10:45:43.846  6058  6322 I AndroidBridge: Decoded image 256x256 from 1679 bytes
06-11 10:45:43.847  5775  5775 I SAUApplication: log switch=false
06-11 10:45:43.848  1460  1493 W AppInfo : AppInfo create Uri content://com.nearme.instant.platform.res/com.coloros.gamespaceui.quickapp.library/manifest.json
06-11 10:45:43.849  6058  6058 I BasemapLayer: Tile uploaded: 3/2/3 256x256
06-11 10:45:43.850  6058  6058 I BasemapLayer: Tile uploaded: 3/1/4 256x256
06-11 10:45:43.852  9715  9915 I AstScreen.DaemonMemoryManager: flagMainPcsMem? false, mainProcessCurrentPss340416
06-11 10:45:43.852 25296 22077 I AstScreen.LauncherOverlayBinder.Ht: onStop
06-11 10:45:43.854  6058  6468 I AndroidBridge: androidHttpGet: env=0xb400007a7da12f00 gJniHttpHelperClass=0x30a6 gHttpGetMethod=0x1 url=https://webst01.is.autonavi.com/appmaptile?style=6&x=1&y=3&z=2
06-11 10:45:43.854  6058  6469 I AndroidBridge: androidHttpGet: env=0xb400007a7da13520 gJniHttpHelperClass=0x30a6 gHttpGetMethod=0x1 url=https://webst03.is.autonavi.com/appmaptile?style=6&x=5&y=5&z=3
06-11 10:45:43.854  6058  6321 I JniHttpHelper: httpGet OK: https://webst03.is.autonavi.com/appmaptile?style=6&x=1630&y=848&z=11 -> 33567 bytes
06-11 10:45:43.855  5775  5775 I AppFeatureCache: enableAppFeatureCache
06-11 10:45:43.855  5775  5775 I AppFeatureCache: clearCursorInCache
06-11 10:45:43.855  5775  5775 I AppFeatureCache: invalidateAppFeatureCache run in
06-11 10:45:43.858  6058  6321 I AndroidBridge: Decoded image 256x256 from 33567 bytes
06-11 10:45:43.858  6058  6347 I JniHttpHelper: httpGet called: https://webst03.is.autonavi.com/appmaptile?style=6&x=1&y=5&z=3
06-11 10:45:43.858  5868  6269 W SQLiteLog: (28) double-quoted string literal: "com.earthengine.minimalglobe"
06-11 10:45:43.850  1460  1493 W PackageFilesValidator: isInvalidResource: AppDistributionMeta is null
06-11 10:45:43.861  6058  6325 I JniHttpHelper: httpGet OK: https://webst02.is.autonavi.com/appmaptile?style=6&x=0&y=5&z=3 -> 1668 bytes
06-11 10:45:43.861  6058  6370 I JniHttpHelper: httpGet called: https://webst03.is.autonavi.com/appmaptile?style=6&x=2&y=4&z=3
06-11 10:45:43.864  6058  6308 I JniHttpHelper: httpGet OK: https://webst02.is.autonavi.com/appmaptile?style=6&x=1630&y=847&z=11 -> 33637 bytes
06-11 10:45:43.864  6058  6377 I JniHttpHelper: httpGet called: https://webst04.is.autonavi.com/appmaptile?style=6&x=3&y=4&z=3
06-11 10:45:43.866  6058  6058 I BasemapLayer: Tile uploaded: 11/1630/848 256x256
06-11 10:45:43.866 25296 25296 I AstScreen.RxLauncherStateMonitor: setValue launcherState STOP value STOP
06-11 10:45:43.866 25296 25296 I AstScreen.AssistantScreen.EventProcessor: onStop
06-11 10:45:43.866  6058  6325 I AndroidBridge: Decoded image 256x256 from 1668 bytes
06-11 10:45:43.868  6058  6308 I AndroidBridge: Decoded image 256x256 from 33637 bytes
06-11 10:45:43.869  6058  6474 I AndroidBridge: androidHttpGet: env=0xb400007a0aba6960 gJniHttpHelperClass=0x30a6 gHttpGetMethod=0x1 url=https://webst03.is.autonavi.com/appmaptile?style=6&x=4&y=6&z=3
06-11 10:45:43.871  1460  1493 W AppInfo : app info parse uri fail. uri: content://com.nearme.instant.platform.res/com.coloros.gamespaceui.quickapp.library/manifest.json##Throwable##java.io.FileNotFoundException: open failed: ENOENT (No such file or directory)
06-11 10:45:43.871  1460  1493 W AppInfo : 	at android.os.ParcelFileDescriptor.openInternal(ParcelFileDescriptor.java:356)
06-11 10:45:43.871  1460  1493 W AppInfo : 	at android.os.ParcelFileDescriptor.open(ParcelFileDescriptor.java:233)
06-11 10:45:43.871  1460  1493 W AppInfo : 	at org.hapjs.cache.CacheProvider.doOpenFile(SourceFile:56)
06-11 10:45:43.871  1460  1493 W AppInfo : 	at org.hapjs.AbstractContentProvider.openFile(SourceFile:4)
06-11 10:45:43.871  1460  1493 W AppInfo : 	at android.content.ContentProvider.openAssetFile(ContentProvider.java:2326)
06-11 10:45:43.871  1460  1493 W AppInfo : 	at org.hapjs.AbstractContentProvider.doOpenAssetFile(SourceFile:1)
06-11 10:45:43.871  1460  1493 W AppInfo : 	at org.hapjs.cache.CacheProvider.doOpenAssetFile(SourceFile:74)
06-11 10:45:43.871  1460  1493 W AppInfo : 	at org.hapjs.AbstractContentProvider.openAssetFile(SourceFile:4)
06-11 10:45:43.871  1460  1493 W AppInfo : 	at android.content.ContentProvider.openTypedAssetFile(ContentProvider.java:2504)
06-11 10:45:43.871  1460  1493 W AppInfo : 	at android.content.ContentProvider.openTypedAssetFile(ContentProvider.java:2571)
06-11 10:45:43.871  1460  1493 W AppInfo : 	at android.content.ContentProvider$Transport.openTypedAssetFile(ContentProvider.java:692)
06-11 10:45:43.871  1460  1493 W AppInfo : 	at android.content.ContentResolver.openTypedAssetFileDescriptor(ContentResolver.java:2097)
06-11 10:45:43.871  1460  1493 W AppInfo : 	at android.content.ContentResolver.openAssetFileDescriptor(ContentResolver.java:1912)
06-11 10:45:43.871  1460  1493 W AppInfo : 	at android.content.ContentResolver.openInputStream(ContentResolver.java:1582)
06-11 10:45:43.871  1460  1493 W AppInfo : 	at org.hapjs.model.AppInfo.fromUri(SourceFile:7)
06-11 10:45:43.871  1460  1493 W AppInfo : 	at org.hapjs.model.AppInfo.create(SourceFile:105)
06-11 10:45:43.871  1460  1493 W AppInfo : 	at org.hapjs.bridge.DefaultAppInfoProvider.create(SourceFile:1)
06-11 10:45:43.871  1460  1493 W AppInfo : 	at a.a.a.nl0.g(SourceFile:58)
06-11 10:45:43.871  1460  1493 W AppInfo : 	at a.a.a.nl0.e(SourceFile:2)
06-11 10:45:43.871  1460  1493 W AppInfo : 	at a.a.a.rp6.d(SourceFile:22)
06-11 10:45:43.871  1460  1493 W AppInfo : 	at a.a.a.rp6.c(SourceFile:52)
06-11 10:45:43.871  1460  1493 W AppInfo : 	at com.nearme.instant.card.SharedDataProvider.setOrUpdateSharedDataInner(SourceFile:48)
06-11 10:45:43.871  1460  1493 W AppInfo : 	at com.nearme.instant.card.SharedDataProvider.setOrUpdateSharedData(SourceFile:61)
06-11 10:45:43.871  1460  1493 W AppInfo : 	at com.nearme.instant.card.SharedDataProvider.doCall(SourceFile:46)
06-11 10:45:43.871  1460  1493 W AppInfo : 	at org.hapjs.AbstractContentProvider.call(SourceFile:4)
06-11 10:45:43.871  1460  1493 W AppInfo : 	at android.content.ContentProvider.call(ContentProvider.java:2773)
06-11 10:45:43.871  1460  1493 W AppInfo : 	at android.content.ContentProvider$Transport.call(ContentProvider.java:653)
06-11 10:45:43.871  1460  1493 W AppInfo : 	at android.content.ContentProviderNative.onTransact(ContentProviderNative.java:307)
06-11 10:45:43.871  1460  1493 W AppInfo : 	at android.os.Binder.execTransactInternal(Binder.java:1444)
06-11 10:45:43.871  1460  1493 W AppInfo : 	at android.os.Binder.execTransact(Binder.java:1378)
06-11 10:45:43.871  1460  1493 E PermissionVerifier: card rpk not exists
06-11 10:45:43.871  1460  1493 W PermissionVerifier: checkWritePermission writer: com.oplus.games not in rpk: com.coloros.gamespaceui.quickapp.library allowed list
06-11 10:45:43.871  1460  1493 W SharedDataProvider: setOrUpdateSharedData no permissions!
06-11 10:45:43.877  5775  5775 I AppFeatureCache: invalidateAppFeatureCache size: 11
06-11 10:45:43.880 11083  6000 I os.phonemanager: AssetManager2(0xb400007930299528) locale list changing from [] to [zh-CN]
06-11 10:45:43.883  6058  6058 I BasemapLayer: Tile uploaded: 3/0/5 256x256
06-11 10:45:43.884  6058  6058 I BasemapLayer: Tile uploaded: 11/1630/847 256x256
06-11 10:45:43.887  6058  6370 I JniHttpHelper: httpGet OK: https://webst03.is.autonavi.com/appmaptile?style=6&x=2&y=4&z=3 -> 6856 bytes
06-11 10:45:43.887  6058  6396 I JniHttpHelper: httpGet called: https://webst04.is.autonavi.com/appmaptile?style=6&x=2&y=5&z=3
06-11 10:45:43.888  6058  6476 I AndroidBridge: androidHttpGet: env=0xb400007a0aba7300 gJniHttpHelperClass=0x30a6 gHttpGetMethod=0x1 url=https://webst04.is.autonavi.com/appmaptile?style=6&x=5&y=6&z=3
06-11 10:45:43.888  6058  6477 I AndroidBridge: androidHttpGet: env=0xb400007a0aba8560 gJniHttpHelperClass=0x30a6 gHttpGetMethod=0x1 url=https://webst04.is.autonavi.com/appmaptile?style=6&x=4&y=7&z=3
06-11 10:45:43.890 26764 19488 I WeatherS_WeatherInfoBaseDataSource: weather data size: 1
06-11 10:45:43.890 26764 19488 I WeatherS_WeatherInfoBaseDataSource: start handler weather cityId: -10000
06-11 10:45:43.890 26764 19488 I WeatherS_WeatherInfoBaseDataSource: current handler hasResidentCity
06-11 10:45:43.891  6058  6370 I AndroidBridge: Decoded image 256x256 from 6856 bytes
06-11 10:45:43.891 26764 19488 I WeatherS_WeatherDataHelper: updateWeatherDbByLight:-10000;true;22
06-11 10:45:43.891  6058  6377 I JniHttpHelper: httpGet OK: https://webst04.is.autonavi.com/appmaptile?style=6&x=3&y=4&z=3 -> 2621 bytes
06-11 10:45:43.892  6058  6453 I JniHttpHelper: httpGet called: https://webst01.is.autonavi.com/appmaptile?style=6&x=3&y=5&z=3
06-11 10:45:43.894 11083 11732 D CloudConfig_stgyHelper: mspVersionCanSupport mspKitVersion : 2021620
06-11 10:45:43.896 11083 11732 D CloudConfig_stgyHelper: getSupportKitMode strategyEntity : StrategyEntity(sdkInterval=1800000, strategyMode=1, minSDKVersion=1000, minKitVersion=2014122, validReqPeriod=7200000, maxReqProduct=100, forceKitIfKit=false, backoff=120000, enable=true, defaultLimit=RateLimitConfig{maxCalls=1, timeWindowSeconds=7200, callIntervalSeconds=0}, productLimits={global-domain_1281=RateLimitConfig{maxCalls=1, timeWindowSeconds=7200, callIntervalSeconds=0}, 50351=RateLimitConfig{maxCalls=1, timeWindowSeconds=7200, callIntervalSeconds=0}, compass_20092=RateLimitConfig{maxCalls=1, timeWindowSeconds=7200, callIntervalSeconds=0}, global-domain_1961=RateLimitConfig{maxCalls=1, timeWindowSeconds=7200, callIntervalSeconds=0}, compass_2=RateLimitConfig{maxCalls=1, timeWindowSeconds=7200, callIntervalSeconds=0}, mdp_2047=RateLimitConfig{maxCalls=1, timeWindowSeconds=7200, callIntervalSeconds=0}, mdp_2296=RateLimitConfig{maxCalls=1, timeWindowSeconds=7200, callIntervalSeconds=0}, compass_143100=RateLimitConfig{maxCalls=1, timeWindowSeconds=7200, callIntervalSeconds=0}})
06-11 10:45:43.896 11083 11732 D CloudConfig_stgyHelper: getSupportKitMode localSdkVersion : 1227
06-11 10:45:43.899  6058  6058 I BasemapLayer: Tile uploaded: 3/2/4 256x256
06-11 10:45:43.899 11083 11732 D CloudConfig_stgyHelper: mspVersionCanSupport mspKitVersion : 2021620
06-11 10:45:43.901 28382 32312 D CosaServiceImpl: getABProjectName enter
06-11 10:45:43.901 28382 32312 D CosaServiceImpl: getABProjectName 
06-11 10:45:43.902  6058  6453 I JniHttpHelper: httpGet OK: https://webst01.is.autonavi.com/appmaptile?style=6&x=3&y=5&z=3 -> 1893 bytes
06-11 10:45:43.902  6058  6462 I JniHttpHelper: httpGet called: https://webst04.is.autonavi.com/appmaptile?style=6&x=0&y=3&z=2
06-11 10:45:43.905 11083 11732 D CloudConfig_stgyHelper: getSupportKitMode strategyEntity : StrategyEntity(sdkInterval=1800000, strategyMode=1, minSDKVersion=1000, minKitVersion=2014122, validReqPeriod=7200000, maxReqProduct=100, forceKitIfKit=false, backoff=120000, enable=true, defaultLimit=RateLimitConfig{maxCalls=1, timeWindowSeconds=7200, callIntervalSeconds=0}, productLimits={global-domain_1281=RateLimitConfig{maxCalls=1, timeWindowSeconds=7200, callIntervalSeconds=0}, 50351=RateLimitConfig{maxCalls=1, timeWindowSeconds=7200, callIntervalSeconds=0}, compass_20092=RateLimitConfig{maxCalls=1, timeWindowSeconds=7200, callIntervalSeconds=0}, global-domain_1961=RateLimitConfig{maxCalls=1, timeWindowSeconds=7200, callIntervalSeconds=0}, compass_2=RateLimitConfig{maxCalls=1, timeWindowSeconds=7200, callIntervalSeconds=0}, mdp_2047=RateLimitConfig{maxCalls=1, timeWindowSeconds=7200, callIntervalSeconds=0}, mdp_2296=RateLimitConfig{maxCalls=1, timeWindowSeconds=7200, callIntervalSeconds=0}, compass_143100=RateLimitConfig{maxCalls=1, timeWindowSeconds=7200, callIntervalSeconds=0}})
06-11 10:45:43.905 11083 11732 D CloudConfig_stgyHelper: getSupportKitMode localSdkVersion : 1227
06-11 10:45:43.905  6058  6396 I JniHttpHelper: httpGet OK: https://webst04.is.autonavi.com/appmaptile?style=6&x=2&y=5&z=3 -> 5122 bytes
06-11 10:45:43.906  6058  6453 I AndroidBridge: Decoded image 256x256 from 1893 bytes
06-11 10:45:43.906  6058  6377 I AndroidBridge: Decoded image 256x256 from 2621 bytes
06-11 10:45:43.907  6058  6312 I JniHttpHelper: httpGet OK: https://webst02.is.autonavi.com/appmaptile?style=6&x=1629&y=848&z=11 -> 36112 bytes
06-11 10:45:43.907  6058  6058 I BasemapLayer: Tile uploaded: 3/3/5 256x256
06-11 10:45:43.908  6058  6058 I BasemapLayer: Tile uploaded: 3/3/4 256x256
06-11 10:45:43.908 11083  6000 V OplusUXIconLoader: loadUxIcon drawable null, packageName = com.earthengine.minimalglobe,activityName =:com.earthengine.minimalglobe.MainActivity
06-11 10:45:43.910 11083  6000 V OplusUXIconLoader: loadUxIcon drawable null, packageName = com.earthengine.minimalglobe,activityName =:null
06-11 10:45:43.911  6058  6396 I AndroidBridge: Decoded image 256x256 from 5122 bytes
06-11 10:45:43.911  6058  6312 I AndroidBridge: Decoded image 256x256 from 36112 bytes
06-11 10:45:43.911  6058  6468 I JniHttpHelper: httpGet called: https://webst01.is.autonavi.com/appmaptile?style=6&x=1&y=3&z=2
06-11 10:45:43.912  6058  6483 I AndroidBridge: androidHttpGet: env=0xb400007a7da12800 gJniHttpHelperClass=0x30a6 gHttpGetMethod=0x1 url=https://webst03.is.autonavi.com/appmaptile?style=6&x=7&y=7&z=3
06-11 10:45:43.912  6058  6483 I JniHttpHelper: httpGet called: https://webst03.is.autonavi.com/appmaptile?style=6&x=7&y=7&z=3
06-11 10:45:43.912  1877  2435 D VRR [OTI-HW]: isStateReady 0
06-11 10:45:43.913  1877  2435 D VRR [OTI-HW]: keep rate.
06-11 10:45:43.916  8454  8173 I ContextAware_AppCardProcessor: [subscription2x4-launcher]no card, release not send
06-11 10:45:43.917  6058  6482 I AndroidBridge: androidHttpGet: env=0xb400007a0aba7760 gJniHttpHelperClass=0x30a6 gHttpGetMethod=0x1 url=https://webst01.is.autonavi.com/appmaptile?style=6&x=5&y=7&z=3
06-11 10:45:43.918  6058  6347 I JniHttpHelper: httpGet OK: https://webst03.is.autonavi.com/appmaptile?style=6&x=1&y=5&z=3 -> 1652 bytes
06-11 10:45:43.919  6058  6474 I JniHttpHelper: httpGet called: https://webst03.is.autonavi.com/appmaptile?style=6&x=4&y=6&z=3
06-11 10:45:43.922  6058  6462 I JniHttpHelper: httpGet OK: https://webst04.is.autonavi.com/appmaptile?style=6&x=0&y=3&z=2 -> 3476 bytes
06-11 10:45:43.923  6058  6469 I JniHttpHelper: httpGet called: https://webst03.is.autonavi.com/appmaptile?style=6&x=5&y=5&z=3
06-11 10:45:43.925  6058  6058 I BasemapLayer: Tile uploaded: 3/2/5 256x256
06-11 10:45:43.925  6058  6058 I BasemapLayer: Tile uploaded: 11/1629/848 256x256
06-11 10:45:43.927  6058  6462 I AndroidBridge: Decoded image 256x256 from 3476 bytes
06-11 10:45:43.930 19629 19728 D WM-SystemJobScheduler: Scheduling work ID 3749fc7a-29cd-4b31-b679-0bd8a73653e3Job ID 4808
06-11 10:45:43.930  6058  6483 I JniHttpHelper: httpGet OK: https://webst03.is.autonavi.com/appmaptile?style=6&x=7&y=7&z=3 -> 3819 bytes
06-11 10:45:43.931  6058  6476 I JniHttpHelper: httpGet called: https://webst04.is.autonavi.com/appmaptile?style=6&x=5&y=6&z=3
06-11 10:45:43.936  6058  6347 I AndroidBridge: Decoded image 256x256 from 1652 bytes
06-11 10:45:43.938  6058  6483 I AndroidBridge: Decoded image 256x256 from 3819 bytes
06-11 10:45:43.939 11083 11778 I MSP-LOG-SDK-MspSdk: Sdk has initialized! version:2.0.1.14
06-11 10:45:43.940  1460  1493 W SeedlingShare: (com.oplus.games, assistant_played_game_infos) not in seeding shared white list.
06-11 10:45:43.940  1460  1493 W AppInfo : AppInfo create Uri content://com.nearme.instant.platform.res/com.coloros.gamespaceui.quickapp.guide/manifest.json
06-11 10:45:43.941  1460  1493 W PackageFilesValidator: isInvalidResource: AppDistributionMeta is null
06-11 10:45:43.941  6058  6058 I BasemapLayer: Tile uploaded: 2/0/3 256x256
06-11 10:45:43.941  6058  6058 I BasemapLayer: Tile uploaded: 3/1/5 256x256
06-11 10:45:43.942 11083 11778 E MSP-LOG-SDK-RateLimitManager: not_allow_invoke because of time_window_not_allow queue = [1781143255693], config = RateLimitConfig{maxCalls=1, timeWindowSeconds=7200, callIntervalSeconds=0}, ipcInvokeTimeQueueMapKey = com.heytap.nearx.tangramconfig.kit.client.ICloudCtrlServiceModule?@?global-domain_1961?@?4?@?com.coloros.phonemanager, has already call 1 times in 7200 seconds before
06-11 10:45:43.942 11083 11778 E MSP-LOG-SDK-: MspSdkException{code=3014,message=com.heytap.mspsdk.ratelimit.MspRateLimitExceededException: ipc rate limit exceeded in time window}
06-11 10:45:43.942 11083 11778 E MSP-LOG-SDK-: 	at com.heytap.mspsdk.ratelimit.b.a(RateLimitInterceptor.java:56)
06-11 10:45:43.942 11083 11778 E MSP-LOG-SDK-: 	at com.heytap.mspsdk.interceptor.c.a(StandardListChain.java:40)
06-11 10:45:43.942 11083 11778 E MSP-LOG-SDK-: 	at com.heytap.mspsdk.proxy.b.a(CompatCheckInterceptor.java:30)
06-11 10:45:43.942 11083 11778 E MSP-LOG-SDK-: 	at com.heytap.mspsdk.interceptor.c.a(StandardListChain.java:40)
06-11 10:45:43.942 11083 11778 E MSP-LOG-SDK-: 	at com.heytap.mspsdk.proxy.e.invoke(InnerInvocationHandler.java:202)
06-11 10:45:43.942 11083 11778 E MSP-LOG-SDK-: 	at java.lang.reflect.Proxy.invoke(Proxy.java:1006)
06-11 10:45:43.942 11083 11778 E MSP-LOG-SDK-: 	at $Proxy12.checkUpdateConfig(Unknown Source)
06-11 10:45:43.942 11083 11778 E MSP-LOG-SDK-: 	at com.heytap.nearx.tangramconfig.kit.client.KitProxy.checkUpdateConfig$lambda$3(KitProxy.kt:20)
06-11 10:45:43.942 11083 11778 E MSP-LOG-SDK-: 	at com.heytap.nearx.tangramconfig.kit.client.KitProxy.d(KitProxy.kt:1)
06-11 10:45:43.942 11083 11778 E MSP-LOG-SDK-: 	at com.heytap.nearx.tangramconfig.kit.client.e.run(R8$$SyntheticClass:9)
06-11 10:45:43.942 11083 11778 E MSP-LOG-SDK-: 	at java.util.concurrent.ThreadPoolExecutor.runWorker(ThreadPoolExecutor.java:1156)
06-11 10:45:43.942 11083 11778 E MSP-LOG-SDK-: 	at java.util.concurrent.ThreadPoolExecutor$Worker.run(ThreadPoolExecutor.java:651)
06-11 10:45:43.942 11083 11778 E MSP-LOG-SDK-: 	at java.lang.Thread.run(Thread.java:1119)
06-11 10:45:43.949  1460  1493 W AppInfo : app info parse uri fail. uri: content://com.nearme.instant.platform.res/com.coloros.gamespaceui.quickapp.guide/manifest.json##Throwable##java.io.FileNotFoundException: open failed: ENOENT (No such file or directory)
06-11 10:45:43.949  1460  1493 W AppInfo : 	at android.os.ParcelFileDescriptor.openInternal(ParcelFileDescriptor.java:356)
06-11 10:45:43.949  1460  1493 W AppInfo : 	at android.os.ParcelFileDescriptor.open(ParcelFileDescriptor.java:233)
06-11 10:45:43.949  1460  1493 W AppInfo : 	at org.hapjs.cache.CacheProvider.doOpenFile(SourceFile:56)
06-11 10:45:43.949  1460  1493 W AppInfo : 	at org.hapjs.AbstractContentProvider.openFile(SourceFile:4)
06-11 10:45:43.949  1460  1493 W AppInfo : 	at android.content.ContentProvider.openAssetFile(ContentProvider.java:2326)
06-11 10:45:43.949  1460  1493 W AppInfo : 	at org.hapjs.AbstractContentProvider.doOpenAssetFile(SourceFile:1)
06-11 10:45:43.949  1460  1493 W AppInfo : 	at org.hapjs.cache.CacheProvider.doOpenAssetFile(SourceFile:74)
06-11 10:45:43.949  1460  1493 W AppInfo : 	at org.hapjs.AbstractContentProvider.openAssetFile(SourceFile:4)
06-11 10:45:43.949  1460  1493 W AppInfo : 	at android.content.ContentProvider.openTypedAssetFile(ContentProvider.java:2504)
06-11 10:45:43.949  1460  1493 W AppInfo : 	at android.content.ContentProvider.openTypedAssetFile(ContentProvider.java:2571)
06-11 10:45:43.949  1460  1493 W AppInfo : 	at android.content.ContentProvider$Transport.openTypedAssetFile(ContentProvider.java:692)
06-11 10:45:43.949  1460  1493 W AppInfo : 	at android.content.ContentResolver.openTypedAssetFileDescriptor(ContentResolver.java:2097)
06-11 10:45:43.949  1460  1493 W AppInfo : 	at android.content.ContentResolver.openAssetFileDescriptor(ContentResolver.java:1912)
06-11 10:45:43.949  1460  1493 W AppInfo : 	at android.content.ContentResolver.openInputStream(ContentResolver.java:1582)
06-11 10:45:43.949  1460  1493 W AppInfo : 	at org.hapjs.model.AppInfo.fromUri(SourceFile:7)
06-11 10:45:43.949  1460  1493 W AppInfo : 	at org.hapjs.model.AppInfo.create(SourceFile:105)
06-11 10:45:43.949  1460  1493 W AppInfo : 	at org.hapjs.bridge.DefaultAppInfoProvider.create(SourceFile:1)
06-11 10:45:43.949  1460  1493 W AppInfo : 	at a.a.a.nl0.g(SourceFile:58)
06-11 10:45:43.949  1460  1493 W AppInfo : 	at a.a.a.nl0.e(SourceFile:2)
06-11 10:45:43.949  1460  1493 W AppInfo : 	at a.a.a.rp6.d(SourceFile:22)
06-11 10:45:43.949  1460  1493 W AppInfo : 	at a.a.a.rp6.c(SourceFile:52)
06-11 10:45:43.949  1460  1493 W AppInfo : 	at com.nearme.instant.card.SharedDataProvider.setOrUpdateSharedDataInner(SourceFile:48)
06-11 10:45:43.949  1460  1493 W AppInfo : 	at com.nearme.instant.card.SharedDataProvider.setOrUpdateSharedData(SourceFile:61)
06-11 10:45:43.949  1460  1493 W AppInfo : 	at com.nearme.instant.card.SharedDataProvider.doCall(SourceFile:46)
06-11 10:45:43.949  1460  1493 W AppInfo : 	at org.hapjs.AbstractContentProvider.call(SourceFile:4)
06-11 10:45:43.949  1460  1493 W AppInfo : 	at android.content.ContentProvider.call(ContentProvider.java:2773)
06-11 10:45:43.949  1460  1493 W AppInfo : 	at android.content.ContentProvider$Transport.call(ContentProvider.java:653)
06-11 10:45:43.949  1460  1493 W AppInfo : 	at android.content.ContentProviderNative.onTransact(ContentProviderNative.java:307)
06-11 10:45:43.949  1460  1493 W AppInfo : 	at android.os.Binder.execTransactInternal(Binder.java:1444)
06-11 10:45:43.949  1460  1493 W AppInfo : 	at android.os.Binder.execTransact(Binder.java:1378)
06-11 10:45:43.950  1460  1493 E PermissionVerifier: card rpk not exists
06-11 10:45:43.950  1460  1493 W PermissionVerifier: checkWritePermission writer: com.oplus.games not in rpk: com.coloros.gamespaceui.quickapp.guide allowed list
06-11 10:45:43.950  1460  1493 W SharedDataProvider: setOrUpdateSharedData no permissions!
06-11 10:45:43.952  6058  6476 I JniHttpHelper: httpGet OK: https://webst04.is.autonavi.com/appmaptile?style=6&x=5&y=6&z=3 -> 3099 bytes
06-11 10:45:43.953  6058  6477 I JniHttpHelper: httpGet called: https://webst04.is.autonavi.com/appmaptile?style=6&x=4&y=7&z=3
06-11 10:45:43.954 19629 19728 D WM-PackageManagerHelper: androidx.work.impl.background.systemalarm.RescheduleReceiver enabled
06-11 10:45:43.958  6058  6058 I BasemapLayer: Tile uploaded: 3/7/7 256x256
06-11 10:45:43.962  6058  6476 I AndroidBridge: Decoded image 256x256 from 3099 bytes
06-11 10:45:43.964  1460  1493 W SeedlingShare: (com.oplus.games, assistant_played_game_infos) not in seeding shared white list.
06-11 10:45:43.965  1460  1493 W AppInfo : AppInfo create Uri content://com.nearme.instant.platform.res/com.coloros.gamespaceui.quickapp.library/manifest.json
06-11 10:45:43.965  1460  1493 W PackageFilesValidator: isInvalidResource: AppDistributionMeta is null
06-11 10:45:43.965 11083 11741 I MSP-LOG-SDK-MspSdk: Sdk has initialized! version:2.0.1.14
06-11 10:45:43.966 11083 11732 I CloudConfig: ruc 1961 exit
06-11 10:45:43.966 11083 11741 E MSP-LOG-SDK-RateLimitManager: not_allow_invoke because of time_window_not_allow queue = [1781143251665], config = RateLimitConfig{maxCalls=1, timeWindowSeconds=21600, callIntervalSeconds=0}, ipcInvokeTimeQueueMapKey = com.heytap.nearx.tangramconfig.kit.client.ICloudCtrlServiceModule?@?global-domain_1961?@?1?@?com.coloros.phonemanager, has already call 1 times in 21600 seconds before
06-11 10:45:43.967 11083 11741 E MSP-LOG-SDK-: MspSdkException{code=3014,message=com.heytap.mspsdk.ratelimit.MspRateLimitExceededException: ipc rate limit exceeded in time window}
06-11 10:45:43.967 11083 11741 E MSP-LOG-SDK-: 	at com.heytap.mspsdk.ratelimit.b.a(RateLimitInterceptor.java:56)
06-11 10:45:43.967 11083 11741 E MSP-LOG-SDK-: 	at com.heytap.mspsdk.interceptor.c.a(StandardListChain.java:40)
06-11 10:45:43.967 11083 11741 E MSP-LOG-SDK-: 	at com.heytap.mspsdk.proxy.b.a(CompatCheckInterceptor.java:30)
06-11 10:45:43.967 11083 11741 E MSP-LOG-SDK-: 	at com.heytap.mspsdk.interceptor.c.a(StandardListChain.java:40)
06-11 10:45:43.967 11083 11741 E MSP-LOG-SDK-: 	at com.heytap.mspsdk.proxy.e.invoke(InnerInvocationHandler.java:202)
06-11 10:45:43.967 11083 11741 E MSP-LOG-SDK-: 	at java.lang.reflect.Proxy.invoke(Proxy.java:1006)
06-11 10:45:43.967 11083 11741 E MSP-LOG-SDK-: 	at $Proxy12.getDynamicCondition(Unknown Source)
06-11 10:45:43.967 11083 11741 E MSP-LOG-SDK-: 	at com.heytap.nearx.tangramconfig.kit.client.KitProxy.getDynamicCondition$lambda$0(KitProxy.kt:25)
06-11 10:45:43.967 11083 11741 E MSP-LOG-SDK-: 	at com.heytap.nearx.tangramconfig.kit.client.KitProxy.b(KitProxy.kt:1)
06-11 10:45:43.967 11083 11741 E MSP-LOG-SDK-: 	at com.heytap.nearx.tangramconfig.kit.client.b.run(R8$$SyntheticClass:9)
06-11 10:45:43.967 11083 11741 E MSP-LOG-SDK-: 	at java.util.concurrent.ThreadPoolExecutor.runWorker(ThreadPoolExecutor.java:1156)
06-11 10:45:43.967 11083 11741 E MSP-LOG-SDK-: 	at java.util.concurrent.ThreadPoolExecutor$Worker.run(ThreadPoolExecutor.java:651)
06-11 10:45:43.967 11083 11741 E MSP-LOG-SDK-: 	at java.lang.Thread.run(Thread.java:1119)
06-11 10:45:43.967 11083 11732 I CloudConfig: tn: sdk-50351-ruc, dr: 174ms
06-11 10:45:43.967  6058  6477 I JniHttpHelper: httpGet OK: https://webst04.is.autonavi.com/appmaptile?style=6&x=4&y=7&z=3 -> 2131 bytes
06-11 10:45:43.967  6058  6482 I JniHttpHelper: httpGet called: https://webst01.is.autonavi.com/appmaptile?style=6&x=5&y=7&z=3
06-11 10:45:43.968  1460  1493 W AppInfo : app info parse uri fail. uri: content://com.nearme.instant.platform.res/com.coloros.gamespaceui.quickapp.library/manifest.json##Throwable##java.io.FileNotFoundException: open failed: ENOENT (No such file or directory)
06-11 10:45:43.968  1460  1493 W AppInfo : 	at android.os.ParcelFileDescriptor.openInternal(ParcelFileDescriptor.java:356)
06-11 10:45:43.968  1460  1493 W AppInfo : 	at android.os.ParcelFileDescriptor.open(ParcelFileDescriptor.java:233)
06-11 10:45:43.968  1460  1493 W AppInfo : 	at org.hapjs.cache.CacheProvider.doOpenFile(SourceFile:56)
06-11 10:45:43.968  1460  1493 W AppInfo : 	at org.hapjs.AbstractContentProvider.openFile(SourceFile:4)
06-11 10:45:43.968  1460  1493 W AppInfo : 	at android.content.ContentProvider.openAssetFile(ContentProvider.java:2326)
06-11 10:45:43.968  1460  1493 W AppInfo : 	at org.hapjs.AbstractContentProvider.doOpenAssetFile(SourceFile:1)
06-11 10:45:43.968  1460  1493 W AppInfo : 	at org.hapjs.cache.CacheProvider.doOpenAssetFile(SourceFile:74)
06-11 10:45:43.968  1460  1493 W AppInfo : 	at org.hapjs.AbstractContentProvider.openAssetFile(SourceFile:4)
06-11 10:45:43.968  1460  1493 W AppInfo : 	at android.content.ContentProvider.openTypedAssetFile(ContentProvider.java:2504)
06-11 10:45:43.968  1460  1493 W AppInfo : 	at android.content.ContentProvider.openTypedAssetFile(ContentProvider.java:2571)
06-11 10:45:43.968  1460  1493 W AppInfo : 	at android.content.ContentProvider$Transport.openTypedAssetFile(ContentProvider.java:692)
06-11 10:45:43.968  1460  1493 W AppInfo : 	at android.content.ContentResolver.openTypedAssetFileDescriptor(ContentResolver.java:2097)
06-11 10:45:43.968  1460  1493 W AppInfo : 	at android.content.ContentResolver.openAssetFileDescriptor(ContentResolver.java:1912)
06-11 10:45:43.968  1460  1493 W AppInfo : 	at android.content.ContentResolver.openInputStream(ContentResolver.java:1582)
06-11 10:45:43.968  1460  1493 W AppInfo : 	at org.hapjs.model.AppInfo.fromUri(SourceFile:7)
06-11 10:45:43.968  1460  1493 W AppInfo : 	at org.hapjs.model.AppInfo.create(SourceFile:105)
06-11 10:45:43.968  1460  1493 W AppInfo : 	at org.hapjs.bridge.DefaultAppInfoProvider.create(SourceFile:1)
06-11 10:45:43.968  1460  1493 W AppInfo : 	at a.a.a.nl0.g(SourceFile:58)
06-11 10:45:43.968  1460  1493 W AppInfo : 	at a.a.a.nl0.e(SourceFile:2)
06-11 10:45:43.968  1460  1493 W AppInfo : 	at a.a.a.rp6.d(SourceFile:22)
06-11 10:45:43.968  1460  1493 W AppInfo : 	at a.a.a.rp6.c(SourceFile:52)
06-11 10:45:43.968  1460  1493 W AppInfo : 	at com.nearme.instant.card.SharedDataProvider.setOrUpdateSharedDataInner(SourceFile:48)
06-11 10:45:43.968  1460  1493 W AppInfo : 	at com.nearme.instant.card.SharedDataProvider.setOrUpdateSharedData(SourceFile:61)
06-11 10:45:43.968  1460  1493 W AppInfo : 	at com.nearme.instant.card.SharedDataProvider.doCall(SourceFile:46)
06-11 10:45:43.968  1460  1493 W AppInfo : 	at org.hapjs.AbstractContentProvider.call(SourceFile:4)
06-11 10:45:43.968  1460  1493 W AppInfo : 	at android.content.ContentProvider.call(ContentProvider.java:2773)
06-11 10:45:43.968  1460  1493 W AppInfo : 	at android.content.ContentProvider$Transport.call(ContentProvider.java:653)
06-11 10:45:43.968  1460  1493 W AppInfo : 	at android.content.ContentProviderNative.onTransact(ContentProviderNative.java:307)
06-11 10:45:43.968  1460  1493 W AppInfo : 	at android.os.Binder.execTransactInternal(Binder.java:1444)
06-11 10:45:43.968  1460  1493 W AppInfo : 	at android.os.Binder.execTransact(Binder.java:1378)
06-11 10:45:43.969  1877  5741 D SurfaceFlinger: VRR [SurfaceFlinger] setDesiredDisplayModeSpecs, from process 3189, 1, 0, primaryRanges = [ 0.000000, 120.000008, 0.000000, 60.000004 ], appRequestRanges = [ 0.000000, 120.000008, 0.000000 60.000004 ]
06-11 10:45:43.969  1877  1877 I RefreshRateSelector: Display 4630946283567114626 policy changed
06-11 10:45:43.969  1877  1877 I RefreshRateSelector: Previous: {defaultModeId=0, allowGroupSwitching=false, primaryRanges={physical=[0.00 Hz, 120.00 Hz], render=[0.00 Hz, 120.00 Hz]}, appRequestRanges={physical=[0.00 Hz, 120.00 Hz], render=[0.00 Hz, 120.00 Hz]} idleScreenConfig=nullptr}
06-11 10:45:43.969  1877  1877 I RefreshRateSelector: Current:  DisplayManagerPolicy{defaultModeId=1, allowGroupSwitching=false, primaryRanges={physical=[0.00 Hz, 120.00 Hz], render=[0.00 Hz, 60.00 Hz]}, appRequestRanges={physical=[0.00 Hz, 120.00 Hz], render=[0.00 Hz, 60.00 Hz]} idleScreenConfig=nullptr}
06-11 10:45:43.969  1877  1877 I RefreshRateSelector: 0 mode changes were performed under the previous policy
06-11 10:45:43.969  1877  1877 D SurfaceFlinger: VRR [SurfaceFlinger] applyRefreshRateSelectorPolicy: 1 (60.00 Hz), policy: {defaultModeId=1, allowGroupSwitching=false, primaryRanges={physical=[0.00 Hz, 120.00 Hz], render=[0.00 Hz, 60.00 Hz]}, appRequestRanges={physical=[0.00 Hz, 120.00 Hz], render=[0.00 Hz, 60.00 Hz]} idleScreenConfig=nullptr}
06-11 10:45:43.969  1877  1877 D SurfaceFlinger: VRR [SurfaceFlinger] setDesiredActiveMode: displayId: 4630946283567114626, renderRate: 60, vsyncRate: 60, event: 1
06-11 10:45:43.969  1877  1877 D DisplayModeController: setDesiredMode 4630946283567114626 {mode={fps=60.00 Hz, modePtr={id=1, vsyncRate=60.00 Hz, peakRefreshRate=60.00 Hz}}, emitEvent=true, force=false}
06-11 10:45:43.969  1877  2435 D VRR [OTI]: handleIdle from 0 to 0
06-11 10:45:43.969  1877  2435 D VRR [OTI-HW]: isStateReady 0
06-11 10:45:43.969  1877  2435 D VRR [OTI-HW]: keep rate.
06-11 10:45:43.971  6058  6468 I JniHttpHelper: httpGet OK: https://webst01.is.autonavi.com/appmaptile?style=6&x=1&y=3&z=2 -> 4401 bytes
06-11 10:45:43.972  1877  1877 I HWC2    : [0] setActiveConfigWithConstraints[1]
06-11 10:45:43.972  1699  2174 D SDM     : IRIS_LOG_HWC::SetActiveConfigWithConstraints:355: 01
06-11 10:45:43.972  1699  2174 I SDM     : HWCDisplay::SetActiveConfigToIrisWrapper: SetActiveConfigToIrisWrapper on id_: 0
06-11 10:45:43.972  1699  2174 I IRIS_LOG_SERV: SetActiveConfig: 1240x2772@60, mAwlaysInBypassMode: 0
06-11 10:45:43.973  6058  6058 I BasemapLayer: Tile uploaded: 3/5/6 256x256
06-11 10:45:43.973  1460  1493 E PermissionVerifier: card rpk not exists
06-11 10:45:43.973  1699  2174 D SDM     : IRIS_LOG_HWC::SendDisplayConfigStatusToIrisWrapper:2833: num_configs1 4(0), num_configs2 4(0), selected 0,(memc_cfg 0, emv_cfg 1), states 0x1c100404
06-11 10:45:43.973  1699  2174 E IRIS_LOG_SERV: Received mMainNumConfigs 4(0), mAuxNumConfigs 4(0), mImvConfigIndex 0, mEmvConfigIndex 1
06-11 10:45:43.973  1699  2174 I SDM     : HWCDisplay::IsContextReadyToSubmitActiveConfig: pending config_ 1, state 0, on display id_= 0
06-11 10:45:43.973  1460  1493 W PermissionVerifier: checkWritePermission writer: com.oplus.games not in rpk: com.coloros.gamespaceui.quickapp.library allowed list
06-11 10:45:43.973  1699  2174 W SDM     : HWDeviceDRM::GetSupportedBitClkRate: Requested rate not supported: 1094400000
06-11 10:45:43.973  1699  2174 I SDM     : HWDeviceDRM::UpdateMixerAttributes: Mixer WxH 1240x2772-1 for Peripheral
06-11 10:45:43.973  1460  1493 W SharedDataProvider: setOrUpdateSharedData no permissions!
06-11 10:45:43.973  1699  2174 I SDM     : HWCDisplay::SubmitDisplayConfig: HWC SetActiveConfig [0,1], cur_resolution is (1240, 2772), new_resolution is (1240, 2772)
06-11 10:45:43.973  1699  2174 I SDM     : HWCDisplay::SubmitDisplayConfig: Active configuration changed from config 0 to 1
06-11 10:45:43.974  1667 15952 I sensors-hal: handle_oplus_wise_rgb_event:230, wise_rgb:algo_type = 3
06-11 10:45:43.974  1667 15952 I sensors-hal: handle_oplus_wise_rgb_event:285, wise_rgb: raw_lux 510.920349, raw_cct 6393.981445, r/g/b/c: 39824.976562/34859.914062/19706.533203/88676.945312, R/G/B: 0.000000/0.000000/0.000000, brl 1529.000000, lux: 510.920349, cct: 6393.981445, ts 243341292215791, cnt 7374
06-11 10:45:43.974  6058  6468 I AndroidBridge: Decoded image 256x256 from 4401 bytes
06-11 10:45:43.974  1667 15988 I sensors-hal: get_brightness:1652, light_iface: get_brightness, brl 1529, pwm_turbo_on 0/0, hbm_dc 0
06-11 10:45:43.981  1877  2435 D VRR [OTI-HW]: isStateReady 0
06-11 10:45:43.981  1877  2435 D VRR [OTI-HW]: keep rate.
06-11 10:45:43.982 26764 19488 I weather.service: AssetManager2(0xb40000797c4bc128) locale list changing from [] to [zh-CN]
06-11 10:45:43.982  1877  2189 D [PREVIEW]: SF obtain preview_adapter: 0
06-11 10:45:43.982  1877  2189 D [PREVIEW]: TabletPreviewAdapter::parallel world 0
06-11 10:45:43.982  8454  8173 I ContextAware_AppCardProcessor: [subscription2x4-assistant]Apps on same screen, apps=[]
06-11 10:45:43.983  8454  8173 I ContextAware_AdvertisementManager: [subscription2x4-assistant]getCommerceAppsByCardName size:0
06-11 10:45:43.983  8454  8173 I ContextAware_AppCardProcessor: [subscription2x4-assistant]process fill ad apps: advApps: 
06-11 10:45:43.983  8454  8173 I ContextAware_AppFillAdsProcess: [subscription2x4-assistant]process fill ad apps: adv is null
06-11 10:45:43.983  6058  6058 I BasemapLayer: Tile uploaded: 2/1/3 256x256
06-11 10:45:43.983  8454  8173 I ContextAware_AppCardProcessor: [subscription2x4-assistant]SEND_APP_MESSAGE: commerceAlg=2, resultApps=[AppInfo[pkg=com.earthengine.minimalglobe, appType=0,iconSource=system, recallType=algorithm, deepLink=0,utrackClickUrl=0, utrackExposeUrl=0,icon=0, apiSource=null, typeCode=null, mode=0, advFinalScore=null,  routePage=0,title=null, subTitle=null, adSize=null,probability=0], AppInfo[pkg=space.xinzhi.hiko, appType=0,iconSource=system, recallType=algorithm, deepLink=0,utrackClickUrl=0, utrackExposeUrl=0,icon=0, apiSource=null, typeCode=null, mode=0, advFinalScore=null,  routePage=0,title=null, subTitle=null, adSize=null,probability=0], AppInfo[pkg=com.tencent.mm, appType=0,iconSource=system, recallType=algorithm, deepLink=0,utrackClickUrl=0, utrackExposeUrl=0,icon=0, apiSource=null, typeCode=null, mode=0, advFinalScore=null,  routePage=0,title=null, subTitle=null, adSize=null,probability=0], AppInfo[pkg=space.xinzhi.map, appType=0,iconSource=system, recallType=algorithm, deepLink=0,utrackClickUrl=0, utrackExposeUrl=0,icon=0, apiSource=null, typeCode=null, mode=0, advFinalScore=null,  routePage=0,title=null, subTitle=null, adSize=null,probability=0], AppInfo[pkg=com.ss.android.lark, appType=0,iconSource=system, recallType=algorithm, deepLink=0,utrackClickUrl=0, utrackExposeUrl=0,icon=0, apiSource=null, typeCode=null, mode=0, advFinalScore=null,  routePage=0,title=null, subTitle=null, adSize=null,probability=0], AppInfo[pkg=com.phoenix.read, appType=0,iconSource=system, recallType=algorithm, deepLink=0,utrackClickUrl=0, utrackExposeUrl=0,icon=0, apiSource=null, typeCode=null, mode=0, advFinalScore=null,  routePage=0,title=null, subTitle=null, adSize=null,probability=0], AppInfo[pkg=com.github.metacubex.clash.meta, appType=0,iconSource=system, recallType=algorithm, deepLink=0,utrackClickUrl=0, utrackExposeUrl=0,icon=0, apiSource=null, typeCode=null, mode=0, advFinalScore=null,  routePage=0,title=null, subTitle=null, adSize=null,probability=0], AppInfo[pkg=com.lolaage.tbulu.tools, appType=0,iconSource=system, recallType=algorithm, deepLink=0,utrackClickUrl=0, utrackExposeUrl=0,icon=0, apiSource=null, typeCode=null, mode=0, advFinalScore=null,  routePage=0,title=null, subTitle=null, adSize=null,probability=0], AppInfo[pkg=com.heytap.browser, appType=0,iconSource=system, recallType=algorithm, deepLink=0,utrackClickUrl=0, utrackExposeUrl=0,icon=0, apiSource=null, typeCode=null, mode=0, advFinalScore=null,  routePage=0,title=null, subTitle=null, adSize=null,probability=0], AppInfo[pkg=com.future.landscape, appType=0,iconSource=system, recallType=algorithm, deepLink=0,utrackClickUrl=0, utrackExposeUrl=0,icon=0, apiSource=null, typeCode=null, mode=0, advFinalScore=null,  routePage=0,title=null, subTitle=null, adSize=null,probability=0]], traceId: f48df78d2c8656e5f657596c8af8ac09-634c2598484247258f63edabbba8e2ca
06-11 10:45:43.985  6058  6477 I AndroidBridge: Decoded image 256x256 from 2131 bytes
06-11 10:45:43.987  6058  6474 I JniHttpHelper: httpGet OK: https://webst03.is.autonavi.com/appmaptile?style=6&x=4&y=6&z=3 -> 3220 bytes
06-11 10:45:43.987  6058  6469 I JniHttpHelper: httpGet OK: https://webst03.is.autonavi.com/appmaptile?style=6&x=5&y=5&z=3 -> 2218 bytes
06-11 10:45:43.990  1855 26832 D AudioBoost: audioSchedBoost, pid=1855, tid=26832, enable=1, ret=0
06-11 10:45:43.991  1855 26832 D AudioFlingerExtImpl: AudioFlingerExtImpl oplusSetParameters: keyvalue screen_state=on
06-11 10:45:43.991  1655  1702 D AHAL: AudioDevice: SetParameters: 1715: enter: screen_state=on
06-11 10:45:43.991  1655  1702 D AHAL: AudioDevice: SetParameters: 1784:  - screen = on
06-11 10:45:43.991  1655  1702 D PAL: ResourceManager: setParameter: 8426: Enter param id: 8
06-11 10:45:43.991  1655  1702 I PAL: ResourceManager: setParameter: 8449: Screen State:1
06-11 10:45:43.991  1655  1702 D PAL: ResourceManager: setParameter: 9169: Exit status: 0
06-11 10:45:43.991  1655  1702 D AHAL: AudioDevice: SetParameters: 2336: exit
06-11 10:45:43.992  6058  6469 I AndroidBridge: Decoded image 256x256 from 2218 bytes
06-11 10:45:43.993  1855 26832 D AudioBoost: audioSchedBoost, pid=1855, tid=26832, enable=0, ret=0
06-11 10:45:43.995  6058  6482 I JniHttpHelper: httpGet OK: https://webst01.is.autonavi.com/appmaptile?style=6&x=5&y=7&z=3 -> 1980 bytes
06-11 10:45:43.996 16228 16314 I Weather_WeatherDatabaseHelper: queryFullWeatherByLocationKey query backup of weather app
06-11 10:45:43.998  6058  6482 I AndroidBridge: Decoded image 256x256 from 1980 bytes
06-11 10:45:43.998  1667  1845 I sensors-hal: get_display_brightness:690, light_iface: get_brightness ret = 1, fifo_fm[0].type = 7, data = 1
06-11 10:45:43.999 25296 26448 E AstScreen.ShortcutDAOV2: shortcutDataManager updateLegalStatusMap, legalStatusCache:{14=0, 15=0, 16=0, 18=0, 19=0, 20=0, 21=0, -1721645705=0, 1977694710=0, 24=0, 25=0, 27=0, 28=0, 55255895=0, 29=0, 30=0, 31=0, 32=0, -845193793=0, 33=0, 922111699=0, 331884525=0, 832615816=0, 42=0, 43=0, 44=0, 46=0, 47=0, 48=0, 49=0, 50=0, -1031558479=0, 51=0, 53=0, 56=0, 154133778=0, 1409950772=0, -1709882794=0, 72=0, 1536737232=0, 1692578987=0, 80=0, -1293286733=0, 101=0, 102=0, 703863186=0, -1558926477=0, 105=0, -1292231023=0, 108=0, 111=0, 112=0, -1763354987=0, 118=0, 124=0, 125=0, 1174097286=0, 126=0, 127=0, 313184810=0, -1667428321=0, 132=0, 134=0, 136=0, 140=0, 141=0, 142=0, 144=0, 145=0, 146=0, 147=0, -2096096381=0, 148=0, 1897569679=0, 156=0, -104850075=0, 173=0, 1880698029=0, 1488133239=0, 197=0, 207=0, 219=0, 220=0, 223=0, 227=0, 230=0, 231=0, 232=0, 195266379=0, 233=0, 234=0, 235=0, 236=0, 237=0, 238=0, 239=0, 240=0, 242=0, -159637874=0, 243=0, 244=0, 245=0, 246=0, 247=0, 248=4, 249=0, 251=0, 252=0, 253=0, 254=0, 255=0, 256=0, -262597285=0, -1606001344=0, 779490160=0, 1620159901=0, 277=0, 278=0, 279=4, 280=0, 282=0, 582398868=0, 1609454281=0, -1943382780=0, 1330658925=0, -1917041533=0, -491738124=0, 340=0, 1361780860=0, -1357050264=0, 1178046286=0, 1156888975=0, 1051878348=0, 277973278=0, -589493946=0, 1254578009=0, -819805508=0, 1334352421=0, 256457446=0, 301247579=0, -1664115334=0, 1967896714=0, 1659293491=0, 575541165=0, 1266951777=0, 1116722044=0, 1730484946=0, -1803751815=0, 361910168=0, -1848306725=0, -1186720938=0, -192889194=0, -1040394275=0, 682022528=0, 1319538838=0, -1605005728=0, 713993394=0, 1765779203=0, 2091464343=0, -1829134147=0, -1414602254=0, 1276497535=0, -1902438159=0, 1366626055=0, -860300598=0, 379189486=0, -644965387=0, -973170826=0, 673527470=0, -1635319800=0, 2056029204=0, -228864773=0, 2027416160=0, 378881071=0, 1654990951=0, 1442911426=0, 752555548=0, -1284596293=0, -54547863=0, -2086095549=0, 874354413=0, 1318294930=0, 2123438483=0, -69877540=0, 724574267=0, 1423017949=0, 949069732=0, 1661249612=0, 720897457=0, -1565432350=0, 320673862=0, 282428340=0, -505910608=0, -912745742=0, -695601689=0, 908623192=0, -30315083=0, -103524794=0, -1387139380=0, 633261597=0, -1046965711=0, 1591529847=0, -1565576931=0, 1994036591=0, 535446614=0, 2049668591=0, -859962506=0, -781612358=7, 1335515207=0, 1238325805=0}
06-11 10:45:43.999  6058  6474 I AndroidBridge: Decoded image 256x256 from 3220 bytes
06-11 10:45:44.000 25296 22077 W HapContentObserver: uri: content://appRecommend_data_storage/subscription2x4-assistant/query
06-11 10:45:44.000 25296 22077 D HapContentObserver: key: 77112956 , task: 170344353
06-11 10:45:44.000 25296 22077 D ContentResolverTask: uri: content://appRecommend_data_storage/subscription2x4-assistant/query contains: false task: 170344353
06-11 10:45:44.000 25296 23226 I AstScreen.ShortcutVisualMessageManager: requestUpdateVisualDataCache,originUnExecutedVisualDataList:[],newVisualMessageCache:[]
06-11 10:45:44.001 25296 23226 I AstScreen.ShortcutRouterCacheHelper: isAnyUrlAvailableFromCache 279, title:腾讯元宝 has no legal url, dependentPackage:*o*.*e*c*n*.*u*y*a*.*p*.*h*t
06-11 10:45:44.004  1877  2447 D skia    : findCacheMissInfo vsync 146286377, result 0
06-11 10:45:44.004 26764 19488 E WeatherS_WeatherLightInfoDataSource: save expire time fail, expire time is null!
06-11 10:45:44.007 26764 19488 I WeatherS_WeatherDataHelper: updateWeatherDbByLight:-10000;false;22
06-11 10:45:44.008  6058  6058 I BasemapLayer: Tile uploaded: 3/4/7 256x256
06-11 10:45:44.008  6058  6058 I BasemapLayer: Tile uploaded: 3/5/5 256x256
06-11 10:45:44.013 26764 19488 E WeatherS_WeatherLightInfoDataSource: WeatherDataBase error:-1
06-11 10:45:44.013 26764 19488 I WeatherS_WeatherInfoBaseDataSource: flag: -1 oplusFlag: 1
06-11 10:45:44.016  4329  4329 I KeyguardDisplayManager: onDisplayChanged displayId: 0
06-11 10:45:44.017  4329  4329 I SystemUi--Keyguard: KeyguardDisplayManagerExImpl-->orientationChanged=false, presentationDisplayChanged=false, lastPresentationWidth=0, lastPresentationHeight=0, lastPresentationDensity=0
06-11 10:45:44.019  3189  3336 D OplusFeatureDMR[display=0]: onConfigChanged threadId=71 threadName=OplusDisplayWorkHandler physicalDisplayId=4630946283567114626 modeId=1  
06-11 10:45:44.022 26764 19488 E WeatherS_PrivacyStatementExport: isAgreed1
06-11 10:45:44.023 26764 19488 W WeatherS_ApkSignedCheck: checkCertificateWhiteList: not in inWhiteListcom.coloros.weather.service
06-11 10:45:44.023 26764 19488 I WeatherS_WeatherProvider: query option: 1,callingUid: 10169,name: com.coloros.weather.service
06-11 10:45:44.026  8454  8173 I ContextAware_AppCardProcessor: [subscription2x2-launcher]no card, release not send
06-11 10:45:44.026  8454  8173 I metis_v2_BreenoSwitchSettingObserver: panta-sugg-getMasterSwitchStatus from cache:true
06-11 10:45:44.029  1877  2447 D skia    : findCacheMissInfo vsync 146286385, result 0
06-11 10:45:44.031  3189  3338 D VRR [OPlusRefreshRateService]: handleConfigIdChange physicalDisplayId: 4630946283567114626 configId: 1 renderPeriod: 16666666
06-11 10:45:44.031  3189  3338 D VRR [OPlusGameStatusManager]: updateGameState mOSyncFeatureSwitch: false mIsGamePolicy: false
06-11 10:45:44.031 11083 11791 D CloudConfig_stgyHelper: mspVersionCanSupport mspKitVersion : 2021620
06-11 10:45:44.031  3189  3338 D VRR [OPlusGameStatusManager]: updateGameAccelerationStatus pkgName: com.earthengine.minimalglobe mOSyncFeatureSwitch: false mIsGamePolicy: false mHeartStop: false mHasFlickerRisk: false mForceAcceleration: false mToastReady: false enable: false
06-11 10:45:44.033  6058  6058 I BasemapLayer: Tile uploaded: 3/5/7 256x256
06-11 10:45:44.033  6058  6058 I BasemapLayer: Tile uploaded: 3/4/6 256x256
06-11 10:45:44.035  3189  3263 I system_server: AssetManager2(0xb4000078c7b0ea28) locale list changing from [] to [zh-CN]
06-11 10:45:44.035 26764 19488 E WeatherS_PrivacyStatementExport: isAgreed1
06-11 10:45:44.036 26764 19488 W WeatherS_ApkSignedCheck: checkCertificateWhiteList: not in inWhiteListcom.coloros.weather.service
06-11 10:45:44.036  8454  8173 I ContextAware_AppCardProcessor: [breeno-launcher_2x4]Apps on same screen, apps=[com.android.contacts, com.android.mms, com.oplus.camera, com.alibaba.android.rimet, com.example.findmapbox, com.citiccard.mobilebank, com.chinamworld.bocmbci, com.kmxs.reader, com.ovital.ovitalMap, com.nqsky.rmad.dizhiyun, com.taobao.idlefish, cmb.pb, com.larus.nova]
06-11 10:45:44.036  8454  8173 I ContextAware_AdvertisementManager: [breeno-launcher_2x4]getCommerceAppsByCardName size:6
06-11 10:45:44.036  8454  8173 I ContextAware_AppCardProcessor: [breeno-launcher_2x4]process fill ad apps: advApps: com.ss.android.ugc.aweme,com.aliyun.tongyi,com.jingdong.app.mall,com.eg.android.AlipayGphone,com.smile.gifmaker,com.sankuai.meituan
06-11 10:45:44.036  8454  8173 I ContextAware_AppFillAdsProcess: [breeno-launcher_2x4]Mix commerce app with commerceAlg=2 advs=[AppAdInfo[pkg=com.ss.android.ugc.aweme, finalScore=413.00003, timeWeight=0.0,  exposeWeight=0.0, habitWeight=0.0, habitHourWeight=0.0,finalWeight=0.0,weight=0.0, deepLink= 1506, routePage = 0, utrackClickUrl=3, utrackExposeUrl=3,iconUrl=null, icon=null, appType=5, expireTimeStamp:1781193599836,apiSource=5, typeCode=6, cpcScore=13.452769, ecpmScore=413.00003, ctrScore=0.0307,title=null, subTitle=null, adSize=71,algorithmScore=0.0, status=[]], AppAdInfo[pkg=com.aliyun.tongyi, finalScore=193.743, timeWeight=0.0,  exposeWeight=0.0, habitWeight=0.0, habitHourWeight=0.0,finalWeight=0.0,weight=0.0, deepLink= 259, routePage = 0, utrackClickUrl=2, utrackExposeUrl=2,iconUrl=null, icon=null, appType=3, expireTimeStamp:1781193599836,apiSource=9, typeCode=6, cpcScore=103.0, ecpmScore=193.743, ctrScore=0.0018798828,title=null, subTitle=null, adSize=71,algorithmScore=0.0, status=[]], AppAdInfo[pkg=com.jingdong.app.mall, finalScore=89.0, timeWeight=0.0,  exposeWeight=0.0, habitWeight=0.0, habitHourWeight=0.0,finalWeight=0.0,weight=0.0, deepLink= 746, routePage = 0, utrackClickUrl=4, utrackExposeUrl=4,iconUrl=null, icon=null, appType=5, expireTimeStamp:1781193599836,apiSource=5, typeCode=6, cpcScore=34.23077, ecpmScore=89.0, ctrScore=0.0026,title=null, subTitle=null, adSize=71,algorithmScore=0.0, status=[]], AppAdInfo[pkg=com.eg.android.AlipayGphone, finalScore=34.0, timeWeight=0.0,  exposeWeight=0.0, habitWeight=0.0, habitHourWeight=0.0,finalWeight=0.0,weight=0.0, deepLink= 1002, routePage = 0, utrackClickUrl=4, utrackExposeUrl=4,iconUrl=null, icon=null, appType=5, expireTimeStamp:1781193599836,apiSource=5, typeCode=6, cpcScore=5.230769, ecpmScore=34.0, ctrScore=0.0065,title=null, subTitle=null, adSize=71,algorithmScore=0.0, status=[]], AppAdInfo[pkg=com.smile.gifmaker, finalScore=30.0, timeWeight=0.0,  exposeWeight=0.0, habitWeight=0.0, habitHourWeight=0.0,finalWeight=0.0,weight=0.0, deepLink= 1132, routePage = 0, utrackClickUrl=3, utrackExposeUrl=3,iconUrl=null, icon=null, appType=5, expireTimeStamp:1781193599836,apiSource=5, typeCode=1, cpcScore=1.6393442, ecpmScore=30.0, ctrScore=0.0183,title=null, subTitle=null, adSize=71,algorithmScore=0.0, status=[]], AppAdInfo[pkg=com.sankuai.meituan, finalScore=26.433, timeWeight=0.0,  exposeWeight=0.0, habitWeight=0.0, habitHourWeight=0.0,finalWeight=0.0,weight=0.0, deepLink= 116, routePage = 0, utrackClickUrl=2, utrackExposeUrl=2,iconUrl=null, icon=null, appType=3, expireTimeStamp:1781193599836,apiSource=9, typeCode=1, cpcScore=9.0, ecpmScore=26.433, ctrScore=0.0029378256,title=null, subTitle=null, adSize=71,algorithmScore=0.0, status=[]]]
06-11 10:45:44.036  8454  8173 I ContextAware_AppFillAdsProcess: [breeno-launcher_2x4]:maxCount:8  adTakeCount:2  adLoadCount:4
06-11 10:45:44.036  8454  8173 I ContextAware_AppFillAdsProcess: current adv app com.ss.android.ugc.aweme in 7 with status 2
06-11 10:45:44.036  8454  8173 I ContextAware_AppFillAdsProcess: current adv app com.aliyun.tongyi in 8 with status 2
06-11 10:45:44.036 26764 19488 I WeatherS_WeatherProvider: update option: 13,callingUid: 10169,name: com.coloros.weather.service
06-11 10:45:44.036  8454  8173 I ContextAware_AppFillAdsProcess: not adv app com.github.metacubex.clash.meta in 9
06-11 10:45:44.036  8454  8173 I ContextAware_AppFillAdsProcess: not adv app com.lolaage.tbulu.tools in 10
06-11 10:45:44.036  8454  8173 I ContextAware_AppFillNewActiveProcess: [breeno-launcher_2x4]not support appSugNewAppSwitch
06-11 10:45:44.036  8454  8173 I ContextAware_AppCardProcessor: [breeno-launcher_2x4]SEND_APP_MESSAGE: commerceAlg=2, resultApps=[AppInfo[pkg=com.earthengine.minimalglobe, appType=0,iconSource=system, recallType=algorithm, deepLink=0,utrackClickUrl=0, utrackExposeUrl=0,icon=0, apiSource=null, typeCode=null, mode=0, advFinalScore=null,  routePage=0,title=null, subTitle=null, adSize=null,probability=0], AppInfo[pkg=space.xinzhi.hiko, appType=0,iconSource=system, recallType=algorithm, deepLink=0,utrackClickUrl=0, utrackExposeUrl=0,icon=0, apiSource=null, typeCode=null, mode=0, advFinalScore=null,  routePage=0,title=null, subTitle=null, adSize=null,probability=0], AppInfo[pkg=com.tencent.mm, appType=0,iconSource=system, recallType=algorithm, deepLink=0,utrackClickUrl=0, utrackExposeUrl=0,icon=0, apiSource=null, typeCode=null, mode=0, advFinalScore=null,  routePage=0,title=null, subTitle=null, adSize=null,probability=0], AppInfo[pkg=space.xinzhi.map, appType=0,iconSource=system, recallType=algorithm, deepLink=0,utrackClickUrl=0, utrackExposeUrl=0,icon=0, apiSource=null, typeCode=null, mode=0, advFinalScore=null,  routePage=0,title=null, subTitle=null, adSize=null,probability=0], AppInfo[pkg=com.ss.android.lark, appType=0,iconSource=system, recallType=algorithm, deepLink=0,utrackClickUrl=0, utrackExposeUrl=0,icon=0, apiSource=null, typeCode=null, mode=0, advFinalScore=null,  routePage=0,title=null, subTitle=null, adSize=null,probability=0], AppInfo[pkg=com.phoenix.read, appType=0,iconSource=system, recallType=algorithm, deepLink=0,utrackClickUrl=0, utrackExposeUrl=0,icon=0, apiSource=null, typeCode=null, mode=0, advFinalScore=null,  routePage=0,title=null, subTitle=null, adSize=null,probability=0], AppInfo[pkg=com.ss.android.ugc.aweme, appType=5,iconSource=system, recallType=ad, deepLink=1506,utrackClickUrl=3, utrackExposeUrl=3,icon=0, apiSource=5, typeCode=6, mode=2, advFinalScore=413.00003,  routePage=0,title=null, subTitle=null, adSize=null,probability=0], AppInfo[pkg=com.aliyun.tongyi, appType=3,iconSource=system, recallType=ad, deepLink=259,utrackClickUrl=2, utrackExposeUrl=2,icon=0, apiSource=9, typeCode=6, mode=2, advFinalScore=193.743,  routePage=0,title=null, subTitle=null, adSize=null,probability=0], AppInfo[pkg=com.github.metacubex.clash.meta, appType=0,iconSource=system, recallType=algorithm, deepLink=0,utrackClickUrl=0, utrackExposeUrl=0,icon=0, apiSource=null, typeCode=null, mode=0, advFinalScore=null,  routePage=0,title=null, subTitle=null, adSize=null,probability=0], AppInfo[pkg=com.lolaage.tbulu.tools, appType=0,iconSource=system, recallType=algorithm, deepLink=0,utrackClickUrl=0, utrackExposeUrl=0,icon=0, apiSource=null, typeCode=null, mode=0, advFinalScore=null,  routePage=0,title=null, subTitle=null, adSize=null,probability=0]], traceId: 4b5b5ab9fa1eb57bee43b590ed4fc7e1-7ee48e0b12f74dd59ae1d4618908a27e
06-11 10:45:44.043  4650 23457 I PantaCard.Lnch.InstantCardEngine:  100281&1888747526&3_sid=536877097_rk=03cc59,sendMessageToCard, cardTag:100281&1888747526&3, false, newData.size = 34, code = 0, hasLoaded: true[sdk:v1.3.130-5a024cf,seed-plugin:v16.56.0-85a272db,app:v16.4.25] [OplusLauncher|com.android.launcher|2.0.44-25e9612]
06-11 10:45:44.044  4650  6739 D ExtensionManager: system.localconnection :1:registerCallback tid:5275
06-11 10:45:44.044  5227  5886 W ONET_NetMonitor: ConnSucc seq: 11753 retry: 0 result: 1 costtime: 339 detail:
06-11 10:45:44.044  5227  5886 W ONET_NetMonitor:  	(11753)DNS[1|3|49.7.118.13|1]
06-11 10:45:44.044  5227  5886 W ONET_NetMonitor:  	(11753)SOCKET[1|78|49.7.118.13:443|null]
06-11 10:45:44.044  5227  5886 W ONET_NetMonitor:  	(11753)PROXY[DIRECT]
06-11 10:45:44.044  5227  5886 W ONET_NetMonitor:  	(11753)TLS[1|214|TLSv1.2|49199|null]
06-11 10:45:44.044  4650 23595 D JsConsole: breeno2X2-launcher(rsUDrjLDfb7Y)::card_content: onCurrentScreenDataChange, form: onChangeMessage
06-11 10:45:44.045  4650 23595 D JsConsole: breeno2X2-launcher(rsUDrjLDfb7Y)::TimerManager: tag：debounce setTimeout id：MSjMSsQKl2
06-11 10:45:44.045  4650 32642 W HapContentObserver: uri: content://appRecommend_data_storage/breeno-launcher_2x4/query
06-11 10:45:44.045  4650 32642 D HapContentObserver: key: 251540744 , task: 70838955
06-11 10:45:44.045  4650 32642 D ContentResolverTask: uri: content://appRecommend_data_storage/breeno-launcher_2x4/query contains: false task: 70838955
06-11 10:45:44.045  4650 32642 D HapContentObserver: key: 82000058 , task: 112544663
06-11 10:45:44.045  4650 32642 D ContentResolverTask: uri: content://appRecommend_data_storage/breeno-launcher_2x4/query contains: false task: 112544663
06-11 10:45:44.053  5227  5886 W ONET_NetMonitor: ConnAcquired seq: 11753 retry: 0 address: 49.7.118.13:443proxy[DIRECT] hashcode: 44960892 proto: h2 costtime: 349
06-11 10:45:44.058 11083 11791 D CloudConfig_stgyHelper: getSupportKitMode strategyEntity : StrategyEntity(sdkInterval=1800000, strategyMode=1, minSDKVersion=1000, minKitVersion=2014122, validReqPeriod=7200000, maxReqProduct=100, forceKitIfKit=false, backoff=120000, enable=true, defaultLimit=RateLimitConfig{maxCalls=1, timeWindowSeconds=7200, callIntervalSeconds=0}, productLimits={global-domain_1281=RateLimitConfig{maxCalls=1, timeWindowSeconds=7200, callIntervalSeconds=0}, 50351=RateLimitConfig{maxCalls=1, timeWindowSeconds=7200, callIntervalSeconds=0}, compass_20092=RateLimitConfig{maxCalls=1, timeWindowSeconds=7200, callIntervalSeconds=0}, global-domain_1961=RateLimitConfig{maxCalls=1, timeWindowSeconds=7200, callIntervalSeconds=0}, compass_2=RateLimitConfig{maxCalls=1, timeWindowSeconds=7200, callIntervalSeconds=0}, mdp_2047=RateLimitConfig{maxCalls=1, timeWindowSeconds=7200, callIntervalSeconds=0}, mdp_2296=RateLimitConfig{maxCalls=1, timeWindowSeconds=7200, callIntervalSeconds=0}, compass_143100=RateLimitConfig{maxCalls=1, timeWindowSeconds=7200, callIntervalSeconds=0}})
06-11 10:45:44.058 11083 11791 D CloudConfig_stgyHelper: getSupportKitMode localSdkVersion : 1227
06-11 10:45:44.061  4650  4685 D OplusScrollToTopManager: com.android.launcher/com.android.launcher.Launcher,This com.android.internal.policy.DecorView{29f82bb I.E...... R.....ID 0,0-1240,2772 aid=2 alpha=1.0 viewInfo = }[Launcher] change focus to false
06-11 10:45:44.064 11083 11791 D CloudConfig_stgyHelper: mspVersionCanSupport mspKitVersion : 2021620
06-11 10:45:44.065 26764 26764 I WeatherS_AutoGetLocationService: AutoGetLctService onReceive: com.oplus.weather.action.deal_location
06-11 10:45:44.066 26764 26764 I WeatherS_AutoGetLocationService: onReceive:AutoGetLctService.stopSelf() end
06-11 10:45:44.066 26764 26764 I WeatherS_AutoGetLocationService: onDestroy
06-11 10:45:44.067 26764 26764 I Weather_Location_LocationController: stopAndClear
06-11 10:45:44.067 26764 26764 I Weather_Location_SystemLocation: stopLocalLocation remove listener:224447924
06-11 10:45:44.068 26764 19488 E WeatherS_PrivacyStatementExport: isAgreed1
06-11 10:45:44.069 26764 19488 W WeatherS_ApkSignedCheck: checkCertificateWhiteList: not in inWhiteListcom.coloros.weather.service
06-11 10:45:44.070 26764 19488 I WeatherS_WeatherProvider: update option: 13,callingUid: 10169,name: com.coloros.weather.service
06-11 10:45:44.075 26764 19488 E WeatherS_PrivacyStatementExport: isAgreed1
06-11 10:45:44.076 26764 19488 W WeatherS_ApkSignedCheck: checkCertificateWhiteList: not in inWhiteListcom.coloros.weather.service
06-11 10:45:44.077 26764 19488 I WeatherS_WeatherProvider: update option: 13,callingUid: 10169,name: com.coloros.weather.service
06-11 10:45:44.079 26764 19488 E WeatherS_PrivacyStatementExport: isAgreed1
06-11 10:45:44.084  3189  3251 I AccessibilityWindowsPopulator: getInsensibleFlag flag = 0
06-11 10:45:44.087 26764 19488 W WeatherS_ApkSignedCheck: checkCertificateWhiteList: not in inWhiteListcom.coloros.weather.service
06-11 10:45:44.087 11083 11791 D CloudConfig_stgyHelper: getSupportKitMode strategyEntity : StrategyEntity(sdkInterval=1800000, strategyMode=1, minSDKVersion=1000, minKitVersion=2014122, validReqPeriod=7200000, maxReqProduct=100, forceKitIfKit=false, backoff=120000, enable=true, defaultLimit=RateLimitConfig{maxCalls=1, timeWindowSeconds=7200, callIntervalSeconds=0}, productLimits={global-domain_1281=RateLimitConfig{maxCalls=1, timeWindowSeconds=7200, callIntervalSeconds=0}, 50351=RateLimitConfig{maxCalls=1, timeWindowSeconds=7200, callIntervalSeconds=0}, compass_20092=RateLimitConfig{maxCalls=1, timeWindowSeconds=7200, callIntervalSeconds=0}, global-domain_1961=RateLimitConfig{maxCalls=1, timeWindowSeconds=7200, callIntervalSeconds=0}, compass_2=RateLimitConfig{maxCalls=1, timeWindowSeconds=7200, callIntervalSeconds=0}, mdp_2047=RateLimitConfig{maxCalls=1, timeWindowSeconds=7200, callIntervalSeconds=0}, mdp_2296=RateLimitConfig{maxCalls=1, timeWindowSeconds=7200, callIntervalSeconds=0}, compass_143100=RateLimitConfig{maxCalls=1, timeWindowSeconds=7200, callIntervalSeconds=0}})
06-11 10:45:44.088 11083 11791 D CloudConfig_stgyHelper: getSupportKitMode localSdkVersion : 1227
06-11 10:45:44.088 26764 19488 I WeatherS_WeatherProvider: update option: 13,callingUid: 10169,name: com.coloros.weather.service
06-11 10:45:44.089  3189  3338 D VRR [OPlusSAManager]: updateAutoMinfps for 4630946283567114626 with nits: 138.16127, mHistOK true, mAmbientOK true, mCctOK true, mIrOK true, mBrightnessOK true, isPkgOK true, SA min fps: 2
06-11 10:45:44.089  1877  2465 I VRR-[OPlusRefreshRateSelector]: updateAutoMode success, display 0, mode 0, fakeframe 0, min fps: 2
06-11 10:45:44.090  5227  5886 W ONET_NetMonitor: SendReq seq: 11753 retry: 0 code: 1 contentLength: 221 msg: null
06-11 10:45:44.091 11083 11779 I MSP-LOG-SDK-MspSdk: Sdk has initialized! version:2.0.1.14
06-11 10:45:44.091 11083 11779 E MSP-LOG-SDK-RateLimitManager: not_allow_invoke because of time_window_not_allow queue = [1781143252335], config = RateLimitConfig{maxCalls=1, timeWindowSeconds=7200, callIntervalSeconds=0}, ipcInvokeTimeQueueMapKey = com.heytap.nearx.tangramconfig.kit.client.ICloudCtrlServiceModule?@?compass_20092?@?3?@?com.coloros.phonemanager, has already call 1 times in 7200 seconds before
06-11 10:45:44.092 11083 11779 E MSP-LOG-SDK-: MspSdkException{code=3014,message=com.heytap.mspsdk.ratelimit.MspRateLimitExceededException: ipc rate limit exceeded in time window}
06-11 10:45:44.092 11083 11779 E MSP-LOG-SDK-: 	at com.heytap.mspsdk.ratelimit.b.a(RateLimitInterceptor.java:56)
06-11 10:45:44.092 11083 11779 E MSP-LOG-SDK-: 	at com.heytap.mspsdk.interceptor.c.a(StandardListChain.java:40)
06-11 10:45:44.092 11083 11779 E MSP-LOG-SDK-: 	at com.heytap.mspsdk.proxy.b.a(CompatCheckInterceptor.java:30)
06-11 10:45:44.092 11083 11779 E MSP-LOG-SDK-: 	at com.heytap.mspsdk.interceptor.c.a(StandardListChain.java:40)
06-11 10:45:44.092 11083 11779 E MSP-LOG-SDK-: 	at com.heytap.mspsdk.proxy.e.invoke(InnerInvocationHandler.java:202)
06-11 10:45:44.092 11083 11779 E MSP-LOG-SDK-: 	at java.lang.reflect.Proxy.invoke(Proxy.java:1006)
06-11 10:45:44.092 11083 11779 E MSP-LOG-SDK-: 	at $Proxy12.gatewayUpdate(Unknown Source)
06-11 10:45:44.092 11083 11779 E MSP-LOG-SDK-: 	at com.heytap.nearx.tangramconfig.kit.client.KitProxy.gatewayUpdate$lambda$2(KitProxy.kt:20)
06-11 10:45:44.092 11083 11779 E MSP-LOG-SDK-: 	at com.heytap.nearx.tangramconfig.kit.client.KitProxy.a(KitProxy.kt:1)
06-11 10:45:44.092 11083 11779 E MSP-LOG-SDK-: 	at com.heytap.nearx.tangramconfig.kit.client.a.run(R8$$SyntheticClass:9)
06-11 10:45:44.092 11083 11779 E MSP-LOG-SDK-: 	at java.util.concurrent.ThreadPoolExecutor.runWorker(ThreadPoolExecutor.java:1156)
06-11 10:45:44.092 11083 11779 E MSP-LOG-SDK-: 	at java.util.concurrent.ThreadPoolExecutor$Worker.run(ThreadPoolExecutor.java:651)
06-11 10:45:44.092 11083 11779 E MSP-LOG-SDK-: 	at java.lang.Thread.run(Thread.java:1119)
06-11 10:45:44.093 26764 19488 E WeatherS_PrivacyStatementExport: isAgreed1
06-11 10:45:44.093 26764 19488 W WeatherS_ApkSignedCheck: checkCertificateWhiteList: not in inWhiteListcom.coloros.weather.service
06-11 10:45:44.093  4639  8514 D NetworkService[1]: getIfIndexByNetid netId:194,ifName:wlan0,ifIndex:30
06-11 10:45:44.094 26764 19488 I WeatherS_WeatherProvider: update option: 13,callingUid: 10169,name: com.coloros.weather.service
06-11 10:45:44.094  3189  3998 I Quality : BitmapCompressInfo:620,1385,0,95,128157239
06-11 10:45:44.094  4650 23595 D JsBridgeTimer: com.oppoopen.apptipcard setTimeoutCallback id:775
06-11 10:45:44.095  4650 23595 D JsConsole: breeno2X2-launcher(rsUDrjLDfb7Y)::TimerManager: invoke real timeout callback by JS thread,id：MSjMSsQKl2
06-11 10:45:44.096 26764 19488 E WeatherS_PrivacyStatementExport: isAgreed1
06-11 10:45:44.096  1699  1958 I SDM     : DisplayBuiltIn::SetQSyncMode: VRR + qsync minfps change to: 12615810 00C08082
06-11 10:45:44.096  1699  1958 I SDM     : HWDeviceDRM::OPlusSetQSyncMinFps: VRR +  OPlusSetQSyncMinFps: 12615810
06-11 10:45:44.096  1699  1958 I SDM     : HWDeviceDRM::OPlusSetQSyncMinFpsUpdate: VRR +  OPlusSetQSyncMinFpsUpdate: 1
06-11 10:45:44.096  1699  1958 I SDM     : HWDeviceDRM::OPlusGetQSyncMinFps: VRR +  OPlusGetQSyncMinFps: 12615810
06-11 10:45:44.096  1699  1958 I SDM     : DisplayBuiltIn::SetQSyncMode: VRR + update qsync mode 0 minfps 00C08082
06-11 10:45:44.096  1699  1958 I SDM     : HWDeviceDRM::OPlusIsQSyncMinFpsForAuto: VRR +  OPlusIsQSyncMinFpsForAuto: 1
06-11 10:45:44.096  1699  1958 I SDM     : DisplayBuiltIn::SetQSyncMode: VRR + needs_avr_update_ 0
06-11 10:45:44.096  1699  1958 I SDM     : DisplayBuiltIn::SetQSyncMode: Qsync mode set to 0 successfully
06-11 10:45:44.096 26764 19488 W WeatherS_ApkSignedCheck: checkCertificateWhiteList: not in inWhiteListcom.coloros.weather.service
06-11 10:45:44.096 26764 19488 I WeatherS_WeatherProvider: update option: 13,callingUid: 10169,name: com.coloros.weather.service
06-11 10:45:44.102 11083 11791 D CloudConfig_stgyHelper: mspVersionCanSupport mspKitVersion : 2021620
06-11 10:45:44.104  3189  3263 I system_server: AssetManager2(0xb40000786fa69428) locale list changing from [] to [zh-CN]
06-11 10:45:44.112  1699  1966 I SDM     : HWDeviceDRM::OPlusGetQSyncMinFpsUpdate: VRR +  OPlusGetQSyncMinFpsUpdate: 1
06-11 10:45:44.112  1699  1966 I SDM     : HWDeviceDRM::OPlusIsQSyncMinFpsForAuto: VRR +  OPlusIsQSyncMinFpsForAuto: 1
06-11 10:45:44.112  1699  1966 I SDM     : HWDeviceDRM::OPlusGetQSyncMinFps: VRR +  OPlusGetQSyncMinFps: 12615810
06-11 10:45:44.114  5775  5775 W ContextImpl: Calling a method in the system process without a qualified user: android.app.ContextImpl.startService:2032 android.content.ContextWrapper.startService:865 com.oplusos.sau.SAUApplication.onCreate:2269 android.app.Instrumentation.callApplicationOnCreate:1401 android.app.ActivityThread.handleBindApplication:8667 
06-11 10:45:44.114 26764 19488 I WeatherS_OplusFreezeUtil: cancelFreezeDelay result:true
06-11 10:45:44.116  5775  5775 W ContextImpl: Calling a method in the system process without a qualified user: android.app.ContextImpl.startService:2032 android.content.ContextWrapper.startService:865 com.oplusos.sau.SAUApplication.onCreate:2279 android.app.Instrumentation.callApplicationOnCreate:1401 android.app.ActivityThread.handleBindApplication:8667 
06-11 10:45:44.117 11083 11791 D CloudConfig_stgyHelper: getSupportKitMode strategyEntity : StrategyEntity(sdkInterval=1800000, strategyMode=1, minSDKVersion=1000, minKitVersion=2014122, validReqPeriod=7200000, maxReqProduct=100, forceKitIfKit=false, backoff=120000, enable=true, defaultLimit=RateLimitConfig{maxCalls=1, timeWindowSeconds=7200, callIntervalSeconds=0}, productLimits={global-domain_1281=RateLimitConfig{maxCalls=1, timeWindowSeconds=7200, callIntervalSeconds=0}, 50351=RateLimitConfig{maxCalls=1, timeWindowSeconds=7200, callIntervalSeconds=0}, compass_20092=RateLimitConfig{maxCalls=1, timeWindowSeconds=7200, callIntervalSeconds=0}, global-domain_1961=RateLimitConfig{maxCalls=1, timeWindowSeconds=7200, callIntervalSeconds=0}, compass_2=RateLimitConfig{maxCalls=1, timeWindowSeconds=7200, callIntervalSeconds=0}, mdp_2047=RateLimitConfig{maxCalls=1, timeWindowSeconds=7200, callIntervalSeconds=0}, mdp_2296=RateLimitConfig{maxCalls=1, timeWindowSeconds=7200, callIntervalSeconds=0}, compass_143100=RateLimitConfig{maxCalls=1, timeWindowSeconds=7200, callIntervalSeconds=0}})
06-11 10:45:44.117 11083 11791 D CloudConfig_stgyHelper: getSupportKitMode localSdkVersion : 1227
06-11 10:45:44.118  1667  1845 I sensors-hal: get_display_brightness:690, light_iface: get_brightness ret = 1, fifo_fm[0].type = 7, data = 2
06-11 10:45:44.118  1667  1845 I sensors-hal: send_brightness:889, light_iface: send_cfg, br 1529, dc 0, power on 1, val 1181177, pwm turbo 0, freq 2
06-11 10:45:44.121 25296 23226 E AstScreen.ShortcutDAOV2: shortcutDataManager updateLegalStatusMap, legalStatusCache:{14=0, 15=0, 16=0, 18=0, 19=0, 20=0, 21=0, -1721645705=0, 1977694710=0, 24=0, 25=0, 27=0, 28=0, 55255895=0, 29=0, 30=0, 31=0, 32=0, -845193793=0, 33=0, 922111699=0, 331884525=0, 832615816=0, 42=0, 43=0, 44=0, 46=0, 47=0, 48=0, 49=0, 50=0, -1031558479=0, 51=0, 53=0, 56=0, 154133778=0, 1409950772=0, -1709882794=0, 72=0, 1536737232=0, 1692578987=0, 80=0, -1293286733=0, 101=0, 102=0, 703863186=0, -1558926477=0, 105=0, -1292231023=0, 108=0, 111=0, 112=0, -1763354987=0, 118=0, 124=0, 125=0, 1174097286=0, 126=0, 127=0, 313184810=0, -1667428321=0, 132=0, 134=0, 136=0, 140=0, 141=0, 142=0, 144=0, 145=0, 146=0, 147=0, -2096096381=0, 148=0, 1897569679=0, 156=0, -104850075=0, 173=0, 1880698029=0, 1488133239=0, 197=0, 207=0, 219=0, 220=0, 223=0, 227=0, 230=0, 231=0, 232=0, 195266379=0, 233=0, 234=0, 235=0, 236=0, 237=0, 238=0, 239=0, 240=0, 242=0, -159637874=0, 243=0, 244=0, 245=0, 246=0, 247=0, 248=4, 249=0, 251=0, 252=0, 253=0, 254=0, 255=0, 256=0, -262597285=0, -1606001344=0, 779490160=0, 1620159901=0, 277=0, 278=0, 279=4, 280=0, 282=0, 582398868=0, 1609454281=0, -1943382780=0, 1330658925=0, -1917041533=0, -491738124=0, 340=0, 1361780860=0, -1357050264=0, 1178046286=0, 1156888975=0, 1051878348=0, 277973278=0, -589493946=0, 1254578009=0, -819805508=0, 1334352421=0, 256457446=0, 301247579=0, -1664115334=0, 1967896714=0, 1659293491=0, 575541165=0, 1266951777=0, 1116722044=0, 1730484946=0, -1803751815=0, 361910168=0, -1848306725=0, -1186720938=0, -192889194=0, -1040394275=0, 682022528=0, 1319538838=0, -1605005728=0, 713993394=0, 1765779203=0, 2091464343=0, -1829134147=0, -1414602254=0, 1276497535=0, -1902438159=0, 1366626055=0, -860300598=0, 379189486=0, -644965387=0, -973170826=0, 673527470=0, -1635319800=0, 2056029204=0, -228864773=0, 2027416160=0, 378881071=0, 1654990951=0, 1442911426=0, 752555548=0, -1284596293=0, -54547863=0, -2086095549=0, 874354413=0, 1318294930=0, 2123438483=0, -69877540=0, 724574267=0, 1423017949=0, 949069732=0, 1661249612=0, 720897457=0, -1565432350=0, 320673862=0, 282428340=0, -505910608=0, -912745742=0, -695601689=0, 908623192=0, -30315083=0, -103524794=0, -1387139380=0, 633261597=0, -1046965711=0, 1591529847=0, -1565576931=0, 1994036591=0, 535446614=0, 2049668591=0, -859962506=0, -781612358=7, 1335515207=0, 1238325805=0}
06-11 10:45:44.124 11083 11791 D CloudConfig_stgyHelper: mspVersionCanSupport mspKitVersion : 2021620
06-11 10:45:44.125 11083 11791 D CloudConfig_stgyHelper: getSupportKitMode strategyEntity : StrategyEntity(sdkInterval=1800000, strategyMode=1, minSDKVersion=1000, minKitVersion=2014122, validReqPeriod=7200000, maxReqProduct=100, forceKitIfKit=false, backoff=120000, enable=true, defaultLimit=RateLimitConfig{maxCalls=1, timeWindowSeconds=7200, callIntervalSeconds=0}, productLimits={global-domain_1281=RateLimitConfig{maxCalls=1, timeWindowSeconds=7200, callIntervalSeconds=0}, 50351=RateLimitConfig{maxCalls=1, timeWindowSeconds=7200, callIntervalSeconds=0}, compass_20092=RateLimitConfig{maxCalls=1, timeWindowSeconds=7200, callIntervalSeconds=0}, global-domain_1961=RateLimitConfig{maxCalls=1, timeWindowSeconds=7200, callIntervalSeconds=0}, compass_2=RateLimitConfig{maxCalls=1, timeWindowSeconds=7200, callIntervalSeconds=0}, mdp_2047=RateLimitConfig{maxCalls=1, timeWindowSeconds=7200, callIntervalSeconds=0}, mdp_2296=RateLimitConfig{maxCalls=1, timeWindowSeconds=7200, callIntervalSeconds=0}, compass_143100=RateLimitConfig{maxCalls=1, timeWindowSeconds=7200, callIntervalSeconds=0}})
06-11 10:45:44.125 11083 11791 D CloudConfig_stgyHelper: getSupportKitMode localSdkVersion : 1227
06-11 10:45:44.128  3189  3263 I system_server: AssetManager2(0xb40000786fa69728) locale list changing from [] to [zh-CN]
06-11 10:45:44.137  3189  4147 I ActivityManager: Flag disabled. Ignoring finishAttachApplication from uid: 1000. pid: 5775
06-11 10:45:44.139  5775  5775 D OplusActivityManager: get AMS extension: android.os.BinderProxy@747068c
06-11 10:45:44.140  5775  5775 D ActivityThread: Package [com.earthengine.minimalglobe] reported as REPLACED, but missing application info. Assuming REMOVED.
06-11 10:45:44.141  5775  5775 D ActivityThread: Package [com.earthengine.minimalglobe] reported as REPLACED, but missing application info. Assuming REMOVED.
06-11 10:45:44.144 11083 11738 I MSP-LOG-SDK-MspSdk: Sdk has initialized! version:2.0.1.14
06-11 10:45:44.145 11083 11738 E MSP-LOG-SDK-RateLimitManager: not_allow_invoke because of time_window_not_allow queue = [1781143252335], config = RateLimitConfig{maxCalls=1, timeWindowSeconds=7200, callIntervalSeconds=0}, ipcInvokeTimeQueueMapKey = com.heytap.nearx.tangramconfig.kit.client.ICloudCtrlServiceModule?@?compass_143100?@?3?@?com.coloros.phonemanager, has already call 1 times in 7200 seconds before
06-11 10:45:44.146 11083 11738 E MSP-LOG-SDK-: MspSdkException{code=3014,message=com.heytap.mspsdk.ratelimit.MspRateLimitExceededException: ipc rate limit exceeded in time window}
06-11 10:45:44.146 11083 11738 E MSP-LOG-SDK-: 	at com.heytap.mspsdk.ratelimit.b.a(RateLimitInterceptor.java:56)
06-11 10:45:44.146 11083 11738 E MSP-LOG-SDK-: 	at com.heytap.mspsdk.interceptor.c.a(StandardListChain.java:40)
06-11 10:45:44.146 11083 11738 E MSP-LOG-SDK-: 	at com.heytap.mspsdk.proxy.b.a(CompatCheckInterceptor.java:30)
06-11 10:45:44.146 11083 11738 E MSP-LOG-SDK-: 	at com.heytap.mspsdk.interceptor.c.a(StandardListChain.java:40)
06-11 10:45:44.146 11083 11738 E MSP-LOG-SDK-: 	at com.heytap.mspsdk.proxy.e.invoke(InnerInvocationHandler.java:202)
06-11 10:45:44.146 11083 11738 E MSP-LOG-SDK-: 	at java.lang.reflect.Proxy.invoke(Proxy.java:1006)
06-11 10:45:44.146 11083 11738 E MSP-LOG-SDK-: 	at $Proxy12.gatewayUpdate(Unknown Source)
06-11 10:45:44.146 11083 11738 E MSP-LOG-SDK-: 	at com.heytap.nearx.tangramconfig.kit.client.KitProxy.gatewayUpdate$lambda$2(KitProxy.kt:20)
06-11 10:45:44.146 11083 11738 E MSP-LOG-SDK-: 	at com.heytap.nearx.tangramconfig.kit.client.KitProxy.a(KitProxy.kt:1)
06-11 10:45:44.146 11083 11738 E MSP-LOG-SDK-: 	at com.heytap.nearx.tangramconfig.kit.client.a.run(R8$$SyntheticClass:9)
06-11 10:45:44.146 11083 11738 E MSP-LOG-SDK-: 	at java.util.concurrent.ThreadPoolExecutor.runWorker(ThreadPoolExecutor.java:1156)
06-11 10:45:44.146 11083 11738 E MSP-LOG-SDK-: 	at java.util.concurrent.ThreadPoolExecutor$Worker.run(ThreadPoolExecutor.java:651)
06-11 10:45:44.146 11083 11738 E MSP-LOG-SDK-: 	at java.lang.Thread.run(Thread.java:1119)
06-11 10:45:44.146 11083 11732 I CloudConfig: tn: sdk-50351-ruc
06-11 10:45:44.146 11083 11732 I CloudConfig: ruc 1961 enter
06-11 10:45:44.150  5227  5723 I m.heytap.market: Explicit concurrent mark compact GC freed 2956KB AllocSpace bytes, 1(132KB) LOS objects, 27% free,10MB(M:8561KB,L:2196KB)/14MB, paused 25.128ms,24.080ms total 1.639s
06-11 10:45:44.152  5227  5724 I m.heytap.market: WaitForGcToComplete blocked Explicit on Explicit for 1.587s
06-11 10:45:44.153  5227  5755 I m.heytap.market: Waiting for a blocking GC Explicit
06-11 10:45:44.153  5227  5753 I m.heytap.market: Waiting for a blocking GC Explicit
06-11 10:45:44.153  5227  5893 I m.heytap.market: Waiting for a blocking GC Explicit
06-11 10:45:44.153  5227  5916 I m.heytap.market: Waiting for a blocking GC Explicit
06-11 10:45:44.158 11083 11732 D CloudConfig_stgyHelper: mspVersionCanSupport mspKitVersion : 2021620
06-11 10:45:44.159 11083 11732 D CloudConfig_stgyHelper: getSupportKitMode strategyEntity : StrategyEntity(sdkInterval=1800000, strategyMode=1, minSDKVersion=1000, minKitVersion=2014122, validReqPeriod=7200000, maxReqProduct=100, forceKitIfKit=false, backoff=120000, enable=true, defaultLimit=RateLimitConfig{maxCalls=1, timeWindowSeconds=7200, callIntervalSeconds=0}, productLimits={global-domain_1281=RateLimitConfig{maxCalls=1, timeWindowSeconds=7200, callIntervalSeconds=0}, 50351=RateLimitConfig{maxCalls=1, timeWindowSeconds=7200, callIntervalSeconds=0}, compass_20092=RateLimitConfig{maxCalls=1, timeWindowSeconds=7200, callIntervalSeconds=0}, global-domain_1961=RateLimitConfig{maxCalls=1, timeWindowSeconds=7200, callIntervalSeconds=0}, compass_2=RateLimitConfig{maxCalls=1, timeWindowSeconds=7200, callIntervalSeconds=0}, mdp_2047=RateLimitConfig{maxCalls=1, timeWindowSeconds=7200, callIntervalSeconds=0}, mdp_2296=RateLimitConfig{maxCalls=1, timeWindowSeconds=7200, callIntervalSeconds=0}, compass_143100=RateLimitConfig{maxCalls=1, timeWindowSeconds=7200, callIntervalSeconds=0}})
06-11 10:45:44.159 11083 11732 D CloudConfig_stgyHelper: getSupportKitMode localSdkVersion : 1227
06-11 10:45:44.160 11083 11732 D CloudConfig_stgyHelper: mspVersionCanSupport mspKitVersion : 2021620
06-11 10:45:44.161 11083 11732 D CloudConfig_stgyHelper: getSupportKitMode strategyEntity : StrategyEntity(sdkInterval=1800000, strategyMode=1, minSDKVersion=1000, minKitVersion=2014122, validReqPeriod=7200000, maxReqProduct=100, forceKitIfKit=false, backoff=120000, enable=true, defaultLimit=RateLimitConfig{maxCalls=1, timeWindowSeconds=7200, callIntervalSeconds=0}, productLimits={global-domain_1281=RateLimitConfig{maxCalls=1, timeWindowSeconds=7200, callIntervalSeconds=0}, 50351=RateLimitConfig{maxCalls=1, timeWindowSeconds=7200, callIntervalSeconds=0}, compass_20092=RateLimitConfig{maxCalls=1, timeWindowSeconds=7200, callIntervalSeconds=0}, global-domain_1961=RateLimitConfig{maxCalls=1, timeWindowSeconds=7200, callIntervalSeconds=0}, compass_2=RateLimitConfig{maxCalls=1, timeWindowSeconds=7200, callIntervalSeconds=0}, mdp_2047=RateLimitConfig{maxCalls=1, timeWindowSeconds=7200, callIntervalSeconds=0}, mdp_2296=RateLimitConfig{maxCalls=1, timeWindowSeconds=7200, callIntervalSeconds=0}, compass_143100=RateLimitConfig{maxCalls=1, timeWindowSeconds=7200, callIntervalSeconds=0}})
06-11 10:45:44.161 11083 11732 D CloudConfig_stgyHelper: getSupportKitMode localSdkVersion : 1227
06-11 10:45:44.166 11083 11730 I MSP-LOG-SDK-MspSdk: Sdk has initialized! version:2.0.1.14
06-11 10:45:44.167 11083 11730 E MSP-LOG-SDK-RateLimitManager: not_allow_invoke because of time_window_not_allow queue = [1781143255693], config = RateLimitConfig{maxCalls=1, timeWindowSeconds=7200, callIntervalSeconds=0}, ipcInvokeTimeQueueMapKey = com.heytap.nearx.tangramconfig.kit.client.ICloudCtrlServiceModule?@?global-domain_1961?@?4?@?com.coloros.phonemanager, has already call 1 times in 7200 seconds before
06-11 10:45:44.167 11083 11730 E MSP-LOG-SDK-: MspSdkException{code=3014,message=com.heytap.mspsdk.ratelimit.MspRateLimitExceededException: ipc rate limit exceeded in time window}
06-11 10:45:44.167 11083 11730 E MSP-LOG-SDK-: 	at com.heytap.mspsdk.ratelimit.b.a(RateLimitInterceptor.java:56)
06-11 10:45:44.167 11083 11730 E MSP-LOG-SDK-: 	at com.heytap.mspsdk.interceptor.c.a(StandardListChain.java:40)
06-11 10:45:44.167 11083 11730 E MSP-LOG-SDK-: 	at com.heytap.mspsdk.proxy.b.a(CompatCheckInterceptor.java:30)
06-11 10:45:44.167 11083 11730 E MSP-LOG-SDK-: 	at com.heytap.mspsdk.interceptor.c.a(StandardListChain.java:40)
06-11 10:45:44.167 11083 11730 E MSP-LOG-SDK-: 	at com.heytap.mspsdk.proxy.e.invoke(InnerInvocationHandler.java:202)
06-11 10:45:44.167 11083 11730 E MSP-LOG-SDK-: 	at java.lang.reflect.Proxy.invoke(Proxy.java:1006)
06-11 10:45:44.167 11083 11730 E MSP-LOG-SDK-: 	at $Proxy12.checkUpdateConfig(Unknown Source)
06-11 10:45:44.167 11083 11730 E MSP-LOG-SDK-: 	at com.heytap.nearx.tangramconfig.kit.client.KitProxy.checkUpdateConfig$lambda$3(KitProxy.kt:20)
06-11 10:45:44.167 11083 11730 E MSP-LOG-SDK-: 	at com.heytap.nearx.tangramconfig.kit.client.KitProxy.d(KitProxy.kt:1)
06-11 10:45:44.167 11083 11730 E MSP-LOG-SDK-: 	at com.heytap.nearx.tangramconfig.kit.client.e.run(R8$$SyntheticClass:9)
06-11 10:45:44.167 11083 11730 E MSP-LOG-SDK-: 	at java.util.concurrent.ThreadPoolExecutor.runWorker(ThreadPoolExecutor.java:1156)
06-11 10:45:44.167 11083 11730 E MSP-LOG-SDK-: 	at java.util.concurrent.ThreadPoolExecutor$Worker.run(ThreadPoolExecutor.java:651)
06-11 10:45:44.167 11083 11730 E MSP-LOG-SDK-: 	at java.lang.Thread.run(Thread.java:1119)
06-11 10:45:44.170  5227  5886 W ONET_NetMonitor: RecvResp seq: 11753 retry: 0 code: 1 httpCode: 200 contentLength: 479 costtime: 80 msg: null
06-11 10:45:44.172  5227  5886 W market_check_upgrade: type: 3 ,request: cost: 595
06-11 10:45:44.172  5227  5886 W market_check_upgrade: type: 3 , response: size: 0
06-11 10:45:44.172  3189  3263 I system_server: AssetManager2(0xb40000786faab928) locale list changing from [] to [zh-CN]
06-11 10:45:44.177  5227  5886 W market_check_upgrade: type: 3 ,saveUpgradeInfo: 0 ,insert: 0 ,update: 0 ,filter: 0 ,invalid: 0 ,delList: 0 ,patchType: {} ,cost: 3
06-11 10:45:44.177  5227  5886 W market_check_upgrade: type: 3 ,checkUpgrade: cost: 683
06-11 10:45:44.179 11083 11778 I MSP-LOG-SDK-MspSdk: Sdk has initialized! version:2.0.1.14
06-11 10:45:44.179 11083 11732 I CloudConfig: ruc 1961 exit
06-11 10:45:44.179 11083 11732 I CloudConfig: tn: sdk-50351-ruc, dr: 32ms
06-11 10:45:44.179 11083 11778 E MSP-LOG-SDK-RateLimitManager: not_allow_invoke because of time_window_not_allow queue = [1781143251665], config = RateLimitConfig{maxCalls=1, timeWindowSeconds=21600, callIntervalSeconds=0}, ipcInvokeTimeQueueMapKey = com.heytap.nearx.tangramconfig.kit.client.ICloudCtrlServiceModule?@?global-domain_1961?@?1?@?com.coloros.phonemanager, has already call 1 times in 21600 seconds before
06-11 10:45:44.179 11083 11778 E MSP-LOG-SDK-: MspSdkException{code=3014,message=com.heytap.mspsdk.ratelimit.MspRateLimitExceededException: ipc rate limit exceeded in time window}
06-11 10:45:44.179 11083 11778 E MSP-LOG-SDK-: 	at com.heytap.mspsdk.ratelimit.b.a(RateLimitInterceptor.java:56)
06-11 10:45:44.179 11083 11778 E MSP-LOG-SDK-: 	at com.heytap.mspsdk.interceptor.c.a(StandardListChain.java:40)
06-11 10:45:44.179 11083 11778 E MSP-LOG-SDK-: 	at com.heytap.mspsdk.proxy.b.a(CompatCheckInterceptor.java:30)
06-11 10:45:44.179 11083 11778 E MSP-LOG-SDK-: 	at com.heytap.mspsdk.interceptor.c.a(StandardListChain.java:40)
06-11 10:45:44.179 11083 11778 E MSP-LOG-SDK-: 	at com.heytap.mspsdk.proxy.e.invoke(InnerInvocationHandler.java:202)
06-11 10:45:44.179 11083 11778 E MSP-LOG-SDK-: 	at java.lang.reflect.Proxy.invoke(Proxy.java:1006)
06-11 10:45:44.179 11083 11778 E MSP-LOG-SDK-: 	at $Proxy12.getDynamicCondition(Unknown Source)
06-11 10:45:44.179 11083 11778 E MSP-LOG-SDK-: 	at com.heytap.nearx.tangramconfig.kit.client.KitProxy.getDynamicCondition$lambda$0(KitProxy.kt:25)
06-11 10:45:44.179 11083 11778 E MSP-LOG-SDK-: 	at com.heytap.nearx.tangramconfig.kit.client.KitProxy.b(KitProxy.kt:1)
06-11 10:45:44.179 11083 11778 E MSP-LOG-SDK-: 	at com.heytap.nearx.tangramconfig.kit.client.b.run(R8$$SyntheticClass:9)
06-11 10:45:44.179 11083 11778 E MSP-LOG-SDK-: 	at java.util.concurrent.ThreadPoolExecutor.runWorker(ThreadPoolExecutor.java:1156)
06-11 10:45:44.179 11083 11778 E MSP-LOG-SDK-: 	at java.util.concurrent.ThreadPoolExecutor$Worker.run(ThreadPoolExecutor.java:651)
06-11 10:45:44.179 11083 11778 E MSP-LOG-SDK-: 	at java.lang.Thread.run(Thread.java:1119)
06-11 10:45:44.186  5775  5775 W ContextImpl: Calling a method in the system process without a qualified user: android.app.ContextImpl.startService:2032 android.content.ContextWrapper.startService:865 s2.d.F:62 com.oplusos.sau.service.SAUAppService.onStartCommand:442 android.app.ActivityThread.handleServiceArgs:5892 
06-11 10:45:44.193  5775  5775 W ContextImpl: Calling a method in the system process without a qualified user: android.app.ContextImpl.bindService:2135 android.content.ContextWrapper.bindService:901 com.oplusos.sau.aidl.SauBinderUpdateService.onCreate:48 android.app.ActivityThread.handleCreateService:5684 android.app.ActivityThread.-$$Nest$mhandleCreateService:0 
06-11 10:45:44.209  5227  6543 I m.heytap.market: Waiting for a blocking GC Explicit
06-11 10:45:44.210  5227  6544 I m.heytap.market: Waiting for a blocking GC Explicit
06-11 10:45:44.229  3189  3263 I system_server: AssetManager2(0xb40000786fb3ec28) locale list changing from [] to [zh-CN]
06-11 10:45:44.235 11083 11791 D CloudConfig_stgyHelper: mspVersionCanSupport mspKitVersion : 2021620
06-11 10:45:44.238 11083 11791 D CloudConfig_stgyHelper: getSupportKitMode strategyEntity : StrategyEntity(sdkInterval=1800000, strategyMode=1, minSDKVersion=1000, minKitVersion=2014122, validReqPeriod=7200000, maxReqProduct=100, forceKitIfKit=false, backoff=120000, enable=true, defaultLimit=RateLimitConfig{maxCalls=1, timeWindowSeconds=7200, callIntervalSeconds=0}, productLimits={global-domain_1281=RateLimitConfig{maxCalls=1, timeWindowSeconds=7200, callIntervalSeconds=0}, 50351=RateLimitConfig{maxCalls=1, timeWindowSeconds=7200, callIntervalSeconds=0}, compass_20092=RateLimitConfig{maxCalls=1, timeWindowSeconds=7200, callIntervalSeconds=0}, global-domain_1961=RateLimitConfig{maxCalls=1, timeWindowSeconds=7200, callIntervalSeconds=0}, compass_2=RateLimitConfig{maxCalls=1, timeWindowSeconds=7200, callIntervalSeconds=0}, mdp_2047=RateLimitConfig{maxCalls=1, timeWindowSeconds=7200, callIntervalSeconds=0}, mdp_2296=RateLimitConfig{maxCalls=1, timeWindowSeconds=7200, callIntervalSeconds=0}, compass_143100=RateLimitConfig{maxCalls=1, timeWindowSeconds=7200, callIntervalSeconds=0}})
06-11 10:45:44.238 11083 11791 D CloudConfig_stgyHelper: getSupportKitMode localSdkVersion : 1227
06-11 10:45:44.238  1800  1924 D BatteryChargeControl: bcc get no support from charging protocol
06-11 10:45:44.243  3189  4683 I OplusHansManager : FastFreeze exit, unfreeze uids: []
06-11 10:45:44.243  3189  4683 I OplusHansManager : exit FastFreezer, unfreeze uids: [] thaw: [], reason: exitFF
06-11 10:45:44.243  3189  4683 I OplusHansManager : notify state machine event=FF_EXIT to uids=[10602, 10136, 10370]
06-11 10:45:44.244  4454  5101 I TcpSyn  : updateFrontUidsToKernel, uids = [10602]
06-11 10:45:44.249  3189  3263 I system_server: AssetManager2(0xb40000786fb3f828) locale list changing from [] to [zh-CN]
06-11 10:45:44.265  1667 15952 I sensors-hal: handle_oplus_wise_rgb_event:230, wise_rgb:algo_type = 3
06-11 10:45:44.265  1667 15952 I sensors-hal: handle_oplus_wise_rgb_event:285, wise_rgb: raw_lux 501.232727, raw_cct 6495.541504, r/g/b/c: 39841.839844/34959.179688/19956.103516/88575.632812, R/G/B: 0.000000/0.000000/0.000000, brl 1529.000000, lux: 501.232727, cct: 6495.541504, ts 243341583396416, cnt 7375
06-11 10:45:44.271  3189  3263 I system_server: AssetManager2(0xb40000786fbb0528) locale list changing from [] to [zh-CN]
06-11 10:45:44.286 11083 11791 D CloudConfig_stgyHelper: mspVersionCanSupport mspKitVersion : 2021620
06-11 10:45:44.294 11083 11791 D CloudConfig_stgyHelper: getSupportKitMode strategyEntity : StrategyEntity(sdkInterval=1800000, strategyMode=1, minSDKVersion=1000, minKitVersion=2014122, validReqPeriod=7200000, maxReqProduct=100, forceKitIfKit=false, backoff=120000, enable=true, defaultLimit=RateLimitConfig{maxCalls=1, timeWindowSeconds=7200, callIntervalSeconds=0}, productLimits={global-domain_1281=RateLimitConfig{maxCalls=1, timeWindowSeconds=7200, callIntervalSeconds=0}, 50351=RateLimitConfig{maxCalls=1, timeWindowSeconds=7200, callIntervalSeconds=0}, compass_20092=RateLimitConfig{maxCalls=1, timeWindowSeconds=7200, callIntervalSeconds=0}, global-domain_1961=RateLimitConfig{maxCalls=1, timeWindowSeconds=7200, callIntervalSeconds=0}, compass_2=RateLimitConfig{maxCalls=1, timeWindowSeconds=7200, callIntervalSeconds=0}, mdp_2047=RateLimitConfig{maxCalls=1, timeWindowSeconds=7200, callIntervalSeconds=0}, mdp_2296=RateLimitConfig{maxCalls=1, timeWindowSeconds=7200, callIntervalSeconds=0}, compass_143100=RateLimitConfig{maxCalls=1, timeWindowSeconds=7200, callIntervalSeconds=0}})
06-11 10:45:44.295 11083 11791 D CloudConfig_stgyHelper: getSupportKitMode localSdkVersion : 1227
06-11 10:45:44.295  3189  3263 I system_server: AssetManager2(0xb40000786fbb0828) locale list changing from [] to [zh-CN]
06-11 10:45:44.299  3189  3263 W AnrLogEnhancementHelperImpl: app side detected 3189 dynamic_receiver cost time = 1561
06-11 10:45:44.299  3189  3263 W LoadedApk: System took : 1561ms in onReceive of class android.content.pm.RegisteredServicesCache$1 for action : android.intent.action.PACKAGE_ADDED
06-11 10:45:44.309 11083 11741 I MSP-LOG-SDK-MspSdk: Sdk has initialized! version:2.0.1.14
06-11 10:45:44.311 11083 11741 E MSP-LOG-SDK-RateLimitManager: not_allow_invoke because of time_window_not_allow queue = [1781143252335], config = RateLimitConfig{maxCalls=1, timeWindowSeconds=7200, callIntervalSeconds=0}, ipcInvokeTimeQueueMapKey = com.heytap.nearx.tangramconfig.kit.client.ICloudCtrlServiceModule?@?compass_20092?@?3?@?com.coloros.phonemanager, has already call 1 times in 7200 seconds before
06-11 10:45:44.312 11083 11741 E MSP-LOG-SDK-: MspSdkException{code=3014,message=com.heytap.mspsdk.ratelimit.MspRateLimitExceededException: ipc rate limit exceeded in time window}
06-11 10:45:44.312 11083 11741 E MSP-LOG-SDK-: 	at com.heytap.mspsdk.ratelimit.b.a(RateLimitInterceptor.java:56)
06-11 10:45:44.312 11083 11741 E MSP-LOG-SDK-: 	at com.heytap.mspsdk.interceptor.c.a(StandardListChain.java:40)
06-11 10:45:44.312 11083 11741 E MSP-LOG-SDK-: 	at com.heytap.mspsdk.proxy.b.a(CompatCheckInterceptor.java:30)
06-11 10:45:44.312 11083 11741 E MSP-LOG-SDK-: 	at com.heytap.mspsdk.interceptor.c.a(StandardListChain.java:40)
06-11 10:45:44.312 11083 11741 E MSP-LOG-SDK-: 	at com.heytap.mspsdk.proxy.e.invoke(InnerInvocationHandler.java:202)
06-11 10:45:44.312 11083 11741 E MSP-LOG-SDK-: 	at java.lang.reflect.Proxy.invoke(Proxy.java:1006)
06-11 10:45:44.312 11083 11741 E MSP-LOG-SDK-: 	at $Proxy12.gatewayUpdate(Unknown Source)
06-11 10:45:44.312 11083 11741 E MSP-LOG-SDK-: 	at com.heytap.nearx.tangramconfig.kit.client.KitProxy.gatewayUpdate$lambda$2(KitProxy.kt:20)
06-11 10:45:44.312 11083 11741 E MSP-LOG-SDK-: 	at com.heytap.nearx.tangramconfig.kit.client.KitProxy.a(KitProxy.kt:1)
06-11 10:45:44.312 11083 11741 E MSP-LOG-SDK-: 	at com.heytap.nearx.tangramconfig.kit.client.a.run(R8$$SyntheticClass:9)
06-11 10:45:44.312 11083 11741 E MSP-LOG-SDK-: 	at java.util.concurrent.ThreadPoolExecutor.runWorker(ThreadPoolExecutor.java:1156)
06-11 10:45:44.312 11083 11741 E MSP-LOG-SDK-: 	at java.util.concurrent.ThreadPoolExecutor$Worker.run(ThreadPoolExecutor.java:651)
06-11 10:45:44.312 11083 11741 E MSP-LOG-SDK-: 	at java.lang.Thread.run(Thread.java:1119)
06-11 10:45:44.326 24785 24793 I id.qqdownloader: Background concurrent mark compact GC freed 46MB AllocSpace bytes, 212(16MB) LOS objects, 50% free,58MB(M:53MB,L:5440KB)/117MB, paused 882us,2.406ms total 478.368ms
06-11 10:45:44.329  3189  3263 W Searchables: No web search activity found
06-11 10:45:44.330  4650  4650 W GCP.CarouselAnimator:  animation list empty[gcSdk:v1.3.130-5a024cf,gcPlugin:v16.56.0-ff09c7f3] [OplusLauncher|com.android.launcher|2.0.44-25e9612]
06-11 10:45:44.331 11083 11791 D CloudConfig_stgyHelper: mspVersionCanSupport mspKitVersion : 2021620
06-11 10:45:44.336  5227  5724 I m.heytap.market: Explicit concurrent mark compact GC freed 800KB AllocSpace bytes, 6(228KB) LOS objects, 28% free,10120KB(M:8152KB,L:1968KB)/13MB, paused 2.150ms,4.783ms total 182.909ms
06-11 10:45:44.336  5227  5755 I m.heytap.market: WaitForGcToComplete blocked Explicit on Explicit for 1.738s
06-11 10:45:44.336  5227  5753 I m.heytap.market: Waiting for a blocking GC Explicit
06-11 10:45:44.336  5227  5893 I m.heytap.market: Waiting for a blocking GC Explicit
06-11 10:45:44.336  5227  5916 I m.heytap.market: Waiting for a blocking GC Explicit
06-11 10:45:44.336  5227  6543 I m.heytap.market: Waiting for a blocking GC Explicit
06-11 10:45:44.336  5227  6544 I m.heytap.market: Waiting for a blocking GC Explicit
06-11 10:45:44.337 11083 11791 D CloudConfig_stgyHelper: getSupportKitMode strategyEntity : StrategyEntity(sdkInterval=1800000, strategyMode=1, minSDKVersion=1000, minKitVersion=2014122, validReqPeriod=7200000, maxReqProduct=100, forceKitIfKit=false, backoff=120000, enable=true, defaultLimit=RateLimitConfig{maxCalls=1, timeWindowSeconds=7200, callIntervalSeconds=0}, productLimits={global-domain_1281=RateLimitConfig{maxCalls=1, timeWindowSeconds=7200, callIntervalSeconds=0}, 50351=RateLimitConfig{maxCalls=1, timeWindowSeconds=7200, callIntervalSeconds=0}, compass_20092=RateLimitConfig{maxCalls=1, timeWindowSeconds=7200, callIntervalSeconds=0}, global-domain_1961=RateLimitConfig{maxCalls=1, timeWindowSeconds=7200, callIntervalSeconds=0}, compass_2=RateLimitConfig{maxCalls=1, timeWindowSeconds=7200, callIntervalSeconds=0}, mdp_2047=RateLimitConfig{maxCalls=1, timeWindowSeconds=7200, callIntervalSeconds=0}, mdp_2296=RateLimitConfig{maxCalls=1, timeWindowSeconds=7200, callIntervalSeconds=0}, compass_143100=RateLimitConfig{maxCalls=1, timeWindowSeconds=7200, callIntervalSeconds=0}})
06-11 10:45:44.337 11083 11791 D CloudConfig_stgyHelper: getSupportKitMode localSdkVersion : 1227
06-11 10:45:44.344  3189  3263 W RecognitionServiceInfo: Parse error in getAvailableServices: No android.speech meta-data for com.tencent.android.qqdownloader
06-11 10:45:44.344 24749  6374 W System.err: java.lang.IllegalStateException: beginBroadcast() called while already in a broadcast
06-11 10:45:44.344  3189  3263 W VoiceInteractionManager: no auto selectable voice recognition services found for user 0
06-11 10:45:44.344 24749  6374 W System.err: 	at android.os.RemoteCallbackList.beginBroadcastInternal(RemoteCallbackList.java:593)
06-11 10:45:44.344 24749  6374 W System.err: 	at android.os.RemoteCallbackList.beginBroadcast(RemoteCallbackList.java:587)
06-11 10:45:44.344 24749  6374 W System.err: 	at com.tencent.assistant.netservice.NetServiceImpl.o(Unknown Source:12)
06-11 10:45:44.344 24749  6374 W System.err: 	at yyb9229776.dc.xd.k(ProGuard:12)
06-11 10:45:44.344 24749  6374 W System.err: 	at com.tencent.assistant.protocol.scu.xb.onUpdateRspHeadData(ProGuard:1)
06-11 10:45:44.344 24749  6374 W System.err: 	at com.tencent.assistant.protocol.xg$xb.onNetWorkFinish(ProGuard:45)
06-11 10:45:44.344 24749  6374 W System.err: 	at com.tencent.assistant.protocol.xf.h(ProGuard:30)
06-11 10:45:44.344 24749  6374 W System.err: 	at com.tencent.assistant.protocol.xf.g(Unknown Source:6)
06-11 10:45:44.344 24749  6374 W System.err: 	at yyb9229776.wb.xb.m(Unknown Source:10)
06-11 10:45:44.344 24749  6374 W System.err: 	at com.tencent.assistant.protocol.xc.E(ProGuard:3)
06-11 10:45:44.344 24749  6374 W System.err: 	at com.tencent.assistant.protocol.xc.B(ProGuard:6)
06-11 10:45:44.344 24749  6374 W System.err: 	at yyb9229776.wb.xb.run(ProGuard:6)
06-11 10:45:44.344 24749  6374 W System.err: 	at java.util.concurrent.Executors$RunnableAdapter.call(Executors.java:524)
06-11 10:45:44.344 24749  6374 W System.err: 	at java.util.concurrent.FutureTask.run(FutureTask.java:343)
06-11 10:45:44.344 24749  6374 W System.err: 	at yyb9229776.ai0.xc.run(ProGuard:2)
06-11 10:45:44.344 24749  6374 W System.err: 	at yyb9229776.ai0.xd.run(Unknown Source:2)
06-11 10:45:44.344 24749  6374 W System.err: 	at java.util.concurrent.ThreadPoolExecutor.runWorker(ThreadPoolExecutor.java:1156)
06-11 10:45:44.344 24749  6374 W System.err: 	at java.util.concurrent.ThreadPoolExecutor$Worker.run(ThreadPoolExecutor.java:651)
06-11 10:45:44.344 24749  6374 W System.err: 	at java.lang.Thread.run(Thread.java:1119)
06-11 10:45:44.345  3189  3263 W TextServicesManagerService: no available spell checker services found
06-11 10:45:44.345 24749  6509 W System.err: java.lang.IllegalStateException: finishBroadcast() called outside of a broadcast
06-11 10:45:44.345 24749  6509 W System.err: 	at android.os.RemoteCallbackList.finishBroadcast(RemoteCallbackList.java:656)
06-11 10:45:44.345 24749  6509 W System.err: 	at com.tencent.assistant.netservice.NetServiceImpl.o(Unknown Source:40)
06-11 10:45:44.345 24749  6509 W System.err: 	at yyb9229776.dc.xd.k(ProGuard:12)
06-11 10:45:44.345 24749  6509 W System.err: 	at com.tencent.assistant.protocol.scu.xb.onUpdateRspHeadData(ProGuard:1)
06-11 10:45:44.345 24749  6509 W System.err: 	at com.tencent.assistant.protocol.xg$xb.onNetWorkFinish(ProGuard:45)
06-11 10:45:44.345 24749  6509 W System.err: 	at com.tencent.assistant.protocol.xf.h(ProGuard:30)
06-11 10:45:44.345 24749  6509 W System.err: 	at com.tencent.assistant.protocol.xf.g(Unknown Source:6)
06-11 10:45:44.345 24749  6509 W System.err: 	at yyb9229776.wb.xb.m(Unknown Source:10)
06-11 10:45:44.345 24749  6509 W System.err: 	at com.tencent.assistant.protocol.xc.E(ProGuard:3)
06-11 10:45:44.345 24749  6509 W System.err: 	at com.tencent.assistant.protocol.xc.B(ProGuard:6)
06-11 10:45:44.345 24749  6509 W System.err: 	at yyb9229776.wb.xb.run(ProGuard:6)
06-11 10:45:44.345 24749  6509 W System.err: 	at java.util.concurrent.Executors$RunnableAdapter.call(Executors.java:524)
06-11 10:45:44.345 24749  6509 W System.err: 	at java.util.concurrent.FutureTask.run(FutureTask.java:343)
06-11 10:45:44.345 24749  6509 W System.err: 	at yyb9229776.ai0.xc.run(ProGuard:2)
06-11 10:45:44.345 24749  6509 W System.err: 	at yyb9229776.ai0.xd.run(Unknown Source:2)
06-11 10:45:44.345 24749  6509 W System.err: 	at java.util.concurrent.ThreadPoolExecutor.runWorker(ThreadPoolExecutor.java:1156)
06-11 10:45:44.345 24749  6509 W System.err: 	at java.util.concurrent.ThreadPoolExecutor$Worker.run(ThreadPoolExecutor.java:651)
06-11 10:45:44.345 24749  6509 W System.err: 	at java.lang.Thread.run(Thread.java:1119)
06-11 10:45:44.354 11083 11791 D CloudConfig_stgyHelper: mspVersionCanSupport mspKitVersion : 2021620
06-11 10:45:44.360 11083 11791 D CloudConfig_stgyHelper: getSupportKitMode strategyEntity : StrategyEntity(sdkInterval=1800000, strategyMode=1, minSDKVersion=1000, minKitVersion=2014122, validReqPeriod=7200000, maxReqProduct=100, forceKitIfKit=false, backoff=120000, enable=true, defaultLimit=RateLimitConfig{maxCalls=1, timeWindowSeconds=7200, callIntervalSeconds=0}, productLimits={global-domain_1281=RateLimitConfig{maxCalls=1, timeWindowSeconds=7200, callIntervalSeconds=0}, 50351=RateLimitConfig{maxCalls=1, timeWindowSeconds=7200, callIntervalSeconds=0}, compass_20092=RateLimitConfig{maxCalls=1, timeWindowSeconds=7200, callIntervalSeconds=0}, global-domain_1961=RateLimitConfig{maxCalls=1, timeWindowSeconds=7200, callIntervalSeconds=0}, compass_2=RateLimitConfig{maxCalls=1, timeWindowSeconds=7200, callIntervalSeconds=0}, mdp_2047=RateLimitConfig{maxCalls=1, timeWindowSeconds=7200, callIntervalSeconds=0}, mdp_2296=RateLimitConfig{maxCalls=1, timeWindowSeconds=7200, callIntervalSeconds=0}, compass_143100=RateLimitConfig{maxCalls=1, timeWindowSeconds=7200, callIntervalSeconds=0}})
06-11 10:45:44.360 11083 11791 D CloudConfig_stgyHelper: getSupportKitMode localSdkVersion : 1227
06-11 10:45:44.373 11083 11779 I MSP-LOG-SDK-MspSdk: Sdk has initialized! version:2.0.1.14
06-11 10:45:44.374 11083 11779 E MSP-LOG-SDK-RateLimitManager: not_allow_invoke because of time_window_not_allow queue = [1781143252335], config = RateLimitConfig{maxCalls=1, timeWindowSeconds=7200, callIntervalSeconds=0}, ipcInvokeTimeQueueMapKey = com.heytap.nearx.tangramconfig.kit.client.ICloudCtrlServiceModule?@?compass_143100?@?3?@?com.coloros.phonemanager, has already call 1 times in 7200 seconds before
06-11 10:45:44.374 11083 11779 E MSP-LOG-SDK-: MspSdkException{code=3014,message=com.heytap.mspsdk.ratelimit.MspRateLimitExceededException: ipc rate limit exceeded in time window}
06-11 10:45:44.374 11083 11779 E MSP-LOG-SDK-: 	at com.heytap.mspsdk.ratelimit.b.a(RateLimitInterceptor.java:56)
06-11 10:45:44.374 11083 11779 E MSP-LOG-SDK-: 	at com.heytap.mspsdk.interceptor.c.a(StandardListChain.java:40)
06-11 10:45:44.374 11083 11779 E MSP-LOG-SDK-: 	at com.heytap.mspsdk.proxy.b.a(CompatCheckInterceptor.java:30)
06-11 10:45:44.374 11083 11779 E MSP-LOG-SDK-: 	at com.heytap.mspsdk.interceptor.c.a(StandardListChain.java:40)
06-11 10:45:44.374 11083 11779 E MSP-LOG-SDK-: 	at com.heytap.mspsdk.proxy.e.invoke(InnerInvocationHandler.java:202)
06-11 10:45:44.374 11083 11779 E MSP-LOG-SDK-: 	at java.lang.reflect.Proxy.invoke(Proxy.java:1006)
06-11 10:45:44.374 11083 11779 E MSP-LOG-SDK-: 	at $Proxy12.gatewayUpdate(Unknown Source)
06-11 10:45:44.374 11083 11779 E MSP-LOG-SDK-: 	at com.heytap.nearx.tangramconfig.kit.client.KitProxy.gatewayUpdate$lambda$2(KitProxy.kt:20)
06-11 10:45:44.374 11083 11779 E MSP-LOG-SDK-: 	at com.heytap.nearx.tangramconfig.kit.client.KitProxy.a(KitProxy.kt:1)
06-11 10:45:44.374 11083 11779 E MSP-LOG-SDK-: 	at com.heytap.nearx.tangramconfig.kit.client.a.run(R8$$SyntheticClass:9)
06-11 10:45:44.374 11083 11779 E MSP-LOG-SDK-: 	at java.util.concurrent.ThreadPoolExecutor.runWorker(ThreadPoolExecutor.java:1156)
06-11 10:45:44.374 11083 11779 E MSP-LOG-SDK-: 	at java.util.concurrent.ThreadPoolExecutor$Worker.run(ThreadPoolExecutor.java:651)
06-11 10:45:44.374 11083 11779 E MSP-LOG-SDK-: 	at java.lang.Thread.run(Thread.java:1119)
06-11 10:45:44.405 28382 28479 D COSA->GameServiceSyncUtil: [m] syncGameListToGMS
06-11 10:45:44.449  6058  6220 E JniHttpHelper: HTTP GET failed: http://192.168.1.6:8091/11/1630/688.terrain
06-11 10:45:44.449  6058  6220 E JniHttpHelper: java.net.ConnectException: Failed to connect to /192.168.1.6:8091
06-11 10:45:44.449  6058  6220 E JniHttpHelper: 	at com.android.okhttp.internal.io.RealConnection.connectSocket(RealConnection.java:147)
06-11 10:45:44.449  6058  6220 E JniHttpHelper: 	at com.android.okhttp.internal.io.RealConnection.connect(RealConnection.java:116)
06-11 10:45:44.449  6058  6220 E JniHttpHelper: 	at com.android.okhttp.internal.http.StreamAllocation.findConnection(StreamAllocation.java:186)
06-11 10:45:44.449  6058  6220 E JniHttpHelper: 	at com.android.okhttp.internal.http.StreamAllocation.findHealthyConnection(StreamAllocation.java:128)
06-11 10:45:44.449  6058  6220 E JniHttpHelper: 	at com.android.okhttp.internal.http.StreamAllocation.newStream(StreamAllocation.java:97)
06-11 10:45:44.449  6058  6220 E JniHttpHelper: 	at com.android.okhttp.internal.http.HttpEngine.connect(HttpEngine.java:289)
06-11 10:45:44.449  6058  6220 E JniHttpHelper: 	at com.android.okhttp.internal.http.HttpEngine.sendRequest(HttpEngine.java:232)
06-11 10:45:44.449  6058  6220 E JniHttpHelper: 	at com.android.okhttp.internal.huc.HttpURLConnectionImpl.execute(HttpURLConnectionImpl.java:465)
06-11 10:45:44.449  6058  6220 E JniHttpHelper: 	at com.android.okhttp.internal.huc.HttpURLConnectionImpl.connect(HttpURLConnectionImpl.java:131)
06-11 10:45:44.449  6058  6220 E JniHttpHelper: 	at com.earthengine.minimalglobe.JniHttpHelper.httpGet(JniHttpHelper.java:52)
06-11 10:45:44.449  6058  6220 I QMTerrain: httpGet bridge: 0 bytes
06-11 10:45:44.449  6058  6220 I QMTerrain: requestTile: z=11 x=1630 y=1359 body=0 canceled=0
06-11 10:45:44.449  6058  6220 I QMTerrain: httpGet ENTER: http://192.168.1.6:8091/11/1630/685.terrain
06-11 10:45:44.449  6058  6220 I AndroidBridge: androidHttpGet: env=0xb400007a7da11300 gJniHttpHelperClass=0x30a6 gHttpGetMethod=0x1 url=http://192.168.1.6:8091/11/1630/685.terrain
06-11 10:45:44.449  6058  6220 I JniHttpHelper: httpGet called: http://192.168.1.6:8091/11/1630/685.terrain
06-11 10:45:44.450  6058  6224 E JniHttpHelper: HTTP GET failed: http://192.168.1.6:8091/11/1630/686.terrain
06-11 10:45:44.450  6058  6224 E JniHttpHelper: java.net.ConnectException: Failed to connect to /192.168.1.6:8091
06-11 10:45:44.450  6058  6224 E JniHttpHelper: 	at com.android.okhttp.internal.io.RealConnection.connectSocket(RealConnection.java:147)
06-11 10:45:44.450  6058  6224 E JniHttpHelper: 	at com.android.okhttp.internal.io.RealConnection.connect(RealConnection.java:116)
06-11 10:45:44.450  6058  6224 E JniHttpHelper: 	at com.android.okhttp.internal.http.StreamAllocation.findConnection(StreamAllocation.java:186)
06-11 10:45:44.450  6058  6224 E JniHttpHelper: 	at com.android.okhttp.internal.http.StreamAllocation.findHealthyConnection(StreamAllocation.java:128)
06-11 10:45:44.450  6058  6224 E JniHttpHelper: 	at com.android.okhttp.internal.http.StreamAllocation.newStream(StreamAllocation.java:97)
06-11 10:45:44.450  6058  6224 E JniHttpHelper: 	at com.android.okhttp.internal.http.HttpEngine.connect(HttpEngine.java:289)
06-11 10:45:44.450  6058  6224 E JniHttpHelper: 	at com.android.okhttp.internal.http.HttpEngine.sendRequest(HttpEngine.java:232)
06-11 10:45:44.450  6058  6224 E JniHttpHelper: 	at com.android.okhttp.internal.huc.HttpURLConnectionImpl.execute(HttpURLConnectionImpl.java:465)
06-11 10:45:44.450  6058  6224 E JniHttpHelper: 	at com.android.okhttp.internal.huc.HttpURLConnectionImpl.connect(HttpURLConnectionImpl.java:131)
06-11 10:45:44.450  6058  6224 E JniHttpHelper: 	at com.earthengine.minimalglobe.JniHttpHelper.httpGet(JniHttpHelper.java:52)
06-11 10:45:44.450  6058  6224 I QMTerrain: httpGet bridge: 0 bytes
06-11 10:45:44.450  6058  6224 I QMTerrain: requestTile: z=11 x=1630 y=1361 body=0 canceled=0
06-11 10:45:44.450  6058  6224 I QMTerrain: httpGet ENTER: http://192.168.1.6:8091/11/1630/684.terrain
06-11 10:45:44.451  6058  6224 I AndroidBridge: androidHttpGet: env=0xb400007a7da11a00 gJniHttpHelperClass=0x30a6 gHttpGetMethod=0x1 url=http://192.168.1.6:8091/11/1630/684.terrain
06-11 10:45:44.451  6058  6224 I JniHttpHelper: httpGet called: http://192.168.1.6:8091/11/1630/684.terrain
06-11 10:45:44.454  3189  4464 D TheiaCpuHighLoad: Not cpu high load:93
06-11 10:45:44.454  6058  6225 E JniHttpHelper: HTTP GET failed: http://192.168.1.6:8091/11/1629/689.terrain
06-11 10:45:44.454  6058  6225 E JniHttpHelper: java.net.ConnectException: Failed to connect to /192.168.1.6:8091
06-11 10:45:44.454  6058  6225 E JniHttpHelper: 	at com.android.okhttp.internal.io.RealConnection.connectSocket(RealConnection.java:147)
06-11 10:45:44.454  6058  6225 E JniHttpHelper: 	at com.android.okhttp.internal.io.RealConnection.connect(RealConnection.java:116)
06-11 10:45:44.454  6058  6225 E JniHttpHelper: 	at com.android.okhttp.internal.http.StreamAllocation.findConnection(StreamAllocation.java:186)
06-11 10:45:44.454  6058  6225 E JniHttpHelper: 	at com.android.okhttp.internal.http.StreamAllocation.findHealthyConnection(StreamAllocation.java:128)
06-11 10:45:44.454  6058  6225 E JniHttpHelper: 	at com.android.okhttp.internal.http.StreamAllocation.newStream(StreamAllocation.java:97)
06-11 10:45:44.454  6058  6225 E JniHttpHelper: 	at com.android.okhttp.internal.http.HttpEngine.connect(HttpEngine.java:289)
06-11 10:45:44.454  6058  6225 E JniHttpHelper: 	at com.android.okhttp.internal.http.HttpEngine.sendRequest(HttpEngine.java:232)
06-11 10:45:44.454  6058  6225 E JniHttpHelper: 	at com.android.okhttp.internal.huc.HttpURLConnectionImpl.execute(HttpURLConnectionImpl.java:465)
06-11 10:45:44.454  6058  6225 E JniHttpHelper: 	at com.android.okhttp.internal.huc.HttpURLConnectionImpl.connect(HttpURLConnectionImpl.java:131)
06-11 10:45:44.454  6058  6225 E JniHttpHelper: 	at com.earthengine.minimalglobe.JniHttpHelper.httpGet(JniHttpHelper.java:52)
06-11 10:45:44.454  3189  4464 I OplusCpuLimitManager: OplusCpuHighLoad: newLoadLevel=1, newMngLevel=1, (nl_load=1, nl_thermal=1, nl_scene=1), curMngLevel=1, CL=0, curWinCL=0, curShortWinCL= 0, latestCL=93, latestThermalLevel=5, expHlScene=false
06-11 10:45:44.454  6058  6225 I QMTerrain: httpGet bridge: 0 bytes
06-11 10:45:44.454  6058  6225 I QMTerrain: requestTile: z=11 x=1629 y=1358 body=0 canceled=0
06-11 10:45:44.455  6058  6213 E JniHttpHelper: HTTP GET failed: http://192.168.1.6:8091/11/1629/685.terrain
06-11 10:45:44.455  6058  6213 E JniHttpHelper: java.net.ConnectException: Failed to connect to /192.168.1.6:8091
06-11 10:45:44.455  6058  6213 E JniHttpHelper: 	at com.android.okhttp.internal.io.RealConnection.connectSocket(RealConnection.java:147)
06-11 10:45:44.455  6058  6213 E JniHttpHelper: 	at com.android.okhttp.internal.io.RealConnection.connect(RealConnection.java:116)
06-11 10:45:44.455  6058  6213 E JniHttpHelper: 	at com.android.okhttp.internal.http.StreamAllocation.findConnection(StreamAllocation.java:186)
06-11 10:45:44.455  6058  6213 E JniHttpHelper: 	at com.android.okhttp.internal.http.StreamAllocation.findHealthyConnection(StreamAllocation.java:128)
06-11 10:45:44.455  6058  6213 E JniHttpHelper: 	at com.android.okhttp.internal.http.StreamAllocation.newStream(StreamAllocation.java:97)
06-11 10:45:44.455  6058  6213 E JniHttpHelper: 	at com.android.okhttp.internal.http.HttpEngine.connect(HttpEngine.java:289)
06-11 10:45:44.455  6058  6213 E JniHttpHelper: 	at com.android.okhttp.internal.http.HttpEngine.sendRequest(HttpEngine.java:232)
06-11 10:45:44.455  6058  6213 E JniHttpHelper: 	at com.android.okhttp.internal.huc.HttpURLConnectionImpl.execute(HttpURLConnectionImpl.java:465)
06-11 10:45:44.455  6058  6213 E JniHttpHelper: 	at com.android.okhttp.internal.huc.HttpURLConnectionImpl.connect(HttpURLConnectionImpl.java:131)
06-11 10:45:44.455  6058  6213 E JniHttpHelper: 	at com.earthengine.minimalglobe.JniHttpHelper.httpGet(JniHttpHelper.java:52)
06-11 10:45:44.455  6058  6213 I QMTerrain: httpGet bridge: 0 bytes
06-11 10:45:44.455  6058  6213 I QMTerrain: requestTile: z=11 x=1629 y=1362 body=0 canceled=0
06-11 10:45:44.455  6058  6219 E JniHttpHelper: HTTP GET failed: http://192.168.1.6:8091/11/1629/688.terrain
06-11 10:45:44.455  6058  6219 E JniHttpHelper: java.net.ConnectException: Failed to connect to /192.168.1.6:8091
06-11 10:45:44.455  6058  6219 E JniHttpHelper: 	at com.android.okhttp.internal.io.RealConnection.connectSocket(RealConnection.java:147)
06-11 10:45:44.455  6058  6219 E JniHttpHelper: 	at com.android.okhttp.internal.io.RealConnection.connect(RealConnection.java:116)
06-11 10:45:44.455  6058  6219 E JniHttpHelper: 	at com.android.okhttp.internal.http.StreamAllocation.findConnection(StreamAllocation.java:186)
06-11 10:45:44.455  6058  6219 E JniHttpHelper: 	at com.android.okhttp.internal.http.StreamAllocation.findHealthyConnection(StreamAllocation.java:128)
06-11 10:45:44.455  6058  6219 E JniHttpHelper: 	at com.android.okhttp.internal.http.StreamAllocation.newStream(StreamAllocation.java:97)
06-11 10:45:44.455  6058  6219 E JniHttpHelper: 	at com.android.okhttp.internal.http.HttpEngine.connect(HttpEngine.java:289)
06-11 10:45:44.455  6058  6219 E JniHttpHelper: 	at com.android.okhttp.internal.http.HttpEngine.sendRequest(HttpEngine.java:232)
06-11 10:45:44.455  6058  6219 E JniHttpHelper: 	at com.android.okhttp.internal.huc.HttpURLConnectionImpl.execute(HttpURLConnectionImpl.java:465)
06-11 10:45:44.455  6058  6219 E JniHttpHelper: 	at com.android.okhttp.internal.huc.HttpURLConnectionImpl.connect(HttpURLConnectionImpl.java:131)
06-11 10:45:44.455  6058  6219 E JniHttpHelper: 	at com.earthengine.minimalglobe.JniHttpHelper.httpGet(JniHttpHelper.java:52)
06-11 10:45:44.455  6058  6219 I QMTerrain: httpGet bridge: 0 bytes
06-11 10:45:44.455  6058  6219 I QMTerrain: requestTile: z=11 x=1629 y=1359 body=0 canceled=0
06-11 10:45:44.456  6058  6223 E JniHttpHelper: HTTP GET failed: http://192.168.1.6:8091/11/1630/687.terrain
06-11 10:45:44.456  6058  6223 E JniHttpHelper: java.net.ConnectException: Failed to connect to /192.168.1.6:8091
06-11 10:45:44.456  6058  6223 E JniHttpHelper: 	at com.android.okhttp.internal.io.RealConnection.connectSocket(RealConnection.java:147)
06-11 10:45:44.456  6058  6223 E JniHttpHelper: 	at com.android.okhttp.internal.io.RealConnection.connect(RealConnection.java:116)
06-11 10:45:44.456  6058  6223 E JniHttpHelper: 	at com.android.okhttp.internal.http.StreamAllocation.findConnection(StreamAllocation.java:186)
06-11 10:45:44.456  6058  6223 E JniHttpHelper: 	at com.android.okhttp.internal.http.StreamAllocation.findHealthyConnection(StreamAllocation.java:128)
06-11 10:45:44.456  6058  6223 E JniHttpHelper: 	at com.android.okhttp.internal.http.StreamAllocation.newStream(StreamAllocation.java:97)
06-11 10:45:44.456  6058  6223 E JniHttpHelper: 	at com.android.okhttp.internal.http.HttpEngine.connect(HttpEngine.java:289)
06-11 10:45:44.456  6058  6223 E JniHttpHelper: 	at com.android.okhttp.internal.http.HttpEngine.sendRequest(HttpEngine.java:232)
06-11 10:45:44.456  6058  6223 E JniHttpHelper: 	at com.android.okhttp.internal.huc.HttpURLConnectionImpl.execute(HttpURLConnectionImpl.java:465)
06-11 10:45:44.456  6058  6223 E JniHttpHelper: 	at com.android.okhttp.internal.huc.HttpURLConnectionImpl.connect(HttpURLConnectionImpl.java:131)
06-11 10:45:44.456  6058  6223 E JniHttpHelper: 	at com.earthengine.minimalglobe.JniHttpHelper.httpGet(JniHttpHelper.java:52)
06-11 10:45:44.456  6058  6223 I QMTerrain: httpGet bridge: 0 bytes
06-11 10:45:44.456  6058  6223 I QMTerrain: requestTile: z=11 x=1630 y=1360 body=0 canceled=0
06-11 10:45:44.457  6058  6222 E JniHttpHelper: HTTP GET failed: http://192.168.1.6:8091/11/1629/686.terrain
06-11 10:45:44.457  6058  6222 E JniHttpHelper: java.net.ConnectException: Failed to connect to /192.168.1.6:8091
06-11 10:45:44.457  6058  6222 E JniHttpHelper: 	at com.android.okhttp.internal.io.RealConnection.connectSocket(RealConnection.java:147)
06-11 10:45:44.457  6058  6222 E JniHttpHelper: 	at com.android.okhttp.internal.io.RealConnection.connect(RealConnection.java:116)
06-11 10:45:44.457  6058  6222 E JniHttpHelper: 	at com.android.okhttp.internal.http.StreamAllocation.findConnection(StreamAllocation.java:186)
06-11 10:45:44.457  6058  6222 E JniHttpHelper: 	at com.android.okhttp.internal.http.StreamAllocation.findHealthyConnection(StreamAllocation.java:128)
06-11 10:45:44.457  6058  6222 E JniHttpHelper: 	at com.android.okhttp.internal.http.StreamAllocation.newStream(StreamAllocation.java:97)
06-11 10:45:44.457  6058  6222 E JniHttpHelper: 	at com.android.okhttp.internal.http.HttpEngine.connect(HttpEngine.java:289)
06-11 10:45:44.457  6058  6222 E JniHttpHelper: 	at com.android.okhttp.internal.http.HttpEngine.sendRequest(HttpEngine.java:232)
06-11 10:45:44.457  6058  6222 E JniHttpHelper: 	at com.android.okhttp.internal.huc.HttpURLConnectionImpl.execute(HttpURLConnectionImpl.java:465)
06-11 10:45:44.457  6058  6222 E JniHttpHelper: 	at com.android.okhttp.internal.huc.HttpURLConnectionImpl.connect(HttpURLConnectionImpl.java:131)
06-11 10:45:44.457  6058  6222 E JniHttpHelper: 	at com.earthengine.minimalglobe.JniHttpHelper.httpGet(JniHttpHelper.java:52)
06-11 10:45:44.457  6058  6221 E JniHttpHelper: HTTP GET failed: http://192.168.1.6:8091/11/1629/687.terrain
06-11 10:45:44.457  6058  6221 E JniHttpHelper: java.net.ConnectException: Failed to connect to /192.168.1.6:8091
06-11 10:45:44.457  6058  6221 E JniHttpHelper: 	at com.android.okhttp.internal.io.RealConnection.connectSocket(RealConnection.java:147)
06-11 10:45:44.457  6058  6221 E JniHttpHelper: 	at com.android.okhttp.internal.io.RealConnection.connect(RealConnection.java:116)
06-11 10:45:44.457  6058  6221 E JniHttpHelper: 	at com.android.okhttp.internal.http.StreamAllocation.findConnection(StreamAllocation.java:186)
06-11 10:45:44.457  6058  6221 E JniHttpHelper: 	at com.android.okhttp.internal.http.StreamAllocation.findHealthyConnection(StreamAllocation.java:128)
06-11 10:45:44.457  6058  6221 E JniHttpHelper: 	at com.android.okhttp.internal.http.StreamAllocation.newStream(StreamAllocation.java:97)
06-11 10:45:44.457  6058  6221 E JniHttpHelper: 	at com.android.okhttp.internal.http.HttpEngine.connect(HttpEngine.java:289)
06-11 10:45:44.457  6058  6221 E JniHttpHelper: 	at com.android.okhttp.internal.http.HttpEngine.sendRequest(HttpEngine.java:232)
06-11 10:45:44.457  6058  6221 E JniHttpHelper: 	at com.android.okhttp.internal.huc.HttpURLConnectionImpl.execute(HttpURLConnectionImpl.java:465)
06-11 10:45:44.457  6058  6221 E JniHttpHelper: 	at com.android.okhttp.internal.huc.HttpURLConnectionImpl.connect(HttpURLConnectionImpl.java:131)
06-11 10:45:44.457  6058  6221 E JniHttpHelper: 	at com.earthengine.minimalglobe.JniHttpHelper.httpGet(JniHttpHelper.java:52)
06-11 10:45:44.457  6058  6145 D OplusScrollToTopManager: com.earthengine.minimalglobe/com.earthengine.minimalglobe.MainActivity,This com.android.internal.policy.DecorView{2565867 V.E...... R....... 0,0-1240,2772 alpha=1.0 viewInfo = }[MainActivity] change focus to true
06-11 10:45:44.458  6058  6221 I QMTerrain: httpGet bridge: 0 bytes
06-11 10:45:44.458  6058  6221 I QMTerrain: requestTile: z=11 x=1629 y=1360 body=0 canceled=0
06-11 10:45:44.458  6058  6222 I QMTerrain: httpGet bridge: 0 bytes
06-11 10:45:44.458  6058  6222 I QMTerrain: requestTile: z=11 x=1629 y=1361 body=0 canceled=0
06-11 10:45:44.465  1667 15952 I sensors-hal: handle_oplus_wise_rgb_event:230, wise_rgb:algo_type = 3
06-11 10:45:44.465  1667 15952 I sensors-hal: handle_oplus_wise_rgb_event:285, wise_rgb: raw_lux 494.669373, raw_cct 6478.143066, r/g/b/c: 39908.222656/34923.281250/19954.300781/88500.023438, R/G/B: 0.000000/0.000000/0.000000, brl 1529.000000, lux: 494.669373, cct: 6478.143066, ts 243341783007406, cnt 7376
06-11 10:45:44.471  3189  4464 I OplusCpuLimitManager: OplusDex2oatCpuset: Get dex2oat pid more than limit times
06-11 10:45:44.482  3189  5627 W ContentProviderHelper: Permission Denial: opening provider androidx.core.content.FileProvider from ProcessRecord{ddf9226 24785:com.tencent.android.qqdownloader/u0a370} (pid=24785, uid=10370) that is not exported from UID 1027
06-11 10:45:44.482  5227  5755 I m.heytap.market: Explicit concurrent mark compact GC freed 80KB AllocSpace bytes, 0(0B) LOS objects, 28% free,10104KB(M:8136KB,L:1968KB)/13MB, paused 1.628ms,4.271ms total 146.458ms
06-11 10:45:44.483  5227  5753 I m.heytap.market: WaitForGcToComplete blocked Explicit on Explicit for 1.884s
06-11 10:45:44.484  5227  5893 I m.heytap.market: Waiting for a blocking GC Explicit
06-11 10:45:44.484  5227  5916 I m.heytap.market: Waiting for a blocking GC Explicit
06-11 10:45:44.484  5227  6543 I m.heytap.market: Waiting for a blocking GC Explicit
06-11 10:45:44.485  5227  6544 I m.heytap.market: Waiting for a blocking GC Explicit
06-11 10:45:44.525  3189  3210 I system_server: Background concurrent mark compact GC freed 80MB AllocSpace bytes, 75(2248KB) LOS objects, 39% free,144MB(M:137MB,L:7132KB)/240MB, paused 5.198ms,7.133ms total 1.978s
06-11 10:45:44.536  3189  3212 W System  : A resource failed to call close. 
06-11 10:45:44.540  3189  3212 W System  : A resource failed to call release. 
06-11 10:45:44.544  3189  3765 V AlarmManager: sending alarm Alarm{e26a77b type 1 origWhen 1781145944543 whenElapsed 243341870 android} uid 1000 whenElapsed 243341870 windowLength 0 maxWhenElapsed 243341870 repeatInterval 0 action null component null tag StorgaeBandInfoAlarmTag flags 0x9 procName system_server
06-11 10:45:44.544  3189 27614 E OplusStorageUFSBandwidth: storage_io_metrics_path is /proc/oplus_storage/io_metrics/forever/
06-11 10:45:44.545  3189 27614 E OplusStorageUFSBandwidth: Bandwidth - Read: 1.50 MB/s, Write: 5.99 MB/s
06-11 10:45:44.545  3189 27614 E OplusStorageUFSBandwidth: Task time: 1ms
06-11 10:45:44.547  3189 27614 E OplusStorageUFSBandwidth: Alarm set to trigger in 10 seconds
06-11 10:45:44.589  3189  3338 D VRR [OPlusSAManager]: updateAutoMinfps for 4630946283567114626 with nits: 138.16127, mHistOK true, mAmbientOK true, mCctOK true, mIrOK true, mBrightnessOK true, isPkgOK true, SA min fps: 2
06-11 10:45:44.590  1877  2465 I VRR-[OPlusRefreshRateSelector]: updateAutoMode success, display 0, mode 0, fakeframe 0, min fps: 2
06-11 10:45:44.594  1699  1958 I SDM     : DisplayBuiltIn::SetQSyncMode: VRR + qsync minfps change to: 12615810 00C08082
06-11 10:45:44.594  1699  1958 I SDM     : HWDeviceDRM::OPlusSetQSyncMinFps: VRR +  OPlusSetQSyncMinFps: 12615810
06-11 10:45:44.594  1699  1958 I SDM     : HWDeviceDRM::OPlusSetQSyncMinFpsUpdate: VRR +  OPlusSetQSyncMinFpsUpdate: 1
06-11 10:45:44.594  1699  1958 I SDM     : HWDeviceDRM::OPlusGetQSyncMinFps: VRR +  OPlusGetQSyncMinFps: 12615810
06-11 10:45:44.594  1699  1958 I SDM     : DisplayBuiltIn::SetQSyncMode: VRR + update qsync mode 0 minfps 00C08082
06-11 10:45:44.594  1699  1958 I SDM     : HWDeviceDRM::OPlusIsQSyncMinFpsForAuto: VRR +  OPlusIsQSyncMinFpsForAuto: 1
06-11 10:45:44.594  1699  1958 I SDM     : DisplayBuiltIn::SetQSyncMode: VRR + needs_avr_update_ 0
06-11 10:45:44.595  1699  1958 I SDM     : DisplayBuiltIn::SetQSyncMode: Qsync mode set to 0 successfully
06-11 10:45:44.596  1699  1966 I SDM     : HWDeviceDRM::OPlusGetQSyncMinFpsUpdate: VRR +  OPlusGetQSyncMinFpsUpdate: 1
06-11 10:45:44.596  1699  1966 I SDM     : HWDeviceDRM::OPlusIsQSyncMinFpsForAuto: VRR +  OPlusIsQSyncMinFpsForAuto: 1
06-11 10:45:44.596  1699  1966 I SDM     : HWDeviceDRM::OPlusGetQSyncMinFps: VRR +  OPlusGetQSyncMinFps: 12615810
06-11 10:45:44.606 26764 26764 I WeatherS_UpdateWeatherService: mUpdateResultReceiver OnReceive ACTION_UPDATE_COMPLETE
06-11 10:45:44.608 26764 26764 I WeatherS_UpdateWeatherService: onDestroy
06-11 10:45:44.609 26764 26764 I WeatherS_OplusFreezeUtil: cancelFreezeDelay result:false
06-11 10:45:44.615  5227  5753 I m.heytap.market: Explicit concurrent mark compact GC freed 64KB AllocSpace bytes, 0(0B) LOS objects, 28% free,10104KB(M:8136KB,L:1968KB)/13MB, paused 1.462ms,3.022ms total 132.542ms
06-11 10:45:44.616  5227  5893 I m.heytap.market: WaitForGcToComplete blocked Explicit on Explicit for 1.736s
06-11 10:45:44.621  5227  5916 I m.heytap.market: Waiting for a blocking GC Explicit
06-11 10:45:44.621  5227  6543 I m.heytap.market: Waiting for a blocking GC Explicit
06-11 10:45:44.621  5227  6544 I m.heytap.market: Waiting for a blocking GC Explicit
06-11 10:45:44.624 28382 28479 D COSA->COSADBHolder: uni.UNI8E1957F - t: 7 - ut: -1
06-11 10:45:44.624 28382 28479 D COSA->COSADBHolder: tv.danmaku.bili - t: 7 - ut: -1
06-11 10:45:44.624 28382 28479 D COSA->COSADBHolder: tech.xiaoxiang.emily - t: 7 - ut: -1
06-11 10:45:44.624 28382 28479 D COSA->COSADBHolder: space.xinzhi.map - t: 7 - ut: -1
06-11 10:45:44.624 28382 28479 D COSA->COSADBHolder: space.xinzhi.hiko - t: 7 - ut: -1
06-11 10:45:44.624 28382 28479 D COSA->COSADBHolder: space.xinzhi.globe - t: 7 - ut: -1
06-11 10:45:44.624 28382 28479 D COSA->COSADBHolder: space.xinzhi.flutterseek - t: -1 - ut: -1
06-11 10:45:44.624 28382 28479 D COSA->COSADBHolder: space.xinzhi.fishing - t: 7 - ut: -1
06-11 10:45:44.624 28382 28479 D COSA->COSADBHolder: space.xinzhi.cloud - t: 7 - ut: -1
06-11 10:45:44.624 28382 28479 D COSA->COSADBHolder: org.osgearth.androidmvp.test - t: -1 - ut: -1
06-11 10:45:44.624 28382 28479 D COSA->COSADBHolder: org.osgearth.androidmvp - t: -1 - ut: -1
06-11 10:45:44.624 28382 28479 D COSA->COSADBHolder: null - t: -1 - ut: -1
06-11 10:45:44.624 28382 28479 D COSA->COSADBHolder: li.songe.gkd - t: -1 - ut: -1
06-11 10:45:44.624 28382 28479 D COSA->COSADBHolder: im.xingzhe - t: 7 - ut: -1
06-11 10:45:44.624 28382 28479 D COSA->COSADBHolder: im.xingyecamp.mm - t: 7 - ut: -1
06-11 10:45:44.624 28382 28479 D COSA->COSADBHolder: com.zsl.petalearth - t: 7 - ut: -1
06-11 10:45:44.624 28382 28479 D COSA->COSADBHolder: com.zhituxing.yxk - t: 7 - ut: -1
06-11 10:45:44.624 28382 28479 D COSA->COSADBHolder: com.zhihu.android - t: 7 - ut: -1
06-11 10:45:44.624 28382 28479 D COSA->COSADBHolder: com.zdbq.ljtq.ljweather - t: 7 - ut: -1
06-11 10:45:44.624 28382 28479 D COSA->COSADBHolder: com.yuanlue.sportnote - t: 7 - ut: -1
06-11 10:45:44.624 28382 28479 D COSA->COSADBHolder: com.youxiake - t: 7 - ut: -1
06-11 10:45:44.624 28382 28479 D COSA->COSADBHolder: com.youku.phone - t: 7 - ut: -1
06-11 10:45:44.624 28382 28479 D COSA->COSADBHolder: com.ykshengshi.yldr.nearme.gamecenter - t: 8 - ut: -1
06-11 10:45:44.624 28382 28479 D COSA->COSADBHolder: com.yc.knot - t: 7 - ut: -1
06-11 10:45:44.624 28382 28479 D COSA->COSADBHolder: com.xunmeng.pinduoduo - t: 7 - ut: -1
06-11 10:45:44.624 28382 28479 D COSA->COSADBHolder: com.xingin.xhs - t: 7 - ut: -1
06-11 10:45:44.624 28382 28479 D COSA->COSADBHolder: com.ximalaya.ting.android - t: 7 - ut: -1
06-11 10:45:44.624 28382 28479 D COSA->COSADBHolder: com.wuba.zhuanzhuan - t: 7 - ut: -1
06-11 10:45:44.624 28382 28479 D COSA->COSADBHolder: com.wuba - t: 7 - ut: -1
06-11 10:45:44.624 28382 28479 D COSA->COSADBHolder: com.wepie.ivy - t: 7 - ut: -1
06-11 10:45:44.624 28382 28479 D COSA->COSADBHolder: com.unionpay.tsmservice - t: 7 - ut: -1
06-11 10:45:44.624 28382 28479 D COSA->COSADBHolder: com.topgether.sixfoot - t: 7 - ut: -1
06-11 10:45:44.624 28382 28479 D COSA->COSADBHolder: com.tmri.app.main - t: 7 - ut: -1
06-11 10:45:44.624 28382 28479 D COSA->COSADBHolder: com.tencent.wework - t: 7 - ut: -1
06-11 10:45:44.624 28382 28479 D COSA->COSADBHolder: com.tencent.mobileqq - t: 7 - ut: -1
06-11 10:45:44.624 28382 28479 D COSA->COSADBHolder: com.tencent.mm - t: 7 - ut: -1
06-11 10:45:44.624 28382 28479 D COSA->COSADBHolder: com.tencent.map - t: 7 - ut: -1
06-11 10:45:44.624 28382 28479 D COSA->COSADBHolder: com.tencent.android.qqdownloader - t: 7 - ut: -1
06-11 10:45:44.624 28382 28479 D COSA->COSADBHolder: com.ted.number - t: -1 - ut: -1
06-11 10:45:44.624 28382 28479 D COSA->COSADBHolder: com.taptap - t: 7 - ut: -1
06-11 10:45:44.624 28382 28479 D COSA->COSADBHolder: com.taobao.idlefish - t: 7 - ut: -1
06-11 10:45:44.624 28382 28479 D COSA->COSADBHolder: com.ss.android.yumme.video - t: 7 - ut: -1
06-11 10:45:44.624 28382 28479 D COSA->COSADBHolder: com.ss.android.ugc.sicily_cm - t: 7 - ut: -1
06-11 10:45:44.624 28382 28479 D COSA->COSADBHolder: com.ss.android.ugc.livelite - t: 7 - ut: -1
06-11 10:45:44.624 28382 28479 D COSA->COSADBHolder: com.ss.android.ugc.aweme.lite - t: 7 - ut: -1
06-11 10:45:44.624 28382 28479 D COSA->COSADBHolder: com.ss.android.ugc.aweme.hubble - t: 7 - ut: -1
06-11 10:45:44.624 28382 28479 D COSA->COSADBHolder: com.ss.android.ugc.aweme - t: 7 - ut: -1
06-11 10:45:44.624 28382 28479 D COSA->COSADBHolder: com.ss.android.lark - t: 7 - ut: -1
06-11 10:45:44.624 28382 28479 D COSA->COSADBHolder: com.ss.android.auto - t: 7 - ut: -1
06-11 10:45:44.624 28382 28479 D COSA->COSADBHolder: com.ss.android.article.video - t: 7 - ut: -1
06-11 10:45:44.624 28382 28479 D COSA->COSADBHolder: com.ss.android.article.news - t: 7 - ut: -1
06-11 10:45:44.624 28382 28479 D COSA->COSADBHolder: com.sohu.newsclient - t: 7 - ut: -1
06-11 10:45:44.624 28382 28479 D COSA->COSADBHolder: com.sohu.inputmethod.sogouoem - t: 7 - ut: -1
06-11 10:45:44.624 28382 28479 D COSA->COSADBHolder: com.smile.gifmaker - t: 7 - ut: -1
06-11 10:45:44.624 28382 28479 D COSA->COSADBHolder: com.sinovatech.unicom.ui - t: 7 - ut: -1
06-11 10:45:44.624 28382 28479 D COSA->COSADBHolder: com.sina.weibo - t: 7 - ut: -1
06-11 10:45:44.624 28382 28479 D COSA->COSADBHolder: com.shoujihaodwsszr.gkh - t: 7 - ut: -1
06-11 10:45:44.624 28382 28479 D COSA->COSADBHolder: com.sankuai.meituan - t: 7 - ut: -1
06-11 10:45:44.624 28382 28479 D COSA->COSADBHolder: com.roveover.wowo - t: 7 - ut: -1
06-11 10:45:44.624 28382 28479 D COSA->COSADBHolder: com.relax.calm.and - t: 7 - ut: -1
06-11 10:45:44.624 28382 28479 D COSA->COSADBHolder: com.redteamobile.roaming - t: 7 - ut: -1
06-11 10:45:44.624 28382 28479 D COSA->COSADBHolder: com.quark.browser - t: 7 - ut: -1
06-11 10:45:44.624 28382 28479 D COSA->COSADBHolder: com.pingan.paces.ccms - t: 7 - ut: -1
06-11 10:45:44.625 28382 28479 D COSA->COSADBHolder: com.phoenix.read - t: 7 - ut: -1
06-11 10:45:44.625 28382 28479 D COSA->COSADBHolder: com.peachhdplayer.player - t: 7 - ut: -1
06-11 10:45:44.625 28382 28479 D COSA->COSADBHolder: com.ovital.ovitalMap - t: 7 - ut: -1
06-11 10:45:44.625 28382 28479 D COSA->COSADBHolder: com.oppo.store - t: 7 - ut: -1
06-11 10:45:44.625 28382 28479 D COSA->COSADBHolder: com.oppo.instant.local.service - t: -1 - ut: -1
06-11 10:45:44.625 28382 28479 D COSA->COSADBHolder: com.opos.ads - t: 7 - ut: -1
06-11 10:45:44.625 28382 28479 D COSA->COSADBHolder: com.oplus.uiengine - t: 7 - ut: -1
06-11 10:45:44.625 28382 28479 D COSA->COSADBHolder: com.oplus.ttsaccessibilityengine - t: -1 - ut: -1
06-11 10:45:44.625 28382 28479 D COSA->COSADBHolder: com.oplus.tips - t: 7 - ut: -1
06-11 10:45:44.625 28382 28479 D COSA->COSADBHolder: com.oplus.thirdkit - t: 7 - ut: -1
06-11 10:45:44.625 28382 28479 D COSA->COSADBHolder: com.oplus.statistics.rom - t: 7 - ut: -1
06-11 10:45:44.625 28382 28479 D COSA->COSADBHolder: com.oplus.screenshot - t: 7 - ut: -1
06-11 10:45:44.625 28382 28479 D COSA->COSADBHolder: com.oplus.screenrecorder - t: 7 - ut: -1
06-11 10:45:44.625 28382 28479 D COSA->COSADBHolder: com.oplus.sauhelper - t: -1 - ut: -1
06-11 10:45:44.625 28382 28479 D COSA->COSADBHolder: com.oplus.remotecontrol - t: 7 - ut: -1
06-11 10:45:44.625 28382 28479 D COSA->COSADBHolder: com.oplus.play - t: 7 - ut: -1
06-11 10:45:44.625 28382 28479 D COSA->COSADBHolder: com.oplus.phonenoareainquire - t: 7 - ut: -1
06-11 10:45:44.625 28382 28479 D COSA->COSADBHolder: com.oplus.pay - t: 7 - ut: -1
06-11 10:45:44.625 28382 28479 D COSA->COSADBHolder: com.oplus.pantanal.ums - t: 7 - ut: -1
06-11 10:45:44.625 28382 28479 D COSA->COSADBHolder: com.oplus.owork - t: 7 - ut: -1
06-11 10:45:44.625 28382 28479 D COSA->COSADBHolder: com.oplus.ota - t: -1 - ut: -1
06-11 10:45:44.625 28382 28479 D COSA->COSADBHolder: com.oplus.ocar - t: -1 - ut: -1
06-11 10:45:44.625 28382 28479 D COSA->COSADBHolder: com.oplus.metis - t: 7 - ut: -1
06-11 10:45:44.625 28382 28479 D COSA->COSADBHolder: com.oplus.melody - t: 7 - ut: -1
06-11 10:45:44.625 28382 28479 D COSA->COSADBHolder: com.oplus.mediaturbo - t: 7 - ut: -1
06-11 10:45:44.625 28382 28479 D COSA->COSADBHolder: com.oplus.matrix - t: 7 - ut: -1
06-11 10:45:44.625 28382 28479 D COSA->COSADBHolder: com.oplus.linker - t: 7 - ut: -1
06-11 10:45:44.625 28382 28479 D COSA->COSADBHolder: com.oplus.games - t: 7 - ut: -1
06-11 10:45:44.625 28382 28479 D COSA->COSADBHolder: com.oplus.ether - t: 7 - ut: -1
06-11 10:45:44.625 28382 28479 D COSA->COSADBHolder: com.oplus.dmp - t: 7 - ut: -1
06-11 10:45:44.625 28382 28479 D COSA->COSADBHolder: com.oplus.deepthinker - t: 7 - ut: -1
06-11 10:45:44.625 28382 28479 D COSA->COSADBHolder: com.oplus.contentportal - t: 7 - ut: -1
06-11 10:45:44.625 28382 28479 D COSA->COSADBHolder: com.oplus.consumerIRApp - t: 7 - ut: -1
06-11 10:45:44.625 28382 28479 D COSA->COSADBHolder: com.oplus.colorx - t: 7 - ut: -1
06-11 10:45:44.625 28382 28479 D COSA->COSADBHolder: com.oplus.cardigitalkey - t: -1 - ut: -1
06-11 10:45:44.625 28382 28479 D COSA->COSADBHolder: com.oplus.appdetail - t: 7 - ut: -1
06-11 10:45:44.625 28382 28479 D COSA->COSADBHolder: com.oplus.aiwriter - t: 7 - ut: -1
06-11 10:45:44.625 28382 28479 D COSA->COSADBHolder: com.oplus.aiunit - t: 7 - ut: -1
06-11 10:45:44.625 28382 28479 D COSA->COSADBHolder: com.oplus.aimemory - t: 7 - ut: -1
06-11 10:45:44.625 28382 28479 D COSA->COSADBHolder: com.oplus.account - t: 7 - ut: -1
06-11 10:45:44.625 28382 28479 D COSA->COSADBHolder: com.oplus.acc.gac - t: 7 - ut: -1
06-11 10:45:44.625 28382 28479 D COSA->COSADBHolder: com.oneplus.member - t: 7 - ut: -1
06-11 10:45:44.625 28382 28479 D COSA->COSADBHolder: com.oneplus.brickmode - t: 7 - ut: -1
06-11 10:45:44.625 28382 28479 D COSA->COSADBHolder: com.oneplus.bbs - t: 7 - ut: -1
06-11 10:45:44.625 28382 28479 D COSA->COSADBHolder: com.oceansecondnum - t: -1 - ut: -1
06-11 10:45:44.625 28382 28479 D COSA->COSADBHolder: com.oasis.jltx.nearme.gamecenter - t: 8 - ut: -1
06-11 10:45:44.625 28382 28479 D COSA->COSADBHolder: com.nqsky.rmad.dizhiyun - t: 7 - ut: -1
06-11 10:45:44.625 28382 28479 D COSA->COSADBHolder: com.netease.stzb.nearme.gamecenter - t: 8 - ut: -1
06-11 10:45:44.625 28382 28479 D COSA->COSADBHolder: com.netease.dhxy.nearme.gamecenter - t: 8 - ut: -1
06-11 10:45:44.625 28382 28479 D COSA->COSADBHolder: com.nearme.instant.platform - t: 7 - ut: -1
06-11 10:45:44.625 28382 28479 D COSA->COSADBHolder: com.nearme.gamecenter - t: 7 - ut: -1
06-11 10:45:44.625 28382 28479 D COSA->COSADBHolder: com.mss.fire - t: 7 - ut: -1
06-11 10:45:44.625 28382 28479 D COSA->COSADBHolder: com.moji.mjweather - t: 7 - ut: -1
06-11 10:45:44.625 28382 28479 D COSA->COSADBHolder: com.microsoft.appmanager - t: 7 - ut: -1
06-11 10:45:44.625 28382 28479 D COSA->COSADBHolder: com.mcswscdtnov.map - t: 7 - ut: -1
06-11 10:45:44.625 28382 28479 D COSA->COSADBHolder: com.luna.music - t: 7 - ut: -1
06-11 10:45:44.625 28382 28479 D COSA->COSADBHolder: com.lolaage.tbulu.tools - t: 7 - ut: -1
06-11 10:45:44.625 28382 28479 D COSA->COSADBHolder: com.lianjia.beike - t: 7 - ut: -1
06-11 10:45:44.625 28382 28479 D COSA->COSADBHolder: com.lemurbrowser.exts - t: 7 - ut: -1
06-11 10:45:44.625 28382 28479 D COSA->COSADBHolder: com.leihuokeji.qcshop_app - t: 7 - ut: -1
06-11 10:45:44.625 28382 28479 D COSA->COSADBHolder: com.larus.nova - t: 7 - ut: -1
06-11 10:45:44.625 28382 28479 D COSA->COSADBHolder: com.kmxs.reader - t: 7 - ut: -1
06-11 10:45:44.625 28382 28479 D COSA->COSADBHolder: com.jingdong.app.mall - t: 7 - ut: -1
06-11 10:45:44.625 28382 28479 D COSA->COSADBHolder: com.jdcar.jch - t: 7 - ut: -1
06-11 10:45:44.625 28382 28479 D COSA->COSADBHolder: com.immomo.momo - t: 7 - ut: -1
06-11 10:45:44.625 28382 28479 D COSA->COSADBHolder: com.ikang.official - t: 7 - ut: -1
06-11 10:45:44.625 28382 28479 D COSA->COSADBHolder: com.heytap.yoli - t: 7 - ut: -1
06-11 10:45:44.626 28382 28479 D COSA->COSADBHolder: com.heytap.themestore - t: 7 - ut: -1
06-11 10:45:44.626 28382 28479 D COSA->COSADBHolder: com.heytap.speechassist - t: 7 - ut: -1
06-11 10:45:44.626 28382 28479 D COSA->COSADBHolder: com.heytap.reader - t: 7 - ut: -1
06-11 10:45:44.626 28382 28479 D COSA->COSADBHolder: com.heytap.quicksearchbox - t: 7 - ut: -1
06-11 10:45:44.626 28382 28479 D COSA->COSADBHolder: com.heytap.pictorial - t: 7 - ut: -1
06-11 10:45:44.626 28382 28479 D COSA->COSADBHolder: com.heytap.opluscarlink - t: 7 - ut: -1
06-11 10:45:44.626 28382 28479 D COSA->COSADBHolder: com.heytap.openid - t: 7 - ut: -1
06-11 10:45:44.626 28382 28479 D COSA->COSADBHolder: com.heytap.music - t: 7 - ut: -1
06-11 10:45:44.626 28382 28479 D COSA->COSADBHolder: com.heytap.mcs - t: 7 - ut: -1
06-11 10:45:44.626 28382 28479 D COSA->COSADBHolder: com.heytap.market - t: 7 - ut: -1
06-11 10:45:44.626 28382 28479 D COSA->COSADBHolder: com.heytap.htms - t: 7 - ut: -1
06-11 10:45:44.626 28382 28479 D COSA->COSADBHolder: com.heytap.health - t: 7 - ut: -1
06-11 10:45:44.626 28382 28479 D COSA->COSADBHolder: com.heytap.cloud - t: 7 - ut: -1
06-11 10:45:44.626 28382 28479 D COSA->COSADBHolder: com.heytap.browser - t: 7 - ut: -1
06-11 10:45:44.626 28382 28479 D COSA->COSADBHolder: com.heytap.accessory - t: 7 - ut: -1
06-11 10:45:44.626 28382 28479 D COSA->COSADBHolder: com.heweather.weatherapp - t: 7 - ut: -1
06-11 10:45:44.626 28382 28479 D COSA->COSADBHolder: com.hero.dna.nearme.gamecenter - t: 8 - ut: -1
06-11 10:45:44.626 28382 28479 D COSA->COSADBHolder: com.gzhg.sgwdsh.nearme.gamecenter - t: 8 - ut: -1
06-11 10:45:44.626 28382 28479 D COSA->COSADBHolder: com.greenpoint.android.mc10086.activity - t: 7 - ut: -1
06-11 10:45:44.626 28382 28479 D COSA->COSADBHolder: com.google.ar.core - t: 7 - ut: -1
06-11 10:45:44.626 28382 28479 D COSA->COSADBHolder: com.google.android.webview - t: 7 - ut: -1
06-11 10:45:44.626 28382 28479 D COSA->COSADBHolder: com.google.android.marvin.talkback - t: 7 - ut: -1
06-11 10:45:44.626 28382 28479 D COSA->COSADBHolder: com.google.android.gms - t: 7 - ut: -1
06-11 10:45:44.626 28382 28479 D COSA->COSADBHolder: com.globe.poc - t: -1 - ut: -1
06-11 10:45:44.626 28382 28479 D COSA->COSADBHolder: com.github.metacubex.clash.meta - t: -1 - ut: -1
06-11 10:45:44.626 28382 28479 D COSA->COSADBHolder: com.github.kr328.clash - t: 7 - ut: -1
06-11 10:45:44.626 28382 28479 D COSA->COSADBHolder: com.future.landscape - t: 7 - ut: -1
06-11 10:45:44.626 28382 28479 D COSA->COSADBHolder: com.future.compass - t: 7 - ut: -1
06-11 10:45:44.626 28382 28479 D COSA->COSADBHolder: com.finshell.wallet - t: 7 - ut: -1
06-11 10:45:44.626 28382 28479 D COSA->COSADBHolder: com.fido.fido2client - t: 7 - ut: -1
06-11 10:45:44.626 28382 28479 D COSA->COSADBHolder: com.example.webview_demo - t: -1 - ut: -1
06-11 10:45:44.626 28382 28479 D COSA->COSADBHolder: com.example.gnsssatdemo - t: -1 - ut: -1
06-11 10:45:44.626 28382 28479 D COSA->COSADBHolder: com.example.findmapbox - t: 7 - ut: -1
06-11 10:45:44.626 28382 28479 D COSA->COSADBHolder: com.example.cesiumpoc.native_demo - t: -1 - ut: -1
06-11 10:45:44.626 28382 28479 D COSA->COSADBHolder: com.example.cesiumpoc.cesium_native_android_poc - t: -1 - ut: -1
06-11 10:45:44.626 28382 28479 D COSA->COSADBHolder: com.eg.android.AlipayGphone - t: 7 - ut: -1
06-11 10:45:44.626 28382 28479 D COSA->COSADBHolder: com.earthmd - t: -1 - ut: -1
06-11 10:45:44.626 28382 28479 D COSA->COSADBHolder: com.earthengine.minimalglobe - t: -1 - ut: -1
06-11 10:45:44.626 28382 28479 D COSA->COSADBHolder: com.earth.bdspace - t: 7 - ut: -1
06-11 10:45:44.626 28382 28479 D COSA->COSADBHolder: com.dz.hmjc - t: 7 - ut: -1
06-11 10:45:44.626 28382 28479 D COSA->COSADBHolder: com.dragon.read - t: 7 - ut: -1
06-11 10:45:44.626 28382 28479 D COSA->COSADBHolder: com.deepseek.chat - t: 7 - ut: -1
06-11 10:45:44.626 28382 28479 D COSA->COSADBHolder: com.coze.space - t: 7 - ut: -1
06-11 10:45:44.626 28382 28479 D COSA->COSADBHolder: com.coloros.weather2 - t: 7 - ut: -1
06-11 10:45:44.626 28382 28479 D COSA->COSADBHolder: com.coloros.weather.service - t: 7 - ut: -1
06-11 10:45:44.626 28382 28479 D COSA->COSADBHolder: com.coloros.translate.engine - t: 7 - ut: -1
06-11 10:45:44.626 28382 28479 D COSA->COSADBHolder: com.coloros.translate - t: 7 - ut: -1
06-11 10:45:44.626 28382 28479 D COSA->COSADBHolder: com.coloros.soundrecorder - t: 7 - ut: -1
06-11 10:45:44.626 28382 28479 D COSA->COSADBHolder: com.coloros.smartsidebar - t: 7 - ut: -1
06-11 10:45:44.626 28382 28479 D COSA->COSADBHolder: com.coloros.shortcuts - t: 7 - ut: -1
06-11 10:45:44.626 28382 28479 D COSA->COSADBHolder: com.coloros.sceneservice - t: 7 - ut: -1
06-11 10:45:44.626 28382 28479 D COSA->COSADBHolder: com.coloros.phonemanager - t: 7 - ut: -1
06-11 10:45:44.626 28382 28479 D COSA->COSADBHolder: com.coloros.oshare - t: 7 - ut: -1
06-11 10:45:44.626 28382 28479 D COSA->COSADBHolder: com.coloros.operationManual - t: 7 - ut: -1
06-11 10:45:44.626 28382 28479 D COSA->COSADBHolder: com.coloros.ocrscanner - t: 7 - ut: -1
06-11 10:45:44.626 28382 28479 D COSA->COSADBHolder: com.coloros.note - t: 7 - ut: -1
06-11 10:45:44.626 28382 28479 D COSA->COSADBHolder: com.coloros.gallery3d - t: 7 - ut: -1
06-11 10:45:44.626 28382 28479 D COSA->COSADBHolder: com.coloros.findmyphone - t: 7 - ut: -1
06-11 10:45:44.626 28382 28479 D COSA->COSADBHolder: com.coloros.filemanager - t: 7 - ut: -1
06-11 10:45:44.626 28382 28479 D COSA->COSADBHolder: com.coloros.favorite - t: 7 - ut: -1
06-11 10:45:44.626 28382 28479 D COSA->COSADBHolder: com.coloros.familyguard - t: 7 - ut: -1
06-11 10:45:44.626 28382 28479 D COSA->COSADBHolder: com.coloros.directui - t: 7 - ut: -1
06-11 10:45:44.626 28382 28479 D COSA->COSADBHolder: com.coloros.digitalwellbeing - t: 7 - ut: -1
06-11 10:45:44.626 28382 28479 D COSA->COSADBHolder: com.coloros.compass2 - t: 7 - ut: -1
06-11 10:45:44.626 28382 28479 D COSA->COSADBHolder: com.coloros.colordirectservice - t: 7 - ut: -1
06-11 10:45:44.626 28382 28479 D COSA->COSADBHolder: com.coloros.codebook - t: 7 - ut: -1
06-11 10:45:44.626 28382 28479 D COSA->COSADBHolder: com.coloros.calendar - t: 7 - ut: -1
06-11 10:45:44.626 28382 28479 D COSA->COSADBHolder: com.coloros.calculator - t: 7 - ut: -1
06-11 10:45:44.626 28382 28479 D COSA->COSADBHolder: com.coloros.backuprestore - t: 7 - ut: -1
06-11 10:45:44.626 28382 28479 D COSA->COSADBHolder: com.coloros.assistantscreen - t: 7 - ut: -1
06-11 10:45:44.626 28382 28479 D COSA->COSADBHolder: com.coloros.alarmclock - t: 7 - ut: -1
06-11 10:45:44.627 28382 28479 D COSA->COSADBHolder: com.coloros.accessibilityassistant - t: 7 - ut: -1
06-11 10:45:44.627 28382 28479 D COSA->COSADBHolder: com.cmlink.esim - t: -1 - ut: -1
06-11 10:45:44.627 28382 28479 D COSA->COSADBHolder: com.citiccard.mobilebank - t: 7 - ut: -1
06-11 10:45:44.627 28382 28479 D COSA->COSADBHolder: com.chinamworld.bocmbci - t: 7 - ut: -1
06-11 10:45:44.627 28382 28479 D COSA->COSADBHolder: com.cat.readall - t: 7 - ut: -1
06-11 10:45:44.627 28382 28479 D COSA->COSADBHolder: com.bendibao - t: 7 - ut: -1
06-11 10:45:44.627 28382 28479 D COSA->COSADBHolder: com.baidu.searchbox - t: 7 - ut: -1
06-11 10:45:44.627 28382 28479 D COSA->COSADBHolder: com.baidu.netdisk - t: 7 - ut: -1
06-11 10:45:44.627 28382 28479 D COSA->COSADBHolder: com.baidu.input_oppo - t: 7 - ut: -1
06-11 10:45:44.627 28382 28479 D COSA->COSADBHolder: com.baidu.carlife.oppo - t: 7 - ut: -1
06-11 10:45:44.627 28382 28479 D COSA->COSADBHolder: com.azure.authenticator - t: 7 - ut: -1
06-11 10:45:44.627 28382 28479 D COSA->COSADBHolder: com.autonavi.minimap - t: 7 - ut: -1
06-11 10:45:44.627 28382 28479 D COSA->COSADBHolder: com.autonavi.gxdtaojin - t: 7 - ut: -1
06-11 10:45:44.627 28382 28479 D COSA->COSADBHolder: com.android.vending - t: 7 - ut: -1
06-11 10:45:44.627 28382 28479 D COSA->COSADBHolder: com.android.mms.service - t: -1 - ut: -1
06-11 10:45:44.627 28382 28479 D COSA->COSADBHolder: com.android.mms - t: 7 - ut: -1
06-11 10:45:44.627 28382 28479 D COSA->COSADBHolder: com.android.email - t: 7 - ut: -1
06-11 10:45:44.627 28382 28479 D COSA->COSADBHolder: com.android.contacts - t: 7 - ut: -1
06-11 10:45:44.627 28382 28479 D COSA->COSADBHolder: com.android.chrome - t: 7 - ut: -1
06-11 10:45:44.627 28382 28479 D COSA->COSADBHolder: com.aliyun.tongyi - t: 7 - ut: -1
06-11 10:45:44.627 28382 28479 D COSA->COSADBHolder: com.alibaba.android.rimet - t: 7 - ut: -1
06-11 10:45:44.627 28382 28479 D COSA->COSADBHolder: com.achievo.vipshop - t: 7 - ut: -1
06-11 10:45:44.627 28382 28479 D COSA->COSADBHolder: com.aaron.grabredpacket - t: 7 - ut: -1
06-11 10:45:44.627 28382 28479 D COSA->COSADBHolder: com.UCMobile - t: 7 - ut: -1
06-11 10:45:44.627 28382 28479 D COSA->COSADBHolder: com.MobileTicket - t: 7 - ut: -1
06-11 10:45:44.627 28382 28479 D COSA->COSADBHolder: com.HaoTuBang.H3DBodyFree - t: 7 - ut: -1
06-11 10:45:44.627 28382 28479 D COSA->COSADBHolder: cn.wps.moffice.lite - t: 7 - ut: -1
06-11 10:45:44.627 28382 28479 D COSA->COSADBHolder: cn.soulapp.android - t: 7 - ut: -1
06-11 10:45:44.627 28382 28479 D COSA->COSADBHolder: cn.happy.heartbeat - t: 7 - ut: -1
06-11 10:45:44.627 28382 28479 D COSA->COSADBHolder: cn.danatech.xingseapp - t: 7 - ut: -1
06-11 10:45:44.627 28382 28479 D COSA->COSADBHolder: cn.TuHu.android - t: 7 - ut: -1
06-11 10:45:44.627 28382 28479 D COSA->COSADBHolder: cmb.pb - t: 7 - ut: -1
06-11 10:45:44.627 28382 28479 D COSA->COSADBHolder: andes.oplus.documentsreader - t: 7 - ut: -1
06-11 10:45:44.627 28382 28479 D COSA->COSADBHolder: air.tv.douyu.android - t: 7 - ut: -1
06-11 10:45:44.642 28382 28479 D COSA->COSADBHolder: DB update size = 235
06-11 10:45:44.648 27947  5761 W LOG_FLOWCTRL: ==LOGS OVER PROC QUOTA(300), rows(388) bytes(49617) com.oplus.games u(0) l(0) t(0) c(0) DROPPED==
06-11 10:45:44.648 27947  5761 I com.oplus.games: Explicit concurrent mark compact GC freed 64KB AllocSpace bytes, 0(0B) LOS objects, 33% free,8204KB(M:6200KB,L:2004KB)/12MB, paused 1.676ms,3.802ms total 136.243ms
06-11 10:45:44.649 27947  5924 I com.oplus.games: WaitForGcToComplete blocked Explicit on Explicit for 1.768s
06-11 10:45:44.649 27947  5925 I com.oplus.games: Waiting for a blocking GC Explicit
06-11 10:45:44.649 27947  6092 I com.oplus.games: Waiting for a blocking GC Explicit
06-11 10:45:44.649 27947  6093 I com.oplus.games: Waiting for a blocking GC Explicit
06-11 10:45:44.651 27947  6356 I com.oplus.games: Waiting for a blocking GC Explicit
06-11 10:45:44.651 27947  6357 I com.oplus.games: Waiting for a blocking GC Explicit
06-11 10:45:44.660 28382 28393 I Quality : GCInfo: com.oplus.cosa,50-14.303s-3.420s-14.727ms-22MB-95MB-5876KB-0B-0-201438.382s,1,0,50-14.303s-3.420s-14.727ms-22MB-95MB-5876KB-0B
06-11 10:45:44.664 28382 28463 I COSA->COSADBHolder: set game list to oiface , com.ykshengshi.yldr.nearme.gamecenter, com.oasis.jltx.nearme.gamecenter, com.netease.stzb.nearme.gamecenter, com.netease.dhxy.nearme.gamecenter, com.hero.dna.nearme.gamecenter, com.gzhg.sgwdsh.nearme.gamecenter
06-11 10:45:44.664  1667 15952 I sensors-hal: handle_oplus_wise_rgb_event:230, wise_rgb:algo_type = 3
06-11 10:45:44.664  1667 15952 I sensors-hal: handle_oplus_wise_rgb_event:285, wise_rgb: raw_lux 496.134399, raw_cct 6439.824219, r/g/b/c: 40065.656250/34972.781250/19894.230469/88612.156250, R/G/B: 0.000000/0.000000/0.000000, brl 1529.000000, lux: 496.134399, cct: 6439.824219, ts 243341982602458, cnt 7377
06-11 10:45:44.665 28382 28463 D COSA->COSADBHolder: setOpenGameListToFW OpenGameListConfig [com.ykshengshi.yldr.nearme.gamecenter, com.oasis.jltx.nearme.gamecenter, com.netease.stzb.nearme.gamecenter, com.netease.dhxy.nearme.gamecenter, com.hero.dna.nearme.gamecenter, com.gzhg.sgwdsh.nearme.gamecenter]
06-11 10:45:44.682 28382 28463 D COSA->GameServiceSyncUtil: [m] syncGameListToGMS
06-11 10:45:44.688  9703 21770 I .quicksearchbox: AssetManager2(0xb40000795cee4d28) locale list changing from [] to [zh-CN]
06-11 10:45:44.689  9703 21770 I .quicksearchbox: AssetManager2(0xb40000795cfad628) locale list changing from [] to [zh-CN]
06-11 10:45:44.690  9703 21770 I .quicksearchbox: AssetManager2(0xb40000795cee4a28) locale list changing from [] to [zh-CN]
06-11 10:45:44.692  9703 21770 I .quicksearchbox: AssetManager2(0xb40000795cee2928) locale list changing from [] to [zh-CN]
06-11 10:45:44.694  9703 21770 I .quicksearchbox: AssetManager2(0xb40000795cee3528) locale list changing from [] to [zh-CN]
06-11 10:45:44.696  9703 21770 I .quicksearchbox: AssetManager2(0xb40000795cee3e28) locale list changing from [] to [zh-CN]
06-11 10:45:44.698  9703 21770 I .quicksearchbox: AssetManager2(0xb40000795cee4428) locale list changing from [] to [zh-CN]
06-11 10:45:44.699  9703 21770 I .quicksearchbox: AssetManager2(0xb40000795cee4128) locale list changing from [] to [zh-CN]
06-11 10:45:44.701  3189  4046 D OAppNetControlService: Hans update:[10307=false][0|0] blackList:[10237, 99910237, 10244]
06-11 10:45:44.701  3189  5627 I OplusHansManager : unfreeze uid: 10307 com.coloros.shortcuts pids: [12138] reason: Provider scene: |StrictMode-1|LcdOn
06-11 10:45:44.701  3189  4433 I OplusHansManager : uid=10307, pkg=com.coloros.shortcuts F exit(), F stay=485, reason=Provider, FrozenActionKeepProxy=false
06-11 10:45:44.701  3189  4441 I OplusHansManager : ua_alarm 10307
06-11 10:45:44.701  3189  4441 D OplusAlarmAdjustment: unalignAlarmsByUid(), uid=10307, pkgName=com.coloros.shortcuts, actions=null, procs=null, requester=1
06-11 10:45:44.702  3189  3763 D OplusAlarmAdjustMap: removeAlignUid, uid=10307, requester=1
06-11 10:45:44.702  3189  6099 I OStatsManager_OplusBatteryStatsManager: updateStateTime: PkgName = com.coloros.shortcuts, uid = 10307, state to bg, mForegroundCnt = 0, isFg = false
06-11 10:45:44.702  3189  4441 I OplusHansManager : up_BtScan: uid 10307 isUnProxy true
06-11 10:45:44.709 12138 12195 D Shortcut.BackgroundMemoryHelper: killBackground delay 2000ms to avoid freeze
06-11 10:45:44.709 12138 12138 D Shortcut.BaseApplication: onTrimMemory level: 40
06-11 10:45:44.710 12138 12138 D ActivityThread: Package [com.earthengine.minimalglobe] reported as REPLACED, but missing application info. Assuming REMOVED.
06-11 10:45:44.710 12138 12138 D ActivityThread: Package [com.earthengine.minimalglobe] reported as REPLACED, but missing application info. Assuming REMOVED.
06-11 10:45:44.710  4639  8246 D CommonApp-194-10602: commonScoreStrategy scenarios 1
06-11 10:45:44.710 12138 15708 D Shortcut.AppDataProvider: query: uri:content://com.coloros.shortcuts.provider/search_suggest_query?limit=2147483647&oplus_query=true&query_all=true projection:null selection:null selectionArgs:null
06-11 10:45:44.710  4639  8246 D CommonApp-194-10602: notifyScoreChange appScene COMMON score 100
06-11 10:45:44.710 12138 15708 I Shortcut.AppDataProvider: query printCallPackageLog matchCode:7 package:com.heytap.quicksearchbox
06-11 10:45:44.710 12138 15708 D Shortcut.BackgroundMemoryHelper: postKillBackgroundDelay() isForeground: false serviceForeground: false  isOverlay:false  delay:180000
06-11 10:45:44.710 12138 15708 D Shortcut.BackgroundMemoryHelper: canKill:true
06-11 10:45:44.711 12138 15708 D Shortcut.SearchShortcutPresenter: query: 
06-11 10:45:44.711 12138 15708 D Shortcut.SearchShortcutPresenter: checkPermission: 
06-11 10:45:44.711 12138 15708 D Shortcut.SearchShortcutPresenter: queryAll: 
06-11 10:45:44.711  4639  8246 D ScorePolicy: handleScoreChanged: []
06-11 10:45:44.711  4639  8246 D ScorePolicy: handleScoreChanged: []
06-11 10:45:44.711  4639  8246 D ScorePolicy: handleScoreChanged: []
06-11 10:45:44.712 12138 15708 D Shortcut.ShortcutTaskRepo: findByShortcutId: 1
06-11 10:45:44.712 12138 15708 D Shortcut.TaskSpecRepo: findById: 24001
06-11 10:45:44.713 12138 15708 D Shortcut.ShortcutTriggerRepo: findByShortcutId: 1
06-11 10:45:44.713 12138 15708 D Shortcut.CardRepo: findById
06-11 10:45:44.714 12138 15708 D Shortcut.ShortcutTaskRepo: findByShortcutId: 2
06-11 10:45:44.714 12138 15708 D Shortcut.TaskSpecRepo: findById: 24002
06-11 10:45:44.714 12138 15708 D Shortcut.ShortcutTriggerRepo: findByShortcutId: 2
06-11 10:45:44.715 12138 15708 D Shortcut.CardRepo: findById
06-11 10:45:44.715 12138 15708 D Shortcut.ShortcutTaskRepo: findByShortcutId: 3
06-11 10:45:44.715 12138 15708 D Shortcut.TaskSpecRepo: findById: 21009
06-11 10:45:44.715 12138 15708 D Shortcut.ShortcutTriggerRepo: findByShortcutId: 3
06-11 10:45:44.715 12138 15708 D Shortcut.TriggerSpecRepo: findById: 10001
06-11 10:45:44.716 12138 15708 D Shortcut.CardRepo: findById
06-11 10:45:44.716 12138 15708 D Shortcut.ShortcutRepo: getAllShortcuts done
06-11 10:45:44.716 12138 15708 D Shortcut.SearchShortcutPresenter: injectShortcutToCursor: 
06-11 10:45:44.720 25296 22077 I AstScreen.PrefUtil: getHasCheckWithGuider 1
06-11 10:45:44.750  5227  5893 I m.heytap.market: Explicit concurrent mark compact GC freed 64KB AllocSpace bytes, 0(0B) LOS objects, 28% free,10104KB(M:8136KB,L:1968KB)/13MB, paused 1.500ms,3.085ms total 134.553ms
06-11 10:45:44.750  5227  5916 I m.heytap.market: WaitForGcToComplete blocked Explicit on Explicit for 1.871s
06-11 10:45:44.751  5227  6543 I m.heytap.market: Waiting for a blocking GC Explicit
06-11 10:45:44.751  5227  6544 I m.heytap.market: Waiting for a blocking GC Explicit
06-11 10:45:44.756  4380  4380 E SmsApplication: com.android.mms lost android:read_cell_broadcasts:  (fixing)
06-11 10:45:44.756  3189  5627 W AppOpService: Ignored setUidMode call for runtime permission app op: uid = 10249, code = READ_CELL_BROADCASTS, mode = allow, callingUid = 1001, oldMode = allow
06-11 10:45:44.759  3189  5627 W AppOpService: Ignored setUidMode call for runtime permission app op: uid = 1001, code = READ_SMS, mode = allow, callingUid = 1001, oldMode = allow
06-11 10:45:44.759  3189  5627 W AppOpService: Ignored setUidMode call for runtime permission app op: uid = 1001, code = RECEIVE_SMS, mode = allow, callingUid = 1001, oldMode = allow
06-11 10:45:44.760  3189  5627 W AppOpService: Ignored setUidMode call for runtime permission app op: uid = 1001, code = RECEIVE_WAP_PUSH, mode = allow, callingUid = 1001, oldMode = allow
06-11 10:45:44.760  3189  5627 W AppOpService: Ignored setUidMode call for runtime permission app op: uid = 1001, code = SEND_SMS, mode = allow, callingUid = 1001, oldMode = allow
06-11 10:45:44.760  3189  5627 W AppOpService: Ignored setUidMode call for runtime permission app op: uid = 1001, code = READ_CELL_BROADCASTS, mode = allow, callingUid = 1001, oldMode = allow
06-11 10:45:44.784 27947  5924 I com.oplus.games: Explicit concurrent mark compact GC freed 64KB AllocSpace bytes, 0(0B) LOS objects, 33% free,8204KB(M:6200KB,L:2004KB)/12MB, paused 1.705ms,4.600ms total 135.720ms
06-11 10:45:44.785 27947  5925 I com.oplus.games: WaitForGcToComplete blocked Explicit on Explicit for 1.904s
06-11 10:45:44.785 27947  6092 I com.oplus.games: Waiting for a blocking GC Explicit
06-11 10:45:44.785 27947  6093 I com.oplus.games: Waiting for a blocking GC Explicit
06-11 10:45:44.785 27947  6356 I com.oplus.games: Waiting for a blocking GC Explicit
06-11 10:45:44.786 27947  6357 I com.oplus.games: Waiting for a blocking GC Explicit
06-11 10:45:44.803  4329  5643 V OplusCustomizeCacheManager: queryCache name: cache_key.system_server.common_customize_cache11011 param: null
06-11 10:45:44.803  4329  5643 V OplusCustomizeCacheManager: queryCache name: cache_key.system_server.common_customize_cache11011 param: null
06-11 10:45:44.822  6058  6112 I ne.minimalglobe: Compiler allocated 7246KB to compile void android.view.ViewRootImpl.performTraversals()
06-11 10:45:44.867  1667 15952 I sensors-hal: handle_oplus_wise_rgb_event:230, wise_rgb:algo_type = 3
06-11 10:45:44.868  1667 15952 I sensors-hal: handle_oplus_wise_rgb_event:285, wise_rgb: raw_lux 507.654236, raw_cct 6434.489746, r/g/b/c: 40004.015625/34892.496094/19788.689453/88932.320312, R/G/B: 0.000000/0.000000/0.000000, brl 1529.000000, lux: 507.654236, cct: 6434.489746, ts 243342181970635, cnt 7378
06-11 10:45:44.876  6140  6279 I ThermalEngine: VIRTUAL-CPU-NSP, Update received trip sensor cpu-1-1 59700
06-11 10:45:44.880  5227  5916 I m.heytap.market: Explicit concurrent mark compact GC freed 64KB AllocSpace bytes, 0(0B) LOS objects, 28% free,10104KB(M:8136KB,L:1968KB)/13MB, paused 1.415ms,3.718ms total 129.470ms
06-11 10:45:44.880  5227  6543 I m.heytap.market: WaitForGcToComplete blocked Explicit on Explicit for 670.906ms
06-11 10:45:44.880  5227  6544 I m.heytap.market: Waiting for a blocking GC Explicit
06-11 10:45:44.918 27947  5925 I com.oplus.games: Explicit concurrent mark compact GC freed 64KB AllocSpace bytes, 0(0B) LOS objects, 33% free,8204KB(M:6200KB,L:2004KB)/12MB, paused 1.567ms,4.318ms total 132.952ms
06-11 10:45:44.918 27947  6092 I com.oplus.games: WaitForGcToComplete blocked Explicit on Explicit for 1.753s
06-11 10:45:44.918 27947  6093 I com.oplus.games: Waiting for a blocking GC Explicit
06-11 10:45:44.919 27947  6356 I com.oplus.games: Waiting for a blocking GC Explicit
06-11 10:45:44.919 27947  6357 I com.oplus.games: Waiting for a blocking GC Explicit
06-11 10:45:44.950  3189  3348 I AppsFilter: interaction: PackageSetting{94e903e com.android.microdroid.empty_payload/10392} -> PackageSetting{12f0adc com.oplus.dmp/10125} BLOCKED
06-11 10:45:44.951  3189  3348 I AppsFilter: interaction: PackageSetting{3d6c549 com.earthengine.minimalglobe/10602} -> PackageSetting{12f0adc com.oplus.dmp/10125} BLOCKED
06-11 10:45:44.951  3189  3348 I AppsFilter: interaction: PackageSetting{b168bec com.oplus.locationproxy/10372} -> PackageSetting{12f0adc com.oplus.dmp/10125} BLOCKED
06-11 10:45:44.951  3189  3348 I AppsFilter: interaction: PackageSetting{bc3abb5 com.android.certinstaller/10211} -> PackageSetting{12f0adc com.oplus.dmp/10125} BLOCKED
06-11 10:45:44.951  3189  3348 I AppsFilter: interaction: PackageSetting{39f724a com.oplus.location/10224} -> PackageSetting{12f0adc com.oplus.dmp/10125} BLOCKED
06-11 10:45:44.951  3189  3348 I AppsFilter: interaction: PackageSetting{ef265bb com.example.gnsssatdemo/10588} -> PackageSetting{12f0adc com.oplus.dmp/10125} BLOCKED
06-11 10:45:44.956  3189  3642 I system_server: AssetManager2(0xb400007972ae2528) locale list changing from [] to [zh-CN]
06-11 10:45:44.959  3189  3818 I system_server: AssetManager2(0xb4000079275a9d28) locale list changing from [] to [zh-CN]
06-11 10:45:44.961  3189  3818 I system_server: AssetManager2(0xb400007926976928) locale list changing from [] to [zh-CN]
06-11 10:45:44.968  3189  3825 I system_server: AssetManager2(0xb4000078f0d3fb28) locale list changing from [] to [zh-CN]
06-11 10:45:44.970  3189  3818 I system_server: AssetManager2(0xb4000079164c1328) locale list changing from [] to [zh-CN]
06-11 10:45:44.970  3189  3263 I system_server: AssetManager2(0xb40000786fbb1428) locale list changing from [] to [zh-CN]
06-11 10:45:44.971  3189  3825 I system_server: AssetManager2(0xb4000078f0d3fe28) locale list changing from [] to [zh-CN]
06-11 10:45:44.972  3189  3825 I system_server: AssetManager2(0xb4000078f0d40728) locale list changing from [] to [zh-CN]
06-11 10:45:44.972  3189  3817 I VibrationEffectConvertor: onInputMethodListUpdated received, info.size = 3
06-11 10:45:44.973  3189  3817 I VibrationEffectConvertor: userid = 0, packageName = com.sohu.inputmethod.sogouoem
06-11 10:45:44.973  3189  3817 I VibrationEffectConvertor: userid = 0, packageName = com.baidu.input_oppo
06-11 10:45:44.973  3189  3817 I VibrationEffectConvertor: userid = 0, packageName = com.oplus.securitykeyboard
06-11 10:45:44.974  3189  3825 I system_server: AssetManager2(0xb40000791621bf28) locale list changing from [] to [zh-CN]
06-11 10:45:44.974  3189  3263 I system_server: AssetManager2(0xb40000786fbb1a28) locale list changing from [] to [zh-CN]
06-11 10:45:44.976  3189  3825 I system_server: AssetManager2(0xb4000079162f8928) locale list changing from [] to [zh-CN]
06-11 10:45:44.977  3189  3825 I system_server: AssetManager2(0xb4000079162f9828) locale list changing from [] to [zh-CN]
06-11 10:45:44.979  3189  3825 I system_server: AssetManager2(0xb4000079162f9e28) locale list changing from [] to [zh-CN]
06-11 10:45:44.980  6140  6279 I ThermalEngine: VIRTUAL-CPU-NSP, Update received trip sensor cpu-1-1 70000
06-11 10:45:44.980  6128  6185 I ostats_tpd: stats_write, records atomId:100100, event_id:860, cpu:3, values: 860-0-1-175-(cpu-1-1)-30-0-1
06-11 10:45:44.981  3189  3825 I system_server: AssetManager2(0xb4000079162fa428) locale list changing from [] to [zh-CN]
06-11 10:45:44.983  3189  3825 I system_server: AssetManager2(0xb4000079162fad28) locale list changing from [] to [zh-CN]
06-11 10:45:44.984  3189  3825 I system_server: AssetManager2(0xb400007915ac0028) locale list changing from [] to [zh-CN]
06-11 10:45:44.985  3189  3263 I system_server: AssetManager2(0xb40000786fb3fe28) locale list changing from [] to [zh-CN]
06-11 10:45:44.986  3189  3825 I system_server: AssetManager2(0xb400007915ac0928) locale list changing from [] to [zh-CN]
06-11 10:45:44.987  3189  3825 I system_server: AssetManager2(0xb400007915ac1828) locale list changing from [] to [zh-CN]
06-11 10:45:44.988  3189  3825 I system_server: AssetManager2(0xb400007915ac1b28) locale list changing from [] to [zh-CN]
06-11 10:45:44.989  3189  3825 I system_server: AssetManager2(0xb400007915ac2a28) locale list changing from [] to [zh-CN]
06-11 10:45:44.990  3189  3825 I system_server: AssetManager2(0xb400007915af8028) locale list changing from [] to [zh-CN]
06-11 10:45:44.992  3189  3263 I system_server: AssetManager2(0xb400007825e7e228) locale list changing from [] to [zh-CN]
06-11 10:45:44.993  3189  3825 I system_server: AssetManager2(0xb400007915af8928) locale list changing from [] to [zh-CN]
06-11 10:45:44.994  3189  3825 I system_server: AssetManager2(0xb400007915af8c28) locale list changing from [] to [zh-CN]
06-11 10:45:44.997  3189  3825 I system_server: AssetManager2(0xb400007915af9228) locale list changing from [] to [zh-CN]
06-11 10:45:44.999  3189  3825 I system_server: AssetManager2(0xb400007915af9828) locale list changing from [] to [zh-CN]
06-11 10:45:45.000  3189  3825 I system_server: AssetManager2(0xb400007915b06c28) locale list changing from [] to [zh-CN]
06-11 10:45:45.003  3189  3825 I system_server: AssetManager2(0xb400007915b06028) locale list changing from [] to [zh-CN]
06-11 10:45:45.005  3189  3263 I system_server: AssetManager2(0xb4000079275a8228) locale list changing from [] to [zh-CN]
06-11 10:45:45.006  3189  3825 I system_server: AssetManager2(0xb400007915b07828) locale list changing from [] to [zh-CN]
06-11 10:45:45.008  3189  3825 I system_server: AssetManager2(0xb400007915b07e28) locale list changing from [] to [zh-CN]
06-11 10:45:45.010  3189  3825 I system_server: AssetManager2(0xb400007915b07528) locale list changing from [] to [zh-CN]
06-11 10:45:45.011  3189  3263 I system_server: AssetManager2(0xb4000079275a9128) locale list changing from [] to [zh-CN]
06-11 10:45:45.012  5227  6543 I m.heytap.market: Explicit concurrent mark compact GC freed 64KB AllocSpace bytes, 0(0B) LOS objects, 28% free,10104KB(M:8136KB,L:1968KB)/13MB, paused 1.555ms,4.006ms total 131.170ms
06-11 10:45:45.012  5227  6544 I m.heytap.market: WaitForGcToComplete blocked Explicit on Explicit for 802.112ms
06-11 10:45:45.014  3189  3263 I system_server: AssetManager2(0xb40000786fbb1d28) locale list changing from [] to [zh-CN]
06-11 10:45:45.018  3189  3263 I system_server: AssetManager2(0xb4000079160c4d28) locale list changing from [] to [zh-CN]
06-11 10:45:45.019  3189  3825 I system_server: AssetManager2(0xb400007915b08728) locale list changing from [] to [zh-CN]
06-11 10:45:45.021  3189  3825 I system_server: AssetManager2(0xb4000078f0cc0228) locale list changing from [] to [zh-CN]
06-11 10:45:45.023  3189  3825 V AccessibilityManagerService: onUserStateChangedLocked for user 0 with forceUpdate: false mEnabledServices = [ComponentInfo{com.oplus.travelengine/com.oplus.travelengine.travelaccessibilityservice.EngineAccessibilityService}] mCrashedServices = [] hasMagnificationConnection=false
06-11 10:45:45.023  3189  3825 W MagnificationConnectionManager: requestConnection duplicated request: connect=false, mConnectionState=DISCONNECTED
06-11 10:45:45.032  3189  3263 I system_server: AssetManager2(0xb4000078c7a2d328) locale list changing from [] to [zh-CN]
06-11 10:45:45.041  3189  4242 D Osense-BaseDecisionMaker: notifyDelayedSceneToPolicy
06-11 10:45:45.046  3189  3263 I system_server: AssetManager2(0xb4000078c7a2df28) locale list changing from [] to [zh-CN]
06-11 10:45:45.051  3189  3263 I system_server: AssetManager2(0xb4000078c7a2dc28) locale list changing from [] to [zh-CN]
06-11 10:45:45.057 27947  6092 I com.oplus.games: Explicit concurrent mark compact GC freed 96KB AllocSpace bytes, 0(0B) LOS objects, 33% free,8204KB(M:6200KB,L:2004KB)/12MB, paused 1.782ms,4.258ms total 139.050ms
06-11 10:45:45.057 27947  6093 I com.oplus.games: WaitForGcToComplete blocked Explicit on Explicit for 1.885s
06-11 10:45:45.058  3189  3263 I system_server: AssetManager2(0xb4000078c7b0d528) locale list changing from [] to [zh-CN]
06-11 10:45:45.059 27947  6356 I com.oplus.games: Waiting for a blocking GC Explicit
06-11 10:45:45.059 27947  6357 I com.oplus.games: Waiting for a blocking GC Explicit
06-11 10:45:45.061  3189  3263 I system_server: AssetManager2(0xb4000078c7b0db28) locale list changing from [] to [zh-CN]
06-11 10:45:45.063  1667 15952 I sensors-hal: handle_oplus_wise_rgb_event:230, wise_rgb:algo_type = 3
06-11 10:45:45.063  1667 15952 I sensors-hal: get_brightness:1652, light_iface: get_brightness, brl 1529, pwm_turbo_on 0/0, hbm_dc 0
06-11 10:45:45.063  1667 15952 I sensors-hal: handle_oplus_wise_rgb_event:285, wise_rgb: raw_lux 512.985352, raw_cct 6382.718750, r/g/b/c: 39880.027344/35158.957031/19727.755859/89191.187500, R/G/B: 0.000000/0.000000/0.000000, brl 1529.000000, lux: 512.985352, cct: 6382.718750, ts 243342381588031, cnt 7379
06-11 10:45:45.071  3189  3263 I system_server: AssetManager2(0xb4000078c7b0e728) locale list changing from [] to [zh-CN]
06-11 10:45:45.074  6140  6279 I ThermalEngine: VIRTUAL-CPU-NSP, Update received trip sensor cpu-1-1 59700
06-11 10:45:45.082  3189  3263 I system_server: AssetManager2(0xb4000078c7b0ea28) locale list changing from [] to [zh-CN]
06-11 10:45:45.090  3189  3263 I system_server: AssetManager2(0xb4000078c7b0ed28) locale list changing from [] to [zh-CN]
06-11 10:45:45.097  3189  3263 I system_server: AssetManager2(0xb4000078c7b86f28) locale list changing from [] to [zh-CN]
06-11 10:45:45.106  3189  3263 I system_server: AssetManager2(0xb4000078c7b0cc28) locale list changing from [] to [zh-CN]
06-11 10:45:45.120  3189  3263 I system_server: AssetManager2(0xb400007874e6e328) locale list changing from [] to [zh-CN]
06-11 10:45:45.128  3189  3263 I system_server: AssetManager2(0xb400007874e6ef28) locale list changing from [] to [zh-CN]
06-11 10:45:45.138  3189  3263 I system_server: AssetManager2(0xb400007874e6fe28) locale list changing from [] to [zh-CN]
06-11 10:45:45.158  3189  3263 I system_server: AssetManager2(0xb40000786fa69728) locale list changing from [] to [zh-CN]
06-11 10:45:45.173  3189  3263 I system_server: AssetManager2(0xb40000786faab928) locale list changing from [] to [zh-CN]
06-11 10:45:45.174  5227  6544 I m.heytap.market: Explicit concurrent mark compact GC freed 64KB AllocSpace bytes, 0(0B) LOS objects, 28% free,10104KB(M:8136KB,L:1968KB)/13MB, paused 1.650ms,5.021ms total 161.775ms
06-11 10:45:45.185  3189  3263 I system_server: AssetManager2(0xb40000786fb3f528) locale list changing from [] to [zh-CN]
06-11 10:45:45.188  3189  3263 W LoadedApk: System took : 236ms in onReceive of class android.content.pm.RegisteredServicesCache$1 for action : android.intent.action.PACKAGE_CHANGED
06-11 10:45:45.211  3189  3263 W Searchables: No web search activity found
06-11 10:45:45.213  3189  3263 W RecognitionServiceInfo: Parse error in getAvailableServices: No android.speech meta-data for com.tencent.android.qqdownloader
06-11 10:45:45.213  3189  3263 W VoiceInteractionManager: no auto selectable voice recognition services found for user 0
06-11 10:45:45.226 27947  6093 I com.oplus.games: Explicit concurrent mark compact GC freed 68KB AllocSpace bytes, 0(0B) LOS objects, 33% free,8200KB(M:6196KB,L:2004KB)/12MB, paused 2.646ms,6.240ms total 168.057ms
06-11 10:45:45.226 27947  6356 I com.oplus.games: WaitForGcToComplete blocked Explicit on Explicit for 1.514s
06-11 10:45:45.227 27947  6357 I com.oplus.games: Waiting for a blocking GC Explicit
06-11 10:45:45.241  1800  1924 D BatteryChargeControl: bcc get no support from charging protocol
06-11 10:45:45.264  1667 15952 I sensors-hal: handle_oplus_wise_rgb_event:230, wise_rgb:algo_type = 3
06-11 10:45:45.264  1667 15952 I sensors-hal: handle_oplus_wise_rgb_event:285, wise_rgb: raw_lux 518.793518, raw_cct 6374.106445, r/g/b/c: 40096.003906/35221.753906/19802.566406/89360.210938, R/G/B: 0.000000/0.000000/0.000000, brl 1529.000000, lux: 518.793518, cct: 6374.106445, ts 243342581268447, cnt 7380
06-11 10:45:45.406 27947  6356 I com.oplus.games: Explicit concurrent mark compact GC freed 64KB AllocSpace bytes, 0(0B) LOS objects, 33% free,8200KB(M:6196KB,L:2004KB)/12MB, paused 2.633ms,5.247ms total 179.748ms
06-11 10:45:45.407 27947  6357 I com.oplus.games: WaitForGcToComplete blocked Explicit on Explicit for 1.693s
06-11 10:45:45.459  3189  5976 V GrammaticalInflectionUtils: AttributionSource: android.content.AttributionSource@f9640dee does not have READ_SYSTEM_GRAMMATICAL_GENDER permission.
06-11 10:45:45.459  3189  5976 D CompatChangeReporter: Compat change id reported: 151861875; UID 10100; state: ENABLED
06-11 10:45:45.462  1667 15952 I sensors-hal: handle_oplus_wise_rgb_event:230, wise_rgb:algo_type = 3
06-11 10:45:45.463  1667 15952 I sensors-hal: handle_oplus_wise_rgb_event:285, wise_rgb: raw_lux 507.954346, raw_cct 6433.413574, r/g/b/c: 40173.304688/35082.257812/19923.042969/89070.132812, R/G/B: 0.000000/0.000000/0.000000, brl 1529.000000, lux: 507.954346, cct: 6433.413574, ts 243342780916624, cnt 7381
06-11 10:45:45.471  1575  1575 D Zygote  : Forked child process 6550
06-11 10:45:45.472  3189  3272 I ActivityManager: Start proc 6550:com.oplus.statistics.rom:pushinfer/u0a100 for content provider {com.oplus.statistics.rom/com.oplus.dcc.ml.infer.multiprocess.PushRemoteInferContentProvider}
06-11 10:45:45.472  3189  3249 I ActivityManager: ProcessObserver broadcast disabled
06-11 10:45:45.472  3189  3610 I MemoryOperationUtils: add 6550 to inactive
06-11 10:45:45.474 25958 26007 I MMKV    : <MMKV_IO.cpp:456::writeActualSize> [mmkv.default] increase sequence to 350526, crc 2159563522, actualSize 769
06-11 10:45:45.481  6550  6550 I s.rom:pushinfer: isSwordfishLaunchAppEnabled_ 1 isSwordfishInstallAppEnabled_ 1
06-11 10:45:45.481  6550  6550 E s.rom:pushinfer: Unknown bits set in runtime_flags: 0x40000000
06-11 10:45:45.482  6550  6550 I s.rom:pushinfer: Using CollectorTypeCMC GC.
06-11 10:45:45.485  6550  6550 E s.rom:pushinfer: Not starting debugger since process cannot load the jdwp agent.
06-11 10:45:45.487  6550  6550 D nativeloader: Load libframework-connectivity-tiramisu-jni.so using APEX ns com_android_tethering for caller /apex/com.android.tethering/javalib/framework-connectivity-t.jar: ok
06-11 10:45:45.490  6550  6550 W libc    : Access denied finding property "persist.vendor.sys.activitylog"
06-11 10:45:45.490  6550  6550 I OneTrace: Mark active for pid=6550? true
06-11 10:45:45.491  6550  6550 D cutils-dev: otrace_set_tracing_enabled? true tag:0
06-11 10:45:45.491  6550  6550 D cutils-dev: properties changed in otrace_seq_number_changed!
06-11 10:45:45.495  3189  5976 D SplitScreenAppReader: SPLIT_TOUCH support check:com.oplus.statistics.rom = false
06-11 10:45:45.495  3189  5976 D ActivityTaskManagerServiceExtImpl: preBindApplication record is null
06-11 10:45:45.496  3189  5976 D RGBNormalizeServer: OplusRGBNormalize feature enabled ? true
06-11 10:45:45.496  3189  5976 D ResourcesManagerCache: For package com.oplus.statistics.rom we got cacheList [null] appInfoExt is null ? false hasFeature ? false
06-11 10:45:45.505  6550  6550 D CompactWindowAppManager: initCompactApplicationInfo CompactMode: , NormalMode: 
06-11 10:45:45.505  6550  6574 D SurfaceSyncGroup: preCreateSurfaceSyncGroupTimerThread
06-11 10:45:45.506  6550  6550 V Configuration: Updating configuration, locales updated from [] to [zh_CN]
06-11 10:45:45.506  6550  6550 D OplusScrollToTopManager: setIsInWhiteList false
06-11 10:45:45.507  6550  6550 D OplusViewDebugManager: OplusViewDebugManager Constructor android.view.debug.OplusViewDebugManager@1b98483 [mHasViewDebugProperty true] [mHasMsgDebugProperty false] [DEBUG false] [EXTRAINFOENABLE false] [LIGHT_OS false]
06-11 10:45:45.509  6550  6550 D CompatChangeReporter: Compat change id reported: 202956589; UID 10100; state: ENABLED
06-11 10:45:45.510  6550  6550 W libc    : Access denied finding property "ro.odm.prev.product.name"
06-11 10:45:45.513  6550  6550 D nativeloader: Configuring clns-9 for other apk /system/system_ext/framework/vendor.oplus.hardware.cryptoeng-V1.0-java.jar. target_sdk_version=35, uses_libraries=ALL, library_path=/data/app/~~BVqgFr13h979HUEeTiYeMw==/com.oplus.statistics.rom-xJWIFrxUMPU75qCw1hPttw==/lib/arm64:/data/app/~~BVqgFr13h979HUEeTiYeMw==/com.oplus.statistics.rom-xJWIFrxUMPU75qCw1hPttw==/base.apk!/lib/arm64-v8a, permitted_path=/data:/mnt/expand:/data/user_de/0/com.oplus.statistics.rom
06-11 10:45:45.513  6550  6550 D nativeloader: Extending system_exposed_libraries: libbinauralrenderer_wrapper.qti.so:libhoaeffects.qti.so:libsuperNight.oplus.so:libAPSClient-cmd-jni-extension.oplus.so:libsatellite_audio_jni.oplus.so:libortc_so.oplus.so:libsoundtouch.oplus.so:libsoundtouch_jni.oplus.so:libOplusStringJNI-extension.oplus.so:libsatellite_ostx_jni.oplus.so:libapssuspend-jni.oplus.so:libupdateprof.qti.so:libthermalclient.qti.so:libqape.qti.so:libqesdk_ndk_platform.qti.so:liblistenjni.qti.so
06-11 10:45:45.514  6550  6550 D ApplicationLoaders: Returning zygote-cached class loader: /system/framework/org.apache.http.legacy.jar
06-11 10:45:45.519  6550  6550 D nativeloader: Configuring clns-10 for other apk /data/app/~~BVqgFr13h979HUEeTiYeMw==/com.oplus.statistics.rom-xJWIFrxUMPU75qCw1hPttw==/base.apk. target_sdk_version=35, uses_libraries=, library_path=/data/app/~~BVqgFr13h979HUEeTiYeMw==/com.oplus.statistics.rom-xJWIFrxUMPU75qCw1hPttw==/lib/arm64:/data/app/~~BVqgFr13h979HUEeTiYeMw==/com.oplus.statistics.rom-xJWIFrxUMPU75qCw1hPttw==/base.apk!/lib/arm64-v8a, permitted_path=/data:/mnt/expand:/data/user_de/0/com.oplus.statistics.rom
06-11 10:45:45.522  6550  6550 I s.rom:pushinfer: AssetManager2(0xb400007ad7991128) locale list changing from [] to [zh-CN]
06-11 10:45:45.525  6550  6550 V GraphicsEnvironment: Currently set values for:
06-11 10:45:45.525  6550  6550 V GraphicsEnvironment:   angle_gl_driver_selection_pkgs=[]
06-11 10:45:45.526  6550  6550 V GraphicsEnvironment:   angle_gl_driver_selection_values=[]
06-11 10:45:45.526  6550  6550 V GraphicsEnvironment: com.oplus.statistics.rom is not listed in per-application setting
06-11 10:45:45.526  6550  6550 V GraphicsEnvironment: ANGLE allowlist from config: 
06-11 10:45:45.526  6550  6550 V GraphicsEnvironment: com.oplus.statistics.rom is not listed in ANGLE allowlist or settings, returning default
06-11 10:45:45.527  6550  6550 D ResourcesManagerExtImpl: applyConfigurationToAppResourcesLocked app.getDisplayId() return callback.displayId:-1
06-11 10:45:45.530  6550  6550 I MMKV    : Disable checkProcessMode()
06-11 10:45:45.531  6550  6550 D nativeloader: Load /data/app/~~BVqgFr13h979HUEeTiYeMw==/com.oplus.statistics.rom-xJWIFrxUMPU75qCw1hPttw==/lib/arm64/libmmkv.so using class loader ns clns-10 (caller=/data/app/~~BVqgFr13h979HUEeTiYeMw==/com.oplus.statistics.rom-xJWIFrxUMPU75qCw1hPttw==/base.apk!classes2.dex): ok
06-11 10:45:45.531  6550  6550 I MMKV    : current API level = 36, libc++_shared=0
06-11 10:45:45.531  6550  6550 I MMKV    : <MMKV.cpp:160::initialize> version v1.2.16, page size 4096, arch arm64-v8a
06-11 10:45:45.531  6550  6550 I MMKV    : <MMKV.cpp:171::initialize> armv8 AES instructions is supported
06-11 10:45:45.531  6550  6550 I MMKV    : <MMKV.cpp:179::initialize> armv8 CRC32 instructions is supported
06-11 10:45:45.531  6550  6550 I MMKV    : <MMKV.cpp:203::initializeMMKV> root dir: /data/user_de/0/com.oplus.statistics.rom/files/mmkv
06-11 10:45:45.531  6550  6550 I MMKV    : <MemoryFile.cpp:97::open> open fd[0x60], /data/user_de/0/com.oplus.statistics.rom/files/mmkv/oplus_statistics_rom
06-11 10:45:45.531  6550  6550 I MMKV    : <MemoryFile.cpp:97::open> open fd[0x61], /data/user_de/0/com.oplus.statistics.rom/files/mmkv/oplus_statistics_rom.crc
06-11 10:45:45.531  6550  6550 I MMKV    : <MemoryFile.cpp:97::open> open fd[0x62], /data/user_de/0/com.oplus.statistics.rom/files/mmkv/hsm_6354700kv
06-11 10:45:45.531  6550  6550 I MMKV    : <MemoryFile.cpp:97::open> open fd[0x63], /data/user_de/0/com.oplus.statistics.rom/files/mmkv/hsm_6354700kv.crc
06-11 10:45:45.531  6550  6550 I MMKV    : <MMKV_IO.cpp:86::loadFromFile> loading [hsm_6354700kv] with 2296 actual size, file size 4096, InterProcess 1, meta info version:3
06-11 10:45:45.531  6550  6550 I MMKV    : <MMKV_IO.cpp:91::loadFromFile> loading [hsm_6354700kv] with crc 3746532634 sequence 1 version 3
06-11 10:45:45.531  6550  6550 I MMKV    : <MMKV_IO.cpp:135::loadFromFile> loaded [hsm_6354700kv] with 1 key-values
06-11 10:45:45.532  6550  6550 I MMKV    : <MMKV_IO.cpp:86::loadFromFile> loading [oplus_statistics_rom] with 21370 actual size, file size 32768, InterProcess 1, meta info version:3
06-11 10:45:45.532  6550  6550 I MMKV    : <MMKV_IO.cpp:91::loadFromFile> loading [oplus_statistics_rom] with crc 2951695317 sequence 525 version 3
06-11 10:45:45.532  6550  6550 I MMKV    : <MMKV_IO.cpp:135::loadFromFile> loaded [oplus_statistics_rom] with 235 key-values
06-11 10:45:45.533  6550  6550 I DCS>AppGlobalManager[2]: attachBaseContext
06-11 10:45:45.533  6550  6550 I DcsWorker: ===DcsWorker init from (AppGlobalManager)===
06-11 10:45:45.536  3189  5976 D ConnectivityService: requestNetwork for uid/pid:10100/6550 activeRequest: null callbackRequest: 4780 [NetworkRequest [ REQUEST id=4781, [ Capabilities: INTERNET&NOT_RESTRICTED&TRUSTED&NOT_VCN_MANAGED&NOT_BANDWIDTH_CONSTRAINED Uid: 10100 RequestorUid: 10100 RequestorPkg: com.oplus.statistics.rom UnderlyingNetworks: Null] ]] callback flags: 0 order: 2147483647 isUidTracked: false declaredMethods: AVAIL|LOST|NC
06-11 10:45:45.537  6550  6580 I MMKV    : <MemoryFile.cpp:97::open> open fd[0x68], /data/user_de/0/com.oplus.statistics.rom/files/mmkv/open_id_cache
06-11 10:45:45.538  6550  6580 I MMKV    : <MemoryFile.cpp:97::open> open fd[0x69], /data/user_de/0/com.oplus.statistics.rom/files/mmkv/open_id_cache.crc
06-11 10:45:45.538  3189  3841 D WifiNetworkFactory: got request NetworkRequest [ REQUEST id=4781, [ Capabilities: INTERNET&NOT_RESTRICTED&TRUSTED&NOT_VCN_MANAGED&NOT_BANDWIDTH_CONSTRAINED Uid: 10100 RequestorUid: 10100 RequestorPkg: com.oplus.statistics.rom UnderlyingNetworks: Null] ]
06-11 10:45:45.538  3189  3841 D UntrustedWifiNetworkFactory: got request NetworkRequest [ REQUEST id=4781, [ Capabilities: INTERNET&NOT_RESTRICTED&TRUSTED&NOT_VCN_MANAGED&NOT_BANDWIDTH_CONSTRAINED Uid: 10100 RequestorUid: 10100 RequestorPkg: com.oplus.statistics.rom UnderlyingNetworks: Null] ]
06-11 10:45:45.538  3189  3841 D OemPaidWifiNetworkFactory: got request NetworkRequest [ REQUEST id=4781, [ Capabilities: INTERNET&NOT_RESTRICTED&TRUSTED&NOT_VCN_MANAGED&NOT_BANDWIDTH_CONSTRAINED Uid: 10100 RequestorUid: 10100 RequestorPkg: com.oplus.statistics.rom UnderlyingNetworks: Null] ]
06-11 10:45:45.538  3189  3841 D MultiInternetWifiNetworkFactory: got request NetworkRequest [ REQUEST id=4781, [ Capabilities: INTERNET&NOT_RESTRICTED&TRUSTED&NOT_VCN_MANAGED&NOT_BANDWIDTH_CONSTRAINED Uid: 10100 RequestorUid: 10100 RequestorPkg: com.oplus.statistics.rom UnderlyingNetworks: Null] ]
06-11 10:45:45.538  3189  3848 D ConnectivityService: NetReassign [4781 : null → 194] [c 0] [a 1] [i 1]
06-11 10:45:45.539  6550  6550 I DCS>StatisticsApplication[2]: onCreate
06-11 10:45:45.540  3189  5627 I ActivityManager: Flag disabled. Ignoring finishAttachApplication from uid: 10100. pid: 6550
06-11 10:45:45.540  6550  6580 E ashmem  : Pinning is deprecated since Android Q. Please use trim or other methods.
06-11 10:45:45.540  6550  6550 D OplusActivityManager: get AMS extension: android.os.BinderProxy@8656ac4
06-11 10:45:45.541  6550  6580 W s.rom:pushinfer: Method void om.c.c(android.content.Context, java.util.List, boolean) failed lock verification and will run slower.
06-11 10:45:45.541  6550  6580 W s.rom:pushinfer: Common causes for lock verification issues are non-optimized dex code
06-11 10:45:45.541  6550  6580 W s.rom:pushinfer: and incorrect proguard optimizations.
06-11 10:45:45.541  6550  6575 I MMKV    : <MemoryFile.cpp:97::open> open fd[0x6c], /data/user_de/0/com.oplus.statistics.rom/files/mmkv/dccGlobal
06-11 10:45:45.542  6550  6575 I MMKV    : <MemoryFile.cpp:97::open> open fd[0x6d], /data/user_de/0/com.oplus.statistics.rom/files/mmkv/dccGlobal.crc
06-11 10:45:45.542  6550  6575 I MMKV    : <MemoryFile.cpp:97::open> open fd[0x72], /data/user_de/0/com.oplus.statistics.rom/files/mmkv/dcc_cc
06-11 10:45:45.542  6550  6575 I MMKV    : <MemoryFile.cpp:97::open> open fd[0x73], /data/user_de/0/com.oplus.statistics.rom/files/mmkv/dcc_cc.crc
06-11 10:45:45.542  6550  6575 I MMKV    : <MMKV_IO.cpp:86::loadFromFile> loading [dcc_cc] with 40425 actual size, file size 65536, InterProcess 1, meta info version:3
06-11 10:45:45.542  6550  6575 I MMKV    : <MMKV_IO.cpp:91::loadFromFile> loading [dcc_cc] with crc 687054687 sequence 93 version 3
06-11 10:45:45.543  6550  6575 I MMKV    : <MMKV_IO.cpp:135::loadFromFile> loaded [dcc_cc] with 597 key-values
06-11 10:45:45.545  6550  6575 I MMKV    : <MMKV_IO.cpp:86::loadFromFile> loading [open_id_cache] with 3199 actual size, file size 4096, InterProcess 1, meta info version:3
06-11 10:45:45.545  6550  6575 I MMKV    : <MMKV_IO.cpp:91::loadFromFile> loading [open_id_cache] with crc 651019544 sequence 1250 version 3
06-11 10:45:45.545  6550  6575 I MMKV    : <MMKV_IO.cpp:135::loadFromFile> loaded [open_id_cache] with 3 key-values
06-11 10:45:45.548  6550  6575 W LogFactory: Truncating log tag length as it exceed 23, the limit imposed by Android on certain API Levels
06-11 10:45:45.556  6550  6575 I MMKV    : <MemoryFile.cpp:97::open> open fd[0x79], /data/user_de/0/com.oplus.statistics.rom/files/mmkv/dcc_app
06-11 10:45:45.556  6550  6575 I MMKV    : <MemoryFile.cpp:97::open> open fd[0x7a], /data/user_de/0/com.oplus.statistics.rom/files/mmkv/dcc_app.crc
06-11 10:45:45.557  6550  6575 I MMKV    : <MMKV_IO.cpp:86::loadFromFile> loading [dcc_app] with 5815 actual size, file size 8192, InterProcess 1, meta info version:3
06-11 10:45:45.557  6550  6575 I MMKV    : <MMKV_IO.cpp:91::loadFromFile> loading [dcc_app] with crc 2239184039 sequence 258 version 3
06-11 10:45:45.557  6550  6575 I MMKV    : <MMKV_IO.cpp:135::loadFromFile> loaded [dcc_app] with 5 key-values
06-11 10:45:45.561  1259  1259 E KeymasterUtils: rsp_header->status: -28
06-11 10:45:45.561  1259  1259 E KeyMasterHalDevice: abort_operation
06-11 10:45:45.561  1259  1259 E KeyMasterHalDevice: ret: -28
06-11 10:45:45.562  6550  6575 D nativeloader: Load /data/app/~~BVqgFr13h979HUEeTiYeMw==/com.oplus.statistics.rom-xJWIFrxUMPU75qCw1hPttw==/lib/arm64/libcpythonapp.so using class loader ns clns-10 (caller=/data/app/~~BVqgFr13h979HUEeTiYeMw==/com.oplus.statistics.rom-xJWIFrxUMPU75qCw1hPttw==/base.apk): ok
06-11 10:45:45.562  6550  6575 E JPEG_JNI: jvm JNI_OnLoad b400007ad786d6c0 
06-11 10:45:45.562  6550  6575 I System.out: [SdkStdLogPrinter] System.loadLibrary("cpythonapp") cost: 2 ms
06-11 10:45:45.563 27947  6357 I com.oplus.games: Explicit concurrent mark compact GC freed 64KB AllocSpace bytes, 0(0B) LOS objects, 33% free,8200KB(M:6196KB,L:2004KB)/12MB, paused 1.661ms,5.687ms total 155.809ms
06-11 10:45:45.566  6550  6575 I MMKV    : <MemoryFile.cpp:97::open> open fd[0x7b], /data/user_de/0/com.oplus.statistics.rom/files/mmkv/mmkv.default
06-11 10:45:45.566  6550  6575 I MMKV    : <MemoryFile.cpp:97::open> open fd[0x7c], /data/user_de/0/com.oplus.statistics.rom/files/mmkv/mmkv.default.crc
06-11 10:45:45.566  6550  6575 I MMKV    : <MMKV_IO.cpp:86::loadFromFile> loading [mmkv.default] with 1657 actual size, file size 4096, InterProcess 1, meta info version:3
06-11 10:45:45.566  6550  6575 I MMKV    : <MMKV_IO.cpp:91::loadFromFile> loading [mmkv.default] with crc 1521375926 sequence 350526 version 3
06-11 10:45:45.566  6550  6575 I MMKV    : <MMKV_IO.cpp:135::loadFromFile> loaded [mmkv.default] with 9 key-values
06-11 10:45:45.568  6550  6575 I JPEG_JNI: doInitJniCache: All JNI method caches initializing
06-11 10:45:45.568  6550  6575 I JPEG_JNI: JniCacheManager::initCache: successfully cached static method com/ai/mobile/starfirelitesdk/aiEngine/computeContainer/pythonVm/PyFuncCallRouter::callJava
06-11 10:45:45.569  6550  6575 D Platform: isConscryptPreferred:false
06-11 10:45:45.569  6550  6575 D Platform: other
06-11 10:45:45.569  6550  6575 D Platform: other
06-11 10:45:45.570  6550  6575 I JPEG_JNI: JniCacheManager::initCache: successfully cached static method com/ai/mobile/starfirelitesdk/common/FeatureUitls::getFeatures
06-11 10:45:45.570  6550  6575 I JPEG_JNI: JniCacheManager::initCache: successfully cached instance method com/ai/mobile/starfirelitesdk/aiEngine/computeContainer/commonTasks/PythonTaskBase::notifyMsg
06-11 10:45:45.570  6550  6575 I JPEG_JNI: JniCacheManager::initCache: successfully cached static method com/ai/mobile/starfirelitesdk/util/obus/FeatureRetrieval::SendData
06-11 10:45:45.570  6550  6575 I JPEG_JNI: JniCacheManager::initCache: successfully cached static method com/ai/mobile/starfirelitesdk/util/preloaders/FilePreloader::preloadFilePathFromJson
06-11 10:45:45.570  6550  6575 I JPEG_JNI: doInitJniCache: All JNI method caches initialized successfully, cost: 2 ms
06-11 10:45:45.570  6550  6575 I JPEG_JNI: doInitJniCache cost: 2 ms
06-11 10:45:45.570  6550  6575 I JPEG_JNI: jni dlopen ffi64 size 8 
06-11 10:45:45.570  6550  6575 I JPEG_JNI: jni dlopen sysdir sys 
06-11 10:45:45.571  6550  6575 I JPEG_JNI: jni dlopen ffi 15f77f2d78bd1ad 
06-11 10:45:45.571  6550  6575 I JPEG_JNI: jni dlopen python f73ac07a96928c87 
06-11 10:45:45.571  6550  6575 I JPEG_JNI: jni dlopen sqlite3 542c8fbbf8c488b3 
06-11 10:45:45.571  6550  6575 I JPEG_JNI: jni init_vm 7a032635a8
06-11 10:45:45.571  6550  6575 I JPEG_JNI: Py_GetPythonHome (null)
06-11 10:45:45.571  6550  6575 I JPEG_JNI: Py_GetPath /data/user_de/0/com.oplus.statistics.rom/files/device_cloud_repo_theme/64/20260603104453/sys/python:/data/user_de/0/com.oplus.statistics.rom/files/device_cloud_repo_theme/64/20260603104453/sys/python/lib:/data/user_de/0/com.oplus.statistics.rom/files/device_cloud_repo_theme/64/20260603104453/biz:/data/user_de/0/com.oplus.statistics.rom/files/device_cloud_repo_theme/64/20260603104453/biz/common
06-11 10:45:45.571  6550  6575 I JPEG_JNI: Enter Py_Initialize!!
06-11 10:45:45.587  6550  6575 I JPEG_JNI: Leave Py_Initialize2!!
06-11 10:45:45.587  6550  6575 I JPEG_JNI: jni init_vm ok 7a032635a8
06-11 10:45:45.599  6550  6590 I JPEG_JNI: EnterExeTask  global_config init {"container_manager.data_path":"\/data\/user_de\/0\/com.oplus.statistics.rom\/files\/device_cloud_repo_theme\/64\/20260603104453\/data\/data\/","container_manager.config_path":"\/data\/user_de\/0\/com.oplus.statistics.rom\/files\/device_cloud_repo_theme\/64\/20260603104453\/data\/config\/","container_manager.alg_pkg_root_path":"\/data\/user_de\/0\/com.oplus.statistics.rom\/files\/device_cloud_repo_theme\/64\/","container_manager.alg_pkg_version":"20260603104453","container_manager.demoApp_data_dir":"\/data\/user_de\/0\/com.oplus.statistics.rom\/files\/data\/","container_manager.sdk_data_path":"\/data\/user_de\/0\/com.oplus.statistics.rom\/files\/sdk_data\/","container_manager.dcc_feature_database_path":"\/data\/user_de\/0\/com.oplus.statistics.rom\/databases\/dcc_feature","asset_version":"20260513083941","simple_class_name":"PipeLineInferApi","apis":[{"class":"com.ai.mobile.starfirelitesdk.api.infererApis.impls.InferenceCoreApi"}],"debug":0,"duid":"49ADF714EC7F4EFFA12A3319CC1
06-11 10:45:45.632 11083  5881 I PhoneManager.VirusSelfDetectScanner: [filterByAdIdentifyTrustedApp] use cache
06-11 10:45:45.663  1667 15952 I sensors-hal: handle_oplus_wise_rgb_event:230, wise_rgb:algo_type = 3
06-11 10:45:45.663  1667 15952 I sensors-hal: handle_oplus_wise_rgb_event:285, wise_rgb: raw_lux 488.273804, raw_cct 6454.137695, r/g/b/c: 40312.257812/35144.363281/20104.253906/88779.921875, R/G/B: 0.000000/0.000000/0.000000, brl 1529.000000, lux: 488.273804, cct: 6454.137695, ts 243342980621104, cnt 7382
06-11 10:45:45.663  1667 15988 I sensors-hal: handle_oplus_wise_rgb_event:301, oplus wise_rgb sample: (7382)(cct, lux, ir_ratio, r, g, b, c)[6454, 488, 38, 40312, 35144, 20104, 88779]
06-11 10:45:45.712  6550  6590 I JPEG_JNI: LeaveExeTask  module global_config 
06-11 10:45:45.712  6550  6590 I JPEG_JNI:  func init  
06-11 10:45:45.712  6550  6590 I JPEG_JNI:  input {"container_manager.data_path":"\/data\/user_de\/0\/com.oplus.statistics.rom\/files\/device_cloud_repo_theme\/64\/20260603104453\/data\/data\/","container_manager.config_path":"\/data\/user_de\/0\/com.oplus.statistics.rom\/files\/device_cloud_repo_theme\/64\/20260603104453\/data\/config\/","container_manager.alg_pkg_root_path":"\/data\/user_de\/0\/com.oplus.statistics.rom\/files\/device_cloud_repo_theme\/64\/","container_manager.alg_pkg_version":"20260603104453","container_manager.demoApp_data_dir":"\/data\/user_de\/0\/com.oplus.statistics.rom\/files\/data\/","container_manager.sdk_data_path":"\/data\/user_de\/0\/com.oplus.statistics.rom\/files\/sdk_data\/","container_manager.dcc_feature_database_path":"\/data\/user_de\/0\/com.oplus.statistics.rom\/databases\/dcc_feature","asset_version":"20260513083941","simple_class_name":"PipeLineInferApi","apis":[{"class":"com.ai.mobile.starfirelitesdk.api.infererApis.impls.InferenceCoreApi"}],"debug":0,"duid":"49AD
06-11 10:45:45.713  6550  6590 I JPEG_JNI: EnterExeTask  controller.collect_model_data_controller init {"container_manager.data_path":"\/data\/user_de\/0\/com.oplus.statistics.rom\/files\/device_cloud_repo_theme\/64\/20260603104453\/data\/data\/","container_manager.config_path":"\/data\/user_de\/0\/com.oplus.statistics.rom\/files\/device_cloud_repo_theme\/64\/20260603104453\/data\/config\/","container_manager.alg_pkg_root_path":"\/data\/user_de\/0\/com.oplus.statistics.rom\/files\/device_cloud_repo_theme\/64\/","container_manager.alg_pkg_version":"20260603104453","container_manager.demoApp_data_dir":"\/data\/user_de\/0\/com.oplus.statistics.rom\/files\/data\/","container_manager.sdk_data_path":"\/data\/user_de\/0\/com.oplus.statistics.rom\/files\/sdk_data\/","container_manager.dcc_feature_database_path":"\/data\/user_de\/0\/com.oplus.statistics.rom\/databases\/dcc_feature","asset_version":"20260513083941","simple_class_name":"PipeLineInferApi","apis":[{"class":"com.ai.mobile.starfirelitesdk.api.infererApis.impls.InferenceCoreApi"}],"debug":0,"duid":"
06-11 10:45:45.713  6550  6590 I JPEG_JNI: LeaveExeTask  module controller.collect_model_data_controller 
06-11 10:45:45.713  6550  6590 I JPEG_JNI:  func init  
06-11 10:45:45.713  6550  6590 I JPEG_JNI:  input {"container_manager.data_path":"\/data\/user_de\/0\/com.oplus.statistics.rom\/files\/device_cloud_repo_theme\/64\/20260603104453\/data\/data\/","container_manager.config_path":"\/data\/user_de\/0\/com.oplus.statistics.rom\/files\/device_cloud_repo_theme\/64\/20260603104453\/data\/config\/","container_manager.alg_pkg_root_path":"\/data\/user_de\/0\/com.oplus.statistics.rom\/files\/device_cloud_repo_theme\/64\/","container_manager.alg_pkg_version":"20260603104453","container_manager.demoApp_data_dir":"\/data\/user_de\/0\/com.oplus.statistics.rom\/files\/data\/","container_manager.sdk_data_path":"\/data\/user_de\/0\/com.oplus.statistics.rom\/files\/sdk_data\/","container_manager.dcc_feature_database_path":"\/data\/user_de\/0\/com.oplus.statistics.rom\/databases\/dcc_feature","asset_version":"20260513083941","simple_class_name":"PipeLineInferApi","apis":[{"class":"com.ai.mobile.starfirelitesdk.api.infererApis.impls.InferenceCoreAp
06-11 10:45:45.713  6550  6590 I JPEG_JNI: EnterExeTask  controller.sync_response_controller init {"container_manager.data_path":"\/data\/user_de\/0\/com.oplus.statistics.rom\/files\/device_cloud_repo_theme\/64\/20260603104453\/data\/data\/","container_manager.config_path":"\/data\/user_de\/0\/com.oplus.statistics.rom\/files\/device_cloud_repo_theme\/64\/20260603104453\/data\/config\/","container_manager.alg_pkg_root_path":"\/data\/user_de\/0\/com.oplus.statistics.rom\/files\/device_cloud_repo_theme\/64\/","container_manager.alg_pkg_version":"20260603104453","container_manager.demoApp_data_dir":"\/data\/user_de\/0\/com.oplus.statistics.rom\/files\/data\/","container_manager.sdk_data_path":"\/data\/user_de\/0\/com.oplus.statistics.rom\/files\/sdk_data\/","container_manager.dcc_feature_database_path":"\/data\/user_de\/0\/com.oplus.statistics.rom\/databases\/dcc_feature","asset_version":"20260513083941","simple_class_name":"PipeLineInferApi","apis":[{"class":"com.ai.mobile.starfirelitesdk.api.infererApis.impls.InferenceCoreApi"}],"debug":0,"duid":"49ADF
06-11 10:45:45.722  6550  6590 I JPEG_JNI: LeaveExeTask  module controller.sync_response_controller 
06-11 10:45:45.722  6550  6590 I JPEG_JNI:  func init  
06-11 10:45:45.722  6550  6590 I JPEG_JNI:  input {"container_manager.data_path":"\/data\/user_de\/0\/com.oplus.statistics.rom\/files\/device_cloud_repo_theme\/64\/20260603104453\/data\/data\/","container_manager.config_path":"\/data\/user_de\/0\/com.oplus.statistics.rom\/files\/device_cloud_repo_theme\/64\/20260603104453\/data\/config\/","container_manager.alg_pkg_root_path":"\/data\/user_de\/0\/com.oplus.statistics.rom\/files\/device_cloud_repo_theme\/64\/","container_manager.alg_pkg_version":"20260603104453","container_manager.demoApp_data_dir":"\/data\/user_de\/0\/com.oplus.statistics.rom\/files\/data\/","container_manager.sdk_data_path":"\/data\/user_de\/0\/com.oplus.statistics.rom\/files\/sdk_data\/","container_manager.dcc_feature_database_path":"\/data\/user_de\/0\/com.oplus.statistics.rom\/databases\/dcc_feature","asset_version":"20260513083941","simple_class_name":"PipeLineInferApi","apis":[{"class":"com.ai.mobile.starfirelitesdk.api.infererApis.impls.InferenceCoreApi"}],
06-11 10:45:45.722  6550  6590 I JPEG_JNI: EnterExeTask  controller.inference_controller init {"container_manager.data_path":"\/data\/user_de\/0\/com.oplus.statistics.rom\/files\/device_cloud_repo_theme\/64\/20260603104453\/data\/data\/","container_manager.config_path":"\/data\/user_de\/0\/com.oplus.statistics.rom\/files\/device_cloud_repo_theme\/64\/20260603104453\/data\/config\/","container_manager.alg_pkg_root_path":"\/data\/user_de\/0\/com.oplus.statistics.rom\/files\/device_cloud_repo_theme\/64\/","container_manager.alg_pkg_version":"20260603104453","container_manager.demoApp_data_dir":"\/data\/user_de\/0\/com.oplus.statistics.rom\/files\/data\/","container_manager.sdk_data_path":"\/data\/user_de\/0\/com.oplus.statistics.rom\/files\/sdk_data\/","container_manager.dcc_feature_database_path":"\/data\/user_de\/0\/com.oplus.statistics.rom\/databases\/dcc_feature","asset_version":"20260513083941","simple_class_name":"PipeLineInferApi","apis":[{"class":"com.ai.mobile.starfirelitesdk.api.infererApis.impls.InferenceCoreApi"}],"debug":0,"duid":"49ADF714E
06-11 10:45:45.730  6550  6590 I MNNJNI  : CPU Group: [ 0  1  2  3 ], 300000 - 2016000
06-11 10:45:45.730  6550  6590 I MNNJNI  : CPU Group: [ 4  5  6 ], 633600 - 2745600
06-11 10:45:45.730  6550  6590 I MNNJNI  : CPU Group: [ 7 ], 787200 - 3187200
06-11 10:45:45.730  6550  6590 I MNNJNI  : The device supports: i8sdot:1, fp16:1, i8mm: 1, sve2: 0, sme2: 0
06-11 10:45:45.732  4639  8246 D CommonApp-194-10602: commonScoreStrategy scenarios low package
06-11 10:45:45.734  4639  8246 D ScorePolicy: handleScoreChanged: []
06-11 10:45:45.734  4639  8246 D ScorePolicy: handleScoreChanged: []
06-11 10:45:45.734  4639  8246 D ScorePolicy: handleScoreChanged: []
06-11 10:45:45.735  6550  6590 I MNNJNI  : === EmptyModule Created ===
06-11 10:45:45.735  6550  6590 I MNNJNI  :   parametersCount: 0
06-11 10:45:45.738  6550  6590 I JPEG_JNI: LeaveExeTask  module controller.inference_controller 
06-11 10:45:45.738  6550  6590 I JPEG_JNI:  func init  
06-11 10:45:45.738  6550  6590 I JPEG_JNI:  input {"container_manager.data_path":"\/data\/user_de\/0\/com.oplus.statistics.rom\/files\/device_cloud_repo_theme\/64\/20260603104453\/data\/data\/","container_manager.config_path":"\/data\/user_de\/0\/com.oplus.statistics.rom\/files\/device_cloud_repo_theme\/64\/20260603104453\/data\/config\/","container_manager.alg_pkg_root_path":"\/data\/user_de\/0\/com.oplus.statistics.rom\/files\/device_cloud_repo_theme\/64\/","container_manager.alg_pkg_version":"20260603104453","container_manager.demoApp_data_dir":"\/data\/user_de\/0\/com.oplus.statistics.rom\/files\/data\/","container_manager.sdk_data_path":"\/data\/user_de\/0\/com.oplus.statistics.rom\/files\/sdk_data\/","container_manager.dcc_feature_database_path":"\/data\/user_de\/0\/com.oplus.statistics.rom\/databases\/dcc_feature","asset_version":"20260513083941","simple_class_name":"PipeLineInferApi","apis":[{"class":"com.ai.mobile.starfirelitesdk.api.infererApis.impls.InferenceCoreApi"}],"deb
06-11 10:45:45.738  6550  6590 I JPEG_JNI: EnterExeTask  controller.event_process_controller init {"container_manager.data_path":"\/data\/user_de\/0\/com.oplus.statistics.rom\/files\/device_cloud_repo_theme\/64\/20260603104453\/data\/data\/","container_manager.config_path":"\/data\/user_de\/0\/com.oplus.statistics.rom\/files\/device_cloud_repo_theme\/64\/20260603104453\/data\/config\/","container_manager.alg_pkg_root_path":"\/data\/user_de\/0\/com.oplus.statistics.rom\/files\/device_cloud_repo_theme\/64\/","container_manager.alg_pkg_version":"20260603104453","container_manager.demoApp_data_dir":"\/data\/user_de\/0\/com.oplus.statistics.rom\/files\/data\/","container_manager.sdk_data_path":"\/data\/user_de\/0\/com.oplus.statistics.rom\/files\/sdk_data\/","container_manager.dcc_feature_database_path":"\/data\/user_de\/0\/com.oplus.statistics.rom\/databases\/dcc_feature","asset_version":"20260513083941","simple_class_name":"PipeLineInferApi","apis":[{"class":"com.ai.mobile.starfirelitesdk.api.infererApis.impls.InferenceCoreApi"}],"debug":0,"duid":"49ADF
06-11 10:45:45.739  6550  6590 I JPEG_JNI: LeaveExeTask  module controller.event_process_controller 
06-11 10:45:45.739  6550  6590 I JPEG_JNI:  func init  
06-11 10:45:45.739  6550  6590 I JPEG_JNI:  input {"container_manager.data_path":"\/data\/user_de\/0\/com.oplus.statistics.rom\/files\/device_cloud_repo_theme\/64\/20260603104453\/data\/data\/","container_manager.config_path":"\/data\/user_de\/0\/com.oplus.statistics.rom\/files\/device_cloud_repo_theme\/64\/20260603104453\/data\/config\/","container_manager.alg_pkg_root_path":"\/data\/user_de\/0\/com.oplus.statistics.rom\/files\/device_cloud_repo_theme\/64\/","container_manager.alg_pkg_version":"20260603104453","container_manager.demoApp_data_dir":"\/data\/user_de\/0\/com.oplus.statistics.rom\/files\/data\/","container_manager.sdk_data_path":"\/data\/user_de\/0\/com.oplus.statistics.rom\/files\/sdk_data\/","container_manager.dcc_feature_database_path":"\/data\/user_de\/0\/com.oplus.statistics.rom\/databases\/dcc_feature","asset_version":"20260513083941","simple_class_name":"PipeLineInferApi","apis":[{"class":"com.ai.mobile.starfirelitesdk.api.infererApis.impls.InferenceCoreApi"}],
06-11 10:45:45.739  6550  6590 I JPEG_JNI: EnterExeTask  controller.ext_req_param_controller init {"container_manager.data_path":"\/data\/user_de\/0\/com.oplus.statistics.rom\/files\/device_cloud_repo_theme\/64\/20260603104453\/data\/data\/","container_manager.config_path":"\/data\/user_de\/0\/com.oplus.statistics.rom\/files\/device_cloud_repo_theme\/64\/20260603104453\/data\/config\/","container_manager.alg_pkg_root_path":"\/data\/user_de\/0\/com.oplus.statistics.rom\/files\/device_cloud_repo_theme\/64\/","container_manager.alg_pkg_version":"20260603104453","container_manager.demoApp_data_dir":"\/data\/user_de\/0\/com.oplus.statistics.rom\/files\/data\/","container_manager.sdk_data_path":"\/data\/user_de\/0\/com.oplus.statistics.rom\/files\/sdk_data\/","container_manager.dcc_feature_database_path":"\/data\/user_de\/0\/com.oplus.statistics.rom\/databases\/dcc_feature","asset_version":"20260513083941","simple_class_name":"PipeLineInferApi","apis":[{"class":"com.ai.mobile.starfirelitesdk.api.infererApis.impls.InferenceCoreApi"}],"debug":0,"duid":"49ADF
06-11 10:45:45.740  6550  6590 I JPEG_JNI: LeaveExeTask  module controller.ext_req_param_controller 
06-11 10:45:45.740  6550  6590 I JPEG_JNI:  func init  
06-11 10:45:45.740  6550  6590 I JPEG_JNI:  input {"container_manager.data_path":"\/data\/user_de\/0\/com.oplus.statistics.rom\/files\/device_cloud_repo_theme\/64\/20260603104453\/data\/data\/","container_manager.config_path":"\/data\/user_de\/0\/com.oplus.statistics.rom\/files\/device_cloud_repo_theme\/64\/20260603104453\/data\/config\/","container_manager.alg_pkg_root_path":"\/data\/user_de\/0\/com.oplus.statistics.rom\/files\/device_cloud_repo_theme\/64\/","container_manager.alg_pkg_version":"20260603104453","container_manager.demoApp_data_dir":"\/data\/user_de\/0\/com.oplus.statistics.rom\/files\/data\/","container_manager.sdk_data_path":"\/data\/user_de\/0\/com.oplus.statistics.rom\/files\/sdk_data\/","container_manager.dcc_feature_database_path":"\/data\/user_de\/0\/com.oplus.statistics.rom\/databases\/dcc_feature","asset_version":"20260513083941","simple_class_name":"PipeLineInferApi","apis":[{"class":"com.ai.mobile.starfirelitesdk.api.infererApis.impls.InferenceCoreApi"}],
06-11 10:45:45.740  6550  6590 I JPEG_JNI: EnterExeTask  python_gc init {"container_manager.data_path":"\/data\/user_de\/0\/com.oplus.statistics.rom\/files\/device_cloud_repo_theme\/64\/20260603104453\/data\/data\/","container_manager.config_path":"\/data\/user_de\/0\/com.oplus.statistics.rom\/files\/device_cloud_repo_theme\/64\/20260603104453\/data\/config\/","container_manager.alg_pkg_root_path":"\/data\/user_de\/0\/com.oplus.statistics.rom\/files\/device_cloud_repo_theme\/64\/","container_manager.alg_pkg_version":"20260603104453","container_manager.demoApp_data_dir":"\/data\/user_de\/0\/com.oplus.statistics.rom\/files\/data\/","container_manager.sdk_data_path":"\/data\/user_de\/0\/com.oplus.statistics.rom\/files\/sdk_data\/","container_manager.dcc_feature_database_path":"\/data\/user_de\/0\/com.oplus.statistics.rom\/databases\/dcc_feature","asset_version":"20260513083941","simple_class_name":"PipeLineInferApi","apis":[{"class":"com.ai.mobile.starfirelitesdk.api.infererApis.impls.InferenceCoreApi"}],"debug":0,"duid":"49ADF714EC7F4EFFA12A3319CC1B2D1
06-11 10:45:45.748  6550  6590 D JPEG_JNI: CallJavaFunc funcName: DccFeatureService
06-11 10:45:45.748  6550  6590 D JPEG_JNI: CallJavaFunc funcInput: {"appId": "20123", "category": "user", "featureNames": ["u_intent_pkg_action_seq", "u_intent_event_time_hi_seq", "u_intent_event_time_lo_seq"]}
06-11 10:45:45.750  6550  6590 D nativeloader: Load /data/app/~~BVqgFr13h979HUEeTiYeMw==/com.oplus.statistics.rom-xJWIFrxUMPU75qCw1hPttw==/lib/arm64/libsqlite3x.so using class loader ns clns-10 (caller=/data/app/~~BVqgFr13h979HUEeTiYeMw==/com.oplus.statistics.rom-xJWIFrxUMPU75qCw1hPttw==/base.apk!classes2.dex): ok
06-11 10:45:45.753  6550  6590 D JPEG_JNI: freeCharPtr: freeing 1 char pointers
06-11 10:45:45.763 25958 27470 D TapHttp.CallTrackHelper 136: callStart:https://dc-dragate-cn.heytapmobi.com/v1/stat/install?appid=21000&logtag=0&nonce=5056&timestamp=1781145945&sign=fe9429a850fa806c2732c7b05f05879d connectMode:TCP reUseMode:ALL isZeroRtt:true
06-11 10:45:45.764 25958 27470 V TapHttp.StatRateHelper: ignore record by sample ratio is 1
06-11 10:45:45.764 25958 27470 D TapHttp.CallTrackHelper 136: newSteam:https://dc-dragate-cn.heytapmobi.com/v1/stat/install?appid=21000&logtag=0&nonce=5056&timestamp=1781145945&sign=fe9429a850fa806c2732c7b05f05879d
06-11 10:45:45.764 25958 27470 D TapHttp.Event Dispatcher: dns start
06-11 10:45:45.764 25958 27470 D TapHttp.CallTrackHelper 136: dnsStart https://dc-dragate-cn.heytapmobi.com/v1/stat/install?appid=21000&logtag=0&nonce=5056&timestamp=1781145945&sign=fe9429a850fa806c2732c7b05f05879d
06-11 10:45:45.764 25958 27470 D TapHttp.RealDnsInterceptor: start use default local dns lookup dc-dragate-cn.heytapmobi.com
06-11 10:45:45.769 25958 27470 D TapHttp.RealDnsInterceptor: use default local dns lookup dc-dragate-cn.heytapmobi.com:IpInfo(host='dc-dragate-cn.heytapmobi.com', dnsType=0, ttl=0, carrier=, ip='', port=0, weight=0, dnUnitSet=, failCount=0, failTime=0, failMsg=, expire=1781145945769)
06-11 10:45:45.769 25958 27470 D TapHttp.WrapperInterceptor: result ip list is [IpInfo(host='dc-dragate-cn.heytapmobi.com', dnsType=0, ttl=0, carrier=, ip='', port=0, weight=0, dnUnitSet=, failCount=0, failTime=0, failMsg=, expire=1781145945769)]
06-11 10:45:45.769 25958 27470 D TapHttp.CallTrackHelper 136: dnsEnd https://dc-dragate-cn.heytapmobi.com/v1/stat/install?appid=21000&logtag=0&nonce=5056&timestamp=1781145945&sign=fe9429a850fa806c2732c7b05f05879d
06-11 10:45:45.769 25958 27470 D TapHttp.CallTrackHelper 136: connect_protocol =tcp_tcp connectTimeout=10000 retryCount=0  route=Route{dc-dragate-cn.heytapmobi.com/49.7.252.44:443}
06-11 10:45:45.769 25958 27470 D TapHttp.Event Dispatcher: connect start: 49.7.252.44
06-11 10:45:45.769 25958 27470 D TapHttp.CallTrackHelper 136: connectStart https://dc-dragate-cn.heytapmobi.com/v1/stat/install?appid=21000&logtag=0&nonce=5056&timestamp=1781145945&sign=fe9429a850fa806c2732c7b05f05879d
06-11 10:45:45.825 25958 27470 D TapHttp.CallTrackHelper 136: connectSocketEnd https://dc-dragate-cn.heytapmobi.com/v1/stat/install?appid=21000&logtag=0&nonce=5056&timestamp=1781145945&sign=fe9429a850fa806c2732c7b05f05879d
06-11 10:45:45.825 25958 27470 D TapHttp.CallTrackHelper 136: secureConnectStart https://dc-dragate-cn.heytapmobi.com/v1/stat/install?appid=21000&logtag=0&nonce=5056&timestamp=1781145945&sign=fe9429a850fa806c2732c7b05f05879d
06-11 10:45:45.835  6858  8079 D gaia-GaiaConnectChecker: start connect check++
06-11 10:45:45.855  6550  6590 I JPEG_JNI: LeaveExeTask  module python_gc 
06-11 10:45:45.855  6550  6590 I JPEG_JNI:  func init  
06-11 10:45:45.855  6550  6590 I JPEG_JNI:  input {"container_manager.data_path":"\/data\/user_de\/0\/com.oplus.statistics.rom\/files\/device_cloud_repo_theme\/64\/20260603104453\/data\/data\/","container_manager.config_path":"\/data\/user_de\/0\/com.oplus.statistics.rom\/files\/device_cloud_repo_theme\/64\/20260603104453\/data\/config\/","container_manager.alg_pkg_root_path":"\/data\/user_de\/0\/com.oplus.statistics.rom\/files\/device_cloud_repo_theme\/64\/","container_manager.alg_pkg_version":"20260603104453","container_manager.demoApp_data_dir":"\/data\/user_de\/0\/com.oplus.statistics.rom\/files\/data\/","container_manager.sdk_data_path":"\/data\/user_de\/0\/com.oplus.statistics.rom\/files\/sdk_data\/","container_manager.dcc_feature_database_path":"\/data\/user_de\/0\/com.oplus.statistics.rom\/databases\/dcc_feature","asset_version":"20260513083941","simple_class_name":"PipeLineInferApi","apis":[{"class":"com.ai.mobile.starfirelitesdk.api.infererApis.impls.InferenceCoreApi"}],"debug":0,"duid":"49ADF714
06-11 10:45:45.859 25958 25994 I DCS>ContentProvider[54]: support
06-11 10:45:45.860  6550  6590 I JPEG_JNI: EnterExeTask  controller.inference_controller process {"sceneId":"all","pageId":"intent","num":1,"reqId":"5a12d563-95ed-432b-9825-e46c13e42862.1781145945456","reqExposedIds":[],"ext":{"valid_ids":["DEFAULT_ITEM_ID"],"req_id":"5a12d563-95ed-432b-9825-e46c13e42862.1781145945456","dccInferTimeOut":5000,"dccInferSize":1}}
06-11 10:45:45.865  1667 15952 I sensors-hal: handle_oplus_wise_rgb_event:230, wise_rgb:algo_type = 3
06-11 10:45:45.865  1667 15952 I sensors-hal: handle_oplus_wise_rgb_event:285, wise_rgb: raw_lux 481.612183, raw_cct 6419.875000, r/g/b/c: 40281.164062/35222.789062/20074.910156/88412.203125, R/G/B: 0.000000/0.000000/0.000000, brl 1529.000000, lux: 481.612183, cct: 6419.875000, ts 243343180326104, cnt 7383
06-11 10:45:45.866 25958 27470 I ConscryptEngineSocket: dc-dragate-cn.heytapmobi.com:443,tls_reused:true
06-11 10:45:45.866 25958 27470 D RealConnection:: Platform.getOplatform().getSelectedProtocol(sslSocket):h2
06-11 10:45:45.866 25958 27470 D RealConnection:: supportsTlsExtensions:true
06-11 10:45:45.866 25958 27470 D RealConnection:: maybeProtocol:h2
06-11 10:45:45.866 25958 27470 D RealConnection:: protocol:h2
06-11 10:45:45.866 25958 27470 D TapHttp.CallTrackHelper 136: secureConnectEnd https://dc-dragate-cn.heytapmobi.com/v1/stat/install?appid=21000&logtag=0&nonce=5056&timestamp=1781145945&sign=fe9429a850fa806c2732c7b05f05879d
06-11 10:45:45.866 25958 27470 D TapHttp.CallTrackHelper 136: connectEnd https://dc-dragate-cn.heytapmobi.com/v1/stat/install?appid=21000&logtag=0&nonce=5056&timestamp=1781145945&sign=fe9429a850fa806c2732c7b05f05879d
06-11 10:45:45.866 25958 27470 D TapHttp.Event Dispatcher: connect acquired 49.7.252.44
06-11 10:45:45.866 25958 27470 D TapHttp.CallTrackHelper 136: connectionAcquired https://dc-dragate-cn.heytapmobi.com/v1/stat/install?appid=21000&logtag=0&nonce=5056&timestamp=1781145945&sign=fe9429a850fa806c2732c7b05f05879d
06-11 10:45:45.867 25958 27470 D TapHttp.CallTrackHelper 136: request_protocol =tcp readTimeout=10000 writeTimeout=10000 retryCount=0  route=Route{dc-dragate-cn.heytapmobi.com/49.7.252.44:443}
06-11 10:45:45.867 25958 27470 I TapHttp.SpecialCallServerStub: request online : url:https://dc-dragate-cn.heytapmobi.com/v1/stat/install?appid=21000&logtag=0&nonce=5056&timestamp=1781145945&sign=fe9429a850fa806c2732c7b05f05879d,
06-11 10:45:45.867 25958 27470 I TapHttp.SpecialCallServerStub:  
06-11 10:45:45.867 25958 27470 I TapHttp.SpecialCallServerStub: request online:hostdc-dragate-cn.heytapmobi.com 
06-11 10:45:45.867 25958 27470 I TapHttp.SpecialCallServerStub:  headers Content-Encoding: gzip
06-11 10:45:45.867 25958 27470 I TapHttp.SpecialCallServerStub: Content-Type: text/json; charset=UTF-8
06-11 10:45:45.867 25958 27470 I TapHttp.SpecialCallServerStub: TAP-APP-CONF-VER: compass_dcs:464,dcc_124200:1612,dcc_fe_cursor_cn:29,dcc_20158:1,dcc_module_switch:7,dcc_2:8
06-11 10:45:45.867 25958 27470 I TapHttp.SpecialCallServerStub: Content-Length: 728
06-11 10:45:45.867 25958 27470 I TapHttp.SpecialCallServerStub: Host: dc-dragate-cn.heytapmobi.com
06-11 10:45:45.867 25958 27470 I TapHttp.SpecialCallServerStub: Connection: Keep-Alive
06-11 10:45:45.867 25958 27470 I TapHttp.SpecialCallServerStub: Accept-Encoding: gzip
06-11 10:45:45.867 25958 27470 I TapHttp.SpecialCallServerStub: User-Agent: okhttp/3.12.12.342
06-11 10:45:45.867 25958 27470 I TapHttp.SpecialCallServerStub: 
06-11 10:45:45.867 25958 27470 D TapHttp.CallTrackHelper 136: requestHeadersStart https://dc-dragate-cn.heytapmobi.com/v1/stat/install?appid=21000&logtag=0&nonce=5056&timestamp=1781145945&sign=fe9429a850fa806c2732c7b05f05879d
06-11 10:45:45.867 25958 27470 D TapHttp.CallTrackHelper 136: requestHeadersEnd https://dc-dragate-cn.heytapmobi.com/v1/stat/install?appid=21000&logtag=0&nonce=5056&timestamp=1781145945&sign=fe9429a850fa806c2732c7b05f05879d
06-11 10:45:45.867 25958 27470 D TapHttp.CallTrackHelper 136: requestBodyStart https://dc-dragate-cn.heytapmobi.com/v1/stat/install?appid=21000&logtag=0&nonce=5056&timestamp=1781145945&sign=fe9429a850fa806c2732c7b05f05879d
06-11 10:45:45.867 25958 27470 D TapHttp.CallTrackHelper 136: requestBodyEnd https://dc-dragate-cn.heytapmobi.com/v1/stat/install?appid=21000&logtag=0&nonce=5056&timestamp=1781145945&sign=fe9429a850fa806c2732c7b05f05879d
06-11 10:45:45.867 25958 27470 D TapHttp.CallTrackHelper 136: requestEnd https://dc-dragate-cn.heytapmobi.com/v1/stat/install?appid=21000&logtag=0&nonce=5056&timestamp=1781145945&sign=fe9429a850fa806c2732c7b05f05879d
06-11 10:45:45.867 25958 27470 D TapHttp.CallTrackHelper 136: responseHeadersStart https://dc-dragate-cn.heytapmobi.com/v1/stat/install?appid=21000&logtag=0&nonce=5056&timestamp=1781145945&sign=fe9429a850fa806c2732c7b05f05879d
06-11 10:45:45.917  6550  6590 I MNNJNI  : CPURuntime::onGabageCollect: mStaticAllocator cleaned, memory freed: 0.00 MB (before: 12.13 MB, after: 12.13 MB)
06-11 10:45:45.917  6550  6590 I MNNJNI  : CPURuntime::onGabageCollect: mStaticAllocator cleaned, memory freed: 0.00 MB (before: 12.13 MB, after: 12.13 MB)
06-11 10:45:45.917  6550  6590 E MNNJNI  : srcBuffer dimension not equal to dstBuffer, can't copy buffer
06-11 10:45:45.917  6550  6590 E MNNJNI  : srcBuffer dimension not equal to dstBuffer, can't copy buffer
06-11 10:45:45.917  6550  6590 E MNNJNI  : srcBuffer dimension not equal to dstBuffer, can't copy buffer
06-11 10:45:45.942 25958 27470 D TapHttp.CallTrackHelper 136: responseHeadersEnd https://dc-dragate-cn.heytapmobi.com/v1/stat/install?appid=21000&logtag=0&nonce=5056&timestamp=1781145945&sign=fe9429a850fa806c2732c7b05f05879d
06-11 10:45:45.942 25958 27470 D TapHttp.CallTrackHelper 136: responseBodyStart https://dc-dragate-cn.heytapmobi.com/v1/stat/install?appid=21000&logtag=0&nonce=5056&timestamp=1781145945&sign=fe9429a850fa806c2732c7b05f05879d
06-11 10:45:45.942 25958 27470 D TapHttp.CallTrackHelper 136: responseEnd https://dc-dragate-cn.heytapmobi.com/v1/stat/install?appid=21000&logtag=0&nonce=5056&timestamp=1781145945&sign=fe9429a850fa806c2732c7b05f05879d
06-11 10:45:45.942 25958 27470 I TapHttp.SpecialCallServerStub: response online : protocol: h2, code:200 ,url:https://dc-dragate-cn.heytapmobi.com/v1/stat/install?appid=21000&logtag=0&nonce=5056&timestamp=1781145945&sign=fe9429a850fa806c2732c7b05f05879d
06-11 10:45:45.942 25958 27470 I TapHttp.SpecialCallServerStub: response online: host:dc-dragate-cn.heytapmobi.com,headers:server: nginx
06-11 10:45:45.942 25958 27470 I TapHttp.SpecialCallServerStub: date: Thu, 11 Jun 2026 02:45:46 GMT
06-11 10:45:45.942 25958 27470 I TapHttp.SpecialCallServerStub: content-type: application/json;charset=UTF-8
06-11 10:45:45.942 25958 27470 I TapHttp.SpecialCallServerStub: content-length: 23
06-11 10:45:45.942 25958 27470 I TapHttp.SpecialCallServerStub: access-control-allow-credentials: true
06-11 10:45:45.942 25958 27470 I TapHttp.SpecialCallServerStub: access-control-allow-origin: *
06-11 10:45:45.942 25958 27470 I TapHttp.SpecialCallServerStub: access-control-allow-methods: GET, POST, OPTIONS
06-11 10:45:45.942 25958 27470 I TapHttp.SpecialCallServerStub: access-control-allow-headers: content-type, Origin, X-Requested-With
06-11 10:45:45.942 25958 27470 I TapHttp.SpecialCallServerStub: access-control-expose-headers: Content-Length
06-11 10:45:45.942 25958 27470 I TapHttp.SpecialCallServerStub: access-control-max-age: 86400
06-11 10:45:45.942 25958 27470 I TapHttp.SpecialCallServerStub: tap-app-conf-dim: compass_dcs:0,dcc_124200:0,dcc_fe_cursor_cn:0,dcc_20158:0,dcc_module_switch:0,dcc_2:0
06-11 10:45:45.942 25958 27470 I TapHttp.SpecialCallServerStub: x-backend-host: 0735:8081
06-11 10:45:45.942 25958 27470 I TapHttp.SpecialCallServerStub: x-gateway-host: 243ae4a71dc5712b8d8131c16eb3d3909265b85513ea854c983f2c3840d0a42befcb4b7aaea13e98257b985fc5110a45
06-11 10:45:45.942 25958 27470 I TapHttp.SpecialCallServerStub: 
06-11 10:45:45.943 25958 27470 D TapHttp.CallTrackHelper 136: responseBodyEnd https://dc-dragate-cn.heytapmobi.com/v1/stat/install?appid=21000&logtag=0&nonce=5056&timestamp=1781145945&sign=fe9429a850fa806c2732c7b05f05879d
06-11 10:45:45.943 25958 27470 D TapHttp.CallTrackHelper 136: connectionReleased https://dc-dragate-cn.heytapmobi.com/v1/stat/install?appid=21000&logtag=0&nonce=5056&timestamp=1781145945&sign=fe9429a850fa806c2732c7b05f05879d
06-11 10:45:45.943 25958 27470 D TapHttp.CallTrackHelper 136: callEnd https://dc-dragate-cn.heytapmobi.com/v1/stat/install?appid=21000&logtag=0&nonce=5056&timestamp=1781145945&sign=fe9429a850fa806c2732c7b05f05879d
06-11 10:45:45.943 25958 27470 D TapHttp.CallTrackHelper 136: call_time : 180
06-11 10:45:45.943 25958 27470 D TapHttp.CallTrackHelper 136: callEnd https://dc-dragate-cn.heytapmobi.com/v1/stat/install?appid=21000&logtag=0&nonce=5056&timestamp=1781145945&sign=fe9429a850fa806c2732c7b05f05879d
06-11 10:45:45.943 25958 27470 V TapHttp.StatRateHelper: ignore record by sample ratio is 1
06-11 10:45:45.948  3189  4433 I OplusHansManager : uid=10136, pkg=com.baidu.input_oppo cannot transition from R to M, importance=input
06-11 10:45:45.949  3189  4433 I OplusHansManager : uid=10370, pkg=com.tencent.android.qqdownloader cannot transition from R to M, importance=screenRecorder
06-11 10:45:45.971  6550  6590 E MNNJNI  : srcBuffer dimension not equal to dstBuffer, can't copy buffer
06-11 10:45:45.971  6550  6590 E MNNJNI  : srcBuffer dimension not equal to dstBuffer, can't copy buffer
06-11 10:45:45.984  3189  3841 D WifiStaIfaceHidlImpl: getCachedScanData is not implemented by HIDL
06-11 10:45:45.990  4639  4639 D VendorWifiService: onEvent event:9,action:1
06-11 10:45:45.994  3189  3960 D OplusWifiPower_TriggerCenter: mComponentCallback: wifistat
06-11 10:45:46.003  6550  6590 I MNNJNI  : CPURuntime::onGabageCollect: mStaticAllocator cleaned, memory freed: 0.00 MB (before: 0.00 MB, after: 0.00 MB)
06-11 10:45:46.003  6550  6590 I MNNJNI  : CPURuntime::onGabageCollect: mDynamic cleaned (level >= 100), memory freed: 0.00 MB
06-11 10:45:46.004  6550  6590 I JPEG_JNI: LeaveExeTask  module controller.inference_controller 
06-11 10:45:46.004  6550  6590 I JPEG_JNI:  func process  
06-11 10:45:46.004  6550  6590 I JPEG_JNI:  input {"sceneId":"all","pageId":"intent","num":1,"reqId":"5a12d563-95ed-432b-9825-e46c13e42862.1781145945456","reqExposedIds":[],"ext":{"valid_ids":["DEFAULT_ITEM_ID"],"req_id":"5a12d563-95ed-432b-9825-e46c13e42862.1781145945456","dccInferTimeOut":5000,"dccInferSize":1}} 
06-11 10:45:46.004  6550  6590 I JPEG_JNI:  ret {"requestId":"5a12d563-95ed-432b-9825-e46c13e42862.1781145945456","req_transparent":{"DCCL_token":"afee57f350524e53a48fd6ead825ce64_20260603","model_name":"intent","model_version":"1.0","exp_item_id":"79533"},"status":0,"items":[{"id":"DEFAULT_ITEM_ID","score":0.009203731082379818,"transparent":{"res_id":"DEFAULT_ITEM_ID","res_score":[0.009203731082379818,-0.03395852819085121,0.03472915664315224,0.14754560589790344,-0.026423856616020203,-0.092787005007267,-0.01512075960636139,-0.09459444880485535,0.019809028133749962,0.021880704909563065,0.018554819747805595,0.019958658143877983,-0.06281117349863052,-0.012004882097244263,-0.04031356796622276,0.012974786572158337,0.0
06-11 10:45:46.030 25958 26017 D signatureInfo: signing string is
06-11 10:45:46.030 25958 26017 D signatureInfo: POST
06-11 10:45:46.030 25958 26017 D signatureInfo: /api/v1/report/
06-11 10:45:46.030 25958 26017 D signatureInfo: 
06-11 10:45:46.030 25958 26017 D signatureInfo: x-euler-nonce:8d7faa37-24f9-4018-bec3-59402fe11fb5
06-11 10:45:46.030 25958 26017 D signatureInfo: x-euler-timestamp:1781145946030
06-11 10:45:46.030 25958 26017 D signatureInfo: 
06-11 10:45:46.030 25958 26017 D signatureInfo: x-euler-nonce;x-euler-timestamp
06-11 10:45:46.030 25958 26017 D signatureInfo: 7307efc12dc5a2869d29257d9ceb8c6fcdcdec8804554b8d26f2d0d39e1ee231
06-11 10:45:46.032 25958 26017 W KeyStoreHigherApiISessionTicketCache: loadServiceSessionTicketInfo: load service ticket from memory.
06-11 10:45:46.032 25958 26017 E OmkmsAuth: timeStampAuth,time not between begin time with end time.calibratedTime:1781145947,sessionKeyBeginTime:1781144712,sessionKeyEndTime:1781145312
06-11 10:45:46.032 25958 26017 W SecKitClient: macSign: session ticket time expired,will update session ticket.
06-11 10:45:46.037 25958 26017 W KeyStoreHigherApiISessionTicketCache: loadServiceSessionTicketInfo: load service ticket from memory.
06-11 10:45:46.037 25958 26017 E SessionTicketManagerWbAuthModeImp: checkServiceSessionTicket: checkTimeValidate ,invalid.
06-11 10:45:46.058  4639  8514 D NetworkService[1]: getIfIndexByNetid netId:194,ifName:wlan0,ifIndex:30
06-11 10:45:46.063  1667 15952 I sensors-hal: handle_oplus_wise_rgb_event:230, wise_rgb:algo_type = 3
06-11 10:45:46.063  1667 15988 I sensors-hal: get_brightness:1652, light_iface: get_brightness, brl 1529, pwm_turbo_on 0/0, hbm_dc 0
06-11 10:45:46.063  1667 15952 I sensors-hal: handle_oplus_wise_rgb_event:285, wise_rgb: raw_lux 480.882446, raw_cct 6458.282227, r/g/b/c: 40218.828125/35236.972656/20073.720703/88548.601562, R/G/B: 0.000000/0.000000/0.000000, brl 1529.000000, lux: 480.882446, cct: 6458.282227, ts 243343380179385, cnt 7384
06-11 10:45:46.141 25958 26017 D RealConnection:: Platform.get().getSelectedProtocol(sslSocket):h2
06-11 10:45:46.141 25958 26017 D RealConnection:: supportsTlsExtensions:true
06-11 10:45:46.141 25958 26017 D RealConnection:: maybeProtocol:h2
06-11 10:45:46.141 25958 26017 D RealConnection:: protocol:h2
06-11 10:45:46.213 25958 26017 W ResponseHandler: handle: server response'code=200
06-11 10:45:46.220 25958 26017 W HigherApiCipherUtilWithNonProvider: commProtoCmsSessionKeyDecrypt: cmsEncryptedData not contains aad content.
06-11 10:45:46.221 25958 26017 W NetApiHelper: getServiceTicket: success.
06-11 10:45:46.244  1800  1924 D BatteryChargeControl: bcc get no support from charging protocol
06-11 10:45:46.250  1259  1259 E KeymasterUtils: rsp_header->status: -28
06-11 10:45:46.250  1259  1259 E KeyMasterHalDevice: abort_operation
06-11 10:45:46.250  1259  1259 E KeyMasterHalDevice: ret: -28
06-11 10:45:46.249  6089  6168 E horae   : 0: back:34592,frame:36257,front:37143, 23 5, +(-3943), 1 ,33200,41690,40534,41300,42613, target_temp:37143, algo:0
06-11 10:45:46.253  4454  5373 D AMC     : [TriggerForeground] handle temp changed:37143
06-11 10:45:46.257 25958 26017 W KeyStoreHigherApiISessionTicketCache: loadServiceSessionTicketInfo: load service ticket from memory.
06-11 10:45:46.259 25958 26017 W SecKitClient: genClientInitResult: SessionKey
06-11 10:45:46.260 25958 26017 W KeyStoreHigherApiISessionTicketCache: loadServiceSessionTicketInfo: load service ticket from memory.
06-11 10:45:46.262  1667 15952 I sensors-hal: handle_oplus_wise_rgb_event:230, wise_rgb:algo_type = 3
06-11 10:45:46.262  1667 15952 I sensors-hal: handle_oplus_wise_rgb_event:285, wise_rgb: raw_lux 480.338013, raw_cct 6408.157227, r/g/b/c: 40296.402344/35283.933594/20058.853516/88580.359375, R/G/B: 0.000000/0.000000/0.000000, brl 1529.000000, lux: 480.338013, cct: 6408.157227, ts 243343579913083, cnt 7385
06-11 10:45:46.282  4639  8514 D NetworkService[1]: getIfIndexByNetid netId:194,ifName:wlan0,ifIndex:30
06-11 10:45:46.301  3189  5627 D KEYLOG_KeyCombinationManager: down true downTime 201440023 action 0 count 0 isDefaultDisplayInteractive true eventTime 201440023 mDownTimes: {}
06-11 10:45:46.302  3189  5627 D KEYLOG_PhoneWindowManagerExtImpl: overrideInterceptKeyBeforeQueueing:KeyEvent { action=ACTION_DOWN, keyCode=KEYCODE_VOLUME_UP, scanCode=0, metaState=0, flags=0x0, repeatCount=0, eventTime=201440023000000, downTime=201440023000000, deviceId=-1, source=0x0, displayId=-1 },  keyguardOn = false,  screenOn = true,  policyFlags = 721420288,  SosPowerKeyEnabled = true,  WalletSwitchState = 1,  IsQuickLaunchSupport = true,  IsDoubleCheckAppSupport = false,  isQuickAppOn=false,  canceled = false
06-11 10:45:46.302  3189  5627 D KEYLOG_OplusKeyCombinationManager: down true keyCode 24 count 0 interactive true eventTime 201440023 mDownTimes: {}
06-11 10:45:46.302  3189  5627 I OplusJoystickManager: read game pad state for game manager -> false
06-11 10:45:46.302  3189  5627 W OplusJoystickManager: mInterceptGamepadKey is false
06-11 10:45:46.302  3189  5627 D OplusCustomizeRestrictionManagerService: isLongPressVolumeUpDisabled start
06-11 10:45:46.302  3189  5627 I STKeyLog_StrategyDisableBottomKey: onBeforeQueueing : mIsUpGestureMode=false,mDisableBottomKeyMode0
06-11 10:45:46.302  3189  5627 D STKeyLog_StrategyBlackscreenshot: notifyKeyBeforeQueueing, downTime201440023, action=0, interactive=true
06-11 10:45:46.303  3189  5627 D KEYLOG_PhoneWindowManager: interceptKeyBeforeQueueing downTime=201440023 action = 0 interactive=true keyguardActive=false policyFlags=2b000000 isInjected=true isWakeKey=false isKeyGestureTriggered=false
06-11 10:45:46.303  3189  5627 I VibratorManagerServiceExtImpl: cancelVibrate uid=1000, pid=3189, usageFilter=-15, token=193946947
06-11 10:45:46.303  3189  5627 D AS.AudioService: uid 1000, callingApp = android.uid.system:1000
06-11 10:45:46.305  3189  3332 D PowerManagerService: userActivityNoUpdateLocked: groupId=0, eventTime=201440023, event=button, flags=0x0, uid=1000
06-11 10:45:46.305  4329 24904 D RingtonePlayer: stopAsync()
06-11 10:45:46.308  4329 24904 D RingtonePlayer: stop
06-11 10:45:46.344  4329  4513 I SystemUi--Statusbar: OplusNetworkSpeedControllExImpl-->updateNetworkSpeed: isConnected:true,isSwitchOn:true,isSuspend:false,isPause:false
06-11 10:45:46.351  4329  4513 I SystemUi--Statusbar: OplusNetworkSpeedControllExImpl-->getTotalByte: totalRxBytes:11611034980,totalTxBytes:3543208620,loopbackTxBytes:2982678159,loopbackRxBytes:2982677679 ,totalBytes:9188887762
06-11 10:45:46.375 25958 26017 D RealConnection:: Platform.get().getSelectedProtocol(sslSocket):http/1.1
06-11 10:45:46.375 25958 26017 D RealConnection:: supportsTlsExtensions:true
06-11 10:45:46.376 25958 26017 D RealConnection:: maybeProtocol:http/1.1
06-11 10:45:46.376 25958 26017 D RealConnection:: protocol:http/1.1
06-11 10:45:46.451  3189  3806 E OplusInputDeviceUtil: api level < 36 or inputDevice is null, return false
06-11 10:45:46.452  3189  3806 D KEYLOG_KeyGestureControllerExtlmpl: interceptOldShortcuts, mIsShortCutMenuShow = false mPendingMetaActionForOld = false mLongPressHandled = false
06-11 10:45:46.452  3189  3806 D STKeyLog_StrategyPadKeyBoardShortcut: excuteShortCut, interactive = true
06-11 10:45:46.452  3189  3806 D OplusCustomizeRestrictionManagerService: isLongPressVolumeUpDisabled start
06-11 10:45:46.454  3189  3332 D PowerManagerService: userActivityNoUpdateLocked: groupId=0, eventTime=201440023, event=button, flags=0x0, uid=1000
06-11 10:45:46.460  9206  9206 I GlobalHandwriting: onUpdateEditorToolType = 0
06-11 10:45:46.461  1667 15952 I sensors-hal: handle_oplus_wise_rgb_event:230, wise_rgb:algo_type = 3
06-11 10:45:46.461  1667 15952 I sensors-hal: handle_oplus_wise_rgb_event:285, wise_rgb: raw_lux 492.113159, raw_cct 6390.406738, r/g/b/c: 40404.382812/35221.550781/19953.705078/88930.726562, R/G/B: 0.000000/0.000000/0.000000, brl 1529.000000, lux: 492.113159, cct: 6390.406738, ts 243343779433968, cnt 7386
06-11 10:45:46.474  6058  6058 I CameraCtrl: pinchStart hasAnchor=1 center=(620,1386)
06-11 10:45:46.474  6058  6058 I MinimalGlobe: Debug zoom scale=1.18 | tiles vis=41 cached=26 renderSurface=25 exact=25 parent=0 missing=0 unsupported=16 kicked=0 retained=0 z=2-11 targetZ=2-11 texZ=2-11 lod=512 eq=1 qRender=41 qWalk=64 qBal=0 qFrustum=79 qHz=35 qEq2=0 grp=25/0/16 ellAlt=24600.00 sphAlt=19410.11 radius=6397547.11 FPS=60.1 draw=27
06-11 10:45:46.475  3189  5627 D KEYLOG_KeyCombinationManager: down false downTime 201440023 action 1 count 1 isDefaultDisplayInteractive true eventTime 201440198 mDownTimes: {24=201440023}
06-11 10:45:46.476  3189  5627 D KEYLOG_PhoneWindowManagerExtImpl: overrideInterceptKeyBeforeQueueing:KeyEvent { action=ACTION_UP, keyCode=KEYCODE_VOLUME_UP, scanCode=0, metaState=0, flags=0x0, repeatCount=0, eventTime=201440198000000, downTime=201440023000000, deviceId=-1, source=0x0, displayId=-1 },  keyguardOn = false,  screenOn = true,  policyFlags = 721420288,  SosPowerKeyEnabled = true,  WalletSwitchState = 1,  IsQuickLaunchSupport = true,  IsDoubleCheckAppSupport = false,  isQuickAppOn=false,  canceled = false
06-11 10:45:46.476  3189  5627 D KEYLOG_OplusKeyCombinationManager: down false keyCode 24 count 0 interactive true eventTime 201440198 mDownTimes: {24=201440023}
06-11 10:45:46.476  3189  5627 I OplusJoystickManager: read game pad state for game manager -> false
06-11 10:45:46.476  3189  5627 W OplusJoystickManager: mInterceptGamepadKey is false
06-11 10:45:46.476  3189  5627 D OplusCustomizeRestrictionManagerService: isLongPressVolumeUpDisabled start
06-11 10:45:46.476  3189  5627 I STKeyLog_StrategyDisableBottomKey: onBeforeQueueing : mIsUpGestureMode=false,mDisableBottomKeyMode0
06-11 10:45:46.476  3189  5627 D STKeyLog_StrategyBlackscreenshot: notifyKeyBeforeQueueing, downTime201440023, action=1, interactive=true
06-11 10:45:46.476  3189  5627 D KEYLOG_PhoneWindowManager: interceptKeyBeforeQueueing downTime=201440023 action = 1 interactive=true keyguardActive=false policyFlags=2b000000 isInjected=true isWakeKey=false isKeyGestureTriggered=false
06-11 10:45:46.477  3189  3332 D PowerManagerService: userActivityNoUpdateLocked: groupId=0, eventTime=201440198, event=button, flags=0x0, uid=1000
06-11 10:45:46.477  3189  3806 E OplusInputDeviceUtil: api level < 36 or inputDevice is null, return false
06-11 10:45:46.477  3189  3806 D STKeyLog_StrategyPadKeyBoardShortcut: excuteShortCut, interactive = true
06-11 10:45:46.477  3189  3806 D OplusCustomizeRestrictionManagerService: isLongPressVolumeUpDisabled start
06-11 10:45:46.478  3189  3332 D PowerManagerService: userActivityNoUpdateLocked: groupId=0, eventTime=201440198, event=button, flags=0x0, uid=1000
06-11 10:45:46.486  3189  5976 D MediaSessionService: dispatchVolumeKeyEvent, pkg=com.earthengine.minimalglobe, opPkg=com.earthengine.minimalglobe, pid=6058, uid=10602, asSystem=true, event=KeyEvent { action=ACTION_UP, keyCode=KEYCODE_VOLUME_UP, scanCode=0, metaState=0, flags=0x0, repeatCount=0, eventTime=201440198000000, downTime=201440023000000, deviceId=-1, source=0x0, displayId=-1 }, stream=-2147483648, musicOnly=false
06-11 10:45:46.486  3189  5976 D MediaSessionService: Adjusting suggestedStream=-2147483648 by 0. flags=4116, preferSuggestedStream=false, session=null, musicOnly false
06-11 10:45:46.487  3189  3189 E MediaSessionService: sPid is 3189 sTid:3189
06-11 10:45:46.491  3189  3189 D AudioServiceExtImpl: ringVolumeDefault :0
06-11 10:45:46.491  3189  3189 V AudioServiceExtImpl: oplusGetParameters() keyValuePairs:OPLUS_AUDIO_GET_ADJUSTVOLUME_FORBID, uid: 1000
06-11 10:45:46.492  3189  3189 D AS.AudioService: sendVolumeUpdate streamType=3, index=800, flags=4112
06-11 10:45:46.492  3189  3189 D VolumeController: postVolumeChanged streamType=3, flags=4112
06-11 10:45:46.493  4329  5186 I SystemUi--Volume: vol.VolumeDialogControl-->shouldShowUI wakefulness:2 ,mDeviceInteractive:true ,mShowVolumeDialog:true
06-11 10:45:46.494  4329  5186 I SystemUi--Volume: vol.VolumeDialogControl-->onVolumeChangedW stream:3,flags:4112 ,showUI:false ,fromKey:true ,showVibrateHint:false ,showSilentHint:false ,changed:false
06-11 10:45:46.494  4329  5186 I SystemUi--Volume: vol.VolumeDialogControl-->shouldShowUI wakefulness:2 ,mDeviceInteractive:true ,mShowVolumeDialog:true
06-11 10:45:46.494  4329  4329 I SystemUi--Volume: OplusVolumeDialogImpl-->onVolumeKeyStateChange isMultiMediaSettingsEnable:false,screenState:2
06-11 10:45:46.545  3189  3765 V AlarmManager: sending alarm Alarm{bd5576 type 1 origWhen 1781145946545 whenElapsed 243343871 android} uid 1000 whenElapsed 243343871 windowLength 0 maxWhenElapsed 243343871 repeatInterval 0 action null component null tag StorgaeBandInfoAlarmTag flags 0x9 procName system_server
06-11 10:45:46.546  3189 27614 E OplusStorageUFSBandwidth: storage_io_metrics_path is /proc/oplus_storage/io_metrics/forever/
06-11 10:45:46.547  3189 27614 E OplusStorageUFSBandwidth: Bandwidth - Read: 0.50 MB/s, Write: 3.00 MB/s
06-11 10:45:46.547  3189 27614 E OplusStorageUFSBandwidth: Task time: 1ms
06-11 10:45:46.558  3189 27614 E OplusStorageUFSBandwidth: Alarm set to trigger in 10 seconds
06-11 10:45:46.610  4329  5643 V OplusCustomizeCacheManager: queryCache name: cache_key.system_server.common_customize_cache18013 param: null
06-11 10:45:46.610  4329  5643 V OplusCustomizeCacheManager: queryCache name: cache_key.system_server.common_customize_cache18015 param: null
06-11 10:45:46.611  4329  5643 V OplusCustomizeCacheManager: queryCache name: cache_key.system_server.common_customize_cache18017 param: Bundle[{SETTING=BLOCK, BUSINESS=NCT-DATA}]
06-11 10:45:46.662  1667 15952 I sensors-hal: handle_oplus_wise_rgb_event:230, wise_rgb:algo_type = 3
06-11 10:45:46.662  1667 15952 I sensors-hal: handle_oplus_wise_rgb_event:285, wise_rgb: raw_lux 494.213257, raw_cct 6426.283203, r/g/b/c: 40255.945312/35154.273438/19989.257812/88938.593750, R/G/B: 0.000000/0.000000/0.000000, brl 1529.000000, lux: 494.213257, cct: 6426.283203, ts 243343979350270, cnt 7387
06-11 10:45:46.704  3189  4433 I OplusHansManager : uid=10307, pkg=com.coloros.shortcuts can not transition from M to F. reason: Provider
06-11 10:45:46.755  4639  8246 D CommonApp-194-10602: transport layer data is invalid
06-11 10:45:46.757  4639  8246 D ScorePolicy: handleScoreChanged: []
06-11 10:45:46.757  4639  8246 D ScorePolicy: handleScoreChanged: []
06-11 10:45:46.757  4639  8246 D ScorePolicy: handleScoreChanged: []
06-11 10:45:46.811  3189  5627 D KEYLOG_KeyCombinationManager: down true downTime 201440534 action 0 count 0 isDefaultDisplayInteractive true eventTime 201440534 mDownTimes: {}
06-11 10:45:46.811  3189  5627 D KEYLOG_PhoneWindowManagerExtImpl: overrideInterceptKeyBeforeQueueing:KeyEvent { action=ACTION_DOWN, keyCode=KEYCODE_VOLUME_UP, scanCode=0, metaState=0, flags=0x0, repeatCount=0, eventTime=201440534000000, downTime=201440534000000, deviceId=-1, source=0x0, displayId=-1 },  keyguardOn = false,  screenOn = true,  policyFlags = 721420288,  SosPowerKeyEnabled = true,  WalletSwitchState = 1,  IsQuickLaunchSupport = true,  IsDoubleCheckAppSupport = false,  isQuickAppOn=false,  canceled = false
06-11 10:45:46.811  3189  5627 D KEYLOG_OplusKeyCombinationManager: down true keyCode 24 count 0 interactive true eventTime 201440534 mDownTimes: {}
06-11 10:45:46.812  3189  5627 I OplusJoystickManager: read game pad state for game manager -> false
06-11 10:45:46.812  3189  5627 W OplusJoystickManager: mInterceptGamepadKey is false
06-11 10:45:46.812  3189  5627 D OplusCustomizeRestrictionManagerService: isLongPressVolumeUpDisabled start
06-11 10:45:46.812  3189  5627 I STKeyLog_StrategyDisableBottomKey: onBeforeQueueing : mIsUpGestureMode=false,mDisableBottomKeyMode0
06-11 10:45:46.812  3189  5627 D STKeyLog_StrategyBlackscreenshot: notifyKeyBeforeQueueing, downTime201440534, action=0, interactive=true
06-11 10:45:46.812  3189  5627 D KEYLOG_PhoneWindowManager: interceptKeyBeforeQueueing downTime=201440534 action = 0 interactive=true keyguardActive=false policyFlags=2b000000 isInjected=true isWakeKey=false isKeyGestureTriggered=false
06-11 10:45:46.812  3189  5627 I VibratorManagerServiceExtImpl: cancelVibrate uid=1000, pid=3189, usageFilter=-15, token=193946947
06-11 10:45:46.813  3189  5627 D AS.AudioService: uid 1000, callingApp = android.uid.system:1000
06-11 10:45:46.814  3189  3332 D PowerManagerService: userActivityNoUpdateLocked: groupId=0, eventTime=201440534, event=button, flags=0x0, uid=1000
06-11 10:45:46.816  4329 24904 D RingtonePlayer: stopAsync()
06-11 10:45:46.816  4329 24904 D RingtonePlayer: stop
06-11 10:45:46.864  1667 15952 I sensors-hal: handle_oplus_wise_rgb_event:230, wise_rgb:algo_type = 3
06-11 10:45:46.864  1667 15952 I sensors-hal: handle_oplus_wise_rgb_event:285, wise_rgb: raw_lux 495.922119, raw_cct 6392.841797, r/g/b/c: 40173.285156/35168.097656/19906.048828/88743.804688, R/G/B: 0.000000/0.000000/0.000000, brl 1529.000000, lux: 495.922119, cct: 6392.841797, ts 243344179037145, cnt 7388
06-11 10:45:46.962  3189  3806 E OplusInputDeviceUtil: api level < 36 or inputDevice is null, return false
06-11 10:45:46.963  3189  3806 D KEYLOG_KeyGestureControllerExtlmpl: interceptOldShortcuts, mIsShortCutMenuShow = false mPendingMetaActionForOld = false mLongPressHandled = false
06-11 10:45:46.963  3189  3806 D STKeyLog_StrategyPadKeyBoardShortcut: excuteShortCut, interactive = true
06-11 10:45:46.964  3189  3806 D OplusCustomizeRestrictionManagerService: isLongPressVolumeUpDisabled start
06-11 10:45:46.966  3189  3332 D PowerManagerService: userActivityNoUpdateLocked: groupId=0, eventTime=201440534, event=button, flags=0x0, uid=1000
06-11 10:45:46.973  9206  9206 I GlobalHandwriting: onUpdateEditorToolType = 0
06-11 10:45:46.973  6058  6058 I MinimalGlobe: Debug zoom scale=1.18 | tiles vis=41 cached=26 renderSurface=25 exact=25 parent=0 missing=0 unsupported=16 kicked=0 retained=0 z=2-11 targetZ=2-11 texZ=2-11 lod=512 eq=1 qRender=41 qWalk=61 qBal=0 qFrustum=76 qHz=35 qEq2=0 grp=25/0/16 ellAlt=20172.00 sphAlt=14982.13 radius=6393119.13 FPS=60.1 draw=27
06-11 10:45:46.974  3189  5627 D KEYLOG_KeyCombinationManager: down false downTime 201440534 action 1 count 1 isDefaultDisplayInteractive true eventTime 201440697 mDownTimes: {24=201440534}
06-11 10:45:46.975  3189  5627 D KEYLOG_PhoneWindowManagerExtImpl: overrideInterceptKeyBeforeQueueing:KeyEvent { action=ACTION_UP, keyCode=KEYCODE_VOLUME_UP, scanCode=0, metaState=0, flags=0x0, repeatCount=0, eventTime=201440697000000, downTime=201440534000000, deviceId=-1, source=0x0, displayId=-1 },  keyguardOn = false,  screenOn = true,  policyFlags = 721420288,  SosPowerKeyEnabled = true,  WalletSwitchState = 1,  IsQuickLaunchSupport = true,  IsDoubleCheckAppSupport = false,  isQuickAppOn=false,  canceled = false
06-11 10:45:46.975  3189  5627 D KEYLOG_OplusKeyCombinationManager: down false keyCode 24 count 0 interactive true eventTime 201440697 mDownTimes: {24=201440534}
06-11 10:45:46.975  3189  5627 I OplusJoystickManager: read game pad state for game manager -> false
06-11 10:45:46.976  3189  5627 W OplusJoystickManager: mInterceptGamepadKey is false
06-11 10:45:46.976  3189  5627 D OplusCustomizeRestrictionManagerService: isLongPressVolumeUpDisabled start
06-11 10:45:46.976  3189  5627 I STKeyLog_StrategyDisableBottomKey: onBeforeQueueing : mIsUpGestureMode=false,mDisableBottomKeyMode0
06-11 10:45:46.976  3189  5627 D STKeyLog_StrategyBlackscreenshot: notifyKeyBeforeQueueing, downTime201440534, action=1, interactive=true
06-11 10:45:46.976  3189  5627 D KEYLOG_PhoneWindowManager: interceptKeyBeforeQueueing downTime=201440534 action = 1 interactive=true keyguardActive=false policyFlags=2b000000 isInjected=true isWakeKey=false isKeyGestureTriggered=false
06-11 10:45:46.977  3189  3806 E OplusInputDeviceUtil: api level < 36 or inputDevice is null, return false
06-11 10:45:46.977  3189  3332 D PowerManagerService: userActivityNoUpdateLocked: groupId=0, eventTime=201440697, event=button, flags=0x0, uid=1000
06-11 10:45:46.977  3189  3806 D STKeyLog_StrategyPadKeyBoardShortcut: excuteShortCut, interactive = true
06-11 10:45:46.977  3189  3806 D OplusCustomizeRestrictionManagerService: isLongPressVolumeUpDisabled start
06-11 10:45:46.979  3189  3332 D PowerManagerService: userActivityNoUpdateLocked: groupId=0, eventTime=201440697, event=button, flags=0x0, uid=1000
06-11 10:45:46.981  3189  3336 D OplusFeatureHDREnhanceBrightness: checkIsPlayingHDR isPlayingHDR=0 rotation=0 whiteApp=false battery=100
06-11 10:45:46.989  3189  5976 D MediaSessionService: dispatchVolumeKeyEvent, pkg=com.earthengine.minimalglobe, opPkg=com.earthengine.minimalglobe, pid=6058, uid=10602, asSystem=true, event=KeyEvent { action=ACTION_UP, keyCode=KEYCODE_VOLUME_UP, scanCode=0, metaState=0, flags=0x0, repeatCount=0, eventTime=201440697000000, downTime=201440534000000, deviceId=-1, source=0x0, displayId=-1 }, stream=-2147483648, musicOnly=false
06-11 10:45:46.989  3189  5976 D MediaSessionService: Adjusting suggestedStream=-2147483648 by 0. flags=4116, preferSuggestedStream=false, session=null, musicOnly false
06-11 10:45:46.989  3189  3189 E MediaSessionService: sPid is 3189 sTid:3189
06-11 10:45:46.996  3189  3189 D AudioServiceExtImpl: ringVolumeDefault :0
06-11 10:45:46.997  3189  3189 V AudioServiceExtImpl: oplusGetParameters() keyValuePairs:OPLUS_AUDIO_GET_ADJUSTVOLUME_FORBID, uid: 1000
06-11 10:45:46.998  3189  3189 D AS.AudioService: sendVolumeUpdate streamType=3, index=800, flags=4112
06-11 10:45:46.998  3189  3189 D VolumeController: postVolumeChanged streamType=3, flags=4112
06-11 10:45:46.999  4329  5186 I SystemUi--Volume: vol.VolumeDialogControl-->shouldShowUI wakefulness:2 ,mDeviceInteractive:true ,mShowVolumeDialog:true
06-11 10:45:47.002  4329  5186 I SystemUi--Volume: vol.VolumeDialogControl-->onVolumeChangedW stream:3,flags:4112 ,showUI:false ,fromKey:true ,showVibrateHint:false ,showSilentHint:false ,changed:false
06-11 10:45:47.002  4329  5186 I SystemUi--Volume: vol.VolumeDialogControl-->shouldShowUI wakefulness:2 ,mDeviceInteractive:true ,mShowVolumeDialog:true
06-11 10:45:47.002  4329  4329 I SystemUi--Volume: OplusVolumeDialogImpl-->onVolumeKeyStateChange isMultiMediaSettingsEnable:false,screenState:2
06-11 10:45:47.064  1667 15952 I sensors-hal: handle_oplus_wise_rgb_event:230, wise_rgb:algo_type = 3
06-11 10:45:47.064  1667 15952 I sensors-hal: get_brightness:1652, light_iface: get_brightness, brl 1529, pwm_turbo_on 0/0, hbm_dc 0
06-11 10:45:47.064  1667 15952 I sensors-hal: handle_oplus_wise_rgb_event:285, wise_rgb: raw_lux 506.677917, raw_cct 6275.413086, r/g/b/c: 40326.582031/35245.675781/19537.341797/89012.679688, R/G/B: 0.000000/0.000000/0.000000, brl 1529.000000, lux: 506.677917, cct: 6275.413086, ts 243344378743031, cnt 7389
06-11 10:45:47.248  1800  1924 D BatteryChargeControl: bcc get no support from charging protocol
06-11 10:45:47.262  1667 15952 I sensors-hal: handle_oplus_wise_rgb_event:230, wise_rgb:algo_type = 3
06-11 10:45:47.262  1667 15952 I sensors-hal: handle_oplus_wise_rgb_event:285, wise_rgb: raw_lux 502.995239, raw_cct 6219.832031, r/g/b/c: 40440.621094/35298.808594/19643.394531/89187.710938, R/G/B: 0.000000/0.000000/0.000000, brl 1529.000000, lux: 502.995239, cct: 6219.832031, ts 243344578446312, cnt 7390
06-11 10:45:47.348  3189  5627 D KEYLOG_KeyCombinationManager: down true downTime 201441070 action 0 count 0 isDefaultDisplayInteractive true eventTime 201441070 mDownTimes: {}
06-11 10:45:47.348  3189  5627 D KEYLOG_PhoneWindowManagerExtImpl: overrideInterceptKeyBeforeQueueing:KeyEvent { action=ACTION_DOWN, keyCode=KEYCODE_VOLUME_UP, scanCode=0, metaState=0, flags=0x0, repeatCount=0, eventTime=201441070000000, downTime=201441070000000, deviceId=-1, source=0x0, displayId=-1 },  keyguardOn = false,  screenOn = true,  policyFlags = 721420288,  SosPowerKeyEnabled = true,  WalletSwitchState = 1,  IsQuickLaunchSupport = true,  IsDoubleCheckAppSupport = false,  isQuickAppOn=false,  canceled = false
06-11 10:45:47.348  3189  5627 D KEYLOG_OplusKeyCombinationManager: down true keyCode 24 count 0 interactive true eventTime 201441070 mDownTimes: {}
06-11 10:45:47.348  3189  5627 I OplusJoystickManager: read game pad state for game manager -> false
06-11 10:45:47.348  3189  5627 W OplusJoystickManager: mInterceptGamepadKey is false
06-11 10:45:47.348  3189  5627 D OplusCustomizeRestrictionManagerService: isLongPressVolumeUpDisabled start
06-11 10:45:47.348  3189  5627 I STKeyLog_StrategyDisableBottomKey: onBeforeQueueing : mIsUpGestureMode=false,mDisableBottomKeyMode0
06-11 10:45:47.348  3189  5627 D STKeyLog_StrategyBlackscreenshot: notifyKeyBeforeQueueing, downTime201441070, action=0, interactive=true
06-11 10:45:47.349  3189  5627 D KEYLOG_PhoneWindowManager: interceptKeyBeforeQueueing downTime=201441070 action = 0 interactive=true keyguardActive=false policyFlags=2b000000 isInjected=true isWakeKey=false isKeyGestureTriggered=false
06-11 10:45:47.349  3189  5627 I VibratorManagerServiceExtImpl: cancelVibrate uid=1000, pid=3189, usageFilter=-15, token=193946947
06-11 10:45:47.350  3189  5627 D AS.AudioService: uid 1000, callingApp = android.uid.system:1000
06-11 10:45:47.351  4329 28033 D RingtonePlayer: stopAsync()
06-11 10:45:47.351  4329 28033 D RingtonePlayer: stop
06-11 10:45:47.351  3189  3332 D PowerManagerService: userActivityNoUpdateLocked: groupId=0, eventTime=201441070, event=button, flags=0x0, uid=1000
06-11 10:45:47.461  1667 15952 I sensors-hal: handle_oplus_wise_rgb_event:230, wise_rgb:algo_type = 3
06-11 10:45:47.461  1667 15952 I sensors-hal: handle_oplus_wise_rgb_event:285, wise_rgb: raw_lux 507.146179, raw_cct 6245.214844, r/g/b/c: 40476.492188/35242.875000/19689.435547/89179.804688, R/G/B: 0.000000/0.000000/0.000000, brl 1529.000000, lux: 507.146179, cct: 6245.214844, ts 243344778144906, cnt 7391
06-11 10:45:47.469  1877  2435 D VRR [OTI]: handleIdle from 0 to 1
06-11 10:45:47.470  1877  2435 D VRR [OTI-HW]: isStateReady 1
06-11 10:45:47.470  1877  2435 D VRR [OTI-HW]: keep rate.
06-11 10:45:47.498  3189  3806 E OplusInputDeviceUtil: api level < 36 or inputDevice is null, return false
06-11 10:45:47.499  3189  3806 D KEYLOG_KeyGestureControllerExtlmpl: interceptOldShortcuts, mIsShortCutMenuShow = false mPendingMetaActionForOld = false mLongPressHandled = false
06-11 10:45:47.499  3189  3806 D STKeyLog_StrategyPadKeyBoardShortcut: excuteShortCut, interactive = true
06-11 10:45:47.500  3189  3806 D OplusCustomizeRestrictionManagerService: isLongPressVolumeUpDisabled start
06-11 10:45:47.501  3189  3332 D PowerManagerService: userActivityNoUpdateLocked: groupId=0, eventTime=201441070, event=button, flags=0x0, uid=1000
06-11 10:45:47.505  9206  9206 I GlobalHandwriting: onUpdateEditorToolType = 0
06-11 10:45:47.505  6058  6058 I MinimalGlobe: Debug zoom scale=1.18 | tiles vis=41 cached=26 renderSurface=25 exact=25 parent=0 missing=0 unsupported=16 kicked=0 retained=0 z=2-11 targetZ=2-11 texZ=2-11 lod=512 eq=1 qRender=41 qWalk=61 qBal=0 qFrustum=76 qHz=35 qEq2=0 grp=25/0/16 ellAlt=16541.04 sphAlt=11351.19 radius=6389488.19 FPS=60.0 draw=27
06-11 10:45:47.506  3189  5627 D KEYLOG_KeyCombinationManager: down false downTime 201441070 action 1 count 1 isDefaultDisplayInteractive true eventTime 201441229 mDownTimes: {24=201441070}
06-11 10:45:47.506  3189  5627 D KEYLOG_PhoneWindowManagerExtImpl: overrideInterceptKeyBeforeQueueing:KeyEvent { action=ACTION_UP, keyCode=KEYCODE_VOLUME_UP, scanCode=0, metaState=0, flags=0x0, repeatCount=0, eventTime=201441229000000, downTime=201441070000000, deviceId=-1, source=0x0, displayId=-1 },  keyguardOn = false,  screenOn = true,  policyFlags = 721420288,  SosPowerKeyEnabled = true,  WalletSwitchState = 1,  IsQuickLaunchSupport = true,  IsDoubleCheckAppSupport = false,  isQuickAppOn=false,  canceled = false
06-11 10:45:47.507  3189  5627 D KEYLOG_OplusKeyCombinationManager: down false keyCode 24 count 0 interactive true eventTime 201441229 mDownTimes: {24=201441070}
06-11 10:45:47.507  3189  5627 I OplusJoystickManager: read game pad state for game manager -> false
06-11 10:45:47.507  3189  5627 W OplusJoystickManager: mInterceptGamepadKey is false
06-11 10:45:47.507  3189  5627 D OplusCustomizeRestrictionManagerService: isLongPressVolumeUpDisabled start
06-11 10:45:47.507  3189  5627 I STKeyLog_StrategyDisableBottomKey: onBeforeQueueing : mIsUpGestureMode=false,mDisableBottomKeyMode0
06-11 10:45:47.507  3189  5627 D STKeyLog_StrategyBlackscreenshot: notifyKeyBeforeQueueing, downTime201441070, action=1, interactive=true
06-11 10:45:47.507  3189  5627 D KEYLOG_PhoneWindowManager: interceptKeyBeforeQueueing downTime=201441070 action = 1 interactive=true keyguardActive=false policyFlags=2b000000 isInjected=true isWakeKey=false isKeyGestureTriggered=false
06-11 10:45:47.508  3189  3806 E OplusInputDeviceUtil: api level < 36 or inputDevice is null, return false
06-11 10:45:47.508  3189  3332 D PowerManagerService: userActivityNoUpdateLocked: groupId=0, eventTime=201441229, event=button, flags=0x0, uid=1000
06-11 10:45:47.508  3189  3806 D STKeyLog_StrategyPadKeyBoardShortcut: excuteShortCut, interactive = true
06-11 10:45:47.508  3189  3806 D OplusCustomizeRestrictionManagerService: isLongPressVolumeUpDisabled start
06-11 10:45:47.509  3189  3332 D PowerManagerService: userActivityNoUpdateLocked: groupId=0, eventTime=201441229, event=button, flags=0x0, uid=1000
06-11 10:45:47.515  3189  3263 D AppProfilerExtImpl: Skipped pss collection for bg CPU busy
06-11 10:45:47.517  6058  6645 I AndroidBridge: androidHttpGet: env=0xb400007a0aba7840 gJniHttpHelperClass=0x30a6 gHttpGetMethod=0x1 url=https://webst01.is.autonavi.com/appmaptile?style=6&x=3259&y=1693&z=12
06-11 10:45:47.517  6058  6645 I JniHttpHelper: httpGet called: https://webst01.is.autonavi.com/appmaptile?style=6&x=3259&y=1693&z=12
06-11 10:45:47.517  6058  6644 I AndroidBridge: androidHttpGet: env=0xb400007a0aba8560 gJniHttpHelperClass=0x30a6 gHttpGetMethod=0x1 url=https://webst04.is.autonavi.com/appmaptile?style=6&x=3258&y=1693&z=12
06-11 10:45:47.518  6058  6644 I JniHttpHelper: httpGet called: https://webst04.is.autonavi.com/appmaptile?style=6&x=3258&y=1693&z=12
06-11 10:45:47.518  6058  6649 I AndroidBridge: androidHttpGet: env=0xb400007a7da10260 gJniHttpHelperClass=0x30a6 gHttpGetMethod=0x1 url=https://webst02.is.autonavi.com/appmaptile?style=6&x=3260&y=1693&z=12
06-11 10:45:47.518  6058  6649 I JniHttpHelper: httpGet called: https://webst02.is.autonavi.com/appmaptile?style=6&x=3260&y=1693&z=12
06-11 10:45:47.519  6058  6652 I AndroidBridge: androidHttpGet: env=0xb400007a0aba89c0 gJniHttpHelperClass=0x30a6 gHttpGetMethod=0x1 url=https://webst04.is.autonavi.com/appmaptile?style=6&x=3259&y=1696&z=12
06-11 10:45:47.519  6058  6653 I AndroidBridge: androidHttpGet: env=0xb400007a7da12800 gJniHttpHelperClass=0x30a6 gHttpGetMethod=0x1 url=https://webst01.is.autonavi.com/appmaptile?style=6&x=3260&y=1696&z=12
06-11 10:45:47.519  6058  6653 I JniHttpHelper: httpGet called: https://webst01.is.autonavi.com/appmaptile?style=6&x=3260&y=1696&z=12
06-11 10:45:47.519  6058  6648 I AndroidBridge: androidHttpGet: env=0xb400007a0aba8d40 gJniHttpHelperClass=0x30a6 gHttpGetMethod=0x1 url=https://webst03.is.autonavi.com/appmaptile?style=6&x=3259&y=1695&z=12
06-11 10:45:47.519  6058  6648 I JniHttpHelper: httpGet called: https://webst03.is.autonavi.com/appmaptile?style=6&x=3259&y=1695&z=12
06-11 10:45:47.520  6058  6652 I JniHttpHelper: httpGet called: https://webst04.is.autonavi.com/appmaptile?style=6&x=3259&y=1696&z=12
06-11 10:45:47.520  6058  6650 I AndroidBridge: androidHttpGet: env=0xb400007a7da12b80 gJniHttpHelperClass=0x30a6 gHttpGetMethod=0x1 url=https://webst03.is.autonavi.com/appmaptile?style=6&x=3260&y=1694&z=12
06-11 10:45:47.520  6058  6225 I QMTerrain: httpGet ENTER: http://192.168.1.6:8091/12/3260/1371.terrain
06-11 10:45:47.520  6058  6225 I AndroidBridge: androidHttpGet: env=0xb400007a7da11d80 gJniHttpHelperClass=0x30a6 gHttpGetMethod=0x1 url=http://192.168.1.6:8091/12/3260/1371.terrain
06-11 10:45:47.520  6058  6225 I JniHttpHelper: httpGet called: http://192.168.1.6:8091/12/3260/1371.terrain
06-11 10:45:47.521  6058  6651 I AndroidBridge: androidHttpGet: env=0xb400007a0aba90c0 gJniHttpHelperClass=0x30a6 gHttpGetMethod=0x1 url=https://webst04.is.autonavi.com/appmaptile?style=6&x=3260&y=1695&z=12
06-11 10:45:47.521  6058  6650 I JniHttpHelper: httpGet called: https://webst03.is.autonavi.com/appmaptile?style=6&x=3260&y=1694&z=12
06-11 10:45:47.521  6058  6651 I JniHttpHelper: httpGet called: https://webst04.is.autonavi.com/appmaptile?style=6&x=3260&y=1695&z=12
06-11 10:45:47.523  6058  6647 I AndroidBridge: androidHttpGet: env=0xb400007a7da131a0 gJniHttpHelperClass=0x30a6 gHttpGetMethod=0x1 url=https://webst02.is.autonavi.com/appmaptile?style=6&x=3259&y=1694&z=12
06-11 10:45:47.523  6058  6647 I JniHttpHelper: httpGet called: https://webst02.is.autonavi.com/appmaptile?style=6&x=3259&y=1694&z=12
06-11 10:45:47.526  3189  5976 D MediaSessionService: dispatchVolumeKeyEvent, pkg=com.earthengine.minimalglobe, opPkg=com.earthengine.minimalglobe, pid=6058, uid=10602, asSystem=true, event=KeyEvent { action=ACTION_UP, keyCode=KEYCODE_VOLUME_UP, scanCode=0, metaState=0, flags=0x0, repeatCount=0, eventTime=201441229000000, downTime=201441070000000, deviceId=-1, source=0x0, displayId=-1 }, stream=-2147483648, musicOnly=false
06-11 10:45:47.526  3189  5976 D MediaSessionService: Adjusting suggestedStream=-2147483648 by 0. flags=4116, preferSuggestedStream=false, session=null, musicOnly false
06-11 10:45:47.526  3189  3189 E MediaSessionService: sPid is 3189 sTid:3189
06-11 10:45:47.533  6058  6644 I JniHttpHelper: httpGet OK: https://webst04.is.autonavi.com/appmaptile?style=6&x=3258&y=1693&z=12 -> 36063 bytes
06-11 10:45:47.534  3189  3189 D AudioServiceExtImpl: ringVolumeDefault :0
06-11 10:45:47.534  3189  3189 V AudioServiceExtImpl: oplusGetParameters() keyValuePairs:OPLUS_AUDIO_GET_ADJUSTVOLUME_FORBID, uid: 1000
06-11 10:45:47.534  3189  3189 D AS.AudioService: sendVolumeUpdate streamType=3, index=800, flags=4112
06-11 10:45:47.534  3189  3189 D VolumeController: postVolumeChanged streamType=3, flags=4112
06-11 10:45:47.537  4329  5186 I SystemUi--Volume: vol.VolumeDialogControl-->shouldShowUI wakefulness:2 ,mDeviceInteractive:true ,mShowVolumeDialog:true
06-11 10:45:47.538  4329  5186 I SystemUi--Volume: vol.VolumeDialogControl-->onVolumeChangedW stream:3,flags:4112 ,showUI:false ,fromKey:true ,showVibrateHint:false ,showSilentHint:false ,changed:false
06-11 10:45:47.538  4329  5186 I SystemUi--Volume: vol.VolumeDialogControl-->shouldShowUI wakefulness:2 ,mDeviceInteractive:true ,mShowVolumeDialog:true
06-11 10:45:47.538  4329  4329 I SystemUi--Volume: OplusVolumeDialogImpl-->onVolumeKeyStateChange isMultiMediaSettingsEnable:false,screenState:2
06-11 10:45:47.539  6058  6648 I JniHttpHelper: httpGet OK: https://webst03.is.autonavi.com/appmaptile?style=6&x=3259&y=1695&z=12 -> 36836 bytes
06-11 10:45:47.540  6058  6644 I AndroidBridge: Decoded image 256x256 from 36063 bytes
06-11 10:45:47.542  6058  6650 I JniHttpHelper: httpGet OK: https://webst03.is.autonavi.com/appmaptile?style=6&x=3260&y=1694&z=12 -> 37101 bytes
06-11 10:45:47.544  6058  6645 I JniHttpHelper: httpGet OK: https://webst01.is.autonavi.com/appmaptile?style=6&x=3259&y=1693&z=12 -> 39696 bytes
06-11 10:45:47.545  6058  6058 I BasemapLayer: Tile uploaded: 12/3258/1693 256x256
06-11 10:45:47.547  6058  6645 I AndroidBridge: Decoded image 256x256 from 39696 bytes
06-11 10:45:47.548  6058  6648 I AndroidBridge: Decoded image 256x256 from 36836 bytes
06-11 10:45:47.550  6058  6650 I AndroidBridge: Decoded image 256x256 from 37101 bytes
06-11 10:45:47.562  6058  6224 E JniHttpHelper: HTTP GET failed: http://192.168.1.6:8091/11/1630/684.terrain
06-11 10:45:47.562  6058  6224 E JniHttpHelper: java.net.SocketException: No route to host
06-11 10:45:47.562  6058  6224 E JniHttpHelper: 	at java.net.SocketOutputStream.socketWrite0(Native Method)
06-11 10:45:47.562  6058  6224 E JniHttpHelper: 	at java.net.SocketOutputStream.socketWrite(SocketOutputStream.java:116)
06-11 10:45:47.562  6058  6224 E JniHttpHelper: 	at java.net.SocketOutputStream.write(SocketOutputStream.java:156)
06-11 10:45:47.562  6058  6224 E JniHttpHelper: 	at com.android.okhttp.okio.Okio$1.write(Okio.java:78)
06-11 10:45:47.562  6058  6224 E JniHttpHelper: 	at com.android.okhttp.okio.AsyncTimeout$1.write(AsyncTimeout.java:157)
06-11 10:45:47.562  6058  6224 E JniHttpHelper: 	at com.android.okhttp.okio.RealBufferedSink.flush(RealBufferedSink.java:222)
06-11 10:45:47.562  6058  6224 E JniHttpHelper: 	at com.android.okhttp.internal.http.Http1xStream.finishRequest(Http1xStream.java:163)
06-11 10:45:47.562  6058  6224 E JniHttpHelper: 	at com.android.okhttp.internal.http.HttpEngine.readNetworkResponse(HttpEngine.java:748)
06-11 10:45:47.562  6058  6224 E JniHttpHelper: 	at com.android.okhttp.internal.http.HttpEngine.readResponse(HttpEngine.java:622)
06-11 10:45:47.562  6058  6224 E JniHttpHelper: 	at com.android.okhttp.internal.huc.HttpURLConnectionImpl.execute(HttpURLConnectionImpl.java:475)
06-11 10:45:47.562  6058  6224 E JniHttpHelper: 	at com.android.okhttp.internal.huc.HttpURLConnectionImpl.getResponse(HttpURLConnectionImpl.java:411)
06-11 10:45:47.562  6058  6224 E JniHttpHelper: 	at com.android.okhttp.internal.huc.HttpURLConnectionImpl.getResponseCode(HttpURLConnectionImpl.java:542)
06-11 10:45:47.562  6058  6224 E JniHttpHelper: 	at com.earthengine.minimalglobe.JniHttpHelper.httpGet(JniHttpHelper.java:54)
06-11 10:45:47.562  6058  6224 I QMTerrain: httpGet bridge: 0 bytes
06-11 10:45:47.562  6058  6224 I QMTerrain: requestTile: z=11 x=1630 y=1363 body=0 canceled=0
06-11 10:45:47.562  6058  6058 I BasemapLayer: Tile uploaded: 12/3259/1693 256x256
06-11 10:45:47.562  6058  6225 E JniHttpHelper: HTTP GET failed: http://192.168.1.6:8091/12/3260/1371.terrain
06-11 10:45:47.562  6058  6225 E JniHttpHelper: java.net.ConnectException: Failed to connect to /192.168.1.6:8091
06-11 10:45:47.562  6058  6225 E JniHttpHelper: 	at com.android.okhttp.internal.io.RealConnection.connectSocket(RealConnection.java:147)
06-11 10:45:47.562  6058  6225 E JniHttpHelper: 	at com.android.okhttp.internal.io.RealConnection.connect(RealConnection.java:116)
06-11 10:45:47.562  6058  6225 E JniHttpHelper: 	at com.android.okhttp.internal.http.StreamAllocation.findConnection(StreamAllocation.java:186)
06-11 10:45:47.562  6058  6225 E JniHttpHelper: 	at com.android.okhttp.internal.http.StreamAllocation.findHealthyConnection(StreamAllocation.java:128)
06-11 10:45:47.562  6058  6225 E JniHttpHelper: 	at com.android.okhttp.internal.http.StreamAllocation.newStream(StreamAllocation.java:97)
06-11 10:45:47.562  6058  6225 E JniHttpHelper: 	at com.android.okhttp.internal.http.HttpEngine.connect(HttpEngine.java:289)
06-11 10:45:47.562  6058  6225 E JniHttpHelper: 	at com.android.okhttp.internal.http.HttpEngine.sendRequest(HttpEngine.java:232)
06-11 10:45:47.562  6058  6225 E JniHttpHelper: 	at com.android.okhttp.internal.huc.HttpURLConnectionImpl.execute(HttpURLConnectionImpl.java:465)
06-11 10:45:47.562  6058  6225 E JniHttpHelper: 	at com.android.okhttp.internal.huc.HttpURLConnectionImpl.connect(HttpURLConnectionImpl.java:131)
06-11 10:45:47.562  6058  6225 E JniHttpHelper: 	at com.earthengine.minimalglobe.JniHttpHelper.httpGet(JniHttpHelper.java:52)
06-11 10:45:47.562  6058  6225 I QMTerrain: httpGet bridge: 0 bytes
06-11 10:45:47.562  6058  6225 I QMTerrain: requestTile: z=12 x=3260 y=2724 body=0 canceled=0
06-11 10:45:47.563  6058  6058 I BasemapLayer: Tile uploaded: 12/3259/1695 256x256
06-11 10:45:47.563  6058  6220 E JniHttpHelper: HTTP GET failed: http://192.168.1.6:8091/11/1630/685.terrain
06-11 10:45:47.563  6058  6220 E JniHttpHelper: java.net.ConnectException: Failed to connect to /192.168.1.6:8091
06-11 10:45:47.563  6058  6220 E JniHttpHelper: 	at com.android.okhttp.internal.io.RealConnection.connectSocket(RealConnection.java:147)
06-11 10:45:47.563  6058  6220 E JniHttpHelper: 	at com.android.okhttp.internal.io.RealConnection.connect(RealConnection.java:116)
06-11 10:45:47.563  6058  6220 E JniHttpHelper: 	at com.android.okhttp.internal.http.StreamAllocation.findConnection(StreamAllocation.java:186)
06-11 10:45:47.563  6058  6220 E JniHttpHelper: 	at com.android.okhttp.internal.http.StreamAllocation.findHealthyConnection(StreamAllocation.java:128)
06-11 10:45:47.563  6058  6220 E JniHttpHelper: 	at com.android.okhttp.internal.http.StreamAllocation.newStream(StreamAllocation.java:97)
06-11 10:45:47.563  6058  6220 E JniHttpHelper: 	at com.android.okhttp.internal.http.HttpEngine.connect(HttpEngine.java:289)
06-11 10:45:47.563  6058  6220 E JniHttpHelper: 	at com.android.okhttp.internal.http.HttpEngine.sendRequest(HttpEngine.java:232)
06-11 10:45:47.563  6058  6220 E JniHttpHelper: 	at com.android.okhttp.internal.huc.HttpURLConnectionImpl.execute(HttpURLConnectionImpl.java:465)
06-11 10:45:47.563  6058  6220 E JniHttpHelper: 	at com.android.okhttp.internal.huc.HttpURLConnectionImpl.connect(HttpURLConnectionImpl.java:131)
06-11 10:45:47.563  6058  6220 E JniHttpHelper: 	at com.earthengine.minimalglobe.JniHttpHelper.httpGet(JniHttpHelper.java:52)
06-11 10:45:47.563  6058  6220 I QMTerrain: httpGet bridge: 0 bytes
06-11 10:45:47.563  6058  6220 I QMTerrain: requestTile: z=11 x=1630 y=1362 body=0 canceled=0
06-11 10:45:47.585  6058  6651 I JniHttpHelper: httpGet OK: https://webst04.is.autonavi.com/appmaptile?style=6&x=3260&y=1695&z=12 -> 34595 bytes
06-11 10:45:47.592  6058  6651 I AndroidBridge: Decoded image 256x256 from 34595 bytes
06-11 10:45:47.593  6058  6647 I JniHttpHelper: httpGet OK: https://webst02.is.autonavi.com/appmaptile?style=6&x=3259&y=1694&z=12 -> 38539 bytes
06-11 10:45:47.594  6058  6058 I BasemapLayer: Tile uploaded: 12/3260/1694 256x256
06-11 10:45:47.594  6058  6058 I BasemapLayer: Tile uploaded: 12/3260/1695 256x256
06-11 10:45:47.595  6058  6649 I JniHttpHelper: httpGet OK: https://webst02.is.autonavi.com/appmaptile?style=6&x=3260&y=1693&z=12 -> 38796 bytes
06-11 10:45:47.595  6058  6652 I JniHttpHelper: httpGet OK: https://webst04.is.autonavi.com/appmaptile?style=6&x=3259&y=1696&z=12 -> 38032 bytes
06-11 10:45:47.597  6058  6647 I AndroidBridge: Decoded image 256x256 from 38539 bytes
06-11 10:45:47.599  6058  6652 I AndroidBridge: Decoded image 256x256 from 38032 bytes
06-11 10:45:47.599  6058  6649 I AndroidBridge: Decoded image 256x256 from 38796 bytes
06-11 10:45:47.600  6058  6653 I JniHttpHelper: httpGet OK: https://webst01.is.autonavi.com/appmaptile?style=6&x=3260&y=1696&z=12 -> 35576 bytes
06-11 10:45:47.604  6058  6653 I AndroidBridge: Decoded image 256x256 from 35576 bytes
06-11 10:45:47.610  6058  6058 I BasemapLayer: Tile uploaded: 12/3259/1694 256x256
06-11 10:45:47.611  6058  6058 I BasemapLayer: Tile uploaded: 12/3259/1696 256x256
06-11 10:45:47.624  9206  9229 I aidu.input_oppo: gc_priority_optimize fd is empty
06-11 10:45:47.624  9206  9229 I aidu.input_oppo: open sharedFd failed with Permission denied
06-11 10:45:47.624  9206  9229 I aidu.input_oppo: gc_priority_optimize set UX fail-1
06-11 10:45:47.624  9206  9229 I aidu.input_oppo: gc_priority_optimize fd is empty
06-11 10:45:47.624  9206  9229 I aidu.input_oppo: open sharedFd failed with Permission denied
06-11 10:45:47.624  9206  9229 I aidu.input_oppo: gc_priority_optimize set UX fail-1
06-11 10:45:47.645  6058  6058 I BasemapLayer: Tile uploaded: 12/3260/1693 256x256
06-11 10:45:47.645  6058  6058 I BasemapLayer: Tile uploaded: 12/3260/1696 256x256
06-11 10:45:47.660  1667 15952 I sensors-hal: handle_oplus_wise_rgb_event:230, wise_rgb:algo_type = 3
06-11 10:45:47.660  1667 15952 I sensors-hal: handle_oplus_wise_rgb_event:285, wise_rgb: raw_lux 506.638916, raw_cct 6392.514648, r/g/b/c: 40299.929688/35169.953125/19918.951172/89304.453125, R/G/B: 0.000000/0.000000/0.000000, brl 1529.000000, lux: 506.638916, cct: 6392.514648, ts 243344977825531, cnt 7392
06-11 10:45:47.660  1667 15988 I sensors-hal: handle_oplus_wise_rgb_event:301, oplus wise_rgb sample: (7392)(cct, lux, ir_ratio, r, g, b, c)[6392, 506, 34, 40299, 35169, 19918, 89304]
06-11 10:45:47.778  4639  8246 D CommonApp-194-10602: commonScoreStrategy scenarios 1
06-11 10:45:47.778  4639  8246 D CommonApp-194-10602: notifyScoreChange appScene COMMON score 100
06-11 10:45:47.779  4639  8246 D ScorePolicy: handleScoreChanged: []
06-11 10:45:47.779  4639  8246 D ScorePolicy: handleScoreChanged: []
06-11 10:45:47.779  4639  8246 D ScorePolicy: handleScoreChanged: []
06-11 10:45:47.861  1667 15952 I sensors-hal: handle_oplus_wise_rgb_event:230, wise_rgb:algo_type = 3
06-11 10:45:47.861  1667 15952 I sensors-hal: handle_oplus_wise_rgb_event:285, wise_rgb: raw_lux 502.340576, raw_cct 6440.020508, r/g/b/c: 40307.933594/35103.105469/19974.804688/89196.687500, R/G/B: 0.000000/0.000000/0.000000, brl 1529.000000, lux: 502.340576, cct: 6440.020508, ts 243345177481416, cnt 7393
06-11 10:45:47.869  6732  5945 W PTC.DATATRANS.d: [com.earthengine.minimalglobe] removed. Stop sending intent
06-11 10:45:47.872  3189  5627 D KEYLOG_KeyCombinationManager: down true downTime 201441595 action 0 count 0 isDefaultDisplayInteractive true eventTime 201441595 mDownTimes: {}
06-11 10:45:47.872  3189  5627 D KEYLOG_PhoneWindowManagerExtImpl: overrideInterceptKeyBeforeQueueing:KeyEvent { action=ACTION_DOWN, keyCode=KEYCODE_VOLUME_UP, scanCode=0, metaState=0, flags=0x0, repeatCount=0, eventTime=201441595000000, downTime=201441595000000, deviceId=-1, source=0x0, displayId=-1 },  keyguardOn = false,  screenOn = true,  policyFlags = 721420288,  SosPowerKeyEnabled = true,  WalletSwitchState = 1,  IsQuickLaunchSupport = true,  IsDoubleCheckAppSupport = false,  isQuickAppOn=false,  canceled = false
06-11 10:45:47.872  3189  5627 D KEYLOG_OplusKeyCombinationManager: down true keyCode 24 count 0 interactive true eventTime 201441595 mDownTimes: {}
06-11 10:45:47.872  3189  5627 I OplusJoystickManager: read game pad state for game manager -> false
06-11 10:45:47.872  3189  5627 W OplusJoystickManager: mInterceptGamepadKey is false
06-11 10:45:47.873  3189  5627 D OplusCustomizeRestrictionManagerService: isLongPressVolumeUpDisabled start
06-11 10:45:47.873  3189  5627 I STKeyLog_StrategyDisableBottomKey: onBeforeQueueing : mIsUpGestureMode=false,mDisableBottomKeyMode0
06-11 10:45:47.873  3189  5627 D STKeyLog_StrategyBlackscreenshot: notifyKeyBeforeQueueing, downTime201441595, action=0, interactive=true
06-11 10:45:47.873  3189  5627 D KEYLOG_PhoneWindowManager: interceptKeyBeforeQueueing downTime=201441595 action = 0 interactive=true keyguardActive=false policyFlags=2b000000 isInjected=true isWakeKey=false isKeyGestureTriggered=false
06-11 10:45:47.874  4329 24913 D RingtonePlayer: stopAsync()
06-11 10:45:47.874  4329 24913 D RingtonePlayer: stop
06-11 10:45:47.875  3189  5627 I VibratorManagerServiceExtImpl: cancelVibrate uid=1000, pid=3189, usageFilter=-15, token=193946947
06-11 10:45:47.875  3189  5627 D AS.AudioService: uid 1000, callingApp = android.uid.system:1000
06-11 10:45:47.876  3189  3332 D PowerManagerService: userActivityNoUpdateLocked: groupId=0, eventTime=201441595, event=button, flags=0x0, uid=1000
06-11 10:45:48.023  3189  3806 E OplusInputDeviceUtil: api level < 36 or inputDevice is null, return false
06-11 10:45:48.023  3189  3806 D KEYLOG_KeyGestureControllerExtlmpl: interceptOldShortcuts, mIsShortCutMenuShow = false mPendingMetaActionForOld = false mLongPressHandled = false
06-11 10:45:48.023  3189  3806 D STKeyLog_StrategyPadKeyBoardShortcut: excuteShortCut, interactive = true
06-11 10:45:48.023  3189  3806 D OplusCustomizeRestrictionManagerService: isLongPressVolumeUpDisabled start
06-11 10:45:48.024  3189  3332 D PowerManagerService: userActivityNoUpdateLocked: groupId=0, eventTime=201441595, event=button, flags=0x0, uid=1000
06-11 10:45:48.038  9206  9206 I GlobalHandwriting: onUpdateEditorToolType = 0
06-11 10:45:48.038  6058  6058 I MinimalGlobe: Debug zoom scale=1.18 | tiles vis=43 cached=35 renderSurface=27 exact=27 parent=0 missing=0 unsupported=16 kicked=0 retained=0 z=2-12 targetZ=2-12 texZ=2-12 lod=512 eq=1 qRender=43 qWalk=67 qBal=0 qFrustum=84 qHz=34 qEq2=0 grp=27/0/16 ellAlt=13563.66 sphAlt=8373.81 radius=6386510.81 FPS=59.3 draw=29
06-11 10:45:48.039  3189  5627 D KEYLOG_KeyCombinationManager: down false downTime 201441595 action 1 count 1 isDefaultDisplayInteractive true eventTime 201441762 mDownTimes: {24=201441595}
06-11 10:45:48.040  3189  5627 D KEYLOG_PhoneWindowManagerExtImpl: overrideInterceptKeyBeforeQueueing:KeyEvent { action=ACTION_UP, keyCode=KEYCODE_VOLUME_UP, scanCode=0, metaState=0, flags=0x0, repeatCount=0, eventTime=201441762000000, downTime=201441595000000, deviceId=-1, source=0x0, displayId=-1 },  keyguardOn = false,  screenOn = true,  policyFlags = 721420288,  SosPowerKeyEnabled = true,  WalletSwitchState = 1,  IsQuickLaunchSupport = true,  IsDoubleCheckAppSupport = false,  isQuickAppOn=false,  canceled = false
06-11 10:45:48.040  3189  5627 D KEYLOG_OplusKeyCombinationManager: down false keyCode 24 count 0 interactive true eventTime 201441762 mDownTimes: {24=201441595}
06-11 10:45:48.040  3189  5627 I OplusJoystickManager: read game pad state for game manager -> false
06-11 10:45:48.040  3189  5627 W OplusJoystickManager: mInterceptGamepadKey is false
06-11 10:45:48.040  3189  5627 D OplusCustomizeRestrictionManagerService: isLongPressVolumeUpDisabled start
06-11 10:45:48.040  3189  5627 I STKeyLog_StrategyDisableBottomKey: onBeforeQueueing : mIsUpGestureMode=false,mDisableBottomKeyMode0
06-11 10:45:48.040  3189  5627 D STKeyLog_StrategyBlackscreenshot: notifyKeyBeforeQueueing, downTime201441595, action=1, interactive=true
06-11 10:45:48.040  3189  5627 D KEYLOG_PhoneWindowManager: interceptKeyBeforeQueueing downTime=201441595 action = 1 interactive=true keyguardActive=false policyFlags=2b000000 isInjected=true isWakeKey=false isKeyGestureTriggered=false
06-11 10:45:48.041  3189  3806 E OplusInputDeviceUtil: api level < 36 or inputDevice is null, return false
06-11 10:45:48.041  3189  3332 D PowerManagerService: userActivityNoUpdateLocked: groupId=0, eventTime=201441762, event=button, flags=0x0, uid=1000
06-11 10:45:48.041  3189  3806 D STKeyLog_StrategyPadKeyBoardShortcut: excuteShortCut, interactive = true
06-11 10:45:48.041  3189  3806 D OplusCustomizeRestrictionManagerService: isLongPressVolumeUpDisabled start
06-11 10:45:48.042  3189  3332 D PowerManagerService: userActivityNoUpdateLocked: groupId=0, eventTime=201441762, event=button, flags=0x0, uid=1000
06-11 10:45:48.052  3189  5976 D MediaSessionService: dispatchVolumeKeyEvent, pkg=com.earthengine.minimalglobe, opPkg=com.earthengine.minimalglobe, pid=6058, uid=10602, asSystem=true, event=KeyEvent { action=ACTION_UP, keyCode=KEYCODE_VOLUME_UP, scanCode=0, metaState=0, flags=0x0, repeatCount=0, eventTime=201441762000000, downTime=201441595000000, deviceId=-1, source=0x0, displayId=-1 }, stream=-2147483648, musicOnly=false
06-11 10:45:48.052  3189  5976 D MediaSessionService: Adjusting suggestedStream=-2147483648 by 0. flags=4116, preferSuggestedStream=false, session=null, musicOnly false
06-11 10:45:48.052  3189  3189 E MediaSessionService: sPid is 3189 sTid:3189
06-11 10:45:48.058  3189  3189 D AudioServiceExtImpl: ringVolumeDefault :0
06-11 10:45:48.059  3189  3189 V AudioServiceExtImpl: oplusGetParameters() keyValuePairs:OPLUS_AUDIO_GET_ADJUSTVOLUME_FORBID, uid: 1000
06-11 10:45:48.059  3189  3189 D AS.AudioService: sendVolumeUpdate streamType=3, index=800, flags=4112
06-11 10:45:48.059  3189  3189 D VolumeController: postVolumeChanged streamType=3, flags=4112
06-11 10:45:48.060  1667 15952 I sensors-hal: handle_oplus_wise_rgb_event:230, wise_rgb:algo_type = 3
06-11 10:45:48.060  1667 15952 I sensors-hal: handle_oplus_wise_rgb_event:285, wise_rgb: raw_lux 497.205322, raw_cct 6477.834961, r/g/b/c: 40116.417969/35099.253906/20001.375000/88862.273438, R/G/B: 0.000000/0.000000/0.000000, brl 1529.000000, lux: 497.205322, cct: 6477.834961, ts 243345377165895, cnt 7394
06-11 10:45:48.061  1667 15988 I sensors-hal: get_brightness:1652, light_iface: get_brightness, brl 1529, pwm_turbo_on 0/0, hbm_dc 0
06-11 10:45:48.063  4329  5186 I SystemUi--Volume: vol.VolumeDialogControl-->shouldShowUI wakefulness:2 ,mDeviceInteractive:true ,mShowVolumeDialog:true
06-11 10:45:48.066  4329  5186 I SystemUi--Volume: vol.VolumeDialogControl-->onVolumeChangedW stream:3,flags:4112 ,showUI:false ,fromKey:true ,showVibrateHint:false ,showSilentHint:false ,changed:false
06-11 10:45:48.066  4329  5186 I SystemUi--Volume: vol.VolumeDialogControl-->shouldShowUI wakefulness:2 ,mDeviceInteractive:true ,mShowVolumeDialog:true
06-11 10:45:48.066  4329  4329 I SystemUi--Volume: OplusVolumeDialogImpl-->onVolumeKeyStateChange isMultiMediaSettingsEnable:false,screenState:2
06-11 10:45:48.066  1800  1800 D ChargerInfo: getInfo: type: 0x1, update: 1
06-11 10:45:48.066  1800  1875 D ChargerInfo: chargerInfoUpdateThread: update start
06-11 10:45:48.068  1800  1875 D ChargerInfo: enableTx: path(/proc/wireless/enable_tx): not exist
06-11 10:45:48.070  1800  1875 D ChargerInfo: get_ui_charge_icon_type: [0 0] [0 0] 1
06-11 10:45:48.070  1800  1875 E ChargerInfo: SingleHyperPath not found
06-11 10:45:48.070  1800  1875 D ChargerInfo: CarC: path(/sys/class/oplus_chg/battery/gauge_car_c): not exist
06-11 10:45:48.070  1800  1875 D ChargerInfo: chargerInfoUpdateThread: update end
06-11 10:45:48.070  1800  1875 D ChargerInfo: chargerInfoUpdateThread: update wait
06-11 10:45:48.071  1800  1800 D ChargerInfo: enableTx: path(/proc/wireless/enable_tx): not exist
06-11 10:45:48.071  1800  1800 D ChargerInfo: getInfo: {"Update":{"batteryFcc":3942,"batteryRm":3942,"bddLeakCurr":0,"bmsStatus":0,"bypassChgStatus":0,"chargeTimeRemaining":0,"cpaPower":0,"enableTx":true,"fastCharge":0,"isSupportSpeedCharge":0,"notifyCode":1048704,"otgOnline":1,"ppsChargePower":0,"ppsCharging":0,"shortCHwStatus":0,"shortIcOtpStatus":0,"uiIconType":0,"uiPower":0,"usbStatus":0,"wlsAdapterPower":0}}
06-11 10:45:48.117  6058  6058 I GLES    : submit #300: 27 commands, glError=0
06-11 10:45:48.119  6058  6058 I MinimalGlobe: Frame 300 | tiles vis=41 cached=35 renderSurface=25 mesh=25 (terr=0 ellip=25 ready=0 terrParent=0 terrTrans=0) attach=25 exact=25 parent=0 stale=0 missingGen=0 | missing=0 unsupported=16 kicked=0 retained=0 visZ=2-12 targetZ=2-12 texZ=2-12 lod=512 eq=1 qRender=41 qWalk=65 qFrustum=80 qFade=0 qBal=0 qHz=34 qEq2=0 grp=25/0/16 gen=4 | sun=(0.03,0.93,0.36) | FPS=59.6 draw=27
06-11 10:45:48.222  6109 13332 E midasd  : getTotalFlipsFromSf mCurFrameCount: 7885536
06-11 10:45:48.223  6109 13332 I midasd  : DisplayAgent updateDisplayDevInfo getRenderFps mFps:60 mRenderFps:60 mWidth:1240 mHeight:2772
06-11 10:45:48.224  6109 13332 E midasd  : getTotalFlipsFromSf mCurFrameCount: 7885537
06-11 10:45:48.224  6109 13332 I midasd  : DisplayAgent updateDisplayDevInfo getRenderFps mFps:60 mRenderFps:60 mWidth:1240 mHeight:2772
06-11 10:45:48.251  1800  1924 D BatteryChargeControl: bcc get no support from charging protocol
06-11 10:45:48.260  1667 15952 I sensors-hal: handle_oplus_wise_rgb_event:230, wise_rgb:algo_type = 3
06-11 10:45:48.260  1667 15952 I sensors-hal: handle_oplus_wise_rgb_event:285, wise_rgb: raw_lux 494.032104, raw_cct 6444.830566, r/g/b/c: 40174.460938/35105.324219/19983.136719/88874.867188, R/G/B: 0.000000/0.000000/0.000000, brl 1529.000000, lux: 494.032104, cct: 6444.830566, ts 243345576925322, cnt 7395
06-11 10:45:48.318  5081  5970 W Battery : ThermalControllHandler: MSG_THERMAL_CONTROL_CATEGORY_PROTECT_PERIOD quit.
06-11 10:45:48.318  5081  5970 W Battery : StateManager: getAppType com.earthengine.minimalglobe, last=1781145943302
06-11 10:45:48.319  5081  5970 W Battery : ThermalControllerCenter: mSafetyState=10000,  mSafetyTestConfigList=01111,10111,11011,11101,11110,00111,01011,01101,01110,10011,10101,10110,11001,11010,11100,11111
06-11 10:45:48.319  5081  5970 W Battery : ThermalControllHandler: tempLevel=[5],userMode=2,gameUserMode=-1,appType=-1,envTempType=0,appStates=[],appSwitchSafetyMode=true,split=[],float={},full=[com.earthengine.minimalglobe], tempGear=[5],configItemName=common_config
06-11 10:45:48.319  5081  5970 W Battery : ThermalControllerCenter: startCollingMethods,thermalPolicy=Policy info
06-11 10:45:48.319  5081  5970 W Battery : {
06-11 10:45:48.319  5081  5970 W Battery :  categoryName: common_config
06-11 10:45:48.319  5081  5970 W Battery :  configItemName: gear_config 
06-11 10:45:48.319  5081  5970 W Battery :  gearVal:[5], cpuVal:1, gpuVal:-1, restrictVal:0, brightnessVal:13, chargeVal:5, modemVal:0, disFlashVal:0, stopCameraVideoVal:0, cameraBrightnessVal:255, disCameraVal:0, disWifiHotSpotVal:0, disTorchVal:0, disFrameInsertVal:0, fpsVal:0, refreshRateVal:0, cpuPowerVal:-2, disVideoSRVal:0, thermalSerious:-2, speedChargeAdd:-2, ipaweight:-2,-2,-2, boostBreak1:-2, boostBreak2:-2, heatoffPolicy:-2, freezer:-2 
06-11 10:45:48.319  5081  5970 W Battery : } 
06-11 10:45:48.319  5081  5970 W Battery : ThermalControlUtils: not set the same modem=0
06-11 10:45:48.323  3189  5627 D OplusBatteryServiceFeature: setSmartCoolDown: coolDown = 5, normalCoolDown = 5, pkgName = com.earthengine.minimalglobe
06-11 10:45:48.326  1800  1800 D vendor.oplus.hardware.charger-V10-service: set cooldown:5,  normalCoolDown:5
06-11 10:45:48.326  5081  5970 W Battery : ThermalControlUtils: not set the same wifi=0
06-11 10:45:48.327  5081  5970 I [UAH_CLIENT]: uahRuleCtl, ruleId:4, status:1
06-11 10:45:48.329  5081  5970 W Battery : ThermalControllHandler: MSG_THERMAL_CONTROL_TRACEINFO_UPLOAD. isTraceMonitorOn:false, hasTraceAidl:false
06-11 10:45:48.329  5081  5970 W Battery : ThermalControllHandler: ZoomWindowsInfo=[],PipWindowsInfo=[],AppFloatingWindowsInfo=[]
06-11 10:45:48.369  3189  5627 D KEYLOG_KeyCombinationManager: down true downTime 201442091 action 0 count 0 isDefaultDisplayInteractive true eventTime 201442091 mDownTimes: {}
06-11 10:45:48.369  3189  5627 D KEYLOG_PhoneWindowManagerExtImpl: overrideInterceptKeyBeforeQueueing:KeyEvent { action=ACTION_DOWN, keyCode=KEYCODE_VOLUME_UP, scanCode=0, metaState=0, flags=0x0, repeatCount=0, eventTime=201442091000000, downTime=201442091000000, deviceId=-1, source=0x0, displayId=-1 },  keyguardOn = false,  screenOn = true,  policyFlags = 721420288,  SosPowerKeyEnabled = true,  WalletSwitchState = 1,  IsQuickLaunchSupport = true,  IsDoubleCheckAppSupport = false,  isQuickAppOn=false,  canceled = false
06-11 10:45:48.369  3189  5627 D KEYLOG_OplusKeyCombinationManager: down true keyCode 24 count 0 interactive true eventTime 201442091 mDownTimes: {}
06-11 10:45:48.369  3189  5627 I OplusJoystickManager: read game pad state for game manager -> false
06-11 10:45:48.369  3189  5627 W OplusJoystickManager: mInterceptGamepadKey is false
06-11 10:45:48.369  3189  5627 D OplusCustomizeRestrictionManagerService: isLongPressVolumeUpDisabled start
06-11 10:45:48.369  3189  5627 I STKeyLog_StrategyDisableBottomKey: onBeforeQueueing : mIsUpGestureMode=false,mDisableBottomKeyMode0
06-11 10:45:48.369  3189  5627 D STKeyLog_StrategyBlackscreenshot: notifyKeyBeforeQueueing, downTime201442091, action=0, interactive=true
06-11 10:45:48.369  3189  5627 D KEYLOG_PhoneWindowManager: interceptKeyBeforeQueueing downTime=201442091 action = 0 interactive=true keyguardActive=false policyFlags=2b000000 isInjected=true isWakeKey=false isKeyGestureTriggered=false
06-11 10:45:48.370  3189  5627 I VibratorManagerServiceExtImpl: cancelVibrate uid=1000, pid=3189, usageFilter=-15, token=193946947
06-11 10:45:48.370  3189  5627 D AS.AudioService: uid 1000, callingApp = android.uid.system:1000
06-11 10:45:48.370  4329 28033 D RingtonePlayer: stopAsync()
06-11 10:45:48.370  4329 28033 D RingtonePlayer: stop
06-11 10:45:48.371  3189  3332 D PowerManagerService: userActivityNoUpdateLocked: groupId=0, eventTime=201442091, event=button, flags=0x0, uid=1000
06-11 10:45:48.460  1667 15952 I sensors-hal: handle_oplus_wise_rgb_event:230, wise_rgb:algo_type = 3
06-11 10:45:48.460  1667 15952 I sensors-hal: handle_oplus_wise_rgb_event:285, wise_rgb: raw_lux 493.574341, raw_cct 6389.013672, r/g/b/c: 40294.636719/35330.554688/19933.904297/89119.781250, R/G/B: 0.000000/0.000000/0.000000, brl 1529.000000, lux: 493.574341, cct: 6389.013672, ts 243345776653552, cnt 7396
06-11 10:45:48.519  3189  3806 W OPLUS_LOG_LOAD: ==LOGS PROG INFO, prog(system_server) ==
06-11 10:45:48.519  3189  3806 E OplusInputDeviceUtil: api level < 36 or inputDevice is null, return false
06-11 10:45:48.520  3189  3806 D KEYLOG_KeyGestureControllerExtlmpl: interceptOldShortcuts, mIsShortCutMenuShow = false mPendingMetaActionForOld = false mLongPressHandled = false
06-11 10:45:48.520  3189  3806 D STKeyLog_StrategyPadKeyBoardShortcut: excuteShortCut, interactive = true
06-11 10:45:48.521  3189  3806 D OplusCustomizeRestrictionManagerService: isLongPressVolumeUpDisabled start
06-11 10:45:48.522  3189  3332 D PowerManagerService: userActivityNoUpdateLocked: groupId=0, eventTime=201442091, event=button, flags=0x0, uid=1000
06-11 10:45:48.524  9206  9206 I GlobalHandwriting: onUpdateEditorToolType = 0
06-11 10:45:48.536  6058  6058 I MinimalGlobe: Debug zoom scale=1.18 | tiles vis=41 cached=35 renderSurface=25 exact=25 parent=0 missing=0 unsupported=16 kicked=0 retained=0 z=2-12 targetZ=2-12 texZ=2-12 lod=512 eq=1 qRender=41 qWalk=65 qBal=0 qFrustum=80 qHz=34 qEq2=0 grp=25/0/16 ellAlt=11122.20 sphAlt=5932.36 radius=6384069.36 FPS=60.0 draw=27
06-11 10:45:48.538  3189  5627 D KEYLOG_KeyCombinationManager: down false downTime 201442091 action 1 count 1 isDefaultDisplayInteractive true eventTime 201442260 mDownTimes: {24=201442091}
06-11 10:45:48.538  3189  5627 D KEYLOG_PhoneWindowManagerExtImpl: overrideInterceptKeyBeforeQueueing:KeyEvent { action=ACTION_UP, keyCode=KEYCODE_VOLUME_UP, scanCode=0, metaState=0, flags=0x0, repeatCount=0, eventTime=201442260000000, downTime=201442091000000, deviceId=-1, source=0x0, displayId=-1 },  keyguardOn = false,  screenOn = true,  policyFlags = 721420288,  SosPowerKeyEnabled = true,  WalletSwitchState = 1,  IsQuickLaunchSupport = true,  IsDoubleCheckAppSupport = false,  isQuickAppOn=false,  canceled = false
06-11 10:45:48.538  3189  5627 D KEYLOG_OplusKeyCombinationManager: down false keyCode 24 count 0 interactive true eventTime 201442260 mDownTimes: {24=201442091}
06-11 10:45:48.538  3189  5627 I OplusJoystickManager: read game pad state for game manager -> false
06-11 10:45:48.539  3189  5627 W OplusJoystickManager: mInterceptGamepadKey is false
06-11 10:45:48.539  3189  5627 D OplusCustomizeRestrictionManagerService: isLongPressVolumeUpDisabled start
06-11 10:45:48.539  3189  5627 I STKeyLog_StrategyDisableBottomKey: onBeforeQueueing : mIsUpGestureMode=false,mDisableBottomKeyMode0
06-11 10:45:48.539  3189  5627 D STKeyLog_StrategyBlackscreenshot: notifyKeyBeforeQueueing, downTime201442091, action=1, interactive=true
06-11 10:45:48.539  3189  5627 D KEYLOG_PhoneWindowManager: interceptKeyBeforeQueueing downTime=201442091 action = 1 interactive=true keyguardActive=false policyFlags=2b000000 isInjected=true isWakeKey=false isKeyGestureTriggered=false
06-11 10:45:48.540  3189  3806 E OplusInputDeviceUtil: api level < 36 or inputDevice is null, return false
06-11 10:45:48.540  3189  3332 D PowerManagerService: userActivityNoUpdateLocked: groupId=0, eventTime=201442260, event=button, flags=0x0, uid=1000
06-11 10:45:48.540  3189  3806 D STKeyLog_StrategyPadKeyBoardShortcut: excuteShortCut, interactive = true
06-11 10:45:48.540  3189  3806 D OplusCustomizeRestrictionManagerService: isLongPressVolumeUpDisabled start
06-11 10:45:48.541  3189  3332 D PowerManagerService: userActivityNoUpdateLocked: groupId=0, eventTime=201442260, event=button, flags=0x0, uid=1000
06-11 10:45:48.547  3189  3765 V AlarmManager: sending alarm Alarm{5973c67 type 1 origWhen 1781145948547 whenElapsed 243345873 android} uid 1000 whenElapsed 243345873 windowLength 0 maxWhenElapsed 243345873 repeatInterval 0 action null component null tag StorgaeBandInfoAlarmTag flags 0x9 procName system_server
06-11 10:45:48.547  3189 27614 E OplusStorageUFSBandwidth: storage_io_metrics_path is /proc/oplus_storage/io_metrics/forever/
06-11 10:45:48.550  3189 27614 E OplusStorageUFSBandwidth: Bandwidth - Read: 0.00 MB/s, Write: 0.00 MB/s
06-11 10:45:48.550  3189 27614 E OplusStorageUFSBandwidth: Task time: 3ms
06-11 10:45:48.553  3189  5976 D MediaSessionService: dispatchVolumeKeyEvent, pkg=com.earthengine.minimalglobe, opPkg=com.earthengine.minimalglobe, pid=6058, uid=10602, asSystem=true, event=KeyEvent { action=ACTION_UP, keyCode=KEYCODE_VOLUME_UP, scanCode=0, metaState=0, flags=0x0, repeatCount=0, eventTime=201442260000000, downTime=201442091000000, deviceId=-1, source=0x0, displayId=-1 }, stream=-2147483648, musicOnly=false
06-11 10:45:48.553  3189  5976 D MediaSessionService: Adjusting suggestedStream=-2147483648 by 0. flags=4116, preferSuggestedStream=false, session=null, musicOnly false
06-11 10:45:48.553  3189  3189 E MediaSessionService: sPid is 3189 sTid:3189
06-11 10:45:48.556  3189 27614 E OplusStorageUFSBandwidth: Alarm set to trigger in 10 seconds
06-11 10:45:48.558  3189  3189 D AudioServiceExtImpl: ringVolumeDefault :0
06-11 10:45:48.558  3189  3189 V AudioServiceExtImpl: oplusGetParameters() keyValuePairs:OPLUS_AUDIO_GET_ADJUSTVOLUME_FORBID, uid: 1000
06-11 10:45:48.558  3189  3189 D AS.AudioService: sendVolumeUpdate streamType=3, index=800, flags=4112
06-11 10:45:48.559  3189  3189 D VolumeController: postVolumeChanged streamType=3, flags=4112
06-11 10:45:48.559  4329  5186 I SystemUi--Volume: vol.VolumeDialogControl-->shouldShowUI wakefulness:2 ,mDeviceInteractive:true ,mShowVolumeDialog:true
06-11 10:45:48.560  4329  5186 I SystemUi--Volume: vol.VolumeDialogControl-->onVolumeChangedW stream:3,flags:4112 ,showUI:false ,fromKey:true ,showVibrateHint:false ,showSilentHint:false ,changed:false
06-11 10:45:48.560  4329  5186 I SystemUi--Volume: vol.VolumeDialogControl-->shouldShowUI wakefulness:2 ,mDeviceInteractive:true ,mShowVolumeDialog:true
06-11 10:45:48.560  4329  4329 I SystemUi--Volume: OplusVolumeDialogImpl-->onVolumeKeyStateChange isMultiMediaSettingsEnable:false,screenState:2
06-11 10:45:48.600  4650  8850 W AppIconLoader: remove task for appicon://app/com.earthengine.minimalglobe
06-11 10:45:48.659  1667 15952 I sensors-hal: handle_oplus_wise_rgb_event:230, wise_rgb:algo_type = 3
06-11 10:45:48.659  1667 15952 I sensors-hal: handle_oplus_wise_rgb_event:285, wise_rgb: raw_lux 510.217651, raw_cct 6434.892090, r/g/b/c: 40089.164062/35074.765625/19872.050781/89570.585938, R/G/B: 0.000000/0.000000/0.000000, brl 1529.000000, lux: 510.217651, cct: 6434.892090, ts 243345976311416, cnt 7397
06-11 10:45:48.709  3189  4433 I OplusHansManager : uid=10307, pkg=com.coloros.shortcuts F enter(), M stay=4
06-11 10:45:48.715  3189  4433 I OplusHansManager : freeze uid: 10307 com.coloros.shortcuts pids: [12138] scene: |StrictMode-1|LcdOn
06-11 10:45:48.716  3189  6099 I OStatsManager_OplusBatteryStatsManager: updateStateTime: PkgName = com.coloros.shortcuts, uid = 10307, state to em, mForegroundCnt = 0, isFg = false
06-11 10:45:48.717  3189  4441 I OplusHansManager : a_alarm 10307
06-11 10:45:48.717  3189  4441 D OplusAlarmAdjustment: alignAlarmsByUid(), uid=10307, pkgName=com.coloros.shortcuts, actions=null, procs=null, requester=1
06-11 10:45:48.718  3189  4441 I LocationFreezeProc: will freezeLocationProcess for com.coloros.shortcuts, 10307, true, false
06-11 10:45:48.718  3189  3763 D OplusAlarmAdjustMap: addAlignUid, uid=10307, pkgName=com.coloros.shortcuts, requester=1, mode=1
06-11 10:45:48.718  1572 18668 E         : destroyAllSocketForUid:10307
06-11 10:45:48.718  3189  4441 I LocationFreezeProc: Executing freeze operation for com.coloros.shortcuts, 10307, true, false
06-11 10:45:48.718  3189  4441 W LocationFreezeProc: Do nothing for the app is not record!
06-11 10:45:48.718  3189  4441 I OplusHansManager : p_gps: uid 10307 result false
06-11 10:45:48.720  3189  4441 I OplusHansManager : p_BtScan: uid 10307 isProxy true
06-11 10:45:48.720  3189  4046 D OAppNetControlService: Hans update:[10307=true][0|0] blackList:[10237, 99910237, 10244, 10307]
06-11 10:45:48.741  6550  6590 I JPEG_JNI: EnterExeTask  controller.background_task_controller process {"client":"infer"}
06-11 10:45:48.745  6550  6590 D JPEG_JNI: CallJavaFunc funcName: DccTrack
06-11 10:45:48.745  6550  6590 D JPEG_JNI: CallJavaFunc funcInput: {"app_id": "20123", "act_type": "infer", "act_code": "global_init@intentInferProcess", "seq_id": "", "status": 0, "cause": "", "start_time": 1781145945657, "end_time": 1781145945712}
06-11 10:45:48.746  6550  6590 I MMKV    : <MemoryFile.cpp:97::open> open fd[0x84], /data/user_de/0/com.oplus.statistics.rom/files/mmkv/dcc_local_config
06-11 10:45:48.746  6550  6590 I MMKV    : <MemoryFile.cpp:97::open> open fd[0x85], /data/user_de/0/com.oplus.statistics.rom/files/mmkv/dcc_local_config.crc
06-11 10:45:48.746  6550  6590 I MMKV    : <MMKV_IO.cpp:86::loadFromFile> loading [dcc_local_config] with 2107 actual size, file size 4096, InterProcess 1, meta info version:3
06-11 10:45:48.746  6550  6590 I MMKV    : <MMKV_IO.cpp:91::loadFromFile> loading [dcc_local_config] with crc 4272514342 sequence 352 version 3
06-11 10:45:48.746  6550  6590 I MMKV    : <MMKV_IO.cpp:135::loadFromFile> loaded [dcc_local_config] with 10 key-values
06-11 10:45:48.749  6550  6590 D JPEG_JNI: freeCharPtr: freeing 1 char pointers
06-11 10:45:48.750  6550  6590 D JPEG_JNI: CallJavaFunc funcName: DccTrack
06-11 10:45:48.750  6550  6590 D JPEG_JNI: CallJavaFunc funcInput: {"app_id": "20123", "act_type": "infer", "act_code": "feature_extract", "seq_id": "", "status": 0, "cause": "0", "start_time": 1781145945867, "end_time": 1781145945887}
06-11 10:45:48.751  6550  6590 D JPEG_JNI: freeCharPtr: freeing 1 char pointers
06-11 10:45:48.751  6550  6590 D JPEG_JNI: CallJavaFunc funcName: DccTrack
06-11 10:45:48.751  6550  6590 D JPEG_JNI: CallJavaFunc funcInput: {"app_id": "20123", "act_type": "infer", "act_code": "inference_controller_init@intentInferProcess", "seq_id": "", "status": 0, "cause": "", "start_time": 1781145945722, "end_time": 1781145945738}
06-11 10:45:48.752  6550  6590 D JPEG_JNI: freeCharPtr: freeing 1 char pointers
06-11 10:45:48.752  6550  6590 D JPEG_JNI: CallJavaFunc funcName: DccTrack
06-11 10:45:48.752  6550  6590 D JPEG_JNI: CallJavaFunc funcInput: {"app_id": "20123", "act_type": "infer", "act_code": "feature_extract-init", "seq_id": "", "status": 0, "cause": "", "start_time": 1781145945834, "end_time": 1781145945846}
06-11 10:45:48.753  6550  6590 D JPEG_JNI: freeCharPtr: freeing 1 char pointers
06-11 10:45:48.779  6550  6590 I JPEG_JNI: LeaveExeTask  module controller.background_task_controller 
06-11 10:45:48.779  6550  6590 I JPEG_JNI:  func process  
06-11 10:45:48.779  6550  6590 I JPEG_JNI:  input {"client":"infer"} 
06-11 10:45:48.779  6550  6590 I JPEG_JNI:  ret {}
06-11 10:45:48.803  4639  8246 D CommonApp-194-10602: transport layer data is invalid
06-11 10:45:48.804  4639  8246 D ScorePolicy: handleScoreChanged: []
06-11 10:45:48.804  4639  8246 D ScorePolicy: handleScoreChanged: []
06-11 10:45:48.804  4639  8246 D ScorePolicy: handleScoreChanged: []
06-11 10:45:48.860  1667 15952 I sensors-hal: handle_oplus_wise_rgb_event:230, wise_rgb:algo_type = 3
06-11 10:45:48.860  1667 15952 I sensors-hal: handle_oplus_wise_rgb_event:285, wise_rgb: raw_lux 518.354004, raw_cct 6423.272461, r/g/b/c: 40099.488281/34997.921875/19844.886719/89569.601562, R/G/B: 0.000000/0.000000/0.000000, brl 1529.000000, lux: 518.354004, cct: 6423.272461, ts 243346176035843, cnt 7398
06-11 10:45:48.903 28382 28479 D COSA->GameServiceSyncUtil: [m] sync config to GMS
06-11 10:45:48.908 28382 28479 E AppFeatureProviderUtils: getString: getStringForFeature return null
06-11 10:45:48.913 28382 28479 E AppFeatureProviderUtils: getString: getStringForFeature return null
06-11 10:45:48.914  3189  5627 D KEYLOG_KeyCombinationManager: down true downTime 201442637 action 0 count 0 isDefaultDisplayInteractive true eventTime 201442637 mDownTimes: {}
06-11 10:45:48.914  3189  5627 D KEYLOG_PhoneWindowManagerExtImpl: overrideInterceptKeyBeforeQueueing:KeyEvent { action=ACTION_DOWN, keyCode=KEYCODE_VOLUME_UP, scanCode=0, metaState=0, flags=0x0, repeatCount=0, eventTime=201442637000000, downTime=201442637000000, deviceId=-1, source=0x0, displayId=-1 },  keyguardOn = false,  screenOn = true,  policyFlags = 721420288,  SosPowerKeyEnabled = true,  WalletSwitchState = 1,  IsQuickLaunchSupport = true,  IsDoubleCheckAppSupport = false,  isQuickAppOn=false,  canceled = false
06-11 10:45:48.914  3189  5627 D KEYLOG_OplusKeyCombinationManager: down true keyCode 24 count 0 interactive true eventTime 201442637 mDownTimes: {}
06-11 10:45:48.914  3189  5627 I OplusJoystickManager: read game pad state for game manager -> false
06-11 10:45:48.914  3189  5627 W OplusJoystickManager: mInterceptGamepadKey is false
06-11 10:45:48.915  3189  5627 D OplusCustomizeRestrictionManagerService: isLongPressVolumeUpDisabled start
06-11 10:45:48.915  3189  5627 I STKeyLog_StrategyDisableBottomKey: onBeforeQueueing : mIsUpGestureMode=false,mDisableBottomKeyMode0
06-11 10:45:48.915  3189  5627 D STKeyLog_StrategyBlackscreenshot: notifyKeyBeforeQueueing, downTime201442637, action=0, interactive=true
06-11 10:45:48.919  3189  5627 D KEYLOG_Notify: false duration: 4 -- notify Queueing Observer = 170:com.android.server.policy.StrategyPowerKeyEndCall$5@56db3a8, event=KeyEvent { action=ACTION_DOWN, keyCode=KEYCODE_VOLUME_UP, scanCode=0, metaState=0, flags=0x0, repeatCount=0, eventTime=201442637000000, downTime=201442637000000, deviceId=-1, source=0x0, displayId=-1 }
06-11 10:45:48.919  3189  5627 D KEYLOG_PhoneWindowManager: interceptKeyBeforeQueueing downTime=201442637 action = 0 interactive=true keyguardActive=false policyFlags=2b000000 isInjected=true isWakeKey=false isKeyGestureTriggered=false
06-11 10:45:48.920  3189  5627 I VibratorManagerServiceExtImpl: cancelVibrate uid=1000, pid=3189, usageFilter=-15, token=193946947
06-11 10:45:48.920  4329 28033 D RingtonePlayer: stopAsync()
06-11 10:45:48.920  4329 28033 D RingtonePlayer: stop
06-11 10:45:48.920 28382 28479 E AppFeatureProviderUtils: getString: getStringForFeature return null
06-11 10:45:48.921  3189  5627 D AS.AudioService: uid 1000, callingApp = android.uid.system:1000
06-11 10:45:48.922  3189  3332 D PowerManagerService: userActivityNoUpdateLocked: groupId=0, eventTime=201442637, event=button, flags=0x0, uid=1000
06-11 10:45:48.926 28382 28479 E AppFeatureProviderUtils: getString: getStringForFeature return null
06-11 10:45:48.930 28382 28479 E AppFeatureProviderUtils: getString: getStringForFeature return null
06-11 10:45:48.935 28382 28479 E AppFeatureProviderUtils: getString: getStringForFeature return null
06-11 10:45:48.938 28382 28479 E AppFeatureProviderUtils: getString: getStringForFeature return null
06-11 10:45:48.942 28382 28479 E AppFeatureProviderUtils: getString: getStringForFeature return null
06-11 10:45:48.946 28382 28479 E AppFeatureProviderUtils: getString: getStringForFeature return null
06-11 10:45:48.950 28382 28479 E AppFeatureProviderUtils: getString: getStringForFeature return null
06-11 10:45:48.954 28382 28479 E AppFeatureProviderUtils: getString: getStringForFeature return null
06-11 10:45:48.957 28382 28479 E AppFeatureProviderUtils: getString: getStringForFeature return null
06-11 10:45:48.962 28382 28479 E AppFeatureProviderUtils: getString: getStringForFeature return null
06-11 10:45:48.965 28382 28479 E AppFeatureProviderUtils: getString: getStringForFeature return null
06-11 10:45:48.969 28382 28479 E AppFeatureProviderUtils: getString: getStringForFeature return null
06-11 10:45:48.972 28382 28479 E AppFeatureProviderUtils: getString: getStringForFeature return null
06-11 10:45:48.976 28382 28479 E AppFeatureProviderUtils: getString: getStringForFeature return null
06-11 10:45:48.980 28382 28479 E AppFeatureProviderUtils: getString: getStringForFeature return null
06-11 10:45:48.983 28382 28479 E AppFeatureProviderUtils: getString: getStringForFeature return null
06-11 10:45:48.987 28382 28479 E AppFeatureProviderUtils: getString: getStringForFeature return null
06-11 10:45:48.991 28382 28479 E AppFeatureProviderUtils: getString: getStringForFeature return null
06-11 10:45:48.996 28382 28479 E AppFeatureProviderUtils: getString: getStringForFeature return null
06-11 10:45:49.001 28382 28479 E AppFeatureProviderUtils: getString: getStringForFeature return null
06-11 10:45:49.004  3189  3841 D WifiStaIfaceHidlImpl: getCachedScanData is not implemented by HIDL
06-11 10:45:49.008 28382 28479 E AppFeatureProviderUtils: getString: getStringForFeature return null
06-11 10:45:49.012 28382 28479 E AppFeatureProviderUtils: getString: getStringForFeature return null
06-11 10:45:49.012  4639  4639 D VendorWifiService: onEvent event:9,action:1
06-11 10:45:49.017 28382 28479 E AppFeatureProviderUtils: getString: getStringForFeature return null
06-11 10:45:49.017  3189  3960 D OplusWifiPower_TriggerCenter: mComponentCallback: wifistat
06-11 10:45:49.026 28382 28479 E AppFeatureProviderUtils: getString: getStringForFeature return null
06-11 10:45:49.030 28382 28479 E AppFeatureProviderUtils: getString: getStringForFeature return null
06-11 10:45:49.034 28382 28479 E AppFeatureProviderUtils: getString: getStringForFeature return null
06-11 10:45:49.037 28382 28479 E AppFeatureProviderUtils: getString: getStringForFeature return null
06-11 10:45:49.041 28382 28479 E AppFeatureProviderUtils: getString: getStringForFeature return null
06-11 10:45:49.046 28382 28479 E AppFeatureProviderUtils: getString: getStringForFeature return null
06-11 10:45:49.052  4650 23595 W HapBridge: [quickjs_runtime.cpp][RunGC][235]: RunGC
06-11 10:45:49.058 28382 28479 E AppFeatureProviderUtils: getString: getStringForFeature return null
06-11 10:45:49.059  1667 15952 I sensors-hal: handle_oplus_wise_rgb_event:230, wise_rgb:algo_type = 3
06-11 10:45:49.059  1667 15988 I sensors-hal: get_brightness:1652, light_iface: get_brightness, brl 1529, pwm_turbo_on 0/0, hbm_dc 0
06-11 10:45:49.059  1667 15952 I sensors-hal: handle_oplus_wise_rgb_event:285, wise_rgb: raw_lux 514.571533, raw_cct 6417.120117, r/g/b/c: 40217.996094/35046.941406/19817.126953/89342.101562, R/G/B: 0.000000/0.000000/0.000000, brl 1529.000000, lux: 514.571533, cct: 6417.120117, ts 243346375755791, cnt 7399
06-11 10:45:49.064 28382 28479 E AppFeatureProviderUtils: getString: getStringForFeature return null
06-11 10:45:49.064  3189  3806 E OplusInputDeviceUtil: api level < 36 or inputDevice is null, return false
06-11 10:45:49.064  3189  3806 D KEYLOG_KeyGestureControllerExtlmpl: interceptOldShortcuts, mIsShortCutMenuShow = false mPendingMetaActionForOld = false mLongPressHandled = false
06-11 10:45:49.065  3189  3806 D STKeyLog_StrategyPadKeyBoardShortcut: excuteShortCut, interactive = true
06-11 10:45:49.065  3189  3806 D OplusCustomizeRestrictionManagerService: isLongPressVolumeUpDisabled start
06-11 10:45:49.066  3189  3332 D PowerManagerService: userActivityNoUpdateLocked: groupId=0, eventTime=201442637, event=button, flags=0x0, uid=1000
06-11 10:45:49.066  9206  9206 I GlobalHandwriting: onUpdateEditorToolType = 0
06-11 10:45:49.067  6058  6058 I MinimalGlobe: Debug zoom scale=1.18 | tiles vis=38 cached=35 renderSurface=22 exact=22 parent=0 missing=0 unsupported=16 kicked=0 retained=0 z=2-12 targetZ=2-12 texZ=2-12 lod=512 eq=1 qRender=38 qWalk=63 qBal=0 qFrustum=75 qHz=34 qEq2=0 grp=22/0/16 ellAlt=9120.20 sphAlt=3930.38 radius=6382067.38 FPS=60.1 draw=24
06-11 10:45:49.068  3189  5627 D KEYLOG_KeyCombinationManager: down false downTime 201442637 action 1 count 1 isDefaultDisplayInteractive true eventTime 201442790 mDownTimes: {24=201442637}
06-11 10:45:49.069  3189  5627 D KEYLOG_PhoneWindowManagerExtImpl: overrideInterceptKeyBeforeQueueing:KeyEvent { action=ACTION_UP, keyCode=KEYCODE_VOLUME_UP, scanCode=0, metaState=0, flags=0x0, repeatCount=0, eventTime=201442790000000, downTime=201442637000000, deviceId=-1, source=0x0, displayId=-1 },  keyguardOn = false,  screenOn = true,  policyFlags = 721420288,  SosPowerKeyEnabled = true,  WalletSwitchState = 1,  IsQuickLaunchSupport = true,  IsDoubleCheckAppSupport = false,  isQuickAppOn=false,  canceled = false
06-11 10:45:49.069  3189  5627 D KEYLOG_OplusKeyCombinationManager: down false keyCode 24 count 0 interactive true eventTime 201442790 mDownTimes: {24=201442637}
06-11 10:45:49.070  3189  5627 I OplusJoystickManager: read game pad state for game manager -> false
06-11 10:45:49.070  3189  5627 W OplusJoystickManager: mInterceptGamepadKey is false
06-11 10:45:49.070  3189  5627 D OplusCustomizeRestrictionManagerService: isLongPressVolumeUpDisabled start
06-11 10:45:49.070  3189  5627 I STKeyLog_StrategyDisableBottomKey: onBeforeQueueing : mIsUpGestureMode=false,mDisableBottomKeyMode0
06-11 10:45:49.070  3189  5627 D STKeyLog_StrategyBlackscreenshot: notifyKeyBeforeQueueing, downTime201442637, action=1, interactive=true
06-11 10:45:49.070  3189  5627 D KEYLOG_PhoneWindowManager: interceptKeyBeforeQueueing downTime=201442637 action = 1 interactive=true keyguardActive=false policyFlags=2b000000 isInjected=true isWakeKey=false isKeyGestureTriggered=false
06-11 10:45:49.071  3189  3806 E OplusInputDeviceUtil: api level < 36 or inputDevice is null, return false
06-11 10:45:49.071  3189  3332 D PowerManagerService: userActivityNoUpdateLocked: groupId=0, eventTime=201442790, event=button, flags=0x0, uid=1000
06-11 10:45:49.071  3189  3806 D STKeyLog_StrategyPadKeyBoardShortcut: excuteShortCut, interactive = true
06-11 10:45:49.071  3189  3806 D OplusCustomizeRestrictionManagerService: isLongPressVolumeUpDisabled start
06-11 10:45:49.072  3189  3332 D PowerManagerService: userActivityNoUpdateLocked: groupId=0, eventTime=201442790, event=button, flags=0x0, uid=1000
06-11 10:45:49.073 28382 28479 E AppFeatureProviderUtils: getString: getStringForFeature return null
06-11 10:45:49.077 28382 28479 E AppFeatureProviderUtils: getString: getStringForFeature return null
06-11 10:45:49.081 28382 28479 E AppFeatureProviderUtils: getString: getStringForFeature return null
06-11 10:45:49.083  3189  4147 D MediaSessionService: dispatchVolumeKeyEvent, pkg=com.earthengine.minimalglobe, opPkg=com.earthengine.minimalglobe, pid=6058, uid=10602, asSystem=true, event=KeyEvent { action=ACTION_UP, keyCode=KEYCODE_VOLUME_UP, scanCode=0, metaState=0, flags=0x0, repeatCount=0, eventTime=201442790000000, downTime=201442637000000, deviceId=-1, source=0x0, displayId=-1 }, stream=-2147483648, musicOnly=false
06-11 10:45:49.083  3189  4147 D MediaSessionService: Adjusting suggestedStream=-2147483648 by 0. flags=4116, preferSuggestedStream=false, session=null, musicOnly false
06-11 10:45:49.083  3189  3189 E MediaSessionService: sPid is 3189 sTid:3189
06-11 10:45:49.085 28382 28479 E AppFeatureProviderUtils: getString: getStringForFeature return null
06-11 10:45:49.087  3189  3189 D AudioServiceExtImpl: ringVolumeDefault :0
06-11 10:45:49.087  3189  3189 V AudioServiceExtImpl: oplusGetParameters() keyValuePairs:OPLUS_AUDIO_GET_ADJUSTVOLUME_FORBID, uid: 1000
06-11 10:45:49.088  3189  3189 D AS.AudioService: sendVolumeUpdate streamType=3, index=800, flags=4112
06-11 10:45:49.088  3189  3189 D VolumeController: postVolumeChanged streamType=3, flags=4112
06-11 10:45:49.089  4329  5186 I SystemUi--Volume: vol.VolumeDialogControl-->shouldShowUI wakefulness:2 ,mDeviceInteractive:true ,mShowVolumeDialog:true
06-11 10:45:49.089  4329  5186 I SystemUi--Volume: vol.VolumeDialogControl-->onVolumeChangedW stream:3,flags:4112 ,showUI:false ,fromKey:true ,showVibrateHint:false ,showSilentHint:false ,changed:false
06-11 10:45:49.090  4329  5186 I SystemUi--Volume: vol.VolumeDialogControl-->shouldShowUI wakefulness:2 ,mDeviceInteractive:true ,mShowVolumeDialog:true
06-11 10:45:49.090  4329  4329 I SystemUi--Volume: OplusVolumeDialogImpl-->onVolumeKeyStateChange isMultiMediaSettingsEnable:false,screenState:2
06-11 10:45:49.091 28382 28479 E AppFeatureProviderUtils: getString: getStringForFeature return null
06-11 10:45:49.097 28382 28479 E AppFeatureProviderUtils: getString: getStringForFeature return null
06-11 10:45:49.101 28382 28479 E AppFeatureProviderUtils: getString: getStringForFeature return null
06-11 10:45:49.104 28382 28479 E AppFeatureProviderUtils: getString: getStringForFeature return null
06-11 10:45:49.107 28382 28479 E AppFeatureProviderUtils: getString: getStringForFeature return null
06-11 10:45:49.111 28382 28479 E AppFeatureProviderUtils: getString: getStringForFeature return null
06-11 10:45:49.141  3189  3248 D SensorServiceExtImpl: notifyApplicationLaunchStage processName=com.earthengine.minimalglobe, uid=10602, pid=6058, stage=0
06-11 10:45:49.254  1800  1924 D BatteryChargeControl: bcc get no support from charging protocol
06-11 10:45:49.259  1667 15952 I sensors-hal: handle_oplus_wise_rgb_event:230, wise_rgb:algo_type = 3
06-11 10:45:49.259  1667 15952 I sensors-hal: handle_oplus_wise_rgb_event:285, wise_rgb: raw_lux 493.828369, raw_cct 6395.939453, r/g/b/c: 40349.394531/35345.125000/20050.865234/89125.546875, R/G/B: 0.000000/0.000000/0.000000, brl 1529.000000, lux: 493.828369, cct: 6395.939453, ts 243346575500895, cnt 7400
06-11 10:45:49.280  6550  6590 I JPEG_JNI: EnterExeTask  controller.background_task_controller process {"client":"infer"}
06-11 10:45:49.288  4639 16401 D RadioProxyJ[0]: startChannelMonitoring update mLatestRequestId:-1
06-11 10:45:49.288  4639  5290 D RadioProxyJ[1]: startChannelMonitoring update mLatestRequestId:-1
06-11 10:45:49.351  6550  6590 D JPEG_JNI: CallJavaFunc funcName: DccTunnel
06-11 10:45:49.351  6550  6590 D JPEG_JNI: CallJavaFunc funcInput: {"eventGroup": "fe", "eventId": "train", "data": {"type": "local_sample", "biz_id": "20123_CN", "sample_name": "fe_user_feature_embedding", "real_sample_info": {"UCE": "None", "UC": 136, "ICE": "None", "IC": 136, "ILCE": "None", "ILC": 136, "IL1CE": "None", "IL1C": 0, "SE": "None", "SS": {"SND": "21_1;32_13;36_41;46_37;45_11;47_7;37_26", "END": "5_2;2_37;1_97", "SFND": {}}, "SNSC": 35, "SRSSN": 0.0}, "_ver_": "20260603104453", "_py_ver_": "20260603"}}
06-11 10:45:49.354  6550  6590 D JPEG_JNI: freeCharPtr: freeing 1 char pointers
06-11 10:45:49.354  6550  6590 I JPEG_JNI: LeaveExeTask  module controller.background_task_controller 
06-11 10:45:49.354  6550  6590 I JPEG_JNI:  func process  
06-11 10:45:49.354  6550  6590 I JPEG_JNI:  input {"client":"infer"} 
06-11 10:45:49.354  6550  6590 I JPEG_JNI:  ret {}
06-11 10:45:49.424  6858 14684 D gaia-GaiaConnectChecker: start connect check++
06-11 10:45:49.431  3189  5977 D KEYLOG_KeyCombinationManager: down true downTime 201443153 action 0 count 0 isDefaultDisplayInteractive true eventTime 201443153 mDownTimes: {}
06-11 10:45:49.431  3189  5977 D KEYLOG_PhoneWindowManagerExtImpl: overrideInterceptKeyBeforeQueueing:KeyEvent { action=ACTION_DOWN, keyCode=KEYCODE_VOLUME_UP, scanCode=0, metaState=0, flags=0x0, repeatCount=0, eventTime=201443153000000, downTime=201443153000000, deviceId=-1, source=0x0, displayId=-1 },  keyguardOn = false,  screenOn = true,  policyFlags = 721420288,  SosPowerKeyEnabled = true,  WalletSwitchState = 1,  IsQuickLaunchSupport = true,  IsDoubleCheckAppSupport = false,  isQuickAppOn=false,  canceled = false
06-11 10:45:49.431  3189  5977 D KEYLOG_OplusKeyCombinationManager: down true keyCode 24 count 0 interactive true eventTime 201443153 mDownTimes: {}
06-11 10:45:49.432  3189  5977 I OplusJoystickManager: read game pad state for game manager -> false
06-11 10:45:49.432  3189  5977 W OplusJoystickManager: mInterceptGamepadKey is false
06-11 10:45:49.432  3189  5977 D OplusCustomizeRestrictionManagerService: isLongPressVolumeUpDisabled start
06-11 10:45:49.433  3189  5977 I STKeyLog_StrategyDisableBottomKey: onBeforeQueueing : mIsUpGestureMode=false,mDisableBottomKeyMode0
06-11 10:45:49.433  3189  5977 D STKeyLog_StrategyBlackscreenshot: notifyKeyBeforeQueueing, downTime201443153, action=0, interactive=true
06-11 10:45:49.433  3189  5977 D KEYLOG_PhoneWindowManager: interceptKeyBeforeQueueing downTime=201443153 action = 0 interactive=true keyguardActive=false policyFlags=2b000000 isInjected=true isWakeKey=false isKeyGestureTriggered=false
06-11 10:45:49.434  3189  5977 I VibratorManagerServiceExtImpl: cancelVibrate uid=1000, pid=3189, usageFilter=-15, token=193946947
06-11 10:45:49.434  3189  5977 D AS.AudioService: uid 1000, callingApp = android.uid.system:1000
06-11 10:45:49.434  4329 24913 D RingtonePlayer: stopAsync()
06-11 10:45:49.435  3189  3332 D PowerManagerService: userActivityNoUpdateLocked: groupId=0, eventTime=201443153, event=button, flags=0x0, uid=1000
06-11 10:45:49.435  4329 24913 D RingtonePlayer: stop
06-11 10:45:49.458  1667 15952 I sensors-hal: handle_oplus_wise_rgb_event:230, wise_rgb:algo_type = 3
06-11 10:45:49.458  1667 15952 I sensors-hal: handle_oplus_wise_rgb_event:285, wise_rgb: raw_lux 499.825562, raw_cct 6416.244629, r/g/b/c: 40285.074219/35207.945312/19986.685547/89285.671875, R/G/B: 0.000000/0.000000/0.000000, brl 1529.000000, lux: 499.825562, cct: 6416.244629, ts 243346775247302, cnt 7401
06-11 10:45:49.581  3189  3806 E OplusInputDeviceUtil: api level < 36 or inputDevice is null, return false
06-11 10:45:49.581  3189  3806 D KEYLOG_KeyGestureControllerExtlmpl: interceptOldShortcuts, mIsShortCutMenuShow = false mPendingMetaActionForOld = false mLongPressHandled = false
06-11 10:45:49.582  3189  3806 D STKeyLog_StrategyPadKeyBoardShortcut: excuteShortCut, interactive = true
06-11 10:45:49.582  3189  3806 D OplusCustomizeRestrictionManagerService: isLongPressVolumeUpDisabled start
06-11 10:45:49.584  3189  3332 D PowerManagerService: userActivityNoUpdateLocked: groupId=0, eventTime=201443153, event=button, flags=0x0, uid=1000
06-11 10:45:49.586  9206  9206 I GlobalHandwriting: onUpdateEditorToolType = 0
06-11 10:45:49.587  6058  6058 I MinimalGlobe: Debug zoom scale=1.18 | tiles vis=38 cached=35 renderSurface=22 exact=22 parent=0 missing=0 unsupported=16 kicked=0 retained=0 z=2-12 targetZ=2-12 texZ=2-12 lod=512 eq=0 qRender=38 qWalk=62 qBal=0 qFrustum=74 qHz=0 qEq2=0 grp=22/0/16 ellAlt=7478.57 sphAlt=2288.75 radius=6380425.75 FPS=60.1 draw=24
06-11 10:45:49.587  3189  5977 D KEYLOG_KeyCombinationManager: down false downTime 201443153 action 1 count 1 isDefaultDisplayInteractive true eventTime 201443310 mDownTimes: {24=201443153}
06-11 10:45:49.587  3189  5977 D KEYLOG_PhoneWindowManagerExtImpl: overrideInterceptKeyBeforeQueueing:KeyEvent { action=ACTION_UP, keyCode=KEYCODE_VOLUME_UP, scanCode=0, metaState=0, flags=0x0, repeatCount=0, eventTime=201443310000000, downTime=201443153000000, deviceId=-1, source=0x0, displayId=-1 },  keyguardOn = false,  screenOn = true,  policyFlags = 721420288,  SosPowerKeyEnabled = true,  WalletSwitchState = 1,  IsQuickLaunchSupport = true,  IsDoubleCheckAppSupport = false,  isQuickAppOn=false,  canceled = false
06-11 10:45:49.587  3189  5977 D KEYLOG_OplusKeyCombinationManager: down false keyCode 24 count 0 interactive true eventTime 201443310 mDownTimes: {24=201443153}
06-11 10:45:49.588  3189  5977 I OplusJoystickManager: read game pad state for game manager -> false
06-11 10:45:49.588  3189  5977 W OplusJoystickManager: mInterceptGamepadKey is false
06-11 10:45:49.588  3189  5977 D OplusCustomizeRestrictionManagerService: isLongPressVolumeUpDisabled start
06-11 10:45:49.588  3189  5977 I STKeyLog_StrategyDisableBottomKey: onBeforeQueueing : mIsUpGestureMode=false,mDisableBottomKeyMode0
06-11 10:45:49.588  3189  5977 D STKeyLog_StrategyBlackscreenshot: notifyKeyBeforeQueueing, downTime201443153, action=1, interactive=true
06-11 10:45:49.588  3189  5977 D KEYLOG_PhoneWindowManager: interceptKeyBeforeQueueing downTime=201443153 action = 1 interactive=true keyguardActive=false policyFlags=2b000000 isInjected=true isWakeKey=false isKeyGestureTriggered=false
06-11 10:45:49.588  3189  3806 E OplusInputDeviceUtil: api level < 36 or inputDevice is null, return false
06-11 10:45:49.588  3189  3332 D PowerManagerService: userActivityNoUpdateLocked: groupId=0, eventTime=201443310, event=button, flags=0x0, uid=1000
06-11 10:45:49.589  3189  3806 D STKeyLog_StrategyPadKeyBoardShortcut: excuteShortCut, interactive = true
06-11 10:45:49.589  3189  3806 D OplusCustomizeRestrictionManagerService: isLongPressVolumeUpDisabled start
06-11 10:45:49.590  3189  3332 D PowerManagerService: userActivityNoUpdateLocked: groupId=0, eventTime=201443310, event=button, flags=0x0, uid=1000
06-11 10:45:49.591  3189  4464 I OplusCpuLimitManager: OplusCpuHighLoad: newLoadLevel=1, newMngLevel=1, (nl_load=1, nl_thermal=1, nl_scene=1), curMngLevel=1, CL=0, curWinCL=0, curShortWinCL= 0, latestCL=0, latestThermalLevel=5, expHlScene=false
06-11 10:45:49.596  6058  6730 I AndroidBridge: androidHttpGet: env=0xb400007ad78c2fc0 gJniHttpHelperClass=0x30a6 gHttpGetMethod=0x1 url=https://webst03.is.autonavi.com/appmaptile?style=6&x=6518&y=3388&z=13
06-11 10:45:49.596  6058  6730 I JniHttpHelper: httpGet called: https://webst03.is.autonavi.com/appmaptile?style=6&x=6518&y=3388&z=13
06-11 10:45:49.597  6058  6734 I AndroidBridge: androidHttpGet: env=0xb400007a7da0f000 gJniHttpHelperClass=0x30a6 gHttpGetMethod=0x1 url=https://webst01.is.autonavi.com/appmaptile?style=6&x=6519&y=3389&z=13
06-11 10:45:49.597  6058  6734 I JniHttpHelper: httpGet called: https://webst01.is.autonavi.com/appmaptile?style=6&x=6519&y=3389&z=13
06-11 10:45:49.597  6058  6740 I AndroidBridge: androidHttpGet: env=0xb400007a0aba89c0 gJniHttpHelperClass=0x30a6 gHttpGetMethod=0x1 url=https://webst02.is.autonavi.com/appmaptile?style=6&x=6519&y=3390&z=13
06-11 10:45:49.597  6058  6740 I JniHttpHelper: httpGet called: https://webst02.is.autonavi.com/appmaptile?style=6&x=6519&y=3390&z=13
06-11 10:45:49.597  6058  6741 I AndroidBridge: androidHttpGet: env=0xb400007a7da0f380 gJniHttpHelperClass=0x30a6 gHttpGetMethod=0x1 url=https://webst03.is.autonavi.com/appmaptile?style=6&x=6519&y=3391&z=13
06-11 10:45:49.597  6058  6741 I JniHttpHelper: httpGet called: https://webst03.is.autonavi.com/appmaptile?style=6&x=6519&y=3391&z=13
06-11 10:45:49.597  6058  6750 I AndroidBridge: androidHttpGet: env=0xb400007a0aba9440 gJniHttpHelperClass=0x30a6 gHttpGetMethod=0x1 url=https://webst02.is.autonavi.com/appmaptile?style=6&x=6520&y=3389&z=13
06-11 10:45:49.597  6058  6750 I JniHttpHelper: httpGet called: https://webst02.is.autonavi.com/appmaptile?style=6&x=6520&y=3389&z=13
06-11 10:45:49.599  6058  6751 I AndroidBridge: androidHttpGet: env=0xb400007a7da0fd20 gJniHttpHelperClass=0x30a6 gHttpGetMethod=0x1 url=https://webst03.is.autonavi.com/appmaptile?style=6&x=6520&y=3390&z=13
06-11 10:45:49.599  6058  6751 I JniHttpHelper: httpGet called: https://webst03.is.autonavi.com/appmaptile?style=6&x=6520&y=3390&z=13
06-11 10:45:49.600  6058  6731 I AndroidBridge: androidHttpGet: env=0xb400007a0aba97c0 gJniHttpHelperClass=0x30a6 gHttpGetMethod=0x1 url=https://webst04.is.autonavi.com/appmaptile?style=6&x=6519&y=3388&z=13
06-11 10:45:49.601  6058  6731 I JniHttpHelper: httpGet called: https://webst04.is.autonavi.com/appmaptile?style=6&x=6519&y=3388&z=13
06-11 10:45:49.603  3189  4147 D MediaSessionService: dispatchVolumeKeyEvent, pkg=com.earthengine.minimalglobe, opPkg=com.earthengine.minimalglobe, pid=6058, uid=10602, asSystem=true, event=KeyEvent { action=ACTION_UP, keyCode=KEYCODE_VOLUME_UP, scanCode=0, metaState=0, flags=0x0, repeatCount=0, eventTime=201443310000000, downTime=201443153000000, deviceId=-1, source=0x0, displayId=-1 }, stream=-2147483648, musicOnly=false
06-11 10:45:49.603  3189  4147 D MediaSessionService: Adjusting suggestedStream=-2147483648 by 0. flags=4116, preferSuggestedStream=false, session=null, musicOnly false
06-11 10:45:49.604  3189  3189 E MediaSessionService: sPid is 3189 sTid:3189
06-11 10:45:49.607  2410 25297 D AudioAnalytics: gc(1700, 2000): log size:1700 item map size:47, item map items:1700
06-11 10:45:49.607  3189  3189 D AudioServiceExtImpl: ringVolumeDefault :0
06-11 10:45:49.608  3189  3189 V AudioServiceExtImpl: oplusGetParameters() keyValuePairs:OPLUS_AUDIO_GET_ADJUSTVOLUME_FORBID, uid: 1000
06-11 10:45:49.608  3189  3189 D AS.AudioService: sendVolumeUpdate streamType=3, index=800, flags=4112
06-11 10:45:49.609  3189  3189 D VolumeController: postVolumeChanged streamType=3, flags=4112
06-11 10:45:49.610  4329  5186 I SystemUi--Volume: vol.VolumeDialogControl-->shouldShowUI wakefulness:2 ,mDeviceInteractive:true ,mShowVolumeDialog:true
06-11 10:45:49.611  4329  5186 I SystemUi--Volume: vol.VolumeDialogControl-->onVolumeChangedW stream:3,flags:4112 ,showUI:false ,fromKey:true ,showVibrateHint:false ,showSilentHint:false ,changed:false
06-11 10:45:49.611  4329  5186 I SystemUi--Volume: vol.VolumeDialogControl-->shouldShowUI wakefulness:2 ,mDeviceInteractive:true ,mShowVolumeDialog:true
06-11 10:45:49.611  4329  4329 I SystemUi--Volume: OplusVolumeDialogImpl-->onVolumeKeyStateChange isMultiMediaSettingsEnable:false,screenState:2
06-11 10:45:49.634  6058  6740 I JniHttpHelper: httpGet OK: https://webst02.is.autonavi.com/appmaptile?style=6&x=6519&y=3390&z=13 -> 37083 bytes
06-11 10:45:49.634  6058  6734 I JniHttpHelper: httpGet OK: https://webst01.is.autonavi.com/appmaptile?style=6&x=6519&y=3389&z=13 -> 36862 bytes
06-11 10:45:49.636  6058  6750 I JniHttpHelper: httpGet OK: https://webst02.is.autonavi.com/appmaptile?style=6&x=6520&y=3389&z=13 -> 37477 bytes
06-11 10:45:49.636  6058  6731 I JniHttpHelper: httpGet OK: https://webst04.is.autonavi.com/appmaptile?style=6&x=6519&y=3388&z=13 -> 38689 bytes
06-11 10:45:49.641  6058  6750 I AndroidBridge: Decoded image 256x256 from 37477 bytes
06-11 10:45:49.641  6058  6058 I BasemapLayer: Tile uploaded: 13/6520/3389 256x256
06-11 10:45:49.642  6058  6731 I AndroidBridge: Decoded image 256x256 from 38689 bytes
06-11 10:45:49.643  6058  6734 I AndroidBridge: Decoded image 256x256 from 36862 bytes
06-11 10:45:49.645  6058  6740 I AndroidBridge: Decoded image 256x256 from 37083 bytes
06-11 10:45:49.648 12732 12839 E MIDASApplication: MIDASPullAtomManager: onPullAtom 150122
06-11 10:45:49.657  1667 15952 I sensors-hal: handle_oplus_wise_rgb_event:230, wise_rgb:algo_type = 3
06-11 10:45:49.657  1667 15988 I sensors-hal: handle_oplus_wise_rgb_event:301, oplus wise_rgb sample: (7402)(cct, lux, ir_ratio, r, g, b, c)[6508, 513, 31, 40173, 35154, 20051, 89676]
06-11 10:45:49.658  1667 15952 I sensors-hal: handle_oplus_wise_rgb_event:285, wise_rgb: raw_lux 513.867676, raw_cct 6508.387207, r/g/b/c: 40173.609375/35154.851562/20051.019531/89676.531250, R/G/B: 0.000000/0.000000/0.000000, brl 1529.000000, lux: 513.867676, cct: 6508.387207, ts 243346975052718, cnt 7402
06-11 10:45:49.659  6058  6058 I BasemapLayer: Tile uploaded: 13/6519/3388 256x256
06-11 10:45:49.659  6058  6058 I BasemapLayer: Tile uploaded: 13/6519/3389 256x256
06-11 10:45:49.665  6058  6751 I JniHttpHelper: httpGet OK: https://webst03.is.autonavi.com/appmaptile?style=6&x=6520&y=3390&z=13 -> 36348 bytes
06-11 10:45:49.670  6058  6741 I JniHttpHelper: httpGet OK: https://webst03.is.autonavi.com/appmaptile?style=6&x=6519&y=3391&z=13 -> 36874 bytes
06-11 10:45:49.670  6058  6730 I JniHttpHelper: httpGet OK: https://webst03.is.autonavi.com/appmaptile?style=6&x=6518&y=3388&z=13 -> 40058 bytes
06-11 10:45:49.670  6058  6751 I AndroidBridge: Decoded image 256x256 from 36348 bytes
06-11 10:45:49.674  3189  5977 W Settings: Setting notification_bubbles has moved from android.provider.Settings.Global to android.provider.Settings.Secure, returning read-only value.
06-11 10:45:49.674  6058  6730 I AndroidBridge: Decoded image 256x256 from 40058 bytes
06-11 10:45:49.674  3189  5977 W Settings: Setting apply_ramping_ringer has moved from android.provider.Settings.Global to android.provider.Settings.System, returning read-only value.
06-11 10:45:49.675  6058  6058 I BasemapLayer: Tile uploaded: 13/6519/3390 256x256
06-11 10:45:49.675  6058  6741 I AndroidBridge: Decoded image 256x256 from 36874 bytes
06-11 10:45:49.675  6058  6058 I BasemapLayer: Tile uploaded: 13/6520/3390 256x256
06-11 10:45:49.677  3189  5977 W SettingsStatsUtil: Can not parse value to float: +network
06-11 10:45:49.681  3189  5977 W SettingsStatsUtil: Can not parse value to float: +network
06-11 10:45:49.691  6058  6058 I BasemapLayer: Tile uploaded: 13/6518/3388 256x256
06-11 10:45:49.691  6058  6058 I BasemapLayer: Tile uploaded: 13/6519/3391 256x256
06-11 10:45:49.719 13659 13659 D IHansComunication: HANS sendMessageToKernel: threadId = 492371426368, netLinkSetup = 1, type = FROZEN_TRANS, targetUid = 10307, pkgCmd = PKG_CMD_MAX
06-11 10:45:49.827  4639  8246 D CommonApp-194-10602: commonScoreStrategy scenarios 1
06-11 10:45:49.828  4639  8246 D CommonApp-194-10602: notifyScoreChange appScene COMMON score 100
06-11 10:45:49.828  4639  8246 D ScorePolicy: handleScoreChanged: []
06-11 10:45:49.828  4639  8246 D ScorePolicy: handleScoreChanged: []
06-11 10:45:49.829  4639  8246 D ScorePolicy: handleScoreChanged: []
06-11 10:45:49.855  6550  6590 I JPEG_JNI: EnterExeTask  controller.background_task_controller process {"client":"infer"}
06-11 10:45:49.856  6550  6590 I JPEG_JNI: LeaveExeTask  module controller.background_task_controller 
06-11 10:45:49.856  6550  6590 I JPEG_JNI:  func process  
06-11 10:45:49.856  6550  6590 I JPEG_JNI:  input {"client":"infer"} 
06-11 10:45:49.856  6550  6590 I JPEG_JNI:  ret {}
06-11 10:45:49.858  1667 15952 I sensors-hal: handle_oplus_wise_rgb_event:230, wise_rgb:algo_type = 3
06-11 10:45:49.858  1667 15952 I sensors-hal: handle_oplus_wise_rgb_event:285, wise_rgb: raw_lux 528.563782, raw_cct 6550.591797, r/g/b/c: 39914.937500/35086.156250/20053.570312/89695.195312, R/G/B: 0.000000/0.000000/0.000000, brl 1529.000000, lux: 528.563782, cct: 6550.591797, ts 243347174836572, cnt 7403
06-11 10:45:49.949  3189  5977 D KEYLOG_KeyCombinationManager: down true downTime 201443672 action 0 count 0 isDefaultDisplayInteractive true eventTime 201443672 mDownTimes: {}
06-11 10:45:49.950  3189  5977 D KEYLOG_PhoneWindowManagerExtImpl: overrideInterceptKeyBeforeQueueing:KeyEvent { action=ACTION_DOWN, keyCode=KEYCODE_VOLUME_UP, scanCode=0, metaState=0, flags=0x0, repeatCount=0, eventTime=201443672000000, downTime=201443672000000, deviceId=-1, source=0x0, displayId=-1 },  keyguardOn = false,  screenOn = true,  policyFlags = 721420288,  SosPowerKeyEnabled = true,  WalletSwitchState = 1,  IsQuickLaunchSupport = true,  IsDoubleCheckAppSupport = false,  isQuickAppOn=false,  canceled = false
06-11 10:45:49.950  3189  5977 D KEYLOG_OplusKeyCombinationManager: down true keyCode 24 count 0 interactive true eventTime 201443672 mDownTimes: {}
06-11 10:45:49.950  3189  5977 I OplusJoystickManager: read game pad state for game manager -> false
06-11 10:45:49.950  3189  5977 W OplusJoystickManager: mInterceptGamepadKey is false
06-11 10:45:49.950  3189  5977 D OplusCustomizeRestrictionManagerService: isLongPressVolumeUpDisabled start
06-11 10:45:49.950  3189  5977 I STKeyLog_StrategyDisableBottomKey: onBeforeQueueing : mIsUpGestureMode=false,mDisableBottomKeyMode0
06-11 10:45:49.950  3189  5977 D STKeyLog_StrategyBlackscreenshot: notifyKeyBeforeQueueing, downTime201443672, action=0, interactive=true
06-11 10:45:49.950  3189  5977 D KEYLOG_PhoneWindowManager: interceptKeyBeforeQueueing downTime=201443672 action = 0 interactive=true keyguardActive=false policyFlags=2b000000 isInjected=true isWakeKey=false isKeyGestureTriggered=false
06-11 10:45:49.951  3189  5977 I VibratorManagerServiceExtImpl: cancelVibrate uid=1000, pid=3189, usageFilter=-15, token=193946947
06-11 10:45:49.951  4329 24913 D RingtonePlayer: stopAsync()
06-11 10:45:49.951  4329 24913 D RingtonePlayer: stop
06-11 10:45:49.951  3189  5977 D AS.AudioService: uid 1000, callingApp = android.uid.system:1000
06-11 10:45:49.952  3189  3332 D PowerManagerService: userActivityNoUpdateLocked: groupId=0, eventTime=201443672, event=button, flags=0x0, uid=1000
06-11 10:45:50.058  1667 15952 I sensors-hal: handle_oplus_wise_rgb_event:230, wise_rgb:algo_type = 3
06-11 10:45:50.058  1667 15952 I sensors-hal: get_brightness:1652, light_iface: get_brightness, brl 1529, pwm_turbo_on 0/0, hbm_dc 0
06-11 10:45:50.058  1667 15952 I sensors-hal: handle_oplus_wise_rgb_event:285, wise_rgb: raw_lux 522.188416, raw_cct 6446.066406, r/g/b/c: 39979.542969/35127.007812/19768.687500/89359.773438, R/G/B: 0.000000/0.000000/0.000000, brl 1529.000000, lux: 522.188416, cct: 6446.066406, ts 243347374632666, cnt 7404
06-11 10:45:50.100  3189  3806 E OplusInputDeviceUtil: api level < 36 or inputDevice is null, return false
06-11 10:45:50.100  3189  3806 D KEYLOG_KeyGestureControllerExtlmpl: interceptOldShortcuts, mIsShortCutMenuShow = false mPendingMetaActionForOld = false mLongPressHandled = false
06-11 10:45:50.100  3189  3806 D STKeyLog_StrategyPadKeyBoardShortcut: excuteShortCut, interactive = true
06-11 10:45:50.101  3189  3806 D OplusCustomizeRestrictionManagerService: isLongPressVolumeUpDisabled start
06-11 10:45:50.102  3189  3332 D PowerManagerService: userActivityNoUpdateLocked: groupId=0, eventTime=201443672, event=button, flags=0x0, uid=1000
06-11 10:45:50.103  9206  9206 I GlobalHandwriting: onUpdateEditorToolType = 0
06-11 10:45:50.104  6058  6058 I MinimalGlobe: Debug zoom scale=1.18 | tiles vis=41 cached=42 renderSurface=25 exact=25 parent=0 missing=0 unsupported=16 kicked=0 retained=0 z=2-13 targetZ=2-13 texZ=2-13 lod=512 eq=0 qRender=41 qWalk=66 qBal=0 qFrustum=81 qHz=0 qEq2=0 grp=25/0/16 ellAlt=6132.43 sphAlt=942.61 radius=6379079.61 FPS=59.8 draw=27
06-11 10:45:50.106  3189  5977 D KEYLOG_KeyCombinationManager: down false downTime 201443672 action 1 count 1 isDefaultDisplayInteractive true eventTime 201443828 mDownTimes: {24=201443672}
06-11 10:45:50.106  3189  5977 D KEYLOG_PhoneWindowManagerExtImpl: overrideInterceptKeyBeforeQueueing:KeyEvent { action=ACTION_UP, keyCode=KEYCODE_VOLUME_UP, scanCode=0, metaState=0, flags=0x0, repeatCount=0, eventTime=201443828000000, downTime=201443672000000, deviceId=-1, source=0x0, displayId=-1 },  keyguardOn = false,  screenOn = true,  policyFlags = 721420288,  SosPowerKeyEnabled = true,  WalletSwitchState = 1,  IsQuickLaunchSupport = true,  IsDoubleCheckAppSupport = false,  isQuickAppOn=false,  canceled = false
06-11 10:45:50.106  3189  5977 D KEYLOG_OplusKeyCombinationManager: down false keyCode 24 count 0 interactive true eventTime 201443828 mDownTimes: {24=201443672}
06-11 10:45:50.106  3189  5977 I OplusJoystickManager: read game pad state for game manager -> false
06-11 10:45:50.106  3189  5977 W OplusJoystickManager: mInterceptGamepadKey is false
06-11 10:45:50.106  3189  5977 D OplusCustomizeRestrictionManagerService: isLongPressVolumeUpDisabled start
06-11 10:45:50.106  3189  5977 I STKeyLog_StrategyDisableBottomKey: onBeforeQueueing : mIsUpGestureMode=false,mDisableBottomKeyMode0
06-11 10:45:50.106  3189  5977 D STKeyLog_StrategyBlackscreenshot: notifyKeyBeforeQueueing, downTime201443672, action=1, interactive=true
06-11 10:45:50.106  3189  5977 D KEYLOG_PhoneWindowManager: interceptKeyBeforeQueueing downTime=201443672 action = 1 interactive=true keyguardActive=false policyFlags=2b000000 isInjected=true isWakeKey=false isKeyGestureTriggered=false
06-11 10:45:50.107  3189  3806 E OplusInputDeviceUtil: api level < 36 or inputDevice is null, return false
06-11 10:45:50.107  3189  3332 D PowerManagerService: userActivityNoUpdateLocked: groupId=0, eventTime=201443828, event=button, flags=0x0, uid=1000
06-11 10:45:50.107  3189  3806 D STKeyLog_StrategyPadKeyBoardShortcut: excuteShortCut, interactive = true
06-11 10:45:50.107  3189  3806 D OplusCustomizeRestrictionManagerService: isLongPressVolumeUpDisabled start
06-11 10:45:50.108  3189  3332 D PowerManagerService: userActivityNoUpdateLocked: groupId=0, eventTime=201443828, event=button, flags=0x0, uid=1000
06-11 10:45:50.118  3189  5627 D MediaSessionService: dispatchVolumeKeyEvent, pkg=com.earthengine.minimalglobe, opPkg=com.earthengine.minimalglobe, pid=6058, uid=10602, asSystem=true, event=KeyEvent { action=ACTION_UP, keyCode=KEYCODE_VOLUME_UP, scanCode=0, metaState=0, flags=0x0, repeatCount=0, eventTime=201443828000000, downTime=201443672000000, deviceId=-1, source=0x0, displayId=-1 }, stream=-2147483648, musicOnly=false
06-11 10:45:50.118  3189  5627 D MediaSessionService: Adjusting suggestedStream=-2147483648 by 0. flags=4116, preferSuggestedStream=false, session=null, musicOnly false
06-11 10:45:50.119  3189  3189 E MediaSessionService: sPid is 3189 sTid:3189
06-11 10:45:50.124  3189  3189 D AudioServiceExtImpl: ringVolumeDefault :0
06-11 10:45:50.124  3189  3189 V AudioServiceExtImpl: oplusGetParameters() keyValuePairs:OPLUS_AUDIO_GET_ADJUSTVOLUME_FORBID, uid: 1000
06-11 10:45:50.124  3189  3189 D AS.AudioService: sendVolumeUpdate streamType=3, index=800, flags=4112
06-11 10:45:50.124  3189  3189 D VolumeController: postVolumeChanged streamType=3, flags=4112
06-11 10:45:50.126  4329  5186 I SystemUi--Volume: vol.VolumeDialogControl-->shouldShowUI wakefulness:2 ,mDeviceInteractive:true ,mShowVolumeDialog:true
06-11 10:45:50.127  4329  5186 I SystemUi--Volume: vol.VolumeDialogControl-->onVolumeChangedW stream:3,flags:4112 ,showUI:false ,fromKey:true ,showVibrateHint:false ,showSilentHint:false ,changed:false
06-11 10:45:50.128  4329  5186 I SystemUi--Volume: vol.VolumeDialogControl-->shouldShowUI wakefulness:2 ,mDeviceInteractive:true ,mShowVolumeDialog:true
06-11 10:45:50.128  4329  4329 I SystemUi--Volume: OplusVolumeDialogImpl-->onVolumeKeyStateChange isMultiMediaSettingsEnable:false,screenState:2
06-11 10:45:50.257  1800  1924 D BatteryChargeControl: bcc get no support from charging protocol
06-11 10:45:50.257  1667 15952 I sensors-hal: handle_oplus_wise_rgb_event:230, wise_rgb:algo_type = 3
06-11 10:45:50.257  1667 15952 I sensors-hal: handle_oplus_wise_rgb_event:285, wise_rgb: raw_lux 507.131592, raw_cct 6402.031250, r/g/b/c: 40120.527344/35018.425781/19844.621094/88873.210938, R/G/B: 0.000000/0.000000/0.000000, brl 1529.000000, lux: 507.131592, cct: 6402.031250, ts 243347574433031, cnt 7405
06-11 10:45:50.353  4329  4513 I SystemUi--Statusbar: OplusNetworkSpeedControllExImpl-->updateNetworkSpeed: isConnected:true,isSwitchOn:true,isSuspend:false,isPause:false
06-11 10:45:50.355  4329  4513 I SystemUi--Statusbar: OplusNetworkSpeedControllExImpl-->getTotalByte: totalRxBytes:11611707602,totalTxBytes:3543246560,loopbackTxBytes:2982678575,loopbackRxBytes:2982678095 ,totalBytes:9189597492
06-11 10:45:50.357  6550  6590 I JPEG_JNI: EnterExeTask  controller.background_task_controller process {"client":"infer"}
06-11 10:45:50.358  6550  6590 D JPEG_JNI: CallJavaFunc funcName: DccTunnel2
06-11 10:45:50.358  6550  6590 D JPEG_JNI: CallJavaFunc funcInput: {"appId": "126200", "eventGroup": "fe", "eventId": "train", "data": {"biz_id": "20123_CN", "req_id": "5a12d563-95ed-432b-9825-e46c13e42862.1781145945456", "token": "afee57f350524e53a48fd6ead825ce64_20260603", "infer_process_cost": 143, "_ver_": "20260603104453", "_py_ver_": "20260603"}}
06-11 10:45:50.363  6550  6590 D JPEG_JNI: freeCharPtr: freeing 1 char pointers
06-11 10:45:50.364  6550  6590 I JPEG_JNI: LeaveExeTask  module controller.background_task_controller 
06-11 10:45:50.364  6550  6590 I JPEG_JNI:  func process  
06-11 10:45:50.364  6550  6590 I JPEG_JNI:  input {"client":"infer"} 
06-11 10:45:50.364  6550  6590 I JPEG_JNI:  ret {}
06-11 10:45:50.457  1667 15952 I sensors-hal: handle_oplus_wise_rgb_event:230, wise_rgb:algo_type = 3
06-11 10:45:50.458  1667 15952 I sensors-hal: handle_oplus_wise_rgb_event:285, wise_rgb: raw_lux 494.063416, raw_cct 6384.402344, r/g/b/c: 40105.257812/35142.000000/20001.964844/88646.921875, R/G/B: 0.000000/0.000000/0.000000, brl 1529.000000, lux: 494.063416, cct: 6384.402344, ts 243347774216624, cnt 7406
06-11 10:45:50.496  3189  5977 D KEYLOG_KeyCombinationManager: down true downTime 201444219 action 0 count 0 isDefaultDisplayInteractive true eventTime 201444219 mDownTimes: {}
06-11 10:45:50.496  3189  5977 D KEYLOG_PhoneWindowManagerExtImpl: overrideInterceptKeyBeforeQueueing:KeyEvent { action=ACTION_DOWN, keyCode=KEYCODE_VOLUME_UP, scanCode=0, metaState=0, flags=0x0, repeatCount=0, eventTime=201444219000000, downTime=201444219000000, deviceId=-1, source=0x0, displayId=-1 },  keyguardOn = false,  screenOn = true,  policyFlags = 721420288,  SosPowerKeyEnabled = true,  WalletSwitchState = 1,  IsQuickLaunchSupport = true,  IsDoubleCheckAppSupport = false,  isQuickAppOn=false,  canceled = false
06-11 10:45:50.496  3189  5977 D KEYLOG_OplusKeyCombinationManager: down true keyCode 24 count 0 interactive true eventTime 201444219 mDownTimes: {}
06-11 10:45:50.497  3189  5977 I OplusJoystickManager: read game pad state for game manager -> false
06-11 10:45:50.497  3189  5977 W OplusJoystickManager: mInterceptGamepadKey is false
06-11 10:45:50.497  3189  5977 D OplusCustomizeRestrictionManagerService: isLongPressVolumeUpDisabled start
06-11 10:45:50.497  3189  5977 I STKeyLog_StrategyDisableBottomKey: onBeforeQueueing : mIsUpGestureMode=false,mDisableBottomKeyMode0
06-11 10:45:50.497  3189  5977 D STKeyLog_StrategyBlackscreenshot: notifyKeyBeforeQueueing, downTime201444219, action=0, interactive=true
06-11 10:45:50.497  3189  5977 D KEYLOG_PhoneWindowManager: interceptKeyBeforeQueueing downTime=201444219 action = 0 interactive=true keyguardActive=false policyFlags=2b000000 isInjected=true isWakeKey=false isKeyGestureTriggered=false
06-11 10:45:50.498  3189  5977 I VibratorManagerServiceExtImpl: cancelVibrate uid=1000, pid=3189, usageFilter=-15, token=193946947
06-11 10:45:50.498  4329 24913 D RingtonePlayer: stopAsync()
06-11 10:45:50.498  4329 24913 D RingtonePlayer: stop
06-11 10:45:50.498  3189  5977 D AS.AudioService: uid 1000, callingApp = android.uid.system:1000
06-11 10:45:50.499  3189  3332 D PowerManagerService: userActivityNoUpdateLocked: groupId=0, eventTime=201444219, event=button, flags=0x0, uid=1000
06-11 10:45:50.550  3189  3765 V AlarmManager: sending alarm Alarm{501f1c8 type 1 origWhen 1781145950550 whenElapsed 243347876 android} uid 1000 whenElapsed 243347876 windowLength 0 maxWhenElapsed 243347876 repeatInterval 0 action null component null tag StorgaeBandInfoAlarmTag flags 0x9 procName system_server
06-11 10:45:50.551  3189 27614 E OplusStorageUFSBandwidth: storage_io_metrics_path is /proc/oplus_storage/io_metrics/forever/
06-11 10:45:50.552  3189 27614 E OplusStorageUFSBandwidth: Bandwidth - Read: 0.00 MB/s, Write: 0.00 MB/s
06-11 10:45:50.552  3189 27614 E OplusStorageUFSBandwidth: Task time: 1ms
06-11 10:45:50.559  3189 27614 E OplusStorageUFSBandwidth: Alarm set to trigger in 10 seconds
06-11 10:45:50.647  3189  3806 E OplusInputDeviceUtil: api level < 36 or inputDevice is null, return false
06-11 10:45:50.648  3189  3806 D KEYLOG_KeyGestureControllerExtlmpl: interceptOldShortcuts, mIsShortCutMenuShow = false mPendingMetaActionForOld = false mLongPressHandled = false
06-11 10:45:50.648  3189  3806 D STKeyLog_StrategyPadKeyBoardShortcut: excuteShortCut, interactive = true
06-11 10:45:50.649  3189  3806 D OplusCustomizeRestrictionManagerService: isLongPressVolumeUpDisabled start
06-11 10:45:50.651  3189  3332 D PowerManagerService: userActivityNoUpdateLocked: groupId=0, eventTime=201444219, event=button, flags=0x0, uid=1000
06-11 10:45:50.651  9206  9206 I GlobalHandwriting: onUpdateEditorToolType = 0
06-11 10:45:50.652  6058  6058 I MinimalGlobe: Debug zoom scale=1.18 | tiles vis=39 cached=42 renderSurface=23 exact=23 parent=0 missing=0 unsupported=16 kicked=0 retained=0 z=2-13 targetZ=2-13 texZ=2-13 lod=512 eq=0 qRender=39 qWalk=66 qBal=0 qFrustum=79 qHz=0 qEq2=0 grp=23/0/16 ellAlt=5028.59 sphAlt=-161.22 radius=6377975.78 FPS=60.0 draw=25
06-11 10:45:50.652  3189  5977 D KEYLOG_KeyCombinationManager: down false downTime 201444219 action 1 count 1 isDefaultDisplayInteractive true eventTime 201444375 mDownTimes: {24=201444219}
06-11 10:45:50.653  3189  5977 D KEYLOG_PhoneWindowManagerExtImpl: overrideInterceptKeyBeforeQueueing:KeyEvent { action=ACTION_UP, keyCode=KEYCODE_VOLUME_UP, scanCode=0, metaState=0, flags=0x0, repeatCount=0, eventTime=201444375000000, downTime=201444219000000, deviceId=-1, source=0x0, displayId=-1 },  keyguardOn = false,  screenOn = true,  policyFlags = 721420288,  SosPowerKeyEnabled = true,  WalletSwitchState = 1,  IsQuickLaunchSupport = true,  IsDoubleCheckAppSupport = false,  isQuickAppOn=false,  canceled = false
06-11 10:45:50.653  3189  5977 D KEYLOG_OplusKeyCombinationManager: down false keyCode 24 count 0 interactive true eventTime 201444375 mDownTimes: {24=201444219}
06-11 10:45:50.653  3189  5977 I OplusJoystickManager: read game pad state for game manager -> false
06-11 10:45:50.653  3189  5977 W OplusJoystickManager: mInterceptGamepadKey is false
06-11 10:45:50.653  3189  5977 D OplusCustomizeRestrictionManagerService: isLongPressVolumeUpDisabled start
06-11 10:45:50.653  3189  5977 I STKeyLog_StrategyDisableBottomKey: onBeforeQueueing : mIsUpGestureMode=false,mDisableBottomKeyMode0
06-11 10:45:50.653  3189  5977 D STKeyLog_StrategyBlackscreenshot: notifyKeyBeforeQueueing, downTime201444219, action=1, interactive=true
06-11 10:45:50.653  3189  5977 D KEYLOG_PhoneWindowManager: interceptKeyBeforeQueueing downTime=201444219 action = 1 interactive=true keyguardActive=false policyFlags=2b000000 isInjected=true isWakeKey=false isKeyGestureTriggered=false
06-11 10:45:50.654  3189  3806 E OplusInputDeviceUtil: api level < 36 or inputDevice is null, return false
06-11 10:45:50.654  3189  3332 D PowerManagerService: userActivityNoUpdateLocked: groupId=0, eventTime=201444375, event=button, flags=0x0, uid=1000
06-11 10:45:50.654  3189  3806 D STKeyLog_StrategyPadKeyBoardShortcut: excuteShortCut, interactive = true
06-11 10:45:50.654  3189  3806 D OplusCustomizeRestrictionManagerService: isLongPressVolumeUpDisabled start
06-11 10:45:50.656  3189  3332 D PowerManagerService: userActivityNoUpdateLocked: groupId=0, eventTime=201444375, event=button, flags=0x0, uid=1000
06-11 10:45:50.657  1667 15952 I sensors-hal: handle_oplus_wise_rgb_event:230, wise_rgb:algo_type = 3
06-11 10:45:50.657  1667 15952 I sensors-hal: handle_oplus_wise_rgb_event:285, wise_rgb: raw_lux 487.765625, raw_cct 6506.289062, r/g/b/c: 40192.550781/35294.425781/20194.277344/88991.015625, R/G/B: 0.000000/0.000000/0.000000, brl 1529.000000, lux: 487.765625, cct: 6506.289062, ts 243347974018864, cnt 7407
06-11 10:45:50.667  3189  5627 D MediaSessionService: dispatchVolumeKeyEvent, pkg=com.earthengine.minimalglobe, opPkg=com.earthengine.minimalglobe, pid=6058, uid=10602, asSystem=true, event=KeyEvent { action=ACTION_UP, keyCode=KEYCODE_VOLUME_UP, scanCode=0, metaState=0, flags=0x0, repeatCount=0, eventTime=201444375000000, downTime=201444219000000, deviceId=-1, source=0x0, displayId=-1 }, stream=-2147483648, musicOnly=false
06-11 10:45:50.667  3189  5627 D MediaSessionService: Adjusting suggestedStream=-2147483648 by 0. flags=4116, preferSuggestedStream=false, session=null, musicOnly false
06-11 10:45:50.667  3189  3189 E MediaSessionService: sPid is 3189 sTid:3189
06-11 10:45:50.674  3189  3189 D AudioServiceExtImpl: ringVolumeDefault :0
06-11 10:45:50.675  3189  3189 V AudioServiceExtImpl: oplusGetParameters() keyValuePairs:OPLUS_AUDIO_GET_ADJUSTVOLUME_FORBID, uid: 1000
06-11 10:45:50.676  3189  3189 D AS.AudioService: sendVolumeUpdate streamType=3, index=800, flags=4112
06-11 10:45:50.677  3189  3189 D VolumeController: postVolumeChanged streamType=3, flags=4112
06-11 10:45:50.678  4329  5186 I SystemUi--Volume: vol.VolumeDialogControl-->shouldShowUI wakefulness:2 ,mDeviceInteractive:true ,mShowVolumeDialog:true
06-11 10:45:50.681  4329  5186 I SystemUi--Volume: vol.VolumeDialogControl-->onVolumeChangedW stream:3,flags:4112 ,showUI:false ,fromKey:true ,showVibrateHint:false ,showSilentHint:false ,changed:false
06-11 10:45:50.681  4329  5186 I SystemUi--Volume: vol.VolumeDialogControl-->shouldShowUI wakefulness:2 ,mDeviceInteractive:true ,mShowVolumeDialog:true
06-11 10:45:50.682  4329  4329 I SystemUi--Volume: OplusVolumeDialogImpl-->onVolumeKeyStateChange isMultiMediaSettingsEnable:false,screenState:2
06-11 10:45:50.795  3189  3610 D osense.compress: com.heytap.browser do shrink, target ratio = 83, final ratio = 90, cur ratio = 76
06-11 10:45:50.855  4639  8246 D CommonApp-194-10602: transport layer data is invalid
06-11 10:45:50.856  1667 15952 I sensors-hal: handle_oplus_wise_rgb_event:230, wise_rgb:algo_type = 3
06-11 10:45:50.856  1667 15952 I sensors-hal: handle_oplus_wise_rgb_event:285, wise_rgb: raw_lux 500.232300, raw_cct 6451.053711, r/g/b/c: 40246.804688/35456.089844/20058.388672/89450.484375, R/G/B: 0.000000/0.000000/0.000000, brl 1529.000000, lux: 500.232300, cct: 6451.053711, ts 243348173809333, cnt 7408
06-11 10:45:50.857  4639  8246 D ScorePolicy: handleScoreChanged: []
06-11 10:45:50.858  4639  8246 D ScorePolicy: handleScoreChanged: []
06-11 10:45:50.858  4639  8246 D ScorePolicy: handleScoreChanged: []
06-11 10:45:50.864  6550  6590 I JPEG_JNI: EnterExeTask  controller.background_task_controller process {"client":"infer"}
06-11 10:45:50.865  6550  6590 I JPEG_JNI: LeaveExeTask  module controller.background_task_controller 
06-11 10:45:50.865  6550  6590 I JPEG_JNI:  func process  
06-11 10:45:50.865  6550  6590 I JPEG_JNI:  input {"client":"infer"} 
06-11 10:45:50.865  6550  6590 I JPEG_JNI:  ret {}
06-11 10:45:50.951  3189  4433 I OplusHansManager : uid=10136, pkg=com.baidu.input_oppo cannot transition from R to M, importance=input
06-11 10:45:50.952  3189  4433 I OplusHansManager : uid=10370, pkg=com.tencent.android.qqdownloader cannot transition from R to M, importance=screenRecorder
06-11 10:45:50.969 18957 18957 D ClockTag_ClockWidget.ClockWidgetWeatherService: stop refresh service self
06-11 10:45:50.974 18957 18957 D ClockTag_ClockWidget.ClockWidgetWeatherService: ClockWidgetWeatherService onDestroy
06-11 10:45:50.984  3189  5977 D ActivityManager: Async freezing 18957 com.coloros.alarmclock:clockWidget
06-11 10:45:50.984 18957 18957 D ClockTag_AlarmClockApplication: onTrimMemory: 40
06-11 10:45:51.010  3189  5977 D KEYLOG_KeyCombinationManager: down true downTime 201444733 action 0 count 0 isDefaultDisplayInteractive true eventTime 201444733 mDownTimes: {}
06-11 10:45:51.010  3189  5977 D KEYLOG_PhoneWindowManagerExtImpl: overrideInterceptKeyBeforeQueueing:KeyEvent { action=ACTION_DOWN, keyCode=KEYCODE_VOLUME_UP, scanCode=0, metaState=0, flags=0x0, repeatCount=0, eventTime=201444733000000, downTime=201444733000000, deviceId=-1, source=0x0, displayId=-1 },  keyguardOn = false,  screenOn = true,  policyFlags = 721420288,  SosPowerKeyEnabled = true,  WalletSwitchState = 1,  IsQuickLaunchSupport = true,  IsDoubleCheckAppSupport = false,  isQuickAppOn=false,  canceled = false
06-11 10:45:51.010  3189  5977 D KEYLOG_OplusKeyCombinationManager: down true keyCode 24 count 0 interactive true eventTime 201444733 mDownTimes: {}
06-11 10:45:51.010  3189  5977 I OplusJoystickManager: read game pad state for game manager -> false
06-11 10:45:51.011  3189  5977 W OplusJoystickManager: mInterceptGamepadKey is false
06-11 10:45:51.011  3189  5977 D OplusCustomizeRestrictionManagerService: isLongPressVolumeUpDisabled start
06-11 10:45:51.011  3189  5977 I STKeyLog_StrategyDisableBottomKey: onBeforeQueueing : mIsUpGestureMode=false,mDisableBottomKeyMode0
06-11 10:45:51.011  3189  5977 D STKeyLog_StrategyBlackscreenshot: notifyKeyBeforeQueueing, downTime201444733, action=0, interactive=true
06-11 10:45:51.011  3189  5977 D KEYLOG_PhoneWindowManager: interceptKeyBeforeQueueing downTime=201444733 action = 0 interactive=true keyguardActive=false policyFlags=2b000000 isInjected=true isWakeKey=false isKeyGestureTriggered=false
06-11 10:45:51.012  3189  5977 I VibratorManagerServiceExtImpl: cancelVibrate uid=1000, pid=3189, usageFilter=-15, token=193946947
06-11 10:45:51.012  4329 24913 D RingtonePlayer: stopAsync()
06-11 10:45:51.012  3189  5977 D AS.AudioService: uid 1000, callingApp = android.uid.system:1000
06-11 10:45:51.012  4329 24913 D RingtonePlayer: stop
06-11 10:45:51.014  3189  3332 D PowerManagerService: userActivityNoUpdateLocked: groupId=0, eventTime=201444733, event=button, flags=0x0, uid=1000
06-11 10:45:51.057  1667 15952 I sensors-hal: handle_oplus_wise_rgb_event:230, wise_rgb:algo_type = 3
06-11 10:45:51.057  1667 15952 I sensors-hal: get_brightness:1652, light_iface: get_brightness, brl 1529, pwm_turbo_on 0/0, hbm_dc 0
06-11 10:45:51.057  1667 15952 I sensors-hal: handle_oplus_wise_rgb_event:285, wise_rgb: raw_lux 510.639160, raw_cct 6359.003906, r/g/b/c: 40208.925781/35383.375000/19763.771484/89485.296875, R/G/B: 0.000000/0.000000/0.000000, brl 1529.000000, lux: 510.639160, cct: 6359.003906, ts 243348373648760, cnt 7409
06-11 10:45:51.161  3189  3806 E OplusInputDeviceUtil: api level < 36 or inputDevice is null, return false
06-11 10:45:51.162  3189  3806 D KEYLOG_KeyGestureControllerExtlmpl: interceptOldShortcuts, mIsShortCutMenuShow = false mPendingMetaActionForOld = false mLongPressHandled = false
06-11 10:45:51.162  3189  3806 D STKeyLog_StrategyPadKeyBoardShortcut: excuteShortCut, interactive = true
06-11 10:45:51.162  3189  3806 D OplusCustomizeRestrictionManagerService: isLongPressVolumeUpDisabled start
06-11 10:45:51.164  3189  3332 D PowerManagerService: userActivityNoUpdateLocked: groupId=0, eventTime=201444733, event=button, flags=0x0, uid=1000
06-11 10:45:51.168  9206  9206 I GlobalHandwriting: onUpdateEditorToolType = 0
06-11 10:45:51.168  6058  6058 I MinimalGlobe: Debug zoom scale=1.18 | tiles vis=37 cached=42 renderSurface=21 exact=21 parent=0 missing=0 unsupported=16 kicked=0 retained=0 z=2-13 targetZ=2-13 texZ=2-13 lod=512 eq=0 qRender=37 qWalk=65 qBal=0 qFrustum=76 qHz=0 qEq2=0 grp=21/0/16 ellAlt=4123.44 sphAlt=-1066.36 radius=6377070.64 FPS=60.1 draw=23
06-11 10:45:51.170  3189  5977 D KEYLOG_KeyCombinationManager: down false downTime 201444733 action 1 count 1 isDefaultDisplayInteractive true eventTime 201444892 mDownTimes: {24=201444733}
06-11 10:45:51.170  3189  5977 D KEYLOG_PhoneWindowManagerExtImpl: overrideInterceptKeyBeforeQueueing:KeyEvent { action=ACTION_UP, keyCode=KEYCODE_VOLUME_UP, scanCode=0, metaState=0, flags=0x0, repeatCount=0, eventTime=201444892000000, downTime=201444733000000, deviceId=-1, source=0x0, displayId=-1 },  keyguardOn = false,  screenOn = true,  policyFlags = 721420288,  SosPowerKeyEnabled = true,  WalletSwitchState = 1,  IsQuickLaunchSupport = true,  IsDoubleCheckAppSupport = false,  isQuickAppOn=false,  canceled = false
06-11 10:45:51.170  3189  5977 D KEYLOG_OplusKeyCombinationManager: down false keyCode 24 count 0 interactive true eventTime 201444892 mDownTimes: {24=201444733}
06-11 10:45:51.171  3189  5977 I OplusJoystickManager: read game pad state for game manager -> false
06-11 10:45:51.171  3189  5977 W OplusJoystickManager: mInterceptGamepadKey is false
06-11 10:45:51.171  3189  5977 D OplusCustomizeRestrictionManagerService: isLongPressVolumeUpDisabled start
06-11 10:45:51.171  3189  5977 I STKeyLog_StrategyDisableBottomKey: onBeforeQueueing : mIsUpGestureMode=false,mDisableBottomKeyMode0
06-11 10:45:51.171  3189  5977 D STKeyLog_StrategyBlackscreenshot: notifyKeyBeforeQueueing, downTime201444733, action=1, interactive=true
06-11 10:45:51.171  3189  5977 D KEYLOG_PhoneWindowManager: interceptKeyBeforeQueueing downTime=201444733 action = 1 interactive=true keyguardActive=false policyFlags=2b000000 isInjected=true isWakeKey=false isKeyGestureTriggered=false
06-11 10:45:51.172  3189  3806 E OplusInputDeviceUtil: api level < 36 or inputDevice is null, return false
06-11 10:45:51.172  3189  3332 D PowerManagerService: userActivityNoUpdateLocked: groupId=0, eventTime=201444892, event=button, flags=0x0, uid=1000
06-11 10:45:51.172  3189  3806 D STKeyLog_StrategyPadKeyBoardShortcut: excuteShortCut, interactive = true
06-11 10:45:51.173  3189  3806 D OplusCustomizeRestrictionManagerService: isLongPressVolumeUpDisabled start
06-11 10:45:51.174  3189  3332 D PowerManagerService: userActivityNoUpdateLocked: groupId=0, eventTime=201444892, event=button, flags=0x0, uid=1000
06-11 10:45:51.179  6058  6824 I AndroidBridge: androidHttpGet: env=0xb400007a0aba9600 gJniHttpHelperClass=0x30a6 gHttpGetMethod=0x1 url=https://webst01.is.autonavi.com/appmaptile?style=6&x=13038&y=6778&z=14
06-11 10:45:51.179  6058  6824 I JniHttpHelper: httpGet called: https://webst01.is.autonavi.com/appmaptile?style=6&x=13038&y=6778&z=14
06-11 10:45:51.180  6058  6827 I AndroidBridge: androidHttpGet: env=0xb400007a7da0f000 gJniHttpHelperClass=0x30a6 gHttpGetMethod=0x1 url=https://webst02.is.autonavi.com/appmaptile?style=6&x=13038&y=6779&z=14
06-11 10:45:51.180  6058  6829 I AndroidBridge: androidHttpGet: env=0xb400007a7da0f380 gJniHttpHelperClass=0x30a6 gHttpGetMethod=0x1 url=https://webst03.is.autonavi.com/appmaptile?style=6&x=13038&y=6780&z=14
06-11 10:45:51.180  6058  6827 I JniHttpHelper: httpGet called: https://webst02.is.autonavi.com/appmaptile?style=6&x=13038&y=6779&z=14
06-11 10:45:51.180  6058  6829 I JniHttpHelper: httpGet called: https://webst03.is.autonavi.com/appmaptile?style=6&x=13038&y=6780&z=14
06-11 10:45:51.180  6058  6828 I AndroidBridge: androidHttpGet: env=0xb400007a0aba9980 gJniHttpHelperClass=0x30a6 gHttpGetMethod=0x1 url=https://webst03.is.autonavi.com/appmaptile?style=6&x=13039&y=6779&z=14
06-11 10:45:51.180  6058  6828 I JniHttpHelper: httpGet called: https://webst03.is.autonavi.com/appmaptile?style=6&x=13039&y=6779&z=14
06-11 10:45:51.182  6058  6831 I AndroidBridge: androidHttpGet: env=0xb400007a0aba9de0 gJniHttpHelperClass=0x30a6 gHttpGetMethod=0x1 url=https://webst01.is.autonavi.com/appmaptile?style=6&x=13040&y=6780&z=14
06-11 10:45:51.182  6058  6831 I JniHttpHelper: httpGet called: https://webst01.is.autonavi.com/appmaptile?style=6&x=13040&y=6780&z=14
06-11 10:45:51.183  6058  6826 I AndroidBridge: androidHttpGet: env=0xb400007a7da130c0 gJniHttpHelperClass=0x30a6 gHttpGetMethod=0x1 url=https://webst02.is.autonavi.com/appmaptile?style=6&x=13039&y=6778&z=14
06-11 10:45:51.183  6058  6826 I JniHttpHelper: httpGet called: https://webst02.is.autonavi.com/appmaptile?style=6&x=13039&y=6778&z=14
06-11 10:45:51.185  6058  6830 I AndroidBridge: androidHttpGet: env=0xb400007a0abaa160 gJniHttpHelperClass=0x30a6 gHttpGetMethod=0x1 url=https://webst04.is.autonavi.com/appmaptile?style=6&x=13039&y=6780&z=14
06-11 10:45:51.186  6058  6830 I JniHttpHelper: httpGet called: https://webst04.is.autonavi.com/appmaptile?style=6&x=13039&y=6780&z=14
06-11 10:45:51.188  3189  4147 D MediaSessionService: dispatchVolumeKeyEvent, pkg=com.earthengine.minimalglobe, opPkg=com.earthengine.minimalglobe, pid=6058, uid=10602, asSystem=true, event=KeyEvent { action=ACTION_UP, keyCode=KEYCODE_VOLUME_UP, scanCode=0, metaState=0, flags=0x0, repeatCount=0, eventTime=201444892000000, downTime=201444733000000, deviceId=-1, source=0x0, displayId=-1 }, stream=-2147483648, musicOnly=false
06-11 10:45:51.188  3189  4147 D MediaSessionService: Adjusting suggestedStream=-2147483648 by 0. flags=4116, preferSuggestedStream=false, session=null, musicOnly false
06-11 10:45:51.188  3189  3189 E MediaSessionService: sPid is 3189 sTid:3189
06-11 10:45:51.192  3189  3189 D AudioServiceExtImpl: ringVolumeDefault :0
06-11 10:45:51.193  3189  3189 V AudioServiceExtImpl: oplusGetParameters() keyValuePairs:OPLUS_AUDIO_GET_ADJUSTVOLUME_FORBID, uid: 1000
06-11 10:45:51.194  3189  3189 D AS.AudioService: sendVolumeUpdate streamType=3, index=800, flags=4112
06-11 10:45:51.194  3189  3189 D VolumeController: postVolumeChanged streamType=3, flags=4112
06-11 10:45:51.195  4329  5186 I SystemUi--Volume: vol.VolumeDialogControl-->shouldShowUI wakefulness:2 ,mDeviceInteractive:true ,mShowVolumeDialog:true
06-11 10:45:51.196  4329  5186 I SystemUi--Volume: vol.VolumeDialogControl-->onVolumeChangedW stream:3,flags:4112 ,showUI:false ,fromKey:true ,showVibrateHint:false ,showSilentHint:false ,changed:false
06-11 10:45:51.196  4329  5186 I SystemUi--Volume: vol.VolumeDialogControl-->shouldShowUI wakefulness:2 ,mDeviceInteractive:true ,mShowVolumeDialog:true
06-11 10:45:51.196  4329  4329 I SystemUi--Volume: OplusVolumeDialogImpl-->onVolumeKeyStateChange isMultiMediaSettingsEnable:false,screenState:2
06-11 10:45:51.212  6058  6827 I JniHttpHelper: httpGet OK: https://webst02.is.autonavi.com/appmaptile?style=6&x=13038&y=6779&z=14 -> 16486 bytes
06-11 10:45:51.212  6058  6828 I JniHttpHelper: httpGet OK: https://webst03.is.autonavi.com/appmaptile?style=6&x=13039&y=6779&z=14 -> 14222 bytes
06-11 10:45:51.214  6058  6829 I JniHttpHelper: httpGet OK: https://webst03.is.autonavi.com/appmaptile?style=6&x=13038&y=6780&z=14 -> 17864 bytes
06-11 10:45:51.215  6058  6830 I JniHttpHelper: httpGet OK: https://webst04.is.autonavi.com/appmaptile?style=6&x=13039&y=6780&z=14 -> 18040 bytes
06-11 10:45:51.216  6058  6828 I AndroidBridge: Decoded image 256x256 from 14222 bytes
06-11 10:45:51.216  6058  6827 I AndroidBridge: Decoded image 256x256 from 16486 bytes
06-11 10:45:51.218  6058  6830 I AndroidBridge: Decoded image 256x256 from 18040 bytes
06-11 10:45:51.219  6058  6829 I AndroidBridge: Decoded image 256x256 from 17864 bytes
06-11 10:45:51.223  6058  6058 I BasemapLayer: Tile uploaded: 14/13039/6779 256x256
06-11 10:45:51.223  6058  6058 I BasemapLayer: Tile uploaded: 14/13038/6779 256x256
06-11 10:45:51.240  6058  6058 I BasemapLayer: Tile uploaded: 14/13039/6780 256x256
06-11 10:45:51.240  6058  6058 I BasemapLayer: Tile uploaded: 14/13038/6780 256x256
06-11 10:45:51.246  6058  6826 I JniHttpHelper: httpGet OK: https://webst02.is.autonavi.com/appmaptile?style=6&x=13039&y=6778&z=14 -> 16829 bytes
06-11 10:45:51.254  4454  5373 D AMC     : [TriggerForeground] handle temp changed:36729
06-11 10:45:51.255  6058  6831 I JniHttpHelper: httpGet OK: https://webst01.is.autonavi.com/appmaptile?style=6&x=13040&y=6780&z=14 -> 17765 bytes
06-11 10:45:51.255  6058  6824 I JniHttpHelper: httpGet OK: https://webst01.is.autonavi.com/appmaptile?style=6&x=13038&y=6778&z=14 -> 17218 bytes
06-11 10:45:51.257  1667 15952 I sensors-hal: handle_oplus_wise_rgb_event:230, wise_rgb:algo_type = 3
06-11 10:45:51.257  1667 15952 I sensors-hal: handle_oplus_wise_rgb_event:285, wise_rgb: raw_lux 510.892578, raw_cct 6310.395508, r/g/b/c: 40198.824219/35259.644531/19748.767578/89129.023438, R/G/B: 0.000000/0.000000/0.000000, brl 1529.000000, lux: 510.892578, cct: 6310.395508, ts 243348573483343, cnt 7410
06-11 10:45:51.260  1800  1924 D BatteryChargeControl: bcc get no support from charging protocol
06-11 10:45:51.262  6058  6826 I AndroidBridge: Decoded image 256x256 from 16829 bytes
06-11 10:45:51.266  6058  6824 I AndroidBridge: Decoded image 256x256 from 17218 bytes
06-11 10:45:51.266  6058  6831 I AndroidBridge: Decoded image 256x256 from 17765 bytes
06-11 10:45:51.274  6058  6058 I BasemapLayer: Tile uploaded: 14/13039/6778 256x256
06-11 10:45:51.275  6058  6058 I BasemapLayer: Tile uploaded: 14/13038/6778 256x256
06-11 10:45:51.307  6058  6058 I BasemapLayer: Tile uploaded: 14/13040/6780 256x256
06-11 10:45:51.366  6550  6590 I JPEG_JNI: EnterExeTask  controller.background_task_controller process {"client":"infer"}
06-11 10:45:51.366  6550  6590 I JPEG_JNI: LeaveExeTask  module controller.background_task_controller 
06-11 10:45:51.366  6550  6590 I JPEG_JNI:  func process  
06-11 10:45:51.366  6550  6590 I JPEG_JNI:  input {"client":"infer"} 
06-11 10:45:51.366  6550  6590 I JPEG_JNI:  ret {}
06-11 10:45:51.456  1667 15952 I sensors-hal: handle_oplus_wise_rgb_event:230, wise_rgb:algo_type = 3
06-11 10:45:51.456  1667 15952 I sensors-hal: handle_oplus_wise_rgb_event:285, wise_rgb: raw_lux 507.920593, raw_cct 6330.756836, r/g/b/c: 40270.457031/35219.101562/19696.830078/89159.320312, R/G/B: 0.000000/0.000000/0.000000, brl 1529.000000, lux: 507.920593, cct: 6330.756836, ts 243348773326833, cnt 7411
06-11 10:45:51.557  3189  5977 D KEYLOG_KeyCombinationManager: down true downTime 201445279 action 0 count 0 isDefaultDisplayInteractive true eventTime 201445279 mDownTimes: {}
06-11 10:45:51.558  3189  5977 D KEYLOG_PhoneWindowManagerExtImpl: overrideInterceptKeyBeforeQueueing:KeyEvent { action=ACTION_DOWN, keyCode=KEYCODE_VOLUME_UP, scanCode=0, metaState=0, flags=0x0, repeatCount=0, eventTime=201445279000000, downTime=201445279000000, deviceId=-1, source=0x0, displayId=-1 },  keyguardOn = false,  screenOn = true,  policyFlags = 721420288,  SosPowerKeyEnabled = true,  WalletSwitchState = 1,  IsQuickLaunchSupport = true,  IsDoubleCheckAppSupport = false,  isQuickAppOn=false,  canceled = false
06-11 10:45:51.558  3189  5977 D KEYLOG_OplusKeyCombinationManager: down true keyCode 24 count 0 interactive true eventTime 201445279 mDownTimes: {}
06-11 10:45:51.558  3189  5977 I OplusJoystickManager: read game pad state for game manager -> false
06-11 10:45:51.558  3189  5977 W OplusJoystickManager: mInterceptGamepadKey is false
06-11 10:45:51.558  3189  5977 D OplusCustomizeRestrictionManagerService: isLongPressVolumeUpDisabled start
06-11 10:45:51.559  3189  5977 I STKeyLog_StrategyDisableBottomKey: onBeforeQueueing : mIsUpGestureMode=false,mDisableBottomKeyMode0
06-11 10:45:51.559  3189  5977 D STKeyLog_StrategyBlackscreenshot: notifyKeyBeforeQueueing, downTime201445279, action=0, interactive=true
06-11 10:45:51.559  3189  5977 D KEYLOG_PhoneWindowManager: interceptKeyBeforeQueueing downTime=201445279 action = 0 interactive=true keyguardActive=false policyFlags=2b000000 isInjected=true isWakeKey=false isKeyGestureTriggered=false
06-11 10:45:51.559  3189  5977 I VibratorManagerServiceExtImpl: cancelVibrate uid=1000, pid=3189, usageFilter=-15, token=193946947
06-11 10:45:51.560  4329 24904 D RingtonePlayer: stopAsync()
06-11 10:45:51.560  4329 24904 D RingtonePlayer: stop
06-11 10:45:51.560  3189  5977 D AS.AudioService: uid 1000, callingApp = android.uid.system:1000
06-11 10:45:51.561  3189  3332 D PowerManagerService: userActivityNoUpdateLocked: groupId=0, eventTime=201445279, event=button, flags=0x0, uid=1000
06-11 10:45:51.656  1667 15952 I sensors-hal: handle_oplus_wise_rgb_event:230, wise_rgb:algo_type = 3
06-11 10:45:51.657  1667 15952 I sensors-hal: handle_oplus_wise_rgb_event:285, wise_rgb: raw_lux 499.773743, raw_cct 6239.033691, r/g/b/c: 40432.460938/35162.308594/19601.207031/88850.210938, R/G/B: 0.000000/0.000000/0.000000, brl 1529.000000, lux: 499.773743, cct: 6239.033691, ts 243348973100479, cnt 7412
06-11 10:45:51.657  1667 15988 I sensors-hal: handle_oplus_wise_rgb_event:301, oplus wise_rgb sample: (7412)(cct, lux, ir_ratio, r, g, b, c)[6239, 499, 35, 40432, 35162, 19601, 88850]
06-11 10:45:51.707  3189  3806 E OplusInputDeviceUtil: api level < 36 or inputDevice is null, return false
06-11 10:45:51.707  3189  3806 D KEYLOG_KeyGestureControllerExtlmpl: interceptOldShortcuts, mIsShortCutMenuShow = false mPendingMetaActionForOld = false mLongPressHandled = false
06-11 10:45:51.707  3189  3806 D STKeyLog_StrategyPadKeyBoardShortcut: excuteShortCut, interactive = true
06-11 10:45:51.708  3189  3806 D OplusCustomizeRestrictionManagerService: isLongPressVolumeUpDisabled start
06-11 10:45:51.710  3189  3332 D PowerManagerService: userActivityNoUpdateLocked: groupId=0, eventTime=201445279, event=button, flags=0x0, uid=1000
06-11 10:45:51.716  9206  9206 I GlobalHandwriting: onUpdateEditorToolType = 0
06-11 10:45:51.717  6058  6058 I MinimalGlobe: Debug zoom scale=1.18 | tiles vis=41 cached=49 renderSurface=25 exact=25 parent=0 missing=0 unsupported=16 kicked=0 retained=0 z=2-14 targetZ=2-14 texZ=2-14 lod=512 eq=0 qRender=41 qWalk=68 qBal=0 qFrustum=83 qHz=0 qEq2=0 grp=25/0/16 ellAlt=3381.22 sphAlt=-1808.58 radius=6376328.42 FPS=59.6 draw=27
06-11 10:45:51.718  3189  5977 D KEYLOG_KeyCombinationManager: down false downTime 201445279 action 1 count 1 isDefaultDisplayInteractive true eventTime 201445440 mDownTimes: {24=201445279}
06-11 10:45:51.718  3189  5977 D KEYLOG_PhoneWindowManagerExtImpl: overrideInterceptKeyBeforeQueueing:KeyEvent { action=ACTION_UP, keyCode=KEYCODE_VOLUME_UP, scanCode=0, metaState=0, flags=0x0, repeatCount=0, eventTime=201445440000000, downTime=201445279000000, deviceId=-1, source=0x0, displayId=-1 },  keyguardOn = false,  screenOn = true,  policyFlags = 721420288,  SosPowerKeyEnabled = true,  WalletSwitchState = 1,  IsQuickLaunchSupport = true,  IsDoubleCheckAppSupport = false,  isQuickAppOn=false,  canceled = false
06-11 10:45:51.718  3189  5977 D KEYLOG_OplusKeyCombinationManager: down false keyCode 24 count 0 interactive true eventTime 201445440 mDownTimes: {24=201445279}
06-11 10:45:51.719  3189  5977 I OplusJoystickManager: read game pad state for game manager -> false
06-11 10:45:51.719  3189  5977 W OplusJoystickManager: mInterceptGamepadKey is false
06-11 10:45:51.719  3189  5977 D OplusCustomizeRestrictionManagerService: isLongPressVolumeUpDisabled start
06-11 10:45:51.719  3189  5977 I STKeyLog_StrategyDisableBottomKey: onBeforeQueueing : mIsUpGestureMode=false,mDisableBottomKeyMode0
06-11 10:45:51.719  3189  5977 D STKeyLog_StrategyBlackscreenshot: notifyKeyBeforeQueueing, downTime201445279, action=1, interactive=true
06-11 10:45:51.719  3189  5977 D KEYLOG_PhoneWindowManager: interceptKeyBeforeQueueing downTime=201445279 action = 1 interactive=true keyguardActive=false policyFlags=2b000000 isInjected=true isWakeKey=false isKeyGestureTriggered=false
06-11 10:45:51.720  3189  3806 E OplusInputDeviceUtil: api level < 36 or inputDevice is null, return false
06-11 10:45:51.720  3189  3332 D PowerManagerService: userActivityNoUpdateLocked: groupId=0, eventTime=201445440, event=button, flags=0x0, uid=1000
06-11 10:45:51.720  3189  3806 D STKeyLog_StrategyPadKeyBoardShortcut: excuteShortCut, interactive = true
06-11 10:45:51.721  3189  3806 D OplusCustomizeRestrictionManagerService: isLongPressVolumeUpDisabled start
06-11 10:45:51.722  3189  3332 D PowerManagerService: userActivityNoUpdateLocked: groupId=0, eventTime=201445440, event=button, flags=0x0, uid=1000
06-11 10:45:51.731  3189  4147 D MediaSessionService: dispatchVolumeKeyEvent, pkg=com.earthengine.minimalglobe, opPkg=com.earthengine.minimalglobe, pid=6058, uid=10602, asSystem=true, event=KeyEvent { action=ACTION_UP, keyCode=KEYCODE_VOLUME_UP, scanCode=0, metaState=0, flags=0x0, repeatCount=0, eventTime=201445440000000, downTime=201445279000000, deviceId=-1, source=0x0, displayId=-1 }, stream=-2147483648, musicOnly=false
06-11 10:45:51.731  3189  4147 D MediaSessionService: Adjusting suggestedStream=-2147483648 by 0. flags=4116, preferSuggestedStream=false, session=null, musicOnly false
06-11 10:45:51.731  3189  3189 E MediaSessionService: sPid is 3189 sTid:3189
06-11 10:45:51.740  3189  3189 D AudioServiceExtImpl: ringVolumeDefault :0
06-11 10:45:51.741  3189  3189 V AudioServiceExtImpl: oplusGetParameters() keyValuePairs:OPLUS_AUDIO_GET_ADJUSTVOLUME_FORBID, uid: 1000
06-11 10:45:51.742  3189  3189 D AS.AudioService: sendVolumeUpdate streamType=3, index=800, flags=4112
06-11 10:45:51.743  3189  3189 D VolumeController: postVolumeChanged streamType=3, flags=4112
06-11 10:45:51.744  4329  5186 I SystemUi--Volume: vol.VolumeDialogControl-->shouldShowUI wakefulness:2 ,mDeviceInteractive:true ,mShowVolumeDialog:true
06-11 10:45:51.746  4329  5186 I SystemUi--Volume: vol.VolumeDialogControl-->onVolumeChangedW stream:3,flags:4112 ,showUI:false ,fromKey:true ,showVibrateHint:false ,showSilentHint:false ,changed:false
06-11 10:45:51.746  4329  5186 I SystemUi--Volume: vol.VolumeDialogControl-->shouldShowUI wakefulness:2 ,mDeviceInteractive:true ,mShowVolumeDialog:true
06-11 10:45:51.747  4329  4329 I SystemUi--Volume: OplusVolumeDialogImpl-->onVolumeKeyStateChange isMultiMediaSettingsEnable:false,screenState:2
06-11 10:45:51.856  1667 15952 I sensors-hal: handle_oplus_wise_rgb_event:230, wise_rgb:algo_type = 3
06-11 10:45:51.856  1667 15952 I sensors-hal: handle_oplus_wise_rgb_event:285, wise_rgb: raw_lux 508.489075, raw_cct 6266.079102, r/g/b/c: 40327.671875/35160.109375/19691.414062/89231.742188, R/G/B: 0.000000/0.000000/0.000000, brl 1529.000000, lux: 508.489075, cct: 6266.079102, ts 243349172919229, cnt 7413
06-11 10:45:51.867  6550  6590 I JPEG_JNI: EnterExeTask  controller.background_task_controller process {"client":"infer"}
06-11 10:45:51.872  6550  6590 I JPEG_JNI: LeaveExeTask  module controller.background_task_controller 
06-11 10:45:51.872  6550  6590 I JPEG_JNI:  func process  
06-11 10:45:51.872  6550  6590 I JPEG_JNI:  input {"client":"infer"} 
06-11 10:45:51.872  6550  6590 I JPEG_JNI:  ret {}
06-11 10:45:51.885  4639  8246 D CommonApp-194-10602: commonScoreStrategy scenarios 1
06-11 10:45:51.885  4639  8246 D CommonApp-194-10602: notifyScoreChange appScene COMMON score 100
06-11 10:45:51.886  4639  8246 D ScorePolicy: handleScoreChanged: []
06-11 10:45:51.886  4639  8246 D ScorePolicy: handleScoreChanged: []
06-11 10:45:51.887  4639  8246 D ScorePolicy: handleScoreChanged: []
06-11 10:45:51.962  3189  3986 D OplusNetKit: in getLpByInterface name from LP: [rmnet_data1]
06-11 10:45:51.962  3189  3986 D OplusNetKit: in getLpByInterface name from LP: [wlan0]
06-11 10:45:51.967 24174 24174 E wpa_supplicant: wpa_driver_nl80211_driver_cmd: failed to issue private commands, ret:-1, errno:524
06-11 10:45:51.969  3189  3983 W OwmCoexistMonitor: get btProfileKey fail
06-11 10:45:51.969  3189  3983 W OwmCoexistMonitor: get btCodecKey fail
06-11 10:45:52.015  3189  3986 D OplusNetRttKit: getIcmpEchoRtt addr:192.168.100.*** avgRtt: 14
06-11 10:45:52.022  3189  3841 D WifiStaIfaceHidlImpl: getCachedScanData is not implemented by HIDL
06-11 10:45:52.038  3189  3960 D OplusWifiPower_TriggerCenter: mComponentCallback: wifistat
06-11 10:45:52.048  3189  3983 D OplusWifiPowerStatsManager: invalid implement of getMtkTxPower
06-11 10:45:52.054  4639  4639 D VendorWifiService: onEvent event:9,action:1
06-11 10:45:52.056  1667 15952 I sensors-hal: handle_oplus_wise_rgb_event:230, wise_rgb:algo_type = 3
06-11 10:45:52.056  1667 15952 I sensors-hal: handle_oplus_wise_rgb_event:285, wise_rgb: raw_lux 510.894409, raw_cct 6393.500977, r/g/b/c: 40362.480469/35239.019531/19961.181641/89661.296875, R/G/B: 0.000000/0.000000/0.000000, brl 1529.000000, lux: 510.894409, cct: 6393.500977, ts 243349372755427, cnt 7414
06-11 10:45:52.056  1667 15988 I sensors-hal: get_brightness:1652, light_iface: get_brightness, brl 1529, pwm_turbo_on 0/0, hbm_dc 0
06-11 10:45:52.059  4639  4639 D RadioMessenger: handleMessage Request msgid 2311
06-11 10:45:52.059  4639  4639 D RadioProxyJ[1]: [18916]> getAllCellularCellInfo
06-11 10:45:52.059  2382  2489 D QmiVsClient: getAllCellularCellInfo - enter
06-11 10:45:52.060  2382  2489 E QmiVsClient: sendAsyncRequest QMI_VS_GET_ALL_CELLULAR_CELL_INFO_REQ_MSG_V01 ret 0
06-11 10:45:52.061  2382  3391 D QmiVsClient: operator() callback - enter
06-11 10:45:52.061  2382  2489 D VsProxy : handleMessage msg is 4001
06-11 10:45:52.061  2382  2489 D RadioProxy: getAllCellularCellInfo : response cb for instance 1
06-11 10:45:52.062  4639  4724 D SubsysRadioResponse: getAllCellularCellInfoResponse
06-11 10:45:52.062  4639  4724 D SubsysRadioResponse: responseAllCellularCellInfo len:8
06-11 10:45:52.062  4639  4724 D RadioProxyJ[1]: [18916]< getAllCellularCellInfoResponse ******
06-11 10:45:52.062  4639  4639 D MessengerResponseHandler: handleMessage Response msgid 281
06-11 10:45:52.113  3189  5977 D KEYLOG_KeyCombinationManager: down true downTime 201445836 action 0 count 0 isDefaultDisplayInteractive true eventTime 201445836 mDownTimes: {}
06-11 10:45:52.114  3189  5977 D KEYLOG_PhoneWindowManagerExtImpl: overrideInterceptKeyBeforeQueueing:KeyEvent { action=ACTION_DOWN, keyCode=KEYCODE_VOLUME_UP, scanCode=0, metaState=0, flags=0x0, repeatCount=0, eventTime=201445836000000, downTime=201445836000000, deviceId=-1, source=0x0, displayId=-1 },  keyguardOn = false,  screenOn = true,  policyFlags = 721420288,  SosPowerKeyEnabled = true,  WalletSwitchState = 1,  IsQuickLaunchSupport = true,  IsDoubleCheckAppSupport = false,  isQuickAppOn=false,  canceled = false
06-11 10:45:52.114  3189  5977 D KEYLOG_OplusKeyCombinationManager: down true keyCode 24 count 0 interactive true eventTime 201445836 mDownTimes: {}
06-11 10:45:52.114  3189  5977 I OplusJoystickManager: read game pad state for game manager -> false
06-11 10:45:52.114  3189  5977 W OplusJoystickManager: mInterceptGamepadKey is false
06-11 10:45:52.114  3189  5977 D OplusCustomizeRestrictionManagerService: isLongPressVolumeUpDisabled start
06-11 10:45:52.114  3189  5977 I STKeyLog_StrategyDisableBottomKey: onBeforeQueueing : mIsUpGestureMode=false,mDisableBottomKeyMode0
06-11 10:45:52.114  3189  5977 D STKeyLog_StrategyBlackscreenshot: notifyKeyBeforeQueueing, downTime201445836, action=0, interactive=true
06-11 10:45:52.115  3189  5977 D KEYLOG_PhoneWindowManager: interceptKeyBeforeQueueing downTime=201445836 action = 0 interactive=true keyguardActive=false policyFlags=2b000000 isInjected=true isWakeKey=false isKeyGestureTriggered=false
06-11 10:45:52.115  3189  5977 I VibratorManagerServiceExtImpl: cancelVibrate uid=1000, pid=3189, usageFilter=-15, token=193946947
06-11 10:45:52.116  3189  5977 D AS.AudioService: uid 1000, callingApp = android.uid.system:1000
06-11 10:45:52.116  4329 24913 D RingtonePlayer: stopAsync()
06-11 10:45:52.116  4329 24913 D RingtonePlayer: stop
06-11 10:45:52.117  3189  3332 D PowerManagerService: userActivityNoUpdateLocked: groupId=0, eventTime=201445836, event=button, flags=0x0, uid=1000
06-11 10:45:52.256  1667 15952 I sensors-hal: handle_oplus_wise_rgb_event:230, wise_rgb:algo_type = 3
06-11 10:45:52.256  1667 15952 I sensors-hal: handle_oplus_wise_rgb_event:285, wise_rgb: raw_lux 517.478882, raw_cct 6486.351562, r/g/b/c: 40366.878906/35302.707031/20126.134766/89816.515625, R/G/B: 0.000000/0.000000/0.000000, brl 1529.000000, lux: 517.478882, cct: 6486.351562, ts 243349572564177, cnt 7415
06-11 10:45:52.263  1800  1924 D BatteryChargeControl: bcc get no support from charging protocol
06-11 10:45:52.264  3189  3806 E OplusInputDeviceUtil: api level < 36 or inputDevice is null, return false
06-11 10:45:52.264  3189  3806 D KEYLOG_KeyGestureControllerExtlmpl: interceptOldShortcuts, mIsShortCutMenuShow = false mPendingMetaActionForOld = false mLongPressHandled = false
06-11 10:45:52.264  3189  3806 D STKeyLog_StrategyPadKeyBoardShortcut: excuteShortCut, interactive = true
06-11 10:45:52.265  3189  3806 D OplusCustomizeRestrictionManagerService: isLongPressVolumeUpDisabled start
06-11 10:45:52.266  3189  3332 D PowerManagerService: userActivityNoUpdateLocked: groupId=0, eventTime=201445836, event=button, flags=0x0, uid=1000
06-11 10:45:52.267  9206  9206 I GlobalHandwriting: onUpdateEditorToolType = 0
06-11 10:45:52.267  6058  6058 I MinimalGlobe: Debug zoom scale=1.18 | tiles vis=40 cached=49 renderSurface=24 exact=24 parent=0 missing=0 unsupported=16 kicked=0 retained=0 z=2-14 targetZ=2-14 texZ=2-14 lod=512 eq=0 qRender=40 qWalk=68 qBal=0 qFrustum=82 qHz=0 qEq2=0 grp=24/0/16 ellAlt=2772.60 sphAlt=-2417.20 radius=6375719.80 FPS=60.1 draw=26
06-11 10:45:52.269  3189  5977 D KEYLOG_KeyCombinationManager: down false downTime 201445836 action 1 count 1 isDefaultDisplayInteractive true eventTime 201445991 mDownTimes: {24=201445836}
06-11 10:45:52.269  3189  5977 D KEYLOG_PhoneWindowManagerExtImpl: overrideInterceptKeyBeforeQueueing:KeyEvent { action=ACTION_UP, keyCode=KEYCODE_VOLUME_UP, scanCode=0, metaState=0, flags=0x0, repeatCount=0, eventTime=201445991000000, downTime=201445836000000, deviceId=-1, source=0x0, displayId=-1 },  keyguardOn = false,  screenOn = true,  policyFlags = 721420288,  SosPowerKeyEnabled = true,  WalletSwitchState = 1,  IsQuickLaunchSupport = true,  IsDoubleCheckAppSupport = false,  isQuickAppOn=false,  canceled = false
06-11 10:45:52.269  3189  5977 D KEYLOG_OplusKeyCombinationManager: down false keyCode 24 count 0 interactive true eventTime 201445991 mDownTimes: {24=201445836}
06-11 10:45:52.270  3189  5977 I OplusJoystickManager: read game pad state for game manager -> false
06-11 10:45:52.270  3189  5977 W OplusJoystickManager: mInterceptGamepadKey is false
06-11 10:45:52.270  3189  5977 D OplusCustomizeRestrictionManagerService: isLongPressVolumeUpDisabled start
06-11 10:45:52.270  3189  5977 I STKeyLog_StrategyDisableBottomKey: onBeforeQueueing : mIsUpGestureMode=false,mDisableBottomKeyMode0
06-11 10:45:52.270  3189  5977 D STKeyLog_StrategyBlackscreenshot: notifyKeyBeforeQueueing, downTime201445836, action=1, interactive=true
06-11 10:45:52.270  3189  5977 D KEYLOG_PhoneWindowManager: interceptKeyBeforeQueueing downTime=201445836 action = 1 interactive=true keyguardActive=false policyFlags=2b000000 isInjected=true isWakeKey=false isKeyGestureTriggered=false
06-11 10:45:52.271  3189  3806 E OplusInputDeviceUtil: api level < 36 or inputDevice is null, return false
06-11 10:45:52.271  3189  3332 D PowerManagerService: userActivityNoUpdateLocked: groupId=0, eventTime=201445991, event=button, flags=0x0, uid=1000
06-11 10:45:52.271  3189  3806 D STKeyLog_StrategyPadKeyBoardShortcut: excuteShortCut, interactive = true
06-11 10:45:52.271  3189  3806 D OplusCustomizeRestrictionManagerService: isLongPressVolumeUpDisabled start
06-11 10:45:52.273  3189  3332 D PowerManagerService: userActivityNoUpdateLocked: groupId=0, eventTime=201445991, event=button, flags=0x0, uid=1000
06-11 10:45:52.278  6058  6920 I AndroidBridge: androidHttpGet: env=0xb400007a0aba6420 gJniHttpHelperClass=0x30a6 gHttpGetMethod=0x1 url=https://webst04.is.autonavi.com/appmaptile?style=6&x=1&y=6&z=3
06-11 10:45:52.278  6058  6920 I JniHttpHelper: httpGet called: https://webst04.is.autonavi.com/appmaptile?style=6&x=1&y=6&z=3
06-11 10:45:52.278  6058  6919 I AndroidBridge: androidHttpGet: env=0xb400007a7da0f0e0 gJniHttpHelperClass=0x30a6 gHttpGetMethod=0x1 url=https://webst03.is.autonavi.com/appmaptile?style=6&x=0&y=6&z=3
06-11 10:45:52.278  6058  6919 I JniHttpHelper: httpGet called: https://webst03.is.autonavi.com/appmaptile?style=6&x=0&y=6&z=3
06-11 10:45:52.278  6058  6922 I AndroidBridge: androidHttpGet: env=0xb400007a0aba9de0 gJniHttpHelperClass=0x30a6 gHttpGetMethod=0x1 url=https://webst01.is.autonavi.com/appmaptile?style=6&x=1&y=7&z=3
06-11 10:45:52.278  6058  6922 I JniHttpHelper: httpGet called: https://webst01.is.autonavi.com/appmaptile?style=6&x=1&y=7&z=3
06-11 10:45:52.279  6058  6921 I AndroidBridge: androidHttpGet: env=0xb400007a7da0fd20 gJniHttpHelperClass=0x30a6 gHttpGetMethod=0x1 url=https://webst04.is.autonavi.com/appmaptile?style=6&x=0&y=7&z=3
06-11 10:45:52.279  6058  6921 I JniHttpHelper: httpGet called: https://webst04.is.autonavi.com/appmaptile?style=6&x=0&y=7&z=3
06-11 10:45:52.283  3189  4147 D MediaSessionService: dispatchVolumeKeyEvent, pkg=com.earthengine.minimalglobe, opPkg=com.earthengine.minimalglobe, pid=6058, uid=10602, asSystem=true, event=KeyEvent { action=ACTION_UP, keyCode=KEYCODE_VOLUME_UP, scanCode=0, metaState=0, flags=0x0, repeatCount=0, eventTime=201445991000000, downTime=201445836000000, deviceId=-1, source=0x0, displayId=-1 }, stream=-2147483648, musicOnly=false
06-11 10:45:52.283  3189  4147 D MediaSessionService: Adjusting suggestedStream=-2147483648 by 0. flags=4116, preferSuggestedStream=false, session=null, musicOnly false
06-11 10:45:52.284  3189  3189 E MediaSessionService: sPid is 3189 sTid:3189
06-11 10:45:52.288  3189  3189 D AudioServiceExtImpl: ringVolumeDefault :0
06-11 10:45:52.288  3189  3189 V AudioServiceExtImpl: oplusGetParameters() keyValuePairs:OPLUS_AUDIO_GET_ADJUSTVOLUME_FORBID, uid: 1000
06-11 10:45:52.289  3189  3189 D AS.AudioService: sendVolumeUpdate streamType=3, index=800, flags=4112
06-11 10:45:52.289  3189  3189 D VolumeController: postVolumeChanged streamType=3, flags=4112
06-11 10:45:52.290  4329  5186 I SystemUi--Volume: vol.VolumeDialogControl-->shouldShowUI wakefulness:2 ,mDeviceInteractive:true ,mShowVolumeDialog:true
06-11 10:45:52.291  4329  5186 I SystemUi--Volume: vol.VolumeDialogControl-->onVolumeChangedW stream:3,flags:4112 ,showUI:false ,fromKey:true ,showVibrateHint:false ,showSilentHint:false ,changed:false
06-11 10:45:52.291  4329  5186 I SystemUi--Volume: vol.VolumeDialogControl-->shouldShowUI wakefulness:2 ,mDeviceInteractive:true ,mShowVolumeDialog:true
06-11 10:45:52.291  4329  4329 I SystemUi--Volume: OplusVolumeDialogImpl-->onVolumeKeyStateChange isMultiMediaSettingsEnable:false,screenState:2
06-11 10:45:52.298  6058  6920 I JniHttpHelper: httpGet OK: https://webst04.is.autonavi.com/appmaptile?style=6&x=1&y=6&z=3 -> 3889 bytes
06-11 10:45:52.303  6058  6920 I AndroidBridge: Decoded image 256x256 from 3889 bytes
06-11 10:45:52.303  6058  6919 I JniHttpHelper: httpGet OK: https://webst03.is.autonavi.com/appmaptile?style=6&x=0&y=6&z=3 -> 3130 bytes
06-11 10:45:52.304  6058  6922 I JniHttpHelper: httpGet OK: https://webst01.is.autonavi.com/appmaptile?style=6&x=1&y=7&z=3 -> 1896 bytes
06-11 10:45:52.306  6058  6058 I BasemapLayer: Tile uploaded: 3/1/6 256x256
06-11 10:45:52.308  6058  6922 I AndroidBridge: Decoded image 256x256 from 1896 bytes
06-11 10:45:52.308  6058  6919 I AndroidBridge: Decoded image 256x256 from 3130 bytes
06-11 10:45:52.323  6058  6058 I BasemapLayer: Tile uploaded: 3/1/7 256x256
06-11 10:45:52.324  6058  6058 I BasemapLayer: Tile uploaded: 3/0/6 256x256
06-11 10:45:52.331  6058  6921 I JniHttpHelper: httpGet OK: https://webst04.is.autonavi.com/appmaptile?style=6&x=0&y=7&z=3 -> 2833 bytes
06-11 10:45:52.353  6058  6921 I AndroidBridge: Decoded image 256x256 from 2833 bytes
06-11 10:45:52.356  6058  6058 I BasemapLayer: Tile uploaded: 3/0/7 256x256
06-11 10:45:52.372  6550  6590 I JPEG_JNI: EnterExeTask  controller.background_task_controller process {"client":"infer"}
06-11 10:45:52.377  6550  6590 I JPEG_JNI: LeaveExeTask  module controller.background_task_controller 
06-11 10:45:52.377  6550  6590 I JPEG_JNI:  func process  
06-11 10:45:52.377  6550  6590 I JPEG_JNI:  input {"client":"infer"} 
06-11 10:45:52.377  6550  6590 I JPEG_JNI:  ret {}
06-11 10:45:52.412  1656  5403 I vendor.qti.bluetooth@1.0-ibs_handler: [ibs_handler.cpp:778] ProcessIbsCmd: Received IBS_WAKE_IND: 0xFD
06-11 10:45:52.412  1656  5403 D vendor.qti.bluetooth@1.0-ibs_handler: [ibs_handler.cpp:372] SerialClockVote: vote for UART CLK ON
06-11 10:45:52.413  1656  5403 D vendor.qti.bluetooth@1.0-wake_lock: [wake_lock.cpp:135] Acquire wakelock is acquired 
06-11 10:45:52.413  1656  5403 I vendor.qti.bluetooth@1.0-ibs_handler: [ibs_handler.cpp:795] ProcessIbsCmd: Writing IBS_WAKE_ACK
06-11 10:45:52.455  1656  5403 I vendor.qti.bluetooth@1.0-ibs_handler: [ibs_handler.cpp:825] ProcessIbsCmd: Received IBS_SLEEP_IND: 0xFE
06-11 10:45:52.455  1656  5403 D vendor.qti.bluetooth@1.0-ibs_handler: [ibs_handler.cpp:391] SerialClockVote: vote for UART CLK OFF
06-11 10:45:52.456  1667 15952 I sensors-hal: handle_oplus_wise_rgb_event:230, wise_rgb:algo_type = 3
06-11 10:45:52.456  1667 15952 I sensors-hal: handle_oplus_wise_rgb_event:285, wise_rgb: raw_lux 504.936279, raw_cct 6380.371582, r/g/b/c: 40512.304688/35357.980469/19908.101562/89530.351562, R/G/B: 0.000000/0.000000/0.000000, brl 1529.000000, lux: 504.936279, cct: 6380.371582, ts 243349772352458, cnt 7416
06-11 10:45:52.523  3189  3819 W Binder  : Outgoing transactions from this process must be FLAG_ONEWAY
06-11 10:45:52.523  3189  3819 W Binder  : java.lang.Throwable
06-11 10:45:52.523  3189  3819 W Binder  : 	at android.os.BinderProxy.transact(BinderProxy.java:639)
06-11 10:45:52.523  3189  3819 W Binder  : 	at android.content.ContentProviderProxy.insert(ContentProviderNative.java:587)
06-11 10:45:52.523  3189  3819 W Binder  : 	at android.content.ContentProviderClient.insert(ContentProviderClient.java:347)
06-11 10:45:52.523  3189  3819 W Binder  : 	at android.content.ContentProviderClient.insert(ContentProviderClient.java:336)
06-11 10:45:52.523  3189  3819 W Binder  : 	at com.oplus.util.OplusStatisticsImpl.insert(OplusStatisticsImpl.java:307)
06-11 10:45:52.523  3189  3819 W Binder  : 	at com.oplus.util.OplusStatisticsImpl.sendDataToDCS(OplusStatisticsImpl.java:287)
06-11 10:45:52.523  3189  3819 W Binder  : 	at com.oplus.util.OplusStatisticsImpl.flushInternal(OplusStatisticsImpl.java:264)
06-11 10:45:52.523  3189  3819 W Binder  : 	at com.oplus.util.OplusStatisticsImpl.lambda$setDelayFlushJobIfNeed$4(OplusStatisticsImpl.java:211)
06-11 10:45:52.523  3189  3819 W Binder  : 	at com.oplus.util.OplusStatisticsImpl.$r8$lambda$4UYTp2NCu6Rml69JNqEuK7o54SI(Unknown Source:0)
06-11 10:45:52.523  3189  3819 W Binder  : 	at com.oplus.util.OplusStatisticsImpl$$ExternalSyntheticLambda5.run(D8$$SyntheticClass:0)
06-11 10:45:52.523  3189  3819 W Binder  : 	at java.util.concurrent.Executors$RunnableAdapter.call(Executors.java:524)
06-11 10:45:52.523  3189  3819 W Binder  : 	at java.util.concurrent.FutureTask.run(FutureTask.java:343)
06-11 10:45:52.523  3189  3819 W Binder  : 	at java.util.concurrent.ScheduledThreadPoolExecutor$ScheduledFutureTask.run(ScheduledThreadPoolExecutor.java:348)
06-11 10:45:52.523  3189  3819 W Binder  : 	at java.util.concurrent.ThreadPoolExecutor.runWorker(ThreadPoolExecutor.java:1156)
06-11 10:45:52.523  3189  3819 W Binder  : 	at java.util.concurrent.ThreadPoolExecutor$Worker.run(ThreadPoolExecutor.java:651)
06-11 10:45:52.523  3189  3819 W Binder  : 	at java.lang.Thread.run(Thread.java:1119)
06-11 10:45:52.545  3189  3610 I resRelease: policy type is 1
06-11 10:45:52.553  3189  3765 V AlarmManager: sending alarm Alarm{b972f72 type 1 origWhen 1781145952553 whenElapsed 243349879 android} uid 1000 whenElapsed 243349879 windowLength 0 maxWhenElapsed 243349879 repeatInterval 0 action null component null tag StorgaeBandInfoAlarmTag flags 0x9 procName system_server
06-11 10:45:52.554  3189 27614 E OplusStorageUFSBandwidth: storage_io_metrics_path is /proc/oplus_storage/io_metrics/forever/
06-11 10:45:52.555  3189 27614 E OplusStorageUFSBandwidth: Bandwidth - Read: 0.00 MB/s, Write: 3.00 MB/s
06-11 10:45:52.555  3189 27614 E OplusStorageUFSBandwidth: Task time: 1ms
06-11 10:45:52.561  3189 27614 E OplusStorageUFSBandwidth: Alarm set to trigger in 10 seconds
06-11 10:45:52.606  1656  5071 D vendor.qti.bluetooth@1.0-wake_lock: [wake_lock.cpp:158] Release wakelock is released 
06-11 10:45:52.644  3189  5977 D KEYLOG_KeyCombinationManager: down true downTime 201446367 action 0 count 0 isDefaultDisplayInteractive true eventTime 201446367 mDownTimes: {}
06-11 10:45:52.645  3189  5977 D KEYLOG_PhoneWindowManagerExtImpl: overrideInterceptKeyBeforeQueueing:KeyEvent { action=ACTION_DOWN, keyCode=KEYCODE_VOLUME_UP, scanCode=0, metaState=0, flags=0x0, repeatCount=0, eventTime=201446367000000, downTime=201446367000000, deviceId=-1, source=0x0, displayId=-1 },  keyguardOn = false,  screenOn = true,  policyFlags = 721420288,  SosPowerKeyEnabled = true,  WalletSwitchState = 1,  IsQuickLaunchSupport = true,  IsDoubleCheckAppSupport = false,  isQuickAppOn=false,  canceled = false
06-11 10:45:52.645  3189  5977 D KEYLOG_OplusKeyCombinationManager: down true keyCode 24 count 0 interactive true eventTime 201446367 mDownTimes: {}
06-11 10:45:52.645  3189  5977 I OplusJoystickManager: read game pad state for game manager -> false
06-11 10:45:52.645  3189  5977 W OplusJoystickManager: mInterceptGamepadKey is false
06-11 10:45:52.645  3189  5977 D OplusCustomizeRestrictionManagerService: isLongPressVolumeUpDisabled start
06-11 10:45:52.645  3189  5977 I STKeyLog_StrategyDisableBottomKey: onBeforeQueueing : mIsUpGestureMode=false,mDisableBottomKeyMode0
06-11 10:45:52.645  3189  5977 D STKeyLog_StrategyBlackscreenshot: notifyKeyBeforeQueueing, downTime201446367, action=0, interactive=true
06-11 10:45:52.646  3189  5977 D KEYLOG_PhoneWindowManager: interceptKeyBeforeQueueing downTime=201446367 action = 0 interactive=true keyguardActive=false policyFlags=2b000000 isInjected=true isWakeKey=false isKeyGestureTriggered=false
06-11 10:45:52.646  3189  5977 I VibratorManagerServiceExtImpl: cancelVibrate uid=1000, pid=3189, usageFilter=-15, token=193946947
06-11 10:45:52.646  3189  5977 D AS.AudioService: uid 1000, callingApp = android.uid.system:1000
06-11 10:45:52.646  4329 28033 W OPLUS_LOG_LOAD: ==LOGS PROG INFO, prog(com.android.systemui) ==
06-11 10:45:52.646  4329 28033 D RingtonePlayer: stopAsync()
06-11 10:45:52.647  4329 28033 D RingtonePlayer: stop
06-11 10:45:52.647  3189  3332 D PowerManagerService: userActivityNoUpdateLocked: groupId=0, eventTime=201446367, event=button, flags=0x0, uid=1000
06-11 10:45:52.654  1667 15952 I sensors-hal: handle_oplus_wise_rgb_event:230, wise_rgb:algo_type = 3
06-11 10:45:52.654  1667 15952 I sensors-hal: handle_oplus_wise_rgb_event:285, wise_rgb: raw_lux 502.928223, raw_cct 6381.930176, r/g/b/c: 40323.941406/35132.480469/19871.544922/88991.953125, R/G/B: 0.000000/0.000000/0.000000, brl 1529.000000, lux: 502.928223, cct: 6381.930176, ts 243349972186052, cnt 7417
06-11 10:45:52.795  3189  3806 E OplusInputDeviceUtil: api level < 36 or inputDevice is null, return false
06-11 10:45:52.795  3189  3806 D KEYLOG_KeyGestureControllerExtlmpl: interceptOldShortcuts, mIsShortCutMenuShow = false mPendingMetaActionForOld = false mLongPressHandled = false
06-11 10:45:52.795  3189  3806 D STKeyLog_StrategyPadKeyBoardShortcut: excuteShortCut, interactive = true
06-11 10:45:52.796  3189  3806 D OplusCustomizeRestrictionManagerService: isLongPressVolumeUpDisabled start
06-11 10:45:52.797  3189  3332 D PowerManagerService: userActivityNoUpdateLocked: groupId=0, eventTime=201446367, event=button, flags=0x0, uid=1000
06-11 10:45:52.799  9206  9206 I GlobalHandwriting: onUpdateEditorToolType = 0
06-11 10:45:52.800  6058  6058 I MinimalGlobe: Debug zoom scale=1.18 | tiles vis=41 cached=53 renderSurface=25 exact=25 parent=0 missing=0 unsupported=16 kicked=0 retained=0 z=2-14 targetZ=2-14 texZ=2-14 lod=512 eq=0 qRender=41 qWalk=67 qBal=0 qFrustum=82 qHz=0 qEq2=0 grp=25/0/16 ellAlt=2273.54 sphAlt=-2916.26 radius=6375220.74 FPS=59.8 draw=27
06-11 10:45:52.801  3189  5977 D KEYLOG_KeyCombinationManager: down false downTime 201446367 action 1 count 1 isDefaultDisplayInteractive true eventTime 201446523 mDownTimes: {24=201446367}
06-11 10:45:52.801  3189  5977 D KEYLOG_PhoneWindowManagerExtImpl: overrideInterceptKeyBeforeQueueing:KeyEvent { action=ACTION_UP, keyCode=KEYCODE_VOLUME_UP, scanCode=0, metaState=0, flags=0x0, repeatCount=0, eventTime=201446523000000, downTime=201446367000000, deviceId=-1, source=0x0, displayId=-1 },  keyguardOn = false,  screenOn = true,  policyFlags = 721420288,  SosPowerKeyEnabled = true,  WalletSwitchState = 1,  IsQuickLaunchSupport = true,  IsDoubleCheckAppSupport = false,  isQuickAppOn=false,  canceled = false
06-11 10:45:52.801  3189  5977 D KEYLOG_OplusKeyCombinationManager: down false keyCode 24 count 0 interactive true eventTime 201446523 mDownTimes: {24=201446367}
06-11 10:45:52.802  3189  5977 I OplusJoystickManager: read game pad state for game manager -> false
06-11 10:45:52.802  3189  5977 W OplusJoystickManager: mInterceptGamepadKey is false
06-11 10:45:52.802  3189  5977 D OplusCustomizeRestrictionManagerService: isLongPressVolumeUpDisabled start
06-11 10:45:52.802  3189  5977 I STKeyLog_StrategyDisableBottomKey: onBeforeQueueing : mIsUpGestureMode=false,mDisableBottomKeyMode0
06-11 10:45:52.802  3189  5977 D STKeyLog_StrategyBlackscreenshot: notifyKeyBeforeQueueing, downTime201446367, action=1, interactive=true
06-11 10:45:52.802  3189  5977 D KEYLOG_PhoneWindowManager: interceptKeyBeforeQueueing downTime=201446367 action = 1 interactive=true keyguardActive=false policyFlags=2b000000 isInjected=true isWakeKey=false isKeyGestureTriggered=false
06-11 10:45:52.803  3189  3332 D PowerManagerService: userActivityNoUpdateLocked: groupId=0, eventTime=201446523, event=button, flags=0x0, uid=1000
06-11 10:45:52.803  3189  3806 E OplusInputDeviceUtil: api level < 36 or inputDevice is null, return false
06-11 10:45:52.804  3189  3806 D STKeyLog_StrategyPadKeyBoardShortcut: excuteShortCut, interactive = true
06-11 10:45:52.804  3189  3806 D OplusCustomizeRestrictionManagerService: isLongPressVolumeUpDisabled start
06-11 10:45:52.805  3189  3332 D PowerManagerService: userActivityNoUpdateLocked: groupId=0, eventTime=201446523, event=button, flags=0x0, uid=1000
06-11 10:45:52.816  3189  4147 D MediaSessionService: dispatchVolumeKeyEvent, pkg=com.earthengine.minimalglobe, opPkg=com.earthengine.minimalglobe, pid=6058, uid=10602, asSystem=true, event=KeyEvent { action=ACTION_UP, keyCode=KEYCODE_VOLUME_UP, scanCode=0, metaState=0, flags=0x0, repeatCount=0, eventTime=201446523000000, downTime=201446367000000, deviceId=-1, source=0x0, displayId=-1 }, stream=-2147483648, musicOnly=false
06-11 10:45:52.816  3189  4147 D MediaSessionService: Adjusting suggestedStream=-2147483648 by 0. flags=4116, preferSuggestedStream=false, session=null, musicOnly false
06-11 10:45:52.816  3189  3189 E MediaSessionService: sPid is 3189 sTid:3189
06-11 10:45:52.820  3189  3189 D AudioServiceExtImpl: ringVolumeDefault :0
06-11 10:45:52.820  3189  3189 V AudioServiceExtImpl: oplusGetParameters() keyValuePairs:OPLUS_AUDIO_GET_ADJUSTVOLUME_FORBID, uid: 1000
06-11 10:45:52.820  3189  3189 D AS.AudioService: sendVolumeUpdate streamType=3, index=800, flags=4112
06-11 10:45:52.820  3189  3189 D VolumeController: postVolumeChanged streamType=3, flags=4112
06-11 10:45:52.821  4329  5186 I SystemUi--Volume: vol.VolumeDialogControl-->shouldShowUI wakefulness:2 ,mDeviceInteractive:true ,mShowVolumeDialog:true
06-11 10:45:52.823  4329  5186 I SystemUi--Volume: vol.VolumeDialogControl-->onVolumeChangedW stream:3,flags:4112 ,showUI:false ,fromKey:true ,showVibrateHint:false ,showSilentHint:false ,changed:false
06-11 10:45:52.823  4329  5186 I SystemUi--Volume: vol.VolumeDialogControl-->shouldShowUI wakefulness:2 ,mDeviceInteractive:true ,mShowVolumeDialog:true
06-11 10:45:52.823  4329  4329 I SystemUi--Volume: OplusVolumeDialogImpl-->onVolumeKeyStateChange isMultiMediaSettingsEnable:false,screenState:2
06-11 10:45:52.856  1667 15952 I sensors-hal: handle_oplus_wise_rgb_event:230, wise_rgb:algo_type = 3
06-11 10:45:52.856  1667 15952 I sensors-hal: handle_oplus_wise_rgb_event:285, wise_rgb: raw_lux 499.378662, raw_cct 6347.747070, r/g/b/c: 40157.675781/35155.808594/19802.082031/88821.570312, R/G/B: 0.000000/0.000000/0.000000, brl 1529.000000, lux: 499.378662, cct: 6347.747070, ts 243350171986468, cnt 7418
06-11 10:45:52.869  1877  1877 I OplusPerfCollect: The layer number in last 60014ms is: 3 layer, 8 time, 4 layer, 3511 time, 5 layer, 119 time, 6 layer, 29 time, 7 layer, 12 time, 8 layer, 9 time, 
06-11 10:45:52.878  6550  6590 I JPEG_JNI: EnterExeTask  controller.background_task_controller process {"client":"infer"}
06-11 10:45:52.884  6550  6590 I JPEG_JNI: LeaveExeTask  module controller.background_task_controller 
06-11 10:45:52.884  6550  6590 I JPEG_JNI:  func process  
06-11 10:45:52.884  6550  6590 I JPEG_JNI:  input {"client":"infer"} 
06-11 10:45:52.884  6550  6590 I JPEG_JNI:  ret {}
06-11 10:45:52.899  4639  8246 D CommonApp-194-10602: commonScoreStrategy scenarios 3 mTLD.uplink_packets + mTLD.downlink_packets > 10 avgRtt16
06-11 10:45:52.899  4639  8246 D CommonApp-194-10602: notifyScoreChange appScene COMMON score 100
06-11 10:45:52.899  4639  8246 D ScorePolicy: handleScoreChanged: []
06-11 10:45:52.900  4639  8246 D ScorePolicy: handleScoreChanged: []
06-11 10:45:52.900  4639  8246 D ScorePolicy: handleScoreChanged: []
06-11 10:45:52.928  3189  4000 I ServiceConnector.Impl: unbindJobThread: connection = ServiceConnector@804(Intent { act=android.permission.PermissionControllerService xflg=0x4 cmp=com.android.permissioncontroller/.permission.service.PermissionControllerServiceImpl mCallingUid=1000 }, user: 0)[Unbinding...]service = android.permission.IPermissionController$Stub$Proxy@2baf51f mBinding = false
06-11 10:45:52.930  7809  7809 D PermissionControllerLifecycleService: onUnbind
06-11 10:45:52.932  7809  7809 D ServiceLifecycleDispatcher: move state from: 'CREATED' to: 'CREATED'
06-11 10:45:52.933  7809  7809 D PermissionControllerLifecycleService: onDestroy
06-11 10:45:52.933  7809  7809 D ServiceLifecycleDispatcher: move state from: 'CREATED' to: 'CREATED'
06-11 10:45:52.933  7809  7809 D ServiceLifecycleDispatcher: move state from: 'CREATED' to: 'DESTROYED'
06-11 10:45:52.935  3189  4147 D ActivityManager: Async freezing 7809 com.android.permissioncontroller
06-11 10:45:53.055  1667 15952 I sensors-hal: handle_oplus_wise_rgb_event:230, wise_rgb:algo_type = 3
06-11 10:45:53.055  1667 15952 I sensors-hal: handle_oplus_wise_rgb_event:285, wise_rgb: raw_lux 499.532959, raw_cct 6404.997070, r/g/b/c: 40134.968750/35253.992188/19909.802734/88742.171875, R/G/B: 0.000000/0.000000/0.000000, brl 1529.000000, lux: 499.532959, cct: 6404.997070, ts 243350371747874, cnt 7419
06-11 10:45:53.055  1667 15988 I sensors-hal: get_brightness:1652, light_iface: get_brightness, brl 1529, pwm_turbo_on 0/0, hbm_dc 0
06-11 10:45:53.179  6058  6058 I GLES    : submit #600: 27 commands, glError=0
06-11 10:45:53.180  6058  6058 I MinimalGlobe: Frame 600 | tiles vis=41 cached=53 renderSurface=25 mesh=25 (terr=0 ellip=25 ready=0 terrParent=0 terrTrans=0) attach=25 exact=25 parent=0 stale=0 missingGen=0 | missing=0 unsupported=16 kicked=0 retained=0 visZ=2-14 targetZ=2-14 texZ=2-14 lod=512 eq=0 qRender=41 qWalk=67 qFrustum=82 qFade=0 qBal=0 qHz=0 qEq2=0 grp=25/0/16 gen=14 | sun=(0.03,0.93,0.36) | FPS=60.0 draw=27
06-11 10:45:53.195  3189  4147 D KEYLOG_KeyCombinationManager: down true downTime 201446918 action 0 count 0 isDefaultDisplayInteractive true eventTime 201446918 mDownTimes: {}
06-11 10:45:53.196  3189  4147 D KEYLOG_PhoneWindowManagerExtImpl: overrideInterceptKeyBeforeQueueing:KeyEvent { action=ACTION_DOWN, keyCode=KEYCODE_VOLUME_UP, scanCode=0, metaState=0, flags=0x0, repeatCount=0, eventTime=201446918000000, downTime=201446918000000, deviceId=-1, source=0x0, displayId=-1 },  keyguardOn = false,  screenOn = true,  policyFlags = 721420288,  SosPowerKeyEnabled = true,  WalletSwitchState = 1,  IsQuickLaunchSupport = true,  IsDoubleCheckAppSupport = false,  isQuickAppOn=false,  canceled = false
06-11 10:45:53.196  3189  4147 D KEYLOG_OplusKeyCombinationManager: down true keyCode 24 count 0 interactive true eventTime 201446918 mDownTimes: {}
06-11 10:45:53.196  3189  4147 I OplusJoystickManager: read game pad state for game manager -> false
06-11 10:45:53.196  3189  4147 W OplusJoystickManager: mInterceptGamepadKey is false
06-11 10:45:53.196  3189  4147 D OplusCustomizeRestrictionManagerService: isLongPressVolumeUpDisabled start
06-11 10:45:53.196  3189  4147 I STKeyLog_StrategyDisableBottomKey: onBeforeQueueing : mIsUpGestureMode=false,mDisableBottomKeyMode0
06-11 10:45:53.196  3189  4147 D STKeyLog_StrategyBlackscreenshot: notifyKeyBeforeQueueing, downTime201446918, action=0, interactive=true
06-11 10:45:53.196  3189  4147 D KEYLOG_PhoneWindowManager: interceptKeyBeforeQueueing downTime=201446918 action = 0 interactive=true keyguardActive=false policyFlags=2b000000 isInjected=true isWakeKey=false isKeyGestureTriggered=false
06-11 10:45:53.197  3189  4147 I VibratorManagerServiceExtImpl: cancelVibrate uid=1000, pid=3189, usageFilter=-15, token=193946947
06-11 10:45:53.197  3189  4147 D AS.AudioService: uid 1000, callingApp = android.uid.system:1000
06-11 10:45:53.197  4329 24913 D RingtonePlayer: stopAsync()
06-11 10:45:53.197  4329 24913 D RingtonePlayer: stop
06-11 10:45:53.198  3189  3332 D PowerManagerService: userActivityNoUpdateLocked: groupId=0, eventTime=201446918, event=button, flags=0x0, uid=1000
06-11 10:45:53.230  6716 12163 I CardConfig.CardConfigRepository: subscribePackageChange4Ocs, check ocs [base|com.oplus.pantanal.ums|2.0.44-25e9612]
06-11 10:45:53.254  1667 15952 I sensors-hal: handle_oplus_wise_rgb_event:230, wise_rgb:algo_type = 3
06-11 10:45:53.255  1667 15952 I sensors-hal: handle_oplus_wise_rgb_event:285, wise_rgb: raw_lux 496.076416, raw_cct 6432.668945, r/g/b/c: 40202.710938/35287.660156/20004.628906/88983.062500, R/G/B: 0.000000/0.000000/0.000000, brl 1529.000000, lux: 496.076416, cct: 6432.668945, ts 243350571476364, cnt 7420
06-11 10:45:53.265  1800  1924 D BatteryChargeControl: bcc get no support from charging protocol
06-11 10:45:53.346  3189  3806 E OplusInputDeviceUtil: api level < 36 or inputDevice is null, return false
06-11 10:45:53.346  3189  3806 D KEYLOG_KeyGestureControllerExtlmpl: interceptOldShortcuts, mIsShortCutMenuShow = false mPendingMetaActionForOld = false mLongPressHandled = false
06-11 10:45:53.346  3189  3806 D STKeyLog_StrategyPadKeyBoardShortcut: excuteShortCut, interactive = true
06-11 10:45:53.347  3189  3806 D OplusCustomizeRestrictionManagerService: isLongPressVolumeUpDisabled start
06-11 10:45:53.349  3189  3332 D PowerManagerService: userActivityNoUpdateLocked: groupId=0, eventTime=201446918, event=button, flags=0x0, uid=1000
06-11 10:45:53.349  9206  9206 I GlobalHandwriting: onUpdateEditorToolType = 0
06-11 10:45:53.350  6058  6058 I MinimalGlobe: Debug zoom scale=1.18 | tiles vis=41 cached=53 renderSurface=25 exact=25 parent=0 missing=0 unsupported=16 kicked=0 retained=0 z=2-14 targetZ=2-14 texZ=2-14 lod=512 eq=0 qRender=41 qWalk=67 qBal=0 qFrustum=82 qHz=0 qEq2=0 grp=25/0/16 ellAlt=1864.30 sphAlt=-3325.50 radius=6374811.50 FPS=60.1 draw=27
06-11 10:45:53.351  3189  4147 D KEYLOG_KeyCombinationManager: down false downTime 201446918 action 1 count 1 isDefaultDisplayInteractive true eventTime 201447074 mDownTimes: {24=201446918}
06-11 10:45:53.352  3189  4147 D KEYLOG_PhoneWindowManagerExtImpl: overrideInterceptKeyBeforeQueueing:KeyEvent { action=ACTION_UP, keyCode=KEYCODE_VOLUME_UP, scanCode=0, metaState=0, flags=0x0, repeatCount=0, eventTime=201447074000000, downTime=201446918000000, deviceId=-1, source=0x0, displayId=-1 },  keyguardOn = false,  screenOn = true,  policyFlags = 721420288,  SosPowerKeyEnabled = true,  WalletSwitchState = 1,  IsQuickLaunchSupport = true,  IsDoubleCheckAppSupport = false,  isQuickAppOn=false,  canceled = false
06-11 10:45:53.352  3189  4147 D KEYLOG_OplusKeyCombinationManager: down false keyCode 24 count 0 interactive true eventTime 201447074 mDownTimes: {24=201446918}
06-11 10:45:53.353  3189  4147 I OplusJoystickManager: read game pad state for game manager -> false
06-11 10:45:53.353  3189  4147 W OplusJoystickManager: mInterceptGamepadKey is false
06-11 10:45:53.353  3189  4147 D OplusCustomizeRestrictionManagerService: isLongPressVolumeUpDisabled start
06-11 10:45:53.353  3189  4147 I STKeyLog_StrategyDisableBottomKey: onBeforeQueueing : mIsUpGestureMode=false,mDisableBottomKeyMode0
06-11 10:45:53.353  3189  4147 D STKeyLog_StrategyBlackscreenshot: notifyKeyBeforeQueueing, downTime201446918, action=1, interactive=true
06-11 10:45:53.353  3189  4147 D KEYLOG_PhoneWindowManager: interceptKeyBeforeQueueing downTime=201446918 action = 1 interactive=true keyguardActive=false policyFlags=2b000000 isInjected=true isWakeKey=false isKeyGestureTriggered=false
06-11 10:45:53.354  3189  3806 E OplusInputDeviceUtil: api level < 36 or inputDevice is null, return false
06-11 10:45:53.354  3189  3332 D PowerManagerService: userActivityNoUpdateLocked: groupId=0, eventTime=201447074, event=button, flags=0x0, uid=1000
06-11 10:45:53.354  3189  3806 D STKeyLog_StrategyPadKeyBoardShortcut: excuteShortCut, interactive = true
06-11 10:45:53.355  3189  3806 D OplusCustomizeRestrictionManagerService: isLongPressVolumeUpDisabled start
06-11 10:45:53.356  3189  3332 D PowerManagerService: userActivityNoUpdateLocked: groupId=0, eventTime=201447074, event=button, flags=0x0, uid=1000
06-11 10:45:53.360  6058  6940 I AndroidBridge: androidHttpGet: env=0xb400007a0aba9de0 gJniHttpHelperClass=0x30a6 gHttpGetMethod=0x1 url=https://webst04.is.autonavi.com/appmaptile?style=6&x=26077&y=13558&z=15
06-11 10:45:53.360  6058  6940 I JniHttpHelper: httpGet called: https://webst04.is.autonavi.com/appmaptile?style=6&x=26077&y=13558&z=15
06-11 10:45:53.362  6058  6947 I AndroidBridge: androidHttpGet: env=0xb400007a7da0f1c0 gJniHttpHelperClass=0x30a6 gHttpGetMethod=0x1 url=https://webst04.is.autonavi.com/appmaptile?style=6&x=26079&y=13560&z=15
06-11 10:45:53.362  6058  6947 I JniHttpHelper: httpGet called: https://webst04.is.autonavi.com/appmaptile?style=6&x=26079&y=13560&z=15
06-11 10:45:53.363  6058  6943 I AndroidBridge: androidHttpGet: env=0xb400007a0abaa4e0 gJniHttpHelperClass=0x30a6 gHttpGetMethod=0x1 url=https://webst02.is.autonavi.com/appmaptile?style=6&x=26078&y=13559&z=15
06-11 10:45:53.363  6058  6943 I JniHttpHelper: httpGet called: https://webst02.is.autonavi.com/appmaptile?style=6&x=26078&y=13559&z=15
06-11 10:45:53.364  6058  6941 I AndroidBridge: androidHttpGet: env=0xb400007a7da105e0 gJniHttpHelperClass=0x30a6 gHttpGetMethod=0x1 url=https://webst01.is.autonavi.com/appmaptile?style=6&x=26078&y=13558&z=15
06-11 10:45:53.364  6058  6941 I JniHttpHelper: httpGet called: https://webst01.is.autonavi.com/appmaptile?style=6&x=26078&y=13558&z=15
06-11 10:45:53.364  6058  6945 I AndroidBridge: androidHttpGet: env=0xb400007a0abaabe0 gJniHttpHelperClass=0x30a6 gHttpGetMethod=0x1 url=https://webst03.is.autonavi.com/appmaptile?style=6&x=26078&y=13560&z=15
06-11 10:45:53.364  6058  6945 I JniHttpHelper: httpGet called: https://webst03.is.autonavi.com/appmaptile?style=6&x=26078&y=13560&z=15
06-11 10:45:53.364  6058  6944 I AndroidBridge: androidHttpGet: env=0xb400007a7da13ec0 gJniHttpHelperClass=0x30a6 gHttpGetMethod=0x1 url=https://webst03.is.autonavi.com/appmaptile?style=6&x=26079&y=13559&z=15
06-11 10:45:53.365  6058  6944 I JniHttpHelper: httpGet called: https://webst03.is.autonavi.com/appmaptile?style=6&x=26079&y=13559&z=15
06-11 10:45:53.369  3189  5977 D MediaSessionService: dispatchVolumeKeyEvent, pkg=com.earthengine.minimalglobe, opPkg=com.earthengine.minimalglobe, pid=6058, uid=10602, asSystem=true, event=KeyEvent { action=ACTION_UP, keyCode=KEYCODE_VOLUME_UP, scanCode=0, metaState=0, flags=0x0, repeatCount=0, eventTime=201447074000000, downTime=201446918000000, deviceId=-1, source=0x0, displayId=-1 }, stream=-2147483648, musicOnly=false
06-11 10:45:53.369  3189  5977 D MediaSessionService: Adjusting suggestedStream=-2147483648 by 0. flags=4116, preferSuggestedStream=false, session=null, musicOnly false
06-11 10:45:53.369  3189  3189 E MediaSessionService: sPid is 3189 sTid:3189
06-11 10:45:53.371  1800  1800 D ChargerInfo: getInfo: type: 0x1, update: 1
06-11 10:45:53.371  1800  1875 D ChargerInfo: chargerInfoUpdateThread: update start
06-11 10:45:53.372  3189  3189 D AudioServiceExtImpl: ringVolumeDefault :0
06-11 10:45:53.373  3189  3189 V AudioServiceExtImpl: oplusGetParameters() keyValuePairs:OPLUS_AUDIO_GET_ADJUSTVOLUME_FORBID, uid: 1000
06-11 10:45:53.373  3189  3189 D AS.AudioService: sendVolumeUpdate streamType=3, index=800, flags=4112
06-11 10:45:53.374  3189  3189 D VolumeController: postVolumeChanged streamType=3, flags=4112
06-11 10:45:53.375  1800  1875 D ChargerInfo: enableTx: path(/proc/wireless/enable_tx): not exist
06-11 10:45:53.375  4329  5186 I SystemUi--Volume: vol.VolumeDialogControl-->shouldShowUI wakefulness:2 ,mDeviceInteractive:true ,mShowVolumeDialog:true
06-11 10:45:53.375  4329  5186 I SystemUi--Volume: vol.VolumeDialogControl-->onVolumeChangedW stream:3,flags:4112 ,showUI:false ,fromKey:true ,showVibrateHint:false ,showSilentHint:false ,changed:false
06-11 10:45:53.376  4329  5186 I SystemUi--Volume: vol.VolumeDialogControl-->shouldShowUI wakefulness:2 ,mDeviceInteractive:true ,mShowVolumeDialog:true
06-11 10:45:53.376  4329  4329 I SystemUi--Volume: OplusVolumeDialogImpl-->onVolumeKeyStateChange isMultiMediaSettingsEnable:false,screenState:2
06-11 10:45:53.377  1800  1875 D ChargerInfo: get_ui_charge_icon_type: [0 0] [0 0] 1
06-11 10:45:53.377  1800  1875 E ChargerInfo: SingleHyperPath not found
06-11 10:45:53.377  1800  1875 D ChargerInfo: CarC: path(/sys/class/oplus_chg/battery/gauge_car_c): not exist
06-11 10:45:53.377  1800  1875 D ChargerInfo: chargerInfoUpdateThread: update end
06-11 10:45:53.377  1800  1875 D ChargerInfo: chargerInfoUpdateThread: update wait
06-11 10:45:53.378  1800  1800 D ChargerInfo: enableTx: path(/proc/wireless/enable_tx): not exist
06-11 10:45:53.378  1800  1800 D ChargerInfo: getInfo: {"Update":{"batteryFcc":3942,"batteryRm":3942,"bddLeakCurr":0,"bmsStatus":0,"bypassChgStatus":0,"chargeTimeRemaining":0,"cpaPower":0,"enableTx":true,"fastCharge":0,"isSupportSpeedCharge":0,"notifyCode":1048704,"otgOnline":1,"ppsChargePower":0,"ppsCharging":0,"shortCHwStatus":0,"shortIcOtpStatus":0,"uiIconType":0,"uiPower":0,"usbStatus":0,"wlsAdapterPower":0}}
06-11 10:45:53.384  6550  6590 I JPEG_JNI: EnterExeTask  controller.background_task_controller process {"client":"infer"}
06-11 10:45:53.387  6550  6590 I JPEG_JNI: LeaveExeTask  module controller.background_task_controller 
06-11 10:45:53.387  6550  6590 I JPEG_JNI:  func process  
06-11 10:45:53.387  6550  6590 I JPEG_JNI:  input {"client":"infer"} 
06-11 10:45:53.387  6550  6590 I JPEG_JNI:  ret {}
06-11 10:45:53.390  6058  6940 I JniHttpHelper: httpGet OK: https://webst04.is.autonavi.com/appmaptile?style=6&x=26077&y=13558&z=15 -> 12169 bytes
06-11 10:45:53.392  6058  6944 I JniHttpHelper: httpGet OK: https://webst03.is.autonavi.com/appmaptile?style=6&x=26079&y=13559&z=15 -> 16842 bytes
06-11 10:45:53.393  6058  6941 I JniHttpHelper: httpGet OK: https://webst01.is.autonavi.com/appmaptile?style=6&x=26078&y=13558&z=15 -> 10988 bytes
06-11 10:45:53.395  6058  6947 I JniHttpHelper: httpGet OK: https://webst04.is.autonavi.com/appmaptile?style=6&x=26079&y=13560&z=15 -> 16994 bytes
06-11 10:45:53.396  6058  6944 I AndroidBridge: Decoded image 256x256 from 16842 bytes
06-11 10:45:53.397  6058  6941 I AndroidBridge: Decoded image 256x256 from 10988 bytes
06-11 10:45:53.398  6058  6940 I AndroidBridge: Decoded image 256x256 from 12169 bytes
06-11 10:45:53.398  6058  6947 I AndroidBridge: Decoded image 256x256 from 16994 bytes
06-11 10:45:53.405  6058  6058 I BasemapLayer: Tile uploaded: 15/26079/13559 256x256
06-11 10:45:53.405  6058  6058 I BasemapLayer: Tile uploaded: 15/26078/13558 256x256
06-11 10:45:53.417  6058  6943 I JniHttpHelper: httpGet OK: https://webst02.is.autonavi.com/appmaptile?style=6&x=26078&y=13559&z=15 -> 17349 bytes
06-11 10:45:53.421  6058  6058 I BasemapLayer: Tile uploaded: 15/26077/13558 256x256
06-11 10:45:53.422  6058  6058 I BasemapLayer: Tile uploaded: 15/26079/13560 256x256
06-11 10:45:53.422  6058  6943 I AndroidBridge: Decoded image 256x256 from 17349 bytes
06-11 10:45:53.437  3189  3765 V AlarmManager: sending alarm Alarm{523c43b type 3 origWhen 243323640 whenElapsed 243323640 android} uid 1000 whenElapsed 243323640 windowLength 225000 maxWhenElapsed 243548640 repeatInterval 300000 action oplus.intent.action.LINKPOWER_LOOP_ALARM component null flags 0x8 procName system_server
06-11 10:45:53.440 19629 19629 D WM-DelayedWorkTracker: Scheduling work f0c84ccd-edd0-4f46-8ec4-499177fd5b65
06-11 10:45:53.440 19629 19629 D WM-GreedyScheduler: Starting tracking for f0c84ccd-edd0-4f46-8ec4-499177fd5b65
06-11 10:45:53.441  3189  3765 V AlarmManager: sending alarm Alarm{e383996 type 3 origWhen 243350761 whenElapsed 243350761 android} uid 1000 whenElapsed 243350761 windowLength 0 maxWhenElapsed 243350761 repeatInterval 0 action null component null tag *job.delay* flags 0x0 procName system_server
06-11 10:45:53.441  3189  4046 I LinkPower: [Main] notifyLoopTick in
06-11 10:45:53.441  3189  4046 I LinkPower: [JudgeRule] name:freeze finalCheckAction scene is 1001
06-11 10:45:53.441  3189  4046 I LinkPower: [JudgeCommSceneProcess] commInfo mRusTimeInfo is 300 mSceneState is 1 mActiveFlag is 0 runTime is 0
06-11 10:45:53.441  3189  4046 I LinkPower: [JudgeRule] name:freeze finalCheckAction TIME_UNSATISFY
06-11 10:45:53.441  3189  4046 E LinkPower: [JudgeMonitorProcess] failed to deleteLastRecord, mMonitorRecordAccumulate is empty!
06-11 10:45:53.441 19629 19710 D WM-ConstraintTracker: c: initial state = true
06-11 10:45:53.441  3189  4046 E LinkPower: [JudgeMonitorProcess] failed to deleteLastRecord, mMonitorRecordAccumulate is empty!
06-11 10:45:53.441 19629 19710 D WM-BrdcstRcvrCnstrntTrc: c: registering receiver
06-11 10:45:53.441  3189  4046 I LinkPower: [JudgeRule] name:freeze finalCheckAction resule ruleState: false commSeceneFlag: 0 monitorFlag: 0
06-11 10:45:53.443  3189  3765 V AlarmManager: sending alarm Alarm{a365922 type 3 origWhen 243300061 whenElapsed 243300061 com.android.systemui} uid 10209 whenElapsed 243300061 windowLength 1350000 maxWhenElapsed 244650061 repeatInterval 0 action null component null tag OplusKeyguardUnlockCounterExImpl-SYNC flags 0x8 procName com.android.systemui
06-11 10:45:53.443 19629 19710 D WM-GreedyScheduler: Constraints met: Scheduling work ID WorkGenerationalId(workSpecId=f0c84ccd-edd0-4f46-8ec4-499177fd5b65, generation=0)
06-11 10:45:53.444  3189  3765 V AlarmManager: sending alarm Alarm{a987fb3 type 3 origWhen 243322304 whenElapsed 243322304 com.oplus.nhs} uid 1001 whenElapsed 243322304 windowLength 225000 maxWhenElapsed 243547304 repeatInterval 300000 action oplus.intent.action.INTERNAL_LOOP_UPDATE_ACTIVITYINFO_ALARM component ComponentInfo{com.oplus.nhs/com.oplus.nhs.pwr.ModemAci.ModemAciAlarmReceiver} flags 0x8 procName com.oplus.nhs
06-11 10:45:53.444 19629 19731 D WM-Processor: s: processing WorkGenerationalId(workSpecId=f0c84ccd-edd0-4f46-8ec4-499177fd5b65, generation=0)
06-11 10:45:53.446  3189  3765 V AlarmManager: sending alarm Alarm{e8024e9 type 3 origWhen 243329707 whenElapsed 243329707 com.oplus.metis} uid 10109 whenElapsed 243329707 windowLength 225000 maxWhenElapsed 243554707 repeatInterval 300000 action oplus.intent.action.SORT_ALARM_ACTION component null flags 0x8 procName com.oplus.metis
06-11 10:45:53.446 19629 19629 D WM-WorkerWrapper: Starting work for com.oplus.oss.bussiness.localapp.work.LocalAppOneTimeWorker
06-11 10:45:53.447 19629 26839 I DMP-AppInitializer: isAppAvailable for work, caller: null
06-11 10:45:53.447 19629 26839 I DMP-OFreezeProtectWorker: takeProtectionFromFrozen, no need to protect
06-11 10:45:53.447 19629 26839 I DMP-AbstractWorker: parseData, resource: localApp, method1:onReceive, work: onReceiveWork, extras: Bundle[{action=android.intent.action.PACKAGE_REPLACED, package=com.earthengine.minimalglobe}], initIndexCount:5000
06-11 10:45:53.447 19629 26839 I DMP-AbstractWorker: doWork started, resource: localApp, method3:onReceive, work:Work{mWorkName=onReceiveWork, mWorkTerm=long, mReportId=false, mCreate=Create{mIndexStatus=null, mQueryTime=0, mInterval=0, mDeletedDocs=null, mNeedRebuildFlag=0, mIndexCheckFlag=false, mDrop=null, mHighTemperature=50, mMinPower=null, mScreen=null, mDeletedConditions=null}, mEntry=null, mMoreBatch=null, mChained=true, mInitialDelay=10, mWorkOneTimeLimit=0}
06-11 10:45:53.447  4472  4472 I ModemAci: [Main] loop update aci alarm is triggered!
06-11 10:45:53.448  3189  3765 V AlarmManager: sending alarm Alarm{d04e56e type 3 origWhen 243339648 whenElapsed 243339648 com.oplus.deepthinker} uid 10192 whenElapsed 243339648 windowLength 225000 maxWhenElapsed 243564648 repeatInterval 300000 action com.oplus.deepthinker.action.INTENT_DECISION_PREDICT component null flags 0x0 procName com.oplus.deepthinker
06-11 10:45:53.448  2587  2587 D vendor.oplus.hardware.rpmh-V1-service: Calling uid is 1000.
06-11 10:45:53.448  2587  2587 D vendor.oplus.hardware.rpmh-V1-service: vendor.oplus.rpmh.support: true
06-11 10:45:53.448  2587  2587 D vendor.oplus.hardware.rpmh-V1-service: getPowerStateSubsystemSleepStateList()
06-11 10:45:53.448  2587  2587 D vendor.oplus.hardware.rpmh-V1-service: last update:201120710 , 201447171
06-11 10:45:53.448  2587  2587 D vendor.oplus.hardware.rpmh-V1-service: getPowerStateSubsystemSleepStateList tmpSubsystemState: ADSP 472348 235318321
06-11 10:45:53.448  2587  2587 D vendor.oplus.hardware.rpmh-V1-service: putSubsystemSleepState key:ADSP  val:ADSP | 472348 | 235318321
06-11 10:45:53.448  2587  2587 D vendor.oplus.hardware.rpmh-V1-service: putSubsystemSleepState update
06-11 10:45:53.449 19629 26839 I DMP-PowerUtils: getHoraeTemperature:37
06-11 10:45:53.449 19629 26839 I DMP-AbstractWorker: dispatchWork: onReceiveWork for [localApp]
06-11 10:45:53.449  2587  2587 D vendor.oplus.hardware.rpmh-V1-service: getPowerStateSubsystemSleepStateList tmpSubsystemState: ADSP_ISLAND 472054 235276800
06-11 10:45:53.449  2587  2587 D vendor.oplus.hardware.rpmh-V1-service: putSubsystemSleepState key:ADSP_ISLAND  val:ADSP_ISLAND | 472054 | 235276800
06-11 10:45:53.449  2587  2587 D vendor.oplus.hardware.rpmh-V1-service: putSubsystemSleepState update
06-11 10:45:53.450  2587  2587 D vendor.oplus.hardware.rpmh-V1-service: getPowerStateSubsystemSleepStateList tmpSubsystemState: APSS 101749 44700841
06-11 10:45:53.450  2587  2587 D vendor.oplus.hardware.rpmh-V1-service: putSubsystemSleepState key:APSS  val:APSS | 101749 | 44700841
06-11 10:45:53.450  2587  2587 D vendor.oplus.hardware.rpmh-V1-service: putSubsystemSleepState update
06-11 10:45:53.450  2587  2587 D vendor.oplus.hardware.rpmh-V1-service: getPowerStateSubsystemSleepStateList tmpSubsystemState: CDSP 519 243211116
06-11 10:45:53.450  2587  2587 D vendor.oplus.hardware.rpmh-V1-service: putSubsystemSleepState key:CDSP  val:CDSP | 519 | 243211116
06-11 10:45:53.450  2587  2587 D vendor.oplus.hardware.rpmh-V1-service: putSubsystemSleepState update
06-11 10:45:53.450  2587  2587 D vendor.oplus.hardware.rpmh-V1-service: getPowerStateSubsystemSleepStateList tmpSubsystemState: MPSS 956529 179310083
06-11 10:45:53.450  2587  2587 D vendor.oplus.hardware.rpmh-V1-service: putSubsystemSleepState key:MPSS  val:MPSS | 956529 | 179310083
06-11 10:45:53.450  2587  2587 D vendor.oplus.hardware.rpmh-V1-service: putSubsystemSleepState update
06-11 10:45:53.450  2587  2587 D vendor.oplus.hardware.rpmh-V1-service: getPowerStateSubsystemSleepStateList tmpSubsystemState: SLPI 5014030 228600531
06-11 10:45:53.451  2587  2587 D vendor.oplus.hardware.rpmh-V1-service: putSubsystemSleepState key:SLPI  val:SLPI | 5014030 | 228600531
06-11 10:45:53.451  2587  2587 D vendor.oplus.hardware.rpmh-V1-service: putSubsystemSleepState update
06-11 10:45:53.451 19629 26839 I DMP-SAUWorkConfigManager: sau work config not found
06-11 10:45:53.451  2587  2587 D vendor.oplus.hardware.rpmh-V1-service: getPowerStateSubsystemSleepStateList tmpSubsystemState: SLPI_ISLAND 4357753 228424956
06-11 10:45:53.451  2587  2587 D vendor.oplus.hardware.rpmh-V1-service: putSubsystemSleepState key:SLPI_ISLAND  val:SLPI_ISLAND | 4357753 | 228424956
06-11 10:45:53.451  2587  2587 D vendor.oplus.hardware.rpmh-V1-service: putSubsystemSleepState update
06-11 10:45:53.451  2587  2587 D vendor.oplus.hardware.rpmh-V1-service: getPowerStateSubsystemSleepStateList tmpSubsystemState: VLOW 2497085 26133042
06-11 10:45:53.451  2587  2587 D vendor.oplus.hardware.rpmh-V1-service: putSubsystemSleepState key:VLOW  val:VLOW | 2497085 | 26133042
06-11 10:45:53.451  2587  2587 D vendor.oplus.hardware.rpmh-V1-service: putSubsystemSleepState update
06-11 10:45:53.451  2587  2587 D vendor.oplus.hardware.rpmh-V1-service: getPowerStateSubsystemSleepStateList tmpSubsystemState: VMIN 248101 36339086
06-11 10:45:53.451  2587  2587 D vendor.oplus.hardware.rpmh-V1-service: putSubsystemSleepState key:VMIN  val:VMIN | 248101 | 36339086
06-11 10:45:53.451  2587  2587 D vendor.oplus.hardware.rpmh-V1-service: putSubsystemSleepState update
06-11 10:45:53.451  2587  2587 D vendor.oplus.hardware.rpmh-V1-service: getPowerStateSubsystemSleepStateList tmpSubsystemState: VMIN 248101 36339086
06-11 10:45:53.452  2587  2587 E vendor.oplus.hardware.rpmh-V1-service: get data from /sys/module/soc_sleep_stats/rpmh_stats/oplus_rpmh_master_stats failed! res=-1
06-11 10:45:53.452  2587  2587 D vendor.oplus.hardware.rpmh-V1-service: dumpSubsystemSleepState-->
06-11 10:45:53.452  2587  2587 D vendor.oplus.hardware.rpmh-V1-service: key:ADSP  val:ADSP | 472348 | 235318321 
06-11 10:45:53.453  8454  9024 I ContextAware_SortAlarmReceiver: onReceive
06-11 10:45:53.453  8454  9024 I ContextAware_SortAlgorithmManager.SendMsg: BATTERY OPTIMIZE, do nothing for sortForAlarm, just return!
06-11 10:45:53.453  2587  2587 D vendor.oplus.hardware.rpmh-V1-service: key:ADSP_ISLAND  val:ADSP_ISLAND | 472054 | 235276800 
06-11 10:45:53.453  2587  2587 D vendor.oplus.hardware.rpmh-V1-service: key:APSS  val:APSS | 101749 | 44700841 
06-11 10:45:53.453  2587  2587 D vendor.oplus.hardware.rpmh-V1-service: key:CDSP  val:CDSP | 519 | 243211116 
06-11 10:45:53.453  2587  2587 D vendor.oplus.hardware.rpmh-V1-service: key:MPSS  val:MPSS | 956529 | 179310083 
06-11 10:45:53.453  2587  2587 D vendor.oplus.hardware.rpmh-V1-service: key:SLPI  val:SLPI | 5014030 | 228600531 
06-11 10:45:53.453  2587  2587 D vendor.oplus.hardware.rpmh-V1-service: key:SLPI_ISLAND  val:SLPI_ISLAND | 4357753 | 228424956 
06-11 10:45:53.453  2587  2587 D vendor.oplus.hardware.rpmh-V1-service: key:VLOW  val:VLOW | 2497085 | 26133042 
06-11 10:45:53.453  2587  2587 D vendor.oplus.hardware.rpmh-V1-service: key:VMIN  val:VMIN | 248101 | 36339086 
06-11 10:45:53.454  1667 15952 I sensors-hal: handle_oplus_wise_rgb_event:230, wise_rgb:algo_type = 3
06-11 10:45:53.454 19629 26839 I DMP-PowerUtils: getHoraeTemperature:37
06-11 10:45:53.454  1667 15952 I sensors-hal: handle_oplus_wise_rgb_event:285, wise_rgb: raw_lux 488.769043, raw_cct 6402.184570, r/g/b/c: 40217.054688/35311.921875/19971.015625/88468.117188, R/G/B: 0.000000/0.000000/0.000000, brl 1529.000000, lux: 488.769043, cct: 6402.184570, ts 243350771209333, cnt 7421
06-11 10:45:53.454 19629 26839 I DMP-PowerUtils: battery status: BATTERY_STATUS_FULL(5)
06-11 10:45:53.454 19629 26839 I DMP-AbstractDataCollector: getQuotaRecord ignored
06-11 10:45:53.455  6058  6058 I BasemapLayer: Tile uploaded: 15/26078/13559 256x256
06-11 10:45:53.457  3189  4046 I LinkPower: [MonitorService] update scene:S_ON name:wifi_sta_conn_primary mr:{d=53424, t={android.uid.system=53424}}
06-11 10:45:53.457  4472  4970 I ModemAci: [RpmInfo] [LO, DA]:{ stamp=243350783 duration=326 apssState=[101749, 44700841] mpssState=[956529, 179310083] vminState=[248101, 36339086] vlowState=[2497085, 26133042]}
06-11 10:45:53.458  3189  4046 I LinkPower: [MonitorService] update scene:S_ON name:wifi_scan mr:{c={com.oplus.deepthinker=1}, d=53424, t={com.oplus.deepthinker=1500}}
06-11 10:45:53.458  3189  4046 I LinkPower: [MonitorService] update scene:S_ON name:data_request_on_wifi mr:{c={com.lolaage.tbulu.tools=3}, d=53426, t={com.phoenix.read=4804, com.lolaage.tbulu.tools=5120, android.uid.system=8069, com.tencent.mm=8364}}
06-11 10:45:53.461  4454  5373 E AMC     : [P-lowpower_vowifi/0] execute failed in triggers[0]:[mpsleept:304][bcc:2, deepsleep:false, mpsleept:1249]
06-11 10:45:53.462  4454  5373 E AMC     : [P-lowpower_vowifi/1] execute failed in triggers[0]:[mpsleept:304][bcc:2, deepsleep:false, mpsleept:1249]
06-11 10:45:53.462  4454  5373 E AMC     : [P-lowpower_vowifi/0] execute failed in triggers[0]:[apsleept:0][bcc:2, deepsleep:false, mpsleept:1249]
06-11 10:45:53.462  4454  5373 E AMC     : [P-lowpower_vowifi/1] execute failed in triggers[0]:[apsleept:0][bcc:2, deepsleep:false, mpsleept:1249]
06-11 10:45:53.463  4380  5620 D PhoneInterfaceManager: QueryTelephonyChecker-getDataNetworkTypeForSubscriber: packageName = com.oplus.nhs, isGrant = true
06-11 10:45:53.465  3189  4046 I LinkPower: [JudgeRule] name:freeze JudgeRule info RuleID 1 Name freeze ActionName data_app_request_freeze PriorityID 20 TimeGap 0
06-11 10:45:53.465  3189  4046 I LinkPower: [JudgeRule] name:freeze finalCheckAction scene is 1001
06-11 10:45:53.465  3189  4046 I LinkPower: [JudgeCommSceneProcess] commInfo mRusTimeInfo is 300 mSceneState is 1 mActiveFlag is 0 runTime is 0
06-11 10:45:53.465  3189  4046 I LinkPower: [JudgeRule] name:freeze finalCheckAction TIME_UNSATISFY
06-11 10:45:53.465  3189  4046 E LinkPower: [JudgeMonitorProcess] failed to deleteLastRecord, mMonitorRecordAccumulate is empty!
06-11 10:45:53.465  3189  4046 E LinkPower: [JudgeMonitorProcess] failed to deleteLastRecord, mMonitorRecordAccumulate is empty!
06-11 10:45:53.465  3189  4046 I LinkPower: [JudgeRule] name:freeze finalCheckAction resule ruleState: false commSeceneFlag: 0 monitorFlag: 0
06-11 10:45:53.469  3189  5977 D ShortcutService: Getting shortcuts for launcher= androiduserId=0 pkg=com.earthengine.minimalglobe
06-11 10:45:53.469  6058  6945 I JniHttpHelper: httpGet OK: https://webst03.is.autonavi.com/appmaptile?style=6&x=26078&y=13560&z=15 -> 16751 bytes
06-11 10:45:53.469  3189  5977 D ShortcutService: getShortcutsInnerLocked() returned empty results because com.earthengine.minimalglobe isn't loaded
06-11 10:45:53.470 19629 26839 W DMP-SqliteStoreFieldHandler: HighlightHandler no config
06-11 10:45:53.470 19629 26839 I DMP-IndexWriter: update records size:1
06-11 10:45:53.470 19629 26839 I DMP-IndexWriter: add records size:1
06-11 10:45:53.470 19629 26839 I DMP-FileReader: createCache resId:6
06-11 10:45:53.470 19629 26839 I DMP-SqliteIndexBuilder: save
06-11 10:45:53.471  4472  4970 I ModemAci: [CommonInfo] [LO, DA]:{ stamp=243350784 duration=326 screenOnT=187909 wifiConnectT=161298 power=100 dataNetworkType=20 signalStrength=-87 batteryCapacity=3942 thermal[]=36.729 softAp=false charge=true simCount=1 defaultPhone=1 networkType=WIFI sim1Type=unknown sim2Type=cu}
06-11 10:45:53.471  4454  5373 E AMC     : [P-lowpower_vowifi/0] execute failed in triggers[0]:[bcc:0][bcc:1, deepsleep:false, mpsleept:1249]
06-11 10:45:53.471  4454  5373 E AMC     : [P-lowpower_vowifi/1] execute failed in triggers[0]:[bcc:0][bcc:1, deepsleep:false, mpsleept:1249]
06-11 10:45:53.473  6058  6945 I AndroidBridge: Decoded image 256x256 from 16751 bytes
06-11 10:45:53.476  4639  4639 D RadioMessenger: handleMessage Request msgid 2220
06-11 10:45:53.476  4639  4639 D RadioMessenger: handleSetSyncWithAp: -1, syncFlag: 1
06-11 10:45:53.476  4639  4639 D QtiRadioService: setSyncWithAp
06-11 10:45:53.476  4639  4639 D RadioProxyJ[0]: [18917]> setSyncWithAp syncFlag:1
06-11 10:45:53.476  2391  5264 D RadioService: setSyncWithAp with instance 0
06-11 10:45:53.476  2391  5264 D VendorService: VendorService::setSyncWithAp
06-11 10:45:53.477  2391  2531 D QmiVsClient: setSyncWithAp - enter
06-11 10:45:53.477 19629 19629 D WM-SystemJobService: onStartJob for WorkGenerationalId(workSpecId=f0c84ccd-edd0-4f46-8ec4-499177fd5b65, generation=0)
06-11 10:45:53.477  2391  2531 E QmiVsClient: sendAsyncRequest QMI_VS_SET_SYNC_WITH_AP_REQ_MSG_V01 ret 0
06-11 10:45:53.477  2391  3383 D QmiClient: qmiServiceEventCallback recv msg id 1085
06-11 10:45:53.477  2391  3383 D QmiClient: enter -mServiceType 4 onQmiServiceEventCallback msgId 1085
06-11 10:45:53.477  2391  3383 D QmiClient: onQmiServiceEventCallback - enter. msgId=1085
06-11 10:45:53.477  2391  3383 D QmiVsClientEvent: qmiVsClientNotifyNecEvent - RADIO_EVENT_NEC_IND
06-11 10:45:53.478  2391  2531 D VsProxy : handleMessage msg is 2403
06-11 10:45:53.478  2391  2531 D VsProxy : handleNecInd for instance 0
06-11 10:45:53.478  2391  2531 D VsProxy : handleMessage msg is 4001
06-11 10:45:53.478  2391  2531 D RadioProxy: setSyncWithAp : response cb for instance 0
06-11 10:45:53.478  2391  2391 D RadioServiceResponse: RadioServiceResponse::setSyncWithApResponse
06-11 10:45:53.478  4639  7165 D SubsysRadioResponse: setSyncWithApResponse info.error = 0
06-11 10:45:53.478  4639  7165 D RadioProxyJ[0]: [18917]< setSyncWithApResponse 
06-11 10:45:53.478  4639  4724 D SubsysRadioIndication[0]: radioNecInd 
06-11 10:45:53.479 19629 19735 D WM-Processor: Work WorkGenerationalId(workSpecId=f0c84ccd-edd0-4f46-8ec4-499177fd5b65, generation=0) is already enqueued for processing
06-11 10:45:53.480  4639  4639 D MessengerResponseHandler: handleMessage Response msgid 210
06-11 10:45:53.480 19629 26839 I DMP-DeletedMetaInfoTableAdapter: add number of docs:279, docIDs:[1271, 1372, 1373, 1374, 1375, 1376, 1377, 1378, 1379, 1380, 1381, 1382, 1383, 1384, 1385, 1386, 1387, 1388, 1389, 1390, 1391, 1392, 1393, 1394, 1395, 1396, 1397, 1398, 1399, 1400, 1401, 1402, 1403, 1404, 1405, 1406, 1407, 1408, 1409, 1410, 1411, 1412, 1413, 1414, 1415, 1416, 1417, 1418, 1419, 1420, 1421, 1422, 1423, 1424, 1425, 1426, 1427, 1428, 1429, 1430, 1432, 1433, 1434, 1435, 1436, 1437, 1438, 1439, 1440, 1441, 1442, 1443, 1444, 1445, 1446, 1447, 1448, 1449, 1450, 1451, 1452, 1453, 1454, 1455, 1456, 1457, 1458, 1459, 1460, 1461, 1462, 1463, 1464, 1465, 1466, 1467, 1468, 1469, 1470, 1471, 1472, 1473, 1474, 1475, 1476, 1477, 1478, 1479, 1480, 1481, 1482, 1483, 1484, 1485, 1486, 1487, 1488, 1489, 1490, 1491, 1492, 1493, 1494, 1495, 1496, 1497, 1498, 1499, 1500, 1501, 1502, 1503, 1504, 1505, 1506, 1507, 1508, 1509, 1510, 1511, 1512, 1513, 1514, 1515, 1516, 1517, 1518, 1519, 1520, 1521, 1522, 1523, 1524, 1525, 1526, 1527, 1528, 1529, 1530, 1531, 1532, 1533, 1534, 1535, 1536, 1537, 1538, 1539, 1540, 1542, 1543, 1544, 1545, 1546, 1547, 1548, 1549, 1550, 1551, 1552, 1553, 1554, 1555, 1556, 1557, 1558, 1559, 1560, 1561, 1562, 1563, 1564, 1565, 1566, 1567, 1568, 1569, 1570, 1571, 1572, 1573, 1574, 1575, 1576, 1577, 1578, 1579, 1580, 1581, 1582, 1583, 1584, 1585, 1586, 1587, 1588, 1589, 1590, 1591, 1592, 1593, 1594, 1595, 1596, 1597, 1598, 1599, 1600, 1601, 1602, 1603, 1604, 1605, 1606, 1607, 1608, 1609, 1610, 1611, 1612, 1613, 1614, 1615, 1616, 1617, 1618, 1619, 1620, 1621, 1622, 1623, 1624, 1625, 1626, 1627, 1628, 1629, 1630, 1631, 1632, 1633, 1634, 1635, 1636, 1637, 1638, 1639, 1640, 1641, 1642, 1643, 1644, 1645, 1646, 1647, 1648, 1649, 1650, 1651]
06-11 10:45:53.480  4639  4639 D ModemChannel: handleMessage what:102
06-11 10:45:53.480  4639  4639 D ModemChannel: handleNecEvent
06-11 10:45:53.481  4472  4970 I ModemAci: [ModemActivityInfo] [LO, DA]:{ stamp=243350807 duration=326 sleepTMs=305169 idleTMs=3638 rxTMs=17665 5gRxTMs=0 txTMs=[0, 0, 0, 0, 0, 0, 0, 0] 5gTxTMs=[0, 0, 0, 0, 20092, 18157, 10996, 17219] rrc10sC[]=[0, 0] rrc20sC[]=[0, 0] rrcMore20sC[]=[0, 0] rrcC[]=[0, 0] rrcT[]=[0, 0] saRrc10sC[]=[0, 1] saRrc20sC[]=[0, 0] saRrcMore20sC[]=[0, 0] saRrcC[]=[0, 1] saRrcT[]=[0, 3] endcActT[]=[0, 0] wifiRrcT[]=[0, 3] csChgC[]=[0, 0] psChgC[]=[0, 0] iRatC[]=[0, 0] cellUpdC[]=[0, 0] handOverC[]=[0, 0] nwSrchC[]=[0, 0] nwSrchT[]=[0, 0] psRegT[]=[0, 327] csRegT[]=[0, 327] psNoRegT[]=[327, 0] csNoRegT[]=[327, 0] sigGrid0T[]=[0, 0] gpsTMs=575 wlanTMs=0 sim15gTxTMs[]=[0, 0, 0, 0, 0, 0, 0, 0] sim25gTxTMs[]=[0, 0, 0, 0, 20092, 18157, 10996, 17219] techTMs[]=[0, 0, 0, 0, 0, 0, 0, 0, 0] saActT[]=[0, 3] lteHoC[]=[0, 0] saHoC[]=[0, 0]}
06-11 10:45:53.482  4454  5107 D SubsysCallManager: handleMessage what:102
06-11 10:45:53.482  4454  5107 D SubsysCallManager: parseMdmInfoData len:392
06-11 10:45:53.482  4454  5107 D SubsysCallManager: onMdmEvent moduleId:6,eventId:4
06-11 10:45:53.482  4454  5107 D ModemDataAnalysis: phoneId = 0, moduleId = 6, onEvent...4, version = 0, size:380
06-11 10:45:53.482  6109  6109 I midasd  : OplusObrainService::notifyEventString eventId:11 strParam:{"5gRxTimeMs":0,"5gTxTimeMs":[],"idleTimeMs":3638,"lteRrcC":[0,0],"lteRrcT":[0,0],"nrRrcC":[0,1],"nrRrcT":[0,3],"rxTimeMs":17665,"sleepTimeMs":305169,"timestamp":1781145953481,"txTimeMs":[0,0,0,0,0,0,0,0]}
06-11 10:45:53.483  4454  5373 E AMC     : [P-ooslimited_deep/0] execute failed in triggers[0]:[nwsrcht:0][nwsrcht:0]
06-11 10:45:53.483 12732 12839 I OplusObrain: OplusObrainClientInvoke.nativeGetTelephonyInfo
06-11 10:45:53.483  4454  5373 E AMC     : [P-ooslimited_deep/1] execute failed in triggers[0]:[nwsrcht:0][nwsrcht:0]
06-11 10:45:53.483  4454  5373 E AMC     : [P-mpss_reset/0] execute failed in triggers[0]:[sleept:305][sleept:1250]
06-11 10:45:53.483  4454  5373 E AMC     : [P-mpss_reset/1] execute failed in triggers[0]:[sleept:305][sleept:1250]
06-11 10:45:53.484 12732 14058 I OplusObrain: OplusObrainClientInvoke.nativeGetTrafficTypeInfoForNetworkType networkType 0
06-11 10:45:53.484  4454  5373 E AMC     : [P-pidnetdisable_recovery] execute failed in triggers[0]:[sleept:305][sleept:1250, pidnetdisable:null]
06-11 10:45:53.484  3189  5977 D KernelStatsHelper: getKernelStats start!
06-11 10:45:53.484  4454  5373 E AMC     : [P-standby_5gbackoff/0] execute failed in triggers[0]:[sleept:305][inactive:false, sleept:733]
06-11 10:45:53.484  3189  3931 D OplusNetlinkSocket: handleNetlinkRecvKernelMessage:nlmsghdr:StructNlMsgHdr{ nlmsg_len{3004}, nlmsg_type{48()}, nlmsg_flags{0()}, nlmsg_seq{0}, nlmsg_pid{208998235} }
06-11 10:45:53.484  3189  3931 D KernelStatsHelper: get magic :[-1, -1, -1, 77, 65, 71, 73, 67]
06-11 10:45:53.484  3189  3931 D KernelStatsHelper: magic matched count:227 data_len:11804
06-11 10:45:53.484  4454  5373 E AMC     : [P-standby_5gbackoff/1] execute failed in triggers[0]:[sleept:305][inactive:false, sleept:733]
06-11 10:45:53.484  3189  3931 D OplusNetlinkSocket: handleNetlinkRecvKernelMessage:nlmsghdr:StructNlMsgHdr{ nlmsg_len{2988}, nlmsg_type{48()}, nlmsg_flags{0()}, nlmsg_seq{0}, nlmsg_pid{208998235} }
06-11 10:45:53.484  3189  3931 D OplusNetlinkSocket: handleNetlinkRecvKernelMessage:nlmsghdr:StructNlMsgHdr{ nlmsg_len{2988}, nlmsg_type{48()}, nlmsg_flags{0()}, nlmsg_seq{0}, nlmsg_pid{208998235} }
06-11 10:45:53.484  3189  3931 D OplusNetlinkSocket: handleNetlinkRecvKernelMessage:nlmsghdr:StructNlMsgHdr{ nlmsg_len{2936}, nlmsg_type{48()}, nlmsg_flags{0()}, nlmsg_seq{0}, nlmsg_pid{208998235} }
06-11 10:45:53.484  3189  3931 D KernelStatsHelper: data over! check: true
06-11 10:45:53.486 19629 26839 I DMP-FileReader: clearCache resId:6
06-11 10:45:53.486 19629 26839 I DMP-FileReader: clearCache resId:6
06-11 10:45:53.488  6058  6058 I BasemapLayer: Tile uploaded: 15/26078/13560 256x256
06-11 10:45:53.506 19629 26839 I DMP-AbstractWorker: setIndexFailCount method:onReceive, count:0, all:initResource=0,onReceive=0,rearrange=0,dailyTask=0
06-11 10:45:53.507 19629 26839 I DMP-AbstractWorker: doWork finished, resource: localApp, method5:onReceive, work:Work{mWorkName=onReceiveWork, mWorkTerm=long, mReportId=false, mCreate=Create{mIndexStatus=null, mQueryTime=0, mInterval=0, mDeletedDocs=null, mNeedRebuildFlag=0, mIndexCheckFlag=false, mDrop=null, mHighTemperature=50, mMinPower=null, mScreen=null, mDeletedConditions=null}, mEntry=null, mMoreBatch=null, mChained=true, mInitialDelay=10, mWorkOneTimeLimit=0}
06-11 10:45:53.507 19629 26839 I DMP-IndexEventManager: addEvent:InternalIndexEvent{mEvent=null, mEventTime=null, mEventData=null, mEventDropReason=null, mResource=null, mWork=null, mWorkId=f0c84ccd-edd0-4f46-8ec4-499177fd5b65, mWorkTime=1781145953, mCursorSize=null, mResult=0}
06-11 10:45:53.507 19629 26839 I DMP-IndexEventManager: addInternalEvent:result=0 workId=f0c84ccd-edd0-4f46-8ec4-499177fd5b65 workTime=1781145953
06-11 10:45:53.508 19629 26839 I DMP-IndexEventManager: addInternalEvent update:0
06-11 10:45:53.508 19629 26839 I DMP-IndexEventManager: addInternalEvent insert:6546
06-11 10:45:53.508 19629 26839 I DMP-FrozenHelper: deleteKeepRequest, no more quest
06-11 10:45:53.510 19629 19728 I WM-WorkerWrapper: Worker result SUCCESS for Work [ id=f0c84ccd-edd0-4f46-8ec4-499177fd5b65, tags={ com.oplus.oss.bussiness.localapp.work.LocalAppOneTimeWorker,localApp_onReceive__OneTimeWork,onReceiveWork } ]
06-11 10:45:53.512 19629 19728 I WM-WorkerWrapper: Setting status to enqueued for 949f82ac-f75b-4814-9e8e-9aca09f812c9
06-11 10:45:53.514 19629 19629 D WM-Processor: s f0c84ccd-edd0-4f46-8ec4-499177fd5b65 executed; reschedule = false
06-11 10:45:53.514 19629 19629 D WM-GreedyScheduler: Stopping tracking for WorkGenerationalId(workSpecId=f0c84ccd-edd0-4f46-8ec4-499177fd5b65, generation=0)
06-11 10:45:53.516 19629 19629 D WM-SystemJobService: f0c84ccd-edd0-4f46-8ec4-499177fd5b65 executed on JobScheduler
06-11 10:45:53.520 19629 19731 D WM-GreedyScheduler: Cancelling work ID f0c84ccd-edd0-4f46-8ec4-499177fd5b65
06-11 10:45:53.526  3189  5977 W JobScheduler: Job didn't exist in JobStore: #com.oplus.dmp/4807
06-11 10:45:53.526 19629 19629 D WM-SystemJobService: onStopJob for WorkGenerationalId(workSpecId=f0c84ccd-edd0-4f46-8ec4-499177fd5b65, generation=0)
06-11 10:45:53.527 19629 19731 D WM-SystemJobScheduler: Scheduling work ID 949f82ac-f75b-4814-9e8e-9aca09f812c9Job ID 4809
06-11 10:45:53.531 19629 19731 D WM-BrdcstRcvrCnstrntTrc: c: unregistering receiver
06-11 10:45:53.565  3189  3759 D ActivityManager: freezing 20034 com.tencent.soter.soterserver
06-11 10:45:53.567  3189  3759 D ActivityManager: Freeze process 20034, not check file locks
06-11 10:45:53.567  4472  4970 W ModemAci: [KernelWakeupInfo] failed to update kernel wakeup due to empty map!
06-11 10:45:53.567  3189  3759 D ActivityManager: reportOneUidFrozenStateChanged uid 10230 frozen = true
06-11 10:45:53.569  3189  4046 I LinkPower: [MonitorLeafBpfWakeup] Origin WakeupInfoMain Diff:53s InWakeup:null OutWakeup:null WakeupDuration(ms):null
06-11 10:45:53.569  3189  4046 I LinkPower: [MonitorLeafBpfWakeup] Origin WakeupInfoDetails Diff:53s OutImHbWakeup:null OutAlignWakeup:null InKeepWakeup:null ReInWakeup:null ReOutWakeup:null
06-11 10:45:53.570  3189  3848 D InetDiagMessage: Destroyed 0 sockets, proto=IPPROTO_TCP, family=AF_INET, states=14
06-11 10:45:53.572  6716  8366 I CardConfig.CardConfigLogger: logCardConfigInfo start, from: 3 [base|com.oplus.pantanal.ums|2.0.44-25e9612]
06-11 10:45:53.573  3189  3848 D InetDiagMessage: Destroyed 0 sockets, proto=IPPROTO_TCP, family=AF_INET6, states=14
06-11 10:45:53.574  3189  3848 D InetDiagMessage: Destroyed live tcp sockets for uids={10230} in 6ms
06-11 10:45:53.574  6716  8366 I CardConfig.CardConfigLogger: cardConfigTypes(1110): [3685, 3344, 4433, 4434, 7, 192, 222220008, 4, 222220030, 222220031, 188, 201565, 98, 99, 103, 104, 222220096, 222220041, 222220072, 222220073, 222220015, 95, 96, 97, 222220046, 60, 28, 0, 1, 222220090, 38, 53, 54, 55, 56, 222220059, 69, 222220017, 32, 75, 77, 100, 200767, 2, 222220034, 222220035, 16, 222220080, 222220081, 222220082, 222220083, 222220084, 222220085, 222220101, 206, 207, 208, 222220043, 222220044, 222220045, 222220070, 201143, 222220086, 222220087, 200200, 47, 200334, 200335, 200336, 33, 23, 222220048, 222220050, 156, 157, 196, 200148, 76, 79, 159, 555550012, 555550014, 555550034, 555550035, 555550036, 555550037, 555550031, 10001345, 10001346, 10001347, 10001348, 666660100, 666660141, 10000045, 200666, 10001622, 200574, 201045, 268451922, 201055, 268451840, 666660059, 201393, 201434, 200840, 10000782, 268452014, 268451902, 666660172, 200717, 201741, 201782, 10000076, 200031, 10000168, 666660008, 666660264, 200297, 666660203, 200851, 268451933, 200892, 10000189, 666660111, 10000107, 200206, 201015, 666660121, 200216, 10001223, 536878255, 201752, 666660060, 666660019, 200134, 10001203, 268451923, 201414, 666660101, 200175, 200144, 268454145, 10001336, 268451841, 201639, 200482, 666660234, 10001254, 10000998, 201035, 200523, 666660109, 666660068, 10000699, 10000996, 536879177, 10000187, 268451913, 666660119, 10000658, 10000105, 200360, 666660160, 201210, 666660027, 666660242, 200657, 201978, 666660201, 268451934, 200452, 201906, 10000085, 200534, 666660007, 666660263, 201343, 666660017, 666660191, 201312, 666660058, 666660099, 200585, 10001334, 201097, 666660171, 666660253, 268452006, 201436, 10001181, 200668, 268451924, 201262, 200494, 200023, 10000802, 268451842, 666660222, 268454146, 10001273, 201057, 10000126, 201395, 200842, 200545, 666660069, 666660028, 10000526, 666660202, 666660110, 268451914, 536879178, 666660120, 666660079, 268452047, 10000024, 200299, 200858, 10000022, 666660159, 268452027, 666660118, 10001179, 200295, 201544, 666660128, 10000800, 268451904, 10001271, 200131, 10000544, 666660169, 666660108, 268451925, 201339, 10000227, 200356, 268454147, 201206, 10000524, 268451843, 10000780, 200919, 201984, 201216, 666660067, 666660026, 666660200, 10001620, 201043, 200101, 666660221, 200572, 268451915, 10000852, 201637, 10000043, 200183, 666660057, 200838, 666660190, 268452048, 201391, 666660098, 268452007, 200664, 200019, 268451854, 200029, 666660170, 268452028, 10001221, 666660078, 10000074, 201780, 201053, 10000289, 268451905, 10000504, 201739, 200715, 666660219, 268451926, 268451844, 201013, 201310, 10000164, 10000850, 10001618, 268454148, 666660137, 201750, 666660096, 268451936, 10000041, 200849, 666660117, 10000062, 200173, 268451916, 10001219, 200214, 200982, 200470, 201412, 200224, 10000072, 268452008, 201033, 666660209, 10000031, 10000502, 666660168, 10000287, 200860, 666660015, 10000994, 10001332, 666660189, 268451906, 10000185, 666660199, 200358, 201208, 200440, 10000656, 10000738, 201976, 200655, 10000697, 666660066, 201546, 666660107, 10000103, 268454149, 666660220, 268451845, 10000124, 10001445, 201341, 268452019, 666660056, 268451937, 666660097, 10000810, 200583, 201904, 666660013, 200364, 268451917, 666660054, 200446, 201900, 200917, 666660105, 666660064, 268452009, 10000736, 10001330, 10000992, 10000654, 200579, 268451927, 10000695, 10001207, 666660146, 10000183, 666660218, 10001443, 201101, 268451907, 200384, 200896, 200169, 10000808, 666660259, 200507, 201019, 666660116, 666660157, 200293, 200037, 666660239, 200549, 666660198, 200119, 10000532, 268451938, 10001177, 666660167, 10000327, 200856, 10000542, 666660034, 666660208, 666660229, 268451918, 666660055, 666660014, 10000778, 268452010, 666660065, 201214, 201982, 268451928, 10000225, 666660106, 201337, 10001423, 10001421, 200140, 666660237, 200570, 200181, 268451908, 666660063, 10000530, 200222, 201031, 200488, 201041, 200273, 200017, 666660032, 666660206, 10000786, 268452000, 666660155, 200099, 666660012, 20
06-11 10:45:53.575  6716  8366 I CardConfig.CardConfigLogger: 1778, 666660135, 10000172, 201389, 666660104, 10000776, 201051, 10000223, 10000500, 201308, 10000029, 10000285, 666660166, 201902, 10000162, 10001227, 200581, 268451929, 10000848, 200847, 268454151, 200458, 200202, 201011, 666660217, 200212, 200980, 201410, 268451909, 666660156, 10000060, 200591, 10001217, 268452001, 10001258, 10001002, 201369, 666660207, 666660115, 200898, 268451919, 200386, 10000111, 201324, 666660164, 201365, 10000109, 200894, 666660205, 200167, 10000027, 10001225, 666660215, 10000160, 200177, 666660174, 268452032, 201754, 200218, 10001205, 200996, 10000181, 268452012, 200525, 666660236, 666660103, 666660062, 200566, 200095, 268451930, 201047, 10001338, 10001256, 10001000, 201385, 268451848, 10000191, 666660154, 268454152, 200659, 10000038, 201898, 200915, 666660134, 201212, 201980, 268452002, 10000089, 200536, 201345, 200577, 10000734, 666660267, 200362, 10000540, 201908, 201099, 10000325, 666660165, 268451859, 666660257, 10001441, 200464, 666660083, 666660216, 10000806, 200291, 268452013, 200547, 201438, 666660255, 666660173, 666660214, 268451931, 10000804, 200199, 10000036, 268451849, 268452023, 200035, 10000128, 10000087, 666660163, 666660204, 200301, 666660071, 666660030, 10000323, 268451921, 10001183, 666660061, 200220, 268451901, 200476, 666660020, 268451860, 201029, 666660102, 666660143, 10001419, 201367, 200568, 200271, 200015, 10000528, 10000784, 200097, 200138, 666660194, 200179, 200998, 10000170, 201039, 268452024, 201049, 200025, 200322, 666660266, 201387, 11701, 11702, 100783, 100784, 100785, 100786, 100787, 100788, 100789, 100790, 100791, 100792, 10000514, 10000932, 10000949, 10000950, 10000951, 100368, 100478, 10000348, 100474, 100188, 100475, 100068, 100193, 100317, 100459, 100460, 100770, 10000218, 10001030, 10001031, 10001032, 10001033, 100743, 100744, 10001463, 100680, 100566, 100567, 100572, 100573, 10001050, 10001117, 100286, 100505, 100473, 100701, 100702, 10001165, 100343, 100366, 100207, 100485, 200553, 100502, 100532, 100564, 100565, 100617, 100619, 100623, 100664, 100665, 100670, 100696, 100697, 100698, 100736, 100745, 100752, 100753, 100754, 100755, 100756, 100757, 100758, 100759, 100760, 100762, 100763, 100764, 100247, 100668, 10000336, 10000474, 10000475, 10000476, 100385, 100437, 100795, 201914, 100271, 100225, 10001275, 10001277, 100141, 100029, 100480, 100482, 100484, 10000643, 100712, 100017, 100569, 5, 100369, 100370, 10000004, 31, 100190, 100191, 100192, 10000283, 100771, 10000068, 10000097, 100796, 100044, 100124, 100140, 100438, 100439, 100511, 100341, 100097, 100450, 100586, 100587, 100782, 10000115, 10001557, 10001465, 100707, 100245, 10000269, 11703, 11704, 10001400, 100047, 100048, 100150, 100164, 100461, 100678, 201880, 201941, 201942, 201943, 201966, 201967, 201968, 10000140, 10000555, 10000556, 10000557, 10001029, 10001107, 10001108, 10001111, 10001112, 100483, 100486, 100490, 100581, 100605, 100624, 10000077, 10000307, 100371, 10000117, 100773, 100774, 100775, 100512, 100513, 100514, 100515, 100516, 100517, 100518, 100519, 100520, 100521, 100777, 100781, 201805, 201806, 201822, 10001027, 100584, 100675, 100676, 100718, 10000610, 10000611, 10000612, 10000613, 10000614, 10000772, 10000773, 10000774, 10001133, 10001134, 10001136, 10001208, 100241, 100522, 18, 12530, 100089, 100357, 100358, 100359, 100360, 100399, 100400, 100451, 100452, 100666, 100616, 11713, 100243, 100305, 100361, 100596, 100403, 100404, 10000817, 10000818, 10000819, 10000820, 10000821, 10000822, 10000823, 100401, 100402, 10000829, 100436, 10001080, 100283, 10001262, 10001263, 10001282, 10001283, 10001284, 10001383, 100309, 100310, 201896, 201909, 201911, 100618, 100620, 100685, 100686, 100687, 100688, 100689, 100690, 100692, 100321, 100323, 100691, 100683, 100684, 100750, 10000143, 10000144, 10000157, 10000158, 201804, 201809, 201879, 201919, 201921, 201922, 201923, 201924, 10000129, 201925, 201926, 201927, 201928, 201929, 201930, 201931, 201932, 201934, 201936, 201937, 201938, 201939, 201940, 1
06-11 10:45:53.575  6716  8366 I CardConfig.CardConfigLogger: 00307, 100308, 10000145, 10000146, 10000147, 10000150, 10000339, 10000345, 10000347, 10000373, 10000374, 10000497, 10000379, 10000438, 10000535, 10000536, 10000568, 10000569, 10000707, 10000708, 10000487, 10000489, 10000650, 10000594, 10000595, 10000596, 10000597, 10000789, 10000790, 10000787, 10000788, 100248, 100253, 10000666, 10000953, 10000954, 10000955, 10000956, 10000983, 10000984, 10000985, 10000986, 10000811, 10000812, 10000813, 10000814, 10000815, 10000816, 100085, 100086, 100114, 100123, 11007, 11687, 100458, 100724, 100725, 100728, 100729, 100731, 100732, 100706, 10000766, 10000767, 10000768, 100318, 100319, 100465, 11616, 10000586, 100681, 10001140, 100074, 82, 83, 100281, 100346, 201669, 10000196, 10000197, 10000935, 10000620, 10000621, 100137, 100214, 11036, 10001532, 10001534, 10001536, 10001537, 10001538, 100131, 100226, 100353, 100355, 10000622, 11644, 100025, 100026, 100027, 100035, 100051, 100065, 100077, 100314, 10000019, 10000293, 10001629, 10001630, 100356, 100479, 10000294, 10001196, 10001197, 10001209, 100469, 100456, 100525, 100218, 100571, 100007, 100673, 100674, 10000454, 10001393, 10001394, 10001528, 10000193, 10000194, 10000195, 10000201, 10000276, 10000277, 10000318, 10000319, 100467, 100595, 10000137, 10001633, 10001634, 100198, 100267, 100268, 100316, 100328, 100332, 100333, 100335, 100492, 100570, 10000931, 10001356, 10001358, 100038, 100110, 100151, 100152, 100176, 100201, 100261, 100284, 100481, 10000228, 10000310, 10000579, 10001075, 10001076, 100738, 100740, 100741, 100443, 100504, 10001604, 10001605, 100287, 100364, 100491, 100800, 100801, 201036, 10000360, 10000361, 10000362, 10000418, 10000482, 10000483, 10000491, 10001006, 10001007, 10001365, 10001569, 10000590, 10000791, 10000792, 100347, 10001251, 100454, 10001526, 100045, 100205, 100311, 100324, 100329, 100440, 100441, 100442, 100447, 100449, 100471, 100508, 100509, 100510, 100723, 100726, 100727, 100730, 100733, 100734, 100497, 100749, 100793, 100794, 10000046, 10001647, 10001727, 100609, 100610]
06-11 10:45:53.584  6716  8366 I CardConfig.CardConfigLogger: dbCardConfigTypes(1110): [0, 1, 2, 4, 5, 7, 16, 18, 23, 28, 31, 32, 33, 38, 47, 53, 54, 55, 56, 60, 69, 75, 76, 77, 79, 82, 83, 95, 96, 97, 98, 99, 100, 103, 104, 156, 157, 159, 188, 192, 196, 206, 207, 208, 3344, 3685, 4433, 4434, 11007, 11036, 11616, 11644, 11687, 11701, 11702, 11703, 11704, 11713, 12530, 100007, 100017, 100025, 100026, 100027, 100029, 100035, 100038, 100044, 100045, 100047, 100048, 100051, 100065, 100068, 100074, 100077, 100085, 100086, 100089, 100097, 100110, 100114, 100123, 100124, 100131, 100137, 100140, 100141, 100150, 100151, 100152, 100164, 100176, 100188, 100190, 100191, 100192, 100193, 100198, 100201, 100205, 100207, 100214, 100218, 100225, 100226, 100241, 100243, 100245, 100247, 100248, 100253, 100261, 100267, 100268, 100271, 100281, 100283, 100284, 100286, 100287, 100305, 100307, 100308, 100309, 100310, 100311, 100314, 100316, 100317, 100318, 100319, 100321, 100323, 100324, 100328, 100329, 100332, 100333, 100335, 100341, 100343, 100346, 100347, 100353, 100355, 100356, 100357, 100358, 100359, 100360, 100361, 100364, 100366, 100368, 100369, 100370, 100371, 100385, 100399, 100400, 100401, 100402, 100403, 100404, 100436, 100437, 100438, 100439, 100440, 100441, 100442, 100443, 100447, 100449, 100450, 100451, 100452, 100454, 100456, 100458, 100459, 100460, 100461, 100465, 100467, 100469, 100471, 100473, 100474, 100475, 100478, 100479, 100480, 100481, 100482, 100483, 100484, 100485, 100486, 100490, 100491, 100492, 100497, 100502, 100504, 100505, 100508, 100509, 100510, 100511, 100512, 100513, 100514, 100515, 100516, 100517, 100518, 100519, 100520, 100521, 100522, 100525, 100532, 100564, 100565, 100566, 100567, 100569, 100570, 100571, 100572, 100573, 100581, 100584, 100586, 100587, 100595, 100596, 100605, 100609, 100610, 100616, 100617, 100618, 100619, 100620, 100623, 100624, 100664, 100665, 100666, 100668, 100670, 100673, 100674, 100675, 100676, 100678, 100680, 100681, 100683, 100684, 100685, 100686, 100687, 100688, 100689, 100690, 100691, 100692, 100696, 100697, 100698, 100701, 100702, 100706, 100707, 100712, 100718, 100723, 100724, 100725, 100726, 100727, 100728, 100729, 100730, 100731, 100732, 100733, 100734, 100736, 100738, 100740, 100741, 100743, 100744, 100745, 100749, 100750, 100752, 100753, 100754, 100755, 100756, 100757, 100758, 100759, 100760, 100762, 100763, 100764, 100770, 100771, 100773, 100774, 100775, 100777, 100781, 100782, 100783, 100784, 100785, 100786, 100787, 100788, 100789, 100790, 100791, 100792, 100793, 100794, 100795, 100796, 100800, 100801, 200015, 200017, 200019, 200023, 200025, 200029, 200031, 200035, 200037, 200095, 200097, 200099, 200101, 200119, 200131, 200134, 200138, 200140, 200144, 200148, 200167, 200169, 200173, 200175, 200177, 200179, 200181, 200183, 200199, 200200, 200202, 200206, 200212, 200214, 200216, 200218, 200220, 200222, 200224, 200271, 200273, 200291, 200293, 200295, 200297, 200299, 200301, 200322, 200334, 200335, 200336, 200356, 200358, 200360, 200362, 200364, 200384, 200386, 200440, 200446, 200452, 200458, 200464, 200470, 200476, 200482, 200488, 200494, 200507, 200523, 200525, 200534, 200536, 200545, 200547, 200549, 200553, 200566, 200568, 200570, 200572, 200574, 200577, 200579, 200581, 200583, 200585, 200591, 200655, 200657, 200659, 200664, 200666, 200668, 200715, 200717, 200767, 200838, 200840, 200842, 200847, 200849, 200851, 200856, 200858, 200860, 200892, 200894, 200896, 200898, 200915, 200917, 200919, 200980, 200982, 200996, 200998, 201011, 201013, 201015, 201019, 201029, 201031, 201033, 201035, 201036, 201039, 201041, 201043, 201045, 201047, 201049, 201051, 201053, 201055, 201057, 201097, 201099, 201101, 201143, 201206, 201208, 201210, 201212, 201214, 201216, 201262, 201308, 201310, 201312, 201324, 201337, 201339, 201341, 201343, 201345, 201365, 201367, 201369, 201385, 201387, 201389, 201391, 201393, 201395, 201410, 201412, 201414, 201434, 201436, 201438, 201544, 201546, 201565, 201637, 201639, 201669, 201739, 201741, 201750, 201752, 201754, 201778, 201
06-11 10:45:53.584  6716  8366 I CardConfig.CardConfigLogger: 780, 201782, 201804, 201805, 201806, 201809, 201822, 201879, 201880, 201896, 201898, 201900, 201902, 201904, 201906, 201908, 201909, 201911, 201914, 201919, 201921, 201922, 201923, 201924, 201925, 201926, 201927, 201928, 201929, 201930, 201931, 201932, 201934, 201936, 201937, 201938, 201939, 201940, 201941, 201942, 201943, 201966, 201967, 201968, 201976, 201978, 201980, 201982, 201984, 10000004, 10000019, 10000022, 10000024, 10000027, 10000029, 10000031, 10000036, 10000038, 10000041, 10000043, 10000045, 10000046, 10000060, 10000062, 10000068, 10000072, 10000074, 10000076, 10000077, 10000085, 10000087, 10000089, 10000097, 10000103, 10000105, 10000107, 10000109, 10000111, 10000115, 10000117, 10000124, 10000126, 10000128, 10000129, 10000137, 10000140, 10000143, 10000144, 10000145, 10000146, 10000147, 10000150, 10000157, 10000158, 10000160, 10000162, 10000164, 10000168, 10000170, 10000172, 10000181, 10000183, 10000185, 10000187, 10000189, 10000191, 10000193, 10000194, 10000195, 10000196, 10000197, 10000201, 10000218, 10000223, 10000225, 10000227, 10000228, 10000269, 10000276, 10000277, 10000283, 10000285, 10000287, 10000289, 10000293, 10000294, 10000307, 10000310, 10000318, 10000319, 10000323, 10000325, 10000327, 10000336, 10000339, 10000345, 10000347, 10000348, 10000360, 10000361, 10000362, 10000373, 10000374, 10000379, 10000418, 10000438, 10000454, 10000474, 10000475, 10000476, 10000482, 10000483, 10000487, 10000489, 10000491, 10000497, 10000500, 10000502, 10000504, 10000514, 10000524, 10000526, 10000528, 10000530, 10000532, 10000535, 10000536, 10000540, 10000542, 10000544, 10000555, 10000556, 10000557, 10000568, 10000569, 10000579, 10000586, 10000590, 10000594, 10000595, 10000596, 10000597, 10000610, 10000611, 10000612, 10000613, 10000614, 10000620, 10000621, 10000622, 10000643, 10000650, 10000654, 10000656, 10000658, 10000666, 10000695, 10000697, 10000699, 10000707, 10000708, 10000734, 10000736, 10000738, 10000766, 10000767, 10000768, 10000772, 10000773, 10000774, 10000776, 10000778, 10000780, 10000782, 10000784, 10000786, 10000787, 10000788, 10000789, 10000790, 10000791, 10000792, 10000800, 10000802, 10000804, 10000806, 10000808, 10000810, 10000811, 10000812, 10000813, 10000814, 10000815, 10000816, 10000817, 10000818, 10000819, 10000820, 10000821, 10000822, 10000823, 10000829, 10000848, 10000850, 10000852, 10000931, 10000932, 10000935, 10000949, 10000950, 10000951, 10000953, 10000954, 10000955, 10000956, 10000983, 10000984, 10000985, 10000986, 10000992, 10000994, 10000996, 10000998, 10001000, 10001002, 10001006, 10001007, 10001027, 10001029, 10001030, 10001031, 10001032, 10001033, 10001050, 10001075, 10001076, 10001080, 10001107, 10001108, 10001111, 10001112, 10001117, 10001133, 10001134, 10001136, 10001140, 10001165, 10001177, 10001179, 10001181, 10001183, 10001196, 10001197, 10001203, 10001205, 10001207, 10001208, 10001209, 10001217, 10001219, 10001221, 10001223, 10001225, 10001227, 10001251, 10001254, 10001256, 10001258, 10001262, 10001263, 10001271, 10001273, 10001275, 10001277, 10001282, 10001283, 10001284, 10001330, 10001332, 10001334, 10001336, 10001338, 10001345, 10001346, 10001347, 10001348, 10001356, 10001358, 10001365, 10001383, 10001393, 10001394, 10001400, 10001419, 10001421, 10001423, 10001441, 10001443, 10001445, 10001463, 10001465, 10001526, 10001528, 10001532, 10001534, 10001536, 10001537, 10001538, 10001557, 10001569, 10001604, 10001605, 10001618, 10001620, 10001622, 10001629, 10001630, 10001633, 10001634, 10001647, 10001727, 222220008, 222220015, 222220017, 222220030, 222220031, 222220034, 222220035, 222220041, 222220043, 222220044, 222220045, 222220046, 222220048, 222220050, 222220059, 222220070, 222220072, 222220073, 222220080, 222220081, 222220082, 222220083, 222220084, 222220085, 222220086, 222220087, 222220090, 222220096, 222220101, 268451840, 268451841, 268451842, 268451843, 268451844, 268451845, 268451848, 268451849, 268451854, 268451859, 268451860, 268451901, 268451902, 268451904, 268451905, 2684519
06-11 10:45:53.584  6716  8366 I CardConfig.CardConfigLogger: 06, 268451907, 268451908, 268451909, 268451913, 268451914, 268451915, 268451916, 268451917, 268451918, 268451919, 268451921, 268451922, 268451923, 268451924, 268451925, 268451926, 268451927, 268451928, 268451929, 268451930, 268451931, 268451933, 268451934, 268451936, 268451937, 268451938, 268452000, 268452001, 268452002, 268452006, 268452007, 268452008, 268452009, 268452010, 268452012, 268452013, 268452014, 268452019, 268452023, 268452024, 268452027, 268452028, 268452032, 268452047, 268452048, 268454145, 268454146, 268454147, 268454148, 268454149, 268454151, 268454152, 536878255, 536879177, 536879178, 555550012, 555550014, 555550031, 555550034, 555550035, 555550036, 555550037, 666660007, 666660008, 666660012, 666660013, 666660014, 666660015, 666660017, 666660019, 666660020, 666660026, 666660027, 666660028, 666660030, 666660032, 666660034, 666660054, 666660055, 666660056, 666660057, 666660058, 666660059, 666660060, 666660061, 666660062, 666660063, 666660064, 666660065, 666660066, 666660067, 666660068, 666660069, 666660071, 666660078, 666660079, 666660083, 666660096, 666660097, 666660098, 666660099, 666660100, 666660101, 666660102, 666660103, 666660104, 666660105, 666660106, 666660107, 666660108, 666660109, 666660110, 666660111, 666660115, 666660116, 666660117, 666660118, 666660119, 666660120, 666660121, 666660128, 666660134, 666660135, 666660137, 666660141, 666660143, 666660146, 666660154, 666660155, 666660156, 666660157, 666660159, 666660160, 666660163, 666660164, 666660165, 666660166, 666660167, 666660168, 666660169, 666660170, 666660171, 666660172, 666660173, 666660174, 666660189, 666660190, 666660191, 666660194, 666660198, 666660199, 666660200, 666660201, 666660202, 666660203, 666660204, 666660205, 666660206, 666660207, 666660208, 666660209, 666660214, 666660215, 666660216, 666660217, 666660218, 666660219, 666660220, 666660221, 666660222, 666660229, 666660234, 666660236, 666660237, 666660239, 666660242, 666660253, 666660255, 666660257, 666660259, 666660263, 666660264, 666660266, 666660267]
06-11 10:45:53.585  6716  8366 I CardConfig.CardConfigLogger: dbCloudConfigTypes(1288): [0, 1, 2, 2, 2, 4, 4, 5, 7, 16, 18, 23, 23, 28, 28, 31, 32, 32, 33, 38, 47, 53, 54, 55, 56, 60, 69, 74, 75, 75, 76, 77, 77, 79, 82, 83, 89, 90, 95, 96, 97, 98, 99, 100, 100, 103, 104, 151, 152, 153, 156, 157, 159, 188, 188, 192, 196, 206, 207, 208, 210, 3344, 3685, 4433, 4434, 11007, 11036, 11616, 11644, 11687, 11701, 11702, 11703, 11704, 11713, 12530, 100007, 100017, 100025, 100026, 100027, 100029, 100035, 100038, 100044, 100045, 100047, 100048, 100051, 100065, 100068, 100074, 100077, 100085, 100086, 100089, 100097, 100110, 100114, 100123, 100124, 100131, 100137, 100140, 100141, 100150, 100151, 100152, 100164, 100176, 100188, 100190, 100191, 100192, 100193, 100198, 100201, 100205, 100207, 100214, 100218, 100225, 100226, 100241, 100243, 100245, 100247, 100248, 100253, 100261, 100267, 100268, 100271, 100281, 100283, 100284, 100286, 100287, 100305, 100307, 100308, 100309, 100310, 100311, 100314, 100316, 100317, 100318, 100319, 100321, 100323, 100324, 100328, 100329, 100332, 100333, 100335, 100341, 100343, 100346, 100347, 100353, 100355, 100356, 100357, 100358, 100359, 100360, 100361, 100364, 100366, 100368, 100369, 100370, 100371, 100385, 100399, 100400, 100401, 100402, 100403, 100404, 100436, 100437, 100438, 100439, 100440, 100441, 100442, 100443, 100447, 100449, 100450, 100451, 100452, 100454, 100456, 100458, 100459, 100460, 100461, 100465, 100467, 100469, 100471, 100473, 100474, 100475, 100478, 100479, 100480, 100481, 100482, 100483, 100484, 100485, 100486, 100490, 100491, 100492, 100497, 100502, 100504, 100505, 100508, 100509, 100510, 100511, 100512, 100513, 100514, 100515, 100516, 100517, 100518, 100519, 100520, 100521, 100522, 100525, 100532, 100564, 100565, 100566, 100567, 100569, 100570, 100571, 100572, 100573, 100581, 100584, 100586, 100587, 100595, 100596, 100605, 100609, 100610, 100616, 100617, 100618, 100619, 100620, 100623, 100624, 100664, 100665, 100666, 100668, 100670, 100673, 100674, 100675, 100676, 100676, 100678, 100680, 100681, 100683, 100684, 100685, 100686, 100687, 100688, 100689, 100690, 100691, 100692, 100696, 100697, 100698, 100701, 100702, 100706, 100707, 100712, 100718, 100723, 100724, 100725, 100726, 100727, 100728, 100729, 100730, 100731, 100732, 100733, 100734, 100736, 100738, 100740, 100741, 100743, 100744, 100745, 100749, 100750, 100752, 100753, 100754, 100755, 100756, 100757, 100758, 100759, 100760, 100762, 100763, 100764, 100770, 100771, 100772, 100773, 100773, 100774, 100774, 100775, 100775, 100777, 100781, 100782, 100783, 100784, 100785, 100786, 100787, 100788, 100789, 100790, 100791, 100792, 100793, 100794, 100795, 100796, 100800, 100801, 100801, 200015, 200017, 200019, 200023, 200025, 200029, 200031, 200035, 200037, 200095, 200097, 200099, 200101, 200119, 200131, 200131, 200134, 200138, 200140, 200144, 200148, 200167, 200167, 200169, 200169, 200173, 200175, 200177, 200179, 200181, 200183, 200199, 200200, 200202, 200202, 200206, 200206, 200212, 200214, 200216, 200218, 200220, 200222, 200224, 200271, 200273, 200291, 200293, 200295, 200297, 200299, 200301, 200313, 200322, 200334, 200335, 200336, 200356, 200358, 200360, 200362, 200364, 200384, 200386, 200440, 200446, 200452, 200458, 200464, 200470, 200476, 200482, 200488, 200494, 200507, 200523, 200523, 200525, 200525, 200534, 200536, 200545, 200547, 200549, 200553, 200566, 200568, 200570, 200572, 200574, 200577, 200579, 200581, 200583, 200585, 200591, 200655, 200655, 200655, 200657, 200657, 200657, 200659, 200659, 200659, 200664, 200664, 200664, 200666, 200666, 200666, 200668, 200668, 200668, 200715, 200717, 200767, 200767, 200838, 200840, 200842, 200847, 200849, 200851, 200856, 200858, 200860, 200892, 200894, 200896, 200898, 200915, 200917, 200919, 200980, 200980, 200982, 200982, 200996, 200996, 200996, 200998, 200998, 201011, 201011, 201013, 201013, 201015, 201015, 201019, 201029, 201029, 201029, 201031, 201031, 201031, 201033, 201033, 201033, 201035, 201035, 201035, 201036, 201036, 201039, 201039, 201041, 201041, 201
06-11 10:45:53.585  6716  8366 I CardConfig.CardConfigLogger: 043, 201043, 201045, 201045, 201047, 201047, 201049, 201049, 201051, 201051, 201053, 201053, 201055, 201055, 201057, 201057, 201097, 201099, 201101, 201124, 201143, 201143, 201206, 201208, 201208, 201210, 201210, 201212, 201212, 201214, 201214, 201216, 201216, 201262, 201308, 201310, 201312, 201324, 201337, 201339, 201341, 201343, 201345, 201365, 201365, 201367, 201367, 201369, 201369, 201385, 201387, 201389, 201391, 201393, 201395, 201410, 201412, 201414, 201434, 201434, 201436, 201436, 201436, 201438, 201438, 201438, 201544, 201546, 201565, 201637, 201637, 201639, 201639, 201669, 201739, 201741, 201750, 201752, 201754, 201768, 201770, 201772, 201774, 201776, 201778, 201780, 201782, 201804, 201805, 201806, 201809, 201822, 201879, 201880, 201896, 201898, 201900, 201902, 201904, 201906, 201908, 201909, 201911, 201914, 201919, 201921, 201922, 201923, 201924, 201925, 201926, 201927, 201928, 201929, 201930, 201931, 201932, 201934, 201936, 201937, 201938, 201939, 201940, 201941, 201942, 201943, 201966, 201967, 201968, 201976, 201978, 201980, 201982, 201984, 10000004, 10000019, 10000022, 10000024, 10000024, 10000027, 10000027, 10000029, 10000029, 10000031, 10000031, 10000036, 10000038, 10000038, 10000041, 10000041, 10000043, 10000043, 10000045, 10000045, 10000046, 10000060, 10000062, 10000068, 10000072, 10000074, 10000076, 10000077, 10000085, 10000087, 10000089, 10000097, 10000103, 10000105, 10000107, 10000109, 10000111, 10000115, 10000117, 10000117, 10000124, 10000126, 10000128, 10000129, 10000130, 10000137, 10000140, 10000143, 10000144, 10000145, 10000146, 10000147, 10000150, 10000157, 10000158, 10000160, 10000162, 10000164, 10000168, 10000170, 10000172, 10000181, 10000183, 10000185, 10000187, 10000189, 10000191, 10000193, 10000194, 10000194, 10000194, 10000195, 10000195, 10000195, 10000196, 10000196, 10000197, 10000197, 10000201, 10000218, 10000223, 10000225, 10000227, 10000228, 10000269, 10000276, 10000277, 10000283, 10000285, 10000287, 10000289, 10000293, 10000294, 10000307, 10000310, 10000318, 10000319, 10000323, 10000325, 10000327, 10000336, 10000339, 10000345, 10000347, 10000348, 10000360, 10000361, 10000362, 10000373, 10000374, 10000379, 10000418, 10000438, 10000454, 10000456, 10000460, 10000461, 10000462, 10000474, 10000475, 10000476, 10000482, 10000482, 10000483, 10000483, 10000487, 10000489, 10000491, 10000492, 10000497, 10000500, 10000502, 10000504, 10000514, 10000524, 10000526, 10000528, 10000530, 10000532, 10000535, 10000536, 10000540, 10000542, 10000544, 10000555, 10000556, 10000557, 10000568, 10000569, 10000579, 10000580, 10000581, 10000586, 10000590, 10000594, 10000595, 10000596, 10000597, 10000610, 10000611, 10000612, 10000613, 10000614, 10000620, 10000621, 10000622, 10000643, 10000650, 10000654, 10000656, 10000658, 10000666, 10000695, 10000695, 10000697, 10000697, 10000699, 10000699, 10000707, 10000708, 10000734, 10000736, 10000738, 10000766, 10000767, 10000768, 10000772, 10000773, 10000774, 10000776, 10000778, 10000780, 10000782, 10000784, 10000786, 10000787, 10000788, 10000789, 10000790, 10000791, 10000792, 10000800, 10000800, 10000802, 10000802, 10000804, 10000804, 10000806, 10000806, 10000808, 10000808, 10000810, 10000810, 10000811, 10000812, 10000813, 10000814, 10000815, 10000816, 10000817, 10000818, 10000819, 10000820, 10000821, 10000822, 10000823, 10000829, 10000848, 10000850, 10000852, 10000854, 10000856, 10000858, 10000931, 10000932, 10000935, 10000935, 10000949, 10000950, 10000951, 10000953, 10000954, 10000955, 10000956, 10000983, 10000984, 10000985, 10000986, 10000992, 10000994, 10000996, 10000998, 10001000, 10001002, 10001006, 10001007, 10001027, 10001029, 10001030, 10001031, 10001032, 10001033, 10001050, 10001075, 10001076, 10001080, 10001107, 10001108, 10001111, 10001112, 10001117, 10001133, 10001134, 10001136, 10001140, 10001165, 10001177, 10001179, 10001181, 10001183, 10001196, 10001197, 10001203, 10001203, 10001205, 10001205, 10001207, 10001207, 10001208, 10001209, 10001217, 10001219, 10001221, 1
06-11 10:45:53.585  6716  8366 I CardConfig.CardConfigLogger: 0001223, 10001225, 10001227, 10001236, 10001237, 10001241, 10001243, 10001245, 10001251, 10001254, 10001256, 10001258, 10001262, 10001263, 10001271, 10001271, 10001273, 10001273, 10001275, 10001277, 10001282, 10001283, 10001284, 10001290, 10001291, 10001292, 10001330, 10001332, 10001334, 10001336, 10001338, 10001345, 10001346, 10001347, 10001348, 10001356, 10001358, 10001365, 10001383, 10001388, 10001389, 10001393, 10001394, 10001400, 10001414, 10001415, 10001416, 10001417, 10001419, 10001419, 10001421, 10001421, 10001423, 10001423, 10001433, 10001433, 10001441, 10001443, 10001445, 10001450, 10001451, 10001454, 10001455, 10001463, 10001465, 10001526, 10001528, 10001532, 10001534, 10001536, 10001537, 10001538, 10001557, 10001563, 10001563, 10001564, 10001564, 10001565, 10001565, 10001566, 10001566, 10001567, 10001567, 10001568, 10001568, 10001569, 10001604, 10001605, 10001618, 10001620, 10001622, 10001629, 10001630, 10001633, 10001634, 10001647, 10001727, 222220008, 222220015, 222220017, 222220030, 222220031, 222220034, 222220034, 222220035, 222220035, 222220041, 222220043, 222220044, 222220045, 222220046, 222220048, 222220050, 222220059, 222220070, 222220072, 222220073, 222220074, 222220075, 222220076, 222220077, 222220078, 222220079, 222220080, 222220081, 222220082, 222220083, 222220084, 222220085, 222220086, 222220087, 222220088, 222220089, 222220090, 222220096, 222220101, 222220101, 555550012, 555550014, 555550031, 555550034, 555550035, 555550036, 555550037, 666660007, 666660007, 666660007, 666660008, 666660008, 666660008, 666660012, 666660013, 666660013, 666660013, 666660014, 666660015, 666660015, 666660017, 666660017, 666660017, 666660019, 666660019, 666660020, 666660020, 666660026, 666660026, 666660026, 666660027, 666660027, 666660027, 666660028, 666660030, 666660032, 666660034, 666660054, 666660055, 666660056, 666660057, 666660058, 666660059, 666660060, 666660061, 666660062, 666660063, 666660064, 666660065, 666660066, 666660067, 666660068, 666660069, 666660071, 666660071, 666660071, 666660071, 666660073, 666660074, 666660075, 666660076, 666660077, 666660078, 666660079, 666660083, 666660096, 666660097, 666660098, 666660099, 666660100, 666660101, 666660102, 666660103, 666660104, 666660105, 666660106, 666660107, 666660108, 666660109, 666660110, 666660110, 666660111, 666660111, 666660111, 666660111, 666660111, 666660115, 666660116, 666660116, 666660117, 666660117, 666660117, 666660118, 666660118, 666660118, 666660119, 666660119, 666660120, 666660120, 666660120, 666660121, 666660121, 666660121, 666660128, 666660128, 666660134, 666660134, 666660134, 666660135, 666660135, 666660135, 666660135, 666660137, 666660137, 666660141, 666660141, 666660141, 666660143, 666660143, 666660143, 666660146, 666660154, 666660154, 666660154, 666660154, 666660155, 666660155, 666660155, 666660156, 666660157, 666660159, 666660160, 666660163, 666660164, 666660165, 666660166, 666660166, 666660167, 666660168, 666660168, 666660169, 666660169, 666660170, 666660171, 666660171, 666660172, 666660173, 666660174, 666660189, 666660190, 666660191, 666660194, 666660198, 666660198, 666660198, 666660198, 666660199, 666660199, 666660200, 666660200, 666660200, 666660200, 666660201, 666660202, 666660203, 666660204, 666660205, 666660206, 666660207, 666660208, 666660209, 666660214, 666660214, 666660215, 666660216, 666660216, 666660217, 666660218, 666660219, 666660220, 666660221, 666660222, 666660229, 666660234, 666660236, 666660237, 666660239, 666660242, 666660253, 666660255, 666660257, 666660259, 666660263, 666660264, 666660266, 666660267]
06-11 10:45:53.586  6716  8366 I CardConfig.CardConfigLogger: dbLocalAppConfigTypes(99): [0, 1, 1, 2, 4, 4, 5, 7, 16, 23, 23, 28, 32, 32, 33, 38, 38, 41, 47, 53, 54, 55, 56, 60, 69, 75, 77, 82, 83, 92, 95, 96, 97, 98, 99, 100, 103, 104, 188, 192, 206, 207, 208, 209, 200200, 200334, 200335, 200336, 200767, 201143, 201312, 201565, 10000013, 222220008, 222220015, 222220017, 222220030, 222220031, 222220034, 222220035, 222220041, 222220043, 222220044, 222220045, 222220046, 222220048, 222220050, 222220059, 222220070, 222220072, 222220073, 222220076, 222220077, 222220080, 222220081, 222220082, 222220083, 222220084, 222220085, 222220086, 222220087, 222220090, 222220090, 222220091, 222220096, 222220101, 222220111, 777770011, 777770012, 777770014, 777770015, 777770016, 777770018, 777770020, 777770021, 777770027, 777770028, 777770031, 777770036]
06-11 10:45:53.586  6716  8366 I CardConfig.CardConfigLogger: dbLocalRpkConfigTypes(44): [82, 82, 83, 83, 100281, 100773, 100774, 100775, 100787, 100787, 100788, 100788, 100795, 100800, 100801, 200057, 200059, 200062, 200084, 200085, 200086, 200087, 200088, 200089, 200090, 200091, 201036, 201669, 201941, 201942, 201943, 10000555, 10000556, 10000557, 222220200, 222220201, 222220202, 222220203, 222220205, 222220220, 222220221, 222220222, 222220223, 222220224]
06-11 10:45:53.586  6716  8366 I CardConfig.CardConfigLogger: dbSeedingLocalIds(235): [SeedlingLocalId(serviceId=268451840, size=7), SeedlingLocalId(serviceId=268451840, size=8), SeedlingLocalId(serviceId=268451840, size=9), SeedlingLocalId(serviceId=268451841, size=1), SeedlingLocalId(serviceId=268451841, size=2), SeedlingLocalId(serviceId=268451841, size=5), SeedlingLocalId(serviceId=268451841, size=7), SeedlingLocalId(serviceId=268451842, size=7), SeedlingLocalId(serviceId=268451842, size=8), SeedlingLocalId(serviceId=268451842, size=9), SeedlingLocalId(serviceId=268451843, size=7), SeedlingLocalId(serviceId=268451843, size=9), SeedlingLocalId(serviceId=268451844, size=7), SeedlingLocalId(serviceId=268451844, size=8), SeedlingLocalId(serviceId=268451844, size=9), SeedlingLocalId(serviceId=268451845, size=7), SeedlingLocalId(serviceId=268451845, size=8), SeedlingLocalId(serviceId=268451845, size=9), SeedlingLocalId(serviceId=268451848, size=7), SeedlingLocalId(serviceId=268451848, size=8), SeedlingLocalId(serviceId=268451848, size=9), SeedlingLocalId(serviceId=268451849, size=7), SeedlingLocalId(serviceId=268451849, size=9), SeedlingLocalId(serviceId=268451854, size=7), SeedlingLocalId(serviceId=268451854, size=8), SeedlingLocalId(serviceId=268451854, size=9), SeedlingLocalId(serviceId=268451859, size=7), SeedlingLocalId(serviceId=268451859, size=8), SeedlingLocalId(serviceId=268451859, size=9), SeedlingLocalId(serviceId=268451860, size=7), SeedlingLocalId(serviceId=268451860, size=9), SeedlingLocalId(serviceId=268451901, size=7), SeedlingLocalId(serviceId=268451901, size=9), SeedlingLocalId(serviceId=268451902, size=7), SeedlingLocalId(serviceId=268451902, size=8), SeedlingLocalId(serviceId=268451902, size=9), SeedlingLocalId(serviceId=268451904, size=7), SeedlingLocalId(serviceId=268451904, size=8), SeedlingLocalId(serviceId=268451904, size=9), SeedlingLocalId(serviceId=268451905, size=7), SeedlingLocalId(serviceId=268451905, size=8), SeedlingLocalId(serviceId=268451905, size=9), SeedlingLocalId(serviceId=268451906, size=7), SeedlingLocalId(serviceId=268451906, size=8), SeedlingLocalId(serviceId=268451906, size=9), SeedlingLocalId(serviceId=268451907, size=7), SeedlingLocalId(serviceId=268451907, size=9), SeedlingLocalId(serviceId=268451908, size=7), SeedlingLocalId(serviceId=268451908, size=8), SeedlingLocalId(serviceId=268451908, size=9), SeedlingLocalId(serviceId=268451909, size=7), SeedlingLocalId(serviceId=268451909, size=9), SeedlingLocalId(serviceId=268451913, size=7), SeedlingLocalId(serviceId=268451913, size=8), SeedlingLocalId(serviceId=268451913, size=9), SeedlingLocalId(serviceId=268451914, size=7), SeedlingLocalId(serviceId=268451914, size=8), SeedlingLocalId(serviceId=268451914, size=9), SeedlingLocalId(serviceId=268451915, size=7), SeedlingLocalId(serviceId=268451915, size=8), SeedlingLocalId(serviceId=268451915, size=9), SeedlingLocalId(serviceId=268451916, size=7), SeedlingLocalId(serviceId=268451916, size=9), SeedlingLocalId(serviceId=268451917, size=7), SeedlingLocalId(serviceId=268451917, size=8), SeedlingLocalId(serviceId=268451917, size=9), SeedlingLocalId(serviceId=268451918, size=7), SeedlingLocalId(serviceId=268451919, size=7), SeedlingLocalId(serviceId=268451919, size=9), SeedlingLocalId(serviceId=268451921, size=7), SeedlingLocalId(serviceId=268451921, size=9), SeedlingLocalId(serviceId=268451922, size=7), SeedlingLocalId(serviceId=268451922, size=8), SeedlingLocalId(serviceId=268451922, size=9), SeedlingLocalId(serviceId=268451923, size=7), SeedlingLocalId(serviceId=268451923, size=9), SeedlingLocalId(serviceId=268451924, size=7), SeedlingLocalId(serviceId=268451925, size=7), SeedlingLocalId(serviceId=268451925, size=8), SeedlingLocalId(serviceId=268451925, size=9), SeedlingLocalId(serviceId=268451926, size=7), SeedlingLocalId(serviceId=268451926, size=9), SeedlingLocalId(serviceId=268451927, size=7), SeedlingLocalId(serviceId=268451928, size=7), SeedlingLocalId(serviceId=268451928, size=8), SeedlingLocalId(serviceId=268451928, size=9), SeedlingLocalId(ser
06-11 10:45:53.586  6716  8366 I CardConfig.CardConfigLogger: viceId=268451929, size=7), SeedlingLocalId(serviceId=268451929, size=8), SeedlingLocalId(serviceId=268451929, size=9), SeedlingLocalId(serviceId=268451930, size=7), SeedlingLocalId(serviceId=268451930, size=8), SeedlingLocalId(serviceId=268451930, size=9), SeedlingLocalId(serviceId=268451931, size=7), SeedlingLocalId(serviceId=268451931, size=8), SeedlingLocalId(serviceId=268451931, size=9), SeedlingLocalId(serviceId=268451933, size=7), SeedlingLocalId(serviceId=268451933, size=8), SeedlingLocalId(serviceId=268451933, size=9), SeedlingLocalId(serviceId=268451934, size=7), SeedlingLocalId(serviceId=268451934, size=8), SeedlingLocalId(serviceId=268451934, size=9), SeedlingLocalId(serviceId=268451936, size=7), SeedlingLocalId(serviceId=268451936, size=9), SeedlingLocalId(serviceId=268451937, size=7), SeedlingLocalId(serviceId=268451937, size=8), SeedlingLocalId(serviceId=268451937, size=9), SeedlingLocalId(serviceId=268451938, size=7), SeedlingLocalId(serviceId=268451938, size=8), SeedlingLocalId(serviceId=268451938, size=9), SeedlingLocalId(serviceId=268452000, size=7), SeedlingLocalId(serviceId=268452001, size=7), SeedlingLocalId(serviceId=268452001, size=8), SeedlingLocalId(serviceId=268452001, size=9), SeedlingLocalId(serviceId=268452002, size=7), SeedlingLocalId(serviceId=268452002, size=8), SeedlingLocalId(serviceId=268452002, size=9), SeedlingLocalId(serviceId=268452006, size=7), SeedlingLocalId(serviceId=268452006, size=8), SeedlingLocalId(serviceId=268452006, size=9), SeedlingLocalId(serviceId=268452007, size=7), SeedlingLocalId(serviceId=268452007, size=8), SeedlingLocalId(serviceId=268452007, size=9), SeedlingLocalId(serviceId=268452008, size=7), SeedlingLocalId(serviceId=268452008, size=8), SeedlingLocalId(serviceId=268452008, size=9), SeedlingLocalId(serviceId=268452009, size=7), SeedlingLocalId(serviceId=268452009, size=8), SeedlingLocalId(serviceId=268452009, size=9), SeedlingLocalId(serviceId=268452010, size=7), SeedlingLocalId(serviceId=268452010, size=8), SeedlingLocalId(serviceId=268452010, size=9), SeedlingLocalId(serviceId=268452012, size=7), SeedlingLocalId(serviceId=268452012, size=8), SeedlingLocalId(serviceId=268452012, size=9), SeedlingLocalId(serviceId=268452013, size=7), SeedlingLocalId(serviceId=268452013, size=8), SeedlingLocalId(serviceId=268452013, size=9), SeedlingLocalId(serviceId=268452014, size=7), SeedlingLocalId(serviceId=268452014, size=8), SeedlingLocalId(serviceId=268452014, size=9), SeedlingLocalId(serviceId=268452019, size=2), SeedlingLocalId(serviceId=268452019, size=7), SeedlingLocalId(serviceId=268452019, size=8), SeedlingLocalId(serviceId=268452019, size=9), SeedlingLocalId(serviceId=268452023, size=7), SeedlingLocalId(serviceId=268452023, size=8), SeedlingLocalId(serviceId=268452023, size=9), SeedlingLocalId(serviceId=268452024, size=7), SeedlingLocalId(serviceId=268452024, size=8), SeedlingLocalId(serviceId=268452024, size=9), SeedlingLocalId(serviceId=268452027, size=7), SeedlingLocalId(serviceId=268452027, size=8), SeedlingLocalId(serviceId=268452027, size=9), SeedlingLocalId(serviceId=268452028, size=7), SeedlingLocalId(serviceId=268452028, size=8), SeedlingLocalId(serviceId=268452028, size=9), SeedlingLocalId(serviceId=268452032, size=7), SeedlingLocalId(serviceId=268452032, size=8), SeedlingLocalId(serviceId=268452032, size=9), SeedlingLocalId(serviceId=268452047, size=7), SeedlingLocalId(serviceId=268452047, size=8), SeedlingLocalId(serviceId=268452047, size=9), SeedlingLocalId(serviceId=268452048, size=7), SeedlingLocalId(serviceId=268452048, size=8), SeedlingLocalId(serviceId=268452048, size=9), SeedlingLocalId(serviceId=268454145, size=6), SeedlingLocalId(serviceId=268454146, size=6), SeedlingLocalId(serviceId=268454147, size=6), SeedlingLocalId(serviceId=268454148, size=6), SeedlingLocalId(serviceId=268454149, size=6), SeedlingLocalId(serviceId=268454151, size=6), SeedlingLocalId(serviceId=268454152, size=6), SeedlingLocalId(serviceId=536871060, size=1), SeedlingLocalId(s
06-11 10:45:53.586  6716  8366 I CardConfig.CardConfigLogger: erviceId=536871060, size=5), SeedlingLocalId(serviceId=536874236, size=7), SeedlingLocalId(serviceId=536874236, size=9), SeedlingLocalId(serviceId=536874237, size=7), SeedlingLocalId(serviceId=536874237, size=9), SeedlingLocalId(serviceId=536874238, size=7), SeedlingLocalId(serviceId=536874238, size=9), SeedlingLocalId(serviceId=536874734, size=7), SeedlingLocalId(serviceId=536874734, size=9), SeedlingLocalId(serviceId=536874766, size=7), SeedlingLocalId(serviceId=536874766, size=9), SeedlingLocalId(serviceId=536874945, size=7), SeedlingLocalId(serviceId=536874945, size=9), SeedlingLocalId(serviceId=536875277, size=1), SeedlingLocalId(serviceId=536875277, size=5), SeedlingLocalId(serviceId=536875395, size=1), SeedlingLocalId(serviceId=536875808, size=7), SeedlingLocalId(serviceId=536875808, size=8), SeedlingLocalId(serviceId=536875808, size=9), SeedlingLocalId(serviceId=536877205, size=1), SeedlingLocalId(serviceId=536877205, size=2), SeedlingLocalId(serviceId=536877268, size=1), SeedlingLocalId(serviceId=536877566, size=1), SeedlingLocalId(serviceId=536878255, size=1), SeedlingLocalId(serviceId=536878265, size=7), SeedlingLocalId(serviceId=536878265, size=8), SeedlingLocalId(serviceId=536878265, size=9), SeedlingLocalId(serviceId=536878349, size=2), SeedlingLocalId(serviceId=536878517, size=7), SeedlingLocalId(serviceId=536878517, size=8), SeedlingLocalId(serviceId=536878517, size=9), SeedlingLocalId(serviceId=536878530, size=7), SeedlingLocalId(serviceId=536878530, size=8), SeedlingLocalId(serviceId=536878530, size=9), SeedlingLocalId(serviceId=536878737, size=7), SeedlingLocalId(serviceId=536878737, size=8), SeedlingLocalId(serviceId=536878737, size=9), SeedlingLocalId(serviceId=536878801, size=7), SeedlingLocalId(serviceId=536878801, size=8), SeedlingLocalId(serviceId=536878801, size=9), SeedlingLocalId(serviceId=536878933, size=7), SeedlingLocalId(serviceId=536878933, size=8), SeedlingLocalId(serviceId=536878933, size=9), SeedlingLocalId(serviceId=536878942, size=7), SeedlingLocalId(serviceId=536878942, size=8), SeedlingLocalId(serviceId=536878942, size=9), SeedlingLocalId(serviceId=536878968, size=7), SeedlingLocalId(serviceId=536878968, size=8), SeedlingLocalId(serviceId=536878968, size=9), SeedlingLocalId(serviceId=536879129, size=7), SeedlingLocalId(serviceId=536879129, size=8), SeedlingLocalId(serviceId=536879129, size=9), SeedlingLocalId(serviceId=536879148, size=7), SeedlingLocalId(serviceId=536879148, size=9), SeedlingLocalId(serviceId=536879151, size=7), SeedlingLocalId(serviceId=536879151, size=9), SeedlingLocalId(serviceId=536879177, size=7), SeedlingLocalId(serviceId=536879177, size=8), SeedlingLocalId(serviceId=536879177, size=9), SeedlingLocalId(serviceId=536879178, size=7), SeedlingLocalId(serviceId=536879178, size=8), SeedlingLocalId(serviceId=536879178, size=9)]
06-11 10:45:53.586  6716  8366 I CardConfig.CardConfigLogger: source(0)---cardConfigExtraMap(21) [(2, 15), (222220088, 4), (222220089, 4), (74, 4), (777770027, 4), (222220078, 4), (222220079, 4), (210, 4), (222220076, 4), (222220077, 4), (222220074, 4), (222220075, 4), (151, 4), (152, 4), (89, 4), (153, 4), (200313, 4), (90, 4), (222220101, 15), (222220034, 15), (222220035, 15)]
06-11 10:45:53.586  6716  8366 I CardConfig.CardConfigLogger: source(1)---cardConfigExtraMap(29) [(100801, 15), (10001236, 15), (10001237, 15), (10001416, 15), (10001417, 15), (10001290, 15), (10001291, 15), (10000460, 15), (10001292, 15), (10000461, 15), (10000462, 15), (10000130, 15), (10000580, 15), (10000581, 15), (10001414, 15), (10001415, 15), (100773, 15), (100772, 15), (100775, 15), (100774, 15), (10001450, 15), (10001451, 15), (10001388, 15), (10000492, 15), (10001389, 15), (10001454, 15), (10001455, 15), (10000482, 15), (10000483, 15)]
06-11 10:45:53.586  6716  8366 I CardConfig.CardConfigLogger: source(3)---cardConfigExtraMap(7) [(10001433, 15), (10001563, 15), (10001564, 15), (10001565, 15), (10001566, 15), (10001567, 15), (10001568, 15)]
06-11 10:45:53.586  6716  8366 I CardConfig.CardConfigLogger: source(4)---cardConfigExtraMap(26) [(10000856, 15), (10001241, 15), (10000858, 15), (10001243, 15), (10001245, 15), (10001181, 18), (10001183, 18), (10000854, 15), (666660076, 4), (666660077, 4), (10001419, 18), (666660073, 4), (10001421, 18), (666660074, 4), (666660075, 4), (10001423, 18), (201770, 15), (201768, 15), (201774, 15), (201772, 15), (201776, 15), (666660168, 15), (666660169, 18), (666660170, 18), (666660171, 18), (666660166, 15)]
06-11 10:45:53.591  6716  8365 I CardConfig.CardConfigLogger: dbSwitchingMapping(28): [(source=100, target=[100015:10000613]), (source=188, target=[100011:100701]), (source=200767, target=[100022:10000773]), (source=200980, target=[100020:10000767]), (source=200982, target=[100021:10000768]), (source=201013, target=[100043:10001450]), (source=201015, target=[100044:10001451]), (source=201143, target=[100027:10000620]), (source=201365, target=[100032:10000965]), (source=201367, target=[100033:10000966]), (source=201369, target=[100034:10000967]), (source=201434, target=[100045:10001290]), (source=201436, target=[100039:10001032]), (source=201438, target=[100040:10001033]), (source=222220015, target=[100024:10000475]), (source=222220030, target=[100013:201967]), (source=222220031, target=[100014:201968]), (source=222220101, target=[100042:10001389]), (source=32, target=[100037:10001133]), (source=38, target=[100031:10000462]), (source=4, target=[100038:10001031]), (source=5, target=[100007:100370]), (source=53, target=[100030:10000461]), (source=54, target=[100029:10000580]), (source=55, target=[100028:10000581]), (source=7, target=[100012:100789]), (source=75, target=[100023:10000774]), (source=77, target=[100016:10000611])]
06-11 10:45:53.592  6716  8365 I CardConfig.CardConfigLogger: dataVersion: 1781114250837, localData: 5689287f213fa429cb553d388acc591b_9aef14f7a1b291066be165c23165e4f7, traceId: f8cd5e8b2fad1347cd5508a50b2718b0, cloudCount: 1288, cardStatus: 1
06-11 10:45:53.592  6716  8365 I CardConfig.LoginManagerHelper: getUserAgeLevel, classify:ADULT
06-11 10:45:53.592  6716  8365 I CardConfig.CardConfigLogger: ageLevel: ADULT, region: CN, locale: zh_CN
06-11 10:45:53.592  6716  8365 I CardConfig.CardConfigLogger: instantVersion: 1215, isInstantSupported: true, isShelfSupportQuickApp: true, cardPlatformVersion: 25
06-11 10:45:53.654  1667 15952 I sensors-hal: handle_oplus_wise_rgb_event:230, wise_rgb:algo_type = 3
06-11 10:45:53.654  1667 15988 I sensors-hal: handle_oplus_wise_rgb_event:301, oplus wise_rgb sample: (7422)(cct, lux, ir_ratio, r, g, b, c)[6338, 493, 37, 40206, 35254, 19707, 88511]
06-11 10:45:53.654  1667 15952 I sensors-hal: handle_oplus_wise_rgb_event:285, wise_rgb: raw_lux 493.478210, raw_cct 6338.261719, r/g/b/c: 40206.453125/35254.164062/19707.056641/88511.093750, R/G/B: 0.000000/0.000000/0.000000, brl 1529.000000, lux: 493.478210, cct: 6338.261719, ts 243350970975739, cnt 7422
06-11 10:45:53.675  4472  4970 W ModemAci: [AppInfo] failed to update app info due to empty map!
06-11 10:45:53.692  3189  3759 D ActivityManager: freezing 27947 com.oplus.games
06-11 10:45:53.699  3189  3759 D ActivityManager: Freeze process 27947, not check file locks
06-11 10:45:53.699  3189  3759 D ActivityManager: reportOneUidFrozenStateChanged uid 10288 frozen = true
06-11 10:45:53.702  3189  3848 D InetDiagMessage: Destroyed 0 sockets, proto=IPPROTO_TCP, family=AF_INET, states=14
06-11 10:45:53.704  3189  3848 D InetDiagMessage: Destroyed 0 sockets, proto=IPPROTO_TCP, family=AF_INET6, states=14
06-11 10:45:53.704  3189  3848 D InetDiagMessage: Destroyed live tcp sockets for uids={10288} in 5ms
06-11 10:45:53.717  3189  3610 D osense.compress: com.coloros.shortcuts do shrink, target ratio = 81, final ratio = 90, cur ratio = 72
06-11 10:45:53.729  3189  5976 D KEYLOG_KeyCombinationManager: down true downTime 201447451 action 0 count 0 isDefaultDisplayInteractive true eventTime 201447451 mDownTimes: {}
06-11 10:45:53.729  3189  5976 D KEYLOG_PhoneWindowManagerExtImpl: overrideInterceptKeyBeforeQueueing:KeyEvent { action=ACTION_DOWN, keyCode=KEYCODE_VOLUME_UP, scanCode=0, metaState=0, flags=0x0, repeatCount=0, eventTime=201447451000000, downTime=201447451000000, deviceId=-1, source=0x0, displayId=-1 },  keyguardOn = false,  screenOn = true,  policyFlags = 721420288,  SosPowerKeyEnabled = true,  WalletSwitchState = 1,  IsQuickLaunchSupport = true,  IsDoubleCheckAppSupport = false,  isQuickAppOn=false,  canceled = false
06-11 10:45:53.729  3189  5976 D KEYLOG_OplusKeyCombinationManager: down true keyCode 24 count 0 interactive true eventTime 201447451 mDownTimes: {}
06-11 10:45:53.730 19629 19629 D WM-DelayedWorkTracker: Scheduling work 3749fc7a-29cd-4b31-b679-0bd8a73653e3
06-11 10:45:53.730  3189  5976 I OplusJoystickManager: read game pad state for game manager -> false
06-11 10:45:53.730  3189  5976 W OplusJoystickManager: mInterceptGamepadKey is false
06-11 10:45:53.730 19629 19629 D WM-GreedyScheduler: Starting tracking for 3749fc7a-29cd-4b31-b679-0bd8a73653e3
06-11 10:45:53.730  3189  5976 D OplusCustomizeRestrictionManagerService: isLongPressVolumeUpDisabled start
06-11 10:45:53.730  3189  5976 I STKeyLog_StrategyDisableBottomKey: onBeforeQueueing : mIsUpGestureMode=false,mDisableBottomKeyMode0
06-11 10:45:53.730  3189  5976 D STKeyLog_StrategyBlackscreenshot: notifyKeyBeforeQueueing, downTime201447451, action=0, interactive=true
06-11 10:45:53.730 19629 19728 D WM-ConstraintTracker: c: initial state = true
06-11 10:45:53.730 19629 19728 D WM-BrdcstRcvrCnstrntTrc: c: registering receiver
06-11 10:45:53.731  3189  5976 D KEYLOG_PhoneWindowManager: interceptKeyBeforeQueueing downTime=201447451 action = 0 interactive=true keyguardActive=false policyFlags=2b000000 isInjected=true isWakeKey=false isKeyGestureTriggered=false
06-11 10:45:53.731  3189  5976 I VibratorManagerServiceExtImpl: cancelVibrate uid=1000, pid=3189, usageFilter=-15, token=193946947
06-11 10:45:53.731  4329 24913 D RingtonePlayer: stopAsync()
06-11 10:45:53.731  4329 24913 D RingtonePlayer: stop
06-11 10:45:53.731  3189  5976 D AS.AudioService: uid 1000, callingApp = android.uid.system:1000
06-11 10:45:53.732 19629 19728 D WM-GreedyScheduler: Constraints met: Scheduling work ID WorkGenerationalId(workSpecId=3749fc7a-29cd-4b31-b679-0bd8a73653e3, generation=0)
06-11 10:45:53.733  3189  3332 D PowerManagerService: userActivityNoUpdateLocked: groupId=0, eventTime=201447451, event=button, flags=0x0, uid=1000
06-11 10:45:53.733 19629 19728 D WM-Processor: s: processing WorkGenerationalId(workSpecId=3749fc7a-29cd-4b31-b679-0bd8a73653e3, generation=0)
06-11 10:45:53.735 19629 19629 D WM-WorkerWrapper: Starting work for com.oplus.oss.bussiness.unifiedserviceinvocation.work.UnifiedServiceInvocationOneTimeWorker
06-11 10:45:53.735 19629 26839 I DMP-AppInitializer: isAppAvailable for work, caller: null
06-11 10:45:53.735 19629 26839 I DMP-OFreezeProtectWorker: takeProtectionFromFrozen, no need to protect
06-11 10:45:53.735 19629 26839 I DMP-AbstractWorker: parseData, resource: standard_data#unified_service_invocation, method1:onReceive, work: onReceiveWork, extras: Bundle[{action=android.intent.action.PACKAGE_REPLACED, package=com.earthengine.minimalglobe}], initIndexCount:5000
06-11 10:45:53.735 19629 26839 I DMP-AbstractWorker: doWork started, resource: standard_data#unified_service_invocation, method3:onReceive, work:Work{mWorkName=onReceiveWork, mWorkTerm=long, mReportId=false, mCreate=Create{mIndexStatus=null, mQueryTime=0, mInterval=0, mDeletedDocs=null, mNeedRebuildFlag=0, mIndexCheckFlag=false, mDrop=null, mHighTemperature=50, mMinPower=null, mScreen=null, mDeletedConditions=null}, mEntry=null, mMoreBatch=null, mChained=true, mInitialDelay=10, mWorkOneTimeLimit=0}
06-11 10:45:53.736 19629 26839 I DMP-PowerUtils: getHoraeTemperature:37
06-11 10:45:53.736 19629 26839 I DMP-AbstractWorker: dispatchWork: onReceiveWork for [standard_data#unified_service_invocation]
06-11 10:45:53.736 19629 26839 I DMP-SAUWorkConfigManager: sau work config not found
06-11 10:45:53.736 19629 26839 I DMP-PowerUtils: getHoraeTemperature:37
06-11 10:45:53.736 19629 26839 I DMP-PowerUtils: battery status: BATTERY_STATUS_FULL(5)
06-11 10:45:53.737 19629 26839 I DMP-AbstractDataCollector: getQuotaRecord ignored
06-11 10:45:53.737 19629 26839 W DMP-UnifiedServiceInvocationDataCollector: collectOnDiff no data:com.oplus.oss.bussiness.general.datacollector.b@7908e7e
06-11 10:45:53.737 19629 26839 I DMP-AbstractWorker: size of addDataRecords: 0
06-11 10:45:53.737 19629 26839 I DMP-AbstractWorker: size of updateDataRecords: 0
06-11 10:45:53.737 19629 26839 I DMP-AbstractWorker: setIndexFailCount method:onReceive, count:0, all:initResource=0,onReceive=0,dailyTask=0
06-11 10:45:53.739 19629 26839 I DMP-AbstractWorker: doWork finished, resource: standard_data#unified_service_invocation, method5:onReceive, work:Work{mWorkName=onReceiveWork, mWorkTerm=long, mReportId=false, mCreate=Create{mIndexStatus=null, mQueryTime=0, mInterval=0, mDeletedDocs=null, mNeedRebuildFlag=0, mIndexCheckFlag=false, mDrop=null, mHighTemperature=50, mMinPower=null, mScreen=null, mDeletedConditions=null}, mEntry=null, mMoreBatch=null, mChained=true, mInitialDelay=10, mWorkOneTimeLimit=0}
06-11 10:45:53.739 19629 26839 I DMP-IndexEventManager: addEvent:InternalIndexEvent{mEvent=null, mEventTime=null, mEventData=null, mEventDropReason=null, mResource=null, mWork=null, mWorkId=3749fc7a-29cd-4b31-b679-0bd8a73653e3, mWorkTime=1781145953, mCursorSize=null, mResult=0}
06-11 10:45:53.739 19629 26839 I DMP-IndexEventManager: addInternalEvent:result=0 workId=3749fc7a-29cd-4b31-b679-0bd8a73653e3 workTime=1781145953
06-11 10:45:53.740 19629 26839 I DMP-IndexEventManager: addInternalEvent update:0
06-11 10:45:53.740 19629 26839 I DMP-IndexEventManager: addInternalEvent insert:6547
06-11 10:45:53.740 19629 26839 I DMP-FrozenHelper: deleteKeepRequest, no more quest
06-11 10:45:53.744 19629 19728 I WM-WorkerWrapper: Worker result SUCCESS for Work [ id=3749fc7a-29cd-4b31-b679-0bd8a73653e3, tags={ com.oplus.oss.bussiness.unifiedserviceinvocation.work.UnifiedServiceInvocationOneTimeWorker,standard_data#unified_service_invocation_onReceive__OneTimeWork,onReceiveWork } ]
06-11 10:45:53.745 19629 19728 I WM-WorkerWrapper: Setting status to enqueued for adfb1111-e1af-4fe4-9951-79afd331e3b5
06-11 10:45:53.745 19629 19629 D WM-Processor: s 3749fc7a-29cd-4b31-b679-0bd8a73653e3 executed; reschedule = false
06-11 10:45:53.745 19629 19629 D WM-GreedyScheduler: Stopping tracking for WorkGenerationalId(workSpecId=3749fc7a-29cd-4b31-b679-0bd8a73653e3, generation=0)
06-11 10:45:53.747 19629 19728 D WM-GreedyScheduler: Cancelling work ID 3749fc7a-29cd-4b31-b679-0bd8a73653e3
06-11 10:45:53.748 19629 19728 D WM-SystemJobScheduler: Scheduling work ID adfb1111-e1af-4fe4-9951-79afd331e3b5Job ID 4810
06-11 10:45:53.749 19629 19728 D WM-BrdcstRcvrCnstrntTrc: c: unregistering receiver
06-11 10:45:53.854  1667 15952 I sensors-hal: handle_oplus_wise_rgb_event:230, wise_rgb:algo_type = 3
06-11 10:45:53.854  1667 15952 I sensors-hal: handle_oplus_wise_rgb_event:285, wise_rgb: raw_lux 484.220947, raw_cct 6326.882812, r/g/b/c: 40133.257812/35274.417969/19863.677734/88261.726562, R/G/B: 0.000000/0.000000/0.000000, brl 1529.000000, lux: 484.220947, cct: 6326.882812, ts 243351170686416, cnt 7423
06-11 10:45:53.879  3189  3806 E OplusInputDeviceUtil: api level < 36 or inputDevice is null, return false
06-11 10:45:53.879  3189  3806 D KEYLOG_KeyGestureControllerExtlmpl: interceptOldShortcuts, mIsShortCutMenuShow = false mPendingMetaActionForOld = false mLongPressHandled = false
06-11 10:45:53.880  3189  3806 D STKeyLog_StrategyPadKeyBoardShortcut: excuteShortCut, interactive = true
06-11 10:45:53.880  3189  3806 D OplusCustomizeRestrictionManagerService: isLongPressVolumeUpDisabled start
06-11 10:45:53.882  3189  3332 D PowerManagerService: userActivityNoUpdateLocked: groupId=0, eventTime=201447451, event=button, flags=0x0, uid=1000
06-11 10:45:53.883  9206  9206 I GlobalHandwriting: onUpdateEditorToolType = 0
06-11 10:45:53.883  6058  6058 I MinimalGlobe: Debug zoom scale=1.18 | tiles vis=43 cached=59 renderSurface=27 exact=27 parent=0 missing=0 unsupported=16 kicked=0 retained=0 z=2-15 targetZ=2-15 texZ=2-15 lod=512 eq=0 qRender=43 qWalk=70 qBal=0 qFrustum=87 qHz=0 qEq2=0 grp=27/0/16 ellAlt=1528.73 sphAlt=-3661.07 radius=6374475.93 FPS=59.2 draw=29
06-11 10:45:53.884  3189  5976 D KEYLOG_KeyCombinationManager: down false downTime 201447451 action 1 count 1 isDefaultDisplayInteractive true eventTime 201447606 mDownTimes: {24=201447451}
06-11 10:45:53.884  3189  5976 D KEYLOG_PhoneWindowManagerExtImpl: overrideInterceptKeyBeforeQueueing:KeyEvent { action=ACTION_UP, keyCode=KEYCODE_VOLUME_UP, scanCode=0, metaState=0, flags=0x0, repeatCount=0, eventTime=201447606000000, downTime=201447451000000, deviceId=-1, source=0x0, displayId=-1 },  keyguardOn = false,  screenOn = true,  policyFlags = 721420288,  SosPowerKeyEnabled = true,  WalletSwitchState = 1,  IsQuickLaunchSupport = true,  IsDoubleCheckAppSupport = false,  isQuickAppOn=false,  canceled = false
06-11 10:45:53.884  3189  5976 D KEYLOG_OplusKeyCombinationManager: down false keyCode 24 count 0 interactive true eventTime 201447606 mDownTimes: {24=201447451}
06-11 10:45:53.885  3189  5976 I OplusJoystickManager: read game pad state for game manager -> false
06-11 10:45:53.885  3189  5976 W OplusJoystickManager: mInterceptGamepadKey is false
06-11 10:45:53.885  3189  5976 D OplusCustomizeRestrictionManagerService: isLongPressVolumeUpDisabled start
06-11 10:45:53.886  3189  5976 I STKeyLog_StrategyDisableBottomKey: onBeforeQueueing : mIsUpGestureMode=false,mDisableBottomKeyMode0
06-11 10:45:53.886  3189  5976 D STKeyLog_StrategyBlackscreenshot: notifyKeyBeforeQueueing, downTime201447451, action=1, interactive=true
06-11 10:45:53.886  3189  5976 D KEYLOG_PhoneWindowManager: interceptKeyBeforeQueueing downTime=201447451 action = 1 interactive=true keyguardActive=false policyFlags=2b000000 isInjected=true isWakeKey=false isKeyGestureTriggered=false
06-11 10:45:53.886  3189  3806 E OplusInputDeviceUtil: api level < 36 or inputDevice is null, return false
06-11 10:45:53.887  3189  3332 D PowerManagerService: userActivityNoUpdateLocked: groupId=0, eventTime=201447606, event=button, flags=0x0, uid=1000
06-11 10:45:53.887  3189  3806 D STKeyLog_StrategyPadKeyBoardShortcut: excuteShortCut, interactive = true
06-11 10:45:53.887  3189  3806 D OplusCustomizeRestrictionManagerService: isLongPressVolumeUpDisabled start
06-11 10:45:53.888  6550  6590 I JPEG_JNI: EnterExeTask  controller.background_task_controller process {"client":"infer"}
06-11 10:45:53.888  3189  3332 D PowerManagerService: userActivityNoUpdateLocked: groupId=0, eventTime=201447606, event=button, flags=0x0, uid=1000
06-11 10:45:53.891  6550  6590 I JPEG_JNI: LeaveExeTask  module controller.background_task_controller 
06-11 10:45:53.891  6550  6590 I JPEG_JNI:  func process  
06-11 10:45:53.891  6550  6590 I JPEG_JNI:  input {"client":"infer"} 
06-11 10:45:53.891  6550  6590 I JPEG_JNI:  ret {}
06-11 10:45:53.898  3189  4147 D MediaSessionService: dispatchVolumeKeyEvent, pkg=com.earthengine.minimalglobe, opPkg=com.earthengine.minimalglobe, pid=6058, uid=10602, asSystem=true, event=KeyEvent { action=ACTION_UP, keyCode=KEYCODE_VOLUME_UP, scanCode=0, metaState=0, flags=0x0, repeatCount=0, eventTime=201447606000000, downTime=201447451000000, deviceId=-1, source=0x0, displayId=-1 }, stream=-2147483648, musicOnly=false
06-11 10:45:53.898  3189  4147 D MediaSessionService: Adjusting suggestedStream=-2147483648 by 0. flags=4116, preferSuggestedStream=false, session=null, musicOnly false
06-11 10:45:53.898  3189  3189 E MediaSessionService: sPid is 3189 sTid:3189
06-11 10:45:53.905  3189  3189 D AudioServiceExtImpl: ringVolumeDefault :0
06-11 10:45:53.906  3189  3189 V AudioServiceExtImpl: oplusGetParameters() keyValuePairs:OPLUS_AUDIO_GET_ADJUSTVOLUME_FORBID, uid: 1000
06-11 10:45:53.907  3189  3189 D AS.AudioService: sendVolumeUpdate streamType=3, index=800, flags=4112
06-11 10:45:53.908  3189  3189 D VolumeController: postVolumeChanged streamType=3, flags=4112
06-11 10:45:53.909  4329  5186 I SystemUi--Volume: vol.VolumeDialogControl-->shouldShowUI wakefulness:2 ,mDeviceInteractive:true ,mShowVolumeDialog:true
06-11 10:45:53.910  4329  5186 I SystemUi--Volume: vol.VolumeDialogControl-->onVolumeChangedW stream:3,flags:4112 ,showUI:false ,fromKey:true ,showVibrateHint:false ,showSilentHint:false ,changed:false
06-11 10:45:53.910  4329  5186 I SystemUi--Volume: vol.VolumeDialogControl-->shouldShowUI wakefulness:2 ,mDeviceInteractive:true ,mShowVolumeDialog:true
06-11 10:45:53.910  4329  4329 I SystemUi--Volume: OplusVolumeDialogImpl-->onVolumeKeyStateChange isMultiMediaSettingsEnable:false,screenState:2
06-11 10:45:53.926  4639  8246 D CommonApp-194-10602: commonScoreStrategy scenarios 3 mTLD.uplink_packets + mTLD.downlink_packets > 10 avgRtt22
06-11 10:45:53.927  4639  8246 D CommonApp-194-10602: notifyScoreChange appScene COMMON score 100
06-11 10:45:53.927  4639  8246 D ScorePolicy: handleScoreChanged: []
06-11 10:45:53.927  4639  8246 D ScorePolicy: handleScoreChanged: []
06-11 10:45:53.928  4639  8246 D ScorePolicy: handleScoreChanged: []
06-11 10:45:54.007  1708  2998 I [UAH_CLIENT]: UahRelease, handle:180446
06-11 10:45:54.008  1708  6491 I [UAH_CLIENT]: UahPlatformResAcquire
06-11 10:45:54.008  1708  6491 I [UAH_CLIENT]: UahEventAcquire, cmdid:-3, pkg:1708 6491, identity:qcom-perfd
06-11 10:45:54.009  1708  1814 E ANDR-PERF-RESOURCEQS: Resource with major=16, minor=41 not supported
06-11 10:45:54.053  1667 15952 I sensors-hal: handle_oplus_wise_rgb_event:230, wise_rgb:algo_type = 3
06-11 10:45:54.053  1667 15952 I sensors-hal: get_brightness:1652, light_iface: get_brightness, brl 1529, pwm_turbo_on 0/0, hbm_dc 0
06-11 10:45:54.053  1667 15952 I sensors-hal: handle_oplus_wise_rgb_event:285, wise_rgb: raw_lux 486.950989, raw_cct 6320.136719, r/g/b/c: 40143.707031/35274.710938/19752.193359/88317.281250, R/G/B: 0.000000/0.000000/0.000000, brl 1529.000000, lux: 486.950989, cct: 6320.136719, ts 243351370382145, cnt 7424
06-11 10:45:54.165 12732 12732 W ContextImpl: Calling a method in the system process without a qualified user: android.app.ContextImpl.bindService:2135 android.content.ContextWrapper.bindService:901 com.oplus.onetrace.connection.a.f:23 com.oplus.onetrace.connection.b.c:24 T.b.j:8 
06-11 10:45:54.169 12732 12732 D COMMON_CONNECT: Connect StatsManagerService, succeed ? true
06-11 10:45:54.172 28445 28465 W OplusExSystemServiceHelper: checkOplusExSystemService intent getComponent is null
06-11 10:45:54.174 28445 28445 I PendingBootExecutor: PendingBootExecutor is initialized.
06-11 10:45:54.174 28445 28445 E AthenaManager: try 5 times to bind Killer Service is failed
06-11 10:45:54.174 28445 28445 E AthenaManager: try 5 times to bind Ems Service is failed
06-11 10:45:54.174 28445 28445 D ProfileLoader: Load profile with prefKey: onetrace_profile_key
06-11 10:45:54.177 28445 28445 D BroadcastCompat: 2)Register receiver:s0.j@d792797
06-11 10:45:54.178 28445  5847 I StatsManagerService: Set RUS pending update task.
06-11 10:45:54.178 28445 28499 D ProfileLoaderTask: Start resolve profile: sys_athena_thermal_profile from RUS with type=com.oplus.onetrace.profile.Profile
06-11 10:45:54.179 28445 28482 D ProfileLoaderTask: Start resolve profile: sys_ostats_top_app_list from RUS with type=com.oplus.onetrace.profile.TopAppProfile
06-11 10:45:54.186 28445 28445 D ProfileLoader: Load profile with prefKey: node_prop_config_key
06-11 10:45:54.188 28445 28445 I MetricStatsManagerCached: Register prop config listener.
06-11 10:45:54.188 28445 28445 D ProfileLoader: Load profile with prefKey: onetrace_profile_key
06-11 10:45:54.190 28445 28482 W ProfileLoaderTask: The content of column:xml is empty!
06-11 10:45:54.190 28445 28499 W ProfileLoaderTask: The content of column:xml is empty!
06-11 10:45:54.190 28445 28445 W SchedTaskCollector: Failed to create root dir!
06-11 10:45:54.191 28445 28445 D ProfileLoader: Load profile with prefKey: onetrace_profile_key
06-11 10:45:54.192 28445 28445 D ProfileLoader: Load profile with prefKey: onetrace_list_key
06-11 10:45:54.195  3189  5976 D TerminateObserverManager: registerTerminateObserver: com.oplus.app.IProcessTerminateObserver$Stub$Proxy@95408e8 28445
06-11 10:45:54.195  3189  5976 E OplusAthenaAm: onTerminateStateChanged pid: 28445 uid:1000 isRegister:true
06-11 10:45:54.196  3189  5976 E OplusAthenaAm: AthenaAmManagerInternal transact code hello:13,flags:0
06-11 10:45:54.196 28445 28445 I StatsManagerService: Register terminate observer, result=true
06-11 10:45:54.198 12732 12732 D MessengerHelper: onServiceConnected:com.oplus.onetrace.connection.a$b@5a0ef58
06-11 10:45:54.212  3189  4147 D ConnectivityService: requestNetwork for uid/pid:1000/28445 activeRequest: null callbackRequest: 4782 [NetworkRequest [ REQUEST id=4783, [ Capabilities: INTERNET&NOT_RESTRICTED&TRUSTED&NOT_VCN_MANAGED&NOT_BANDWIDTH_CONSTRAINED Uid: 1000 RequestorUid: 1000 RequestorPkg: com.oplus.onetrace UnderlyingNetworks: Null] ]] callback flags: 0 order: 2147483647 isUidTracked: false declaredMethods: AVAIL|LOST
06-11 10:45:54.219  3189  3841 D WifiNetworkFactory: got request NetworkRequest [ REQUEST id=4783, [ Capabilities: INTERNET&NOT_RESTRICTED&TRUSTED&NOT_VCN_MANAGED&NOT_BANDWIDTH_CONSTRAINED Uid: 1000 RequestorUid: 1000 RequestorPkg: com.oplus.onetrace UnderlyingNetworks: Null] ]
06-11 10:45:54.219  3189  3841 D UntrustedWifiNetworkFactory: got request NetworkRequest [ REQUEST id=4783, [ Capabilities: INTERNET&NOT_RESTRICTED&TRUSTED&NOT_VCN_MANAGED&NOT_BANDWIDTH_CONSTRAINED Uid: 1000 RequestorUid: 1000 RequestorPkg: com.oplus.onetrace UnderlyingNetworks: Null] ]
06-11 10:45:54.220  3189  3841 D OemPaidWifiNetworkFactory: got request NetworkRequest [ REQUEST id=4783, [ Capabilities: INTERNET&NOT_RESTRICTED&TRUSTED&NOT_VCN_MANAGED&NOT_BANDWIDTH_CONSTRAINED Uid: 1000 RequestorUid: 1000 RequestorPkg: com.oplus.onetrace UnderlyingNetworks: Null] ]
06-11 10:45:54.220 28445  5847 W CameraStatsProvider: Camera mode settings is not found!
06-11 10:45:54.220  3189  3841 D MultiInternetWifiNetworkFactory: got request NetworkRequest [ REQUEST id=4783, [ Capabilities: INTERNET&NOT_RESTRICTED&TRUSTED&NOT_VCN_MANAGED&NOT_BANDWIDTH_CONSTRAINED Uid: 1000 RequestorUid: 1000 RequestorPkg: com.oplus.onetrace UnderlyingNetworks: Null] ]
06-11 10:45:54.220  3189  3848 D ConnectivityService: NetReassign [4783 : null → 194] [c 0] [a 1] [i 6]
06-11 10:45:54.222 28445  5847 W CameraStatsProvider: Camera fps is not found!
06-11 10:45:54.222 28445  5847 D BroadcastCompat: 1)Register receiver:com.oplus.dataprovider.server.F$b@401f611
06-11 10:45:54.224 28445  5847 W FileNodeStatsProvider: Failed to access file node path=/proc/wireless/enable_tx
06-11 10:45:54.224 28445  5847 W FileNodeStatsProvider: Failed to access file node path=/sys/module/cpufreq_bouncing/parameters/trace
06-11 10:45:54.226 28445  5847 W FileNodeStatsProvider: Failed to access file node path=/sys/class/leds/lcd-backlight/brightness
06-11 10:45:54.227 28445  5847 W FileNodeStatsProvider: Failed to access file node path=/sys/class/leds/fan/speed
06-11 10:45:54.227 28445  5847 W FileNodeStatsProvider: Failed to access file node path=/sys/class/leds/fan/state
06-11 10:45:54.227 28445  5847 W FileNodeStatsProvider: Failed to access file node path=/sys/class/leds/fan/rpm
06-11 10:45:54.227 28445  5847 W FileNodeStatsProvider: Failed to access file node path=/sys/class/leds/fan/level
06-11 10:45:54.231 28445  5847 D BroadcastCompat: 2)Register receiver:com.oplus.dataprovider.server.A$a@341fa7b
06-11 10:45:54.237 28445  5847 D BroadcastCompat: 1)Register receiver:com.oplus.dataprovider.server.c2$a@2ff3df3
06-11 10:45:54.238  3189  5977 V GnssListenerMultiplexer: addListener android.location.IGnssStatusListener$Stub$Proxy@ab30b60 from 1000/com.oplus.onetrace/0E7BCFC5
06-11 10:45:54.239  3189  5976 D KEYLOG_KeyCombinationManager: down true downTime 201447961 action 0 count 0 isDefaultDisplayInteractive true eventTime 201447961 mDownTimes: {}
06-11 10:45:54.239  3189  5976 D KEYLOG_PhoneWindowManagerExtImpl: overrideInterceptKeyBeforeQueueing:KeyEvent { action=ACTION_DOWN, keyCode=KEYCODE_VOLUME_UP, scanCode=0, metaState=0, flags=0x0, repeatCount=0, eventTime=201447961000000, downTime=201447961000000, deviceId=-1, source=0x0, displayId=-1 },  keyguardOn = false,  screenOn = true,  policyFlags = 721420288,  SosPowerKeyEnabled = true,  WalletSwitchState = 1,  IsQuickLaunchSupport = true,  IsDoubleCheckAppSupport = false,  isQuickAppOn=false,  canceled = false
06-11 10:45:54.239  3189  5976 D KEYLOG_OplusKeyCombinationManager: down true keyCode 24 count 0 interactive true eventTime 201447961 mDownTimes: {}
06-11 10:45:54.239  3189  5976 I OplusJoystickManager: read game pad state for game manager -> false
06-11 10:45:54.239  3189  5976 W OplusJoystickManager: mInterceptGamepadKey is false
06-11 10:45:54.239  3189  5976 D OplusCustomizeRestrictionManagerService: isLongPressVolumeUpDisabled start
06-11 10:45:54.239  3189  5976 I STKeyLog_StrategyDisableBottomKey: onBeforeQueueing : mIsUpGestureMode=false,mDisableBottomKeyMode0
06-11 10:45:54.239  3189  5976 D STKeyLog_StrategyBlackscreenshot: notifyKeyBeforeQueueing, downTime201447961, action=0, interactive=true
06-11 10:45:54.239  3189  5976 D KEYLOG_PhoneWindowManager: interceptKeyBeforeQueueing downTime=201447961 action = 0 interactive=true keyguardActive=false policyFlags=2b000000 isInjected=true isWakeKey=false isKeyGestureTriggered=false
06-11 10:45:54.240  3189  5976 I VibratorManagerServiceExtImpl: cancelVibrate uid=1000, pid=3189, usageFilter=-15, token=193946947
06-11 10:45:54.240 28445  5847 D BroadcastCompat: 1)Register receiver:com.oplus.dataprovider.server.v$a@6a068ae
06-11 10:45:54.240  3189  5976 D AS.AudioService: uid 1000, callingApp = android.uid.system:1000
06-11 10:45:54.241  3189  3332 D PowerManagerService: userActivityNoUpdateLocked: groupId=0, eventTime=201447961, event=button, flags=0x0, uid=1000
06-11 10:45:54.242  4329 24904 D RingtonePlayer: stopAsync()
06-11 10:45:54.243  4329 24904 D RingtonePlayer: stop
06-11 10:45:54.250  1800  1800 D vendor.oplus.hardware.charger-V10-service: getChargerControl:sub_current=100
06-11 10:45:54.250  1800  1800 D vendor.oplus.hardware.charger-V10-service: sub_voltage=3800
06-11 10:45:54.250  1800  1800 D vendor.oplus.hardware.charger-V10-service: sub_soc=-1
06-11 10:45:54.250  1800  1800 D vendor.oplus.hardware.charger-V10-service: sub_temperature=250
06-11 10:45:54.250  1800  1800 D vendor.oplus.hardware.charger-V10-service: main_soc=100
06-11 10:45:54.252  1667 15952 I sensors-hal: handle_oplus_wise_rgb_event:230, wise_rgb:algo_type = 3
06-11 10:45:54.252  1667 15952 I sensors-hal: handle_oplus_wise_rgb_event:285, wise_rgb: raw_lux 500.066040, raw_cct 6377.565430, r/g/b/c: 40000.472656/35114.558594/19743.267578/88778.062500, R/G/B: 0.000000/0.000000/0.000000, brl 1529.000000, lux: 500.066040, cct: 6377.565430, ts 243351570115322, cnt 7425
06-11 10:45:54.255 28445  5847 D BroadcastCompat: 1)Register receiver:com.oplus.dataprovider.server.h1$a@7400fc8
06-11 10:45:54.258 28445  5847 I CpuTaskStatsManager: set ctp1.0 enable state:true
06-11 10:45:54.258  1764  1964 D PerformanceService: enable task cpustats
06-11 10:45:54.261 28445  5847 E OplusAppSwitchManager: observer doesn't exit!
06-11 10:45:54.262  3189  4147 I OplusAppSwitchManagerService: appswitch registerAppSwitchObserver pName = com@@oplus@@onetrace_236331048 observer = com.oplus.app.IOplusAppSwitchObserver$Stub$Proxy@1bd418d config = OplusAppSwitchConfig = {  observerFingerPrint = 164518238}
06-11 10:45:54.262  3189  4147 I OplusAppSwitchStateDispatcher: registerAppSwitchObserver addDynamicListener OK, info = OplusAppSwitchRuleInfo = {  observer = com.oplus.app.IOplusAppSwitchObserver$Stub$Proxy@1bd418d observerFingerPrint = 164518238} rule size =0
06-11 10:45:54.262 28445 28465 D OplusAppSwitchManager: observer =  mDefaultMatchActivity = false mDefaultMatchApp true
06-11 10:45:54.265 28445  5847 D BroadcastCompat: 2)Register receiver:com.oplus.dataprovider.server.l$a@2705f55
06-11 10:45:54.266  1800  1800 D vendor.oplus.hardware.charger-V10-service: getChargerControl:sub_current=100
06-11 10:45:54.266  1800  1800 D vendor.oplus.hardware.charger-V10-service: sub_voltage=3800
06-11 10:45:54.266  1800  1800 D vendor.oplus.hardware.charger-V10-service: sub_soc=-1
06-11 10:45:54.266  1800  1800 D vendor.oplus.hardware.charger-V10-service: sub_temperature=250
06-11 10:45:54.266  1800  1800 D vendor.oplus.hardware.charger-V10-service: main_soc=100
06-11 10:45:54.267 28445 28445 W ContextImpl: Calling a method in the system process without a qualified user: android.app.ContextImpl.bindService:2135 android.content.ContextWrapper.bindService:901 com.oplus.dataprovider.producer.AppJankDataMonitor.bindSender:23 com.oplus.dataprovider.producer.AppJankDataMonitor.c:1 com.oplus.dataprovider.producer.f.run:3 
06-11 10:45:54.268  1800  1924 D BatteryChargeControl: bcc get no support from charging protocol
06-11 10:45:54.269 28445  5847 W SystemPropertyStatsProvider: System property with key=vendor.oplus.media.vpp.osie_sr.on is not found!
06-11 10:45:54.271 12732 14058 W OplusExSystemServiceHelper: checkOplusExSystemService intent getComponent is null
06-11 10:45:54.273 28445  1793 W ContextImpl: Calling a method in the system process without a qualified user: android.app.ContextImpl.bindService:2135 android.content.ContextWrapper.bindService:901 com.oplus.dataprovider.server.ThermalControlStatsProvider.h:37 com.oplus.dataprovider.server.ThermalControlStatsProvider.m:35 com.oplus.dataprovider.app.Z.n:3 
06-11 10:45:54.275 12732 12732 D ClientMessengerHelper: Succeed register client: com.oplus.onetrace
06-11 10:45:54.276 28445  5847 D BroadcastCompat: 1)Register receiver:com.oplus.dataprovider.server.o1$b@c71d60e
06-11 10:45:54.278  5081  5081 W Battery : ThermalTraceService: onCreate
06-11 10:45:54.278  5081  5179 W OplusExSystemServiceHelper: checkOplusExSystemService intent getComponent is null
06-11 10:45:54.279  5081  5081 W Battery : ThermalTraceService: onBind
06-11 10:45:54.279  3189  3610 D osense.compress: com.tencent.android.qqdownloader do shrink, target ratio = 61, final ratio = 70, cur ratio = 52
06-11 10:45:54.280  5081  5179 W Battery : ThermalTraceService: register callback android.os.BinderProxy@a568c3e
06-11 10:45:54.281  5081  5970 W Battery : ThermalControllHandler: MSG_THERMAL_CONTROL_TRACEINFO_UPLOAD. isTraceMonitorOn:true, hasTraceAidl:true
06-11 10:45:54.282  5081  5970 W Battery : ThermalControllHandler: ZoomWindowsInfo=[],PipWindowsInfo=[],AppFloatingWindowsInfo=[]
06-11 10:45:54.285 28445  5847 W HidlServiceHelper: Failed to read task schedule version with kernel returns
06-11 10:45:54.288  5081 11157 W Battery : ThermalTraceService: mThermalTraceCallBackMap.size()=1
06-11 10:45:54.357  4329  4513 I SystemUi--Statusbar: OplusNetworkSpeedControllExImpl-->updateNetworkSpeed: isConnected:true,isSwitchOn:true,isSuspend:false,isPause:false
06-11 10:45:54.361  4329  4513 I SystemUi--Statusbar: OplusNetworkSpeedControllExImpl-->getTotalByte: totalRxBytes:11611956331,totalTxBytes:3543263902,loopbackTxBytes:2982678991,loopbackRxBytes:2982678511 ,totalBytes:9189862731
06-11 10:45:54.388  3189  3806 E OplusInputDeviceUtil: api level < 36 or inputDevice is null, return false
06-11 10:45:54.389  3189  3806 D KEYLOG_KeyGestureControllerExtlmpl: interceptOldShortcuts, mIsShortCutMenuShow = false mPendingMetaActionForOld = false mLongPressHandled = false
06-11 10:45:54.389  3189  3806 D STKeyLog_StrategyPadKeyBoardShortcut: excuteShortCut, interactive = true
06-11 10:45:54.389  3189  3806 D OplusCustomizeRestrictionManagerService: isLongPressVolumeUpDisabled start
06-11 10:45:54.391  3189  3332 D PowerManagerService: userActivityNoUpdateLocked: groupId=0, eventTime=201447961, event=button, flags=0x0, uid=1000
06-11 10:45:54.392  6550  6590 I JPEG_JNI: EnterExeTask  controller.background_task_controller process {"client":"infer"}
06-11 10:45:54.394  9206  9206 I GlobalHandwriting: onUpdateEditorToolType = 0
06-11 10:45:54.394  6058  6058 I MinimalGlobe: Debug zoom scale=1.18 | tiles vis=43 cached=59 renderSurface=27 exact=27 parent=0 missing=0 unsupported=16 kicked=0 retained=0 z=2-15 targetZ=2-15 texZ=2-15 lod=512 eq=0 qRender=43 qWalk=68 qBal=0 qFrustum=85 qHz=0 qEq2=0 grp=27/0/16 ellAlt=1253.55 sphAlt=-3936.24 radius=6374200.76 FPS=60.0 draw=29
06-11 10:45:54.395  3189  5976 D KEYLOG_KeyCombinationManager: down false downTime 201447961 action 1 count 1 isDefaultDisplayInteractive true eventTime 201448117 mDownTimes: {24=201447961}
06-11 10:45:54.395  3189  5976 D KEYLOG_PhoneWindowManagerExtImpl: overrideInterceptKeyBeforeQueueing:KeyEvent { action=ACTION_UP, keyCode=KEYCODE_VOLUME_UP, scanCode=0, metaState=0, flags=0x0, repeatCount=0, eventTime=201448117000000, downTime=201447961000000, deviceId=-1, source=0x0, displayId=-1 },  keyguardOn = false,  screenOn = true,  policyFlags = 721420288,  SosPowerKeyEnabled = true,  WalletSwitchState = 1,  IsQuickLaunchSupport = true,  IsDoubleCheckAppSupport = false,  isQuickAppOn=false,  canceled = false
06-11 10:45:54.395  6550  6590 I JPEG_JNI: LeaveExeTask  module controller.background_task_controller 
06-11 10:45:54.395  6550  6590 I JPEG_JNI:  func process  
06-11 10:45:54.395  6550  6590 I JPEG_JNI:  input {"client":"infer"} 
06-11 10:45:54.395  6550  6590 I JPEG_JNI:  ret {}
06-11 10:45:54.395  3189  5976 D KEYLOG_OplusKeyCombinationManager: down false keyCode 24 count 0 interactive true eventTime 201448117 mDownTimes: {24=201447961}
06-11 10:45:54.396  3189  5976 I OplusJoystickManager: read game pad state for game manager -> false
06-11 10:45:54.396  3189  5976 W OplusJoystickManager: mInterceptGamepadKey is false
06-11 10:45:54.396  3189  5976 D OplusCustomizeRestrictionManagerService: isLongPressVolumeUpDisabled start
06-11 10:45:54.396  3189  5976 I STKeyLog_StrategyDisableBottomKey: onBeforeQueueing : mIsUpGestureMode=false,mDisableBottomKeyMode0
06-11 10:45:54.396  3189  5976 D STKeyLog_StrategyBlackscreenshot: notifyKeyBeforeQueueing, downTime201447961, action=1, interactive=true
06-11 10:45:54.396  3189  5976 D KEYLOG_PhoneWindowManager: interceptKeyBeforeQueueing downTime=201447961 action = 1 interactive=true keyguardActive=false policyFlags=2b000000 isInjected=true isWakeKey=false isKeyGestureTriggered=false
06-11 10:45:54.396  3189  3806 E OplusInputDeviceUtil: api level < 36 or inputDevice is null, return false
06-11 10:45:54.396  3189  3806 D STKeyLog_StrategyPadKeyBoardShortcut: excuteShortCut, interactive = true
06-11 10:45:54.397  3189  3332 D PowerManagerService: userActivityNoUpdateLocked: groupId=0, eventTime=201448117, event=button, flags=0x0, uid=1000
06-11 10:45:54.397  3189  3806 D OplusCustomizeRestrictionManagerService: isLongPressVolumeUpDisabled start
06-11 10:45:54.398  3189  3332 D PowerManagerService: userActivityNoUpdateLocked: groupId=0, eventTime=201448117, event=button, flags=0x0, uid=1000
06-11 10:45:54.398  3189  5915 D MediaSessionService: dispatchVolumeKeyEvent, pkg=com.earthengine.minimalglobe, opPkg=com.earthengine.minimalglobe, pid=6058, uid=10602, asSystem=true, event=KeyEvent { action=ACTION_UP, keyCode=KEYCODE_VOLUME_UP, scanCode=0, metaState=0, flags=0x0, repeatCount=0, eventTime=201448117000000, downTime=201447961000000, deviceId=-1, source=0x0, displayId=-1 }, stream=-2147483648, musicOnly=false
06-11 10:45:54.398  3189  5915 D MediaSessionService: Adjusting suggestedStream=-2147483648 by 0. flags=4116, preferSuggestedStream=false, session=null, musicOnly false
06-11 10:45:54.399  3189  3189 E MediaSessionService: sPid is 3189 sTid:3189
06-11 10:45:54.403  3189  3189 D AudioServiceExtImpl: ringVolumeDefault :0
06-11 10:45:54.404  3189  3189 V AudioServiceExtImpl: oplusGetParameters() keyValuePairs:OPLUS_AUDIO_GET_ADJUSTVOLUME_FORBID, uid: 1000
06-11 10:45:54.404  3189  3189 D AS.AudioService: sendVolumeUpdate streamType=3, index=800, flags=4112
06-11 10:45:54.404  3189  3189 D VolumeController: postVolumeChanged streamType=3, flags=4112
06-11 10:45:54.407  4329  5186 I SystemUi--Volume: vol.VolumeDialogControl-->shouldShowUI wakefulness:2 ,mDeviceInteractive:true ,mShowVolumeDialog:true
06-11 10:45:54.408  4329  5186 I SystemUi--Volume: vol.VolumeDialogControl-->onVolumeChangedW stream:3,flags:4112 ,showUI:false ,fromKey:true ,showVibrateHint:false ,showSilentHint:false ,changed:false
06-11 10:45:54.408  4329  5186 I SystemUi--Volume: vol.VolumeDialogControl-->shouldShowUI wakefulness:2 ,mDeviceInteractive:true ,mShowVolumeDialog:true
06-11 10:45:54.417  4329  4329 I SystemUi--Volume: OplusVolumeDialogImpl-->onVolumeKeyStateChange isMultiMediaSettingsEnable:false,screenState:2
06-11 10:45:54.452  1667 15952 I sensors-hal: handle_oplus_wise_rgb_event:230, wise_rgb:algo_type = 3
06-11 10:45:54.452  1667 15952 I sensors-hal: handle_oplus_wise_rgb_event:285, wise_rgb: raw_lux 508.988708, raw_cct 6298.659668, r/g/b/c: 40124.210938/35216.796875/19649.542969/89127.492188, R/G/B: 0.000000/0.000000/0.000000, brl 1529.000000, lux: 508.988708, cct: 6298.659668, ts 243351769805322, cnt 7426
06-11 10:45:54.556  3189  3765 V AlarmManager: sending alarm Alarm{743084a type 1 origWhen 1781145954555 whenElapsed 243351882 android} uid 1000 whenElapsed 243351882 windowLength 0 maxWhenElapsed 243351882 repeatInterval 0 action null component null tag StorgaeBandInfoAlarmTag flags 0x9 procName system_server
06-11 10:45:54.558  3189 27614 E OplusStorageUFSBandwidth: storage_io_metrics_path is /proc/oplus_storage/io_metrics/forever/
06-11 10:45:54.560  3189 27614 E OplusStorageUFSBandwidth: Bandwidth - Read: 0.00 MB/s, Write: 0.00 MB/s
06-11 10:45:54.560  3189 27614 E OplusStorageUFSBandwidth: Task time: 2ms
06-11 10:45:54.568  3189 27614 E OplusStorageUFSBandwidth: Alarm set to trigger in 10 seconds
06-11 10:45:54.652  1667 15952 I sensors-hal: handle_oplus_wise_rgb_event:230, wise_rgb:algo_type = 3
06-11 10:45:54.652  1667 15952 I sensors-hal: handle_oplus_wise_rgb_event:285, wise_rgb: raw_lux 507.331726, raw_cct 6319.656250, r/g/b/c: 40226.371094/35272.558594/19767.332031/89089.851562, R/G/B: 0.000000/0.000000/0.000000, brl 1529.000000, lux: 507.331726, cct: 6319.656250, ts 243351969538239, cnt 7427
06-11 10:45:54.802  3189  5976 D KEYLOG_KeyCombinationManager: down true downTime 201448525 action 0 count 0 isDefaultDisplayInteractive true eventTime 201448525 mDownTimes: {}
06-11 10:45:54.803  3189  5976 D KEYLOG_PhoneWindowManagerExtImpl: overrideInterceptKeyBeforeQueueing:KeyEvent { action=ACTION_DOWN, keyCode=KEYCODE_VOLUME_UP, scanCode=0, metaState=0, flags=0x0, repeatCount=0, eventTime=201448525000000, downTime=201448525000000, deviceId=-1, source=0x0, displayId=-1 },  keyguardOn = false,  screenOn = true,  policyFlags = 721420288,  SosPowerKeyEnabled = true,  WalletSwitchState = 1,  IsQuickLaunchSupport = true,  IsDoubleCheckAppSupport = false,  isQuickAppOn=false,  canceled = false
06-11 10:45:54.803  3189  5976 D KEYLOG_OplusKeyCombinationManager: down true keyCode 24 count 0 interactive true eventTime 201448525 mDownTimes: {}
06-11 10:45:54.803  3189  5976 I OplusJoystickManager: read game pad state for game manager -> false
06-11 10:45:54.803  3189  5976 W OplusJoystickManager: mInterceptGamepadKey is false
06-11 10:45:54.803  3189  5976 D OplusCustomizeRestrictionManagerService: isLongPressVolumeUpDisabled start
06-11 10:45:54.803  3189  5976 I STKeyLog_StrategyDisableBottomKey: onBeforeQueueing : mIsUpGestureMode=false,mDisableBottomKeyMode0
06-11 10:45:54.803  3189  5976 D STKeyLog_StrategyBlackscreenshot: notifyKeyBeforeQueueing, downTime201448525, action=0, interactive=true
06-11 10:45:54.804  3189  5976 D KEYLOG_PhoneWindowManager: interceptKeyBeforeQueueing downTime=201448525 action = 0 interactive=true keyguardActive=false policyFlags=2b000000 isInjected=true isWakeKey=false isKeyGestureTriggered=false
06-11 10:45:54.805  3189  5976 I VibratorManagerServiceExtImpl: cancelVibrate uid=1000, pid=3189, usageFilter=-15, token=193946947
06-11 10:45:54.805  4329 24904 D RingtonePlayer: stopAsync()
06-11 10:45:54.805  4329 24904 D RingtonePlayer: stop
06-11 10:45:54.805  3189  5976 D AS.AudioService: uid 1000, callingApp = android.uid.system:1000
06-11 10:45:54.807  3189  3332 D PowerManagerService: userActivityNoUpdateLocked: groupId=0, eventTime=201448525, event=button, flags=0x0, uid=1000
06-11 10:45:54.852  1667 15952 I sensors-hal: handle_oplus_wise_rgb_event:230, wise_rgb:algo_type = 3
06-11 10:45:54.852  1667 15952 I sensors-hal: handle_oplus_wise_rgb_event:285, wise_rgb: raw_lux 504.896606, raw_cct 6330.607422, r/g/b/c: 40175.070312/35297.617188/19854.320312/89327.148438, R/G/B: 0.000000/0.000000/0.000000, brl 1529.000000, lux: 504.896606, cct: 6330.607422, ts 243352169275218, cnt 7428
06-11 10:45:54.896  6550  6590 I JPEG_JNI: EnterExeTask  controller.background_task_controller process {"client":"infer"}
06-11 10:45:54.901  6550  6590 I JPEG_JNI: LeaveExeTask  module controller.background_task_controller 
06-11 10:45:54.901  6550  6590 I JPEG_JNI:  func process  
06-11 10:45:54.901  6550  6590 I JPEG_JNI:  input {"client":"infer"} 
06-11 10:45:54.901  6550  6590 I JPEG_JNI:  ret {}
06-11 10:45:54.947  4639  8246 D CommonApp-194-10602: transport layer data is invalid
06-11 10:45:54.948  4639  8246 D ScorePolicy: handleScoreChanged: []
06-11 10:45:54.948  4639  8246 D ScorePolicy: handleScoreChanged: []
06-11 10:45:54.948  4639  8246 D ScorePolicy: handleScoreChanged: []
06-11 10:45:54.953  3189  3806 E OplusInputDeviceUtil: api level < 36 or inputDevice is null, return false
06-11 10:45:54.953  3189  3806 D KEYLOG_KeyGestureControllerExtlmpl: interceptOldShortcuts, mIsShortCutMenuShow = false mPendingMetaActionForOld = false mLongPressHandled = false
06-11 10:45:54.954  3189  3806 D STKeyLog_StrategyPadKeyBoardShortcut: excuteShortCut, interactive = true
06-11 10:45:54.954  3189  3806 D OplusCustomizeRestrictionManagerService: isLongPressVolumeUpDisabled start
06-11 10:45:54.956  3189  3332 D PowerManagerService: userActivityNoUpdateLocked: groupId=0, eventTime=201448525, event=button, flags=0x0, uid=1000
06-11 10:45:54.963  9206  9206 I GlobalHandwriting: onUpdateEditorToolType = 0
06-11 10:45:54.964  6058  6058 I MinimalGlobe: Debug zoom scale=1.18 | tiles vis=43 cached=59 renderSurface=27 exact=27 parent=0 missing=0 unsupported=16 kicked=0 retained=0 z=2-15 targetZ=2-15 texZ=2-15 lod=512 eq=0 qRender=43 qWalk=68 qBal=0 qFrustum=85 qHz=0 qEq2=0 grp=27/0/16 ellAlt=1027.92 sphAlt=-4161.88 radius=6373975.12 FPS=59.7 draw=29
06-11 10:45:54.965  3189  5976 D KEYLOG_KeyCombinationManager: down false downTime 201448525 action 1 count 1 isDefaultDisplayInteractive true eventTime 201448687 mDownTimes: {24=201448525}
06-11 10:45:54.965  3189  5976 D KEYLOG_PhoneWindowManagerExtImpl: overrideInterceptKeyBeforeQueueing:KeyEvent { action=ACTION_UP, keyCode=KEYCODE_VOLUME_UP, scanCode=0, metaState=0, flags=0x0, repeatCount=0, eventTime=201448687000000, downTime=201448525000000, deviceId=-1, source=0x0, displayId=-1 },  keyguardOn = false,  screenOn = true,  policyFlags = 721420288,  SosPowerKeyEnabled = true,  WalletSwitchState = 1,  IsQuickLaunchSupport = true,  IsDoubleCheckAppSupport = false,  isQuickAppOn=false,  canceled = false
06-11 10:45:54.966  3189  5976 D KEYLOG_OplusKeyCombinationManager: down false keyCode 24 count 0 interactive true eventTime 201448687 mDownTimes: {24=201448525}
06-11 10:45:54.966  3189  5976 I OplusJoystickManager: read game pad state for game manager -> false
06-11 10:45:54.966  3189  5976 W OplusJoystickManager: mInterceptGamepadKey is false
06-11 10:45:54.966  3189  5976 D OplusCustomizeRestrictionManagerService: isLongPressVolumeUpDisabled start
06-11 10:45:54.966  3189  5976 I STKeyLog_StrategyDisableBottomKey: onBeforeQueueing : mIsUpGestureMode=false,mDisableBottomKeyMode0
06-11 10:45:54.967  3189  5976 D STKeyLog_StrategyBlackscreenshot: notifyKeyBeforeQueueing, downTime201448525, action=1, interactive=true
06-11 10:45:54.967  3189  5976 D KEYLOG_PhoneWindowManager: interceptKeyBeforeQueueing downTime=201448525 action = 1 interactive=true keyguardActive=false policyFlags=2b000000 isInjected=true isWakeKey=false isKeyGestureTriggered=false
06-11 10:45:54.967  3189  3806 E OplusInputDeviceUtil: api level < 36 or inputDevice is null, return false
06-11 10:45:54.968  3189  3332 D PowerManagerService: userActivityNoUpdateLocked: groupId=0, eventTime=201448687, event=button, flags=0x0, uid=1000
06-11 10:45:54.968  3189  3806 D STKeyLog_StrategyPadKeyBoardShortcut: excuteShortCut, interactive = true
06-11 10:45:54.968  3189  3806 D OplusCustomizeRestrictionManagerService: isLongPressVolumeUpDisabled start
06-11 10:45:54.969  3189  3332 D PowerManagerService: userActivityNoUpdateLocked: groupId=0, eventTime=201448687, event=button, flags=0x0, uid=1000
06-11 10:45:54.975  6058  6995 I AndroidBridge: androidHttpGet: env=0xb400007a718519e0 gJniHttpHelperClass=0x30a6 gHttpGetMethod=0x1 url=https://webst03.is.autonavi.com/appmaptile?style=6&x=52157&y=27117&z=16
06-11 10:45:54.975  6058  6995 I JniHttpHelper: httpGet called: https://webst03.is.autonavi.com/appmaptile?style=6&x=52157&y=27117&z=16
06-11 10:45:54.975  6058  6994 I AndroidBridge: androidHttpGet: env=0xb400007a7da0f1c0 gJniHttpHelperClass=0x30a6 gHttpGetMethod=0x1 url=https://webst02.is.autonavi.com/appmaptile?style=6&x=52156&y=27117&z=16
06-11 10:45:54.975  6058  6994 I JniHttpHelper: httpGet called: https://webst02.is.autonavi.com/appmaptile?style=6&x=52156&y=27117&z=16
06-11 10:45:54.975  6058  6997 I AndroidBridge: androidHttpGet: env=0xb400007a6f904e20 gJniHttpHelperClass=0x30a6 gHttpGetMethod=0x1 url=https://webst04.is.autonavi.com/appmaptile?style=6&x=52157&y=27118&z=16
06-11 10:45:54.976  6058  6997 I JniHttpHelper: httpGet called: https://webst04.is.autonavi.com/appmaptile?style=6&x=52157&y=27118&z=16
06-11 10:45:54.976  6058  7002 I AndroidBridge: androidHttpGet: env=0xb400007a7da0fc40 gJniHttpHelperClass=0x30a6 gHttpGetMethod=0x1 url=https://webst02.is.autonavi.com/appmaptile?style=6&x=52157&y=27120&z=16
06-11 10:45:54.976  6058  7002 I JniHttpHelper: httpGet called: https://webst02.is.autonavi.com/appmaptile?style=6&x=52157&y=27120&z=16
06-11 10:45:54.978  6058  6999 I AndroidBridge: androidHttpGet: env=0xb400007a6f9b03c0 gJniHttpHelperClass=0x30a6 gHttpGetMethod=0x1 url=https://webst01.is.autonavi.com/appmaptile?style=6&x=52157&y=27119&z=16
06-11 10:45:54.978  6058  6999 I JniHttpHelper: httpGet called: https://webst01.is.autonavi.com/appmaptile?style=6&x=52157&y=27119&z=16
06-11 10:45:54.978  6058  6996 I AndroidBridge: androidHttpGet: env=0xb400007a7da106c0 gJniHttpHelperClass=0x30a6 gHttpGetMethod=0x1 url=https://webst03.is.autonavi.com/appmaptile?style=6&x=52156&y=27118&z=16
06-11 10:45:54.978  6058  6996 I JniHttpHelper: httpGet called: https://webst03.is.autonavi.com/appmaptile?style=6&x=52156&y=27118&z=16
06-11 10:45:54.979  6058  7001 I AndroidBridge: androidHttpGet: env=0xb400007a0aba57e0 gJniHttpHelperClass=0x30a6 gHttpGetMethod=0x1 url=https://webst01.is.autonavi.com/appmaptile?style=6&x=52156&y=27120&z=16
06-11 10:45:54.979  6058  7001 I JniHttpHelper: httpGet called: https://webst01.is.autonavi.com/appmaptile?style=6&x=52156&y=27120&z=16
06-11 10:45:54.979  6058  6998 I AndroidBridge: androidHttpGet: env=0xb400007a7da12720 gJniHttpHelperClass=0x30a6 gHttpGetMethod=0x1 url=https://webst04.is.autonavi.com/appmaptile?style=6&x=52156&y=27119&z=16
06-11 10:45:54.979  6058  6998 I JniHttpHelper: httpGet called: https://webst04.is.autonavi.com/appmaptile?style=6&x=52156&y=27119&z=16
06-11 10:45:54.982  3189  5627 D MediaSessionService: dispatchVolumeKeyEvent, pkg=com.earthengine.minimalglobe, opPkg=com.earthengine.minimalglobe, pid=6058, uid=10602, asSystem=true, event=KeyEvent { action=ACTION_UP, keyCode=KEYCODE_VOLUME_UP, scanCode=0, metaState=0, flags=0x0, repeatCount=0, eventTime=201448687000000, downTime=201448525000000, deviceId=-1, source=0x0, displayId=-1 }, stream=-2147483648, musicOnly=false
06-11 10:45:54.982  3189  5627 D MediaSessionService: Adjusting suggestedStream=-2147483648 by 0. flags=4116, preferSuggestedStream=false, session=null, musicOnly false
06-11 10:45:54.982  3189  3189 E MediaSessionService: sPid is 3189 sTid:3189
06-11 10:45:54.988  3189  3189 D AudioServiceExtImpl: ringVolumeDefault :0
06-11 10:45:54.988  3189  3189 V AudioServiceExtImpl: oplusGetParameters() keyValuePairs:OPLUS_AUDIO_GET_ADJUSTVOLUME_FORBID, uid: 1000
06-11 10:45:54.989  3189  3189 D AS.AudioService: sendVolumeUpdate streamType=3, index=800, flags=4112
06-11 10:45:54.990  3189  3189 D VolumeController: postVolumeChanged streamType=3, flags=4112
06-11 10:45:54.990  4329  5186 I SystemUi--Volume: vol.VolumeDialogControl-->shouldShowUI wakefulness:2 ,mDeviceInteractive:true ,mShowVolumeDialog:true
06-11 10:45:54.991  4329  5186 I SystemUi--Volume: vol.VolumeDialogControl-->onVolumeChangedW stream:3,flags:4112 ,showUI:false ,fromKey:true ,showVibrateHint:false ,showSilentHint:false ,changed:false
06-11 10:45:54.991  4329  5186 I SystemUi--Volume: vol.VolumeDialogControl-->shouldShowUI wakefulness:2 ,mDeviceInteractive:true ,mShowVolumeDialog:true
06-11 10:45:54.991  4329  4329 I SystemUi--Volume: OplusVolumeDialogImpl-->onVolumeKeyStateChange isMultiMediaSettingsEnable:false,screenState:2
06-11 10:45:54.998  6058  6994 I JniHttpHelper: httpGet OK: https://webst02.is.autonavi.com/appmaptile?style=6&x=52156&y=27117&z=16 -> 11741 bytes
06-11 10:45:54.998  6058  6995 I JniHttpHelper: httpGet OK: https://webst03.is.autonavi.com/appmaptile?style=6&x=52157&y=27117&z=16 -> 13343 bytes
06-11 10:45:55.001  6058  7001 I JniHttpHelper: httpGet OK: https://webst01.is.autonavi.com/appmaptile?style=6&x=52156&y=27120&z=16 -> 16795 bytes
06-11 10:45:55.003  6058  6994 I AndroidBridge: Decoded image 256x256 from 11741 bytes
06-11 10:45:55.004  6058  6996 I JniHttpHelper: httpGet OK: https://webst03.is.autonavi.com/appmaptile?style=6&x=52156&y=27118&z=16 -> 16621 bytes
06-11 10:45:55.005  6058  7001 I AndroidBridge: Decoded image 256x256 from 16795 bytes
06-11 10:45:55.007  6058  6995 I AndroidBridge: Decoded image 256x256 from 13343 bytes
06-11 10:45:55.008  6058  6996 I AndroidBridge: Decoded image 256x256 from 16621 bytes
06-11 10:45:55.019  6058  6058 I BasemapLayer: Tile uploaded: 16/52156/27117 256x256
06-11 10:45:55.020  6058  6058 I BasemapLayer: Tile uploaded: 16/52156/27120 256x256
06-11 10:45:55.026  3189  3986 D OplusNetKit: in getLpByInterface name from LP: [rmnet_data1]
06-11 10:45:55.026  3189  3986 D OplusNetKit: in getLpByInterface name from LP: [wlan0]
06-11 10:45:55.036  3189  3841 D WifiStaIfaceHidlImpl: getCachedScanData is not implemented by HIDL
06-11 10:45:55.036  6058  6058 I BasemapLayer: Tile uploaded: 16/52157/27117 256x256
06-11 10:45:55.037  6058  6058 I BasemapLayer: Tile uploaded: 16/52156/27118 256x256
06-11 10:45:55.043  4639  4639 D VendorWifiService: onEvent event:9,action:1
06-11 10:45:55.051  1667 15952 I sensors-hal: handle_oplus_wise_rgb_event:230, wise_rgb:algo_type = 3
06-11 10:45:55.052  1667 15952 I sensors-hal: handle_oplus_wise_rgb_event:285, wise_rgb: raw_lux 498.193848, raw_cct 6438.606445, r/g/b/c: 40247.644531/35273.765625/20060.763672/89070.304688, R/G/B: 0.000000/0.000000/0.000000, brl 1529.000000, lux: 498.193848, cct: 6438.606445, ts 243352369046208, cnt 7429
06-11 10:45:55.052  1667 15988 I sensors-hal: get_brightness:1652, light_iface: get_brightness, brl 1529, pwm_turbo_on 0/0, hbm_dc 0
06-11 10:45:55.053  3189  3960 D OplusWifiPower_TriggerCenter: mComponentCallback: wifistat
06-11 10:45:55.058  3189  3986 D OplusNetRttKit: getIcmpEchoRtt addr:192.168.100.*** avgRtt: 8
06-11 10:45:55.059  6058  6997 I JniHttpHelper: httpGet OK: https://webst04.is.autonavi.com/appmaptile?style=6&x=52157&y=27118&z=16 -> 17194 bytes
06-11 10:45:55.063  6058  6998 I JniHttpHelper: httpGet OK: https://webst04.is.autonavi.com/appmaptile?style=6&x=52156&y=27119&z=16 -> 16309 bytes
06-11 10:45:55.064  6058  6997 I AndroidBridge: Decoded image 256x256 from 17194 bytes
06-11 10:45:55.067  6058  6998 I AndroidBridge: Decoded image 256x256 from 16309 bytes
06-11 10:45:55.070  6058  6058 I BasemapLayer: Tile uploaded: 16/52157/27118 256x256
06-11 10:45:55.070  6058  6058 I BasemapLayer: Tile uploaded: 16/52156/27119 256x256
06-11 10:45:55.085  6058  7002 I JniHttpHelper: httpGet OK: https://webst02.is.autonavi.com/appmaptile?style=6&x=52157&y=27120&z=16 -> 17093 bytes
06-11 10:45:55.089  6058  7002 I AndroidBridge: Decoded image 256x256 from 17093 bytes
06-11 10:45:55.094  6058  6999 I JniHttpHelper: httpGet OK: https://webst01.is.autonavi.com/appmaptile?style=6&x=52157&y=27119&z=16 -> 16225 bytes
06-11 10:45:55.098  6058  6999 I AndroidBridge: Decoded image 256x256 from 16225 bytes
06-11 10:45:55.104  6058  6058 I BasemapLayer: Tile uploaded: 16/52157/27120 256x256
06-11 10:45:55.104  6058  6058 I BasemapLayer: Tile uploaded: 16/52157/27119 256x256
06-11 10:45:55.225 28445  1793 W CameraStatsProvider: Camera face num not found!
06-11 10:45:55.225 28445  6977 W CameraStatsProvider: Camera type settings is not found!
06-11 10:45:55.251  1667 15952 I sensors-hal: handle_oplus_wise_rgb_event:230, wise_rgb:algo_type = 3
06-11 10:45:55.251  1667 15952 I sensors-hal: handle_oplus_wise_rgb_event:285, wise_rgb: raw_lux 487.300781, raw_cct 6449.333008, r/g/b/c: 40366.445312/35343.867188/20171.095703/88878.828125, R/G/B: 0.000000/0.000000/0.000000, brl 1529.000000, lux: 487.300781, cct: 6449.333008, ts 243352568815739, cnt 7430
06-11 10:45:55.270  1800  1924 D BatteryChargeControl: bcc get no support from charging protocol
06-11 10:45:55.344  3189  5976 D KEYLOG_KeyCombinationManager: down true downTime 201449066 action 0 count 0 isDefaultDisplayInteractive true eventTime 201449066 mDownTimes: {}
06-11 10:45:55.344  3189  5976 D KEYLOG_PhoneWindowManagerExtImpl: overrideInterceptKeyBeforeQueueing:KeyEvent { action=ACTION_DOWN, keyCode=KEYCODE_VOLUME_UP, scanCode=0, metaState=0, flags=0x0, repeatCount=0, eventTime=201449066000000, downTime=201449066000000, deviceId=-1, source=0x0, displayId=-1 },  keyguardOn = false,  screenOn = true,  policyFlags = 721420288,  SosPowerKeyEnabled = true,  WalletSwitchState = 1,  IsQuickLaunchSupport = true,  IsDoubleCheckAppSupport = false,  isQuickAppOn=false,  canceled = false
06-11 10:45:55.344  3189  5976 D KEYLOG_OplusKeyCombinationManager: down true keyCode 24 count 0 interactive true eventTime 201449066 mDownTimes: {}
06-11 10:45:55.346  3189  5976 I OplusJoystickManager: read game pad state for game manager -> false
06-11 10:45:55.346  3189  5976 W OplusJoystickManager: mInterceptGamepadKey is false
06-11 10:45:55.346  3189  5976 D OplusCustomizeRestrictionManagerService: isLongPressVolumeUpDisabled start
06-11 10:45:55.346  3189  5976 I STKeyLog_StrategyDisableBottomKey: onBeforeQueueing : mIsUpGestureMode=false,mDisableBottomKeyMode0
06-11 10:45:55.346  3189  5976 D STKeyLog_StrategyBlackscreenshot: notifyKeyBeforeQueueing, downTime201449066, action=0, interactive=true
06-11 10:45:55.347  3189  5976 D KEYLOG_PhoneWindowManager: interceptKeyBeforeQueueing downTime=201449066 action = 0 interactive=true keyguardActive=false policyFlags=2b000000 isInjected=true isWakeKey=false isKeyGestureTriggered=false
06-11 10:45:55.348  3189  5976 I VibratorManagerServiceExtImpl: cancelVibrate uid=1000, pid=3189, usageFilter=-15, token=193946947
06-11 10:45:55.348  4329 24913 D RingtonePlayer: stopAsync()
06-11 10:45:55.348  4329 24913 D RingtonePlayer: stop
06-11 10:45:55.348  3189  5976 D AS.AudioService: uid 1000, callingApp = android.uid.system:1000
06-11 10:45:55.349  3189  3332 D PowerManagerService: userActivityNoUpdateLocked: groupId=0, eventTime=201449066, event=button, flags=0x0, uid=1000
06-11 10:45:55.402  6550  6590 I JPEG_JNI: EnterExeTask  controller.background_task_controller process {"client":"infer"}
06-11 10:45:55.417  6550  6590 I JPEG_JNI: LeaveExeTask  module controller.background_task_controller 
06-11 10:45:55.417  6550  6590 I JPEG_JNI:  func process  
06-11 10:45:55.417  6550  6590 I JPEG_JNI:  input {"client":"infer"} 
06-11 10:45:55.417  6550  6590 I JPEG_JNI:  ret {}
06-11 10:45:55.451  1667 15952 I sensors-hal: handle_oplus_wise_rgb_event:230, wise_rgb:algo_type = 3
06-11 10:45:55.451  1667 15952 I sensors-hal: handle_oplus_wise_rgb_event:285, wise_rgb: raw_lux 486.627319, raw_cct 6413.788086, r/g/b/c: 40235.457031/35333.621094/19969.841797/88913.250000, R/G/B: 0.000000/0.000000/0.000000, brl 1529.000000, lux: 486.627319, cct: 6413.788086, ts 243352768537197, cnt 7431
06-11 10:45:55.494  3189  3806 E OplusInputDeviceUtil: api level < 36 or inputDevice is null, return false
06-11 10:45:55.494  3189  3806 D KEYLOG_KeyGestureControllerExtlmpl: interceptOldShortcuts, mIsShortCutMenuShow = false mPendingMetaActionForOld = false mLongPressHandled = false
06-11 10:45:55.495  3189  3806 D STKeyLog_StrategyPadKeyBoardShortcut: excuteShortCut, interactive = true
06-11 10:45:55.495  3189  3806 D OplusCustomizeRestrictionManagerService: isLongPressVolumeUpDisabled start
06-11 10:45:55.497  3189  3332 D PowerManagerService: userActivityNoUpdateLocked: groupId=0, eventTime=201449066, event=button, flags=0x0, uid=1000
06-11 10:45:55.497  9206  9206 I GlobalHandwriting: onUpdateEditorToolType = 0
06-11 10:45:55.498  6058  6058 I MinimalGlobe: Debug zoom scale=1.18 | tiles vis=45 cached=67 renderSurface=29 exact=29 parent=0 missing=0 unsupported=16 kicked=0 retained=0 z=2-16 targetZ=2-16 texZ=2-16 lod=512 eq=0 qRender=45 qWalk=70 qBal=0 qFrustum=89 qHz=0 qEq2=0 grp=29/0/16 ellAlt=842.89 sphAlt=-4346.90 radius=6373790.10 FPS=59.2 draw=31
06-11 10:45:55.499  3189  5976 D KEYLOG_KeyCombinationManager: down false downTime 201449066 action 1 count 1 isDefaultDisplayInteractive true eventTime 201449221 mDownTimes: {24=201449066}
06-11 10:45:55.500  3189  5976 D KEYLOG_PhoneWindowManagerExtImpl: overrideInterceptKeyBeforeQueueing:KeyEvent { action=ACTION_UP, keyCode=KEYCODE_VOLUME_UP, scanCode=0, metaState=0, flags=0x0, repeatCount=0, eventTime=201449221000000, downTime=201449066000000, deviceId=-1, source=0x0, displayId=-1 },  keyguardOn = false,  screenOn = true,  policyFlags = 721420288,  SosPowerKeyEnabled = true,  WalletSwitchState = 1,  IsQuickLaunchSupport = true,  IsDoubleCheckAppSupport = false,  isQuickAppOn=false,  canceled = false
06-11 10:45:55.500  3189  5976 D KEYLOG_OplusKeyCombinationManager: down false keyCode 24 count 0 interactive true eventTime 201449221 mDownTimes: {24=201449066}
06-11 10:45:55.500  3189  5976 I OplusJoystickManager: read game pad state for game manager -> false
06-11 10:45:55.500  3189  5976 W OplusJoystickManager: mInterceptGamepadKey is false
06-11 10:45:55.500  3189  5976 D OplusCustomizeRestrictionManagerService: isLongPressVolumeUpDisabled start
06-11 10:45:55.500  3189  5976 I STKeyLog_StrategyDisableBottomKey: onBeforeQueueing : mIsUpGestureMode=false,mDisableBottomKeyMode0
06-11 10:45:55.500  3189  5976 D STKeyLog_StrategyBlackscreenshot: notifyKeyBeforeQueueing, downTime201449066, action=1, interactive=true
06-11 10:45:55.500  3189  5976 D KEYLOG_PhoneWindowManager: interceptKeyBeforeQueueing downTime=201449066 action = 1 interactive=true keyguardActive=false policyFlags=2b000000 isInjected=true isWakeKey=false isKeyGestureTriggered=false
06-11 10:45:55.501  3189  3332 D PowerManagerService: userActivityNoUpdateLocked: groupId=0, eventTime=201449221, event=button, flags=0x0, uid=1000
06-11 10:45:55.501  3189  3806 E OplusInputDeviceUtil: api level < 36 or inputDevice is null, return false
06-11 10:45:55.502  3189  3806 D STKeyLog_StrategyPadKeyBoardShortcut: excuteShortCut, interactive = true
06-11 10:45:55.502  3189  3806 D OplusCustomizeRestrictionManagerService: isLongPressVolumeUpDisabled start
06-11 10:45:55.503  3189  3332 D PowerManagerService: userActivityNoUpdateLocked: groupId=0, eventTime=201449221, event=button, flags=0x0, uid=1000
06-11 10:45:55.512  3189  5627 D MediaSessionService: dispatchVolumeKeyEvent, pkg=com.earthengine.minimalglobe, opPkg=com.earthengine.minimalglobe, pid=6058, uid=10602, asSystem=true, event=KeyEvent { action=ACTION_UP, keyCode=KEYCODE_VOLUME_UP, scanCode=0, metaState=0, flags=0x0, repeatCount=0, eventTime=201449221000000, downTime=201449066000000, deviceId=-1, source=0x0, displayId=-1 }, stream=-2147483648, musicOnly=false
06-11 10:45:55.512  3189  5627 D MediaSessionService: Adjusting suggestedStream=-2147483648 by 0. flags=4116, preferSuggestedStream=false, session=null, musicOnly false
06-11 10:45:55.513  3189  3189 E MediaSessionService: sPid is 3189 sTid:3189
06-11 10:45:55.518  3189  3189 D AudioServiceExtImpl: ringVolumeDefault :0
06-11 10:45:55.518  3189  3189 V AudioServiceExtImpl: oplusGetParameters() keyValuePairs:OPLUS_AUDIO_GET_ADJUSTVOLUME_FORBID, uid: 1000
06-11 10:45:55.518  3189  3189 D AS.AudioService: sendVolumeUpdate streamType=3, index=800, flags=4112
06-11 10:45:55.518  3189  3189 D VolumeController: postVolumeChanged streamType=3, flags=4112
06-11 10:45:55.520  4329  5186 I SystemUi--Volume: vol.VolumeDialogControl-->shouldShowUI wakefulness:2 ,mDeviceInteractive:true ,mShowVolumeDialog:true
06-11 10:45:55.522  4329  5186 I SystemUi--Volume: vol.VolumeDialogControl-->onVolumeChangedW stream:3,flags:4112 ,showUI:false ,fromKey:true ,showVibrateHint:false ,showSilentHint:false ,changed:false
06-11 10:45:55.522  4329  5186 I SystemUi--Volume: vol.VolumeDialogControl-->shouldShowUI wakefulness:2 ,mDeviceInteractive:true ,mShowVolumeDialog:true
06-11 10:45:55.522  4329  4329 I SystemUi--Volume: OplusVolumeDialogImpl-->onVolumeKeyStateChange isMultiMediaSettingsEnable:false,screenState:2
06-11 10:45:55.634 11083 13604 W PhoneManager.CloudScanManager: scheduleCancelScan() cloud scan not finished(isApp=true, timeout=10000).  cancel scan
06-11 10:45:55.640 11083  5853 I PhoneManager.AccessibilityScanHelper: parseRiskRule=Rule(relation=or, childItems=[RuleItem(isLeaf=true, condition=random_pkg_name, childRule=null), RuleItem(isLeaf=true, condition=similar_icon, childRule=null), RuleItem(isLeaf=true, condition=small_install_count, childRule=null), RuleItem(isLeaf=true, condition=empty_name_launch_entry, childRule=null)])
06-11 10:45:55.651  1667 15952 I sensors-hal: handle_oplus_wise_rgb_event:230, wise_rgb:algo_type = 3
06-11 10:45:55.652  1667 15988 I sensors-hal: handle_oplus_wise_rgb_event:301, oplus wise_rgb sample: (7432)(cct, lux, ir_ratio, r, g, b, c)[6352, 492, 37, 40322, 35312, 19875, 88880]
06-11 10:45:55.652  1667 15952 I sensors-hal: handle_oplus_wise_rgb_event:285, wise_rgb: raw_lux 492.343750, raw_cct 6352.412109, r/g/b/c: 40322.218750/35312.468750/19875.921875/88880.500000, R/G/B: 0.000000/0.000000/0.000000, brl 1529.000000, lux: 492.343750, cct: 6352.412109, ts 243352968269645, cnt 7432
06-11 10:45:55.657 11083  5853 D AccessibilityScanHelper: scanRiskApps toScanSize=1, filteredSize=0, riskSize=0
06-11 10:45:55.657 11083  5853 D AccessibilityScanHelper: scanAndSyncSingleRiskPackage hasRisk=false
06-11 10:45:55.658  3189  5627 E OplusDataSyncManagerService: Unable to updateAppData ISysStateChangeCallback for type fraud_detectas no module added
06-11 10:45:55.665 11083  5853 W PhoneManager.VirusRomUpdateUtil: readVirusWhiteListMD5() VIRUS_CONFIG_LIST_FILE not exist.
06-11 10:45:55.666 11083  5853 W PhoneManager.VirusRomUpdateUtil: readCloudBlackList() VIRUS_CONFIG_LIST_FILE not exist.
06-11 10:45:55.672  1656  5403 I vendor.qti.bluetooth@1.0-ibs_handler: [ibs_handler.cpp:778] ProcessIbsCmd: Received IBS_WAKE_IND: 0xFD
06-11 10:45:55.673  1656  5403 D vendor.qti.bluetooth@1.0-ibs_handler: [ibs_handler.cpp:372] SerialClockVote: vote for UART CLK ON
06-11 10:45:55.673  1656  5403 D vendor.qti.bluetooth@1.0-wake_lock: [wake_lock.cpp:135] Acquire wakelock is acquired 
06-11 10:45:55.673  1656  5403 I vendor.qti.bluetooth@1.0-ibs_handler: [ibs_handler.cpp:795] ProcessIbsCmd: Writing IBS_WAKE_ACK
06-11 10:45:55.676 10084 10101 I SP.AppControlCenterProvider: getAppControlledAppList: result=[]
06-11 10:45:55.679 10084 10101 I SP.AppControlCenterProvider: getAppControlledAppList: result=[]
06-11 10:45:55.693 10084 10101 I SP.AppControlCenterProvider: getAppControlledAppList: result=[]
06-11 10:45:55.694 10084 10099 I SP.AppControlCenterProvider: getAppControlledAppList: result=[]
06-11 10:45:55.694  3189  5915 I OplusSecurityPermissionManager-SecurityPayController: put risk app list: []
06-11 10:45:55.695  3189  3263 D OplusSecurityPermissionManager-SecurityPayController: start saving risk app list
06-11 10:45:55.697  3189  3263 I OplusSecurityPermissionManager-SecurityPayController: save risk app list finished
06-11 10:45:55.698 11083 13837 W PhoneManager.SuspectFraudDetector: isReliableApp: com.earth*********nimalglobe false, false
06-11 10:45:55.698 11083 13837 I PhoneManager.SuspectFraudDetector: checkBaseFeature: OplusScanResultEntity{engineId=111, name='', pkgName='com.earth*********nimalglobe', description='', path='', type=2007, softName='Mini****lobe', safeLevel=0, certMD5='87A169CD8380AE8DE14037243E79661C', hasAd=0, aiEngine='', riskInfoList=0', isInstalled=true, installer=, riskLabel=, resultInfoExtend=0, featureScanId=null, riskLabelId=, hasCloudScanResult=true, suspiciousLevel=-1, suspiciousType=-1, suspiciousWhite=-1, hasSuspiciousResult=false}
06-11 10:45:55.714  1656  5403 I vendor.qti.bluetooth@1.0-ibs_handler: [ibs_handler.cpp:825] ProcessIbsCmd: Received IBS_SLEEP_IND: 0xFE
06-11 10:45:55.714  1656  5403 D vendor.qti.bluetooth@1.0-ibs_handler: [ibs_handler.cpp:391] SerialClockVote: vote for UART CLK OFF
06-11 10:45:55.735  3189  3848 D InetDiagMessage: Destroyed 0 sockets, proto=IPPROTO_TCP, family=AF_INET, states=14
06-11 10:45:55.738  3189  3848 D InetDiagMessage: Destroyed 0 sockets, proto=IPPROTO_TCP, family=AF_INET6, states=14
06-11 10:45:55.738  3189  3848 D InetDiagMessage: Destroyed live tcp sockets for uids={10307} in 6ms
06-11 10:45:55.740  3189  3848 D InetDiagMessage: Destroyed 0 sockets, proto=IPPROTO_TCP, family=AF_INET, states=14
06-11 10:45:55.742  3189  3848 D InetDiagMessage: Destroyed 0 sockets, proto=IPPROTO_TCP, family=AF_INET6, states=14
06-11 10:45:55.742  3189  3848 D InetDiagMessage: Destroyed live tcp sockets for uids={20307} in 4ms
06-11 10:45:55.748 11083 11791 D CloudConfig_stgyHelper: mspVersionCanSupport mspKitVersion : 2021620
06-11 10:45:55.750 11083 11791 D CloudConfig_stgyHelper: getSupportKitMode strategyEntity : StrategyEntity(sdkInterval=1800000, strategyMode=1, minSDKVersion=1000, minKitVersion=2014122, validReqPeriod=7200000, maxReqProduct=100, forceKitIfKit=false, backoff=120000, enable=true, defaultLimit=RateLimitConfig{maxCalls=1, timeWindowSeconds=7200, callIntervalSeconds=0}, productLimits={global-domain_1281=RateLimitConfig{maxCalls=1, timeWindowSeconds=7200, callIntervalSeconds=0}, 50351=RateLimitConfig{maxCalls=1, timeWindowSeconds=7200, callIntervalSeconds=0}, compass_20092=RateLimitConfig{maxCalls=1, timeWindowSeconds=7200, callIntervalSeconds=0}, global-domain_1961=RateLimitConfig{maxCalls=1, timeWindowSeconds=7200, callIntervalSeconds=0}, compass_2=RateLimitConfig{maxCalls=1, timeWindowSeconds=7200, callIntervalSeconds=0}, mdp_2047=RateLimitConfig{maxCalls=1, timeWindowSeconds=7200, callIntervalSeconds=0}, mdp_2296=RateLimitConfig{maxCalls=1, timeWindowSeconds=7200, callIntervalSeconds=0}, compass_143100=RateLimitConfig{maxCalls=1, timeWindowSeconds=7200, callIntervalSeconds=0}})
06-11 10:45:55.750 11083 11791 D CloudConfig_stgyHelper: getSupportKitMode localSdkVersion : 1227
06-11 10:45:55.751 11083 11791 D CloudConfig_stgyHelper: mspVersionCanSupport mspKitVersion : 2021620
06-11 10:45:55.752 11083 11791 D CloudConfig_stgyHelper: getSupportKitMode strategyEntity : StrategyEntity(sdkInterval=1800000, strategyMode=1, minSDKVersion=1000, minKitVersion=2014122, validReqPeriod=7200000, maxReqProduct=100, forceKitIfKit=false, backoff=120000, enable=true, defaultLimit=RateLimitConfig{maxCalls=1, timeWindowSeconds=7200, callIntervalSeconds=0}, productLimits={global-domain_1281=RateLimitConfig{maxCalls=1, timeWindowSeconds=7200, callIntervalSeconds=0}, 50351=RateLimitConfig{maxCalls=1, timeWindowSeconds=7200, callIntervalSeconds=0}, compass_20092=RateLimitConfig{maxCalls=1, timeWindowSeconds=7200, callIntervalSeconds=0}, global-domain_1961=RateLimitConfig{maxCalls=1, timeWindowSeconds=7200, callIntervalSeconds=0}, compass_2=RateLimitConfig{maxCalls=1, timeWindowSeconds=7200, callIntervalSeconds=0}, mdp_2047=RateLimitConfig{maxCalls=1, timeWindowSeconds=7200, callIntervalSeconds=0}, mdp_2296=RateLimitConfig{maxCalls=1, timeWindowSeconds=7200, callIntervalSeconds=0}, compass_143100=RateLimitConfig{maxCalls=1, timeWindowSeconds=7200, callIntervalSeconds=0}})
06-11 10:45:55.752 11083 11791 D CloudConfig_stgyHelper: getSupportKitMode localSdkVersion : 1227
06-11 10:45:55.757 11083 11738 I MSP-LOG-SDK-MspSdk: Sdk has initialized! version:2.0.1.14
06-11 10:45:55.758 11083 11791 D CloudConfig_stgyHelper: mspVersionCanSupport mspKitVersion : 2021620
06-11 10:45:55.759 11083 11791 D CloudConfig_stgyHelper: getSupportKitMode strategyEntity : StrategyEntity(sdkInterval=1800000, strategyMode=1, minSDKVersion=1000, minKitVersion=2014122, validReqPeriod=7200000, maxReqProduct=100, forceKitIfKit=false, backoff=120000, enable=true, defaultLimit=RateLimitConfig{maxCalls=1, timeWindowSeconds=7200, callIntervalSeconds=0}, productLimits={global-domain_1281=RateLimitConfig{maxCalls=1, timeWindowSeconds=7200, callIntervalSeconds=0}, 50351=RateLimitConfig{maxCalls=1, timeWindowSeconds=7200, callIntervalSeconds=0}, compass_20092=RateLimitConfig{maxCalls=1, timeWindowSeconds=7200, callIntervalSeconds=0}, global-domain_1961=RateLimitConfig{maxCalls=1, timeWindowSeconds=7200, callIntervalSeconds=0}, compass_2=RateLimitConfig{maxCalls=1, timeWindowSeconds=7200, callIntervalSeconds=0}, mdp_2047=RateLimitConfig{maxCalls=1, timeWindowSeconds=7200, callIntervalSeconds=0}, mdp_2296=RateLimitConfig{maxCalls=1, timeWindowSeconds=7200, callIntervalSeconds=0}, compass_143100=RateLimitConfig{maxCalls=1, timeWindowSeconds=7200, callIntervalSeconds=0}})
06-11 10:45:55.759 11083 11791 D CloudConfig_stgyHelper: getSupportKitMode localSdkVersion : 1227
06-11 10:45:55.759 11083 11738 E MSP-LOG-SDK-RateLimitManager: not_allow_invoke because of time_window_not_allow queue = [1781143252335], config = RateLimitConfig{maxCalls=1, timeWindowSeconds=7200, callIntervalSeconds=0}, ipcInvokeTimeQueueMapKey = com.heytap.nearx.tangramconfig.kit.client.ICloudCtrlServiceModule?@?compass_20092?@?3?@?com.coloros.phonemanager, has already call 1 times in 7200 seconds before
06-11 10:45:55.759 11083 11738 E MSP-LOG-SDK-: MspSdkException{code=3014,message=com.heytap.mspsdk.ratelimit.MspRateLimitExceededException: ipc rate limit exceeded in time window}
06-11 10:45:55.759 11083 11738 E MSP-LOG-SDK-: 	at com.heytap.mspsdk.ratelimit.b.a(RateLimitInterceptor.java:56)
06-11 10:45:55.759 11083 11738 E MSP-LOG-SDK-: 	at com.heytap.mspsdk.interceptor.c.a(StandardListChain.java:40)
06-11 10:45:55.759 11083 11738 E MSP-LOG-SDK-: 	at com.heytap.mspsdk.proxy.b.a(CompatCheckInterceptor.java:30)
06-11 10:45:55.759 11083 11738 E MSP-LOG-SDK-: 	at com.heytap.mspsdk.interceptor.c.a(StandardListChain.java:40)
06-11 10:45:55.759 11083 11738 E MSP-LOG-SDK-: 	at com.heytap.mspsdk.proxy.e.invoke(InnerInvocationHandler.java:202)
06-11 10:45:55.759 11083 11738 E MSP-LOG-SDK-: 	at java.lang.reflect.Proxy.invoke(Proxy.java:1006)
06-11 10:45:55.759 11083 11738 E MSP-LOG-SDK-: 	at $Proxy12.gatewayUpdate(Unknown Source)
06-11 10:45:55.759 11083 11738 E MSP-LOG-SDK-: 	at com.heytap.nearx.tangramconfig.kit.client.KitProxy.gatewayUpdate$lambda$2(KitProxy.kt:20)
06-11 10:45:55.759 11083 11738 E MSP-LOG-SDK-: 	at com.heytap.nearx.tangramconfig.kit.client.KitProxy.a(KitProxy.kt:1)
06-11 10:45:55.759 11083 11738 E MSP-LOG-SDK-: 	at com.heytap.nearx.tangramconfig.kit.client.a.run(R8$$SyntheticClass:9)
06-11 10:45:55.759 11083 11738 E MSP-LOG-SDK-: 	at java.util.concurrent.ThreadPoolExecutor.runWorker(ThreadPoolExecutor.java:1156)
06-11 10:45:55.759 11083 11738 E MSP-LOG-SDK-: 	at java.util.concurrent.ThreadPoolExecutor$Worker.run(ThreadPoolExecutor.java:651)
06-11 10:45:55.759 11083 11738 E MSP-LOG-SDK-: 	at java.lang.Thread.run(Thread.java:1119)
06-11 10:45:55.760 11083 11791 D CloudConfig_stgyHelper: mspVersionCanSupport mspKitVersion : 2021620
06-11 10:45:55.760 11083 11791 D CloudConfig_stgyHelper: getSupportKitMode strategyEntity : StrategyEntity(sdkInterval=1800000, strategyMode=1, minSDKVersion=1000, minKitVersion=2014122, validReqPeriod=7200000, maxReqProduct=100, forceKitIfKit=false, backoff=120000, enable=true, defaultLimit=RateLimitConfig{maxCalls=1, timeWindowSeconds=7200, callIntervalSeconds=0}, productLimits={global-domain_1281=RateLimitConfig{maxCalls=1, timeWindowSeconds=7200, callIntervalSeconds=0}, 50351=RateLimitConfig{maxCalls=1, timeWindowSeconds=7200, callIntervalSeconds=0}, compass_20092=RateLimitConfig{maxCalls=1, timeWindowSeconds=7200, callIntervalSeconds=0}, global-domain_1961=RateLimitConfig{maxCalls=1, timeWindowSeconds=7200, callIntervalSeconds=0}, compass_2=RateLimitConfig{maxCalls=1, timeWindowSeconds=7200, callIntervalSeconds=0}, mdp_2047=RateLimitConfig{maxCalls=1, timeWindowSeconds=7200, callIntervalSeconds=0}, mdp_2296=RateLimitConfig{maxCalls=1, timeWindowSeconds=7200, callIntervalSeconds=0}, compass_143100=RateLimitConfig{maxCalls=1, timeWindowSeconds=7200, callIntervalSeconds=0}})
06-11 10:45:55.760 11083 11791 D CloudConfig_stgyHelper: getSupportKitMode localSdkVersion : 1227
06-11 10:45:55.762 11083 11730 I MSP-LOG-SDK-MspSdk: Sdk has initialized! version:2.0.1.14
06-11 10:45:55.763 11083 11730 E MSP-LOG-SDK-RateLimitManager: not_allow_invoke because of time_window_not_allow queue = [1781143252335], config = RateLimitConfig{maxCalls=1, timeWindowSeconds=7200, callIntervalSeconds=0}, ipcInvokeTimeQueueMapKey = com.heytap.nearx.tangramconfig.kit.client.ICloudCtrlServiceModule?@?compass_143100?@?3?@?com.coloros.phonemanager, has already call 1 times in 7200 seconds before
06-11 10:45:55.763 11083 11730 E MSP-LOG-SDK-: MspSdkException{code=3014,message=com.heytap.mspsdk.ratelimit.MspRateLimitExceededException: ipc rate limit exceeded in time window}
06-11 10:45:55.763 11083 11730 E MSP-LOG-SDK-: 	at com.heytap.mspsdk.ratelimit.b.a(RateLimitInterceptor.java:56)
06-11 10:45:55.763 11083 11730 E MSP-LOG-SDK-: 	at com.heytap.mspsdk.interceptor.c.a(StandardListChain.java:40)
06-11 10:45:55.763 11083 11730 E MSP-LOG-SDK-: 	at com.heytap.mspsdk.proxy.b.a(CompatCheckInterceptor.java:30)
06-11 10:45:55.763 11083 11730 E MSP-LOG-SDK-: 	at com.heytap.mspsdk.interceptor.c.a(StandardListChain.java:40)
06-11 10:45:55.763 11083 11730 E MSP-LOG-SDK-: 	at com.heytap.mspsdk.proxy.e.invoke(InnerInvocationHandler.java:202)
06-11 10:45:55.763 11083 11730 E MSP-LOG-SDK-: 	at java.lang.reflect.Proxy.invoke(Proxy.java:1006)
06-11 10:45:55.763 11083 11730 E MSP-LOG-SDK-: 	at $Proxy12.gatewayUpdate(Unknown Source)
06-11 10:45:55.763 11083 11730 E MSP-LOG-SDK-: 	at com.heytap.nearx.tangramconfig.kit.client.KitProxy.gatewayUpdate$lambda$2(KitProxy.kt:20)
06-11 10:45:55.763 11083 11730 E MSP-LOG-SDK-: 	at com.heytap.nearx.tangramconfig.kit.client.KitProxy.a(KitProxy.kt:1)
06-11 10:45:55.763 11083 11730 E MSP-LOG-SDK-: 	at com.heytap.nearx.tangramconfig.kit.client.a.run(R8$$SyntheticClass:9)
06-11 10:45:55.763 11083 11730 E MSP-LOG-SDK-: 	at java.util.concurrent.ThreadPoolExecutor.runWorker(ThreadPoolExecutor.java:1156)
06-11 10:45:55.763 11083 11730 E MSP-LOG-SDK-: 	at java.util.concurrent.ThreadPoolExecutor$Worker.run(ThreadPoolExecutor.java:651)
06-11 10:45:55.763 11083 11730 E MSP-LOG-SDK-: 	at java.lang.Thread.run(Thread.java:1119)
06-11 10:45:55.835  6858  8079 D gaia-GaiaConnectChecker: start connect check++
06-11 10:45:55.846 11083 11791 D CloudConfig_stgyHelper: mspVersionCanSupport mspKitVersion : 2021620
06-11 10:45:55.847 11083 11791 D CloudConfig_stgyHelper: getSupportKitMode strategyEntity : StrategyEntity(sdkInterval=1800000, strategyMode=1, minSDKVersion=1000, minKitVersion=2014122, validReqPeriod=7200000, maxReqProduct=100, forceKitIfKit=false, backoff=120000, enable=true, defaultLimit=RateLimitConfig{maxCalls=1, timeWindowSeconds=7200, callIntervalSeconds=0}, productLimits={global-domain_1281=RateLimitConfig{maxCalls=1, timeWindowSeconds=7200, callIntervalSeconds=0}, 50351=RateLimitConfig{maxCalls=1, timeWindowSeconds=7200, callIntervalSeconds=0}, compass_20092=RateLimitConfig{maxCalls=1, timeWindowSeconds=7200, callIntervalSeconds=0}, global-domain_1961=RateLimitConfig{maxCalls=1, timeWindowSeconds=7200, callIntervalSeconds=0}, compass_2=RateLimitConfig{maxCalls=1, timeWindowSeconds=7200, callIntervalSeconds=0}, mdp_2047=RateLimitConfig{maxCalls=1, timeWindowSeconds=7200, callIntervalSeconds=0}, mdp_2296=RateLimitConfig{maxCalls=1, timeWindowSeconds=7200, callIntervalSeconds=0}, compass_143100=RateLimitConfig{maxCalls=1, timeWindowSeconds=7200, callIntervalSeconds=0}})
06-11 10:45:55.848 11083 11791 D CloudConfig_stgyHelper: getSupportKitMode localSdkVersion : 1227
06-11 10:45:55.849 11083 11791 D CloudConfig_stgyHelper: mspVersionCanSupport mspKitVersion : 2021620
06-11 10:45:55.850 11083 11791 D CloudConfig_stgyHelper: getSupportKitMode strategyEntity : StrategyEntity(sdkInterval=1800000, strategyMode=1, minSDKVersion=1000, minKitVersion=2014122, validReqPeriod=7200000, maxReqProduct=100, forceKitIfKit=false, backoff=120000, enable=true, defaultLimit=RateLimitConfig{maxCalls=1, timeWindowSeconds=7200, callIntervalSeconds=0}, productLimits={global-domain_1281=RateLimitConfig{maxCalls=1, timeWindowSeconds=7200, callIntervalSeconds=0}, 50351=RateLimitConfig{maxCalls=1, timeWindowSeconds=7200, callIntervalSeconds=0}, compass_20092=RateLimitConfig{maxCalls=1, timeWindowSeconds=7200, callIntervalSeconds=0}, global-domain_1961=RateLimitConfig{maxCalls=1, timeWindowSeconds=7200, callIntervalSeconds=0}, compass_2=RateLimitConfig{maxCalls=1, timeWindowSeconds=7200, callIntervalSeconds=0}, mdp_2047=RateLimitConfig{maxCalls=1, timeWindowSeconds=7200, callIntervalSeconds=0}, mdp_2296=RateLimitConfig{maxCalls=1, timeWindowSeconds=7200, callIntervalSeconds=0}, compass_143100=RateLimitConfig{maxCalls=1, timeWindowSeconds=7200, callIntervalSeconds=0}})
06-11 10:45:55.850  1667 15952 I sensors-hal: handle_oplus_wise_rgb_event:230, wise_rgb:algo_type = 3
06-11 10:45:55.850  1667 15952 I sensors-hal: handle_oplus_wise_rgb_event:285, wise_rgb: raw_lux 513.014832, raw_cct 6407.553711, r/g/b/c: 40080.695312/35034.691406/19835.455078/89317.257812, R/G/B: 0.000000/0.000000/0.000000, brl 1529.000000, lux: 513.014832, cct: 6407.553711, ts 243353168045166, cnt 7433
06-11 10:45:55.850 11083 11791 D CloudConfig_stgyHelper: getSupportKitMode localSdkVersion : 1227
06-11 10:45:55.854 11083 11778 I MSP-LOG-SDK-MspSdk: Sdk has initialized! version:2.0.1.14
06-11 10:45:55.855  3189  5627 D KEYLOG_KeyCombinationManager: down true downTime 201449578 action 0 count 0 isDefaultDisplayInteractive true eventTime 201449578 mDownTimes: {}
06-11 10:45:55.855  3189  5627 D KEYLOG_PhoneWindowManagerExtImpl: overrideInterceptKeyBeforeQueueing:KeyEvent { action=ACTION_DOWN, keyCode=KEYCODE_VOLUME_UP, scanCode=0, metaState=0, flags=0x0, repeatCount=0, eventTime=201449578000000, downTime=201449578000000, deviceId=-1, source=0x0, displayId=-1 },  keyguardOn = false,  screenOn = true,  policyFlags = 721420288,  SosPowerKeyEnabled = true,  WalletSwitchState = 1,  IsQuickLaunchSupport = true,  IsDoubleCheckAppSupport = false,  isQuickAppOn=false,  canceled = false
06-11 10:45:55.855  3189  5627 D KEYLOG_OplusKeyCombinationManager: down true keyCode 24 count 0 interactive true eventTime 201449578 mDownTimes: {}
06-11 10:45:55.855 11083 11778 E MSP-LOG-SDK-RateLimitManager: not_allow_invoke because of time_window_not_allow queue = [1781143252335], config = RateLimitConfig{maxCalls=1, timeWindowSeconds=7200, callIntervalSeconds=0}, ipcInvokeTimeQueueMapKey = com.heytap.nearx.tangramconfig.kit.client.ICloudCtrlServiceModule?@?compass_20092?@?3?@?com.coloros.phonemanager, has already call 1 times in 7200 seconds before
06-11 10:45:55.855  3189  5627 I OplusJoystickManager: read game pad state for game manager -> false
06-11 10:45:55.855  3189  5627 W OplusJoystickManager: mInterceptGamepadKey is false
06-11 10:45:55.855  3189  5627 D OplusCustomizeRestrictionManagerService: isLongPressVolumeUpDisabled start
06-11 10:45:55.855  3189  5627 I STKeyLog_StrategyDisableBottomKey: onBeforeQueueing : mIsUpGestureMode=false,mDisableBottomKeyMode0
06-11 10:45:55.855  3189  5627 D STKeyLog_StrategyBlackscreenshot: notifyKeyBeforeQueueing, downTime201449578, action=0, interactive=true
06-11 10:45:55.855 11083 11778 E MSP-LOG-SDK-: MspSdkException{code=3014,message=com.heytap.mspsdk.ratelimit.MspRateLimitExceededException: ipc rate limit exceeded in time window}
06-11 10:45:55.855 11083 11778 E MSP-LOG-SDK-: 	at com.heytap.mspsdk.ratelimit.b.a(RateLimitInterceptor.java:56)
06-11 10:45:55.855 11083 11778 E MSP-LOG-SDK-: 	at com.heytap.mspsdk.interceptor.c.a(StandardListChain.java:40)
06-11 10:45:55.855 11083 11778 E MSP-LOG-SDK-: 	at com.heytap.mspsdk.proxy.b.a(CompatCheckInterceptor.java:30)
06-11 10:45:55.855 11083 11778 E MSP-LOG-SDK-: 	at com.heytap.mspsdk.interceptor.c.a(StandardListChain.java:40)
06-11 10:45:55.855 11083 11778 E MSP-LOG-SDK-: 	at com.heytap.mspsdk.proxy.e.invoke(InnerInvocationHandler.java:202)
06-11 10:45:55.855 11083 11778 E MSP-LOG-SDK-: 	at java.lang.reflect.Proxy.invoke(Proxy.java:1006)
06-11 10:45:55.855 11083 11778 E MSP-LOG-SDK-: 	at $Proxy12.gatewayUpdate(Unknown Source)
06-11 10:45:55.855 11083 11778 E MSP-LOG-SDK-: 	at com.heytap.nearx.tangramconfig.kit.client.KitProxy.gatewayUpdate$lambda$2(KitProxy.kt:20)
06-11 10:45:55.855 11083 11778 E MSP-LOG-SDK-: 	at com.heytap.nearx.tangramconfig.kit.client.KitProxy.a(KitProxy.kt:1)
06-11 10:45:55.855 11083 11778 E MSP-LOG-SDK-: 	at com.heytap.nearx.tangramconfig.kit.client.a.run(R8$$SyntheticClass:9)
06-11 10:45:55.855 11083 11778 E MSP-LOG-SDK-: 	at java.util.concurrent.ThreadPoolExecutor.runWorker(ThreadPoolExecutor.java:1156)
06-11 10:45:55.855 11083 11778 E MSP-LOG-SDK-: 	at java.util.concurrent.ThreadPoolExecutor$Worker.run(ThreadPoolExecutor.java:651)
06-11 10:45:55.855 11083 11778 E MSP-LOG-SDK-: 	at java.lang.Thread.run(Thread.java:1119)
06-11 10:45:55.856 11083 11791 D CloudConfig_stgyHelper: mspVersionCanSupport mspKitVersion : 2021620
06-11 10:45:55.856  3189  5627 D KEYLOG_PhoneWindowManager: interceptKeyBeforeQueueing downTime=201449578 action = 0 interactive=true keyguardActive=false policyFlags=2b000000 isInjected=true isWakeKey=false isKeyGestureTriggered=false
06-11 10:45:55.856  3189  5627 I VibratorManagerServiceExtImpl: cancelVibrate uid=1000, pid=3189, usageFilter=-15, token=193946947
06-11 10:45:55.856  4329 24913 D RingtonePlayer: stopAsync()
06-11 10:45:55.856  4329 24913 D RingtonePlayer: stop
06-11 10:45:55.856  3189  5627 D AS.AudioService: uid 1000, callingApp = android.uid.system:1000
06-11 10:45:55.857  3189  3332 D PowerManagerService: userActivityNoUpdateLocked: groupId=0, eventTime=201449578, event=button, flags=0x0, uid=1000
06-11 10:45:55.859 11083 11791 D CloudConfig_stgyHelper: getSupportKitMode strategyEntity : StrategyEntity(sdkInterval=1800000, strategyMode=1, minSDKVersion=1000, minKitVersion=2014122, validReqPeriod=7200000, maxReqProduct=100, forceKitIfKit=false, backoff=120000, enable=true, defaultLimit=RateLimitConfig{maxCalls=1, timeWindowSeconds=7200, callIntervalSeconds=0}, productLimits={global-domain_1281=RateLimitConfig{maxCalls=1, timeWindowSeconds=7200, callIntervalSeconds=0}, 50351=RateLimitConfig{maxCalls=1, timeWindowSeconds=7200, callIntervalSeconds=0}, compass_20092=RateLimitConfig{maxCalls=1, timeWindowSeconds=7200, callIntervalSeconds=0}, global-domain_1961=RateLimitConfig{maxCalls=1, timeWindowSeconds=7200, callIntervalSeconds=0}, compass_2=RateLimitConfig{maxCalls=1, timeWindowSeconds=7200, callIntervalSeconds=0}, mdp_2047=RateLimitConfig{maxCalls=1, timeWindowSeconds=7200, callIntervalSeconds=0}, mdp_2296=RateLimitConfig{maxCalls=1, timeWindowSeconds=7200, callIntervalSeconds=0}, compass_143100=RateLimitConfig{maxCalls=1, timeWindowSeconds=7200, callIntervalSeconds=0}})
06-11 10:45:55.859 11083 11791 D CloudConfig_stgyHelper: getSupportKitMode localSdkVersion : 1227
06-11 10:45:55.860 11083 11791 D CloudConfig_stgyHelper: mspVersionCanSupport mspKitVersion : 2021620
06-11 10:45:55.861 11083 11791 D CloudConfig_stgyHelper: getSupportKitMode strategyEntity : StrategyEntity(sdkInterval=1800000, strategyMode=1, minSDKVersion=1000, minKitVersion=2014122, validReqPeriod=7200000, maxReqProduct=100, forceKitIfKit=false, backoff=120000, enable=true, defaultLimit=RateLimitConfig{maxCalls=1, timeWindowSeconds=7200, callIntervalSeconds=0}, productLimits={global-domain_1281=RateLimitConfig{maxCalls=1, timeWindowSeconds=7200, callIntervalSeconds=0}, 50351=RateLimitConfig{maxCalls=1, timeWindowSeconds=7200, callIntervalSeconds=0}, compass_20092=RateLimitConfig{maxCalls=1, timeWindowSeconds=7200, callIntervalSeconds=0}, global-domain_1961=RateLimitConfig{maxCalls=1, timeWindowSeconds=7200, callIntervalSeconds=0}, compass_2=RateLimitConfig{maxCalls=1, timeWindowSeconds=7200, callIntervalSeconds=0}, mdp_2047=RateLimitConfig{maxCalls=1, timeWindowSeconds=7200, callIntervalSeconds=0}, mdp_2296=RateLimitConfig{maxCalls=1, timeWindowSeconds=7200, callIntervalSeconds=0}, compass_143100=RateLimitConfig{maxCalls=1, timeWindowSeconds=7200, callIntervalSeconds=0}})
06-11 10:45:55.861 11083 11791 D CloudConfig_stgyHelper: getSupportKitMode localSdkVersion : 1227
06-11 10:45:55.862 11083 11741 I MSP-LOG-SDK-MspSdk: Sdk has initialized! version:2.0.1.14
06-11 10:45:55.863 11083 11741 E MSP-LOG-SDK-RateLimitManager: not_allow_invoke because of time_window_not_allow queue = [1781143252335], config = RateLimitConfig{maxCalls=1, timeWindowSeconds=7200, callIntervalSeconds=0}, ipcInvokeTimeQueueMapKey = com.heytap.nearx.tangramconfig.kit.client.ICloudCtrlServiceModule?@?compass_143100?@?3?@?com.coloros.phonemanager, has already call 1 times in 7200 seconds before
06-11 10:45:55.863 11083 11741 E MSP-LOG-SDK-: MspSdkException{code=3014,message=com.heytap.mspsdk.ratelimit.MspRateLimitExceededException: ipc rate limit exceeded in time window}
06-11 10:45:55.863 11083 11741 E MSP-LOG-SDK-: 	at com.heytap.mspsdk.ratelimit.b.a(RateLimitInterceptor.java:56)
06-11 10:45:55.863 11083 11741 E MSP-LOG-SDK-: 	at com.heytap.mspsdk.interceptor.c.a(StandardListChain.java:40)
06-11 10:45:55.863 11083 11741 E MSP-LOG-SDK-: 	at com.heytap.mspsdk.proxy.b.a(CompatCheckInterceptor.java:30)
06-11 10:45:55.863 11083 11741 E MSP-LOG-SDK-: 	at com.heytap.mspsdk.interceptor.c.a(StandardListChain.java:40)
06-11 10:45:55.863 11083 11741 E MSP-LOG-SDK-: 	at com.heytap.mspsdk.proxy.e.invoke(InnerInvocationHandler.java:202)
06-11 10:45:55.863 11083 11741 E MSP-LOG-SDK-: 	at java.lang.reflect.Proxy.invoke(Proxy.java:1006)
06-11 10:45:55.863 11083 11741 E MSP-LOG-SDK-: 	at $Proxy12.gatewayUpdate(Unknown Source)
06-11 10:45:55.863 11083 11741 E MSP-LOG-SDK-: 	at com.heytap.nearx.tangramconfig.kit.client.KitProxy.gatewayUpdate$lambda$2(KitProxy.kt:20)
06-11 10:45:55.863 11083 11741 E MSP-LOG-SDK-: 	at com.heytap.nearx.tangramconfig.kit.client.KitProxy.a(KitProxy.kt:1)
06-11 10:45:55.863 11083 11741 E MSP-LOG-SDK-: 	at com.heytap.nearx.tangramconfig.kit.client.a.run(R8$$SyntheticClass:9)
06-11 10:45:55.863 11083 11741 E MSP-LOG-SDK-: 	at java.util.concurrent.ThreadPoolExecutor.runWorker(ThreadPoolExecutor.java:1156)
06-11 10:45:55.863 11083 11741 E MSP-LOG-SDK-: 	at java.util.concurrent.ThreadPoolExecutor$Worker.run(ThreadPoolExecutor.java:651)
06-11 10:45:55.863 11083 11741 E MSP-LOG-SDK-: 	at java.lang.Thread.run(Thread.java:1119)
06-11 10:45:55.865  1656  5071 D vendor.qti.bluetooth@1.0-wake_lock: [wake_lock.cpp:158] Release wakelock is released 
06-11 10:45:55.920  6550  6590 I JPEG_JNI: EnterExeTask  controller.background_task_controller process {"client":"infer"}
06-11 10:45:55.920  6550  6590 I JPEG_JNI: LeaveExeTask  module controller.background_task_controller 
06-11 10:45:55.920  6550  6590 I JPEG_JNI:  func process  
06-11 10:45:55.920  6550  6590 I JPEG_JNI:  input {"client":"infer"} 
06-11 10:45:55.920  6550  6590 I JPEG_JNI:  ret {}
06-11 10:45:55.953  3189  4433 I OplusHansManager : uid=10136, pkg=com.baidu.input_oppo cannot transition from R to M, importance=input
06-11 10:45:55.954  3189  4433 I OplusHansManager : uid=10370, pkg=com.tencent.android.qqdownloader cannot transition from R to M, importance=screenRecorder
06-11 10:45:55.974  4639  8246 D CommonApp-194-10602: commonScoreStrategy scenarios 1
06-11 10:45:55.975  4639  8246 D CommonApp-194-10602: notifyScoreChange appScene COMMON score 100
06-11 10:45:55.975  4639  8246 D ScorePolicy: handleScoreChanged: []
06-11 10:45:55.975  4639  8246 D ScorePolicy: handleScoreChanged: []
06-11 10:45:55.975  4639  8246 D ScorePolicy: handleScoreChanged: []
06-11 10:45:56.006  3189  3806 E OplusInputDeviceUtil: api level < 36 or inputDevice is null, return false
06-11 10:45:56.006  3189  3806 D KEYLOG_KeyGestureControllerExtlmpl: interceptOldShortcuts, mIsShortCutMenuShow = false mPendingMetaActionForOld = false mLongPressHandled = false
06-11 10:45:56.006  3189  3806 D STKeyLog_StrategyPadKeyBoardShortcut: excuteShortCut, interactive = true
06-11 10:45:56.006  3189  3806 D OplusCustomizeRestrictionManagerService: isLongPressVolumeUpDisabled start
06-11 10:45:56.007  3189  3332 D PowerManagerService: userActivityNoUpdateLocked: groupId=0, eventTime=201449578, event=button, flags=0x0, uid=1000
06-11 10:45:56.012  9206  9206 I GlobalHandwriting: onUpdateEditorToolType = 0
06-11 10:45:56.012  6058  6058 I MinimalGlobe: Debug zoom scale=1.18 | tiles vis=43 cached=67 renderSurface=27 exact=27 parent=0 missing=0 unsupported=16 kicked=0 retained=0 z=2-16 targetZ=2-16 texZ=2-16 lod=512 eq=0 qRender=43 qWalk=70 qBal=0 qFrustum=87 qHz=0 qEq2=0 grp=27/0/16 ellAlt=691.17 sphAlt=-4498.62 radius=6373638.38 FPS=60.1 draw=29
06-11 10:45:56.013  3189  5627 D KEYLOG_KeyCombinationManager: down false downTime 201449578 action 1 count 1 isDefaultDisplayInteractive true eventTime 201449735 mDownTimes: {24=201449578}
06-11 10:45:56.013  3189  5627 D KEYLOG_PhoneWindowManagerExtImpl: overrideInterceptKeyBeforeQueueing:KeyEvent { action=ACTION_UP, keyCode=KEYCODE_VOLUME_UP, scanCode=0, metaState=0, flags=0x0, repeatCount=0, eventTime=201449735000000, downTime=201449578000000, deviceId=-1, source=0x0, displayId=-1 },  keyguardOn = false,  screenOn = true,  policyFlags = 721420288,  SosPowerKeyEnabled = true,  WalletSwitchState = 1,  IsQuickLaunchSupport = true,  IsDoubleCheckAppSupport = false,  isQuickAppOn=false,  canceled = false
06-11 10:45:56.013  3189  5627 D KEYLOG_OplusKeyCombinationManager: down false keyCode 24 count 0 interactive true eventTime 201449735 mDownTimes: {24=201449578}
06-11 10:45:56.013  3189  5627 I OplusJoystickManager: read game pad state for game manager -> false
06-11 10:45:56.013  3189  5627 W OplusJoystickManager: mInterceptGamepadKey is false
06-11 10:45:56.013  3189  5627 D OplusCustomizeRestrictionManagerService: isLongPressVolumeUpDisabled start
06-11 10:45:56.013  3189  5627 I STKeyLog_StrategyDisableBottomKey: onBeforeQueueing : mIsUpGestureMode=false,mDisableBottomKeyMode0
06-11 10:45:56.013  3189  5627 D STKeyLog_StrategyBlackscreenshot: notifyKeyBeforeQueueing, downTime201449578, action=1, interactive=true
06-11 10:45:56.013  3189  5627 D KEYLOG_PhoneWindowManager: interceptKeyBeforeQueueing downTime=201449578 action = 1 interactive=true keyguardActive=false policyFlags=2b000000 isInjected=true isWakeKey=false isKeyGestureTriggered=false
06-11 10:45:56.014  3189  3806 E OplusInputDeviceUtil: api level < 36 or inputDevice is null, return false
06-11 10:45:56.014  3189  3806 D STKeyLog_StrategyPadKeyBoardShortcut: excuteShortCut, interactive = true
06-11 10:45:56.014  3189  3806 D OplusCustomizeRestrictionManagerService: isLongPressVolumeUpDisabled start
06-11 10:45:56.014  3189  3332 D PowerManagerService: userActivityNoUpdateLocked: groupId=0, eventTime=201449735, event=button, flags=0x0, uid=1000
06-11 10:45:56.015  3189  3332 D PowerManagerService: userActivityNoUpdateLocked: groupId=0, eventTime=201449735, event=button, flags=0x0, uid=1000
06-11 10:45:56.027  3189  5976 D MediaSessionService: dispatchVolumeKeyEvent, pkg=com.earthengine.minimalglobe, opPkg=com.earthengine.minimalglobe, pid=6058, uid=10602, asSystem=true, event=KeyEvent { action=ACTION_UP, keyCode=KEYCODE_VOLUME_UP, scanCode=0, metaState=0, flags=0x0, repeatCount=0, eventTime=201449735000000, downTime=201449578000000, deviceId=-1, source=0x0, displayId=-1 }, stream=-2147483648, musicOnly=false
06-11 10:45:56.027  3189  5976 D MediaSessionService: Adjusting suggestedStream=-2147483648 by 0. flags=4116, preferSuggestedStream=false, session=null, musicOnly false
06-11 10:45:56.027  3189  3189 E MediaSessionService: sPid is 3189 sTid:3189
06-11 10:45:56.031  3189  3189 D AudioServiceExtImpl: ringVolumeDefault :0
06-11 10:45:56.031  3189  3189 V AudioServiceExtImpl: oplusGetParameters() keyValuePairs:OPLUS_AUDIO_GET_ADJUSTVOLUME_FORBID, uid: 1000
06-11 10:45:56.032  3189  3189 D AS.AudioService: sendVolumeUpdate streamType=3, index=800, flags=4112
06-11 10:45:56.032  3189  3189 D VolumeController: postVolumeChanged streamType=3, flags=4112
06-11 10:45:56.033  4329  5186 I SystemUi--Volume: vol.VolumeDialogControl-->shouldShowUI wakefulness:2 ,mDeviceInteractive:true ,mShowVolumeDialog:true
06-11 10:45:56.034  4329  5186 I SystemUi--Volume: vol.VolumeDialogControl-->onVolumeChangedW stream:3,flags:4112 ,showUI:false ,fromKey:true ,showVibrateHint:false ,showSilentHint:false ,changed:false
06-11 10:45:56.034  4329  5186 I SystemUi--Volume: vol.VolumeDialogControl-->shouldShowUI wakefulness:2 ,mDeviceInteractive:true ,mShowVolumeDialog:true
06-11 10:45:56.034  4329  4329 I SystemUi--Volume: OplusVolumeDialogImpl-->onVolumeKeyStateChange isMultiMediaSettingsEnable:false,screenState:2
06-11 10:45:56.050  1667 15952 I sensors-hal: handle_oplus_wise_rgb_event:230, wise_rgb:algo_type = 3
06-11 10:45:56.050  1667 15952 I sensors-hal: handle_oplus_wise_rgb_event:285, wise_rgb: raw_lux 511.454224, raw_cct 6428.389648, r/g/b/c: 40168.023438/35100.703125/19872.962891/89404.101562, R/G/B: 0.000000/0.000000/0.000000, brl 1529.000000, lux: 511.454224, cct: 6428.389648, ts 243353367799124, cnt 7434
06-11 10:45:56.050  1667 15988 I sensors-hal: get_brightness:1652, light_iface: get_brightness, brl 1529, pwm_turbo_on 0/0, hbm_dc 0
06-11 10:45:56.181 11083 13837 I os.phonemanager: AssetManager2(0xb400007931dbc828) locale list changing from [] to [zh-CN]
06-11 10:45:56.189 11083 13837 I os.phonemanager: AssetManager2(0xb400007931dbcb28) locale list changing from [] to [zh-CN]
06-11 10:45:56.204 11083 13837 I os.phonemanager: AssetManager2(0xb400007a7dbdb028) locale list changing from [] to [zh-CN]
06-11 10:45:56.209 24785 25373 I KcSdk   : [KcState] auto_check_msg: NET_RETRY
06-11 10:45:56.210 11083 13837 I os.phonemanager: AssetManager2(0xb400007a7dbdb328) locale list changing from [] to [zh-CN]
06-11 10:45:56.211 24785 25373 I KcSdk   : [KcState] [checkChange]: errorCode:-10001subErrorCode:0, isKingCard:false, apn:null, requestParamType:0, requestParamValue:null, unicomRet:0, Product:0
06-11 10:45:56.212 24785 25373 I KcSdk   : [KcState] [notifyNetworkChange] - (true) OrderCheckResult{kingcard=0, errorCode=-10001, subErrorCode=0, product=0, phoneNum='null', operator=-2, activationUrl='https://personalkingcard.3g.qq.com/activity/personal/index.html#/?logintype=2&j=1&src=76_1_u&sdi_from=20', stateTag='null', extra='null'}
06-11 10:45:56.212 24785 25373 I KcSdk   : [KcState] [notifyNetworkChange] - (false) OrderCheckResult{kingcard=0, errorCode=-10001, subErrorCode=0, product=0, phoneNum='null', operator=-2, activationUrl='https://personalkingcard.3g.qq.com/activity/personal/index.html#/?logintype=2&j=1&src=76_1_u&sdi_from=20', stateTag='null', extra='null'}
06-11 10:45:56.231 11083 13837 I os.phonemanager: AssetManager2(0xb400007a7dbdb928) locale list changing from [] to [zh-CN]
06-11 10:45:56.238 11083 13837 I os.phonemanager: AssetManager2(0xb400007a7dbdce28) locale list changing from [] to [zh-CN]
06-11 10:45:56.248  1316  6586 I keystore2: system/security/keystore2/watchdog/src/lib.rs:377 - Watchdog thread idle -> terminating. Have a great day.
06-11 10:45:56.248 11083 13837 I os.phonemanager: AssetManager2(0xb400007a7dbdc228) locale list changing from [] to [zh-CN]
06-11 10:45:56.250  1667 15952 I sensors-hal: handle_oplus_wise_rgb_event:230, wise_rgb:algo_type = 3
06-11 10:45:56.250  1667 15952 I sensors-hal: handle_oplus_wise_rgb_event:285, wise_rgb: raw_lux 514.691101, raw_cct 6442.387207, r/g/b/c: 40026.050781/34866.429688/19787.525391/88984.937500, R/G/B: 0.000000/0.000000/0.000000, brl 1529.000000, lux: 514.691101, cct: 6442.387207, ts 243353567534906, cnt 7435
06-11 10:45:56.252  6089  6168 E horae   : 0: back:34598,frame:35631,front:36486, 23 5, +(-3186), 1 ,33300,41371,40432,41103,41070, target_temp:36486, algo:0
06-11 10:45:56.260 11083 13837 I os.phonemanager: AssetManager2(0xb400007a7dbdd728) locale list changing from [] to [zh-CN]
06-11 10:45:56.272 11083 13837 I os.phonemanager: AssetManager2(0xb400007a7dbddd28) locale list changing from [] to [zh-CN]
06-11 10:45:56.273  1800  1924 D BatteryChargeControl: bcc get no support from charging protocol
06-11 10:45:56.282 11083 13837 I os.phonemanager: AssetManager2(0xb40000793be7ac28) locale list changing from [] to [zh-CN]
06-11 10:45:56.288 11083 13837 I os.phonemanager: AssetManager2(0xb400007a7dbdda28) locale list changing from [] to [zh-CN]
06-11 10:45:56.297 11083 13837 I os.phonemanager: AssetManager2(0xb40000793be7c128) locale list changing from [] to [zh-CN]
06-11 10:45:56.306 11083 13837 I os.phonemanager: AssetManager2(0xb40000793be7b228) locale list changing from [] to [zh-CN]
06-11 10:45:56.316 11083 13837 I os.phonemanager: AssetManager2(0xb40000793be7ca28) locale list changing from [] to [zh-CN]
06-11 10:45:56.331 11083 13837 I os.phonemanager: AssetManager2(0xb40000793be7cd28) locale list changing from [] to [zh-CN]
06-11 10:45:56.343 11083 13837 I os.phonemanager: AssetManager2(0xb40000793beda028) locale list changing from [] to [zh-CN]
06-11 10:45:56.361 11083 13837 I os.phonemanager: AssetManager2(0xb40000793beda328) locale list changing from [] to [zh-CN]
06-11 10:45:56.362  3189  5976 D KEYLOG_KeyCombinationManager: down true downTime 201450084 action 0 count 0 isDefaultDisplayInteractive true eventTime 201450084 mDownTimes: {}
06-11 10:45:56.362  3189  5976 D KEYLOG_PhoneWindowManagerExtImpl: overrideInterceptKeyBeforeQueueing:KeyEvent { action=ACTION_DOWN, keyCode=KEYCODE_VOLUME_UP, scanCode=0, metaState=0, flags=0x0, repeatCount=0, eventTime=201450084000000, downTime=201450084000000, deviceId=-1, source=0x0, displayId=-1 },  keyguardOn = false,  screenOn = true,  policyFlags = 721420288,  SosPowerKeyEnabled = true,  WalletSwitchState = 1,  IsQuickLaunchSupport = true,  IsDoubleCheckAppSupport = false,  isQuickAppOn=false,  canceled = false
06-11 10:45:56.362  3189  5976 D KEYLOG_OplusKeyCombinationManager: down true keyCode 24 count 0 interactive true eventTime 201450084 mDownTimes: {}
06-11 10:45:56.362  3189  5976 I OplusJoystickManager: read game pad state for game manager -> false
06-11 10:45:56.362  3189  5976 W OplusJoystickManager: mInterceptGamepadKey is false
06-11 10:45:56.363  3189  5976 D OplusCustomizeRestrictionManagerService: isLongPressVolumeUpDisabled start
06-11 10:45:56.363  3189  5976 I STKeyLog_StrategyDisableBottomKey: onBeforeQueueing : mIsUpGestureMode=false,mDisableBottomKeyMode0
06-11 10:45:56.363  3189  5976 D STKeyLog_StrategyBlackscreenshot: notifyKeyBeforeQueueing, downTime201450084, action=0, interactive=true
06-11 10:45:56.363  3189  5976 D KEYLOG_PhoneWindowManager: interceptKeyBeforeQueueing downTime=201450084 action = 0 interactive=true keyguardActive=false policyFlags=2b000000 isInjected=true isWakeKey=false isKeyGestureTriggered=false
06-11 10:45:56.364  3189  5976 I VibratorManagerServiceExtImpl: cancelVibrate uid=1000, pid=3189, usageFilter=-15, token=193946947
06-11 10:45:56.364  3189  5976 D AS.AudioService: uid 1000, callingApp = android.uid.system:1000
06-11 10:45:56.365  4329  7959 D RingtonePlayer: stopAsync()
06-11 10:45:56.365  4329  7959 D RingtonePlayer: stop
06-11 10:45:56.367  3189  3332 D PowerManagerService: userActivityNoUpdateLocked: groupId=0, eventTime=201450084, event=button, flags=0x0, uid=1000
06-11 10:45:56.374 11083 13837 I os.phonemanager: AssetManager2(0xb40000793beda628) locale list changing from [] to [zh-CN]
06-11 10:45:56.387 11083 13837 I os.phonemanager: AssetManager2(0xb40000793beda928) locale list changing from [] to [zh-CN]
06-11 10:45:56.396 11083 13837 I os.phonemanager: AssetManager2(0xb40000793bedac28) locale list changing from [] to [zh-CN]
06-11 10:45:56.402 11083 13837 I os.phonemanager: AssetManager2(0xb40000793bedaf28) locale list changing from [] to [zh-CN]
06-11 10:45:56.406 11083 13837 I os.phonemanager: AssetManager2(0xb40000793bedb228) locale list changing from [] to [zh-CN]
06-11 10:45:56.421  6550  6590 I JPEG_JNI: EnterExeTask  controller.background_task_controller process {"client":"infer"}
06-11 10:45:56.423  6550  6590 D JPEG_JNI: CallJavaFunc funcName: DccTunnel
06-11 10:45:56.423  6550  6590 D JPEG_JNI: CallJavaFunc funcInput: {"eventGroup": "fe", "eventId": "train", "data": {"parse_config": 0, "import_mnn_lib": 1, "read_dynamic_config": 1, "import_modules": 53, "python_gc.init": 29, "python_gc_end_time": 1781145945741, "python_gc.delay_init.sched1": 0, "python_gc.delay_init.sched2": 0, "python_gc.profile_controller.warm_up_profile": 1, "python_gc.pull_feature.init": 11, "feature_extract.init_import_common": 1, "feature_extract.init_import_pb": 80, "feature_extract.init_import_other": 0, "feature_extract.init_feature_conf": 11, "feature_extract.use_cache": 1, "python_gc.feature_extract.init": 0, "python_gc.inference_module.init": 0, "python_gc.emb_preload.init": 0, "python_gc.inference_controller.warmup": 1, "python_gc.abtest_model.init": 8, "delay_init_end_time": 1781145945855, "python_gc.delay_init.total_cost": 114, "gl_cfg_total_cost": 55, "biz_id": "20123", "type": "cost_stages", "start_time": 1781145945657, "end_time": 1781145945712, "start_reason": "intentInferProcess", "python_core_cost": 84, "python
06-11 10:45:56.424 11083 13837 I os.phonemanager: AssetManager2(0xb40000793bedbb28) locale list changing from [] to [zh-CN]
06-11 10:45:56.434 11083 13837 I os.phonemanager: AssetManager2(0xb40000793bedbe28) locale list changing from [] to [zh-CN]
06-11 10:45:56.435  6550  6590 D JPEG_JNI: freeCharPtr: freeing 1 char pointers
06-11 10:45:56.436  6550  6590 I JPEG_JNI: LeaveExeTask  module controller.background_task_controller 
06-11 10:45:56.436  6550  6590 I JPEG_JNI:  func process  
06-11 10:45:56.436  6550  6590 I JPEG_JNI:  input {"client":"infer"} 
06-11 10:45:56.436  6550  6590 I JPEG_JNI:  ret {}
06-11 10:45:56.441 11083 13837 I os.phonemanager: AssetManager2(0xb40000793bedc128) locale list changing from [] to [zh-CN]
06-11 10:45:56.448 11083 13837 I os.phonemanager: AssetManager2(0xb40000793bedc428) locale list changing from [] to [zh-CN]
06-11 10:45:56.450  1667 15952 I sensors-hal: handle_oplus_wise_rgb_event:230, wise_rgb:algo_type = 3
06-11 10:45:56.450  1667 15952 I sensors-hal: handle_oplus_wise_rgb_event:285, wise_rgb: raw_lux 502.168091, raw_cct 6352.836426, r/g/b/c: 40083.523438/35039.218750/19723.757812/88735.820312, R/G/B: 0.000000/0.000000/0.000000, brl 1529.000000, lux: 502.168091, cct: 6352.836426, ts 243353767224802, cnt 7436
06-11 10:45:56.457 11083 13837 I os.phonemanager: AssetManager2(0xb40000793bedcd28) locale list changing from [] to [zh-CN]
06-11 10:45:56.508 11083 13837 I os.phonemanager: AssetManager2(0xb40000793bedc728) locale list changing from [] to [zh-CN]
06-11 10:45:56.512  3189  3806 E OplusInputDeviceUtil: api level < 36 or inputDevice is null, return false
06-11 10:45:56.512  3189  3806 D KEYLOG_KeyGestureControllerExtlmpl: interceptOldShortcuts, mIsShortCutMenuShow = false mPendingMetaActionForOld = false mLongPressHandled = false
06-11 10:45:56.512  3189  3806 D STKeyLog_StrategyPadKeyBoardShortcut: excuteShortCut, interactive = true
06-11 10:45:56.512  3189  3806 D OplusCustomizeRestrictionManagerService: isLongPressVolumeUpDisabled start
06-11 10:45:56.513  3189  3332 D PowerManagerService: userActivityNoUpdateLocked: groupId=0, eventTime=201450084, event=button, flags=0x0, uid=1000
06-11 10:45:56.515  9206  9206 I GlobalHandwriting: onUpdateEditorToolType = 0
06-11 10:45:56.527  6058  6058 I MinimalGlobe: Debug zoom scale=1.18 | tiles vis=42 cached=67 renderSurface=26 exact=26 parent=0 missing=0 unsupported=16 kicked=0 retained=0 z=2-16 targetZ=2-16 texZ=2-16 lod=512 eq=0 qRender=42 qWalk=68 qBal=0 qFrustum=84 qHz=0 qEq2=0 grp=26/0/16 ellAlt=566.76 sphAlt=-4623.03 radius=6373513.97 FPS=60.0 draw=28
06-11 10:45:56.528  3189  5976 D KEYLOG_KeyCombinationManager: down false downTime 201450084 action 1 count 1 isDefaultDisplayInteractive true eventTime 201450250 mDownTimes: {24=201450084}
06-11 10:45:56.528  3189  5976 D KEYLOG_PhoneWindowManagerExtImpl: overrideInterceptKeyBeforeQueueing:KeyEvent { action=ACTION_UP, keyCode=KEYCODE_VOLUME_UP, scanCode=0, metaState=0, flags=0x0, repeatCount=0, eventTime=201450250000000, downTime=201450084000000, deviceId=-1, source=0x0, displayId=-1 },  keyguardOn = false,  screenOn = true,  policyFlags = 721420288,  SosPowerKeyEnabled = true,  WalletSwitchState = 1,  IsQuickLaunchSupport = true,  IsDoubleCheckAppSupport = false,  isQuickAppOn=false,  canceled = false
06-11 10:45:56.528  3189  5976 D KEYLOG_OplusKeyCombinationManager: down false keyCode 24 count 0 interactive true eventTime 201450250 mDownTimes: {24=201450084}
06-11 10:45:56.528  3189  5976 I OplusJoystickManager: read game pad state for game manager -> false
06-11 10:45:56.528  3189  5976 W OplusJoystickManager: mInterceptGamepadKey is false
06-11 10:45:56.528  3189  5976 D OplusCustomizeRestrictionManagerService: isLongPressVolumeUpDisabled start
06-11 10:45:56.528  3189  5976 I STKeyLog_StrategyDisableBottomKey: onBeforeQueueing : mIsUpGestureMode=false,mDisableBottomKeyMode0
06-11 10:45:56.528  3189  5976 D STKeyLog_StrategyBlackscreenshot: notifyKeyBeforeQueueing, downTime201450084, action=1, interactive=true
06-11 10:45:56.529  3189  5976 D KEYLOG_PhoneWindowManager: interceptKeyBeforeQueueing downTime=201450084 action = 1 interactive=true keyguardActive=false policyFlags=2b000000 isInjected=true isWakeKey=false isKeyGestureTriggered=false
06-11 10:45:56.529  3189  3332 D PowerManagerService: userActivityNoUpdateLocked: groupId=0, eventTime=201450250, event=button, flags=0x0, uid=1000
06-11 10:45:56.529  3189  3806 E OplusInputDeviceUtil: api level < 36 or inputDevice is null, return false
06-11 10:45:56.529  3189  3806 D STKeyLog_StrategyPadKeyBoardShortcut: excuteShortCut, interactive = true
06-11 10:45:56.529  3189  3806 D OplusCustomizeRestrictionManagerService: isLongPressVolumeUpDisabled start
06-11 10:45:56.530  3189  3332 D PowerManagerService: userActivityNoUpdateLocked: groupId=0, eventTime=201450250, event=button, flags=0x0, uid=1000
06-11 10:45:56.544  3189  4147 D MediaSessionService: dispatchVolumeKeyEvent, pkg=com.earthengine.minimalglobe, opPkg=com.earthengine.minimalglobe, pid=6058, uid=10602, asSystem=true, event=KeyEvent { action=ACTION_UP, keyCode=KEYCODE_VOLUME_UP, scanCode=0, metaState=0, flags=0x0, repeatCount=0, eventTime=201450250000000, downTime=201450084000000, deviceId=-1, source=0x0, displayId=-1 }, stream=-2147483648, musicOnly=false
06-11 10:45:56.544  3189  4147 D MediaSessionService: Adjusting suggestedStream=-2147483648 by 0. flags=4116, preferSuggestedStream=false, session=null, musicOnly false
06-11 10:45:56.544  3189  3189 E MediaSessionService: sPid is 3189 sTid:3189
06-11 10:45:56.547  3189  3189 D AudioServiceExtImpl: ringVolumeDefault :0
06-11 10:45:56.548  3189  3189 V AudioServiceExtImpl: oplusGetParameters() keyValuePairs:OPLUS_AUDIO_GET_ADJUSTVOLUME_FORBID, uid: 1000
06-11 10:45:56.548  3189  3189 D AS.AudioService: sendVolumeUpdate streamType=3, index=800, flags=4112
06-11 10:45:56.548  3189  3189 D VolumeController: postVolumeChanged streamType=3, flags=4112
06-11 10:45:56.549  4329  5186 I SystemUi--Volume: vol.VolumeDialogControl-->shouldShowUI wakefulness:2 ,mDeviceInteractive:true ,mShowVolumeDialog:true
06-11 10:45:56.552  4329  5186 I SystemUi--Volume: vol.VolumeDialogControl-->onVolumeChangedW stream:3,flags:4112 ,showUI:false ,fromKey:true ,showVibrateHint:false ,showSilentHint:false ,changed:false
06-11 10:45:56.552  4329  5186 I SystemUi--Volume: vol.VolumeDialogControl-->shouldShowUI wakefulness:2 ,mDeviceInteractive:true ,mShowVolumeDialog:true
06-11 10:45:56.552  4329  4329 I SystemUi--Volume: OplusVolumeDialogImpl-->onVolumeKeyStateChange isMultiMediaSettingsEnable:false,screenState:2
06-11 10:45:56.560  3189  3765 V AlarmManager: sending alarm Alarm{6696eea type 1 origWhen 1781145956560 whenElapsed 243353886 android} uid 1000 whenElapsed 243353886 windowLength 0 maxWhenElapsed 243353886 repeatInterval 0 action null component null tag StorgaeBandInfoAlarmTag flags 0x9 procName system_server
06-11 10:45:56.560  3189 27614 E OplusStorageUFSBandwidth: storage_io_metrics_path is /proc/oplus_storage/io_metrics/forever/
06-11 10:45:56.561  3189 27614 E OplusStorageUFSBandwidth: Bandwidth - Read: 0.00 MB/s, Write: 0.50 MB/s
06-11 10:45:56.561  3189 27614 E OplusStorageUFSBandwidth: Task time: 1ms
06-11 10:45:56.567  3189 27614 E OplusStorageUFSBandwidth: Alarm set to trigger in 10 seconds
06-11 10:45:56.573 11083 13837 I os.phonemanager: AssetManager2(0xb400007932651628) locale list changing from [] to [zh-CN]
06-11 10:45:56.611 11083 13837 I os.phonemanager: AssetManager2(0xb400007932651928) locale list changing from [] to [zh-CN]
06-11 10:45:56.629 11083 13837 I os.phonemanager: AssetManager2(0xb400007932651c28) locale list changing from [] to [zh-CN]
06-11 10:45:56.649  1667 15952 I sensors-hal: handle_oplus_wise_rgb_event:230, wise_rgb:algo_type = 3
06-11 10:45:56.650  1667 15952 I sensors-hal: handle_oplus_wise_rgb_event:285, wise_rgb: raw_lux 514.623962, raw_cct 6382.201172, r/g/b/c: 39892.175781/35134.492188/19734.375000/89054.773438, R/G/B: 0.000000/0.000000/0.000000, brl 1529.000000, lux: 514.623962, cct: 6382.201172, ts 243353967004906, cnt 7437
06-11 10:45:56.676 11083 13837 I os.phonemanager: AssetManager2(0xb400007932651f28) locale list changing from [] to [zh-CN]
06-11 10:45:56.697 11083 13837 I os.phonemanager: AssetManager2(0xb400007932653128) locale list changing from [] to [zh-CN]
06-11 10:45:56.754 11083 13837 I os.phonemanager: AssetManager2(0xb400007932651328) locale list changing from [] to [zh-CN]
06-11 10:45:56.849  1667 15952 I sensors-hal: handle_oplus_wise_rgb_event:230, wise_rgb:algo_type = 3
06-11 10:45:56.850  1667 15952 I sensors-hal: handle_oplus_wise_rgb_event:285, wise_rgb: raw_lux 509.216431, raw_cct 6390.632812, r/g/b/c: 39884.507812/35150.117188/19791.410156/88837.320312, R/G/B: 0.000000/0.000000/0.000000, brl 1529.000000, lux: 509.216431, cct: 6390.632812, ts 243354166808552, cnt 7438
06-11 10:45:56.853 11083 13837 I os.phonemanager: AssetManager2(0xb400007931dbb028) locale list changing from [] to [zh-CN]
06-11 10:45:56.879  3189  5976 D KEYLOG_KeyCombinationManager: down true downTime 201450602 action 0 count 0 isDefaultDisplayInteractive true eventTime 201450602 mDownTimes: {}
06-11 10:45:56.879  3189  5976 D KEYLOG_PhoneWindowManagerExtImpl: overrideInterceptKeyBeforeQueueing:KeyEvent { action=ACTION_DOWN, keyCode=KEYCODE_VOLUME_UP, scanCode=0, metaState=0, flags=0x0, repeatCount=0, eventTime=201450602000000, downTime=201450602000000, deviceId=-1, source=0x0, displayId=-1 },  keyguardOn = false,  screenOn = true,  policyFlags = 721420288,  SosPowerKeyEnabled = true,  WalletSwitchState = 1,  IsQuickLaunchSupport = true,  IsDoubleCheckAppSupport = false,  isQuickAppOn=false,  canceled = false
06-11 10:45:56.879  3189  5976 D KEYLOG_OplusKeyCombinationManager: down true keyCode 24 count 0 interactive true eventTime 201450602 mDownTimes: {}
06-11 10:45:56.879  3189  5976 I OplusJoystickManager: read game pad state for game manager -> false
06-11 10:45:56.879  3189  5976 W OplusJoystickManager: mInterceptGamepadKey is false
06-11 10:45:56.879  3189  5976 D OplusCustomizeRestrictionManagerService: isLongPressVolumeUpDisabled start
06-11 10:45:56.880  3189  5976 I STKeyLog_StrategyDisableBottomKey: onBeforeQueueing : mIsUpGestureMode=false,mDisableBottomKeyMode0
06-11 10:45:56.881  3189  5976 D STKeyLog_StrategyBlackscreenshot: notifyKeyBeforeQueueing, downTime201450602, action=0, interactive=true
06-11 10:45:56.881  3189  5976 D KEYLOG_PhoneWindowManager: interceptKeyBeforeQueueing downTime=201450602 action = 0 interactive=true keyguardActive=false policyFlags=2b000000 isInjected=true isWakeKey=false isKeyGestureTriggered=false
06-11 10:45:56.881  3189  5976 I VibratorManagerServiceExtImpl: cancelVibrate uid=1000, pid=3189, usageFilter=-15, token=193946947
06-11 10:45:56.882  4329  7959 D RingtonePlayer: stopAsync()
06-11 10:45:56.882  3189  5976 D AS.AudioService: uid 1000, callingApp = android.uid.system:1000
06-11 10:45:56.882  4329  7959 D RingtonePlayer: stop
06-11 10:45:56.883  3189  3332 D PowerManagerService: userActivityNoUpdateLocked: groupId=0, eventTime=201450602, event=button, flags=0x0, uid=1000
06-11 10:45:56.923 11083 13837 I os.phonemanager: AssetManager2(0xb400007932653728) locale list changing from [] to [zh-CN]
06-11 10:45:56.937  6550  6590 I JPEG_JNI: EnterExeTask  controller.background_task_controller process {"client":"infer"}
06-11 10:45:56.938  6550  6590 I JPEG_JNI: LeaveExeTask  module controller.background_task_controller 
06-11 10:45:56.938  6550  6590 I JPEG_JNI:  func process  
06-11 10:45:56.938  6550  6590 I JPEG_JNI:  input {"client":"infer"} 
06-11 10:45:56.938  6550  6590 I JPEG_JNI:  ret {}
06-11 10:45:56.991  3189  5915 V Configuration: Updating configuration, locales updated from [] to [zh_CN]
06-11 10:45:56.991  3189  5915 V Configuration: Updating configuration, locales updated from [] to [zh_CN]
06-11 10:45:56.991  3189  5915 V Configuration: Updating configuration, locales updated from [] to [zh_CN]
06-11 10:45:56.991  3189  5915 V Configuration: Updating configuration, locales updated from [] to [zh_CN]
06-11 10:45:56.992  3189  5915 V Configuration: Updating configuration, locales updated from [] to [zh_CN]
06-11 10:45:56.992  3189  5915 V Configuration: Updating configuration, locales updated from [] to [zh_CN]
06-11 10:45:56.992  3189  5915 V Configuration: Updating configuration, locales updated from [] to [zh_CN]
06-11 10:45:56.992  3189  5915 D IntervalStats: Unable to parse usage stats packages: [28, 30, 43, 44, 45, 47, 60, 67, 68, 75, 85, 91, 113, 143, 158, 221, 229, 242, 261, 265, 266, 267, 284, 305, 327, 342, 343, 350, 353, 356]
06-11 10:45:56.994  4639  8246 D CommonApp-194-10602: transport layer data is invalid
06-11 10:45:56.994  4639  8246 D ScorePolicy: handleScoreChanged: []
06-11 10:45:56.994  4639  8246 D ScorePolicy: handleScoreChanged: []
06-11 10:45:56.994  4639  8246 D ScorePolicy: handleScoreChanged: []
06-11 10:45:56.994  3189  5915 V Configuration: Updating configuration, locales updated from [] to [zh_CN]
06-11 10:45:56.995  3189  5915 V Configuration: Updating configuration, locales updated from [] to [zh_CN]
06-11 10:45:56.995  3189  5915 V Configuration: Updating configuration, locales updated from [] to [zh_CN]
06-11 10:45:56.995  3189  5915 V Configuration: Updating configuration, locales updated from [] to [zh_CN]
06-11 10:45:56.995  3189  5915 V Configuration: Updating configuration, locales updated from [] to [zh_CN]
06-11 10:45:56.995  3189  5915 V Configuration: Updating configuration, locales updated from [] to [zh_CN]
06-11 10:45:56.995  3189  5915 V Configuration: Updating configuration, locales updated from [] to [zh_CN]
06-11 10:45:56.995  3189  5915 V Configuration: Updating configuration, locales updated from [] to [zh_CN]
06-11 10:45:56.996  3189  5915 V Configuration: Updating configuration, locales updated from [] to [zh_CN]
06-11 10:45:56.996  3189  5915 V Configuration: Updating configuration, locales updated from [] to [zh_CN]
06-11 10:45:56.996  3189  5915 V Configuration: Updating configuration, locales updated from [] to [zh_CN]
06-11 10:45:56.996  3189  5915 V Configuration: Updating configuration, locales updated from [] to [zh_CN]
06-11 10:45:56.996  3189  5915 V Configuration: Updating configuration, locales updated from [] to [zh_CN]
06-11 10:45:56.996  3189  5915 V Configuration: Updating configuration, locales updated from [] to [zh_CN]
06-11 10:45:56.996  3189  5915 V Configuration: Updating configuration, locales updated from [] to [zh_CN]
06-11 10:45:56.997  3189  5915 V Configuration: Updating configuration, locales updated from [] to [zh_CN]
06-11 10:45:56.997  3189  5915 V Configuration: Updating configuration, locales updated from [] to [zh_CN]
06-11 10:45:56.997  3189  5915 V Configuration: Updating configuration, locales updated from [] to [zh_CN]
06-11 10:45:56.997  3189  5915 V Configuration: Updating configuration, locales updated from [] to [zh_CN]
06-11 10:45:56.997  3189  5915 V Configuration: Updating configuration, locales updated from [] to [zh_CN]
06-11 10:45:56.997  3189  5915 V Configuration: Updating configuration, locales updated from [] to [zh_CN]
06-11 10:45:56.997  3189  5915 V Configuration: Updating configuration, locales updated from [] to [zh_CN]
06-11 10:45:56.998  3189  5915 V Configuration: Updating configuration, locales updated from [] to [zh_CN]
06-11 10:45:56.998  3189  5915 V Configuration: Updating configuration, locales updated from [] to [zh_CN]
06-11 10:45:56.999  3189  5915 D IntervalStats: Unable to parse usage stats packages: [44, 45, 85, 113, 242, 261, 265, 284, 350, 390, 410, 414, 419, 421, 438, 442, 450, 452, 455, 457, 464, 475, 492, 528, 558, 561, 562, 563, 564, 565, 566, 567, 568, 569, 570, 571, 572, 573, 574, 575, 576, 577, 578, 579, 580, 581, 582, 583, 584, 585, 586, 590, 591, 592, 593, 594, 596, 597, 599, 600, 601, 602, 606, 610, 614, 615, 621, 622, 623, 624, 625, 626, 627, 628, 629, 632, 636, 637, 638, 639, 643, 646, 648, 649, 651, 652, 653, 656, 658, 659, 662, 664, 665, 666, 668, 670, 677, 678, 679, 680, 683, 684, 685, 686, 688, 692, 693, 694, 696, 697, 701, 702, 703, 704, 705, 706, 707, 710, 714, 716, 717, 720, 721, 723, 725, 727, 728, 729, 730, 731, 734, 736, 738, 740, 741, 744, 745, 747, 802, 858, 875, 878, 880, 881, 882, 884, 889, 890, 892]
06-11 10:45:57.000  3189  5915 D UsageStatsService: User[0] type=3 b=1623379556988 e=1781145956988 cb=1780448780440 ce=1781145952725 disk=816 all=1054
06-11 10:45:57.024 10349  7789 I AIUnit-AIUnitProvider: call status = {id: com.oplus.aiunit, product: full, region: domestic, ver: 16.1.25_spshop, auth: true, rod: false, android: 36, OplusOS: 37}
06-11 10:45:57.026 10349  7789 I AIUnit-AIUnitProvider: processGetDetectData: UnitCheck(oapApi=image_near_dup, callPackageName=com.coloros.phonemanager, method=gdd)
06-11 10:45:57.026 10349  7789 I AIUnit-UnitConfigManager: queryDetectInfo: state=2 unitName=image_near_dup checkErrorCode=kErrorNone
06-11 10:45:57.028 10349  7789 I AIUnit-AIUnitProvider: call status = {id: com.oplus.aiunit, product: full, region: domestic, ver: 16.1.25_spshop, auth: true, rod: false, android: 36, OplusOS: 37}
06-11 10:45:57.028 10349  7789 I AIUnit-AIUnitProvider: processGetDetectData: UnitCheck(oapApi=image_near_dup, callPackageName=com.coloros.phonemanager, method=gdd)
06-11 10:45:57.028 10349  7789 I AIUnit-UnitConfigManager: queryDetectInfo: state=2 unitName=image_near_dup checkErrorCode=kErrorNone
06-11 10:45:57.030  3189  3806 E OplusInputDeviceUtil: api level < 36 or inputDevice is null, return false
06-11 10:45:57.030  3189  3806 D KEYLOG_KeyGestureControllerExtlmpl: interceptOldShortcuts, mIsShortCutMenuShow = false mPendingMetaActionForOld = false mLongPressHandled = false
06-11 10:45:57.030  3189  3806 D STKeyLog_StrategyPadKeyBoardShortcut: excuteShortCut, interactive = true
06-11 10:45:57.030  3189  3806 D OplusCustomizeRestrictionManagerService: isLongPressVolumeUpDisabled start
06-11 10:45:57.031  3189  3332 D PowerManagerService: userActivityNoUpdateLocked: groupId=0, eventTime=201450602, event=button, flags=0x0, uid=1000
06-11 10:45:57.040 11083 13869 I MMKV    : open fd[234], flag 0x7, /data/data/com.coloros.phonemanager/files/mmkv/503808cf-3d3a-4d9f-b390-f59ba349b0de
06-11 10:45:57.040 11083 13869 I MMKV    : mmap to address [0x7b8fe00000], oldPtr [0x0], [/data/data/com.coloros.phonemanager/files/mmkv/503808cf-3d3a-4d9f-b390-f59ba349b0de]
06-11 10:45:57.040 11083 13869 I MMKV    : closing fd[234], /data/data/com.coloros.phonemanager/files/mmkv/503808cf-3d3a-4d9f-b390-f59ba349b0de
06-11 10:45:57.040 11083 13869 I MMKV    : open fd[234], flag 0x7, /data/data/com.coloros.phonemanager/files/mmkv/503808cf-3d3a-4d9f-b390-f59ba349b0de.crc
06-11 10:45:57.040 11083 13869 I MMKV    : mmap to address [0x7b8c1cf000], oldPtr [0x0], [/data/data/com.coloros.phonemanager/files/mmkv/503808cf-3d3a-4d9f-b390-f59ba349b0de.crc]
06-11 10:45:57.040 11083 13869 I MMKV    : open fd[235], flag 0x7, /data/data/com.coloros.phonemanager/files/mmkv/503808cf-3d3a-4d9f-b390-f59ba349b0de
06-11 10:45:57.041 11083 13869 I MMKV    : closing fd[235], /data/data/com.coloros.phonemanager/files/mmkv/503808cf-3d3a-4d9f-b390-f59ba349b0de
06-11 10:45:57.041 11083 13869 I MMKV    : loading [503808cf-3d3a-4d9f-b390-f59ba349b0de] with 0 actual size, file size 4096, InterProcess 0, meta info version:0
06-11 10:45:57.041 11083 13869 I MMKV    : loaded [503808cf-3d3a-4d9f-b390-f59ba349b0de] with 0 key-values
06-11 10:45:57.041 11083 13869 I MMKV    : [503808cf-3d3a-4d9f-b390-f59ba349b0de] increase sequence to 1, crc 2451007483, actualSize 4
06-11 10:45:57.041 11083 13869 I MMKV    : remove storage [503808cf-3d3a-4d9f-b390-f59ba349b0de]
06-11 10:45:57.041 11083 13869 I MMKV    : open fd[235], flag 0x1, /data/data/com.coloros.phonemanager/files/mmkv/503808cf-3d3a-4d9f-b390-f59ba349b0de.crc
06-11 10:45:57.041 11083 13869 I MMKV    : close [503808cf-3d3a-4d9f-b390-f59ba349b0de]
06-11 10:45:57.041 11083 13869 I MMKV    : clearMemoryCache [503808cf-3d3a-4d9f-b390-f59ba349b0de]
06-11 10:45:57.041 11083 13869 I MMKV    : closing fd[234], /data/data/com.coloros.phonemanager/files/mmkv/503808cf-3d3a-4d9f-b390-f59ba349b0de.crc
06-11 10:45:57.041 11083 13869 I MMKV    : destruct [503808cf-3d3a-4d9f-b390-f59ba349b0de]
06-11 10:45:57.041 11083 13869 I MMKV    : closing fd[235], /data/data/com.coloros.phonemanager/files/mmkv/503808cf-3d3a-4d9f-b390-f59ba349b0de.crc
06-11 10:45:57.043 11083 13869 I MMKV    : open fd[234], flag 0x7, /data/data/com.coloros.phonemanager/files/mmkv/ee181f8a-aba7-45ef-a8d1-af2a346a2ba4
06-11 10:45:57.043 11083 13869 I MMKV    : mmap to address [0x7b8fe00000], oldPtr [0x0], [/data/data/com.coloros.phonemanager/files/mmkv/ee181f8a-aba7-45ef-a8d1-af2a346a2ba4]
06-11 10:45:57.043 11083 13869 I MMKV    : closing fd[234], /data/data/com.coloros.phonemanager/files/mmkv/ee181f8a-aba7-45ef-a8d1-af2a346a2ba4
06-11 10:45:57.044 11083 13869 I MMKV    : open fd[234], flag 0x7, /data/data/com.coloros.phonemanager/files/mmkv/ee181f8a-aba7-45ef-a8d1-af2a346a2ba4.crc
06-11 10:45:57.044 11083 13869 I MMKV    : mmap to address [0x7b8c1cf000], oldPtr [0x0], [/data/data/com.coloros.phonemanager/files/mmkv/ee181f8a-aba7-45ef-a8d1-af2a346a2ba4.crc]
06-11 10:45:57.044 11083 13869 I MMKV    : open fd[235], flag 0x7, /data/data/com.coloros.phonemanager/files/mmkv/ee181f8a-aba7-45ef-a8d1-af2a346a2ba4
06-11 10:45:57.044 11083 13869 I MMKV    : closing fd[235], /data/data/com.coloros.phonemanager/files/mmkv/ee181f8a-aba7-45ef-a8d1-af2a346a2ba4
06-11 10:45:57.044 11083 13869 I MMKV    : loading [ee181f8a-aba7-45ef-a8d1-af2a346a2ba4] with 0 actual size, file size 4096, InterProcess 0, meta info version:0
06-11 10:45:57.044 11083 13869 I MMKV    : loaded [ee181f8a-aba7-45ef-a8d1-af2a346a2ba4] with 0 key-values
06-11 10:45:57.044 11083 13869 I MMKV    : [ee181f8a-aba7-45ef-a8d1-af2a346a2ba4] increase sequence to 1, crc 2451007483, actualSize 4
06-11 10:45:57.044  9206  9206 I GlobalHandwriting: onUpdateEditorToolType = 0
06-11 10:45:57.044  6058  6058 I MinimalGlobe: Debug zoom scale=1.18 | tiles vis=41 cached=67 renderSurface=25 exact=25 parent=0 missing=0 unsupported=16 kicked=0 retained=0 z=2-16 targetZ=2-16 texZ=2-16 lod=512 eq=0 qRender=41 qWalk=67 qBal=0 qFrustum=82 qHz=0 qEq2=0 grp=25/0/16 ellAlt=464.74 sphAlt=-4725.05 radius=6373411.95 FPS=60.1 draw=27
06-11 10:45:57.045  3189  5976 D KEYLOG_KeyCombinationManager: down false downTime 201450602 action 1 count 1 isDefaultDisplayInteractive true eventTime 201450768 mDownTimes: {24=201450602}
06-11 10:45:57.045  3189  5976 D KEYLOG_PhoneWindowManagerExtImpl: overrideInterceptKeyBeforeQueueing:KeyEvent { action=ACTION_UP, keyCode=KEYCODE_VOLUME_UP, scanCode=0, metaState=0, flags=0x0, repeatCount=0, eventTime=201450768000000, downTime=201450602000000, deviceId=-1, source=0x0, displayId=-1 },  keyguardOn = false,  screenOn = true,  policyFlags = 721420288,  SosPowerKeyEnabled = true,  WalletSwitchState = 1,  IsQuickLaunchSupport = true,  IsDoubleCheckAppSupport = false,  isQuickAppOn=false,  canceled = false
06-11 10:45:57.045  3189  5976 D KEYLOG_OplusKeyCombinationManager: down false keyCode 24 count 0 interactive true eventTime 201450768 mDownTimes: {24=201450602}
06-11 10:45:57.046  3189  5976 I OplusJoystickManager: read game pad state for game manager -> false
06-11 10:45:57.046  3189  5976 W OplusJoystickManager: mInterceptGamepadKey is false
06-11 10:45:57.046  3189  5976 D OplusCustomizeRestrictionManagerService: isLongPressVolumeUpDisabled start
06-11 10:45:57.046  3189  5976 I STKeyLog_StrategyDisableBottomKey: onBeforeQueueing : mIsUpGestureMode=false,mDisableBottomKeyMode0
06-11 10:45:57.046  3189  5976 D STKeyLog_StrategyBlackscreenshot: notifyKeyBeforeQueueing, downTime201450602, action=1, interactive=true
06-11 10:45:57.046  3189  5976 D KEYLOG_PhoneWindowManager: interceptKeyBeforeQueueing downTime=201450602 action = 1 interactive=true keyguardActive=false policyFlags=2b000000 isInjected=true isWakeKey=false isKeyGestureTriggered=false
06-11 10:45:57.046  3189  3806 E OplusInputDeviceUtil: api level < 36 or inputDevice is null, return false
06-11 10:45:57.046  3189  3332 D PowerManagerService: userActivityNoUpdateLocked: groupId=0, eventTime=201450768, event=button, flags=0x0, uid=1000
06-11 10:45:57.046  3189  3806 D STKeyLog_StrategyPadKeyBoardShortcut: excuteShortCut, interactive = true
06-11 10:45:57.047  3189  3806 D OplusCustomizeRestrictionManagerService: isLongPressVolumeUpDisabled start
06-11 10:45:57.047 11083 13869 I MMKV    : extending [ee181f8a-aba7-45ef-a8d1-af2a346a2ba4] file size from 4096 to 8192, incoming size:20, future usage:2116
06-11 10:45:57.047 11083 13869 I MMKV    : open fd[235], flag 0x7, /data/data/com.coloros.phonemanager/files/mmkv/ee181f8a-aba7-45ef-a8d1-af2a346a2ba4
06-11 10:45:57.048 11083 13869 I MMKV    : mmap to address [0x7b8c1cd000], oldPtr [0x7b8fe00000], [/data/data/com.coloros.phonemanager/files/mmkv/ee181f8a-aba7-45ef-a8d1-af2a346a2ba4]
06-11 10:45:57.048 11083 13869 I MMKV    : closing fd[235], /data/data/com.coloros.phonemanager/files/mmkv/ee181f8a-aba7-45ef-a8d1-af2a346a2ba4
06-11 10:45:57.048 11083 13869 I MMKV    : [ee181f8a-aba7-45ef-a8d1-af2a346a2ba4] increase sequence to 2, crc 4024055964, actualSize 4088
06-11 10:45:57.048 11083 13869 I MMKV    : MMKV::sync, SyncFlag = 1
06-11 10:45:57.048  3189  3332 D PowerManagerService: userActivityNoUpdateLocked: groupId=0, eventTime=201450768, event=button, flags=0x0, uid=1000
06-11 10:45:57.049  1667 15952 I sensors-hal: handle_oplus_wise_rgb_event:230, wise_rgb:algo_type = 3
06-11 10:45:57.049  1667 15952 I sensors-hal: get_brightness:1652, light_iface: get_brightness, brl 1529, pwm_turbo_on 0/0, hbm_dc 0
06-11 10:45:57.049  1667 15952 I sensors-hal: handle_oplus_wise_rgb_event:285, wise_rgb: raw_lux 498.342590, raw_cct 6403.334961, r/g/b/c: 40016.535156/35008.210938/19803.572266/88329.398438, R/G/B: 0.000000/0.000000/0.000000, brl 1529.000000, lux: 498.342590, cct: 6403.334961, ts 243354366605322, cnt 7439
06-11 10:45:57.055  6058  7077 I AndroidBridge: androidHttpGet: env=0xb400007a718ef7c0 gJniHttpHelperClass=0x30a6 gHttpGetMethod=0x1 url=https://webst02.is.autonavi.com/appmaptile?style=6&x=104313&y=54236&z=17
06-11 10:45:57.055  6058  7077 I JniHttpHelper: httpGet called: https://webst02.is.autonavi.com/appmaptile?style=6&x=104313&y=54236&z=17
06-11 10:45:57.055  6058  7082 I AndroidBridge: androidHttpGet: env=0xb400007a7da0f2a0 gJniHttpHelperClass=0x30a6 gHttpGetMethod=0x1 url=https://webst04.is.autonavi.com/appmaptile?style=6&x=104314&y=54237&z=17
06-11 10:45:57.055  6058  7082 I JniHttpHelper: httpGet called: https://webst04.is.autonavi.com/appmaptile?style=6&x=104314&y=54237&z=17
06-11 10:45:57.056  6058  7086 I AndroidBridge: androidHttpGet: env=0xb400007a7da0fc40 gJniHttpHelperClass=0x30a6 gHttpGetMethod=0x1 url=https://webst01.is.autonavi.com/appmaptile?style=6&x=104314&y=54238&z=17
06-11 10:45:57.056  6058  7086 I JniHttpHelper: httpGet called: https://webst01.is.autonavi.com/appmaptile?style=6&x=104314&y=54238&z=17
06-11 10:45:57.056  6058  7083 I AndroidBridge: androidHttpGet: env=0xb400007a6f9ac840 gJniHttpHelperClass=0x30a6 gHttpGetMethod=0x1 url=https://webst04.is.autonavi.com/appmaptile?style=6&x=104313&y=54238&z=17
06-11 10:45:57.056  6058  7083 I JniHttpHelper: httpGet called: https://webst04.is.autonavi.com/appmaptile?style=6&x=104313&y=54238&z=17
06-11 10:45:57.057  6058  7079 I AndroidBridge: androidHttpGet: env=0xb400007a0aba6a40 gJniHttpHelperClass=0x30a6 gHttpGetMethod=0x1 url=https://webst03.is.autonavi.com/appmaptile?style=6&x=104313&y=54237&z=17
06-11 10:45:57.057  6058  7079 I JniHttpHelper: httpGet called: https://webst03.is.autonavi.com/appmaptile?style=6&x=104313&y=54237&z=17
06-11 10:45:57.058  6058  7080 I AndroidBridge: androidHttpGet: env=0xb400007a7da12640 gJniHttpHelperClass=0x30a6 gHttpGetMethod=0x1 url=https://webst03.is.autonavi.com/appmaptile?style=6&x=104314&y=54236&z=17
06-11 10:45:57.058  6058  7080 I JniHttpHelper: httpGet called: https://webst03.is.autonavi.com/appmaptile?style=6&x=104314&y=54236&z=17
06-11 10:45:57.059  6058  7088 I AndroidBridge: androidHttpGet: env=0xb400007a0aba7e60 gJniHttpHelperClass=0x30a6 gHttpGetMethod=0x1 url=https://webst02.is.autonavi.com/appmaptile?style=6&x=104315&y=54238&z=17
06-11 10:45:57.059  6058  7088 I JniHttpHelper: httpGet called: https://webst02.is.autonavi.com/appmaptile?style=6&x=104315&y=54238&z=17
06-11 10:45:57.060 11083 13869 I MMKV    : remove storage [ee181f8a-aba7-45ef-a8d1-af2a346a2ba4]
06-11 10:45:57.060 11083 13869 I MMKV    : open fd[235], flag 0x1, /data/data/com.coloros.phonemanager/files/mmkv/ee181f8a-aba7-45ef-a8d1-af2a346a2ba4.crc
06-11 10:45:57.060 11083 13869 I MMKV    : close [ee181f8a-aba7-45ef-a8d1-af2a346a2ba4]
06-11 10:45:57.060 11083 13869 I MMKV    : clearMemoryCache [ee181f8a-aba7-45ef-a8d1-af2a346a2ba4]
06-11 10:45:57.060 11083 13869 I MMKV    : closing fd[234], /data/data/com.coloros.phonemanager/files/mmkv/ee181f8a-aba7-45ef-a8d1-af2a346a2ba4.crc
06-11 10:45:57.060 11083 13869 I MMKV    : destruct [ee181f8a-aba7-45ef-a8d1-af2a346a2ba4]
06-11 10:45:57.060 11083 13869 I MMKV    : closing fd[235], /data/data/com.coloros.phonemanager/files/mmkv/ee181f8a-aba7-45ef-a8d1-af2a346a2ba4.crc
06-11 10:45:57.062  3189  4147 D MediaSessionService: dispatchVolumeKeyEvent, pkg=com.earthengine.minimalglobe, opPkg=com.earthengine.minimalglobe, pid=6058, uid=10602, asSystem=true, event=KeyEvent { action=ACTION_UP, keyCode=KEYCODE_VOLUME_UP, scanCode=0, metaState=0, flags=0x0, repeatCount=0, eventTime=201450768000000, downTime=201450602000000, deviceId=-1, source=0x0, displayId=-1 }, stream=-2147483648, musicOnly=false
06-11 10:45:57.062  3189  4147 D MediaSessionService: Adjusting suggestedStream=-2147483648 by 0. flags=4116, preferSuggestedStream=false, session=null, musicOnly false
06-11 10:45:57.062  3189  3189 E MediaSessionService: sPid is 3189 sTid:3189
06-11 10:45:57.065  3189  3189 D AudioServiceExtImpl: ringVolumeDefault :0
06-11 10:45:57.066  3189  3189 V AudioServiceExtImpl: oplusGetParameters() keyValuePairs:OPLUS_AUDIO_GET_ADJUSTVOLUME_FORBID, uid: 1000
06-11 10:45:57.066  3189  3189 D AS.AudioService: sendVolumeUpdate streamType=3, index=800, flags=4112
06-11 10:45:57.067  3189  3189 D VolumeController: postVolumeChanged streamType=3, flags=4112
06-11 10:45:57.068  4329  5186 I SystemUi--Volume: vol.VolumeDialogControl-->shouldShowUI wakefulness:2 ,mDeviceInteractive:true ,mShowVolumeDialog:true
06-11 10:45:57.069  4329  5186 I SystemUi--Volume: vol.VolumeDialogControl-->onVolumeChangedW stream:3,flags:4112 ,showUI:false ,fromKey:true ,showVibrateHint:false ,showSilentHint:false ,changed:false
06-11 10:45:57.069  4329  5186 I SystemUi--Volume: vol.VolumeDialogControl-->shouldShowUI wakefulness:2 ,mDeviceInteractive:true ,mShowVolumeDialog:true
06-11 10:45:57.071  4329  4329 I SystemUi--Volume: OplusVolumeDialogImpl-->onVolumeKeyStateChange isMultiMediaSettingsEnable:false,screenState:2
06-11 10:45:57.072  6058  7086 I JniHttpHelper: httpGet OK: https://webst01.is.autonavi.com/appmaptile?style=6&x=104314&y=54238&z=17 -> 15830 bytes
06-11 10:45:57.076  6058  7086 I AndroidBridge: Decoded image 256x256 from 15830 bytes
06-11 10:45:57.084  6058  6058 I BasemapLayer: Tile uploaded: 17/104314/54238 256x256
06-11 10:45:57.116  6058  7080 I JniHttpHelper: httpGet OK: https://webst03.is.autonavi.com/appmaptile?style=6&x=104314&y=54236&z=17 -> 15327 bytes
06-11 10:45:57.117  6058  7082 I JniHttpHelper: httpGet OK: https://webst04.is.autonavi.com/appmaptile?style=6&x=104314&y=54237&z=17 -> 15870 bytes
06-11 10:45:57.119 11083 11791 D CloudConfig_stgyHelper: mspVersionCanSupport mspKitVersion : 2021620
06-11 10:45:57.120 11083 11791 D CloudConfig_stgyHelper: getSupportKitMode strategyEntity : StrategyEntity(sdkInterval=1800000, strategyMode=1, minSDKVersion=1000, minKitVersion=2014122, validReqPeriod=7200000, maxReqProduct=100, forceKitIfKit=false, backoff=120000, enable=true, defaultLimit=RateLimitConfig{maxCalls=1, timeWindowSeconds=7200, callIntervalSeconds=0}, productLimits={global-domain_1281=RateLimitConfig{maxCalls=1, timeWindowSeconds=7200, callIntervalSeconds=0}, 50351=RateLimitConfig{maxCalls=1, timeWindowSeconds=7200, callIntervalSeconds=0}, compass_20092=RateLimitConfig{maxCalls=1, timeWindowSeconds=7200, callIntervalSeconds=0}, global-domain_1961=RateLimitConfig{maxCalls=1, timeWindowSeconds=7200, callIntervalSeconds=0}, compass_2=RateLimitConfig{maxCalls=1, timeWindowSeconds=7200, callIntervalSeconds=0}, mdp_2047=RateLimitConfig{maxCalls=1, timeWindowSeconds=7200, callIntervalSeconds=0}, mdp_2296=RateLimitConfig{maxCalls=1, timeWindowSeconds=7200, callIntervalSeconds=0}, compass_143100=RateLimitConfig{maxCalls=1, timeWindowSeconds=7200, callIntervalSeconds=0}})
06-11 10:45:57.120 11083 11791 D CloudConfig_stgyHelper: getSupportKitMode localSdkVersion : 1227
06-11 10:45:57.120  6058  7080 I AndroidBridge: Decoded image 256x256 from 15327 bytes
06-11 10:45:57.122  6058  7082 I AndroidBridge: Decoded image 256x256 from 15870 bytes
06-11 10:45:57.122 11083 11791 D CloudConfig_stgyHelper: mspVersionCanSupport mspKitVersion : 2021620
06-11 10:45:57.123  6058  7083 I JniHttpHelper: httpGet OK: https://webst04.is.autonavi.com/appmaptile?style=6&x=104313&y=54238&z=17 -> 14409 bytes
06-11 10:45:57.123 11083 11791 D CloudConfig_stgyHelper: getSupportKitMode strategyEntity : StrategyEntity(sdkInterval=1800000, strategyMode=1, minSDKVersion=1000, minKitVersion=2014122, validReqPeriod=7200000, maxReqProduct=100, forceKitIfKit=false, backoff=120000, enable=true, defaultLimit=RateLimitConfig{maxCalls=1, timeWindowSeconds=7200, callIntervalSeconds=0}, productLimits={global-domain_1281=RateLimitConfig{maxCalls=1, timeWindowSeconds=7200, callIntervalSeconds=0}, 50351=RateLimitConfig{maxCalls=1, timeWindowSeconds=7200, callIntervalSeconds=0}, compass_20092=RateLimitConfig{maxCalls=1, timeWindowSeconds=7200, callIntervalSeconds=0}, global-domain_1961=RateLimitConfig{maxCalls=1, timeWindowSeconds=7200, callIntervalSeconds=0}, compass_2=RateLimitConfig{maxCalls=1, timeWindowSeconds=7200, callIntervalSeconds=0}, mdp_2047=RateLimitConfig{maxCalls=1, timeWindowSeconds=7200, callIntervalSeconds=0}, mdp_2296=RateLimitConfig{maxCalls=1, timeWindowSeconds=7200, callIntervalSeconds=0}, compass_143100=RateLimitConfig{maxCalls=1, timeWindowSeconds=7200, callIntervalSeconds=0}})
06-11 10:45:57.123 11083 11791 D CloudConfig_stgyHelper: getSupportKitMode localSdkVersion : 1227
06-11 10:45:57.124  6058  7079 I JniHttpHelper: httpGet OK: https://webst03.is.autonavi.com/appmaptile?style=6&x=104313&y=54237&z=17 -> 14192 bytes
06-11 10:45:57.125 11083 11779 I MSP-LOG-SDK-MspSdk: Sdk has initialized! version:2.0.1.14
06-11 10:45:57.126 11083 11779 E MSP-LOG-SDK-RateLimitManager: not_allow_invoke because of time_window_not_allow queue = [1781143252335], config = RateLimitConfig{maxCalls=1, timeWindowSeconds=7200, callIntervalSeconds=0}, ipcInvokeTimeQueueMapKey = com.heytap.nearx.tangramconfig.kit.client.ICloudCtrlServiceModule?@?compass_20092?@?3?@?com.coloros.phonemanager, has already call 1 times in 7200 seconds before
06-11 10:45:57.126 11083 11791 D CloudConfig_stgyHelper: mspVersionCanSupport mspKitVersion : 2021620
06-11 10:45:57.127 11083 11779 E MSP-LOG-SDK-: MspSdkException{code=3014,message=com.heytap.mspsdk.ratelimit.MspRateLimitExceededException: ipc rate limit exceeded in time window}
06-11 10:45:57.127 11083 11779 E MSP-LOG-SDK-: 	at com.heytap.mspsdk.ratelimit.b.a(RateLimitInterceptor.java:56)
06-11 10:45:57.127 11083 11779 E MSP-LOG-SDK-: 	at com.heytap.mspsdk.interceptor.c.a(StandardListChain.java:40)
06-11 10:45:57.127 11083 11779 E MSP-LOG-SDK-: 	at com.heytap.mspsdk.proxy.b.a(CompatCheckInterceptor.java:30)
06-11 10:45:57.127 11083 11779 E MSP-LOG-SDK-: 	at com.heytap.mspsdk.interceptor.c.a(StandardListChain.java:40)
06-11 10:45:57.127 11083 11779 E MSP-LOG-SDK-: 	at com.heytap.mspsdk.proxy.e.invoke(InnerInvocationHandler.java:202)
06-11 10:45:57.127 11083 11779 E MSP-LOG-SDK-: 	at java.lang.reflect.Proxy.invoke(Proxy.java:1006)
06-11 10:45:57.127 11083 11779 E MSP-LOG-SDK-: 	at $Proxy12.gatewayUpdate(Unknown Source)
06-11 10:45:57.127 11083 11779 E MSP-LOG-SDK-: 	at com.heytap.nearx.tangramconfig.kit.client.KitProxy.gatewayUpdate$lambda$2(KitProxy.kt:20)
06-11 10:45:57.127 11083 11779 E MSP-LOG-SDK-: 	at com.heytap.nearx.tangramconfig.kit.client.KitProxy.a(KitProxy.kt:1)
06-11 10:45:57.127 11083 11779 E MSP-LOG-SDK-: 	at com.heytap.nearx.tangramconfig.kit.client.a.run(R8$$SyntheticClass:9)
06-11 10:45:57.127 11083 11779 E MSP-LOG-SDK-: 	at java.util.concurrent.ThreadPoolExecutor.runWorker(ThreadPoolExecutor.java:1156)
06-11 10:45:57.127 11083 11779 E MSP-LOG-SDK-: 	at java.util.concurrent.ThreadPoolExecutor$Worker.run(ThreadPoolExecutor.java:651)
06-11 10:45:57.127 11083 11779 E MSP-LOG-SDK-: 	at java.lang.Thread.run(Thread.java:1119)
06-11 10:45:57.127  6058  7083 I AndroidBridge: Decoded image 256x256 from 14409 bytes
06-11 10:45:57.128 11083 11791 D CloudConfig_stgyHelper: getSupportKitMode strategyEntity : StrategyEntity(sdkInterval=1800000, strategyMode=1, minSDKVersion=1000, minKitVersion=2014122, validReqPeriod=7200000, maxReqProduct=100, forceKitIfKit=false, backoff=120000, enable=true, defaultLimit=RateLimitConfig{maxCalls=1, timeWindowSeconds=7200, callIntervalSeconds=0}, productLimits={global-domain_1281=RateLimitConfig{maxCalls=1, timeWindowSeconds=7200, callIntervalSeconds=0}, 50351=RateLimitConfig{maxCalls=1, timeWindowSeconds=7200, callIntervalSeconds=0}, compass_20092=RateLimitConfig{maxCalls=1, timeWindowSeconds=7200, callIntervalSeconds=0}, global-domain_1961=RateLimitConfig{maxCalls=1, timeWindowSeconds=7200, callIntervalSeconds=0}, compass_2=RateLimitConfig{maxCalls=1, timeWindowSeconds=7200, callIntervalSeconds=0}, mdp_2047=RateLimitConfig{maxCalls=1, timeWindowSeconds=7200, callIntervalSeconds=0}, mdp_2296=RateLimitConfig{maxCalls=1, timeWindowSeconds=7200, callIntervalSeconds=0}, compass_143100=RateLimitConfig{maxCalls=1, timeWindowSeconds=7200, callIntervalSeconds=0}})
06-11 10:45:57.128 11083 11791 D CloudConfig_stgyHelper: getSupportKitMode localSdkVersion : 1227
06-11 10:45:57.128  6058  7079 I AndroidBridge: Decoded image 256x256 from 14192 bytes
06-11 10:45:57.129  6058  7077 I JniHttpHelper: httpGet OK: https://webst02.is.autonavi.com/appmaptile?style=6&x=104313&y=54236&z=17 -> 15677 bytes
06-11 10:45:57.129 11083 11791 D CloudConfig_stgyHelper: mspVersionCanSupport mspKitVersion : 2021620
06-11 10:45:57.131 11083 11791 D CloudConfig_stgyHelper: getSupportKitMode strategyEntity : StrategyEntity(sdkInterval=1800000, strategyMode=1, minSDKVersion=1000, minKitVersion=2014122, validReqPeriod=7200000, maxReqProduct=100, forceKitIfKit=false, backoff=120000, enable=true, defaultLimit=RateLimitConfig{maxCalls=1, timeWindowSeconds=7200, callIntervalSeconds=0}, productLimits={global-domain_1281=RateLimitConfig{maxCalls=1, timeWindowSeconds=7200, callIntervalSeconds=0}, 50351=RateLimitConfig{maxCalls=1, timeWindowSeconds=7200, callIntervalSeconds=0}, compass_20092=RateLimitConfig{maxCalls=1, timeWindowSeconds=7200, callIntervalSeconds=0}, global-domain_1961=RateLimitConfig{maxCalls=1, timeWindowSeconds=7200, callIntervalSeconds=0}, compass_2=RateLimitConfig{maxCalls=1, timeWindowSeconds=7200, callIntervalSeconds=0}, mdp_2047=RateLimitConfig{maxCalls=1, timeWindowSeconds=7200, callIntervalSeconds=0}, mdp_2296=RateLimitConfig{maxCalls=1, timeWindowSeconds=7200, callIntervalSeconds=0}, compass_143100=RateLimitConfig{maxCalls=1, timeWindowSeconds=7200, callIntervalSeconds=0}})
06-11 10:45:57.131 11083 11791 D CloudConfig_stgyHelper: getSupportKitMode localSdkVersion : 1227
06-11 10:45:57.133 11083 11738 I MSP-LOG-SDK-MspSdk: Sdk has initialized! version:2.0.1.14
06-11 10:45:57.133  6058  7077 I AndroidBridge: Decoded image 256x256 from 15677 bytes
06-11 10:45:57.134 11083 11738 E MSP-LOG-SDK-RateLimitManager: not_allow_invoke because of time_window_not_allow queue = [1781143252335], config = RateLimitConfig{maxCalls=1, timeWindowSeconds=7200, callIntervalSeconds=0}, ipcInvokeTimeQueueMapKey = com.heytap.nearx.tangramconfig.kit.client.ICloudCtrlServiceModule?@?compass_143100?@?3?@?com.coloros.phonemanager, has already call 1 times in 7200 seconds before
06-11 10:45:57.134  6058  6058 I BasemapLayer: Tile uploaded: 17/104314/54236 256x256
06-11 10:45:57.134 11083 11738 E MSP-LOG-SDK-: MspSdkException{code=3014,message=com.heytap.mspsdk.ratelimit.MspRateLimitExceededException: ipc rate limit exceeded in time window}
06-11 10:45:57.134 11083 11738 E MSP-LOG-SDK-: 	at com.heytap.mspsdk.ratelimit.b.a(RateLimitInterceptor.java:56)
06-11 10:45:57.134 11083 11738 E MSP-LOG-SDK-: 	at com.heytap.mspsdk.interceptor.c.a(StandardListChain.java:40)
06-11 10:45:57.134 11083 11738 E MSP-LOG-SDK-: 	at com.heytap.mspsdk.proxy.b.a(CompatCheckInterceptor.java:30)
06-11 10:45:57.134 11083 11738 E MSP-LOG-SDK-: 	at com.heytap.mspsdk.interceptor.c.a(StandardListChain.java:40)
06-11 10:45:57.134 11083 11738 E MSP-LOG-SDK-: 	at com.heytap.mspsdk.proxy.e.invoke(InnerInvocationHandler.java:202)
06-11 10:45:57.134 11083 11738 E MSP-LOG-SDK-: 	at java.lang.reflect.Proxy.invoke(Proxy.java:1006)
06-11 10:45:57.134 11083 11738 E MSP-LOG-SDK-: 	at $Proxy12.gatewayUpdate(Unknown Source)
06-11 10:45:57.134 11083 11738 E MSP-LOG-SDK-: 	at com.heytap.nearx.tangramconfig.kit.client.KitProxy.gatewayUpdate$lambda$2(KitProxy.kt:20)
06-11 10:45:57.134 11083 11738 E MSP-LOG-SDK-: 	at com.heytap.nearx.tangramconfig.kit.client.KitProxy.a(KitProxy.kt:1)
06-11 10:45:57.134 11083 11738 E MSP-LOG-SDK-: 	at com.heytap.nearx.tangramconfig.kit.client.a.run(R8$$SyntheticClass:9)
06-11 10:45:57.134 11083 11738 E MSP-LOG-SDK-: 	at java.util.concurrent.ThreadPoolExecutor.runWorker(ThreadPoolExecutor.java:1156)
06-11 10:45:57.134 11083 11738 E MSP-LOG-SDK-: 	at java.util.concurrent.ThreadPoolExecutor$Worker.run(ThreadPoolExecutor.java:651)
06-11 10:45:57.134 11083 11738 E MSP-LOG-SDK-: 	at java.lang.Thread.run(Thread.java:1119)
06-11 10:45:57.135  6058  6058 I BasemapLayer: Tile uploaded: 17/104314/54237 256x256
06-11 10:45:57.163  6058  7088 I JniHttpHelper: httpGet OK: https://webst02.is.autonavi.com/appmaptile?style=6&x=104315&y=54238&z=17 -> 15836 bytes
06-11 10:45:57.167  6058  6058 I BasemapLayer: Tile uploaded: 17/104313/54238 256x256
06-11 10:45:57.168  6058  6058 I BasemapLayer: Tile uploaded: 17/104313/54237 256x256
06-11 10:45:57.188  6058  7088 I AndroidBridge: Decoded image 256x256 from 15836 bytes
06-11 10:45:57.200  6058  6058 I BasemapLayer: Tile uploaded: 17/104313/54236 256x256
06-11 10:45:57.200  6058  6058 I BasemapLayer: Tile uploaded: 17/104315/54238 256x256
06-11 10:45:57.249  1667 15952 I sensors-hal: handle_oplus_wise_rgb_event:230, wise_rgb:algo_type = 3
06-11 10:45:57.249  1667 15952 I sensors-hal: handle_oplus_wise_rgb_event:285, wise_rgb: raw_lux 498.970703, raw_cct 6379.106934, r/g/b/c: 40252.937500/35041.718750/19848.363281/88865.585938, R/G/B: 0.000000/0.000000/0.000000, brl 1529.000000, lux: 498.970703, cct: 6379.106934, ts 243354566387197, cnt 7440
06-11 10:45:57.276  1800  1924 D BatteryChargeControl: bcc get no support from charging protocol
06-11 10:45:57.432  3189  4147 D KEYLOG_KeyCombinationManager: down true downTime 201451154 action 0 count 0 isDefaultDisplayInteractive true eventTime 201451154 mDownTimes: {}
06-11 10:45:57.432  3189  4147 D KEYLOG_PhoneWindowManagerExtImpl: overrideInterceptKeyBeforeQueueing:KeyEvent { action=ACTION_DOWN, keyCode=KEYCODE_VOLUME_UP, scanCode=0, metaState=0, flags=0x0, repeatCount=0, eventTime=201451154000000, downTime=201451154000000, deviceId=-1, source=0x0, displayId=-1 },  keyguardOn = false,  screenOn = true,  policyFlags = 721420288,  SosPowerKeyEnabled = true,  WalletSwitchState = 1,  IsQuickLaunchSupport = true,  IsDoubleCheckAppSupport = false,  isQuickAppOn=false,  canceled = false
06-11 10:45:57.432  3189  4147 D KEYLOG_OplusKeyCombinationManager: down true keyCode 24 count 0 interactive true eventTime 201451154 mDownTimes: {}
06-11 10:45:57.432  3189  4147 I OplusJoystickManager: read game pad state for game manager -> false
06-11 10:45:57.432  3189  4147 W OplusJoystickManager: mInterceptGamepadKey is false
06-11 10:45:57.433  3189  4147 D OplusCustomizeRestrictionManagerService: isLongPressVolumeUpDisabled start
06-11 10:45:57.433  3189  4147 I STKeyLog_StrategyDisableBottomKey: onBeforeQueueing : mIsUpGestureMode=false,mDisableBottomKeyMode0
06-11 10:45:57.433  3189  4147 D STKeyLog_StrategyBlackscreenshot: notifyKeyBeforeQueueing, downTime201451154, action=0, interactive=true
06-11 10:45:57.434  3189  4147 D KEYLOG_PhoneWindowManager: interceptKeyBeforeQueueing downTime=201451154 action = 0 interactive=true keyguardActive=false policyFlags=2b000000 isInjected=true isWakeKey=false isKeyGestureTriggered=false
06-11 10:45:57.434  3189  4147 I VibratorManagerServiceExtImpl: cancelVibrate uid=1000, pid=3189, usageFilter=-15, token=193946947
06-11 10:45:57.434  4329 28033 D RingtonePlayer: stopAsync()
06-11 10:45:57.434  4329 28033 D RingtonePlayer: stop
06-11 10:45:57.435  3189  4147 D AS.AudioService: uid 1000, callingApp = android.uid.system:1000
06-11 10:45:57.436  3189  3332 D PowerManagerService: userActivityNoUpdateLocked: groupId=0, eventTime=201451154, event=button, flags=0x0, uid=1000
06-11 10:45:57.438  6550  6590 I JPEG_JNI: EnterExeTask  controller.background_task_controller process {"client":"infer"}
06-11 10:45:57.439  6550  6590 I JPEG_JNI: LeaveExeTask  module controller.background_task_controller 
06-11 10:45:57.439  6550  6590 I JPEG_JNI:  func process  
06-11 10:45:57.439  6550  6590 I JPEG_JNI:  input {"client":"infer"} 
06-11 10:45:57.439  6550  6590 I JPEG_JNI:  ret {}
06-11 10:45:57.449  1667 15952 I sensors-hal: handle_oplus_wise_rgb_event:230, wise_rgb:algo_type = 3
06-11 10:45:57.449  1667 15952 I sensors-hal: handle_oplus_wise_rgb_event:285, wise_rgb: raw_lux 514.163818, raw_cct 6378.008789, r/g/b/c: 40299.914062/35202.195312/19862.556641/89677.234375, R/G/B: 0.000000/0.000000/0.000000, brl 1529.000000, lux: 514.163818, cct: 6378.008789, ts 243354766260843, cnt 7441
06-11 10:45:57.581  3189  3806 E OplusInputDeviceUtil: api level < 36 or inputDevice is null, return false
06-11 10:45:57.584  3189  3806 D KEYLOG_KeyGestureControllerExtlmpl: interceptOldShortcuts, mIsShortCutMenuShow = false mPendingMetaActionForOld = false mLongPressHandled = false
06-11 10:45:57.584  3189  3806 D STKeyLog_StrategyPadKeyBoardShortcut: excuteShortCut, interactive = true
06-11 10:45:57.584  3189  3806 D OplusCustomizeRestrictionManagerService: isLongPressVolumeUpDisabled start
06-11 10:45:57.586  3189  3332 D PowerManagerService: userActivityNoUpdateLocked: groupId=0, eventTime=201451154, event=button, flags=0x0, uid=1000
06-11 10:45:57.594  9206  9206 I GlobalHandwriting: onUpdateEditorToolType = 0
06-11 10:45:57.594  6058  6058 I MinimalGlobe: Debug zoom scale=1.18 | tiles vis=44 cached=74 renderSurface=28 exact=28 parent=0 missing=0 unsupported=16 kicked=0 retained=0 z=2-17 targetZ=2-17 texZ=2-17 lod=512 eq=0 qRender=44 qWalk=71 qBal=0 qFrustum=89 qHz=0 qEq2=0 grp=28/0/16 ellAlt=381.09 sphAlt=-4808.70 radius=6373328.30 FPS=58.9 draw=30
06-11 10:45:57.595  3189  4147 D KEYLOG_KeyCombinationManager: down false downTime 201451154 action 1 count 1 isDefaultDisplayInteractive true eventTime 201451317 mDownTimes: {24=201451154}
06-11 10:45:57.595  3189  4147 D KEYLOG_PhoneWindowManagerExtImpl: overrideInterceptKeyBeforeQueueing:KeyEvent { action=ACTION_UP, keyCode=KEYCODE_VOLUME_UP, scanCode=0, metaState=0, flags=0x0, repeatCount=0, eventTime=201451317000000, downTime=201451154000000, deviceId=-1, source=0x0, displayId=-1 },  keyguardOn = false,  screenOn = true,  policyFlags = 721420288,  SosPowerKeyEnabled = true,  WalletSwitchState = 1,  IsQuickLaunchSupport = true,  IsDoubleCheckAppSupport = false,  isQuickAppOn=false,  canceled = false
06-11 10:45:57.595  3189  4147 D KEYLOG_OplusKeyCombinationManager: down false keyCode 24 count 0 interactive true eventTime 201451317 mDownTimes: {24=201451154}
06-11 10:45:57.595  3189  4147 I OplusJoystickManager: read game pad state for game manager -> false
06-11 10:45:57.595  3189  4147 W OplusJoystickManager: mInterceptGamepadKey is false
06-11 10:45:57.595  3189  4147 D OplusCustomizeRestrictionManagerService: isLongPressVolumeUpDisabled start
06-11 10:45:57.596  3189  4147 I STKeyLog_StrategyDisableBottomKey: onBeforeQueueing : mIsUpGestureMode=false,mDisableBottomKeyMode0
06-11 10:45:57.596  3189  4147 D STKeyLog_StrategyBlackscreenshot: notifyKeyBeforeQueueing, downTime201451154, action=1, interactive=true
06-11 10:45:57.596  3189  4147 D KEYLOG_PhoneWindowManager: interceptKeyBeforeQueueing downTime=201451154 action = 1 interactive=true keyguardActive=false policyFlags=2b000000 isInjected=true isWakeKey=false isKeyGestureTriggered=false
06-11 10:45:57.596  3189  3806 E OplusInputDeviceUtil: api level < 36 or inputDevice is null, return false
06-11 10:45:57.596  3189  3332 D PowerManagerService: userActivityNoUpdateLocked: groupId=0, eventTime=201451317, event=button, flags=0x0, uid=1000
06-11 10:45:57.596  3189  3806 D STKeyLog_StrategyPadKeyBoardShortcut: excuteShortCut, interactive = true
06-11 10:45:57.596  3189  3806 D OplusCustomizeRestrictionManagerService: isLongPressVolumeUpDisabled start
06-11 10:45:57.597  3189  3332 D PowerManagerService: userActivityNoUpdateLocked: groupId=0, eventTime=201451317, event=button, flags=0x0, uid=1000
06-11 10:45:57.610  3189  5627 D MediaSessionService: dispatchVolumeKeyEvent, pkg=com.earthengine.minimalglobe, opPkg=com.earthengine.minimalglobe, pid=6058, uid=10602, asSystem=true, event=KeyEvent { action=ACTION_UP, keyCode=KEYCODE_VOLUME_UP, scanCode=0, metaState=0, flags=0x0, repeatCount=0, eventTime=201451317000000, downTime=201451154000000, deviceId=-1, source=0x0, displayId=-1 }, stream=-2147483648, musicOnly=false
06-11 10:45:57.610  3189  5627 D MediaSessionService: Adjusting suggestedStream=-2147483648 by 0. flags=4116, preferSuggestedStream=false, session=null, musicOnly false
06-11 10:45:57.610  3189  3189 E MediaSessionService: sPid is 3189 sTid:3189
06-11 10:45:57.615  3189  3189 D AudioServiceExtImpl: ringVolumeDefault :0
06-11 10:45:57.615  3189  3189 V AudioServiceExtImpl: oplusGetParameters() keyValuePairs:OPLUS_AUDIO_GET_ADJUSTVOLUME_FORBID, uid: 1000
06-11 10:45:57.616  3189  3189 D AS.AudioService: sendVolumeUpdate streamType=3, index=800, flags=4112
06-11 10:45:57.616  3189  3189 D VolumeController: postVolumeChanged streamType=3, flags=4112
06-11 10:45:57.617  4329  5186 I SystemUi--Volume: vol.VolumeDialogControl-->shouldShowUI wakefulness:2 ,mDeviceInteractive:true ,mShowVolumeDialog:true
06-11 10:45:57.619  4329  5186 I SystemUi--Volume: vol.VolumeDialogControl-->onVolumeChangedW stream:3,flags:4112 ,showUI:false ,fromKey:true ,showVibrateHint:false ,showSilentHint:false ,changed:false
06-11 10:45:57.619  4329  5186 I SystemUi--Volume: vol.VolumeDialogControl-->shouldShowUI wakefulness:2 ,mDeviceInteractive:true ,mShowVolumeDialog:true
06-11 10:45:57.619  4329  4329 I SystemUi--Volume: OplusVolumeDialogImpl-->onVolumeKeyStateChange isMultiMediaSettingsEnable:false,screenState:2
06-11 10:45:57.649  1667 15952 I sensors-hal: handle_oplus_wise_rgb_event:230, wise_rgb:algo_type = 3
06-11 10:45:57.649  1667 15952 I sensors-hal: handle_oplus_wise_rgb_event:285, wise_rgb: raw_lux 521.358032, raw_cct 6464.415039, r/g/b/c: 40162.972656/35197.914062/19947.400391/89602.500000, R/G/B: 0.000000/0.000000/0.000000, brl 1529.000000, lux: 521.358032, cct: 6464.415039, ts 243354966064749, cnt 7442
06-11 10:45:57.649  1667 15988 I sensors-hal: handle_oplus_wise_rgb_event:301, oplus wise_rgb sample: (7442)(cct, lux, ir_ratio, r, g, b, c)[6464, 521, 31, 40162, 35197, 19947, 89602]
06-11 10:45:57.849  1667 15952 I sensors-hal: handle_oplus_wise_rgb_event:230, wise_rgb:algo_type = 3
06-11 10:45:57.849  1667 15952 I sensors-hal: handle_oplus_wise_rgb_event:285, wise_rgb: raw_lux 507.944580, raw_cct 6497.326172, r/g/b/c: 40051.609375/34913.828125/20007.871094/89001.914062, R/G/B: 0.000000/0.000000/0.000000, brl 1529.000000, lux: 507.944580, cct: 6497.326172, ts 243355165844802, cnt 7443
06-11 10:45:57.939  6550  6590 I JPEG_JNI: EnterExeTask  controller.background_task_controller process {"client":"infer"}
06-11 10:45:57.942  6550  6590 I JPEG_JNI: LeaveExeTask  module controller.background_task_controller 
06-11 10:45:57.942  6550  6590 I JPEG_JNI:  func process  
06-11 10:45:57.942  6550  6590 I JPEG_JNI:  input {"client":"infer"} 
06-11 10:45:57.942  6550  6590 I JPEG_JNI:  ret {}
06-11 10:45:58.000  3189  4147 D KEYLOG_KeyCombinationManager: down true downTime 201451722 action 0 count 0 isDefaultDisplayInteractive true eventTime 201451722 mDownTimes: {}
06-11 10:45:58.000  3189  4147 D KEYLOG_PhoneWindowManagerExtImpl: overrideInterceptKeyBeforeQueueing:KeyEvent { action=ACTION_DOWN, keyCode=KEYCODE_VOLUME_UP, scanCode=0, metaState=0, flags=0x0, repeatCount=0, eventTime=201451722000000, downTime=201451722000000, deviceId=-1, source=0x0, displayId=-1 },  keyguardOn = false,  screenOn = true,  policyFlags = 721420288,  SosPowerKeyEnabled = true,  WalletSwitchState = 1,  IsQuickLaunchSupport = true,  IsDoubleCheckAppSupport = false,  isQuickAppOn=false,  canceled = false
06-11 10:45:58.000  3189  4147 D KEYLOG_OplusKeyCombinationManager: down true keyCode 24 count 0 interactive true eventTime 201451722 mDownTimes: {}
06-11 10:45:58.001  3189  4147 I OplusJoystickManager: read game pad state for game manager -> false
06-11 10:45:58.001  3189  4147 W OplusJoystickManager: mInterceptGamepadKey is false
06-11 10:45:58.001  3189  4147 D OplusCustomizeRestrictionManagerService: isLongPressVolumeUpDisabled start
06-11 10:45:58.001  3189  4147 I STKeyLog_StrategyDisableBottomKey: onBeforeQueueing : mIsUpGestureMode=false,mDisableBottomKeyMode0
06-11 10:45:58.001  3189  4147 D STKeyLog_StrategyBlackscreenshot: notifyKeyBeforeQueueing, downTime201451722, action=0, interactive=true
06-11 10:45:58.002  3189  4147 D KEYLOG_PhoneWindowManager: interceptKeyBeforeQueueing downTime=201451722 action = 0 interactive=true keyguardActive=false policyFlags=2b000000 isInjected=true isWakeKey=false isKeyGestureTriggered=false
06-11 10:45:58.002  3189  4147 I VibratorManagerServiceExtImpl: cancelVibrate uid=1000, pid=3189, usageFilter=-15, token=193946947
06-11 10:45:58.003  4329  7959 D RingtonePlayer: stopAsync()
06-11 10:45:58.003  4329  7959 D RingtonePlayer: stop
06-11 10:45:58.003  3189  4147 D AS.AudioService: uid 1000, callingApp = android.uid.system:1000
06-11 10:45:58.004  3189  3332 D PowerManagerService: userActivityNoUpdateLocked: groupId=0, eventTime=201451722, event=button, flags=0x0, uid=1000
06-11 10:45:58.025  4639  8246 D CommonApp-194-10602: commonScoreStrategy scenarios 1
06-11 10:45:58.025  4639  8246 D CommonApp-194-10602: notifyScoreChange appScene COMMON score 100
06-11 10:45:58.026  4639  8246 D ScorePolicy: handleScoreChanged: []
06-11 10:45:58.026  4639  8246 D ScorePolicy: handleScoreChanged: []
06-11 10:45:58.026  4639  8246 D ScorePolicy: handleScoreChanged: []
06-11 10:45:58.048  1667 15952 I sensors-hal: handle_oplus_wise_rgb_event:230, wise_rgb:algo_type = 3
06-11 10:45:58.049  1667 15952 I sensors-hal: get_brightness:1652, light_iface: get_brightness, brl 1529, pwm_turbo_on 0/0, hbm_dc 0
06-11 10:45:58.049  1667 15952 I sensors-hal: handle_oplus_wise_rgb_event:285, wise_rgb: raw_lux 494.629395, raw_cct 6475.433594, r/g/b/c: 40270.488281/35056.972656/19964.646484/88671.218750, R/G/B: 0.000000/0.000000/0.000000, brl 1529.000000, lux: 494.629395, cct: 6475.433594, ts 243355365603656, cnt 7444
06-11 10:45:58.057  3189  3841 D WifiStaIfaceHidlImpl: getCachedScanData is not implemented by HIDL
06-11 10:45:58.068  4639  4639 D VendorWifiService: onEvent event:9,action:1
06-11 10:45:58.087  3189  3960 D OplusWifiPower_TriggerCenter: mComponentCallback: wifistat
06-11 10:45:58.150  3189  3806 E OplusInputDeviceUtil: api level < 36 or inputDevice is null, return false
06-11 10:45:58.150  3189  3806 D KEYLOG_KeyGestureControllerExtlmpl: interceptOldShortcuts, mIsShortCutMenuShow = false mPendingMetaActionForOld = false mLongPressHandled = false
06-11 10:45:58.150  3189  3806 D STKeyLog_StrategyPadKeyBoardShortcut: excuteShortCut, interactive = true
06-11 10:45:58.151  3189  3806 D OplusCustomizeRestrictionManagerService: isLongPressVolumeUpDisabled start
06-11 10:45:58.152  3189  3332 D PowerManagerService: userActivityNoUpdateLocked: groupId=0, eventTime=201451722, event=button, flags=0x0, uid=1000
06-11 10:45:58.160  9206  9206 I GlobalHandwriting: onUpdateEditorToolType = 0
06-11 10:45:58.161  6058  6058 I MinimalGlobe: Debug zoom scale=1.18 | tiles vis=43 cached=74 renderSurface=27 exact=27 parent=0 missing=0 unsupported=16 kicked=0 retained=0 z=2-17 targetZ=2-17 texZ=2-17 lod=512 eq=0 qRender=43 qWalk=70 qBal=0 qFrustum=87 qHz=0 qEq2=0 grp=27/0/16 ellAlt=312.49 sphAlt=-4877.30 radius=6373259.70 FPS=58.1 draw=29
06-11 10:45:58.162  3189  4147 D KEYLOG_KeyCombinationManager: down false downTime 201451722 action 1 count 1 isDefaultDisplayInteractive true eventTime 201451884 mDownTimes: {24=201451722}
06-11 10:45:58.162  3189  4147 D KEYLOG_PhoneWindowManagerExtImpl: overrideInterceptKeyBeforeQueueing:KeyEvent { action=ACTION_UP, keyCode=KEYCODE_VOLUME_UP, scanCode=0, metaState=0, flags=0x0, repeatCount=0, eventTime=201451884000000, downTime=201451722000000, deviceId=-1, source=0x0, displayId=-1 },  keyguardOn = false,  screenOn = true,  policyFlags = 721420288,  SosPowerKeyEnabled = true,  WalletSwitchState = 1,  IsQuickLaunchSupport = true,  IsDoubleCheckAppSupport = false,  isQuickAppOn=false,  canceled = false
06-11 10:45:58.162  3189  4147 D KEYLOG_OplusKeyCombinationManager: down false keyCode 24 count 0 interactive true eventTime 201451884 mDownTimes: {24=201451722}
06-11 10:45:58.163  3189  4147 I OplusJoystickManager: read game pad state for game manager -> false
06-11 10:45:58.163  3189  4147 W OplusJoystickManager: mInterceptGamepadKey is false
06-11 10:45:58.163  3189  4147 D OplusCustomizeRestrictionManagerService: isLongPressVolumeUpDisabled start
06-11 10:45:58.163  3189  4147 I STKeyLog_StrategyDisableBottomKey: onBeforeQueueing : mIsUpGestureMode=false,mDisableBottomKeyMode0
06-11 10:45:58.163  3189  4147 D STKeyLog_StrategyBlackscreenshot: notifyKeyBeforeQueueing, downTime201451722, action=1, interactive=true
06-11 10:45:58.163  3189  4147 D KEYLOG_PhoneWindowManager: interceptKeyBeforeQueueing downTime=201451722 action = 1 interactive=true keyguardActive=false policyFlags=2b000000 isInjected=true isWakeKey=false isKeyGestureTriggered=false
06-11 10:45:58.164  3189  3806 E OplusInputDeviceUtil: api level < 36 or inputDevice is null, return false
06-11 10:45:58.164  3189  3332 D PowerManagerService: userActivityNoUpdateLocked: groupId=0, eventTime=201451884, event=button, flags=0x0, uid=1000
06-11 10:45:58.164  3189  3806 D STKeyLog_StrategyPadKeyBoardShortcut: excuteShortCut, interactive = true
06-11 10:45:58.165  3189  3806 D OplusCustomizeRestrictionManagerService: isLongPressVolumeUpDisabled start
06-11 10:45:58.166  3189  3332 D PowerManagerService: userActivityNoUpdateLocked: groupId=0, eventTime=201451884, event=button, flags=0x0, uid=1000
06-11 10:45:58.176  3189  5627 D MediaSessionService: dispatchVolumeKeyEvent, pkg=com.earthengine.minimalglobe, opPkg=com.earthengine.minimalglobe, pid=6058, uid=10602, asSystem=true, event=KeyEvent { action=ACTION_UP, keyCode=KEYCODE_VOLUME_UP, scanCode=0, metaState=0, flags=0x0, repeatCount=0, eventTime=201451884000000, downTime=201451722000000, deviceId=-1, source=0x0, displayId=-1 }, stream=-2147483648, musicOnly=false
06-11 10:45:58.176  3189  5627 D MediaSessionService: Adjusting suggestedStream=-2147483648 by 0. flags=4116, preferSuggestedStream=false, session=null, musicOnly false
06-11 10:45:58.176  3189  3189 E MediaSessionService: sPid is 3189 sTid:3189
06-11 10:45:58.183  3189  3189 D AudioServiceExtImpl: ringVolumeDefault :0
06-11 10:45:58.184  3189  3189 V AudioServiceExtImpl: oplusGetParameters() keyValuePairs:OPLUS_AUDIO_GET_ADJUSTVOLUME_FORBID, uid: 1000
06-11 10:45:58.184  3189  3189 D AS.AudioService: sendVolumeUpdate streamType=3, index=800, flags=4112
06-11 10:45:58.185  3189  3189 D VolumeController: postVolumeChanged streamType=3, flags=4112
06-11 10:45:58.186  4329  5186 I SystemUi--Volume: vol.VolumeDialogControl-->shouldShowUI wakefulness:2 ,mDeviceInteractive:true ,mShowVolumeDialog:true
06-11 10:45:58.187  4329  5186 I SystemUi--Volume: vol.VolumeDialogControl-->onVolumeChangedW stream:3,flags:4112 ,showUI:false ,fromKey:true ,showVibrateHint:false ,showSilentHint:false ,changed:false
06-11 10:45:58.187  4329  5186 I SystemUi--Volume: vol.VolumeDialogControl-->shouldShowUI wakefulness:2 ,mDeviceInteractive:true ,mShowVolumeDialog:true
06-11 10:45:58.188  4329  4329 I SystemUi--Volume: OplusVolumeDialogImpl-->onVolumeKeyStateChange isMultiMediaSettingsEnable:false,screenState:2
06-11 10:45:58.248  1667 15952 I sensors-hal: handle_oplus_wise_rgb_event:230, wise_rgb:algo_type = 3
06-11 10:45:58.249  1667 15952 I sensors-hal: handle_oplus_wise_rgb_event:285, wise_rgb: raw_lux 491.821411, raw_cct 6478.031738, r/g/b/c: 40186.101562/35123.847656/20076.605469/88907.351562, R/G/B: 0.000000/0.000000/0.000000, brl 1529.000000, lux: 491.821411, cct: 6478.031738, ts 243355565365218, cnt 7445
06-11 10:45:58.279  1800  1924 D BatteryChargeControl: bcc get no support from charging protocol
06-11 10:45:58.365  4329  4513 I SystemUi--Statusbar: OplusNetworkSpeedControllExImpl-->updateNetworkSpeed: isConnected:true,isSwitchOn:true,isSuspend:false,isPause:false
06-11 10:45:58.369  4329  4513 I SystemUi--Statusbar: OplusNetworkSpeedControllExImpl-->getTotalByte: totalRxBytes:11612216086,totalTxBytes:3543284463,loopbackTxBytes:2982679407,loopbackRxBytes:2982678927 ,totalBytes:9190142215
06-11 10:45:58.389  6058  6058 I GLES    : submit #900: 27 commands, glError=0
06-11 10:45:58.391  6058  6058 I MinimalGlobe: Frame 900 | tiles vis=41 cached=74 renderSurface=25 mesh=25 (terr=0 ellip=25 ready=0 terrParent=0 terrTrans=0) attach=25 exact=25 parent=0 stale=0 missingGen=0 | missing=0 unsupported=16 kicked=0 retained=0 visZ=2-17 targetZ=2-17 texZ=2-17 lod=512 eq=0 qRender=41 qWalk=70 qFrustum=85 qFade=0 qBal=0 qHz=0 qEq2=0 grp=25/0/16 gen=25 | sun=(0.03,0.93,0.36) | FPS=59.6 draw=27
06-11 10:45:58.443  6550  6590 I JPEG_JNI: EnterExeTask  controller.background_task_controller process {"client":"infer"}
06-11 10:45:58.447  6550  6590 I JPEG_JNI: LeaveExeTask  module controller.background_task_controller 
06-11 10:45:58.447  6550  6590 I JPEG_JNI:  func process  
06-11 10:45:58.447  6550  6590 I JPEG_JNI:  input {"client":"infer"} 
06-11 10:45:58.447  6550  6590 I JPEG_JNI:  ret {}
06-11 10:45:58.448  1667 15952 I sensors-hal: handle_oplus_wise_rgb_event:230, wise_rgb:algo_type = 3
06-11 10:45:58.448  1667 15952 I sensors-hal: handle_oplus_wise_rgb_event:285, wise_rgb: raw_lux 490.488892, raw_cct 6495.919434, r/g/b/c: 40187.808594/35162.792969/20124.347656/88723.132812, R/G/B: 0.000000/0.000000/0.000000, brl 1529.000000, lux: 490.488892, cct: 6495.919434, ts 243355765124385, cnt 7446
06-11 10:45:58.487  3189  3271 I ActivityManager: Waited long enough for: ServiceRecord{40063be u0 com.qualcomm.qti.workloadclassifier/.WLCService c:com.qualcomm.qti.workloadclassifier}
06-11 10:45:58.534  3189  5627 W OPLUS_LOG_LOAD: ==LOGS PROG INFO, prog(system_server) ==
06-11 10:45:58.534  3189  5627 D KEYLOG_KeyCombinationManager: down true downTime 201452256 action 0 count 0 isDefaultDisplayInteractive true eventTime 201452256 mDownTimes: {}
06-11 10:45:58.534  3189  5627 D KEYLOG_PhoneWindowManagerExtImpl: overrideInterceptKeyBeforeQueueing:KeyEvent { action=ACTION_DOWN, keyCode=KEYCODE_VOLUME_UP, scanCode=0, metaState=0, flags=0x0, repeatCount=0, eventTime=201452256000000, downTime=201452256000000, deviceId=-1, source=0x0, displayId=-1 },  keyguardOn = false,  screenOn = true,  policyFlags = 721420288,  SosPowerKeyEnabled = true,  WalletSwitchState = 1,  IsQuickLaunchSupport = true,  IsDoubleCheckAppSupport = false,  isQuickAppOn=false,  canceled = false
06-11 10:45:58.534  3189  5627 D KEYLOG_OplusKeyCombinationManager: down true keyCode 24 count 0 interactive true eventTime 201452256 mDownTimes: {}
06-11 10:45:58.534  3189  5627 I OplusJoystickManager: read game pad state for game manager -> false
06-11 10:45:58.534  3189  5627 W OplusJoystickManager: mInterceptGamepadKey is false
06-11 10:45:58.534  3189  5627 D OplusCustomizeRestrictionManagerService: isLongPressVolumeUpDisabled start
06-11 10:45:58.534  3189  5627 I STKeyLog_StrategyDisableBottomKey: onBeforeQueueing : mIsUpGestureMode=false,mDisableBottomKeyMode0
06-11 10:45:58.534  3189  5627 D STKeyLog_StrategyBlackscreenshot: notifyKeyBeforeQueueing, downTime201452256, action=0, interactive=true
06-11 10:45:58.535  3189  5627 D KEYLOG_PhoneWindowManager: interceptKeyBeforeQueueing downTime=201452256 action = 0 interactive=true keyguardActive=false policyFlags=2b000000 isInjected=true isWakeKey=false isKeyGestureTriggered=false
06-11 10:45:58.536  3189  5627 I VibratorManagerServiceExtImpl: cancelVibrate uid=1000, pid=3189, usageFilter=-15, token=193946947
06-11 10:45:58.536  4329 24904 D RingtonePlayer: stopAsync()
06-11 10:45:58.536  4329 24904 D RingtonePlayer: stop
06-11 10:45:58.536  3189  5627 D AS.AudioService: uid 1000, callingApp = android.uid.system:1000
06-11 10:45:58.538  3189  3332 D PowerManagerService: userActivityNoUpdateLocked: groupId=0, eventTime=201452256, event=button, flags=0x0, uid=1000
06-11 10:45:58.562  3189  3765 V AlarmManager: sending alarm Alarm{e1dcfa8 type 1 origWhen 1781145958561 whenElapsed 243355887 android} uid 1000 whenElapsed 243355887 windowLength 0 maxWhenElapsed 243355887 repeatInterval 0 action null component null tag StorgaeBandInfoAlarmTag flags 0x9 procName system_server
06-11 10:45:58.563  3189 27614 E OplusStorageUFSBandwidth: storage_io_metrics_path is /proc/oplus_storage/io_metrics/forever/
06-11 10:45:58.564  3189 27614 E OplusStorageUFSBandwidth: Bandwidth - Read: 0.50 MB/s, Write: 0.00 MB/s
06-11 10:45:58.564  3189 27614 E OplusStorageUFSBandwidth: Task time: 1ms
06-11 10:45:58.568  3189 27614 E OplusStorageUFSBandwidth: Alarm set to trigger in 10 seconds
06-11 10:45:58.648  1667 15952 I sensors-hal: handle_oplus_wise_rgb_event:230, wise_rgb:algo_type = 3
06-11 10:45:58.649  1667 15952 I sensors-hal: handle_oplus_wise_rgb_event:285, wise_rgb: raw_lux 495.699585, raw_cct 6500.198242, r/g/b/c: 40003.621094/35060.585938/19977.597656/88737.664062, R/G/B: 0.000000/0.000000/0.000000, brl 1529.000000, lux: 495.699585, cct: 6500.198242, ts 243355964891624, cnt 7447
06-11 10:45:58.684  3189  3806 E OplusInputDeviceUtil: api level < 36 or inputDevice is null, return false
06-11 10:45:58.684  3189  3806 D KEYLOG_KeyGestureControllerExtlmpl: interceptOldShortcuts, mIsShortCutMenuShow = false mPendingMetaActionForOld = false mLongPressHandled = false
06-11 10:45:58.685  3189  3806 D STKeyLog_StrategyPadKeyBoardShortcut: excuteShortCut, interactive = true
06-11 10:45:58.685  3189  3806 D OplusCustomizeRestrictionManagerService: isLongPressVolumeUpDisabled start
06-11 10:45:58.687  3189  3332 D PowerManagerService: userActivityNoUpdateLocked: groupId=0, eventTime=201452256, event=button, flags=0x0, uid=1000
06-11 10:45:58.692  9206  9206 I GlobalHandwriting: onUpdateEditorToolType = 0
06-11 10:45:58.693  6058  6058 I MinimalGlobe: Debug zoom scale=1.18 | tiles vis=41 cached=74 renderSurface=25 exact=25 parent=0 missing=0 unsupported=16 kicked=0 retained=0 z=2-17 targetZ=2-17 texZ=2-17 lod=512 eq=0 qRender=41 qWalk=70 qBal=0 qFrustum=85 qHz=0 qEq2=0 grp=25/0/16 ellAlt=256.24 sphAlt=-4933.55 radius=6373203.45 FPS=60.0 draw=27
06-11 10:45:58.694  3189  5627 D KEYLOG_KeyCombinationManager: down false downTime 201452256 action 1 count 1 isDefaultDisplayInteractive true eventTime 201452416 mDownTimes: {24=201452256}
06-11 10:45:58.694  3189  5627 D KEYLOG_PhoneWindowManagerExtImpl: overrideInterceptKeyBeforeQueueing:KeyEvent { action=ACTION_UP, keyCode=KEYCODE_VOLUME_UP, scanCode=0, metaState=0, flags=0x0, repeatCount=0, eventTime=201452416000000, downTime=201452256000000, deviceId=-1, source=0x0, displayId=-1 },  keyguardOn = false,  screenOn = true,  policyFlags = 721420288,  SosPowerKeyEnabled = true,  WalletSwitchState = 1,  IsQuickLaunchSupport = true,  IsDoubleCheckAppSupport = false,  isQuickAppOn=false,  canceled = false
06-11 10:45:58.694  3189  5627 D KEYLOG_OplusKeyCombinationManager: down false keyCode 24 count 0 interactive true eventTime 201452416 mDownTimes: {24=201452256}
06-11 10:45:58.695  3189  5627 I OplusJoystickManager: read game pad state for game manager -> false
06-11 10:45:58.695  3189  5627 W OplusJoystickManager: mInterceptGamepadKey is false
06-11 10:45:58.695  3189  5627 D OplusCustomizeRestrictionManagerService: isLongPressVolumeUpDisabled start
06-11 10:45:58.695  3189  5627 I STKeyLog_StrategyDisableBottomKey: onBeforeQueueing : mIsUpGestureMode=false,mDisableBottomKeyMode0
06-11 10:45:58.695  3189  5627 D STKeyLog_StrategyBlackscreenshot: notifyKeyBeforeQueueing, downTime201452256, action=1, interactive=true
06-11 10:45:58.695  3189  5627 D KEYLOG_PhoneWindowManager: interceptKeyBeforeQueueing downTime=201452256 action = 1 interactive=true keyguardActive=false policyFlags=2b000000 isInjected=true isWakeKey=false isKeyGestureTriggered=false
06-11 10:45:58.696  3189  3806 E OplusInputDeviceUtil: api level < 36 or inputDevice is null, return false
06-11 10:45:58.696  3189  3806 D STKeyLog_StrategyPadKeyBoardShortcut: excuteShortCut, interactive = true
06-11 10:45:58.696  3189  3332 D PowerManagerService: userActivityNoUpdateLocked: groupId=0, eventTime=201452416, event=button, flags=0x0, uid=1000
06-11 10:45:58.696  3189  3806 D OplusCustomizeRestrictionManagerService: isLongPressVolumeUpDisabled start
06-11 10:45:58.698  3189  3332 D PowerManagerService: userActivityNoUpdateLocked: groupId=0, eventTime=201452416, event=button, flags=0x0, uid=1000
06-11 10:45:58.704  6058  7118 I AndroidBridge: androidHttpGet: env=0xb400007ad79f4a20 gJniHttpHelperClass=0x30a6 gHttpGetMethod=0x1 url=https://webst03.is.autonavi.com/appmaptile?style=6&x=208628&y=108474&z=18
06-11 10:45:58.704  6058  7123 I AndroidBridge: androidHttpGet: env=0xb400007a0aba6c00 gJniHttpHelperClass=0x30a6 gHttpGetMethod=0x1 url=https://webst04.is.autonavi.com/appmaptile?style=6&x=208628&y=108475&z=18
06-11 10:45:58.705  6058  7117 I AndroidBridge: androidHttpGet: env=0xb400007a7da0f2a0 gJniHttpHelperClass=0x30a6 gHttpGetMethod=0x1 url=https://webst02.is.autonavi.com/appmaptile?style=6&x=208627&y=108474&z=18
06-11 10:45:58.705  6058  7125 I AndroidBridge: androidHttpGet: env=0xb400007a7da13360 gJniHttpHelperClass=0x30a6 gHttpGetMethod=0x1 url=https://webst01.is.autonavi.com/appmaptile?style=6&x=208628&y=108476&z=18
06-11 10:45:58.705  6058  7125 I JniHttpHelper: httpGet called: https://webst01.is.autonavi.com/appmaptile?style=6&x=208628&y=108476&z=18
06-11 10:45:58.705  6058  7117 I JniHttpHelper: httpGet called: https://webst02.is.autonavi.com/appmaptile?style=6&x=208627&y=108474&z=18
06-11 10:45:58.706  6058  7123 I JniHttpHelper: httpGet called: https://webst04.is.autonavi.com/appmaptile?style=6&x=208628&y=108475&z=18
06-11 10:45:58.707  6058  7122 I AndroidBridge: androidHttpGet: env=0xb400007a7da107a0 gJniHttpHelperClass=0x30a6 gHttpGetMethod=0x1 url=https://webst04.is.autonavi.com/appmaptile?style=6&x=208629&y=108474&z=18
06-11 10:45:58.707  6058  7122 I JniHttpHelper: httpGet called: https://webst04.is.autonavi.com/appmaptile?style=6&x=208629&y=108474&z=18
06-11 10:45:58.708  6058  7124 I AndroidBridge: androidHttpGet: env=0xb400007a0abaa240 gJniHttpHelperClass=0x30a6 gHttpGetMethod=0x1 url=https://webst01.is.autonavi.com/appmaptile?style=6&x=208629&y=108475&z=18
06-11 10:45:58.708  6058  7124 I JniHttpHelper: httpGet called: https://webst01.is.autonavi.com/appmaptile?style=6&x=208629&y=108475&z=18
06-11 10:45:58.708  6058  7118 I JniHttpHelper: httpGet called: https://webst03.is.autonavi.com/appmaptile?style=6&x=208628&y=108474&z=18
06-11 10:45:58.709  6058  7126 I AndroidBridge: androidHttpGet: env=0xb400007a0abab040 gJniHttpHelperClass=0x30a6 gHttpGetMethod=0x1 url=https://webst02.is.autonavi.com/appmaptile?style=6&x=208629&y=108476&z=18
06-11 10:45:58.709  6058  7126 I JniHttpHelper: httpGet called: https://webst02.is.autonavi.com/appmaptile?style=6&x=208629&y=108476&z=18
06-11 10:45:58.713  3189  4853 D MediaSessionService: dispatchVolumeKeyEvent, pkg=com.earthengine.minimalglobe, opPkg=com.earthengine.minimalglobe, pid=6058, uid=10602, asSystem=true, event=KeyEvent { action=ACTION_UP, keyCode=KEYCODE_VOLUME_UP, scanCode=0, metaState=0, flags=0x0, repeatCount=0, eventTime=201452416000000, downTime=201452256000000, deviceId=-1, source=0x0, displayId=-1 }, stream=-2147483648, musicOnly=false
06-11 10:45:58.713  3189  4853 D MediaSessionService: Adjusting suggestedStream=-2147483648 by 0. flags=4116, preferSuggestedStream=false, session=null, musicOnly false
06-11 10:45:58.713  3189  3189 E MediaSessionService: sPid is 3189 sTid:3189
06-11 10:45:58.718  3189  3189 D AudioServiceExtImpl: ringVolumeDefault :0
06-11 10:45:58.719  3189  3189 V AudioServiceExtImpl: oplusGetParameters() keyValuePairs:OPLUS_AUDIO_GET_ADJUSTVOLUME_FORBID, uid: 1000
06-11 10:45:58.719  3189  3189 D AS.AudioService: sendVolumeUpdate streamType=3, index=800, flags=4112
06-11 10:45:58.720  3189  3189 D VolumeController: postVolumeChanged streamType=3, flags=4112
06-11 10:45:58.720  4329  5186 I SystemUi--Volume: vol.VolumeDialogControl-->shouldShowUI wakefulness:2 ,mDeviceInteractive:true ,mShowVolumeDialog:true
06-11 10:45:58.721  4329  5186 I SystemUi--Volume: vol.VolumeDialogControl-->onVolumeChangedW stream:3,flags:4112 ,showUI:false ,fromKey:true ,showVibrateHint:false ,showSilentHint:false ,changed:false
06-11 10:45:58.721  4329  5186 I SystemUi--Volume: vol.VolumeDialogControl-->shouldShowUI wakefulness:2 ,mDeviceInteractive:true ,mShowVolumeDialog:true
06-11 10:45:58.722  4329  4329 I SystemUi--Volume: OplusVolumeDialogImpl-->onVolumeKeyStateChange isMultiMediaSettingsEnable:false,screenState:2
06-11 10:45:58.764  6058  7118 I JniHttpHelper: httpGet OK: https://webst03.is.autonavi.com/appmaptile?style=6&x=208628&y=108474&z=18 -> 11385 bytes
06-11 10:45:58.767  6058  7123 I JniHttpHelper: httpGet OK: https://webst04.is.autonavi.com/appmaptile?style=6&x=208628&y=108475&z=18 -> 12696 bytes
06-11 10:45:58.770  6058  7122 I JniHttpHelper: httpGet OK: https://webst04.is.autonavi.com/appmaptile?style=6&x=208629&y=108474&z=18 -> 13282 bytes
06-11 10:45:58.773  6058  7123 I AndroidBridge: Decoded image 256x256 from 12696 bytes
06-11 10:45:58.773  6058  7126 I JniHttpHelper: httpGet OK: https://webst02.is.autonavi.com/appmaptile?style=6&x=208629&y=108476&z=18 -> 13163 bytes
06-11 10:45:58.775  6058  7122 I AndroidBridge: Decoded image 256x256 from 13282 bytes
06-11 10:45:58.775  6058  7118 I AndroidBridge: Decoded image 256x256 from 11385 bytes
06-11 10:45:58.776  6058  7117 I JniHttpHelper: httpGet OK: https://webst02.is.autonavi.com/appmaptile?style=6&x=208627&y=108474&z=18 -> 11943 bytes
06-11 10:45:58.778  6058  7126 I AndroidBridge: Decoded image 256x256 from 13163 bytes
06-11 10:45:58.780  6058  7117 I AndroidBridge: Decoded image 256x256 from 11943 bytes
06-11 10:45:58.783  6058  6058 I BasemapLayer: Tile uploaded: 18/208628/108475 256x256
06-11 10:45:58.783  6058  6058 I BasemapLayer: Tile uploaded: 18/208629/108474 256x256
06-11 10:45:58.815  6058  6058 I BasemapLayer: Tile uploaded: 18/208628/108474 256x256
06-11 10:45:58.816  6058  6058 I BasemapLayer: Tile uploaded: 18/208629/108476 256x256
06-11 10:45:58.819  6058  7124 I JniHttpHelper: httpGet OK: https://webst01.is.autonavi.com/appmaptile?style=6&x=208629&y=108475&z=18 -> 12603 bytes
06-11 10:45:58.821  6058  7125 I JniHttpHelper: httpGet OK: https://webst01.is.autonavi.com/appmaptile?style=6&x=208628&y=108476&z=18 -> 12404 bytes
06-11 10:45:58.832  6058  6058 I BasemapLayer: Tile uploaded: 18/208627/108474 256x256
06-11 10:45:58.846  6058  7124 I AndroidBridge: Decoded image 256x256 from 12603 bytes
06-11 10:45:58.846  6058  7125 I AndroidBridge: Decoded image 256x256 from 12404 bytes
06-11 10:45:58.847  1667 15952 I sensors-hal: handle_oplus_wise_rgb_event:230, wise_rgb:algo_type = 3
06-11 10:45:58.847  1667 15952 I sensors-hal: handle_oplus_wise_rgb_event:285, wise_rgb: raw_lux 502.268250, raw_cct 6505.119141, r/g/b/c: 39940.886719/34873.683594/19862.320312/88678.820312, R/G/B: 0.000000/0.000000/0.000000, brl 1529.000000, lux: 502.268250, cct: 6505.119141, ts 243356164658239, cnt 7448
06-11 10:45:58.848  6058  6058 I BasemapLayer: Tile uploaded: 18/208629/108475 256x256
06-11 10:45:58.848  6058  6058 I BasemapLayer: Tile uploaded: 18/208628/108476 256x256
06-11 10:45:58.930  1656  5403 I vendor.qti.bluetooth@1.0-ibs_handler: [ibs_handler.cpp:778] ProcessIbsCmd: Received IBS_WAKE_IND: 0xFD
06-11 10:45:58.930  1656  5403 D vendor.qti.bluetooth@1.0-ibs_handler: [ibs_handler.cpp:372] SerialClockVote: vote for UART CLK ON
06-11 10:45:58.931  1656  5403 D vendor.qti.bluetooth@1.0-wake_lock: [wake_lock.cpp:135] Acquire wakelock is acquired 
06-11 10:45:58.931  1656  5403 I vendor.qti.bluetooth@1.0-ibs_handler: [ibs_handler.cpp:795] ProcessIbsCmd: Writing IBS_WAKE_ACK
06-11 10:45:58.949  6550  6590 I JPEG_JNI: EnterExeTask  controller.background_task_controller process {"client":"infer"}
06-11 10:45:58.953  6550  6590 I JPEG_JNI: LeaveExeTask  module controller.background_task_controller 
06-11 10:45:58.953  6550  6590 I JPEG_JNI:  func process  
06-11 10:45:58.953  6550  6590 I JPEG_JNI:  input {"client":"infer"} 
06-11 10:45:58.953  6550  6590 I JPEG_JNI:  ret {}
06-11 10:45:58.972  1656  5403 I vendor.qti.bluetooth@1.0-ibs_handler: [ibs_handler.cpp:825] ProcessIbsCmd: Received IBS_SLEEP_IND: 0xFE
06-11 10:45:58.972  1656  5403 D vendor.qti.bluetooth@1.0-ibs_handler: [ibs_handler.cpp:391] SerialClockVote: vote for UART CLK OFF
06-11 10:45:59.042  4639  8246 D CommonApp-194-10602: commonScoreStrategy scenarios 3 mTLD.uplink_packets + mTLD.downlink_packets > 10 avgRtt12
06-11 10:45:59.043  4639  8246 D CommonApp-194-10602: notifyScoreChange appScene COMMON score 100
06-11 10:45:59.043  4639  8246 D ScorePolicy: handleScoreChanged: []
06-11 10:45:59.043  4639  8246 D ScorePolicy: handleScoreChanged: []
06-11 10:45:59.044  4639  8246 D ScorePolicy: handleScoreChanged: []
06-11 10:45:59.047  1667 15952 I sensors-hal: handle_oplus_wise_rgb_event:230, wise_rgb:algo_type = 3
06-11 10:45:59.047  1667 15952 I sensors-hal: handle_oplus_wise_rgb_event:285, wise_rgb: raw_lux 502.851807, raw_cct 6413.323242, r/g/b/c: 40079.257812/35163.289062/19881.644531/88842.515625, R/G/B: 0.000000/0.000000/0.000000, brl 1529.000000, lux: 502.851807, cct: 6413.323242, ts 243356364480427, cnt 7449
06-11 10:45:59.047  1667 15988 I sensors-hal: get_brightness:1652, light_iface: get_brightness, brl 1529, pwm_turbo_on 0/0, hbm_dc 0
06-11 10:45:59.100  3189  5627 D KEYLOG_KeyCombinationManager: down true downTime 201452822 action 0 count 0 isDefaultDisplayInteractive true eventTime 201452822 mDownTimes: {}
06-11 10:45:59.100  3189  5627 D KEYLOG_PhoneWindowManagerExtImpl: overrideInterceptKeyBeforeQueueing:KeyEvent { action=ACTION_DOWN, keyCode=KEYCODE_VOLUME_UP, scanCode=0, metaState=0, flags=0x0, repeatCount=0, eventTime=201452822000000, downTime=201452822000000, deviceId=-1, source=0x0, displayId=-1 },  keyguardOn = false,  screenOn = true,  policyFlags = 721420288,  SosPowerKeyEnabled = true,  WalletSwitchState = 1,  IsQuickLaunchSupport = true,  IsDoubleCheckAppSupport = false,  isQuickAppOn=false,  canceled = false
06-11 10:45:59.100  3189  5627 D KEYLOG_OplusKeyCombinationManager: down true keyCode 24 count 0 interactive true eventTime 201452822 mDownTimes: {}
06-11 10:45:59.101  3189  5627 I OplusJoystickManager: read game pad state for game manager -> false
06-11 10:45:59.101  3189  5627 W OplusJoystickManager: mInterceptGamepadKey is false
06-11 10:45:59.101  3189  5627 D OplusCustomizeRestrictionManagerService: isLongPressVolumeUpDisabled start
06-11 10:45:59.101  3189  5627 I STKeyLog_StrategyDisableBottomKey: onBeforeQueueing : mIsUpGestureMode=false,mDisableBottomKeyMode0
06-11 10:45:59.101  3189  5627 D STKeyLog_StrategyBlackscreenshot: notifyKeyBeforeQueueing, downTime201452822, action=0, interactive=true
06-11 10:45:59.102  3189  5627 D KEYLOG_PhoneWindowManager: interceptKeyBeforeQueueing downTime=201452822 action = 0 interactive=true keyguardActive=false policyFlags=2b000000 isInjected=true isWakeKey=false isKeyGestureTriggered=false
06-11 10:45:59.103  3189  5627 I VibratorManagerServiceExtImpl: cancelVibrate uid=1000, pid=3189, usageFilter=-15, token=193946947
06-11 10:45:59.103  4329 24904 D RingtonePlayer: stopAsync()
06-11 10:45:59.103  4329 24904 D RingtonePlayer: stop
06-11 10:45:59.103  3189  5627 D AS.AudioService: uid 1000, callingApp = android.uid.system:1000
06-11 10:45:59.105  3189  3332 D PowerManagerService: userActivityNoUpdateLocked: groupId=0, eventTime=201452822, event=button, flags=0x0, uid=1000
06-11 10:45:59.123  1656  5071 D vendor.qti.bluetooth@1.0-wake_lock: [wake_lock.cpp:158] Release wakelock is released 
06-11 10:45:59.124  3189  3271 I ActivityManager: Waited long enough for: ServiceRecord{4c2b4b1 u0 com.oplus.sau/com.oplusos.sau.aidl.SauBinderUpdateService c:com.oplus.sau}
06-11 10:45:59.247  1667 15952 I sensors-hal: handle_oplus_wise_rgb_event:230, wise_rgb:algo_type = 3
06-11 10:45:59.247  1667 15952 I sensors-hal: handle_oplus_wise_rgb_event:285, wise_rgb: raw_lux 502.517090, raw_cct 6368.403320, r/g/b/c: 40282.359375/35409.671875/19819.425781/89089.734375, R/G/B: 0.000000/0.000000/0.000000, brl 1529.000000, lux: 502.517090, cct: 6368.403320, ts 243356564274437, cnt 7450
06-11 10:45:59.250  3189  3806 E OplusInputDeviceUtil: api level < 36 or inputDevice is null, return false
06-11 10:45:59.250  3189  3806 D KEYLOG_KeyGestureControllerExtlmpl: interceptOldShortcuts, mIsShortCutMenuShow = false mPendingMetaActionForOld = false mLongPressHandled = false
06-11 10:45:59.251  3189  3806 D STKeyLog_StrategyPadKeyBoardShortcut: excuteShortCut, interactive = true
06-11 10:45:59.251  1800  1800 D vendor.oplus.hardware.charger-V10-service: getChargerControl:sub_current=100
06-11 10:45:59.251  1800  1800 D vendor.oplus.hardware.charger-V10-service: sub_voltage=3800
06-11 10:45:59.251  1800  1800 D vendor.oplus.hardware.charger-V10-service: sub_soc=-1
06-11 10:45:59.251  1800  1800 D vendor.oplus.hardware.charger-V10-service: sub_temperature=250
06-11 10:45:59.251  1800  1800 D vendor.oplus.hardware.charger-V10-service: main_soc=100
06-11 10:45:59.251  3189  3806 D OplusCustomizeRestrictionManagerService: isLongPressVolumeUpDisabled start
06-11 10:45:59.253  3189  3332 D PowerManagerService: userActivityNoUpdateLocked: groupId=0, eventTime=201452822, event=button, flags=0x0, uid=1000
06-11 10:45:59.259  9206  9206 I GlobalHandwriting: onUpdateEditorToolType = 0
06-11 10:45:59.260  6058  6058 I MinimalGlobe: Debug zoom scale=1.18 | tiles vis=44 cached=81 renderSurface=28 exact=28 parent=0 missing=0 unsupported=16 kicked=0 retained=0 z=2-18 targetZ=2-18 texZ=2-18 lod=512 eq=0 qRender=44 qWalk=73 qBal=0 qFrustum=91 qHz=0 qEq2=0 grp=28/0/16 ellAlt=210.12 sphAlt=-4979.67 radius=6373157.33 FPS=59.5 draw=30
06-11 10:45:59.261  3189  5627 D KEYLOG_KeyCombinationManager: down false downTime 201452822 action 1 count 1 isDefaultDisplayInteractive true eventTime 201452983 mDownTimes: {24=201452822}
06-11 10:45:59.262  3189  5627 D KEYLOG_PhoneWindowManagerExtImpl: overrideInterceptKeyBeforeQueueing:KeyEvent { action=ACTION_UP, keyCode=KEYCODE_VOLUME_UP, scanCode=0, metaState=0, flags=0x0, repeatCount=0, eventTime=201452983000000, downTime=201452822000000, deviceId=-1, source=0x0, displayId=-1 },  keyguardOn = false,  screenOn = true,  policyFlags = 721420288,  SosPowerKeyEnabled = true,  WalletSwitchState = 1,  IsQuickLaunchSupport = true,  IsDoubleCheckAppSupport = false,  isQuickAppOn=false,  canceled = false
06-11 10:45:59.262  3189  5627 D KEYLOG_OplusKeyCombinationManager: down false keyCode 24 count 0 interactive true eventTime 201452983 mDownTimes: {24=201452822}
06-11 10:45:59.263  3189  5627 I OplusJoystickManager: read game pad state for game manager -> false
06-11 10:45:59.263  3189  5627 W OplusJoystickManager: mInterceptGamepadKey is false
06-11 10:45:59.263  3189  5627 D OplusCustomizeRestrictionManagerService: isLongPressVolumeUpDisabled start
06-11 10:45:59.263  3189  5627 I STKeyLog_StrategyDisableBottomKey: onBeforeQueueing : mIsUpGestureMode=false,mDisableBottomKeyMode0
06-11 10:45:59.263  3189  5627 D STKeyLog_StrategyBlackscreenshot: notifyKeyBeforeQueueing, downTime201452822, action=1, interactive=true
06-11 10:45:59.264  3189  5627 D KEYLOG_PhoneWindowManager: interceptKeyBeforeQueueing downTime=201452822 action = 1 interactive=true keyguardActive=false policyFlags=2b000000 isInjected=true isWakeKey=false isKeyGestureTriggered=false
06-11 10:45:59.264  3189  3806 E OplusInputDeviceUtil: api level < 36 or inputDevice is null, return false
06-11 10:45:59.264  3189  3332 D PowerManagerService: userActivityNoUpdateLocked: groupId=0, eventTime=201452983, event=button, flags=0x0, uid=1000
06-11 10:45:59.265  3189  3806 D STKeyLog_StrategyPadKeyBoardShortcut: excuteShortCut, interactive = true
06-11 10:45:59.265  3189  3806 D OplusCustomizeRestrictionManagerService: isLongPressVolumeUpDisabled start
06-11 10:45:59.266  3189  3332 D PowerManagerService: userActivityNoUpdateLocked: groupId=0, eventTime=201452983, event=button, flags=0x0, uid=1000
06-11 10:45:59.275  3189  5915 D MediaSessionService: dispatchVolumeKeyEvent, pkg=com.earthengine.minimalglobe, opPkg=com.earthengine.minimalglobe, pid=6058, uid=10602, asSystem=true, event=KeyEvent { action=ACTION_UP, keyCode=KEYCODE_VOLUME_UP, scanCode=0, metaState=0, flags=0x0, repeatCount=0, eventTime=201452983000000, downTime=201452822000000, deviceId=-1, source=0x0, displayId=-1 }, stream=-2147483648, musicOnly=false
06-11 10:45:59.275  3189  5915 D MediaSessionService: Adjusting suggestedStream=-2147483648 by 0. flags=4116, preferSuggestedStream=false, session=null, musicOnly false
06-11 10:45:59.276  3189  3189 E MediaSessionService: sPid is 3189 sTid:3189
06-11 10:45:59.280  3189  3189 D AudioServiceExtImpl: ringVolumeDefault :0
06-11 10:45:59.281  3189  3189 V AudioServiceExtImpl: oplusGetParameters() keyValuePairs:OPLUS_AUDIO_GET_ADJUSTVOLUME_FORBID, uid: 1000
06-11 10:45:59.281  3189  3189 D AS.AudioService: sendVolumeUpdate streamType=3, index=800, flags=4112
06-11 10:45:59.281  3189  3189 D VolumeController: postVolumeChanged streamType=3, flags=4112
06-11 10:45:59.282  1800  1924 D BatteryChargeControl: bcc get no support from charging protocol
06-11 10:45:59.282  4329  5186 I SystemUi--Volume: vol.VolumeDialogControl-->shouldShowUI wakefulness:2 ,mDeviceInteractive:true ,mShowVolumeDialog:true
06-11 10:45:59.283  4329  5186 I SystemUi--Volume: vol.VolumeDialogControl-->onVolumeChangedW stream:3,flags:4112 ,showUI:false ,fromKey:true ,showVibrateHint:false ,showSilentHint:false ,changed:false
06-11 10:45:59.283  4329  5186 I SystemUi--Volume: vol.VolumeDialogControl-->shouldShowUI wakefulness:2 ,mDeviceInteractive:true ,mShowVolumeDialog:true
06-11 10:45:59.284  4329  4329 I SystemUi--Volume: OplusVolumeDialogImpl-->onVolumeKeyStateChange isMultiMediaSettingsEnable:false,screenState:2
06-11 10:45:59.286  1764  1964 E PerformanceService: storage_feature: open /sys/devices/platform/soc/112b0000.ufshci//virtualtlcbuff fail
06-11 10:45:59.419  3189  3609 I OplusCpuLimitManager: OplusCpuHighLoad: request instant cpu load
06-11 10:45:59.423  6858 14684 D gaia-GaiaConnectChecker: start connect check++
06-11 10:45:59.445  3189  3609 I OplusCpuLimitManager: OplusCpuHighLoad: release instant cpu load
06-11 10:45:59.446  1667 15952 I sensors-hal: handle_oplus_wise_rgb_event:230, wise_rgb:algo_type = 3
06-11 10:45:59.446  1667 15952 I sensors-hal: handle_oplus_wise_rgb_event:285, wise_rgb: raw_lux 495.159668, raw_cct 6316.583984, r/g/b/c: 40223.582031/35375.265625/19806.947266/88843.867188, R/G/B: 0.000000/0.000000/0.000000, brl 1529.000000, lux: 495.159668, cct: 6316.583984, ts 243356764071416, cnt 7451
06-11 10:45:59.454  6550  6590 I JPEG_JNI: EnterExeTask  controller.background_task_controller process {"client":"infer"}
06-11 10:45:59.459  6550  6590 I JPEG_JNI: LeaveExeTask  module controller.background_task_controller 
06-11 10:45:59.459  6550  6590 I JPEG_JNI:  func process  
06-11 10:45:59.459  6550  6590 I JPEG_JNI:  input {"client":"infer"} 
06-11 10:45:59.459  6550  6590 I JPEG_JNI:  ret {}
06-11 10:45:59.515  1800  1800 D ChargerInfo: getInfo: type: 0x1, update: 1
06-11 10:45:59.515  1800  1875 D ChargerInfo: chargerInfoUpdateThread: update start
06-11 10:45:59.519  1800  1875 D ChargerInfo: enableTx: path(/proc/wireless/enable_tx): not exist
06-11 10:45:59.522  1800  1875 D ChargerInfo: get_ui_charge_icon_type: [0 0] [0 0] 1
06-11 10:45:59.522  1800  1875 E ChargerInfo: SingleHyperPath not found
06-11 10:45:59.523  1800  1875 D ChargerInfo: CarC: path(/sys/class/oplus_chg/battery/gauge_car_c): not exist
06-11 10:45:59.523  1800  1875 D ChargerInfo: chargerInfoUpdateThread: update end
06-11 10:45:59.523  1800  1875 D ChargerInfo: chargerInfoUpdateThread: update wait
06-11 10:45:59.523  1800  1800 D ChargerInfo: enableTx: path(/proc/wireless/enable_tx): not exist
06-11 10:45:59.523  1800  1800 D ChargerInfo: getInfo: {"Update":{"batteryFcc":3942,"batteryRm":3942,"bddLeakCurr":0,"bmsStatus":0,"bypassChgStatus":0,"chargeTimeRemaining":0,"cpaPower":0,"enableTx":true,"fastCharge":0,"isSupportSpeedCharge":0,"notifyCode":1048704,"otgOnline":1,"ppsChargePower":0,"ppsCharging":0,"shortCHwStatus":0,"shortIcOtpStatus":0,"uiIconType":0,"uiPower":0,"usbStatus":0,"wlsAdapterPower":0}}
06-11 10:45:59.525  3189  3311 D OplusThermalStats: REPORT_UPDATE_CPU  ->  phoneTemp:360  preHeatThreshold:400
06-11 10:45:59.618  3189  3311 D ProcessCpuTrackerExtImpl: mContext is already set, return now! 
06-11 10:45:59.646  1667 15952 I sensors-hal: handle_oplus_wise_rgb_event:230, wise_rgb:algo_type = 3
06-11 10:45:59.647  1667 15952 I sensors-hal: handle_oplus_wise_rgb_event:285, wise_rgb: raw_lux 489.167175, raw_cct 6286.030273, r/g/b/c: 40219.355469/35178.507812/19685.496094/88369.218750, R/G/B: 0.000000/0.000000/0.000000, brl 1529.000000, lux: 489.167175, cct: 6286.030273, ts 243356963908031, cnt 7452
06-11 10:45:59.647  1667 15988 I sensors-hal: handle_oplus_wise_rgb_event:301, oplus wise_rgb sample: (7452)(cct, lux, ir_ratio, r, g, b, c)[6286, 489, 37, 40219, 35178, 19685, 88369]
06-11 10:45:59.846  1667 15952 I sensors-hal: handle_oplus_wise_rgb_event:230, wise_rgb:algo_type = 3
06-11 10:45:59.847  1667 15952 I sensors-hal: handle_oplus_wise_rgb_event:285, wise_rgb: raw_lux 488.002808, raw_cct 6269.834473, r/g/b/c: 40304.671875/35160.625000/19659.140625/88418.718750, R/G/B: 0.000000/0.000000/0.000000, brl 1529.000000, lux: 488.002808, cct: 6269.834473, ts 243357163664697, cnt 7453
06-11 10:45:59.960  6550  6590 I JPEG_JNI: EnterExeTask  controller.background_task_controller process {"client":"infer"}
06-11 10:45:59.964  6550  6590 I JPEG_JNI: LeaveExeTask  module controller.background_task_controller 
06-11 10:45:59.964  6550  6590 I JPEG_JNI:  func process  
06-11 10:45:59.964  6550  6590 I JPEG_JNI:  input {"client":"infer"} 
06-11 10:45:59.964  6550  6590 I JPEG_JNI:  ret {}
06-11 10:46:00.000  3189  3765 V AlarmManager: sending alarm Alarm{8fb0425 type 3 origWhen 243357326 whenElapsed 243357326 android} uid 1000 whenElapsed 243357326 windowLength 0 maxWhenElapsed 243357326 repeatInterval 0 action null component null tag TIME_TICK flags 0x9 procName system_server
06-11 10:46:00.004  4329  4329 I SystemUi--SystemUi--: Clock-->smallTime: 10:46
06-11 10:46:00.011  4329  4329 I SystemUi--SystemUi--: Clock-->smallTime: 10:46
06-11 10:46:00.010  4454  5373 D AMC     : [TriggerSystem] handleLoopTick trigger:vowifihandover phoneId:0 voWifiHandoverCount:0
06-11 10:46:00.011  4639  4639 D SubsysBroadcastManager: onReceive action:android.intent.action.TIME_TICK
06-11 10:46:00.012  4329  4329 I SystemUi--SystemUi--: Clock-->smallTime: 10:46
06-11 10:46:00.012  4454  5373 D AMC     : [TriggerSystem] handleLoopTick trigger:vowifihandover phoneId:1 voWifiHandoverCount:0
06-11 10:46:00.017  3189  3336 D OplusDisplayBrightnessBroadcastReceiver: onReceive action = android.intent.action.TIME_TICK , listeners = [com.android.server.display.feature.ambience.events.event.TimeEvent$TimeChangeReceiver@b5c8e79]
06-11 10:46:00.021  4329  4329 I SystemUi--Statusbar: QsClock-->textWidth:117.0, mPaddingEnd 21, dynamicWidth 48, systemFontScale 1.0
06-11 10:46:00.023  5081 12459 D PhoneUsageTime: lastChargeFullTime=1781145900020 LastChargeFullDurationTime=2962642
06-11 10:46:00.046  1667 15952 I sensors-hal: handle_oplus_wise_rgb_event:230, wise_rgb:algo_type = 3
06-11 10:46:00.046  1667 15952 I sensors-hal: handle_oplus_wise_rgb_event:285, wise_rgb: raw_lux 496.079651, raw_cct 6278.147461, r/g/b/c: 40150.414062/35222.933594/19673.880859/88843.179688, R/G/B: 0.000000/0.000000/0.000000, brl 1529.000000, lux: 496.079651, cct: 6278.147461, ts 243357363427562, cnt 7454
06-11 10:46:00.046  1667 15988 I sensors-hal: get_brightness:1652, light_iface: get_brightness, brl 1529, pwm_turbo_on 0/0, hbm_dc 0
06-11 10:46:00.047  3189  6314 I AICCTModule: SensorFilter: findSecondNearestValue, sensorValue: 6430.508 nearestMaxValue:6368.4033 secondNearestValue: 6316.584
06-11 10:46:00.047  3189  6314 I AICCTModule: SensorFilter: findSecondNearestValue, sensorValue: 504.5876 nearestMaxValue:502.8518 secondNearestValue: 502.5171
06-11 10:46:00.047  3189  6314 I AICCTModule: AICurveModel: findPointByX x:13.347694, rightPoint:Point:(13.349999, 6801.339, 6801.339)
06-11 10:46:00.047  3189  6314 I AICCTModule: AICurveModel: StablePoints has no dragSplineLine
06-11 10:46:00.047  3189  6314 I AICCTModule: AICurveModel: findPointByY y:6864.773, rightPoint:Point:(13.42, 6864.773, 6864.773)
06-11 10:46:00.047  3189  6314 I AICCTModule: AICurveModel: findPointByY y:6864.773, rightPoint:Point:(13.42, 6864.773, 6864.773)
06-11 10:46:00.048  3189  6314 I AICCTModule: AICurveModel: findPointByY y:6864.773, rightPoint:Point:(13.42, 6864.773, 6864.773)
06-11 10:46:00.048  3189  6314 I AICCTModule: AICurveModel: StablePoints y1Left:6864.773, y2Left:0.0, leftY:6864.773
06-11 10:46:00.048  3189  6314 I AICCTModule: AICurveModel: findPointByY y:6864.773, rightPoint:Point:(13.42, 6864.773, 6864.773)
06-11 10:46:00.048  3189  6314 I AICCTModule: AICurveModel: findPointByY y:6864.773, rightPoint:Point:(13.42, 6864.773, 6864.773)
06-11 10:46:00.048  3189  6314 I AICCTModule: AICurveModel: getNextPoint isLargeChange, 6320.25, 6801.339
06-11 10:46:00.048  3189  6314 I AICCTModule: AICurveModel: handleUpdateCCT cct change from:(6432.039551,6864.772949)->(6320.250000,6801.338867),curPoint(6320.250000,6801.338867),stablePoint=LeftLarge(6432.0396,6864.773)-RightLarge(6432.0396,6864.773),LeftSmall(6432.0396,6864.773)-RightSmall(6432.0396,6864.773),TLSmall(6432.0396,6864.773)-TRSmall(6432.0396,6864.773)
06-11 10:46:00.048  3189  6314 I AICCTModule: AICurveModel: onTargetCCTChange cct change to 6801.339
06-11 10:46:00.065  4639  8246 D CommonApp-194-10602: transport layer data is invalid
06-11 10:46:00.066  4639  8246 D ScorePolicy: handleScoreChanged: []
06-11 10:46:00.066  4639  8246 D ScorePolicy: handleScoreChanged: []
06-11 10:46:00.066  4639  8246 D ScorePolicy: handleScoreChanged: []
06-11 10:46:00.246  1667 15952 I sensors-hal: handle_oplus_wise_rgb_event:230, wise_rgb:algo_type = 3
06-11 10:46:00.246  1667 15952 I sensors-hal: handle_oplus_wise_rgb_event:285, wise_rgb: raw_lux 507.615845, raw_cct 6316.877930, r/g/b/c: 40040.941406/35253.226562/19689.011719/89008.648438, R/G/B: 0.000000/0.000000/0.000000, brl 1529.000000, lux: 507.615845, cct: 6316.877930, ts 243357563266156, cnt 7455
06-11 10:46:00.284  1800  1924 D BatteryChargeControl: bcc get no support from charging protocol
06-11 10:46:00.293  1699  1958 D IRIS_LOG_SERV: panelReadWrite: type 255 set color matrix
06-11 10:46:00.296  1699  2116 D IRIS_LOG_SERV: InternalConfig: 191 0
06-11 10:46:00.296  1699  2116 D IRIS_LOG_SERV: InternalConfig: 191 0 ret: 0
06-11 10:46:00.446  1667 15952 I sensors-hal: handle_oplus_wise_rgb_event:230, wise_rgb:algo_type = 3
06-11 10:46:00.446  1667 15952 I sensors-hal: handle_oplus_wise_rgb_event:285, wise_rgb: raw_lux 515.908325, raw_cct 6402.381836, r/g/b/c: 39914.726562/35016.375000/19748.882812/89158.320312, R/G/B: 0.000000/0.000000/0.000000, brl 1529.000000, lux: 515.908325, cct: 6402.381836, ts 243357763043864, cnt 7456
06-11 10:46:00.464  3189  4244 I Osense-BaseDecisionMaker: notifySceneToAthenaPolicy: SCENE_IDLE_RECOVER, bundle: Bundle[{scene=SCENE_IDLE_RECOVER}]
06-11 10:46:00.466  6550  6590 I JPEG_JNI: EnterExeTask  controller.background_task_controller process {"client":"infer"}
06-11 10:46:00.468  3189  4244 I Osense-BaseDecisionMaker: scene: SCENE_IDLE_RECOVER, excutingPolicy: respreload
06-11 10:46:00.468  3189  4244 D Osense-BaseDecisionMaker: invoke process preload policy
06-11 10:46:00.468  3189  4244 I Osense-BaseDecisionMaker: scene: SCENE_IDLE_RECOVER, excutingPolicy: clear
06-11 10:46:00.469  3189  4244 D Osense-BaseDecisionMaker: invoke clear policy,type: unforbid
06-11 10:46:00.469  3189  4244 I OsenseKillAction: KillAction: skip reason: non-low-mem-req, req_id=12490, enable=true, scene=SCENE_IDLE_RECOVER, type=unforbid, cchOnly=false, appcare=0, bloM=false, bloP=false
06-11 10:46:00.470  6550  6590 I JPEG_JNI: LeaveExeTask  module controller.background_task_controller 
06-11 10:46:00.470  6550  6590 I JPEG_JNI:  func process  
06-11 10:46:00.470  6550  6590 I JPEG_JNI:  input {"client":"infer"} 
06-11 10:46:00.470  6550  6590 I JPEG_JNI:  ret {}
06-11 10:46:00.565  3189  3765 V AlarmManager: sending alarm Alarm{9c14523 type 1 origWhen 1781145960565 whenElapsed 243357891 android} uid 1000 whenElapsed 243357891 windowLength 0 maxWhenElapsed 243357891 repeatInterval 0 action null component null tag StorgaeBandInfoAlarmTag flags 0x9 procName system_server
06-11 10:46:00.566  3189 27614 E OplusStorageUFSBandwidth: storage_io_metrics_path is /proc/oplus_storage/io_metrics/forever/
06-11 10:46:00.568  3189 27614 E OplusStorageUFSBandwidth: Bandwidth - Read: 0.00 MB/s, Write: 0.50 MB/s
06-11 10:46:00.568  3189 27614 E OplusStorageUFSBandwidth: Task time: 2ms
06-11 10:46:00.572  3189 27614 E OplusStorageUFSBandwidth: Alarm set to trigger in 10 seconds
06-11 10:46:00.576  1699  1958 D IRIS_LOG_SERV: panelReadWrite: type 255 set color matrix
06-11 10:46:00.578  1699  2116 D IRIS_LOG_SERV: InternalConfig: 191 0
06-11 10:46:00.578  1699  2116 D IRIS_LOG_SERV: InternalConfig: 191 0 ret: 0
06-11 10:46:00.646  1667 15952 I sensors-hal: handle_oplus_wise_rgb_event:230, wise_rgb:algo_type = 3
06-11 10:46:00.646  1667 15952 I sensors-hal: handle_oplus_wise_rgb_event:285, wise_rgb: raw_lux 512.484619, raw_cct 6455.036133, r/g/b/c: 39958.703125/34906.074219/19852.972656/88910.867188, R/G/B: 0.000000/0.000000/0.000000, brl 1529.000000, lux: 512.484619, cct: 6455.036133, ts 243357962862979, cnt 7457
06-11 10:46:00.845  1667 15952 I sensors-hal: handle_oplus_wise_rgb_event:230, wise_rgb:algo_type = 3
06-11 10:46:00.846  1667 15952 I sensors-hal: handle_oplus_wise_rgb_event:285, wise_rgb: raw_lux 513.242188, raw_cct 6458.147461, r/g/b/c: 39957.414062/34795.429688/19822.044922/88908.843750, R/G/B: 0.000000/0.000000/0.000000, brl 1529.000000, lux: 513.242188, cct: 6458.147461, ts 243358162654749, cnt 7458
06-11 10:46:00.859  1699  1958 D IRIS_LOG_SERV: panelReadWrite: type 255 set color matrix
06-11 10:46:00.861  1699  2116 D IRIS_LOG_SERV: InternalConfig: 191 0
06-11 10:46:00.861  1699  2116 D IRIS_LOG_SERV: InternalConfig: 191 0 ret: 0
06-11 10:46:00.959  3189  4433 I OplusHansManager : uid=10136, pkg=com.baidu.input_oppo cannot transition from R to M, importance=input
06-11 10:46:00.962  3189  4433 I OplusHansManager : uid=10370, pkg=com.tencent.android.qqdownloader cannot transition from R to M, importance=screenRecorder
06-11 10:46:00.971  6550  6590 I JPEG_JNI: EnterExeTask  controller.background_task_controller process {"client":"infer"}
06-11 10:46:00.975  6550  6590 I JPEG_JNI: LeaveExeTask  module controller.background_task_controller 
06-11 10:46:00.975  6550  6590 I JPEG_JNI:  func process  
06-11 10:46:00.975  6550  6590 I JPEG_JNI:  input {"client":"infer"} 
06-11 10:46:00.975  6550  6590 I JPEG_JNI:  ret {}
06-11 10:46:01.003  3189  3759 D ActivityManager: freezing 18957 com.coloros.alarmclock:clockWidget
06-11 10:46:01.007  3189  3759 D ActivityManager: Freeze process 18957, not check file locks
06-11 10:46:01.007  3189  3759 D ActivityManager: reportOneUidFrozenStateChanged uid 10295 frozen = true
06-11 10:46:01.012  3189  3848 D InetDiagMessage: Destroyed 0 sockets, proto=IPPROTO_TCP, family=AF_INET, states=14
06-11 10:46:01.014  3189  3848 D InetDiagMessage: Destroyed 0 sockets, proto=IPPROTO_TCP, family=AF_INET6, states=14
06-11 10:46:01.014  3189  3848 D InetDiagMessage: Destroyed live tcp sockets for uids={10295} in 7ms
06-11 10:46:01.046  1667 15952 I sensors-hal: handle_oplus_wise_rgb_event:230, wise_rgb:algo_type = 3
06-11 10:46:01.046  1667 15952 I sensors-hal: handle_oplus_wise_rgb_event:285, wise_rgb: raw_lux 502.123352, raw_cct 6430.048828, r/g/b/c: 39913.371094/34890.308594/19746.970703/88329.960938, R/G/B: 0.000000/0.000000/0.000000, brl 1529.000000, lux: 502.123352, cct: 6430.048828, ts 243358362479437, cnt 7459
06-11 10:46:01.082  3189  3841 D WifiStaIfaceHidlImpl: getCachedScanData is not implemented by HIDL
06-11 10:46:01.090  4639  8246 D CommonApp-194-10602: transport layer data is invalid
06-11 10:46:01.092  4639  8246 D ScorePolicy: handleScoreChanged: []
06-11 10:46:01.092  4639  8246 D ScorePolicy: handleScoreChanged: []
06-11 10:46:01.092  4639  8246 D ScorePolicy: handleScoreChanged: []
06-11 10:46:01.100  4639  4639 D VendorWifiService: onEvent event:9,action:1
06-11 10:46:01.110  3189  3960 D ScorerUtils: isLowTraffic: txTputKBps=2, rxTputKBps=33
06-11 10:46:01.111  3189  3251 W SettingsProvider: notifyForSettingsChange delay for eyeprotect_display_cct, value: 6801, delta: 0, lastNotifyTimestamp: 201454833, minInterval: 10
06-11 10:46:01.111  3189  3960 D OplusWifiPower_TriggerCenter: mComponentCallback: wifistat
06-11 10:46:01.126  1699  1958 D IRIS_LOG_SERV: panelReadWrite: type 255 set color matrix
06-11 10:46:01.127  1699  2116 D IRIS_LOG_SERV: InternalConfig: 191 0
06-11 10:46:01.127  1699  2116 D IRIS_LOG_SERV: InternalConfig: 191 0 ret: 0
06-11 10:46:01.245  1667 15988 I sensors-hal: get_brightness:1652, light_iface: get_brightness, brl 1529, pwm_turbo_on 0/0, hbm_dc 0
06-11 10:46:01.245  1667 15952 I sensors-hal: handle_oplus_wise_rgb_event:230, wise_rgb:algo_type = 3
06-11 10:46:01.245  1667 15952 I sensors-hal: handle_oplus_wise_rgb_event:285, wise_rgb: raw_lux 504.455444, raw_cct 6349.175781, r/g/b/c: 39836.281250/35062.648438/19687.689453/88576.101562, R/G/B: 0.000000/0.000000/0.000000, brl 1529.000000, lux: 504.455444, cct: 6349.175781, ts 243358562291052, cnt 7460
06-11 10:46:01.253 12732 13406 D ShellSubscriberWorkerThread: the first 8 bytes empty, and RestData length > 8 
06-11 10:46:01.287  1800  1924 D BatteryChargeControl: bcc get no support from charging protocol
06-11 10:46:01.445  1667 15952 I sensors-hal: handle_oplus_wise_rgb_event:230, wise_rgb:algo_type = 3
06-11 10:46:01.445  1667 15952 I sensors-hal: handle_oplus_wise_rgb_event:285, wise_rgb: raw_lux 503.333435, raw_cct 6362.264648, r/g/b/c: 40129.488281/35251.035156/19793.359375/88956.148438, R/G/B: 0.000000/0.000000/0.000000, brl 1529.000000, lux: 503.333435, cct: 6362.264648, ts 243358762097406, cnt 7461
06-11 10:46:01.476  6550  6590 I JPEG_JNI: EnterExeTask  controller.background_task_controller process {"client":"infer"}
06-11 10:46:01.480  6550  6590 I JPEG_JNI: LeaveExeTask  module controller.background_task_controller 
06-11 10:46:01.480  6550  6590 I JPEG_JNI:  func process  
06-11 10:46:01.480  6550  6590 I JPEG_JNI:  input {"client":"infer"} 
06-11 10:46:01.480  6550  6590 I JPEG_JNI:  ret {}
06-11 10:46:01.645  1667 15952 I sensors-hal: handle_oplus_wise_rgb_event:230, wise_rgb:algo_type = 3
06-11 10:46:01.645  1667 15952 I sensors-hal: handle_oplus_wise_rgb_event:285, wise_rgb: raw_lux 511.671021, raw_cct 6476.388672, r/g/b/c: 40098.199219/35094.527344/20064.316406/89366.421875, R/G/B: 0.000000/0.000000/0.000000, brl 1529.000000, lux: 511.671021, cct: 6476.388672, ts 243358961889072, cnt 7462
06-11 10:46:01.645  1667 15988 I sensors-hal: handle_oplus_wise_rgb_event:301, oplus wise_rgb sample: (7462)(cct, lux, ir_ratio, r, g, b, c)[6476, 511, 32, 40098, 35094, 20064, 89366]
06-11 10:46:01.844  1667 15952 I sensors-hal: handle_oplus_wise_rgb_event:230, wise_rgb:algo_type = 3
06-11 10:46:01.844  1667 15952 I sensors-hal: handle_oplus_wise_rgb_event:285, wise_rgb: raw_lux 501.747314, raw_cct 6479.863281, r/g/b/c: 40221.765625/35080.277344/19974.701172/89184.054688, R/G/B: 0.000000/0.000000/0.000000, brl 1529.000000, lux: 501.747314, cct: 6479.863281, ts 243359161695791, cnt 7463
06-11 10:46:01.982  6550  6590 I JPEG_JNI: EnterExeTask  controller.background_task_controller process {"client":"infer"}
06-11 10:46:01.986  6550  6590 I JPEG_JNI: LeaveExeTask  module controller.background_task_controller 
06-11 10:46:01.986  6550  6590 I JPEG_JNI:  func process  
06-11 10:46:01.986  6550  6590 I JPEG_JNI:  input {"client":"infer"} 
06-11 10:46:01.986  6550  6590 I JPEG_JNI:  ret {}
06-11 10:46:02.044  1667 15952 I sensors-hal: handle_oplus_wise_rgb_event:230, wise_rgb:algo_type = 3
06-11 10:46:02.044  1667 15952 I sensors-hal: handle_oplus_wise_rgb_event:285, wise_rgb: raw_lux 508.312256, raw_cct 6409.142578, r/g/b/c: 40097.246094/35048.671875/19778.222656/89030.375000, R/G/B: 0.000000/0.000000/0.000000, brl 1529.000000, lux: 508.312256, cct: 6409.142578, ts 243359361478968, cnt 7464
06-11 10:46:02.047  3189  6314 I AICCTModule: SensorFilter: findSecondNearestValue, sensorValue: 6316.584 nearestMaxValue:6316.878 secondNearestValue: 6349.176
06-11 10:46:02.047  3189  6314 I AICCTModule: SensorFilter: findSecondNearestValue, sensorValue: 502.5171 nearestMaxValue:2.1474836E9 secondNearestValue: 501.7473
06-11 10:46:02.047  3189  6314 I AICCTModule: AICurveModel: findPointByX x:13.368172, rightPoint:Point:(13.37, 6819.781, 6819.781)
06-11 10:46:02.048  3189  6314 I AICCTModule: AICurveModel: StablePoints has no dragSplineLine
06-11 10:46:02.048  3189  6314 I AICCTModule: AICurveModel: findPointByY y:6801.339, rightPoint:Point:(13.349999, 6801.339, 6801.339)
06-11 10:46:02.048  3189  6314 I AICCTModule: AICurveModel: findPointByY y:6801.339, rightPoint:Point:(13.349999, 6801.339, 6801.339)
06-11 10:46:02.048  3189  6314 I AICCTModule: AICurveModel: findPointByY y:6801.339, rightPoint:Point:(13.349999, 6801.339, 6801.339)
06-11 10:46:02.049  3189  6314 I AICCTModule: AICurveModel: StablePoints y1Left:6801.339, y2Left:0.0, leftY:6801.339
06-11 10:46:02.049  3189  6314 I AICCTModule: AICurveModel: findPointByY y:6801.339, rightPoint:Point:(13.349999, 6801.339, 6801.339)
06-11 10:46:02.049  3189  6314 I AICCTModule: AICurveModel: findPointByY y:6801.339, rightPoint:Point:(13.349999, 6801.339, 6801.339)
06-11 10:46:02.049  3189  6314 I AICCTModule: AICurveModel: getNextPoint isLargeChange, 6352.0894, 6819.781
06-11 10:46:02.050  3189  6314 I AICCTModule: AICurveModel: handleUpdateCCT cct change from:(6320.250000,6801.338867)->(6352.089355,6819.780762),curPoint(6352.089355,6819.780762),stablePoint=LeftLarge(6320.25,6801.339)-RightLarge(6320.25,6801.339),LeftSmall(6320.25,6801.339)-RightSmall(6320.25,6801.339),TLSmall(6320.25,6801.339)-TRSmall(6320.25,6801.339)
06-11 10:46:02.050  3189  6314 I AICCTModule: AICurveModel: onTargetCCTChange cct change to 6819.781
06-11 10:46:02.075  1699  1958 D IRIS_LOG_SERV: panelReadWrite: type 255 set color matrix
06-11 10:46:02.077  1699  2116 D IRIS_LOG_SERV: InternalConfig: 191 0
06-11 10:46:02.077  1699  2116 D IRIS_LOG_SERV: InternalConfig: 191 0 ret: 0
06-11 10:46:02.114  4639  8246 D CommonApp-194-10602: transport layer data is invalid
06-11 10:46:02.115  4639  8246 D ScorePolicy: handleScoreChanged: []
06-11 10:46:02.115  4639  8246 D ScorePolicy: handleScoreChanged: []
06-11 10:46:02.116  4639  8246 D ScorePolicy: handleScoreChanged: []
06-11 10:46:02.244  1667 15952 I sensors-hal: handle_oplus_wise_rgb_event:230, wise_rgb:algo_type = 3
06-11 10:46:02.244  1667 15952 I sensors-hal: get_brightness:1652, light_iface: get_brightness, brl 1529, pwm_turbo_on 0/0, hbm_dc 0
06-11 10:46:02.244  1667 15952 I sensors-hal: handle_oplus_wise_rgb_event:285, wise_rgb: raw_lux 510.917297, raw_cct 6286.361328, r/g/b/c: 39989.253906/35016.042969/19460.875000/88983.953125, R/G/B: 0.000000/0.000000/0.000000, brl 1529.000000, lux: 510.917297, cct: 6286.361328, ts 243359561310479, cnt 7465
06-11 10:46:02.290  1800  1924 D BatteryChargeControl: bcc get no support from charging protocol
06-11 10:46:02.341  1699  1958 D IRIS_LOG_SERV: panelReadWrite: type 255 set color matrix
06-11 10:46:02.343  1699  2116 D IRIS_LOG_SERV: InternalConfig: 191 0
06-11 10:46:02.343  1699  2116 D IRIS_LOG_SERV: InternalConfig: 191 0 ret: 0
06-11 10:46:02.360  3189  3251 W SettingsProvider: notifyForSettingsChange delay for eyeprotect_display_cct, value: 6820, delta: 0, lastNotifyTimestamp: 201456082, minInterval: 10
06-11 10:46:02.370  4329  4513 I SystemUi--Statusbar: OplusNetworkSpeedControllExImpl-->updateNetworkSpeed: isConnected:true,isSwitchOn:true,isSuspend:false,isPause:false
06-11 10:46:02.376  4329  4513 I SystemUi--Statusbar: OplusNetworkSpeedControllExImpl-->getTotalByte: totalRxBytes:11612318660,totalTxBytes:3543292204,loopbackTxBytes:2982679823,loopbackRxBytes:2982679343 ,totalBytes:9190251698
06-11 10:46:02.444  1667 15952 I sensors-hal: handle_oplus_wise_rgb_event:230, wise_rgb:algo_type = 3
06-11 10:46:02.444  1667 15952 I sensors-hal: handle_oplus_wise_rgb_event:285, wise_rgb: raw_lux 512.351379, raw_cct 6346.196289, r/g/b/c: 39989.867188/34999.589844/19656.753906/88982.867188, R/G/B: 0.000000/0.000000/0.000000, brl 1529.000000, lux: 512.351379, cct: 6346.196289, ts 243359761118031, cnt 7466
06-11 10:46:02.488  6550  6590 I JPEG_JNI: EnterExeTask  controller.background_task_controller process {"client":"infer"}
06-11 10:46:02.510  6550  6590 I JPEG_JNI: LeaveExeTask  module controller.background_task_controller 
06-11 10:46:02.510  6550  6590 I JPEG_JNI:  func process  
06-11 10:46:02.510  6550  6590 I JPEG_JNI:  input {"client":"infer"} 
06-11 10:46:02.510  6550  6590 I JPEG_JNI:  ret {}
06-11 10:46:02.568  3189  3765 V AlarmManager: sending alarm Alarm{678359b type 1 origWhen 1781145962568 whenElapsed 243359894 android} uid 1000 whenElapsed 243359894 windowLength 0 maxWhenElapsed 243359894 repeatInterval 0 action null component null tag StorgaeBandInfoAlarmTag flags 0x9 procName system_server
06-11 10:46:02.570  3189 27614 E OplusStorageUFSBandwidth: storage_io_metrics_path is /proc/oplus_storage/io_metrics/forever/
06-11 10:46:02.572  3189 27614 E OplusStorageUFSBandwidth: Bandwidth - Read: 0.00 MB/s, Write: 0.50 MB/s
06-11 10:46:02.572  3189 27614 E OplusStorageUFSBandwidth: Task time: 3ms
06-11 10:46:02.579  3189 27614 E OplusStorageUFSBandwidth: Alarm set to trigger in 10 seconds
06-11 10:46:02.644  1667 15952 I sensors-hal: handle_oplus_wise_rgb_event:230, wise_rgb:algo_type = 3
06-11 10:46:02.644  1667 15952 I sensors-hal: handle_oplus_wise_rgb_event:285, wise_rgb: raw_lux 519.712524, raw_cct 6402.474609, r/g/b/c: 40098.324219/34858.578125/19716.300781/89260.015625, R/G/B: 0.000000/0.000000/0.000000, brl 1529.000000, lux: 519.712524, cct: 6402.474609, ts 243359960950791, cnt 7467
06-11 10:46:02.844  1667 15952 I sensors-hal: handle_oplus_wise_rgb_event:230, wise_rgb:algo_type = 3
06-11 10:46:02.844  1667 15952 I sensors-hal: handle_oplus_wise_rgb_event:285, wise_rgb: raw_lux 511.954590, raw_cct 6373.335938, r/g/b/c: 40298.519531/35125.527344/19731.695312/89184.718750, R/G/B: 0.000000/0.000000/0.000000, brl 1529.000000, lux: 511.954590, cct: 6373.335938, ts 243360160726677, cnt 7468
06-11 10:46:02.945  3189  3759 D ActivityManager: freezing 7809 com.android.permissioncontroller
06-11 10:46:02.950  3189  3759 D ActivityManager: Freeze process 7809, not check file locks
06-11 10:46:02.950  3189  3759 D ActivityManager: reportOneUidFrozenStateChanged uid 10276 frozen = true
06-11 10:46:02.955  3189  3848 D InetDiagMessage: Destroyed 0 sockets, proto=IPPROTO_TCP, family=AF_INET, states=14
06-11 10:46:02.962  3189  3848 D InetDiagMessage: Destroyed 0 sockets, proto=IPPROTO_TCP, family=AF_INET6, states=14
06-11 10:46:02.962  3189  3848 D InetDiagMessage: Destroyed live tcp sockets for uids={10276} in 11ms
06-11 10:46:03.011  6550  6590 I JPEG_JNI: EnterExeTask  controller.background_task_controller process {"client":"infer"}
06-11 10:46:03.016  6550  6590 I JPEG_JNI: LeaveExeTask  module controller.background_task_controller 
06-11 10:46:03.016  6550  6590 I JPEG_JNI:  func process  
06-11 10:46:03.016  6550  6590 I JPEG_JNI:  input {"client":"infer"} 
06-11 10:46:03.016  6550  6590 I JPEG_JNI:  ret {}
06-11 10:46:03.043  1667 15952 I sensors-hal: handle_oplus_wise_rgb_event:230, wise_rgb:algo_type = 3
06-11 10:46:03.043  1667 15952 I sensors-hal: handle_oplus_wise_rgb_event:285, wise_rgb: raw_lux 510.474792, raw_cct 6254.288574, r/g/b/c: 40082.804688/35265.429688/19536.275391/88879.968750, R/G/B: 0.000000/0.000000/0.000000, brl 1529.000000, lux: 510.474792, cct: 6254.288574, ts 243360360476364, cnt 7469
06-11 10:46:03.138  4639  8246 D CommonApp-194-10602: transport layer data is invalid
06-11 10:46:03.139  4639  8246 D ScorePolicy: handleScoreChanged: []
06-11 10:46:03.139  4639  8246 D ScorePolicy: handleScoreChanged: []
06-11 10:46:03.139  4639  8246 D ScorePolicy: handleScoreChanged: []
06-11 10:46:03.243  1667 15952 I sensors-hal: handle_oplus_wise_rgb_event:230, wise_rgb:algo_type = 3
06-11 10:46:03.243  1667 15952 I sensors-hal: get_brightness:1652, light_iface: get_brightness, brl 1529, pwm_turbo_on 0/0, hbm_dc 0
06-11 10:46:03.243  1667 15952 I sensors-hal: handle_oplus_wise_rgb_event:285, wise_rgb: raw_lux 503.391663, raw_cct 6231.424805, r/g/b/c: 40112.753906/35343.917969/19535.949219/88817.140625, R/G/B: 0.000000/0.000000/0.000000, brl 1529.000000, lux: 503.391663, cct: 6231.424805, ts 243360560271572, cnt 7470
06-11 10:46:03.293  1800  1924 D BatteryChargeControl: bcc get no support from charging protocol
06-11 10:46:03.416  6058  6058 I GLES    : submit #1200: 29 commands, glError=0
06-11 10:46:03.417  6058  6058 I MinimalGlobe: Frame 1200 | tiles vis=43 cached=81 renderSurface=27 mesh=27 (terr=0 ellip=27 ready=0 terrParent=0 terrTrans=0) attach=27 exact=27 parent=0 stale=0 missingGen=0 | missing=0 unsupported=16 kicked=0 retained=0 visZ=2-18 targetZ=2-18 texZ=2-18 lod=512 eq=0 qRender=43 qWalk=72 qFrustum=89 qFade=0 qBal=0 qHz=0 qEq2=0 grp=27/0/16 gen=28 | sun=(0.03,0.93,0.36) | FPS=60.1 draw=29
06-11 10:46:03.443  1667 15952 I sensors-hal: handle_oplus_wise_rgb_event:230, wise_rgb:algo_type = 3
06-11 10:46:03.443  1667 15952 I sensors-hal: handle_oplus_wise_rgb_event:285, wise_rgb: raw_lux 509.620850, raw_cct 6231.376953, r/g/b/c: 40034.980469/35140.531250/19490.617188/88741.632812, R/G/B: 0.000000/0.000000/0.000000, brl 1529.000000, lux: 509.620850, cct: 6231.376953, ts 243360760043135, cnt 7471
06-11 10:46:03.512 19629 19629 D WM-DelayedWorkTracker: Scheduling work 949f82ac-f75b-4814-9e8e-9aca09f812c9
06-11 10:46:03.512 19629 19629 D WM-GreedyScheduler: Starting tracking for 949f82ac-f75b-4814-9e8e-9aca09f812c9
06-11 10:46:03.514 19629 19731 D WM-ConstraintTracker: c: initial state = true
06-11 10:46:03.514 19629 19731 D WM-BrdcstRcvrCnstrntTrc: c: registering receiver
06-11 10:46:03.517  6550  6590 I JPEG_JNI: EnterExeTask  controller.background_task_controller process {"client":"infer"}
06-11 10:46:03.519 19629 19731 D WM-GreedyScheduler: Constraints met: Scheduling work ID WorkGenerationalId(workSpecId=949f82ac-f75b-4814-9e8e-9aca09f812c9, generation=0)
06-11 10:46:03.520  6550  6590 I JPEG_JNI: LeaveExeTask  module controller.background_task_controller 
06-11 10:46:03.520  6550  6590 I JPEG_JNI:  func process  
06-11 10:46:03.520  6550  6590 I JPEG_JNI:  input {"client":"infer"} 
06-11 10:46:03.520  6550  6590 I JPEG_JNI:  ret {}
06-11 10:46:03.521 19629 19731 D WM-Processor: s: processing WorkGenerationalId(workSpecId=949f82ac-f75b-4814-9e8e-9aca09f812c9, generation=0)
06-11 10:46:03.523 19629 19629 D WM-WorkerWrapper: Starting work for com.oplus.oss.bussiness.localapp.work.LocalAppOneTimeWorker
06-11 10:46:03.524 19629 26839 I DMP-AppInitializer: isAppAvailable for work, caller: null
06-11 10:46:03.524 19629 26839 I DMP-OFreezeProtectWorker: takeProtectionFromFrozen, no need to protect
06-11 10:46:03.524 19629 26839 I DMP-AbstractWorker: parseData, resource: localApp, method1:onReceive, work: completeKeywordIndexWork, extras: Bundle[{action=android.intent.action.PACKAGE_REPLACED, package=com.earthengine.minimalglobe}], initIndexCount:5000
06-11 10:46:03.525 19629 26839 I DMP-AbstractWorker: doWork started, resource: localApp, method3:onReceive, work:Work{mWorkName=completeKeywordIndexWork, mWorkTerm=long, mReportId=false, mCreate=Create{mIndexStatus=null, mQueryTime=0, mInterval=0, mDeletedDocs=null, mNeedRebuildFlag=0, mIndexCheckFlag=false, mDrop=Drop{mCount=4, mInterval=10000, mDelay=60000}, mHighTemperature=38, mMinPower=null, mScreen=null, mDeletedConditions=null}, mEntry=null, mMoreBatch=MoreBatch{mPowerConsumed=2, mHighTemperatureValue=0, mLowTemperatureValue=0, mPower=[full|charging], mScreen=null, mTemperatureConsumed=0}, mChained=true, mInitialDelay=10, mWorkOneTimeLimit=0}
06-11 10:46:03.526 19629 26839 I DMP-PowerUtils: getHoraeTemperature:36
06-11 10:46:03.526 19629 26839 I DMP-AbstractWorker: dispatchWork: completeKeywordIndexWork for [localApp]
06-11 10:46:03.526 19629 26839 I DMP-SAUWorkConfigManager: sau work config not found
06-11 10:46:03.527 19629 26839 I DMP-PowerUtils: getHoraeTemperature:36
06-11 10:46:03.527 19629 26839 I DMP-AbstractWorker: doCompleteKeywordIndex work for [localApp]
06-11 10:46:03.527 19629 26839 I DMP-AbstractWorker: No data need do complete keyword index for [localApp]
06-11 10:46:03.527 19629 26839 I DMP-AbstractWorker: setIndexFailCount method:onReceive, count:0, all:initResource=0,onReceive=0,rearrange=0,dailyTask=0
06-11 10:46:03.530 19629 26839 I DMP-AbstractWorker: doWork finished, resource: localApp, method5:onReceive, work:Work{mWorkName=completeKeywordIndexWork, mWorkTerm=long, mReportId=false, mCreate=Create{mIndexStatus=null, mQueryTime=0, mInterval=0, mDeletedDocs=null, mNeedRebuildFlag=0, mIndexCheckFlag=false, mDrop=Drop{mCount=4, mInterval=10000, mDelay=60000}, mHighTemperature=38, mMinPower=null, mScreen=null, mDeletedConditions=null}, mEntry=null, mMoreBatch=MoreBatch{mPowerConsumed=2, mHighTemperatureValue=0, mLowTemperatureValue=0, mPower=[full|charging], mScreen=null, mTemperatureConsumed=0}, mChained=true, mInitialDelay=10, mWorkOneTimeLimit=0}
06-11 10:46:03.530 19629 26839 I DMP-IndexEventManager: addEvent:InternalIndexEvent{mEvent=null, mEventTime=null, mEventData=null, mEventDropReason=null, mResource=null, mWork=null, mWorkId=949f82ac-f75b-4814-9e8e-9aca09f812c9, mWorkTime=1781145963, mCursorSize=null, mResult=0}
06-11 10:46:03.531 19629 26839 I DMP-IndexEventManager: addInternalEvent:result=0 workId=949f82ac-f75b-4814-9e8e-9aca09f812c9 workTime=1781145963
06-11 10:46:03.534 19629 26839 I DMP-IndexEventManager: addInternalEvent update:0
06-11 10:46:03.535 19629 26839 I DMP-IndexEventManager: addInternalEvent insert:6548
06-11 10:46:03.536 19629 26839 I DMP-FrozenHelper: deleteKeepRequest, no more quest
06-11 10:46:03.544 19629 19731 I WM-WorkerWrapper: Worker result SUCCESS for Work [ id=949f82ac-f75b-4814-9e8e-9aca09f812c9, tags={ com.oplus.oss.bussiness.localapp.work.LocalAppOneTimeWorker,localApp_onReceive__OneTimeWork,completeKeywordIndexWork } ]
06-11 10:46:03.545 19629 19629 D WM-Processor: s 949f82ac-f75b-4814-9e8e-9aca09f812c9 executed; reschedule = false
06-11 10:46:03.546 19629 19629 D WM-GreedyScheduler: Stopping tracking for WorkGenerationalId(workSpecId=949f82ac-f75b-4814-9e8e-9aca09f812c9, generation=0)
06-11 10:46:03.550 19629 19728 D WM-GreedyScheduler: Cancelling work ID 949f82ac-f75b-4814-9e8e-9aca09f812c9
06-11 10:46:03.554 19629 19728 D WM-BrdcstRcvrCnstrntTrc: c: unregistering receiver
06-11 10:46:03.643  1667 15952 I sensors-hal: handle_oplus_wise_rgb_event:230, wise_rgb:algo_type = 3
06-11 10:46:03.643  1667 15952 I sensors-hal: handle_oplus_wise_rgb_event:285, wise_rgb: raw_lux 510.228699, raw_cct 6228.492188, r/g/b/c: 40020.613281/34984.851562/19461.138672/88665.585938, R/G/B: 0.000000/0.000000/0.000000, brl 1529.000000, lux: 510.228699, cct: 6228.492188, ts 243360959834281, cnt 7472
06-11 10:46:03.643  1667 15988 I sensors-hal: handle_oplus_wise_rgb_event:301, oplus wise_rgb sample: (7472)(cct, lux, ir_ratio, r, g, b, c)[6228, 510, 32, 40020, 34984, 19461, 88665]
06-11 10:46:03.744 19629 19629 D WM-DelayedWorkTracker: Scheduling work adfb1111-e1af-4fe4-9951-79afd331e3b5
06-11 10:46:03.745 19629 19629 D WM-GreedyScheduler: Starting tracking for adfb1111-e1af-4fe4-9951-79afd331e3b5
06-11 10:46:03.747 19629 19735 D WM-ConstraintTracker: c: initial state = true
06-11 10:46:03.747 19629 19735 D WM-BrdcstRcvrCnstrntTrc: c: registering receiver
06-11 10:46:03.750 19629 19735 D WM-GreedyScheduler: Constraints met: Scheduling work ID WorkGenerationalId(workSpecId=adfb1111-e1af-4fe4-9951-79afd331e3b5, generation=0)
06-11 10:46:03.752 19629 19731 D WM-Processor: s: processing WorkGenerationalId(workSpecId=adfb1111-e1af-4fe4-9951-79afd331e3b5, generation=0)
06-11 10:46:03.755 19629 19629 D WM-WorkerWrapper: Starting work for com.oplus.oss.bussiness.unifiedserviceinvocation.work.UnifiedServiceInvocationOneTimeWorker
06-11 10:46:03.755 19629 26839 I DMP-AppInitializer: isAppAvailable for work, caller: null
06-11 10:46:03.756 19629 26839 I DMP-OFreezeProtectWorker: takeProtectionFromFrozen, no need to protect
06-11 10:46:03.756 19629 26839 I DMP-AbstractWorker: parseData, resource: standard_data#unified_service_invocation, method1:onReceive, work: completeKeywordIndexWork, extras: Bundle[{action=android.intent.action.PACKAGE_REPLACED, package=com.earthengine.minimalglobe}], initIndexCount:5000
06-11 10:46:03.756 19629 26839 I DMP-AbstractWorker: doWork started, resource: standard_data#unified_service_invocation, method3:onReceive, work:Work{mWorkName=completeKeywordIndexWork, mWorkTerm=long, mReportId=false, mCreate=Create{mIndexStatus=null, mQueryTime=0, mInterval=0, mDeletedDocs=null, mNeedRebuildFlag=0, mIndexCheckFlag=false, mDrop=Drop{mCount=4, mInterval=10000, mDelay=60000}, mHighTemperature=38, mMinPower=null, mScreen=null, mDeletedConditions=null}, mEntry=null, mMoreBatch=MoreBatch{mPowerConsumed=2, mHighTemperatureValue=0, mLowTemperatureValue=0, mPower=[full|charging], mScreen=null, mTemperatureConsumed=0}, mChained=true, mInitialDelay=10, mWorkOneTimeLimit=0}
06-11 10:46:03.759 19629 26839 I DMP-PowerUtils: getHoraeTemperature:36
06-11 10:46:03.759 19629 26839 I DMP-AbstractWorker: dispatchWork: completeKeywordIndexWork for [standard_data#unified_service_invocation]
06-11 10:46:03.760 19629 26839 I DMP-SAUWorkConfigManager: sau work config not found
06-11 10:46:03.761 19629 26839 I DMP-PowerUtils: getHoraeTemperature:36
06-11 10:46:03.761 19629 26839 I DMP-AbstractWorker: doCompleteKeywordIndex work for [standard_data#unified_service_invocation]
06-11 10:46:03.762 19629 26839 I DMP-AbstractWorker: No data need do complete keyword index for [standard_data#unified_service_invocation]
06-11 10:46:03.763 19629 26839 I DMP-AbstractWorker: setIndexFailCount method:onReceive, count:0, all:initResource=0,onReceive=0,dailyTask=0
06-11 10:46:03.768 19629 26839 I DMP-AbstractWorker: doWork finished, resource: standard_data#unified_service_invocation, method5:onReceive, work:Work{mWorkName=completeKeywordIndexWork, mWorkTerm=long, mReportId=false, mCreate=Create{mIndexStatus=null, mQueryTime=0, mInterval=0, mDeletedDocs=null, mNeedRebuildFlag=0, mIndexCheckFlag=false, mDrop=Drop{mCount=4, mInterval=10000, mDelay=60000}, mHighTemperature=38, mMinPower=null, mScreen=null, mDeletedConditions=null}, mEntry=null, mMoreBatch=MoreBatch{mPowerConsumed=2, mHighTemperatureValue=0, mLowTemperatureValue=0, mPower=[full|charging], mScreen=null, mTemperatureConsumed=0}, mChained=true, mInitialDelay=10, mWorkOneTimeLimit=0}
06-11 10:46:03.768 19629 26839 I DMP-IndexEventManager: addEvent:InternalIndexEvent{mEvent=null, mEventTime=null, mEventData=null, mEventDropReason=null, mResource=null, mWork=null, mWorkId=adfb1111-e1af-4fe4-9951-79afd331e3b5, mWorkTime=1781145963, mCursorSize=null, mResult=0}
06-11 10:46:03.768 19629 26839 I DMP-IndexEventManager: addInternalEvent:result=0 workId=adfb1111-e1af-4fe4-9951-79afd331e3b5 workTime=1781145963
06-11 10:46:03.774 19629 26839 I DMP-IndexEventManager: addInternalEvent update:0
06-11 10:46:03.775 19629 26839 I DMP-IndexEventManager: addInternalEvent insert:6549
06-11 10:46:03.776 19629 26839 I DMP-FrozenHelper: deleteKeepRequest, no more quest
06-11 10:46:03.788 19629 19728 I WM-WorkerWrapper: Worker result SUCCESS for Work [ id=adfb1111-e1af-4fe4-9951-79afd331e3b5, tags={ com.oplus.oss.bussiness.unifiedserviceinvocation.work.UnifiedServiceInvocationOneTimeWorker,standard_data#unified_service_invocation_onReceive__OneTimeWork,completeKeywordIndexWork } ]
06-11 10:46:03.789 19629 19629 D WM-Processor: s adfb1111-e1af-4fe4-9951-79afd331e3b5 executed; reschedule = false
06-11 10:46:03.789 19629 19629 D WM-GreedyScheduler: Stopping tracking for WorkGenerationalId(workSpecId=adfb1111-e1af-4fe4-9951-79afd331e3b5, generation=0)
06-11 10:46:03.794 19629 19728 D WM-GreedyScheduler: Cancelling work ID adfb1111-e1af-4fe4-9951-79afd331e3b5
06-11 10:46:03.799 19629 19728 D WM-BrdcstRcvrCnstrntTrc: c: unregistering receiver
06-11 10:46:03.817  3189  5627 W PackageManager: package com.oplus.dmp uid 10125 pid 19629 call SetEnabledSetting(com.oplus.dmp component = androidx.work.impl.background.systemalarm.RescheduleReceiver, 2, 0)
06-11 10:46:03.820 19629 19728 D WM-PackageManagerHelper: androidx.work.impl.background.systemalarm.RescheduleReceiver disabled
06-11 10:46:03.842  1667 15952 I sensors-hal: handle_oplus_wise_rgb_event:230, wise_rgb:algo_type = 3
06-11 10:46:03.843  1667 15952 I sensors-hal: handle_oplus_wise_rgb_event:285, wise_rgb: raw_lux 504.849182, raw_cct 6303.657227, r/g/b/c: 40113.906250/35047.367188/19656.888672/88894.437500, R/G/B: 0.000000/0.000000/0.000000, brl 1529.000000, lux: 504.849182, cct: 6303.657227, ts 243361159630739, cnt 7473
06-11 10:46:04.021  6550  6590 I JPEG_JNI: EnterExeTask  controller.background_task_controller process {"client":"infer"}
06-11 10:46:04.025  6550  6590 I JPEG_JNI: LeaveExeTask  module controller.background_task_controller 
06-11 10:46:04.025  6550  6590 I JPEG_JNI:  func process  
06-11 10:46:04.025  6550  6590 I JPEG_JNI:  input {"client":"infer"} 
06-11 10:46:04.025  6550  6590 I JPEG_JNI:  ret {}
06-11 10:46:04.042  1667 15952 I sensors-hal: handle_oplus_wise_rgb_event:230, wise_rgb:algo_type = 3
06-11 10:46:04.043  1667 15952 I sensors-hal: handle_oplus_wise_rgb_event:285, wise_rgb: raw_lux 503.314087, raw_cct 6409.052246, r/g/b/c: 40067.558594/35157.328125/19957.453125/89030.093750, R/G/B: 0.000000/0.000000/0.000000, brl 1529.000000, lux: 503.314087, cct: 6409.052246, ts 243361359488760, cnt 7474
06-11 10:46:04.044  3189  6314 I AICCTModule: SensorFilter: findSecondNearestValue, sensorValue: 6349.176 nearestMaxValue:6303.657 secondNearestValue: 6231.425
06-11 10:46:04.044  3189  6314 I AICCTModule: SensorFilter: findSecondNearestValue, sensorValue: 501.7473 nearestMaxValue:503.3141 secondNearestValue: 503.39166
06-11 10:46:04.045  3189  6314 I AICCTModule: AICurveModel: findPointByX x:13.293938, rightPoint:Point:(13.299999, 6754.6577, 6754.6577)
06-11 10:46:04.046  3189  6314 I AICCTModule: AICurveModel: StablePoints has no dragSplineLine
06-11 10:46:04.046  3189  6314 I AICCTModule: AICurveModel: findPointByY y:6819.781, rightPoint:Point:(13.37, 6819.781, 6819.781)
06-11 10:46:04.046  3189  6314 I AICCTModule: AICurveModel: findPointByY y:6819.781, rightPoint:Point:(13.37, 6819.781, 6819.781)
06-11 10:46:04.047  3189  6314 I AICCTModule: AICurveModel: findPointByY y:6819.781, rightPoint:Point:(13.37, 6819.781, 6819.781)
06-11 10:46:04.047  3189  6314 I AICCTModule: AICurveModel: StablePoints y1Left:6819.781, y2Left:0.0, leftY:6819.781
06-11 10:46:04.047  3189  6314 I AICCTModule: AICurveModel: findPointByY y:6819.781, rightPoint:Point:(13.37, 6819.781, 6819.781)
06-11 10:46:04.047  3189  6314 I AICCTModule: AICurveModel: findPointByY y:6819.781, rightPoint:Point:(13.37, 6819.781, 6819.781)
06-11 10:46:04.047  3189  6314 I AICCTModule: AICurveModel: getNextPoint isLargeChange, 6241.0, 6754.6577
06-11 10:46:04.048  3189  6314 I AICCTModule: AICurveModel: handleUpdateCCT cct change from:(6352.089355,6819.780762)->(6241.000000,6754.657715),curPoint(6241.000000,6754.657715),stablePoint=LeftLarge(6352.0894,6819.781)-RightLarge(6352.0894,6819.781),LeftSmall(6352.0894,6819.781)-RightSmall(6352.0894,6819.781),TLSmall(6352.0894,6819.781)-TRSmall(6352.0894,6819.781)
06-11 10:46:04.048  3189  6314 I AICCTModule: AICurveModel: onTargetCCTChange cct change to 6754.6577
06-11 10:46:04.106  1699  1958 D IRIS_LOG_SERV: panelReadWrite: type 255 set color matrix
06-11 10:46:04.108  1699  2116 D IRIS_LOG_SERV: InternalConfig: 191 0
06-11 10:46:04.108  1699  2116 D IRIS_LOG_SERV: InternalConfig: 191 0 ret: 0
06-11 10:46:04.115  3189  3841 D WifiStaIfaceHidlImpl: getCachedScanData is not implemented by HIDL
06-11 10:46:04.128  4639  4639 D VendorWifiService: onEvent event:9,action:1
06-11 10:46:04.141  3189  3960 D ScorerUtils: isLowTraffic: txTputKBps=0, rxTputKBps=2
06-11 10:46:04.142  3189  3960 D OplusWifiPower_TriggerCenter: mComponentCallback: wifistat
06-11 10:46:04.168  4639  8246 D CommonApp-194-10602: transport layer data is invalid
06-11 10:46:04.169  4639  8246 D ScorePolicy: handleScoreChanged: []
06-11 10:46:04.169  4639  8246 D ScorePolicy: handleScoreChanged: []
06-11 10:46:04.169  4639  8246 D ScorePolicy: handleScoreChanged: []
06-11 10:46:04.242  1667 15952 I sensors-hal: handle_oplus_wise_rgb_event:230, wise_rgb:algo_type = 3
06-11 10:46:04.242  1667 15952 I sensors-hal: get_brightness:1652, light_iface: get_brightness, brl 1529, pwm_turbo_on 0/0, hbm_dc 0
06-11 10:46:04.242  1667 15952 I sensors-hal: handle_oplus_wise_rgb_event:285, wise_rgb: raw_lux 510.692505, raw_cct 6428.356445, r/g/b/c: 40021.492188/35172.472656/19852.898438/89289.023438, R/G/B: 0.000000/0.000000/0.000000, brl 1529.000000, lux: 510.692505, cct: 6428.356445, ts 243361559281208, cnt 7475
06-11 10:46:04.270  1800  1800 D vendor.oplus.hardware.charger-V10-service: getChargerControl:sub_current=100
06-11 10:46:04.270  1800  1800 D vendor.oplus.hardware.charger-V10-service: sub_voltage=3800
06-11 10:46:04.270  1800  1800 D vendor.oplus.hardware.charger-V10-service: sub_soc=-1
06-11 10:46:04.270  1800  1800 D vendor.oplus.hardware.charger-V10-service: sub_temperature=250
06-11 10:46:04.270  1800  1800 D vendor.oplus.hardware.charger-V10-service: main_soc=100
06-11 10:46:04.286  1764  1964 E PerformanceService: storage_feature: open /sys/devices/platform/soc/112b0000.ufshci//virtualtlcbuff fail
06-11 10:46:04.296  1800  1924 D BatteryChargeControl: bcc get no support from charging protocol
06-11 10:46:04.372  1699  1958 D IRIS_LOG_SERV: panelReadWrite: type 255 set color matrix
06-11 10:46:04.374  1699  2116 D IRIS_LOG_SERV: InternalConfig: 191 0
06-11 10:46:04.374  1699  2116 D IRIS_LOG_SERV: InternalConfig: 191 0 ret: 0
06-11 10:46:04.389  1699  1958 D IRIS_LOG_SERV: panelReadWrite: type 255 set color matrix
06-11 10:46:04.391  1699  2116 D IRIS_LOG_SERV: InternalConfig: 191 0
06-11 10:46:04.391  1699  2116 D IRIS_LOG_SERV: InternalConfig: 191 0 ret: 0
06-11 10:46:04.441  1667 15952 I sensors-hal: handle_oplus_wise_rgb_event:230, wise_rgb:algo_type = 3
06-11 10:46:04.442  1667 15952 I sensors-hal: handle_oplus_wise_rgb_event:285, wise_rgb: raw_lux 510.364258, raw_cct 6446.938477, r/g/b/c: 39959.984375/35124.894531/19913.109375/89166.437500, R/G/B: 0.000000/0.000000/0.000000, brl 1529.000000, lux: 510.364258, cct: 6446.938477, ts 243361758806364, cnt 7476
06-11 10:46:04.526  6550  6590 I JPEG_JNI: EnterExeTask  controller.background_task_controller process {"client":"infer"}
06-11 10:46:04.531  6550  6590 I JPEG_JNI: LeaveExeTask  module controller.background_task_controller 
06-11 10:46:04.531  6550  6590 I JPEG_JNI:  func process  
06-11 10:46:04.531  6550  6590 I JPEG_JNI:  input {"client":"infer"} 
06-11 10:46:04.531  6550  6590 I JPEG_JNI:  ret {}
06-11 10:46:04.573  3189  3765 V AlarmManager: sending alarm Alarm{27e3d5a type 1 origWhen 1781145964572 whenElapsed 243361899 android} uid 1000 whenElapsed 243361899 windowLength 0 maxWhenElapsed 243361899 repeatInterval 0 action null component null tag StorgaeBandInfoAlarmTag flags 0x9 procName system_server
06-11 10:46:04.574  3189 27614 E OplusStorageUFSBandwidth: storage_io_metrics_path is /proc/oplus_storage/io_metrics/forever/
06-11 10:46:04.576  3189 27614 E OplusStorageUFSBandwidth: Bandwidth - Read: 0.00 MB/s, Write: 0.00 MB/s
06-11 10:46:04.576  3189 27614 E OplusStorageUFSBandwidth: Task time: 2ms
06-11 10:46:04.583  3189 27614 E OplusStorageUFSBandwidth: Alarm set to trigger in 10 seconds
06-11 10:46:04.641  1667 15952 I sensors-hal: handle_oplus_wise_rgb_event:230, wise_rgb:algo_type = 3
06-11 10:46:04.642  1667 15952 I sensors-hal: handle_oplus_wise_rgb_event:285, wise_rgb: raw_lux 503.710327, raw_cct 6473.161133, r/g/b/c: 39882.074219/35093.015625/19912.777344/88800.257812, R/G/B: 0.000000/0.000000/0.000000, brl 1529.000000, lux: 503.710327, cct: 6473.161133, ts 243361958704229, cnt 7477
06-11 10:46:04.672  1699  1958 D IRIS_LOG_SERV: panelReadWrite: type 255 set color matrix
06-11 10:46:04.674  1699  2116 D IRIS_LOG_SERV: InternalConfig: 191 0
06-11 10:46:04.674  1699  2116 D IRIS_LOG_SERV: InternalConfig: 191 0 ret: 0
06-11 10:46:04.820  3189  3348 I AppsFilter: interaction: PackageSetting{94e903e com.android.microdroid.empty_payload/10392} -> PackageSetting{445a081 com.oplus.dmp/10125} BLOCKED
06-11 10:46:04.821  3189  3348 I AppsFilter: interaction: PackageSetting{3d6c549 com.earthengine.minimalglobe/10602} -> PackageSetting{445a081 com.oplus.dmp/10125} BLOCKED
06-11 10:46:04.821  3189  3348 I AppsFilter: interaction: PackageSetting{b168bec com.oplus.locationproxy/10372} -> PackageSetting{445a081 com.oplus.dmp/10125} BLOCKED
06-11 10:46:04.822  3189  3348 I AppsFilter: interaction: PackageSetting{bc3abb5 com.android.certinstaller/10211} -> PackageSetting{445a081 com.oplus.dmp/10125} BLOCKED
06-11 10:46:04.822  3189  3348 I AppsFilter: interaction: PackageSetting{39f724a com.oplus.location/10224} -> PackageSetting{445a081 com.oplus.dmp/10125} BLOCKED
06-11 10:46:04.822  3189  3348 I AppsFilter: interaction: PackageSetting{ef265bb com.example.gnsssatdemo/10588} -> PackageSetting{445a081 com.oplus.dmp/10125} BLOCKED
06-11 10:46:04.826  3189  3348 D BootPressureHolder:  clear delayed queue records for com.oplus.dmp
06-11 10:46:04.837  3189  3348 D BootPressureHolder:  clear delayed queue records for com.oplus.dmp
06-11 10:46:04.841  1667 15952 I sensors-hal: handle_oplus_wise_rgb_event:230, wise_rgb:algo_type = 3
06-11 10:46:04.841  1667 15952 I sensors-hal: handle_oplus_wise_rgb_event:285, wise_rgb: raw_lux 500.913025, raw_cct 6433.678711, r/g/b/c: 39788.921875/34998.414062/19776.906250/88435.742188, R/G/B: 0.000000/0.000000/0.000000, brl 1529.000000, lux: 500.913025, cct: 6433.678711, ts 243362158239385, cnt 7478
06-11 10:46:04.843  3189  3348 D BootPressureHolder:  clear delayed queue records for com.oplus.dmp
06-11 10:46:04.852  3189  3817 I VibrationEffectConvertor: onInputMethodListUpdated received, info.size = 3
06-11 10:46:04.852  3189  3817 I VibrationEffectConvertor: userid = 0, packageName = com.sohu.inputmethod.sogouoem
06-11 10:46:04.852  3189  3817 I VibrationEffectConvertor: userid = 0, packageName = com.baidu.input_oppo
06-11 10:46:04.852  3189  3817 I VibrationEffectConvertor: userid = 0, packageName = com.oplus.securitykeyboard
06-11 10:46:04.861  3189  3825 V AccessibilityManagerService: onUserStateChangedLocked for user 0 with forceUpdate: false mEnabledServices = [ComponentInfo{com.oplus.travelengine/com.oplus.travelengine.travelaccessibilityservice.EngineAccessibilityService}] mCrashedServices = [] hasMagnificationConnection=false
06-11 10:46:04.862  3189  3825 W MagnificationConnectionManager: requestConnection duplicated request: connect=false, mConnectionState=DISCONNECTED
06-11 10:46:04.890  3189  3263 W Searchables: No web search activity found
06-11 10:46:04.892  3189  3263 W RecognitionServiceInfo: Parse error in getAvailableServices: No android.speech meta-data for com.tencent.android.qqdownloader
06-11 10:46:04.892  3189  3263 W VoiceInteractionManager: no auto selectable voice recognition services found for user 0
06-11 10:46:04.922  1699  1958 D IRIS_LOG_SERV: panelReadWrite: type 255 set color matrix
06-11 10:46:04.924  1699  2116 D IRIS_LOG_SERV: InternalConfig: 191 0
06-11 10:46:04.924  1699  2116 D IRIS_LOG_SERV: InternalConfig: 191 0 ret: 0
06-11 10:46:04.955  1699  1958 D IRIS_LOG_SERV: panelReadWrite: type 255 set color matrix
06-11 10:46:04.956  1699  2116 D IRIS_LOG_SERV: InternalConfig: 191 0
06-11 10:46:04.956  1699  2116 D IRIS_LOG_SERV: InternalConfig: 191 0 ret: 0
06-11 10:46:05.032  6550  6590 I JPEG_JNI: EnterExeTask  controller.background_task_controller process {"client":"infer"}
06-11 10:46:05.037  6550  6590 I JPEG_JNI: LeaveExeTask  module controller.background_task_controller 
06-11 10:46:05.037  6550  6590 I JPEG_JNI:  func process  
06-11 10:46:05.037  6550  6590 I JPEG_JNI:  input {"client":"infer"} 
06-11 10:46:05.037  6550  6590 I JPEG_JNI:  ret {}
06-11 10:46:05.041  1667 15952 I sensors-hal: handle_oplus_wise_rgb_event:230, wise_rgb:algo_type = 3
06-11 10:46:05.041  1667 15952 I sensors-hal: handle_oplus_wise_rgb_event:285, wise_rgb: raw_lux 491.667664, raw_cct 6357.639648, r/g/b/c: 39850.511719/35140.113281/19686.500000/88131.328125, R/G/B: 0.000000/0.000000/0.000000, brl 1529.000000, lux: 491.667664, cct: 6357.639648, ts 243362358135947, cnt 7479
06-11 10:46:05.122  3189  3251 W SettingsProvider: notifyForSettingsChange delay for eyeprotect_display_cct, value: 6755, delta: 0, lastNotifyTimestamp: 201458845, minInterval: 10
06-11 10:46:05.163  1656  5403 I vendor.qti.bluetooth@1.0-ibs_handler: [ibs_handler.cpp:778] ProcessIbsCmd: Received IBS_WAKE_IND: 0xFD
06-11 10:46:05.163  1656  5403 D vendor.qti.bluetooth@1.0-ibs_handler: [ibs_handler.cpp:372] SerialClockVote: vote for UART CLK ON
06-11 10:46:05.164  1656  5403 D vendor.qti.bluetooth@1.0-wake_lock: [wake_lock.cpp:135] Acquire wakelock is acquired 
06-11 10:46:05.164  1656  5403 I vendor.qti.bluetooth@1.0-ibs_handler: [ibs_handler.cpp:795] ProcessIbsCmd: Writing IBS_WAKE_ACK
06-11 10:46:05.185  4639  8246 D CommonApp-194-10602: transport layer data is invalid
06-11 10:46:05.186  4639  8246 D ScorePolicy: handleScoreChanged: []
06-11 10:46:05.186  4639  8246 D ScorePolicy: handleScoreChanged: []
06-11 10:46:05.186  4639  8246 D ScorePolicy: handleScoreChanged: []
06-11 10:46:05.205  1656  5403 I vendor.qti.bluetooth@1.0-ibs_handler: [ibs_handler.cpp:825] ProcessIbsCmd: Received IBS_SLEEP_IND: 0xFE
06-11 10:46:05.206  1656  5403 D vendor.qti.bluetooth@1.0-ibs_handler: [ibs_handler.cpp:391] SerialClockVote: vote for UART CLK OFF
06-11 10:46:05.241  1667 15952 I sensors-hal: handle_oplus_wise_rgb_event:230, wise_rgb:algo_type = 3
06-11 10:46:05.241  1667 15952 I sensors-hal: get_brightness:1652, light_iface: get_brightness, brl 1529, pwm_turbo_on 0/0, hbm_dc 0
06-11 10:46:05.241  1667 15952 I sensors-hal: handle_oplus_wise_rgb_event:285, wise_rgb: raw_lux 493.719360, raw_cct 6360.162109, r/g/b/c: 39787.910156/35061.761719/19732.164062/88359.703125, R/G/B: 0.000000/0.000000/0.000000, brl 1529.000000, lux: 493.719360, cct: 6360.162109, ts 243362557858968, cnt 7480
06-11 10:46:05.299  1800  1924 D BatteryChargeControl: bcc get no support from charging protocol
06-11 10:46:05.356  1656  5071 D vendor.qti.bluetooth@1.0-wake_lock: [wake_lock.cpp:158] Release wakelock is released 
06-11 10:46:05.399  1800  1800 D ChargerInfo: getInfo: type: 0x1, update: 1
06-11 10:46:05.399  1800  1875 D ChargerInfo: chargerInfoUpdateThread: update start
06-11 10:46:05.403  1800  1875 D ChargerInfo: enableTx: path(/proc/wireless/enable_tx): not exist
06-11 10:46:05.407  1800  1875 D ChargerInfo: get_ui_charge_icon_type: [0 0] [0 0] 1
06-11 10:46:05.407  1800  1875 E ChargerInfo: SingleHyperPath not found
06-11 10:46:05.408  1800  1875 D ChargerInfo: CarC: path(/sys/class/oplus_chg/battery/gauge_car_c): not exist
06-11 10:46:05.408  1800  1875 D ChargerInfo: chargerInfoUpdateThread: update end
06-11 10:46:05.408  1800  1875 D ChargerInfo: chargerInfoUpdateThread: update wait
06-11 10:46:05.408  1800  1800 D ChargerInfo: enableTx: path(/proc/wireless/enable_tx): not exist
06-11 10:46:05.408  1800  1800 D ChargerInfo: getInfo: {"Update":{"batteryFcc":3942,"batteryRm":3942,"bddLeakCurr":0,"bmsStatus":0,"bypassChgStatus":0,"chargeTimeRemaining":0,"cpaPower":0,"enableTx":true,"fastCharge":0,"isSupportSpeedCharge":0,"notifyCode":1048704,"otgOnline":1,"ppsChargePower":0,"ppsCharging":0,"shortCHwStatus":0,"shortIcOtpStatus":0,"uiIconType":0,"uiPower":0,"usbStatus":0,"wlsAdapterPower":0}}
06-11 10:46:05.428  3189  3609 I OplusCpuLimitManager: OplusCpuHighLoad: request instant cpu load
06-11 10:46:05.440  1667 15952 I sensors-hal: handle_oplus_wise_rgb_event:230, wise_rgb:algo_type = 3
06-11 10:46:05.440  1667 15952 I sensors-hal: handle_oplus_wise_rgb_event:285, wise_rgb: raw_lux 503.476379, raw_cct 6355.230469, r/g/b/c: 40064.519531/35015.558594/19702.357422/88848.406250, R/G/B: 0.000000/0.000000/0.000000, brl 1529.000000, lux: 503.476379, cct: 6355.230469, ts 243362757586416, cnt 7481
06-11 10:46:05.443  3189  3609 I OplusCpuLimitManager: OplusCpuHighLoad: release instant cpu load
06-11 10:46:05.538  6550  6590 I JPEG_JNI: EnterExeTask  controller.background_task_controller process {"client":"infer"}
06-11 10:46:05.540  6550  6590 I JPEG_JNI: LeaveExeTask  module controller.background_task_controller 
06-11 10:46:05.540  6550  6590 I JPEG_JNI:  func process  
06-11 10:46:05.540  6550  6590 I JPEG_JNI:  input {"client":"infer"} 
06-11 10:46:05.540  6550  6590 I JPEG_JNI:  ret {}
06-11 10:46:05.640  1667 15952 I sensors-hal: handle_oplus_wise_rgb_event:230, wise_rgb:algo_type = 3
06-11 10:46:05.640  1667 15952 I sensors-hal: handle_oplus_wise_rgb_event:285, wise_rgb: raw_lux 520.869873, raw_cct 6389.270508, r/g/b/c: 40020.210938/35047.230469/19777.238281/89412.960938, R/G/B: 0.000000/0.000000/0.000000, brl 1529.000000, lux: 520.869873, cct: 6389.270508, ts 243362957306208, cnt 7482
06-11 10:46:05.641  1667 15988 I sensors-hal: handle_oplus_wise_rgb_event:301, oplus wise_rgb sample: (7482)(cct, lux, ir_ratio, r, g, b, c)[6389, 520, 30, 40020, 35047, 19777, 89412]
06-11 10:46:05.836  6858  8079 D gaia-GaiaConnectChecker: start connect check++
06-11 10:46:05.840  1667 15952 I sensors-hal: handle_oplus_wise_rgb_event:230, wise_rgb:algo_type = 3
06-11 10:46:05.840  1667 15952 I sensors-hal: handle_oplus_wise_rgb_event:285, wise_rgb: raw_lux 520.093628, raw_cct 6474.217773, r/g/b/c: 39973.937500/35156.019531/19957.919922/89489.335938, R/G/B: 0.000000/0.000000/0.000000, brl 1529.000000, lux: 520.093628, cct: 6474.217773, ts 243363157095166, cnt 7483
06-11 10:46:05.967  3189  4433 I OplusHansManager : uid=10136, pkg=com.baidu.input_oppo cannot transition from R to M, importance=input
06-11 10:46:05.969  3189  4433 I OplusHansManager : uid=10370, pkg=com.tencent.android.qqdownloader cannot transition from R to M, importance=screenRecorder
06-11 10:46:06.039  1667 15952 I sensors-hal: handle_oplus_wise_rgb_event:230, wise_rgb:algo_type = 3
06-11 10:46:06.039  1667 15952 I sensors-hal: handle_oplus_wise_rgb_event:285, wise_rgb: raw_lux 513.603882, raw_cct 6503.009766, r/g/b/c: 40097.707031/35234.714844/20062.933594/89398.023438, R/G/B: 0.000000/0.000000/0.000000, brl 1529.000000, lux: 513.603882, cct: 6503.009766, ts 243363356471572, cnt 7484
06-11 10:46:06.041  6550  6590 I JPEG_JNI: EnterExeTask  controller.background_task_controller process {"client":"infer"}
06-11 10:46:06.042  3189  6314 I AICCTModule: SensorFilter: findSecondNearestValue, sensorValue: 6231.425 nearestMaxValue:6355.2305 secondNearestValue: 6357.6396
06-11 10:46:06.042  3189  6314 I AICCTModule: SensorFilter: findSecondNearestValue, sensorValue: 503.39166 nearestMaxValue:513.6039 secondNearestValue: 520.0936
06-11 10:46:06.043  3189  6314 I AICCTModule: AICurveModel: findPointByX x:13.37348, rightPoint:Point:(13.379999, 6828.9204, 6828.9204)
06-11 10:46:06.043  3189  6314 I AICCTModule: AICurveModel: StablePoints has no dragSplineLine
06-11 10:46:06.043  3189  6314 I AICCTModule: AICurveModel: findPointByY y:6754.6577, rightPoint:Point:(13.299999, 6754.6577, 6754.6577)
06-11 10:46:06.043  3189  6314 I AICCTModule: AICurveModel: findPointByY y:6754.6577, rightPoint:Point:(13.299999, 6754.6577, 6754.6577)
06-11 10:46:06.044  3189  6314 I AICCTModule: AICurveModel: findPointByY y:6754.6577, rightPoint:Point:(13.299999, 6754.6577, 6754.6577)
06-11 10:46:06.044  3189  6314 I AICCTModule: AICurveModel: StablePoints y1Left:6754.6577, y2Left:0.0, leftY:6754.6577
06-11 10:46:06.044  3189  6314 I AICCTModule: AICurveModel: findPointByY y:6754.6577, rightPoint:Point:(13.299999, 6754.6577, 6754.6577)
06-11 10:46:06.044  3189  6314 I AICCTModule: AICurveModel: findPointByY y:6754.6577, rightPoint:Point:(13.299999, 6754.6577, 6754.6577)
06-11 10:46:06.045  3189  6314 I AICCTModule: AICurveModel: getNextPoint isLargeChange, 6368.038, 6828.9204
06-11 10:46:06.045  3189  6314 I AICCTModule: AICurveModel: handleUpdateCCT cct change from:(6241.000000,6754.657715)->(6368.038086,6828.920410),curPoint(6368.038086,6828.920410),stablePoint=LeftLarge(6241.0,6754.6577)-RightLarge(6241.0,6754.6577),LeftSmall(6241.0,6754.6577)-RightSmall(6241.0,6754.6577),TLSmall(6241.0,6754.6577)-TRSmall(6241.0,6754.6577)
06-11 10:46:06.045  3189  6314 I AICCTModule: AICurveModel: onTargetCCTChange cct change to 6828.9204
06-11 10:46:06.046  6550  6590 I JPEG_JNI: LeaveExeTask  module controller.background_task_controller 
06-11 10:46:06.046  6550  6590 I JPEG_JNI:  func process  
06-11 10:46:06.046  6550  6590 I JPEG_JNI:  input {"client":"infer"} 
06-11 10:46:06.046  6550  6590 I JPEG_JNI:  ret {}
06-11 10:46:06.210  4639  8246 D CommonApp-194-10602: transport layer data is invalid
06-11 10:46:06.211  4639  8246 D ScorePolicy: handleScoreChanged: []
06-11 10:46:06.211  4639  8246 D ScorePolicy: handleScoreChanged: []
06-11 10:46:06.211  4639  8246 D ScorePolicy: handleScoreChanged: []
06-11 10:46:06.239  1667 15952 I sensors-hal: handle_oplus_wise_rgb_event:230, wise_rgb:algo_type = 3
06-11 10:46:06.239  1667 15952 I sensors-hal: get_brightness:1652, light_iface: get_brightness, brl 1529, pwm_turbo_on 0/0, hbm_dc 0
06-11 10:46:06.240  1667 15952 I sensors-hal: handle_oplus_wise_rgb_event:285, wise_rgb: raw_lux 506.708740, raw_cct 6448.056641, r/g/b/c: 39958.757812/35297.437500/19897.976562/88926.265625, R/G/B: 0.000000/0.000000/0.000000, brl 1529.000000, lux: 506.708740, cct: 6448.056641, ts 243363556168395, cnt 7485
06-11 10:46:06.253  1699  1958 D IRIS_LOG_SERV: panelReadWrite: type 255 set color matrix
06-11 10:46:06.255  1699  2116 D IRIS_LOG_SERV: InternalConfig: 191 0
06-11 10:46:06.255  1699  2116 D IRIS_LOG_SERV: InternalConfig: 191 0 ret: 0
06-11 10:46:06.256 12732 13406 D ShellSubscriberWorkerThread: the first 8 bytes empty, and RestData length > 8 
06-11 10:46:06.286  1699  1958 D IRIS_LOG_SERV: panelReadWrite: type 255 set color matrix
06-11 10:46:06.288  1699  2116 D IRIS_LOG_SERV: InternalConfig: 191 0
06-11 10:46:06.288  1699  2116 D IRIS_LOG_SERV: InternalConfig: 191 0 ret: 0
06-11 10:46:06.302  1800  1924 D BatteryChargeControl: bcc get no support from charging protocol
06-11 10:46:06.380  4329  4513 W OPLUS_LOG_LOAD: ==LOGS PROG INFO, prog(com.android.systemui) ==
06-11 10:46:06.380  4329  4513 I SystemUi--Statusbar: OplusNetworkSpeedControllExImpl-->updateNetworkSpeed: isConnected:true,isSwitchOn:true,isSuspend:false,isPause:false
06-11 10:46:06.384  4329  4513 I SystemUi--Statusbar: OplusNetworkSpeedControllExImpl-->getTotalByte: totalRxBytes:11612328633,totalTxBytes:3543292620,loopbackTxBytes:2982680239,loopbackRxBytes:2982679759 ,totalBytes:9190261255
06-11 10:46:06.439  1667 15952 I sensors-hal: handle_oplus_wise_rgb_event:230, wise_rgb:algo_type = 3
06-11 10:46:06.440  1667 15952 I sensors-hal: handle_oplus_wise_rgb_event:285, wise_rgb: raw_lux 502.946655, raw_cct 6389.682617, r/g/b/c: 39943.375000/35235.121094/19807.904297/88772.054688, R/G/B: 0.000000/0.000000/0.000000, brl 1529.000000, lux: 502.946655, cct: 6389.682617, ts 243363755866781, cnt 7486
06-11 10:46:06.536  1699  1958 D IRIS_LOG_SERV: panelReadWrite: type 255 set color matrix
06-11 10:46:06.537  1699  2116 D IRIS_LOG_SERV: InternalConfig: 191 0
06-11 10:46:06.538  1699  2116 D IRIS_LOG_SERV: InternalConfig: 191 0 ret: 0
06-11 10:46:06.547  6550  6590 I JPEG_JNI: EnterExeTask  controller.background_task_controller process {"client":"infer"}
06-11 10:46:06.552  6550  6590 I JPEG_JNI: LeaveExeTask  module controller.background_task_controller 
06-11 10:46:06.552  6550  6590 I JPEG_JNI:  func process  
06-11 10:46:06.552  6550  6590 I JPEG_JNI:  input {"client":"infer"} 
06-11 10:46:06.552  6550  6590 I JPEG_JNI:  ret {}
06-11 10:46:06.577  3189  3765 V AlarmManager: sending alarm Alarm{c6c89c8 type 1 origWhen 1781145966576 whenElapsed 243363903 android} uid 1000 whenElapsed 243363903 windowLength 0 maxWhenElapsed 243363903 repeatInterval 0 action null component null tag StorgaeBandInfoAlarmTag flags 0x9 procName system_server
06-11 10:46:06.578  3189 27614 E OplusStorageUFSBandwidth: storage_io_metrics_path is /proc/oplus_storage/io_metrics/forever/
06-11 10:46:06.580  3189 27614 E OplusStorageUFSBandwidth: Bandwidth - Read: 0.50 MB/s, Write: 0.00 MB/s
06-11 10:46:06.580  3189 27614 E OplusStorageUFSBandwidth: Task time: 2ms
06-11 10:46:06.590  3189 27614 E OplusStorageUFSBandwidth: Alarm set to trigger in 10 seconds
06-11 10:46:06.639  1667 15952 I sensors-hal: handle_oplus_wise_rgb_event:230, wise_rgb:algo_type = 3
06-11 10:46:06.639  1667 15952 I sensors-hal: handle_oplus_wise_rgb_event:285, wise_rgb: raw_lux 502.300232, raw_cct 6398.951172, r/g/b/c: 39928.273438/35140.863281/19792.767578/88665.273438, R/G/B: 0.000000/0.000000/0.000000, brl 1529.000000, lux: 502.300232, cct: 6398.951172, ts 243363955758864, cnt 7487
06-11 10:46:06.819  1699  1958 D IRIS_LOG_SERV: panelReadWrite: type 255 set color matrix
06-11 10:46:06.821  1699  2116 D IRIS_LOG_SERV: InternalConfig: 191 0
06-11 10:46:06.821  1699  2116 D IRIS_LOG_SERV: InternalConfig: 191 0 ret: 0
06-11 10:46:06.835  1699  1958 D IRIS_LOG_SERV: panelReadWrite: type 255 set color matrix
06-11 10:46:06.837  1699  2116 D IRIS_LOG_SERV: InternalConfig: 191 0
06-11 10:46:06.837  1699  2116 D IRIS_LOG_SERV: InternalConfig: 191 0 ret: 0
06-11 10:46:06.839  1667 15952 I sensors-hal: handle_oplus_wise_rgb_event:230, wise_rgb:algo_type = 3
06-11 10:46:06.839  1667 15952 I sensors-hal: handle_oplus_wise_rgb_event:285, wise_rgb: raw_lux 502.216675, raw_cct 6344.835938, r/g/b/c: 39990.394531/35109.605469/19702.556641/88694.765625, R/G/B: 0.000000/0.000000/0.000000, brl 1529.000000, lux: 502.216675, cct: 6344.835938, ts 243364155493395, cnt 7488
06-11 10:46:07.038  1667 15952 I sensors-hal: handle_oplus_wise_rgb_event:230, wise_rgb:algo_type = 3
06-11 10:46:07.038  1667 15952 I sensors-hal: handle_oplus_wise_rgb_event:285, wise_rgb: raw_lux 503.836792, raw_cct 6263.602539, r/g/b/c: 40098.453125/35016.238281/19491.474609/88575.109375, R/G/B: 0.000000/0.000000/0.000000, brl 1529.000000, lux: 503.836792, cct: 6263.602539, ts 243364355210739, cnt 7489
06-11 10:46:07.053  6550  6590 I JPEG_JNI: EnterExeTask  controller.background_task_controller process {"client":"infer"}
06-11 10:46:07.057  6550  6590 I JPEG_JNI: LeaveExeTask  module controller.background_task_controller 
06-11 10:46:07.057  6550  6590 I JPEG_JNI:  func process  
06-11 10:46:07.057  6550  6590 I JPEG_JNI:  input {"client":"infer"} 
06-11 10:46:07.057  6550  6590 I JPEG_JNI:  ret {}
06-11 10:46:07.102  1699  1958 D IRIS_LOG_SERV: panelReadWrite: type 255 set color matrix
06-11 10:46:07.104  1699  2116 D IRIS_LOG_SERV: InternalConfig: 191 0
06-11 10:46:07.104  1699  2116 D IRIS_LOG_SERV: InternalConfig: 191 0 ret: 0
06-11 10:46:07.137  3189  3841 D WifiStaIfaceHidlImpl: getCachedScanData is not implemented by HIDL
06-11 10:46:07.150  4639  4639 D VendorWifiService: onEvent event:9,action:1
06-11 10:46:07.157  4329  4630 D skia    : GrGpu::writePixels takes 1
06-11 10:46:07.164  3189  3960 D ScorerUtils: isLowTraffic: txTputKBps=0, rxTputKBps=1
06-11 10:46:07.165  3189  3960 D OplusWifiPower_TriggerCenter: mComponentCallback: wifistat
06-11 10:46:07.238  4639  8246 D CommonApp-194-10602: transport layer data is invalid
06-11 10:46:07.238  4639  8246 D ScorePolicy: handleScoreChanged: []
06-11 10:46:07.239  1667 15952 I sensors-hal: handle_oplus_wise_rgb_event:230, wise_rgb:algo_type = 3
06-11 10:46:07.239  4639  8246 D ScorePolicy: handleScoreChanged: []
06-11 10:46:07.239  1667 15952 I sensors-hal: get_brightness:1652, light_iface: get_brightness, brl 1529, pwm_turbo_on 0/0, hbm_dc 0
06-11 10:46:07.239  4639  8246 D ScorePolicy: handleScoreChanged: []
06-11 10:46:07.239  1667 15952 I sensors-hal: handle_oplus_wise_rgb_event:285, wise_rgb: raw_lux 505.067566, raw_cct 6291.903320, r/g/b/c: 40176.488281/35126.609375/19732.564453/88819.218750, R/G/B: 0.000000/0.000000/0.000000, brl 1529.000000, lux: 505.067566, cct: 6291.903320, ts 243364554999593, cnt 7490
06-11 10:46:07.270  3189  3251 W SettingsProvider: notifyForSettingsChange delay for eyeprotect_display_cct, value: 6829, delta: 1, lastNotifyTimestamp: 201460992, minInterval: 10
06-11 10:46:07.304  1800  1924 D BatteryChargeControl: bcc get no support from charging protocol
06-11 10:46:07.438  1667 15952 I sensors-hal: handle_oplus_wise_rgb_event:230, wise_rgb:algo_type = 3
06-11 10:46:07.438  1667 15952 I sensors-hal: handle_oplus_wise_rgb_event:285, wise_rgb: raw_lux 503.792236, raw_cct 6479.861816, r/g/b/c: 40039.101562/35017.750000/20064.054688/89112.312500, R/G/B: 0.000000/0.000000/0.000000, brl 1529.000000, lux: 503.792236, cct: 6479.861816, ts 243364754764802, cnt 7491
06-11 10:46:07.559  6550  6590 I JPEG_JNI: EnterExeTask  controller.background_task_controller process {"client":"infer"}
06-11 10:46:07.563  6550  6590 I JPEG_JNI: LeaveExeTask  module controller.background_task_controller 
06-11 10:46:07.563  6550  6590 I JPEG_JNI:  func process  
06-11 10:46:07.563  6550  6590 I JPEG_JNI:  input {"client":"infer"} 
06-11 10:46:07.563  6550  6590 I JPEG_JNI:  ret {}
06-11 10:46:07.637  1667 15952 I sensors-hal: handle_oplus_wise_rgb_event:230, wise_rgb:algo_type = 3
06-11 10:46:07.637  1667 15952 I sensors-hal: handle_oplus_wise_rgb_event:285, wise_rgb: raw_lux 507.896118, raw_cct 6567.879883, r/g/b/c: 39825.222656/34894.160156/20019.779297/88795.757812, R/G/B: 0.000000/0.000000/0.000000, brl 1529.000000, lux: 507.896118, cct: 6567.879883, ts 243364954530583, cnt 7492
06-11 10:46:07.638  1667 15988 I sensors-hal: handle_oplus_wise_rgb_event:301, oplus wise_rgb sample: (7492)(cct, lux, ir_ratio, r, g, b, c)[6567, 507, 33, 39825, 34894, 20019, 88795]
06-11 10:46:07.674  3189  3765 V AlarmManager: sending alarm Alarm{90fab9d type 3 origWhen 243365000 whenElapsed 243365000 android} uid 1000 whenElapsed 243365000 windowLength 0 maxWhenElapsed 243365000 repeatInterval 0 action null component null tag StatsCompanionService.periodic flags 0x9 procName system_server
06-11 10:46:07.679  1574 13379 I statsd  : Fate decided that an alarm will trigger subscribers.
