--------- beginning of main
06-11 10:34:27.196  4329  4516 W PluginActionManager: handleQueryPlugins, not in mPrivilegedPlugins, pkgName=com.earthengine.minimalglobe
06-11 10:34:27.196  4329  4516 W PluginActionManager: handleQueryPlugins, not in mPrivilegedPlugins, pkgName=com.earthengine.minimalglobe
06-11 10:34:27.196  4329  4516 W PluginActionManager: handleQueryPlugins, not in mPrivilegedPlugins, pkgName=com.earthengine.minimalglobe
06-11 10:34:27.196  4329  4516 W PluginActionManager: handleQueryPlugins, not in mPrivilegedPlugins, pkgName=com.earthengine.minimalglobe
06-11 10:34:27.196  4329  4516 W PluginActionManager: handleQueryPlugins, not in mPrivilegedPlugins, pkgName=com.earthengine.minimalglobe
06-11 10:34:27.196  4329  4516 W PluginActionManager: handleQueryPlugins, not in mPrivilegedPlugins, pkgName=com.earthengine.minimalglobe
06-11 10:34:27.196  4329  4516 W PluginActionManager: handleQueryPlugins, not in mPrivilegedPlugins, pkgName=com.earthengine.minimalglobe
06-11 10:34:27.196 11267 29226 W GameCenterUpgradeFeature: upgradeSize:0
06-11 10:34:27.197  4329  4516 W PluginActionManager: handleQueryPlugins, not in mPrivilegedPlugins, pkgName=com.earthengine.minimalglobe
06-11 10:34:27.197  4329  4516 W PluginActionManager: handleQueryPlugins, not in mPrivilegedPlugins, pkgName=com.earthengine.minimalglobe
06-11 10:34:27.197  4329  4516 W PluginActionManager: handleQueryPlugins, not in mPrivilegedPlugins, pkgName=com.earthengine.minimalglobe
06-11 10:34:27.197  9703 10940 I Qsb-DBManager: call updateForRemovableAppInfo:com.earthengine.minimalglobe
06-11 10:34:27.197  4329  4516 W PluginActionManager: handleQueryPlugins, not in mPrivilegedPlugins, pkgName=com.earthengine.minimalglobe
06-11 10:34:27.197  4329  4516 W PluginActionManager: handleQueryPlugins, not in mPrivilegedPlugins, pkgName=com.earthengine.minimalglobe
06-11 10:34:27.197  4329  4516 W PluginActionManager: handleQueryPlugins, not in mPrivilegedPlugins, pkgName=com.earthengine.minimalglobe
06-11 10:34:27.197  4329  4516 W PluginActionManager: handleQueryPlugins, not in mPrivilegedPlugins, pkgName=com.earthengine.minimalglobe
06-11 10:34:27.197  4329  4516 W PluginActionManager: handleQueryPlugins, not in mPrivilegedPlugins, pkgName=com.earthengine.minimalglobe
06-11 10:34:27.197  4329  4516 W PluginActionManager: handleQueryPlugins, not in mPrivilegedPlugins, pkgName=com.earthengine.minimalglobe
06-11 10:34:27.197 11267 29226 W DesktopRedHotUtils: add not launch gamecenter redhot
06-11 10:34:27.197  4329  4516 W PluginActionManager: handleQueryPlugins, not in mPrivilegedPlugins, pkgName=com.earthengine.minimalglobe
06-11 10:34:27.197  4329  4516 W PluginActionManager: handleQueryPlugins, not in mPrivilegedPlugins, pkgName=com.earthengine.minimalglobe
06-11 10:34:27.197  4329  4516 W PluginActionManager: handleQueryPlugins, not in mPrivilegedPlugins, pkgName=com.earthengine.minimalglobe
06-11 10:34:27.197  4329  4516 W PluginActionManager: handleQueryPlugins, not in mPrivilegedPlugins, pkgName=com.earthengine.minimalglobe
06-11 10:34:27.197 11267 29226 W bigPlayer: isExistsBigPlayerModule:true
06-11 10:34:27.197  4329  4516 W PluginActionManager: handleQueryPlugins, not in mPrivilegedPlugins, pkgName=com.earthengine.minimalglobe
06-11 10:34:27.197  4329  4516 W PluginActionManager: handleQueryPlugins, not in mPrivilegedPlugins, pkgName=com.earthengine.minimalglobe
06-11 10:34:27.197  4329  4516 W PluginActionManager: handleQueryPlugins, not in mPrivilegedPlugins, pkgName=com.earthengine.minimalglobe
06-11 10:34:27.197 11267 29226 W bigPlayer: enterGameCenterTime:1781145267197, needShowModuleRedHotNum:false
06-11 10:34:27.197  9703 10940 D TapHttp.HeyConfig: HeyConfig start time:200760919
06-11 10:34:27.197  4329  4516 W PluginActionManager: handleQueryPlugins, not in mPrivilegedPlugins, pkgName=com.earthengine.minimalglobe
06-11 10:34:27.197  4329  4516 W PluginActionManager: handleQueryPlugins, not in mPrivilegedPlugins, pkgName=com.earthengine.minimalglobe
06-11 10:34:27.197 11267 29226 W DesktopRedHotUtils: remove new user station redhot
06-11 10:34:27.197  4329  4516 W PluginActionManager: handleQueryPlugins, not in mPrivilegedPlugins, pkgName=com.earthengine.minimalglobe
06-11 10:34:27.197  9703 10940 D TapHttp.OkHttpClient:  OkHttpClient(Builder builder) start
06-11 10:34:27.197  4329  4516 W PluginActionManager: handleQueryPlugins, not in mPrivilegedPlugins, pkgName=com.earthengine.minimalglobe
06-11 10:34:27.197  4329  4516 W PluginActionManager: handleQueryPlugins, not in mPrivilegedPlugins, pkgName=com.earthengine.minimalglobe
06-11 10:34:27.197  4329  4516 W PluginActionManager: handleQueryPlugins, not in mPrivilegedPlugins, pkgName=com.earthengine.minimalglobe
06-11 10:34:27.197  4329  4516 W PluginActionManager: handleQueryPlugins, not in mPrivilegedPlugins, pkgName=com.earthengine.minimalglobe
06-11 10:34:27.197  4329  4516 W PluginActionManager: handleQueryPlugins, not in mPrivilegedPlugins, pkgName=com.earthengine.minimalglobe
06-11 10:34:27.197  4329  4516 W PluginActionManager: handleQueryPlugins, not in mPrivilegedPlugins, pkgName=com.earthengine.minimalglobe
06-11 10:34:27.197  4329  4516 W PluginActionManager: handleQueryPlugins, not in mPrivilegedPlugins, pkgName=com.earthengine.minimalglobe
06-11 10:34:27.197  4329  4516 W PluginActionManager: handleQueryPlugins, not in mPrivilegedPlugins, pkgName=com.earthengine.minimalglobe
06-11 10:34:27.197  4329  4516 W PluginActionManager: handleQueryPlugins, not in mPrivilegedPlugins, pkgName=com.earthengine.minimalglobe
06-11 10:34:27.197  4329  4516 W PluginActionManager: handleQueryPlugins, not in mPrivilegedPlugins, pkgName=com.earthengine.minimalglobe
06-11 10:34:27.197  4329  4516 W PluginActionManager: handleQueryPlugins, not in mPrivilegedPlugins, pkgName=com.earthengine.minimalglobe
06-11 10:34:27.197  4329  4516 W PluginActionManager: handleQueryPlugins, not in mPrivilegedPlugins, pkgName=com.earthengine.minimalglobe
06-11 10:34:27.197  4329  4516 W PluginActionManager: handleQueryPlugins, not in mPrivilegedPlugins, pkgName=com.earthengine.minimalglobe
06-11 10:34:27.197  4329  4516 W PluginActionManager: handleQueryPlugins, not in mPrivilegedPlugins, pkgName=com.earthengine.minimalglobe
06-11 10:34:27.197  4329  4516 W PluginActionManager: handleQueryPlugins, not in mPrivilegedPlugins, pkgName=com.earthengine.minimalglobe
06-11 10:34:27.197  4329  4516 W PluginActionManager: handleQueryPlugins, not in mPrivilegedPlugins, pkgName=com.earthengine.minimalglobe
06-11 10:34:27.197  4329  4516 W PluginActionManager: handleQueryPlugins, not in mPrivilegedPlugins, pkgName=com.earthengine.minimalglobe
06-11 10:34:27.197  4329  4516 W PluginActionManager: handleQueryPlugins, not in mPrivilegedPlugins, pkgName=com.earthengine.minimalglobe
06-11 10:34:27.197  4329  4516 W PluginActionManager: handleQueryPlugins, not in mPrivilegedPlugins, pkgName=com.earthengine.minimalglobe
06-11 10:34:27.197  4329  4516 W PluginActionManager: handleQueryPlugins, not in mPrivilegedPlugins, pkgName=com.earthengine.minimalglobe
06-11 10:34:27.197  4329  4516 W PluginActionManager: handleQueryPlugins, not in mPrivilegedPlugins, pkgName=com.earthengine.minimalglobe
06-11 10:34:27.197  4329  4516 W PluginActionManager: handleQueryPlugins, not in mPrivilegedPlugins, pkgName=com.earthengine.minimalglobe
06-11 10:34:27.197  4329  4516 W PluginActionManager: handleQueryPlugins, not in mPrivilegedPlugins, pkgName=com.earthengine.minimalglobe
06-11 10:34:27.197  4329  4516 W PluginActionManager: handleQueryPlugins, not in mPrivilegedPlugins, pkgName=com.earthengine.minimalglobe
06-11 10:34:27.197  4329  4516 W PluginActionManager: handleQueryPlugins, not in mPrivilegedPlugins, pkgName=com.earthengine.minimalglobe
06-11 10:34:27.197  4329  4516 W PluginActionManager: handleQueryPlugins, not in mPrivilegedPlugins, pkgName=com.earthengine.minimalglobe
06-11 10:34:27.197  4329  4516 W PluginActionManager: handleQueryPlugins, not in mPrivilegedPlugins, pkgName=com.earthengine.minimalglobe
06-11 10:34:27.197  4329  4516 W PluginActionManager: handleQueryPlugins, not in mPrivilegedPlugins, pkgName=com.earthengine.minimalglobe
06-11 10:34:27.197  9703 10940 D TapHttp.OkHttpClient:  OkHttpClient(Builder builder) end
06-11 10:34:27.198  6732  6732 W OPLUS_LOG_LOAD: ==LOGS PROG INFO, prog(com.heytap.accessory) ==
06-11 10:34:27.200 21660 21933 D NotificationBackend: getClosedSuperFirewallByBinder: closedSuperFirewall=false,isCalledByBinder=true
06-11 10:34:27.200 21660 21933 D NotificationBackend: processPackageBroadcast: action start:android.intent.action.PACKAGE_REMOVED
06-11 10:34:27.200  9703 11041 I Qsb-LocalAppOnlineSearchManager: callWhenPackageAdd:com.earthengine.minimalglobe
06-11 10:34:27.200  3189  4438 D OplusHansManager : 3189/1000 to 12770/10237 | android.app.IApplicationThread | 23 reason default_unfreezeForKernel
06-11 10:34:27.201 11267 12018 W BusinessInitializer: called
06-11 10:34:27.202  4329  4329 D ControlsListingControllerImpl: ServiceConfig reloaded, count: 0
06-11 10:34:27.203  9703 10940 D Identity: nonceAndCounter: 764f31bb209ae4b50000000000000003
06-11 10:34:27.203  4329  4329 I SDP.SysUi.InstallMonitorManager:  Broadcast received android.intent.action.PACKAGE_ADDED.[ssdk:v1.3.80-cc7da83,sdplugin:v16.56.0-85a272db] [SeedlingSdk|com.android.systemui|2.0.40-ebe132d]
06-11 10:34:27.203  4329  4329 I SDP.SysUi.InstallMonitorManager:  Start check ums pks for com.earthengine.minimalglobe.[ssdk:v1.3.80-cc7da83,sdplugin:v16.56.0-85a272db]
06-11 10:34:27.203  4329  4329 I SDP.SysUi.InstallMonitorManager:  Start notify install for package:com.earthengine.minimalglobe.[ssdk:v1.3.80-cc7da83,sdplugin:v16.56.0-85a272db]
06-11 10:34:27.203  4329 27344 I SDP.SysUi.ContextProxy:  acquireClient with authority:com.oplus.pantanal.ums.statictis, pkgName:com.android.systemui, use userContext, userId:0[ssdk:v1.3.80-cc7da83,sdplugin:v16.56.0-85a272db]
06-11 10:34:27.203  4329 27344 D OplusUserContext: acquireUnstableContentProviderClient, originAuthority com.oplus.pantanal.ums.statictis authorityWithoutUserId com.oplus.pantanal.ums.statictis authorityWithUserId 0@com.oplus.pantanal.ums.statictis UserContextImp com.android.systemui.SystemUIApplication@185e5df userId 0
06-11 10:34:27.203 21660 16404 D NotificationBackend: onReceivedBroadcast:processPackageBroadcast
06-11 10:34:27.205  9703 11243 D CloudConfig_stgyHelper: mspVersionCanSupport mspKitVersion : 2021620
06-11 10:34:27.205  1800  1924 D BatteryChargeControl: bcc get no support from charging protocol
06-11 10:34:27.206  4329  4329 I SystemUi--Notification: OplusQsBaseMediaPanelView-->MEDIA_PANEL-->resetButtonEnableState reason=onMediaPlayerRemoveByPackage playingData is null
06-11 10:34:27.207  9703 11243 D CloudConfig_stgyHelper: getSupportKitMode strategyEntity : StrategyEntity(sdkInterval=1800000, strategyMode=1, minSDKVersion=1000, minKitVersion=2014122, validReqPeriod=7200000, maxReqProduct=100, forceKitIfKit=false, backoff=120000, enable=true, defaultLimit=RateLimitConfig{maxCalls=1, timeWindowSeconds=7200, callIntervalSeconds=0}, productLimits={56589=RateLimitConfig{maxCalls=1, timeWindowSeconds=7200, callIntervalSeconds=0}, 50351=RateLimitConfig{maxCalls=1, timeWindowSeconds=7200, callIntervalSeconds=0}, safe-jsApi_2003=RateLimitConfig{maxCalls=1, timeWindowSeconds=7200, callIntervalSeconds=0}, compass_20214=RateLimitConfig{maxCalls=1, timeWindowSeconds=7200, callIntervalSeconds=0}, compass_20100=RateLimitConfig{maxCalls=1, timeWindowSeconds=7200, callIntervalSeconds=0}, 54883=RateLimitConfig{maxCalls=1, timeWindowSeconds=7200, callIntervalSeconds=0}, global-domain_1281=RateLimitConfig{maxCalls=1, timeWindowSeconds=7200, callIntervalSeconds=0}, compass_131500=RateLimitConfig{maxCalls=1, timeWindowSeconds=7200, callIntervalSeconds=0}, compass_134200=RateLimitConfig{maxCalls=1, timeWindowSeconds=7200, callIntervalSeconds=0}})
06-11 10:34:27.207  9703 11243 D CloudConfig_stgyHelper: getSupportKitMode localSdkVersion : 1224
06-11 10:34:27.208  9703 11244 D CloudConfig_stgyHelper: mspVersionCanSupport mspKitVersion : 2021620
--------- beginning of system
06-11 10:34:27.208  5589  5589 D ActivityThread: Package [com.earthengine.minimalglobe] reported as REPLACED, but missing application info. Assuming REMOVED.
06-11 10:34:27.208  4639  4639 D ActivityThread: Package [com.earthengine.minimalglobe] reported as REPLACED, but missing application info. Assuming REMOVED.
06-11 10:34:27.209  9703 11244 D CloudConfig_stgyHelper: getSupportKitMode strategyEntity : StrategyEntity(sdkInterval=1800000, strategyMode=1, minSDKVersion=1000, minKitVersion=2014122, validReqPeriod=7200000, maxReqProduct=100, forceKitIfKit=false, backoff=120000, enable=true, defaultLimit=RateLimitConfig{maxCalls=1, timeWindowSeconds=7200, callIntervalSeconds=0}, productLimits={56589=RateLimitConfig{maxCalls=1, timeWindowSeconds=7200, callIntervalSeconds=0}, 50351=RateLimitConfig{maxCalls=1, timeWindowSeconds=7200, callIntervalSeconds=0}, safe-jsApi_2003=RateLimitConfig{maxCalls=1, timeWindowSeconds=7200, callIntervalSeconds=0}, compass_20214=RateLimitConfig{maxCalls=1, timeWindowSeconds=7200, callIntervalSeconds=0}, compass_20100=RateLimitConfig{maxCalls=1, timeWindowSeconds=7200, callIntervalSeconds=0}, 54883=RateLimitConfig{maxCalls=1, timeWindowSeconds=7200, callIntervalSeconds=0}, global-domain_1281=RateLimitConfig{maxCalls=1, timeWindowSeconds=7200, callIntervalSeconds=0}, compass_131500=RateLimitConfig{maxCalls=1, timeWindowSeconds=7200, callIntervalSeconds=0}, compass_134200=RateLimitConfig{maxCalls=1, timeWindowSeconds=7200, callIntervalSeconds=0}})
06-11 10:34:27.209  9703 11244 D CloudConfig_stgyHelper: getSupportKitMode localSdkVersion : 1224
06-11 10:34:27.209 24571 24571 D ActivityThread: Package [com.earthengine.minimalglobe] reported as REPLACED, but missing application info. Assuming REMOVED.
06-11 10:34:27.209  4589  4589 D ActivityThread: Package [com.earthengine.minimalglobe] reported as REPLACED, but missing application info. Assuming REMOVED.
06-11 10:34:27.209  7794  7794 D ActivityThread: Package [com.earthengine.minimalglobe] reported as REPLACED, but missing application info. Assuming REMOVED.
06-11 10:34:27.209  4521  4521 D ActivityThread: Package [com.earthengine.minimalglobe] reported as REPLACED, but missing application info. Assuming REMOVED.
06-11 10:34:27.210  9703 11131 D Identity: nonceAndCounter: 7ede5be04505a2760000000000000004
06-11 10:34:27.210  4454  4454 D ActivityThread: Package [com.earthengine.minimalglobe] reported as REPLACED, but missing application info. Assuming REMOVED.
06-11 10:34:27.210  9703 11370 D CloudConfig_stgyHelper: mspVersionCanSupport mspKitVersion : 2021620
06-11 10:34:27.210  4548  4548 D ActivityThread: Package [com.earthengine.minimalglobe] reported as REPLACED, but missing application info. Assuming REMOVED.
06-11 10:34:27.210  7595  7622 I OpenID  : com.heytap.quicksearchbox:3142:ret:T
06-11 10:34:27.211  7595 29230 I EnvChk  : -10007
06-11 10:34:27.211  9703 10940 I TapHttp.:  RetryAndFollowUpInterceptor isEventListenerStub:true
06-11 10:34:27.211  9703 10940 D TapHttp.:  StreamAllocation isEventListenerStub:true
06-11 10:34:27.211  4504  4504 D ActivityThread: Package [com.earthengine.minimalglobe] reported as REPLACED, but missing application info. Assuming REMOVED.
06-11 10:34:27.211 30408 30408 D ActivityThread: Package [com.earthengine.minimalglobe] reported as REPLACED, but missing application info. Assuming REMOVED.
06-11 10:34:27.211  4483  4483 D ActivityThread: Package [com.earthengine.minimalglobe] reported as REPLACED, but missing application info. Assuming REMOVED.
06-11 10:34:27.211  4432  4432 D ActivityThread: Package [com.earthengine.minimalglobe] reported as REPLACED, but missing application info. Assuming REMOVED.
06-11 10:34:27.211  1460  1460 D ActivityThread: Package [com.earthengine.minimalglobe] reported as REPLACED, but missing application info. Assuming REMOVED.
06-11 10:34:27.212  4358  4358 D ActivityThread: Package [com.earthengine.minimalglobe] reported as REPLACED, but missing application info. Assuming REMOVED.
06-11 10:34:27.212  4380  4380 D CarrierSvcBindHelper: No carrier app for: 0
06-11 10:34:27.212 12537 12537 D ActivityThread: Package [com.earthengine.minimalglobe] reported as REPLACED, but missing application info. Assuming REMOVED.
06-11 10:34:27.212  4033  4033 D ActivityThread: Package [com.earthengine.minimalglobe] reported as REPLACED, but missing application info. Assuming REMOVED.
06-11 10:34:27.213  4380  4380 D CarrierSvcBindHelper: No carrier app for: 1
06-11 10:34:27.213  4472  4472 D ActivityThread: Package [com.earthengine.minimalglobe] reported as REPLACED, but missing application info. Assuming REMOVED.
06-11 10:34:27.213 21810 21810 D ActivityThread: Package [com.earthengine.minimalglobe] reported as REPLACED, but missing application info. Assuming REMOVED.
06-11 10:34:27.213  6963  6963 D ActivityThread: Package [com.earthengine.minimalglobe] reported as REPLACED, but missing application info. Assuming REMOVED.
06-11 10:34:27.213 10964 10964 D ActivityThread: Package [com.earthengine.minimalglobe] reported as REPLACED, but missing application info. Assuming REMOVED.
06-11 10:34:27.213 12887 12887 D ActivityThread: Package [com.earthengine.minimalglobe] reported as REPLACED, but missing application info. Assuming REMOVED.
06-11 10:34:27.213  4419  4419 D ActivityThread: Package [com.earthengine.minimalglobe] reported as REPLACED, but missing application info. Assuming REMOVED.
06-11 10:34:27.214  4323  4323 D ActivityThread: Package [com.earthengine.minimalglobe] reported as REPLACED, but missing application info. Assuming REMOVED.
06-11 10:34:27.214  4380  4380 D CarrierSvcBindHelper: onPackageModified: com.earthengine.minimalglobe
06-11 10:34:27.214  9703 11370 D CloudConfig_stgyHelper: getSupportKitMode strategyEntity : StrategyEntity(sdkInterval=1800000, strategyMode=1, minSDKVersion=1000, minKitVersion=2014122, validReqPeriod=7200000, maxReqProduct=100, forceKitIfKit=false, backoff=120000, enable=true, defaultLimit=RateLimitConfig{maxCalls=1, timeWindowSeconds=7200, callIntervalSeconds=0}, productLimits={56589=RateLimitConfig{maxCalls=1, timeWindowSeconds=7200, callIntervalSeconds=0}, 50351=RateLimitConfig{maxCalls=1, timeWindowSeconds=7200, callIntervalSeconds=0}, safe-jsApi_2003=RateLimitConfig{maxCalls=1, timeWindowSeconds=7200, callIntervalSeconds=0}, compass_20214=RateLimitConfig{maxCalls=1, timeWindowSeconds=7200, callIntervalSeconds=0}, compass_20100=RateLimitConfig{maxCalls=1, timeWindowSeconds=7200, callIntervalSeconds=0}, 54883=RateLimitConfig{maxCalls=1, timeWindowSeconds=7200, callIntervalSeconds=0}, global-domain_1281=RateLimitConfig{maxCalls=1, timeWindowSeconds=7200, callIntervalSeconds=0}, compass_131500=RateLimitConfig{maxCalls=1, timeWindowSeconds=7200, callIntervalSeconds=0}, compass_134200=RateLimitConfig{maxCalls=1, timeWindowSeconds=7200, callIntervalSeconds=0}})
06-11 10:34:27.214  9703 11370 D CloudConfig_stgyHelper: getSupportKitMode localSdkVersion : 1224
06-11 10:34:27.215  4380  4380 D CarrierSvcBindHelper: No carrier app for: 0
06-11 10:34:27.216  4329  4329 I SystemUi--QuickSettings: OplusQsBaseMediaPanelView-->setBtnColor isMediaIconNeedUseLightColor
06-11 10:34:27.216  4380  4380 D CarrierSvcBindHelper: No carrier app for: 1
06-11 10:34:27.217  9703 11131 I TapHttp.:  RetryAndFollowUpInterceptor isEventListenerStub:true
06-11 10:34:27.217  9703 11131 D TapHttp.:  StreamAllocation isEventListenerStub:true
06-11 10:34:27.217  4329  4329 I KeyguardDisplayManager: onDisplayChanged displayId: 0
06-11 10:34:27.217  4329  4329 I SystemUi--Keyguard: KeyguardDisplayManagerExImpl-->orientationChanged=false, presentationDisplayChanged=false, lastPresentationWidth=0, lastPresentationHeight=0, lastPresentationDensity=0
06-11 10:34:27.218 16228 16228 D ActivityThread: Package [com.earthengine.minimalglobe] reported as REPLACED, but missing application info. Assuming REMOVED.
06-11 10:34:27.220 16935 16935 D ActivityThread: Package [com.earthengine.minimalglobe] reported as REPLACED, but missing application info. Assuming REMOVED.
06-11 10:34:27.221 18957 18957 D ActivityThread: Package [com.earthengine.minimalglobe] reported as REPLACED, but missing application info. Assuming REMOVED.
06-11 10:34:27.221  4380  5369 D ImsResolver: maybeAddedImsService, packageName: com.earthengine.minimalglobe
06-11 10:34:27.221  4380  5369 V ImsResolver: searchForImsServices: package=com.earthengine.minimalglobe, users=[UserHandle{0}]
06-11 10:34:27.221 17687 17687 D ActivityThread: Package [com.earthengine.minimalglobe] reported as REPLACED, but missing application info. Assuming REMOVED.
06-11 10:34:27.222 11631 11631 D ActivityThread: Package [com.earthengine.minimalglobe] reported as REPLACED, but missing application info. Assuming REMOVED.
06-11 10:34:27.222  6716  6716 D ActivityThread: Package [com.earthengine.minimalglobe] reported as REPLACED, but missing application info. Assuming REMOVED.
06-11 10:34:27.222 11267 29226 W gamecenter_check_upgrade: isBrandOsV3 setAppBadgeCount, cnt = 13
06-11 10:34:27.222 11267 29226 W gamecenter_check_upgrade: badgeCount does not change return !13_13
06-11 10:34:27.222 13044 13044 D ActivityThread: Package [com.earthengine.minimalglobe] reported as REPLACED, but missing application info. Assuming REMOVED.
06-11 10:34:27.222  9703 11370 D CloudConfig_stgyHelper: mspVersionCanSupport mspKitVersion : 2021620
06-11 10:34:27.223  6967  6967 D ActivityThread: Package [com.earthengine.minimalglobe] reported as REPLACED, but missing application info. Assuming REMOVED.
06-11 10:34:27.223  9703 11370 D CloudConfig_stgyHelper: getSupportKitMode strategyEntity : StrategyEntity(sdkInterval=1800000, strategyMode=1, minSDKVersion=1000, minKitVersion=2014122, validReqPeriod=7200000, maxReqProduct=100, forceKitIfKit=false, backoff=120000, enable=true, defaultLimit=RateLimitConfig{maxCalls=1, timeWindowSeconds=7200, callIntervalSeconds=0}, productLimits={56589=RateLimitConfig{maxCalls=1, timeWindowSeconds=7200, callIntervalSeconds=0}, 50351=RateLimitConfig{maxCalls=1, timeWindowSeconds=7200, callIntervalSeconds=0}, safe-jsApi_2003=RateLimitConfig{maxCalls=1, timeWindowSeconds=7200, callIntervalSeconds=0}, compass_20214=RateLimitConfig{maxCalls=1, timeWindowSeconds=7200, callIntervalSeconds=0}, compass_20100=RateLimitConfig{maxCalls=1, timeWindowSeconds=7200, callIntervalSeconds=0}, 54883=RateLimitConfig{maxCalls=1, timeWindowSeconds=7200, callIntervalSeconds=0}, global-domain_1281=RateLimitConfig{maxCalls=1, timeWindowSeconds=7200, callIntervalSeconds=0}, compass_131500=RateLimitConfig{maxCalls=1, timeWindowSeconds=7200, callIntervalSeconds=0}, compass_134200=RateLimitConfig{maxCalls=1, timeWindowSeconds=7200, callIntervalSeconds=0}})
06-11 10:34:27.223  9703 11370 D CloudConfig_stgyHelper: getSupportKitMode localSdkVersion : 1224
06-11 10:34:27.224  4329  4329 D ActivityThread: Package [com.earthengine.minimalglobe] reported as REPLACED, but missing application info. Assuming REMOVED.
06-11 10:34:27.224 17527 17527 D ActivityThread: Package [com.earthengine.minimalglobe] reported as REPLACED, but missing application info. Assuming REMOVED.
06-11 10:34:27.224 18957 18957 D ClockTag_AlarmClockApplication: onTrimMemory: 40
06-11 10:34:27.224 18957 18957 D ClockTag_ClockWidget.WidgetLauncherStateReceiver: onReceive action=com.android.launcher.action.LAUNCHER_VISIBLE
06-11 10:34:27.225   534   534 D ActivityThread: Package [com.earthengine.minimalglobe] reported as REPLACED, but missing application info. Assuming REMOVED.
06-11 10:34:27.225 11083 11083 D ActivityThread: Package [com.earthengine.minimalglobe] reported as REPLACED, but missing application info. Assuming REMOVED.
06-11 10:34:27.227  4650  4650 D ActivityThread: Package [com.earthengine.minimalglobe] reported as REPLACED, but missing application info. Assuming REMOVED.
06-11 10:34:27.227  9703 27360 I MSP-LOG-SDK-MspSdk: Sdk has initialized! version:2.0.1.14
06-11 10:34:27.228 18957 14864 D ClockTag_ClockWidget.ClockWidgetManager: queryLauncherVisibleWidgetState: total=3ms digitalBinder=3ms weatherWidgetScan=0ms hasWorldClockWidget=false vacantWeatherWidgetsOnLauncher=false
06-11 10:34:27.228 18957 14864 D ClockTag_WidgetStartUtils: handleLauncherVisibleActions: widgetState snapshot cost=3ms hasWorldClock=false vacantWeatherWidgets=false
06-11 10:34:27.228  7595  7595 D ActivityThread: Package [com.earthengine.minimalglobe] reported as REPLACED, but missing application info. Assuming REMOVED.
06-11 10:34:27.229 30585 30585 D ActivityThread: Package [com.earthengine.minimalglobe] reported as REPLACED, but missing application info. Assuming REMOVED.
06-11 10:34:27.230 14622 14622 D ActivityThread: Package [com.earthengine.minimalglobe] reported as REPLACED, but missing application info. Assuming REMOVED.
06-11 10:34:27.230 11594 11594 D ActivityThread: Package [com.earthengine.minimalglobe] reported as REPLACED, but missing application info. Assuming REMOVED.
06-11 10:34:27.230  5227  5227 D ActivityThread: Package [com.earthengine.minimalglobe] reported as REPLACED, but missing application info. Assuming REMOVED.
06-11 10:34:27.230 21660 21933 D NotificationBackend: processBroadcast: action end:android.intent.action.PACKAGE_REMOVED
06-11 10:34:27.230 27342 27342 D ActivityThread: Package [com.earthengine.minimalglobe] reported as REPLACED, but missing application info. Assuming REMOVED.
06-11 10:34:27.231 27947 27947 I GameSpaceUI.GameSpaceApplication: onTrimMemory level:40
06-11 10:34:27.231 11267 11267 W GameSpaceConnectManager: onEventRecieved, aEventId:203, data:com.earthengine.minimalglobe
06-11 10:34:27.231 11267 11267 D ActivityThread: Package [com.earthengine.minimalglobe] reported as REPLACED, but missing application info. Assuming REMOVED.
06-11 10:34:27.231 27947 27947 D ActivityThread: Package [com.earthengine.minimalglobe] reported as REPLACED, but missing application info. Assuming REMOVED.
06-11 10:34:27.231 21660  6174 D NotificationCenter: NotificationBackend-->pkg:com.earthengine.minimalglobe,uid:10602,areNotificationsEnabledForPackage:false
06-11 10:34:27.231 21660  6174 D NotificationContentProvider: queryBadge:querySignal:pkg=com.earthengine.minimalglobe&uid=10602,cost 1,use:selection ,type:0
06-11 10:34:27.232  9703 27343 I MSP-LOG-SDK-MspSdk: Sdk has initialized! version:2.0.1.14
06-11 10:34:27.234 18957 14864 D ClockTag_Utils: isKeyguardLock: false
06-11 10:34:27.234 18957 14864 D ClockTag_WidgetStartUtils: Starting handleAlarmFix
06-11 10:34:27.234  4380  5369 V ImsResolver: searchForImsServices: package=com.earthengine.minimalglobe, users=[UserHandle{0}]
06-11 10:34:27.234  6716  6716 D ActivityThread: Package [com.earthengine.minimalglobe] reported as REPLACED, but missing application info. Assuming REMOVED.
06-11 10:34:27.234 21660 21933 D NotificationBackend: getClosedSuperFirewallByBinder: closedSuperFirewall=false,isCalledByBinder=true
06-11 10:34:27.234 21660 21933 D NotificationBackend: processPackageBroadcast: action start:android.intent.action.PACKAGE_ADDED
06-11 10:34:27.234 10084 10084 D ActivityThread: Package [com.earthengine.minimalglobe] reported as REPLACED, but missing application info. Assuming REMOVED.
06-11 10:34:27.234 15336 15336 D ActivityThread: Package [com.earthengine.minimalglobe] reported as REPLACED, but missing application info. Assuming REMOVED.
06-11 10:34:27.234 26764 26764 D ActivityThread: Package [com.earthengine.minimalglobe] reported as REPLACED, but missing application info. Assuming REMOVED.
06-11 10:34:27.235  9703 27360 E MSP-LOG-SDK-RateLimitManager: not_allow_invoke because of time_window_not_allow queue = [1781143250911], config = RateLimitConfig{maxCalls=1, timeWindowSeconds=7200, callIntervalSeconds=0}, ipcInvokeTimeQueueMapKey = com.heytap.nearx.tangramconfig.kit.client.ICloudCtrlServiceModule?@?56589?@?2?@?com.heytap.quicksearchbox, has already call 1 times in 7200 seconds before
06-11 10:34:27.235  9703 27360 E MSP-LOG-SDK-: MspSdkException{code=3014,message=com.heytap.mspsdk.ratelimit.MspRateLimitExceededException: ipc rate limit exceeded in time window}
06-11 10:34:27.235  9703 27360 E MSP-LOG-SDK-: 	at com.heytap.mspsdk.ratelimit.b.a(RateLimitInterceptor.java:54)
06-11 10:34:27.235  9703 27360 E MSP-LOG-SDK-: 	at com.heytap.mspsdk.interceptor.b.b(StandardListChain.java:32)
06-11 10:34:27.235  9703 27360 E MSP-LOG-SDK-: 	at com.heytap.mspsdk.proxy.b.a(CompatCheckInterceptor.java:182)
06-11 10:34:27.235  9703 27360 E MSP-LOG-SDK-: 	at com.heytap.mspsdk.interceptor.b.b(StandardListChain.java:32)
06-11 10:34:27.235  9703 27360 E MSP-LOG-SDK-: 	at com.heytap.mspsdk.proxy.e.invoke(InnerInvocationHandler.java:261)
06-11 10:34:27.235  9703 27360 E MSP-LOG-SDK-: 	at java.lang.reflect.Proxy.invoke(Proxy.java:1006)
06-11 10:34:27.235  9703 27360 E MSP-LOG-SDK-: 	at $Proxy31.getConfigData(Unknown Source)
06-11 10:34:27.235  9703 27360 E MSP-LOG-SDK-: 	at com.heytap.nearx.tangramconfig.kit.client.KitProxy.getConfigData$lambda$1(KitProxy.kt:29)
06-11 10:34:27.235  9703 27360 E MSP-LOG-SDK-: 	at com.heytap.nearx.tangramconfig.kit.client.KitProxy.c(KitProxy.kt:1)
06-11 10:34:27.235  9703 27360 E MSP-LOG-SDK-: 	at com.heytap.nearx.tangramconfig.kit.client.c.run(R8$$SyntheticClass:42)
06-11 10:34:27.235  9703 27360 E MSP-LOG-SDK-: 	at java.util.concurrent.ThreadPoolExecutor.runWorker(ThreadPoolExecutor.java:1156)
06-11 10:34:27.235  9703 27360 E MSP-LOG-SDK-: 	at java.util.concurrent.ThreadPoolExecutor$Worker.run(ThreadPoolExecutor.java:651)
06-11 10:34:27.235  9703 27360 E MSP-LOG-SDK-: 	at java.lang.Thread.run(Thread.java:1119)
06-11 10:34:27.236  9703 27353 I MSP-LOG-SDK-MspSdk: Sdk has initialized! version:2.0.1.14
06-11 10:34:27.237  9703 27343 E MSP-LOG-SDK-RateLimitManager: not_allow_invoke because of time_window_not_allow queue = [1781143250916], config = RateLimitConfig{maxCalls=1, timeWindowSeconds=21600, callIntervalSeconds=0}, ipcInvokeTimeQueueMapKey = com.heytap.nearx.tangramconfig.kit.client.ICloudCtrlServiceModule?@?56589?@?1?@?com.heytap.quicksearchbox, has already call 1 times in 21600 seconds before
06-11 10:34:27.237  9703 27343 E MSP-LOG-SDK-: MspSdkException{code=3014,message=com.heytap.mspsdk.ratelimit.MspRateLimitExceededException: ipc rate limit exceeded in time window}
06-11 10:34:27.237  9703 27343 E MSP-LOG-SDK-: 	at com.heytap.mspsdk.ratelimit.b.a(RateLimitInterceptor.java:54)
06-11 10:34:27.237  9703 27343 E MSP-LOG-SDK-: 	at com.heytap.mspsdk.interceptor.b.b(StandardListChain.java:32)
06-11 10:34:27.237  9703 27343 E MSP-LOG-SDK-: 	at com.heytap.mspsdk.proxy.b.a(CompatCheckInterceptor.java:182)
06-11 10:34:27.237  9703 27343 E MSP-LOG-SDK-: 	at com.heytap.mspsdk.interceptor.b.b(StandardListChain.java:32)
06-11 10:34:27.237  9703 27343 E MSP-LOG-SDK-: 	at com.heytap.mspsdk.proxy.e.invoke(InnerInvocationHandler.java:261)
06-11 10:34:27.237  9703 27343 E MSP-LOG-SDK-: 	at java.lang.reflect.Proxy.invoke(Proxy.java:1006)
06-11 10:34:27.237  9703 27343 E MSP-LOG-SDK-: 	at $Proxy31.getDynamicCondition(Unknown Source)
06-11 10:34:27.237  9703 27343 E MSP-LOG-SDK-: 	at com.heytap.nearx.tangramconfig.kit.client.KitProxy.getDynamicCondition$lambda$0(KitProxy.kt:25)
06-11 10:34:27.237  9703 27343 E MSP-LOG-SDK-: 	at com.heytap.nearx.tangramconfig.kit.client.KitProxy.b(KitProxy.kt:1)
06-11 10:34:27.237  9703 27343 E MSP-LOG-SDK-: 	at com.heytap.nearx.tangramconfig.kit.client.b.run(R8$$SyntheticClass:28)
06-11 10:34:27.237  9703 27343 E MSP-LOG-SDK-: 	at java.util.concurrent.ThreadPoolExecutor.runWorker(ThreadPoolExecutor.java:1156)
06-11 10:34:27.237  9703 27343 E MSP-LOG-SDK-: 	at java.util.concurrent.ThreadPoolExecutor$Worker.run(ThreadPoolExecutor.java:651)
06-11 10:34:27.237  9703 27343 E MSP-LOG-SDK-: 	at java.lang.Thread.run(Thread.java:1119)
06-11 10:34:27.238 18957 14864 D ClockTag_ActivityNativeUtils: getCurrentUser currentUserID: 0
06-11 10:34:27.238  9703  9703 I Qsb-PackageChangeReceiver: action:android.intent.action.PACKAGE_ADDED packageName:com.earthengine.minimalglobe isFromHide:false
06-11 10:34:27.238  9703 11042 I Qsb-PackageChangeReceiver: return by repeat:com.earthengine.minimalglobe
06-11 10:34:27.240  9703 27353 E MSP-LOG-SDK-RateLimitManager: not_allow_invoke because of time_window_not_allow queue = [1781143250917], config = RateLimitConfig{maxCalls=1, timeWindowSeconds=7200, callIntervalSeconds=0}, ipcInvokeTimeQueueMapKey = com.heytap.nearx.tangramconfig.kit.client.ICloudCtrlServiceModule?@?56589?@?4?@?com.heytap.quicksearchbox, has already call 1 times in 7200 seconds before
06-11 10:34:27.241  9703 27357 I MSP-LOG-SDK-MspSdk: Sdk has initialized! version:2.0.1.14
06-11 10:34:27.241 21660 21933 W ContextImpl: Calling a method in the system process without a qualified user: android.app.ContextImpl.sendBroadcast:1296 com.oplus.notificationmanager.AppModificationReceiver.notifyAppModified:4 com.oplus.notificationmanager.NotificationBackend.processPackageBroadcast:119 com.oplus.notificationmanager.NotificationBackend.lambda$onReceivedBroadcast$5:11 com.oplus.notificationmanager.NotificationBackend.f:0 
06-11 10:34:27.241 25296 25296 D ActivityThread: Package [com.earthengine.minimalglobe] reported as REPLACED, but missing application info. Assuming REMOVED.
06-11 10:34:27.242  9703 27357 E MSP-LOG-SDK-RateLimitManager: not_allow_invoke because of time_window_not_allow queue = [1781143250916], config = RateLimitConfig{maxCalls=1, timeWindowSeconds=21600, callIntervalSeconds=0}, ipcInvokeTimeQueueMapKey = com.heytap.nearx.tangramconfig.kit.client.ICloudCtrlServiceModule?@?56589?@?1?@?com.heytap.quicksearchbox, has already call 1 times in 21600 seconds before
06-11 10:34:27.242  9372  9372 D ActivityThread: Package [com.earthengine.minimalglobe] reported as REPLACED, but missing application info. Assuming REMOVED.
06-11 10:34:27.242  9703  9703 I Qsb-PackageChangeReceiver: action:android.intent.action.PACKAGE_REPLACED packageName:com.earthengine.minimalglobe isFromHide:false
06-11 10:34:27.242  9703 27357 E MSP-LOG-SDK-: MspSdkException{code=3014,message=com.heytap.mspsdk.ratelimit.MspRateLimitExceededException: ipc rate limit exceeded in time window}
06-11 10:34:27.242  9703 27357 E MSP-LOG-SDK-: 	at com.heytap.mspsdk.ratelimit.b.a(RateLimitInterceptor.java:54)
06-11 10:34:27.242  9703 27357 E MSP-LOG-SDK-: 	at com.heytap.mspsdk.interceptor.b.b(StandardListChain.java:32)
06-11 10:34:27.242  9703 27357 E MSP-LOG-SDK-: 	at com.heytap.mspsdk.proxy.b.a(CompatCheckInterceptor.java:182)
06-11 10:34:27.242  9703 27357 E MSP-LOG-SDK-: 	at com.heytap.mspsdk.interceptor.b.b(StandardListChain.java:32)
06-11 10:34:27.242  9703 27357 E MSP-LOG-SDK-: 	at com.heytap.mspsdk.proxy.e.invoke(InnerInvocationHandler.java:261)
06-11 10:34:27.242  9703 27357 E MSP-LOG-SDK-: 	at java.lang.reflect.Proxy.invoke(Proxy.java:1006)
06-11 10:34:27.242  9703 27357 E MSP-LOG-SDK-: 	at $Proxy31.getDynamicCondition(Unknown Source)
06-11 10:34:27.242  9703 27357 E MSP-LOG-SDK-: 	at com.heytap.nearx.tangramconfig.kit.client.KitProxy.getDynamicCondition$lambda$0(KitProxy.kt:25)
06-11 10:34:27.242  9703 27357 E MSP-LOG-SDK-: 	at com.heytap.nearx.tangramconfig.kit.client.KitProxy.b(KitProxy.kt:1)
06-11 10:34:27.242  9703 27357 E MSP-LOG-SDK-: 	at com.heytap.nearx.tangramconfig.kit.client.b.run(R8$$SyntheticClass:28)
06-11 10:34:27.242  9703 27357 E MSP-LOG-SDK-: 	at java.util.concurrent.ThreadPoolExecutor.runWorker(ThreadPoolExecutor.java:1156)
06-11 10:34:27.242  9703 27357 E MSP-LOG-SDK-: 	at java.util.concurrent.ThreadPoolExecutor$Worker.run(ThreadPoolExecutor.java:651)
06-11 10:34:27.242  9703 27357 E MSP-LOG-SDK-: 	at java.lang.Thread.run(Thread.java:1119)
06-11 10:34:27.242  8454 28998 D SceneSDK.1.0.4-SNAPSHOT.8454.DeepThinkerAppSwitchAbility: onAppSwitchEvent: AppSwitchEvent(timeStamp=1781145267095, eventType=1, targetName=com.android.launcher, firstStart=false, multiApp=false, windowMode=1, resumingPackageName=, resumingActivityName=, isResumingMultiApp=false, isResumingFirstStart=false)
06-11 10:34:27.242  8454 28998 I metis_v2_AppSwitchDataCollector: AppEnterEvent =  com.android.launcher, windowMode = 1,firstStart = false
06-11 10:34:27.242  8454 28998 W metis_v2_AppSwitchDataCollector: fenceKey = com.oplus.metis:TOP_APPLICATION, getExits = [], getEnters = [] packageName = com.android.launcher
06-11 10:34:27.242  9703 27353 E MSP-LOG-SDK-: MspSdkException{code=3014,message=com.heytap.mspsdk.ratelimit.MspRateLimitExceededException: ipc rate limit exceeded in time window}
06-11 10:34:27.242  9703 27353 E MSP-LOG-SDK-: 	at com.heytap.mspsdk.ratelimit.b.a(RateLimitInterceptor.java:54)
06-11 10:34:27.242  9703 27353 E MSP-LOG-SDK-: 	at com.heytap.mspsdk.interceptor.b.b(StandardListChain.java:32)
06-11 10:34:27.242  9703 27353 E MSP-LOG-SDK-: 	at com.heytap.mspsdk.proxy.b.a(CompatCheckInterceptor.java:182)
06-11 10:34:27.242  9703 27353 E MSP-LOG-SDK-: 	at com.heytap.mspsdk.interceptor.b.b(StandardListChain.java:32)
06-11 10:34:27.242  9703 27353 E MSP-LOG-SDK-: 	at com.heytap.mspsdk.proxy.e.invoke(InnerInvocationHandler.java:261)
06-11 10:34:27.242  9703 27353 E MSP-LOG-SDK-: 	at java.lang.reflect.Proxy.invoke(Proxy.java:1006)
06-11 10:34:27.242  9703 27353 E MSP-LOG-SDK-: 	at $Proxy31.checkUpdateConfig(Unknown Source)
06-11 10:34:27.242  9703 27353 E MSP-LOG-SDK-: 	at com.heytap.nearx.tangramconfig.kit.client.KitProxy.checkUpdateConfig$lambda$3(KitProxy.kt:20)
06-11 10:34:27.242  9703 27353 E MSP-LOG-SDK-: 	at com.heytap.nearx.tangramconfig.kit.client.KitProxy.d(KitProxy.kt:1)
06-11 10:34:27.242  9703 27353 E MSP-LOG-SDK-: 	at com.heytap.nearx.tangramconfig.kit.client.e.run(R8$$SyntheticClass:30)
06-11 10:34:27.242  9703 27353 E MSP-LOG-SDK-: 	at java.util.concurrent.ThreadPoolExecutor.runWorker(ThreadPoolExecutor.java:1156)
06-11 10:34:27.242  9703 27353 E MSP-LOG-SDK-: 	at java.util.concurrent.ThreadPoolExecutor$Worker.run(ThreadPoolExecutor.java:651)
06-11 10:34:27.242  9703 27353 E MSP-LOG-SDK-: 	at java.lang.Thread.run(Thread.java:1119)
06-11 10:34:27.243 13041 13041 D ActivityThread: Package [com.earthengine.minimalglobe] reported as REPLACED, but missing application info. Assuming REMOVED.
06-11 10:34:27.243 24318 24318 D ActivityThread: Package [com.earthengine.minimalglobe] reported as REPLACED, but missing application info. Assuming REMOVED.
06-11 10:34:27.244  9703  9703 D ActivityThread: Package [com.earthengine.minimalglobe] reported as REPLACED, but missing application info. Assuming REMOVED.
06-11 10:34:27.244 16935 16935 D ActivityThread: Package [com.earthengine.minimalglobe] reported as REPLACED, but missing application info. Assuming REMOVED.
06-11 10:34:27.244  9206  9206 D ActivityThread: Package [com.earthengine.minimalglobe] reported as REPLACED, but missing application info. Assuming REMOVED.
06-11 10:34:27.245 24988 24988 D ActivityThread: Package [com.earthengine.minimalglobe] reported as REPLACED, but missing application info. Assuming REMOVED.
06-11 10:34:27.245 18957 18957 D ActivityThread: Package [com.earthengine.minimalglobe] reported as REPLACED, but missing application info. Assuming REMOVED.
06-11 10:34:27.245  4756  4756 D ActivityThread: Package [com.earthengine.minimalglobe] reported as REPLACED, but missing application info. Assuming REMOVED.
06-11 10:34:27.245  4380  4380 D OplusAppUtils: hasMetaData, hasMeta = true, metaDataName = unlock_telecom_interface_enable, packageName = com.android.server.telecom
06-11 10:34:27.245 20522 20522 D ActivityThread: Package [com.earthengine.minimalglobe] reported as REPLACED, but missing application info. Assuming REMOVED.
06-11 10:34:27.246 12732 12732 D ActivityThread: Package [com.earthengine.minimalglobe] reported as REPLACED, but missing application info. Assuming REMOVED.
06-11 10:34:27.246  6967  6967 D ActivityThread: Package [com.earthengine.minimalglobe] reported as REPLACED, but missing application info. Assuming REMOVED.
06-11 10:34:27.246 25958 25958 D ActivityThread: Package [com.earthengine.minimalglobe] reported as REPLACED, but missing application info. Assuming REMOVED.
06-11 10:34:27.246  4862  4862 D ActivityThread: Package [com.earthengine.minimalglobe] reported as REPLACED, but missing application info. Assuming REMOVED.
06-11 10:34:27.246 31995 31995 D ActivityThread: Package [com.earthengine.minimalglobe] reported as REPLACED, but missing application info. Assuming REMOVED.
06-11 10:34:27.217 23031 23031 D ActivityThread: Package [com.earthengine.minimalglobe] reported as REPLACED, but missing application info. Assuming REMOVED.
06-11 10:34:27.246 27383 27383 D ActivityThread: Package [com.earthengine.minimalglobe] reported as REPLACED, but missing application info. Assuming REMOVED.
06-11 10:34:27.246  8454  8454 D ActivityThread: Package [com.earthengine.minimalglobe] reported as REPLACED, but missing application info. Assuming REMOVED.
06-11 10:34:27.246  5844  5844 D ActivityThread: Package [com.earthengine.minimalglobe] reported as REPLACED, but missing application info. Assuming REMOVED.
06-11 10:34:27.246 28382 28382 D ActivityThread: Package [com.earthengine.minimalglobe] reported as REPLACED, but missing application info. Assuming REMOVED.
06-11 10:34:27.246  6379  6379 D ActivityThread: Package [com.earthengine.minimalglobe] reported as REPLACED, but missing application info. Assuming REMOVED.
06-11 10:34:27.247 11158 11158 D ActivityThread: Package [com.earthengine.minimalglobe] reported as REPLACED, but missing application info. Assuming REMOVED.
06-11 10:34:27.247 10349 10349 D ActivityThread: Package [com.earthengine.minimalglobe] reported as REPLACED, but missing application info. Assuming REMOVED.
06-11 10:34:27.247 19629 19629 D ActivityThread: Package [com.earthengine.minimalglobe] reported as REPLACED, but missing application info. Assuming REMOVED.
06-11 10:34:27.247 30381 30381 D ActivityThread: Package [com.earthengine.minimalglobe] reported as REPLACED, but missing application info. Assuming REMOVED.
06-11 10:34:27.248 18957 14864 D ClockTag_Utils: isMainProcessRunning:com.coloros.alarmclock;400
06-11 10:34:27.248 18957 14864 D ClockTag_WidgetStartUtils: Finished handleAlarmFix
06-11 10:34:27.248 18957 14864 D ClockTag_WidgetStartUtils: Starting handleClockWidgetUpdate
06-11 10:34:27.249 27945 27945 D ActivityThread: Package [com.earthengine.minimalglobe] reported as REPLACED, but missing application info. Assuming REMOVED.
06-11 10:34:27.249  9715  9715 D ActivityThread: Package [com.earthengine.minimalglobe] reported as REPLACED, but missing application info. Assuming REMOVED.
06-11 10:34:27.249  6732  6732 D ActivityThread: Package [com.earthengine.minimalglobe] reported as REPLACED, but missing application info. Assuming REMOVED.
06-11 10:34:27.249  5844  5844 D ActivityThread: Package [com.earthengine.minimalglobe] reported as REPLACED, but missing application info. Assuming REMOVED.
06-11 10:34:27.249 10084 10084 D ActivityThread: Package [com.earthengine.minimalglobe] reported as REPLACED, but missing application info. Assuming REMOVED.
06-11 10:34:27.250 24785 24785 D ActivityThread: Package [com.earthengine.minimalglobe] reported as REPLACED, but missing application info. Assuming REMOVED.
06-11 10:34:27.250 16913 16913 D ActivityThread: Package [com.earthengine.minimalglobe] reported as REPLACED, but missing application info. Assuming REMOVED.
06-11 10:34:27.250 19202 19202 D ActivityThread: Package [com.earthengine.minimalglobe] reported as REPLACED, but missing application info. Assuming REMOVED.
06-11 10:34:27.250 10964 10964 D ActivityThread: Package [com.earthengine.minimalglobe] reported as REPLACED, but missing application info. Assuming REMOVED.
06-11 10:34:27.250  4924  4924 D ActivityThread: Package [com.earthengine.minimalglobe] reported as REPLACED, but missing application info. Assuming REMOVED.
06-11 10:34:27.250  6500  6500 D ActivityThread: Package [com.earthengine.minimalglobe] reported as REPLACED, but missing application info. Assuming REMOVED.
06-11 10:34:27.250 12537 12537 D ActivityThread: Package [com.earthengine.minimalglobe] reported as REPLACED, but missing application info. Assuming REMOVED.
06-11 10:34:27.250 14205 14205 D ActivityThread: Package [com.earthengine.minimalglobe] reported as REPLACED, but missing application info. Assuming REMOVED.
06-11 10:34:27.250 11473 11473 D ActivityThread: Package [com.earthengine.minimalglobe] reported as REPLACED, but missing application info. Assuming REMOVED.
06-11 10:34:27.250 12887 12887 D ActivityThread: Package [com.earthengine.minimalglobe] reported as REPLACED, but missing application info. Assuming REMOVED.
06-11 10:34:27.250 17527 17527 D ActivityThread: Package [com.earthengine.minimalglobe] reported as REPLACED, but missing application info. Assuming REMOVED.
06-11 10:34:27.250 23411 23411 D ActivityThread: Package [com.earthengine.minimalglobe] reported as REPLACED, but missing application info. Assuming REMOVED.
06-11 10:34:27.251 13387 13387 D ActivityThread: Package [com.earthengine.minimalglobe] reported as REPLACED, but missing application info. Assuming REMOVED.
06-11 10:34:27.248  4157  4157 D ActivityThread: Package [com.earthengine.minimalglobe] reported as REPLACED, but missing application info. Assuming REMOVED.
06-11 10:34:27.251 21660 21660 D ActivityThread: Package [com.earthengine.minimalglobe] reported as REPLACED, but missing application info. Assuming REMOVED.
06-11 10:34:27.251  4924  4924 D ActivityThread: Package [com.earthengine.minimalglobe] reported as REPLACED, but missing application info. Assuming REMOVED.
06-11 10:34:27.251 16353 16353 D ActivityThread: Package [com.earthengine.minimalglobe] reported as REPLACED, but missing application info. Assuming REMOVED.
06-11 10:34:27.251  8852  8852 D ActivityThread: Package [com.earthengine.minimalglobe] reported as REPLACED, but missing application info. Assuming REMOVED.
06-11 10:34:27.251  9418  9418 D ActivityThread: Package [com.earthengine.minimalglobe] reported as REPLACED, but missing application info. Assuming REMOVED.
06-11 10:34:27.251 11594 11594 D ActivityThread: Package [com.earthengine.minimalglobe] reported as REPLACED, but missing application info. Assuming REMOVED.
06-11 10:34:27.251   805   805 D ActivityThread: Package [com.earthengine.minimalglobe] reported as REPLACED, but missing application info. Assuming REMOVED.
06-11 10:34:27.251 27612 27612 D ActivityThread: Package [com.earthengine.minimalglobe] reported as REPLACED, but missing application info. Assuming REMOVED.
06-11 10:34:27.252  4521  4521 D ActivityThread: Package [com.earthengine.minimalglobe] reported as REPLACED, but missing application info. Assuming REMOVED.
06-11 10:34:27.252  4454  4454 D ActivityThread: Package [com.earthengine.minimalglobe] reported as REPLACED, but missing application info. Assuming REMOVED.
06-11 10:34:27.252  4548  4548 D ActivityThread: Package [com.earthengine.minimalglobe] reported as REPLACED, but missing application info. Assuming REMOVED.
06-11 10:34:27.252 24571 24571 D ActivityThread: Package [com.earthengine.minimalglobe] reported as REPLACED, but missing application info. Assuming REMOVED.
06-11 10:34:27.252  4432  4432 D ActivityThread: Package [com.earthengine.minimalglobe] reported as REPLACED, but missing application info. Assuming REMOVED.
06-11 10:34:27.252  4504  4504 D ActivityThread: Package [com.earthengine.minimalglobe] reported as REPLACED, but missing application info. Assuming REMOVED.
06-11 10:34:27.252  6963  6963 D ActivityThread: Package [com.earthengine.minimalglobe] reported as REPLACED, but missing application info. Assuming REMOVED.
06-11 10:34:27.252  4358  4358 D ActivityThread: Package [com.earthengine.minimalglobe] reported as REPLACED, but missing application info. Assuming REMOVED.
06-11 10:34:27.252  6858  6858 D ActivityThread: Package [com.earthengine.minimalglobe] reported as REPLACED, but missing application info. Assuming REMOVED.
06-11 10:34:27.252  4472  4472 D ActivityThread: Package [com.earthengine.minimalglobe] reported as REPLACED, but missing application info. Assuming REMOVED.
06-11 10:34:27.253  4639  4639 D ActivityThread: Package [com.earthengine.minimalglobe] reported as REPLACED, but missing application info. Assuming REMOVED.
06-11 10:34:27.253  6934  6934 D ActivityThread: Package [com.earthengine.minimalglobe] reported as REPLACED, but missing application info. Assuming REMOVED.
06-11 10:34:27.253  4323  4323 D ActivityThread: Package [com.earthengine.minimalglobe] reported as REPLACED, but missing application info. Assuming REMOVED.
06-11 10:34:27.253 17881 17881 D ActivityThread: Package [com.earthengine.minimalglobe] reported as REPLACED, but missing application info. Assuming REMOVED.
06-11 10:34:27.253  5589  5589 D ActivityThread: Package [com.earthengine.minimalglobe] reported as REPLACED, but missing application info. Assuming REMOVED.
06-11 10:34:27.253 25296 25296 D ActivityThread: Package [com.earthengine.minimalglobe] reported as REPLACED, but missing application info. Assuming REMOVED.
06-11 10:34:27.254 30408 30408 D ActivityThread: Package [com.earthengine.minimalglobe] reported as REPLACED, but missing application info. Assuming REMOVED.
06-11 10:34:27.254  4177  4177 D ActivityThread: Package [com.earthengine.minimalglobe] reported as REPLACED, but missing application info. Assuming REMOVED.
06-11 10:34:27.254  5081  5081 D ActivityThread: Package [com.earthengine.minimalglobe] reported as REPLACED, but missing application info. Assuming REMOVED.
06-11 10:34:27.254 24749 24749 D ActivityThread: Package [com.earthengine.minimalglobe] reported as REPLACED, but missing application info. Assuming REMOVED.
06-11 10:34:27.254 17251 17251 D ActivityThread: Package [com.earthengine.minimalglobe] reported as REPLACED, but missing application info. Assuming REMOVED.
06-11 10:34:27.254 24442 24442 D ActivityThread: Package [com.earthengine.minimalglobe] reported as REPLACED, but missing application info. Assuming REMOVED.
06-11 10:34:27.254 21660 21933 D NotificationBackend: processBroadcast: action end:android.intent.action.PACKAGE_ADDED
06-11 10:34:27.253 15615 15615 D ActivityThread: Package [com.earthengine.minimalglobe] reported as REPLACED, but missing application info. Assuming REMOVED.
06-11 10:34:27.254  6942  6942 D ActivityThread: Package [com.earthengine.minimalglobe] reported as REPLACED, but missing application info. Assuming REMOVED.
06-11 10:34:27.255  9018  9018 D ActivityThread: Package [com.earthengine.minimalglobe] reported as REPLACED, but missing application info. Assuming REMOVED.
06-11 10:34:27.254 14622 14622 D ActivityThread: Package [com.earthengine.minimalglobe] reported as REPLACED, but missing application info. Assuming REMOVED.
06-11 10:34:27.255 10577 10577 D ActivityThread: Package [com.earthengine.minimalglobe] reported as REPLACED, but missing application info. Assuming REMOVED.
06-11 10:34:27.255 17687 17687 D ActivityThread: Package [com.earthengine.minimalglobe] reported as REPLACED, but missing application info. Assuming REMOVED.
06-11 10:34:27.255   534   534 D ActivityThread: Package [com.earthengine.minimalglobe] reported as REPLACED, but missing application info. Assuming REMOVED.
06-11 10:34:27.255 12306 12306 D ActivityThread: Package [com.earthengine.minimalglobe] reported as REPLACED, but missing application info. Assuming REMOVED.
06-11 10:34:27.255  7794  7794 D ActivityThread: Package [com.earthengine.minimalglobe] reported as REPLACED, but missing application info. Assuming REMOVED.
06-11 10:34:27.255 27413 27413 D ActivityThread: Package [com.earthengine.minimalglobe] reported as REPLACED, but missing application info. Assuming REMOVED.
06-11 10:34:27.255 13041 13041 D ActivityThread: Package [com.earthengine.minimalglobe] reported as REPLACED, but missing application info. Assuming REMOVED.
06-11 10:34:27.255  4033  4033 D ActivityThread: Package [com.earthengine.minimalglobe] reported as REPLACED, but missing application info. Assuming REMOVED.
06-11 10:34:27.255 13044 13044 D ActivityThread: Package [com.earthengine.minimalglobe] reported as REPLACED, but missing application info. Assuming REMOVED.
06-11 10:34:27.256  4419  4419 D ActivityThread: Package [com.earthengine.minimalglobe] reported as REPLACED, but missing application info. Assuming REMOVED.
06-11 10:34:27.256  4483  4483 D ActivityThread: Package [com.earthengine.minimalglobe] reported as REPLACED, but missing application info. Assuming REMOVED.
06-11 10:34:27.258 27342 27342 D ActivityThread: Package [com.earthengine.minimalglobe] reported as REPLACED, but missing application info. Assuming REMOVED.
06-11 10:34:27.258  4589  4589 D ActivityThread: Package [com.earthengine.minimalglobe] reported as REPLACED, but missing application info. Assuming REMOVED.
06-11 10:34:27.254 28445 28445 D ActivityThread: Package [com.earthengine.minimalglobe] reported as REPLACED, but missing application info. Assuming REMOVED.
06-11 10:34:27.259  4033  4033 D ExAppRunningManager: ApkUpdateReceive onReceive:
06-11 10:34:27.259  9372  9372 D ActivityThread: Package [com.earthengine.minimalglobe] reported as REPLACED, but missing application info. Assuming REMOVED.
06-11 10:34:27.260 24988 24988 D ActivityThread: Package [com.earthengine.minimalglobe] reported as REPLACED, but missing application info. Assuming REMOVED.
06-11 10:34:27.260 11631 11631 D ActivityThread: Package [com.earthengine.minimalglobe] reported as REPLACED, but missing application info. Assuming REMOVED.
06-11 10:34:27.260 21810 21810 D ActivityThread: Package [com.earthengine.minimalglobe] reported as REPLACED, but missing application info. Assuming REMOVED.
06-11 10:34:27.261  4533 21771 I iopgp   : PreloadService: TRANSACTION_IOPGP_ON_PACKAGES_CHANGED
06-11 10:34:27.261  4533 21771 I iopgp   : Iopgp: TRANSACTION_IOPGP_ON_PACKAGES_CHANGED  pkg_name = com.earthengine.minimalglobe pkg_version = 1 isDeleted = 0
06-11 10:34:27.261 18957 14864 I WeatherS_WeatherServiceVersionUtils: serviceVersionCode16022000
06-11 10:34:27.261 18957 14864 D ClockTag_ClockWidget.ClockWidgetManager: updateWeatherInterval:180000
06-11 10:34:27.261 18957 14864 D ClockTag_WidgetStartUtils: visible no need update weather
06-11 10:34:27.261 25046 25046 D ActivityThread: Package [com.earthengine.minimalglobe] reported as REPLACED, but missing application info. Assuming REMOVED.
06-11 10:34:27.262 26764 26764 D ActivityThread: Package [com.earthengine.minimalglobe] reported as REPLACED, but missing application info. Assuming REMOVED.
06-11 10:34:27.262  4533  4533 D iopgp   : Same version package com.earthengine.minimalglobe with version 1
06-11 10:34:27.262  4533  4533 D iopgp   : OnPackageChangeEvent:old package version is 1
06-11 10:34:27.262  4380  4380 D OplusTelephonyProxy: getCallCapablePhoneAccounts phoneAccountHandles = [ComponentInfo{com.android.phone/com.android.services.telephony.TelephonyConnectionService}, 2, UserHandle{0}]
06-11 10:34:27.262  4380  4380 W VvmPkgInstalledRcvr: carrierVvmPkgAdded: carrier vvm packages doesn't contain com.earthengine.minimalglobe
06-11 10:34:27.263  4380  4380 D ActivityThread: Package [com.earthengine.minimalglobe] reported as REPLACED, but missing application info. Assuming REMOVED.
06-11 10:34:27.264 16228 16228 D ActivityThread: Package [com.earthengine.minimalglobe] reported as REPLACED, but missing application info. Assuming REMOVED.
06-11 10:34:27.264  4380  4380 D ActivityThread: Package [com.earthengine.minimalglobe] reported as REPLACED, but missing application info. Assuming REMOVED.
06-11 10:34:27.264  1460  1460 D ActivityThread: Package [com.earthengine.minimalglobe] reported as REPLACED, but missing application info. Assuming REMOVED.
06-11 10:34:27.265  6716  8815 I SG::ExternalProvider: call method scanSingle, arg package:com.earthengine.minimalglobe [base|com.oplus.pantanal.ums|2.0.44-25e9612]
06-11 10:34:27.265  6716  8815 I SG::UmsScanner: scan pkg: com.earthengine.minimalglobe start...
06-11 10:34:27.266 15336 15336 D ActivityThread: Package [com.earthengine.minimalglobe] reported as REPLACED, but missing application info. Assuming REMOVED.
06-11 10:34:27.266  4329  4329 D ActivityThread: Package [com.earthengine.minimalglobe] reported as REPLACED, but missing application info. Assuming REMOVED.
06-11 10:34:27.267 23031 23031 D ActivityThread: Package [com.earthengine.minimalglobe] reported as REPLACED, but missing application info. Assuming REMOVED.
06-11 10:34:27.267 24318 24318 D ActivityThread: Package [com.earthengine.minimalglobe] reported as REPLACED, but missing application info. Assuming REMOVED.
06-11 10:34:27.268 18957 19141 D ClockTag_AlarmUtils: startFixAlarm nearly:1781128887381;1781145267268
06-11 10:34:27.268 18957 19141 D ClockTag_AlarmUtils: startFixAlarm return, result this period is fixed
06-11 10:34:27.268  1667 15952 I sensors-hal: handle_oplus_wise_rgb_event:230, wise_rgb:algo_type = 3
06-11 10:34:27.268 18957 14864 D ClockTag_WidgetStartUtils: Finished handleClockWidgetUpdate
06-11 10:34:27.268  1667 15952 I sensors-hal: handle_oplus_wise_rgb_event:285, wise_rgb: raw_lux 529.068970, raw_cct 6334.433594, r/g/b/c: 40934.503906/35995.246094/20093.568359/91268.132812, R/G/B: 0.000000/0.000000/0.000000, brl 1529.000000, lux: 529.068970, cct: 6334.433594, ts 242664585848749, cnt 3980
06-11 10:34:27.268 18957 14864 D ClockTag_ClockWidget.WidgetLauncherStateReceiver: launcher visible pending task exists, continue once hasNext:false
06-11 10:34:27.270  5227  5227 D ActivityThread: Package [com.earthengine.minimalglobe] reported as REPLACED, but missing application info. Assuming REMOVED.
06-11 10:34:27.270 30585 30585 D ActivityThread: Package [com.earthengine.minimalglobe] reported as REPLACED, but missing application info. Assuming REMOVED.
06-11 10:34:27.272 11822 11822 D ActivityThread: Package [com.earthengine.minimalglobe] reported as REPLACED, but missing application info. Assuming REMOVED.
06-11 10:34:27.272  4033  4033 D RusHelper: cursor is nullfalse
06-11 10:34:27.273  4033  4033 D RusHelper: From: Assets Xml parse info version: 24111201
06-11 10:34:27.273  4033  4033 D RusHelper: getAppSwitchInfos = [AppSwitchInfo{packageName='com.oplus.riderMode', callType='ContentProvider', url='content://com.oplus.riderMode.provider.ExRecommendProvider/', eventType=1, callPackages=[com.sankuai.meituan.dispatch.homebrew, com.sankuai.meituan.dispatch.crowdsource, me.ele.hbdteam, me.ele.crowdsource, com.dada.mobile.android, com.sfexpress.knight, com.ishansong, com.slkj.paotui.worker, com.sfexpress.merchant, com.dada.mobile.shop.android, com.grabtaxi.driver2, com.gojek.app, com.logistics.rider.foodpanda, com.grability.rappi, com.ubercab.eats, com.application.zomato, com.xiaojukeji.didi.global.customer, com.careem.acma, in.swiggy.android, com.grofers.customerapp, ru.foodfox.courier.debug.releaseserver, com.logistics.rider.talabat]}]
06-11 10:34:27.274  6963  6963 D OplusQConfigSetting: mQconfigWhiteList size: 18
06-11 10:34:27.274  6963  6963 E OplusQConfigSetting: not whitelist com.earthengine.minimalglobe
06-11 10:34:27.274  6963  6963 D OplusQConfigSetting: mQconfigWhiteList:com.ss.android.ugc.aweme
06-11 10:34:27.274  6963  6963 D OplusQConfigSetting: mQconfigWhiteList:air.tv.douyu.android
06-11 10:34:27.274  6963  6963 D OplusQConfigSetting: mQconfigWhiteList:tv.danmaku.bili:ijkservice
06-11 10:34:27.274  6963  6963 D OplusQConfigSetting: mQconfigWhiteList:com.tencent.weishi
06-11 10:34:27.274  6963  6963 D OplusQConfigSetting: mQconfigWhiteList:com.sina.weibo
06-11 10:34:27.274  6963  6963 D OplusQConfigSetting: mQconfigWhiteList:com.instagram.android
06-11 10:34:27.274  6963  6963 D OplusQConfigSetting: mQconfigWhiteList:com.duowan.kiwi
06-11 10:34:27.274  6963  6963 D OplusQConfigSetting: mQconfigWhiteList:tv.danmaku.bilibilihd
06-11 10:34:27.274  6963  6963 D OplusQConfigSetting: mQconfigWhiteList:com.heytap.yoli:media
06-11 10:34:27.274  6963  6963 D OplusQConfigSetting: mQconfigWhiteList:com.heytap.yoli
06-11 10:34:27.274  6963  6963 D OplusQConfigSetting: mQconfigWhiteList:com.smile.gifmaker
06-11 10:34:27.274  6963  6963 D OplusQConfigSetting: mQconfigWhiteList:tv.danmaku.bili
06-11 10:34:27.274  6963  6963 D OplusQConfigSetting: mQconfigWhiteList:com.heytap.ugcvideo.praise
06-11 10:34:27.274  6963  6963 D OplusQConfigSetting: mQconfigWhiteList:com.hunantv.imgo.activity
06-11 10:34:27.274  6963  6963 D OplusQConfigSetting: mQconfigWhiteList:com.tencent.qqlive
06-11 10:34:27.274  6963  6963 D OplusQConfigSetting: mQconfigWhiteList:com.qiyi.video
06-11 10:34:27.274  6963  6963 D OplusQConfigSetting: mQconfigWhiteList:com.google.android.youtube
06-11 10:34:27.274  6963  6963 D OplusQConfigSetting: mQconfigWhiteList:com.youku.phone
06-11 10:34:27.275  4650  4650 I PluginManagerImpl: actionManager.reloadPackage, pkg: com.earthengine.minimalglobe
06-11 10:34:27.275  4650  4650 I PluginManagerImpl: actionManager.reloadPackage, pkg: com.earthengine.minimalglobe
06-11 10:34:27.275  4650  4650 I PluginManagerImpl: actionManager.reloadPackage, pkg: com.earthengine.minimalglobe
06-11 10:34:27.275  4650  4650 I PluginManagerImpl: actionManager.reloadPackage, pkg: com.earthengine.minimalglobe
06-11 10:34:27.276  4650  4650 I SDP.Lnch.InstallMonitorManager:  Broadcast received android.intent.action.PACKAGE_REPLACED.[ssdk:v1.3.130-5a024cf,sdplugin:v16.56.0-85a272db] [SeedlingSdk|com.android.launcher|2.0.40-ebe132d]
06-11 10:34:27.276  4650  4650 I SDP.Lnch.InstallMonitorManager:  Start notify install for package:com.earthengine.minimalglobe.[ssdk:v1.3.130-5a024cf,sdplugin:v16.56.0-85a272db]
06-11 10:34:27.276  4380  4380 D SatelliteController: packageStateChanged: package:com.earthengine.minimalglobe DefaultSmsPackageName:com.android.mms
06-11 10:34:27.276  4380  4380 V SatelliteController: Neither SMS or SatelliteGateway package
06-11 10:34:27.276  4650  4650 I StaticSDK.PackageReceiver: (main) onReceive intent = Intent { act=android.intent.action.PACKAGE_REPLACED dat=package: flg=0x4000010 (has extras) },in version 1.1.46-betaa9370b2-SNAPSHOT [OplusLauncher|com.android.launcher|2.0.44-25e9612]
06-11 10:34:27.276  4650 27412 I SDP.Lnch.ContextProxy:  acquireClient with authority:com.oplus.pantanal.ums.statictis, pkgName:com.android.launcher, use normal context[ssdk:v1.3.130-5a024cf,sdplugin:v16.56.0-85a272db]
06-11 10:34:27.276  4650  4650 I GCP.PackageChangeBroadCastReceiver:  onReceive, android.intent.action.PACKAGE_REPLACED[gcSdk:v1.3.130-5a024cf,gcPlugin:v16.56.0-ff09c7f3]
06-11 10:34:27.277 18957 18957 D ClockTag_ClockWidget.ClockWidgetWeatherService: ClockWidgetWeatherService onCreate:
06-11 10:34:27.277 18957 18957 D ClockTag_ClockWidget.ClockWidgetWeatherService: ClockWidgetWeatherService registerAll
06-11 10:34:27.277 27947 27947 D ActivityThread: Package [com.earthengine.minimalglobe] reported as REPLACED, but missing application info. Assuming REMOVED.
06-11 10:34:27.277 11267 11267 D ActivityThread: Package [com.earthengine.minimalglobe] reported as REPLACED, but missing application info. Assuming REMOVED.
06-11 10:34:27.278  6716  7832 I SG::ExternalProvider: call method scanSingle, arg package:com.earthengine.minimalglobe
06-11 10:34:27.278  6716  7832 I SG::UmsScanner: scan pkg: com.earthengine.minimalglobe start...
06-11 10:34:27.278  6716  8815 I SG::ExternalProvider: call method scanSingle, arg package:com.earthengine.minimalglobe
06-11 10:34:27.278  6716  8815 I SG::UmsScanner: scan pkg: com.earthengine.minimalglobe start...
06-11 10:34:27.283  4454  5101 D TcpCongestControl: appPackageAction:pkgname:com.earthengine.minimalglobe, uid:10602,action:android.intent.action.PACKAGE_REPLACED
06-11 10:34:27.284 29829 29829 D ActivityThread: Package [com.earthengine.minimalglobe] reported as REPLACED, but missing application info. Assuming REMOVED.
06-11 10:34:27.286  7809  7809 D ActivityThread: Package [com.earthengine.minimalglobe] reported as REPLACED, but missing application info. Assuming REMOVED.
06-11 10:34:27.286  8454 28998 W metis_v2_AppSwitchDataCollector: pid = 4650, cachePid=4650
06-11 10:34:27.288  4639  8514 D NetworkService[1]: getIfIndexByNetid netId:194,ifName:wlan0,ifIndex:30
06-11 10:34:27.289  7809  7809 D ActivityThread: Package [com.earthengine.minimalglobe] reported as REPLACED, but missing application info. Assuming REMOVED.
06-11 10:34:27.290  5081 30723 W Battery : AppInfoManager: affairType:1102 replace:truepkg:com.earthengine.minimalglobe
06-11 10:34:27.291  5081 12459 W Battery : AppInfoManager: affairType:1101 replace:truepkg:com.earthengine.minimalglobe
06-11 10:34:27.293 29829 29829 D ActivityThread: Package [com.earthengine.minimalglobe] reported as REPLACED, but missing application info. Assuming REMOVED.
06-11 10:34:27.293  4650  4741 I ndroid.launcher: AssetManager2(0xb40000796a610f28) locale list changing from [] to [zh-CN]
06-11 10:34:27.293 12732 12732 I ActiveConfigsObserver: ACTION_PACKAGE_REMOVED
06-11 10:34:27.293  4650  4741 V OplusUXIconLoader: loadUxIcon drawable null, packageName = com.earthengine.minimalglobe,activityName =:com.earthengine.minimalglobe.MainActivity
06-11 10:34:27.293  4650  4741 V OplusUXIconLoader: loadUxIcon drawable null, packageName = com.earthengine.minimalglobe,activityName =:null
06-11 10:34:27.294 24785 24785 I FileLockLib: [24785]file 101 unlocked. fl.pid=0
06-11 10:34:27.297  4650  4741 W libc    : Access denied finding property "vendor.display.enable_optimal_refresh_rate"
06-11 10:34:27.297  4650  4741 D BufferQueueConsumer: [](id:122a00000592,api:0,p:-1,c:4650) connect: controlledByApp=true
06-11 10:34:27.297  4650  4741 D BufferQueueConsumer: [unnamed-4650-1426](id:122a00000592,api:0,p:-1,c:4650) setMaxAcquiredBufferCount: 2
06-11 10:34:27.298  8454 28998 I metis_v2_AppSwitchDataCollector:  set isNotifiedTVCast
06-11 10:34:27.299  4650  4900 D skia    : setRusSupported enable 1
06-11 10:34:27.300  7809  7809 D PermissionControllerLifecycleService: onCreate
06-11 10:34:27.300  7809  7809 D ServiceLifecycleDispatcher: move state from: 'INITIALIZED' to: 'CREATED'
06-11 10:34:27.300 18957 18957 D ClockTag_ClockWidget.ClockWidgetWeatherService: registerWeatherCityObserver
06-11 10:34:27.300  8454 28998 E metis_v2_FactManager: There is no subModel: com.oplus.linker
06-11 10:34:27.300  8454 28998 I metis_v2_AppSwitchDataCollector: Skip call fire
06-11 10:34:27.304 11083 11295 I PhoneManager.OplusVirusEngine: scanPackage() >>>>>>>>> 
06-11 10:34:27.306  1574  1616 I statsd  : An anomaly (117440000001) (100074)0x20000->com.earthengine.minimalglobe[S] (100074)0x30000->0.1.0[S] (100074)0x40000->10602[I]  has occurred! Informing subscribers.
06-11 10:34:27.307  4650  4900 D HWUI    : createSurface new attribs array
06-11 10:34:27.307  4650  4900 D libEGL  : this is from skia gles
06-11 10:34:27.307  4650  4900 D BufferQueueProducer: [ImageReader-210x210f1u2816m2-4650-1286](id:122a00000592,api:1,p:4650,c:4650) connect: api=1 producerControlledByApp=true
06-11 10:34:27.308  4329  4516 W PluginActionManager: handleQueryPlugins, not in mPrivilegedPlugins, pkgName=com.earthengine.minimalglobe
06-11 10:34:27.308  4329  4516 W PluginActionManager: handleQueryPlugins, not in mPrivilegedPlugins, pkgName=com.earthengine.minimalglobe
06-11 10:34:27.308  4329  4516 W PluginActionManager: handleQueryPlugins, not in mPrivilegedPlugins, pkgName=com.earthengine.minimalglobe
06-11 10:34:27.308  4329  4516 W PluginActionManager: handleQueryPlugins, not in mPrivilegedPlugins, pkgName=com.earthengine.minimalglobe
06-11 10:34:27.309  6732  6732 I PTC.APPCORE.EventBroadcastReceiver: onReceive, action=android.intent.action.PACKAGE_REMOVED
06-11 10:34:27.311  7809  7821 I PermissionControllerServiceImpl: Updating user sensitive for uid 10602
06-11 10:34:27.311 12732 12832 I OplusObrain: OplusObrainClientInvoke.nativeGetTelephonyInfo
06-11 10:34:27.313 10084 10084 W ContextImpl: Calling a method in the system process without a qualified user: android.app.ContextImpl.startService:2032 android.content.ContextWrapper.startService:865 android.content.ContextWrapper.startService:865 com.oplusos.securitypermission.permission.OplusPermissionReceiver.n:74 com.oplusos.securitypermission.permission.OplusPermissionReceiver.onReceive:181 
06-11 10:34:27.313  8852  9153 D SmartSidebar.PackageReceiver: (Sidebar_HandlerThread)onReceive() mHasRegister:true
06-11 10:34:27.313  8852  9153 D SmartSidebar.PackageReceiver: (Sidebar_HandlerThread)onReceive() mHasRegister:true
06-11 10:34:27.313  8852  9153 D SmartSidebar.PackageReceiver: (Sidebar_HandlerThread)onReceive() mHasRegister:true
06-11 10:34:27.313  8852  9153 D SmartSidebar.PackageReceiver: (pool-3-thread-2)onReceive() mHasRegister:trueintent = action = android.*****.action.PACKAGE_REMOVED, pkg = null, flags = 67108880
06-11 10:34:27.313  8852  9153 D SmartSidebar.PackageReceiver: (pool-3-thread-2)onReceive() pkg = com.*****.minimalglobe
06-11 10:34:27.313  8852  9153 D SmartSidebar.PackageReceiver: (pool-3-thread-2)onReceive() isUpdate = true
06-11 10:34:27.313  8852  9153 D SmartSidebar.EdgePanelUtils: (pool-3-thread-2)getOsVersion() osVersion = 37
06-11 10:34:27.313  8852  9153 D SmartSidebar.PackageReceiver: (pool-3-thread-2)getOsVersion > OplusOS_11_2
06-11 10:34:27.313  8852  9153 D SmartSidebar.PackageReceiver: (pool-3-thread-2)onReceive() mHasRegister:trueintent = action = android.*****.action.PACKAGE_ADDED, pkg = null, flags = 67108880
06-11 10:34:27.313  8852  9153 D SmartSidebar.PackageReceiver: (pool-3-thread-2)onReceive() pkg = com.*****.minimalglobe
06-11 10:34:27.313  8852  9153 D SmartSidebar.PackageReceiver: (pool-3-thread-2)onReceive() isUpdate = true
06-11 10:34:27.313  8852  9153 D SmartSidebar.EdgePanelUtils: (pool-3-thread-2)getOsVersion() osVersion = 37
06-11 10:34:27.313  8852  9153 D SmartSidebar.PackageReceiver: (pool-3-thread-2)getOsVersion > OplusOS_11_2
06-11 10:34:27.313  8852  9153 D SmartSidebar.PackageReceiver: (pool-3-thread-9)onReceive() mHasRegister:trueintent = action = android.*****.action.PACKAGE_REMOVED, pkg = null, flags = 67108880
06-11 10:34:27.313  8852  9153 D SmartSidebar.PackageReceiver: (pool-3-thread-9)onReceive() pkg = com.*****.minimalglobe
06-11 10:34:27.313  8852  9153 D SmartSidebar.PackageReceiver: (pool-3-thread-9)onReceive() isUpdate = true
06-11 10:34:27.313  8852  9153 D SmartSidebar.EdgePanelUtils: (pool-3-thread-9)getOsVersion() osVersion = 37
06-11 10:34:27.313  8852  9153 D SmartSidebar.PackageReceiver: (pool-3-thread-9)getOsVersion > OplusOS_11_2
06-11 10:34:27.308  4329  4516 W PluginActionManager: handleQueryPlugins, not in mPrivilegedPlugins, pkgName=com.earthengine.minimalglobe
06-11 10:34:27.313  4329  4329 D ControlsListingControllerImpl: ServiceConfig reloaded, count: 0
06-11 10:34:27.313  4329  4516 W PluginActionManager: handleQueryPlugins, not in mPrivilegedPlugins, pkgName=com.earthengine.minimalglobe
06-11 10:34:27.314  4329  4516 W PluginActionManager: handleQueryPlugins, not in mPrivilegedPlugins, pkgName=com.earthengine.minimalglobe
06-11 10:34:27.314  4329  4516 W PluginActionManager: handleQueryPlugins, not in mPrivilegedPlugins, pkgName=com.earthengine.minimalglobe
06-11 10:34:27.314  4329  4516 W PluginActionManager: handleQueryPlugins, not in mPrivilegedPlugins, pkgName=com.earthengine.minimalglobe
06-11 10:34:27.314  4329  4516 W PluginActionManager: handleQueryPlugins, not in mPrivilegedPlugins, pkgName=com.earthengine.minimalglobe
06-11 10:34:27.314  4329  4516 W PluginActionManager: handleQueryPlugins, not in mPrivilegedPlugins, pkgName=com.earthengine.minimalglobe
06-11 10:34:27.314  4329  4516 W PluginActionManager: handleQueryPlugins, not in mPrivilegedPlugins, pkgName=com.earthengine.minimalglobe
06-11 10:34:27.314  4329  4516 W PluginActionManager: handleQueryPlugins, not in mPrivilegedPlugins, pkgName=com.earthengine.minimalglobe
06-11 10:34:27.314  4329  4516 W PluginActionManager: handleQueryPlugins, not in mPrivilegedPlugins, pkgName=com.earthengine.minimalglobe
06-11 10:34:27.314  4329  4516 W PluginActionManager: handleQueryPlugins, not in mPrivilegedPlugins, pkgName=com.earthengine.minimalglobe
06-11 10:34:27.314  4329  4516 W PluginActionManager: handleQueryPlugins, not in mPrivilegedPlugins, pkgName=com.earthengine.minimalglobe
06-11 10:34:27.314  4329  4329 D OplusKeyGuardStylePluginManager: receive:android.intent.action.PACKAGE_REPLACED
06-11 10:34:27.314  4329  4516 W PluginActionManager: handleQueryPlugins, not in mPrivilegedPlugins, pkgName=com.earthengine.minimalglobe
06-11 10:34:27.314  4329  4516 W PluginActionManager: handleQueryPlugins, not in mPrivilegedPlugins, pkgName=com.earthengine.minimalglobe
06-11 10:34:27.314  4329  4516 W PluginActionManager: handleQueryPlugins, not in mPrivilegedPlugins, pkgName=com.earthengine.minimalglobe
06-11 10:34:27.314  4329  4516 W PluginActionManager: handleQueryPlugins, not in mPrivilegedPlugins, pkgName=com.earthengine.minimalglobe
06-11 10:34:27.314  4329  4516 W PluginActionManager: handleQueryPlugins, not in mPrivilegedPlugins, pkgName=com.earthengine.minimalglobe
06-11 10:34:27.314  4329  4516 W PluginActionManager: handleQueryPlugins, not in mPrivilegedPlugins, pkgName=com.earthengine.minimalglobe
06-11 10:34:27.314 12732 12832 I OplusObrain: OplusObrainClientInvoke.nativeGetTrafficTypeInfoForNetworkType networkType 0
06-11 10:34:27.314  4329  4516 W PluginActionManager: handleQueryPlugins, not in mPrivilegedPlugins, pkgName=com.earthengine.minimalglobe
06-11 10:34:27.314  4329  4516 W PluginActionManager: handleQueryPlugins, not in mPrivilegedPlugins, pkgName=com.earthengine.minimalglobe
06-11 10:34:27.314  4329  4516 W PluginActionManager: handleQueryPlugins, not in mPrivilegedPlugins, pkgName=com.earthengine.minimalglobe
06-11 10:34:27.314  4329  4516 W PluginActionManager: handleQueryPlugins, not in mPrivilegedPlugins, pkgName=com.earthengine.minimalglobe
06-11 10:34:27.314  4329  4516 W PluginActionManager: handleQueryPlugins, not in mPrivilegedPlugins, pkgName=com.earthengine.minimalglobe
06-11 10:34:27.314  4329  4516 W PluginActionManager: handleQueryPlugins, not in mPrivilegedPlugins, pkgName=com.earthengine.minimalglobe
06-11 10:34:27.314  4329  4516 W PluginActionManager: handleQueryPlugins, not in mPrivilegedPlugins, pkgName=com.earthengine.minimalglobe
06-11 10:34:27.314  4329  4516 W PluginActionManager: handleQueryPlugins, not in mPrivilegedPlugins, pkgName=com.earthengine.minimalglobe
06-11 10:34:27.314  4329  4516 W PluginActionManager: handleQueryPlugins, not in mPrivilegedPlugins, pkgName=com.earthengine.minimalglobe
06-11 10:34:27.314  4329  4516 W PluginActionManager: handleQueryPlugins, not in mPrivilegedPlugins, pkgName=com.earthengine.minimalglobe
06-11 10:34:27.314  4329  4516 W PluginActionManager: handleQueryPlugins, not in mPrivilegedPlugins, pkgName=com.earthengine.minimalglobe
06-11 10:34:27.314  4329  4516 W PluginActionManager: handleQueryPlugins, not in mPrivilegedPlugins, pkgName=com.earthengine.minimalglobe
06-11 10:34:27.314  4329  4516 W PluginActionManager: handleQueryPlugins, not in mPrivilegedPlugins, pkgName=com.earthengine.minimalglobe
06-11 10:34:27.314 21660 16404 D NotificationBackend: onReceivedBroadcast:processPackageBroadcast
06-11 10:34:27.314  4329  4516 W PluginActionManager: handleQueryPlugins, not in mPrivilegedPlugins, pkgName=com.earthengine.minimalglobe
06-11 10:34:27.314  4329  4516 W PluginActionManager: handleQueryPlugins, not in mPrivilegedPlugins, pkgName=com.earthengine.minimalglobe
06-11 10:34:27.314  4329  4516 W PluginActionManager: handleQueryPlugins, not in mPrivilegedPlugins, pkgName=com.earthengine.minimalglobe
06-11 10:34:27.314  4329  4516 W PluginActionManager: handleQueryPlugins, not in mPrivilegedPlugins, pkgName=com.earthengine.minimalglobe
06-11 10:34:27.314  4329  4516 W PluginActionManager: handleQueryPlugins, not in mPrivilegedPlugins, pkgName=com.earthengine.minimalglobe
06-11 10:34:27.314  4329  4516 W PluginActionManager: handleQueryPlugins, not in mPrivilegedPlugins, pkgName=com.earthengine.minimalglobe
06-11 10:34:27.314  4329  4516 W PluginActionManager: handleQueryPlugins, not in mPrivilegedPlugins, pkgName=com.earthengine.minimalglobe
06-11 10:34:27.314  4329  4516 W PluginActionManager: handleQueryPlugins, not in mPrivilegedPlugins, pkgName=com.earthengine.minimalglobe
06-11 10:34:27.314  4329  4516 W PluginActionManager: handleQueryPlugins, not in mPrivilegedPlugins, pkgName=com.earthengine.minimalglobe
06-11 10:34:27.314  4329  4516 W PluginActionManager: handleQueryPlugins, not in mPrivilegedPlugins, pkgName=com.earthengine.minimalglobe
06-11 10:34:27.314 21660 21933 D NotificationBackend: getClosedSuperFirewallByBinder: closedSuperFirewall=false,isCalledByBinder=true
06-11 10:34:27.314  4329  4516 W PluginActionManager: handleQueryPlugins, not in mPrivilegedPlugins, pkgName=com.earthengine.minimalglobe
06-11 10:34:27.314 21660 21933 D NotificationBackend: processPackageBroadcast: action start:android.intent.action.PACKAGE_REPLACED
06-11 10:34:27.314  4329  4516 W PluginActionManager: handleQueryPlugins, not in mPrivilegedPlugins, pkgName=com.earthengine.minimalglobe
06-11 10:34:27.314  4329  4516 W PluginActionManager: handleQueryPlugins, not in mPrivilegedPlugins, pkgName=com.earthengine.minimalglobe
06-11 10:34:27.314  4329  4516 W PluginActionManager: handleQueryPlugins, not in mPrivilegedPlugins, pkgName=com.earthengine.minimalglobe
06-11 10:34:27.314 21660 21933 W ContextImpl: Calling a method in the system process without a qualified user: android.app.ContextImpl.sendBroadcast:1296 com.oplus.notificationmanager.AppModificationReceiver.notifyAppModified:4 com.oplus.notificationmanager.NotificationBackend.processPackageBroadcast:119 com.oplus.notificationmanager.NotificationBackend.lambda$onReceivedBroadcast$5:11 com.oplus.notificationmanager.NotificationBackend.f:0 
06-11 10:34:27.314  4329  4516 W PluginActionManager: handleQueryPlugins, not in mPrivilegedPlugins, pkgName=com.earthengine.minimalglobe
06-11 10:34:27.314  4329  4516 W PluginActionManager: handleQueryPlugins, not in mPrivilegedPlugins, pkgName=com.earthengine.minimalglobe
06-11 10:34:27.315 10084 10084 W ContextImpl: Calling a method in the system process without a qualified user: android.app.ContextImpl.startService:2032 android.content.ContextWrapper.startService:865 android.content.ContextWrapper.startService:865 com.oplusos.securitypermission.permission.OplusPermissionReceiver.n:74 com.oplusos.securitypermission.permission.OplusPermissionReceiver.onReceive:192 
06-11 10:34:27.316  4650  4900 D HWUI    : SkiaOpenGLPipeline::setSurface: this=0xb400007907386a40, surface=NULL
06-11 10:34:27.318  4650  4900 D BufferQueueProducer: [ImageReader-210x210f1u2816m2-4650-1286](id:122a00000592,api:1,p:4650,c:4650) disconnect: api 1
06-11 10:34:27.319  4650 23456 I PantaCard.Lnch.InstantCardEngine:  100281&1888747526&3_sid=536877097_rk=03cc59,sendMessageToCard, cardTag:100281&1888747526&3, false, newData.size = 115, code = 0, hasLoaded: true[sdk:v1.3.130-5a024cf,seed-plugin:v16.56.0-85a272db,app:v16.4.25] [OplusLauncher|com.android.launcher|2.0.44-25e9612]
06-11 10:34:27.320 21660 21933 D NotificationBackend: processBroadcast: action end:android.intent.action.PACKAGE_REPLACED
06-11 10:34:27.320  4650  4741 D BufferQueueConsumer: [ImageReader-210x210f1u2816m2-4650-1286](id:122a00000592,api:0,p:-1,c:4650) disconnect
06-11 10:34:27.320 18957 18957 D ClockTag_ClockWidget.ClockWidgetWeatherService: registerLocationResultNotifyObserver
06-11 10:34:27.321  4650  6739 D ExtensionManager: system.localconnection :1:registerCallback tid:5275
06-11 10:34:27.321  4329  4329 I SDP.SysUi.InstallMonitorManager:  Broadcast received android.intent.action.PACKAGE_REPLACED.[ssdk:v1.3.80-cc7da83,sdplugin:v16.56.0-85a272db] [SeedlingSdk|com.android.systemui|2.0.40-ebe132d]
06-11 10:34:27.321  6732  6732 I PTC.APPCORE.EventBroadcastReceiver: onReceive, action=android.intent.action.PACKAGE_ADDED
06-11 10:34:27.321  4329  4516 W PluginActionManager: handleQueryPlugins, not in mPrivilegedPlugins, pkgName=com.earthengine.minimalglobe
06-11 10:34:27.321  4650 23595 D JsConsole: breeno2X2-launcher(rsUDrjLDfb7Y)::TimerManager: tag：AppInstallObserver:uninstall setTimeout id：K3lgOkofXd
06-11 10:34:27.322  4329  4516 W PluginActionManager: handleQueryPlugins, not in mPrivilegedPlugins, pkgName=com.earthengine.minimalglobe
06-11 10:34:27.322  4329  4516 W PluginActionManager: handleQueryPlugins, not in mPrivilegedPlugins, pkgName=com.earthengine.minimalglobe
06-11 10:34:27.322  4329  4516 W PluginActionManager: handleQueryPlugins, not in mPrivilegedPlugins, pkgName=com.earthengine.minimalglobe
06-11 10:34:27.322  4329  4516 W PluginActionManager: handleQueryPlugins, not in mPrivilegedPlugins, pkgName=com.earthengine.minimalglobe
06-11 10:34:27.322  4329  4516 W PluginActionManager: handleQueryPlugins, not in mPrivilegedPlugins, pkgName=com.earthengine.minimalglobe
06-11 10:34:27.322  4329  4516 W PluginActionManager: handleQueryPlugins, not in mPrivilegedPlugins, pkgName=com.earthengine.minimalglobe
06-11 10:34:27.322  4329  4516 W PluginActionManager: handleQueryPlugins, not in mPrivilegedPlugins, pkgName=com.earthengine.minimalglobe
06-11 10:34:27.322  4329  4516 W PluginActionManager: handleQueryPlugins, not in mPrivilegedPlugins, pkgName=com.earthengine.minimalglobe
06-11 10:34:27.322  4329  4516 W PluginActionManager: handleQueryPlugins, not in mPrivilegedPlugins, pkgName=com.earthengine.minimalglobe
06-11 10:34:27.322  4329  4516 W PluginActionManager: handleQueryPlugins, not in mPrivilegedPlugins, pkgName=com.earthengine.minimalglobe
06-11 10:34:27.322  4329  4516 W PluginActionManager: handleQueryPlugins, not in mPrivilegedPlugins, pkgName=com.earthengine.minimalglobe
06-11 10:34:27.322  4329  4516 W PluginActionManager: handleQueryPlugins, not in mPrivilegedPlugins, pkgName=com.earthengine.minimalglobe
06-11 10:34:27.322  4329  4516 W PluginActionManager: handleQueryPlugins, not in mPrivilegedPlugins, pkgName=com.earthengine.minimalglobe
06-11 10:34:27.322  4329  4516 W PluginActionManager: handleQueryPlugins, not in mPrivilegedPlugins, pkgName=com.earthengine.minimalglobe
06-11 10:34:27.322  4329  4516 W PluginActionManager: handleQueryPlugins, not in mPrivilegedPlugins, pkgName=com.earthengine.minimalglobe
06-11 10:34:27.322  4329  4516 W PluginActionManager: handleQueryPlugins, not in mPrivilegedPlugins, pkgName=com.earthengine.minimalglobe
06-11 10:34:27.322  4329  4516 W PluginActionManager: handleQueryPlugins, not in mPrivilegedPlugins, pkgName=com.earthengine.minimalglobe
06-11 10:34:27.322  4329  4516 W PluginActionManager: handleQueryPlugins, not in mPrivilegedPlugins, pkgName=com.earthengine.minimalglobe
06-11 10:34:27.322  4329  4516 W PluginActionManager: handleQueryPlugins, not in mPrivilegedPlugins, pkgName=com.earthengine.minimalglobe
06-11 10:34:27.322  4329  4516 W PluginActionManager: handleQueryPlugins, not in mPrivilegedPlugins, pkgName=com.earthengine.minimalglobe
06-11 10:34:27.322  4650 23595 D JsConsole: breeno2X2-launcher(rsUDrjLDfb7Y)::TimerManager: tag：TimerManager::replaceGlobalTimer setTimeout id：C1vAC3wAXB
06-11 10:34:27.322  4329  4516 W PluginActionManager: handleQueryPlugins, not in mPrivilegedPlugins, pkgName=com.earthengine.minimalglobe
06-11 10:34:27.322  4329  4516 W PluginActionManager: handleQueryPlugins, not in mPrivilegedPlugins, pkgName=com.earthengine.minimalglobe
06-11 10:34:27.322  4329  4516 W PluginActionManager: handleQueryPlugins, not in mPrivilegedPlugins, pkgName=com.earthengine.minimalglobe
06-11 10:34:27.322  4329  4516 W PluginActionManager: handleQueryPlugins, not in mPrivilegedPlugins, pkgName=com.earthengine.minimalglobe
06-11 10:34:27.322  4329  4516 W PluginActionManager: handleQueryPlugins, not in mPrivilegedPlugins, pkgName=com.earthengine.minimalglobe
06-11 10:34:27.322  4329  4516 W PluginActionManager: handleQueryPlugins, not in mPrivilegedPlugins, pkgName=com.earthengine.minimalglobe
06-11 10:34:27.322  4650 23595 D JsConsole: breeno2X2-launcher(rsUDrjLDfb7Y)::TimerManager: tag：debounce setTimeout id：Q9e4qyW1Rl
06-11 10:34:27.322  4329  4516 W PluginActionManager: handleQueryPlugins, not in mPrivilegedPlugins, pkgName=com.earthengine.minimalglobe
06-11 10:34:27.322  4329  4516 W PluginActionManager: handleQueryPlugins, not in mPrivilegedPlugins, pkgName=com.earthengine.minimalglobe
06-11 10:34:27.322  4329  4516 W PluginActionManager: handleQueryPlugins, not in mPrivilegedPlugins, pkgName=com.earthengine.minimalglobe
06-11 10:34:27.322  4329  4516 W PluginActionManager: handleQueryPlugins, not in mPrivilegedPlugins, pkgName=com.earthengine.minimalglobe
06-11 10:34:27.322  5227 29736 W InstallAppUtil: add: com.earthengine.minimalglobe
06-11 10:34:27.322  4329  4516 W PluginActionManager: handleQueryPlugins, not in mPrivilegedPlugins, pkgName=com.earthengine.minimalglobe
06-11 10:34:27.322  4329  4516 W PluginActionManager: handleQueryPlugins, not in mPrivilegedPlugins, pkgName=com.earthengine.minimalglobe
06-11 10:34:27.322 11083 11083 D ActivityThread: Package [com.earthengine.minimalglobe] reported as REPLACED, but missing application info. Assuming REMOVED.
06-11 10:34:27.323 11158 11158 D ActivityThread: Package [com.earthengine.minimalglobe] reported as REPLACED, but missing application info. Assuming REMOVED.
06-11 10:34:27.323  5227 11080 W mk_frozen: start short task:force_pkg
06-11 10:34:27.323  5227 11080 W mk_frozen: real start short task:force_pkg,isAuto:false
06-11 10:34:27.324 18957 18957 D ClockTag_ClockWidget.ClockWidgetWeatherService: ClockWidgetWeatherService onStartCommand
06-11 10:34:27.324 18957 18957 D ClockTag_ClockWidget.ClockWidgetWeatherService: checkConfigChanged:true
06-11 10:34:27.324 18957 18957 D ClockTag_ClockWidgetState: system config, dual clock:1, split screen:0, color:-1/true, screenDisplayModel:0
06-11 10:34:27.324 18957 18957 D ClockTag_ClockWidgetState: systemDualClock:1
06-11 10:34:27.325  6732 29767 I PTC.DATATRANS.d: App installed: com.earthengine.minimalglobe
06-11 10:34:27.325  6732 29767 E PTC.DATATRANS.XmlReader: Unable to fetch metadata: RegisterAgentType, did you forget to add RegisterAgentType in manifest?
06-11 10:34:27.325  6732 29767 I PTC.DATATRANS.g: getRegisterAgentType, type is=null
06-11 10:34:27.325  6732 29767 E PTC.DATATRANS.XmlReader: Unable to fetch metadata: AccessoryServicesLocation, did you forget to add AccessoryServicesLocation in manifest?
06-11 10:34:27.325  6732 29767 E PTC.DATATRANS.g: No meta data found with key:AccessoryServicesLocation
06-11 10:34:27.325  6732 29767 W PTC.DATATRANS.g: configFileLocationGroup is empty,config error with com.earthengine.minimalglobe
06-11 10:34:27.325 18957 18957 D ClockTag_ClockWidgetState: systemSplitScreenMode:false
06-11 10:34:27.325  6732 29767 I PTC.DATATRANS.ServiceDescriptionCache: getLocalServiceDescription, cache size is=75
06-11 10:34:27.325 18957 18957 D ClockTag_ClockWidgetState: systemWallpaperColor:-1/true
06-11 10:34:27.326  5227 11080 W mk_frozen: cancel short task:force_pkg
06-11 10:34:27.326  5227 11080 W mk_frozen: ****ST: force_pkg,242664650,0,0
06-11 10:34:27.326 31995 32042 E FileStrategy: java.io.IOException: Read-only file system
06-11 10:34:27.327 18957 18957 D ClockTag_ClockWidget.ClockWidgetWeatherService: widget snapshot hit, hasWeatherWidget=true
06-11 10:34:27.327 18957 18957 D ClockTag_ClockWidgetUtils: supportLandWidget false
06-11 10:34:27.327 18957 18957 D ClockTag_FoldScreenUtils: haveFold:false
06-11 10:34:27.327 18957 18957 D ClockTag_ClockWidgetUtils: supportMultiWallpaper: false
06-11 10:34:27.328  7809  7809 I SafetyLabelChangedBroadcastReceiver: received broadcast packageName: com.earthengine.minimalglobe, current user: UserHandle{0}, packageChangeEvent: UPDATE, intent user: UserHandle{0}
06-11 10:34:27.328  5227  5273 W mk_frozen: onSuccess:force_pkg,requestId:58,delayTime:120000
06-11 10:34:27.329 11083 29235 E PhoneManager.CloudScanManager:  queryTeeList() size = 1
06-11 10:34:27.330  4650 23456 I PantaCard.Lnch.InstantCardEngine:  100281&1888747526&3_sid=536877097_rk=03cc59,sendMessageToCard, cardTag:100281&1888747526&3, false, newData.size = 116, code = 0, hasLoaded: true[sdk:v1.3.130-5a024cf,seed-plugin:v16.56.0-85a272db,app:v16.4.25]
06-11 10:34:27.332 18957 19420 D ClockTag_ClockWidget.BaseWidgetViewHelper: requestDoubleWeatherInfo methodName=getDoubleCityWeatherDataAndUpdate isNeed=false
06-11 10:34:27.332 18957 19420 I WeatherS_WeatherBaseDataTask: Service has not started, bind update Service.
06-11 10:34:27.332 18957 19420 I WeatherS_WeatherServiceManager: bindUpdateService false
06-11 10:34:27.332  4650  6739 D ExtensionManager: system.localconnection :1:registerCallback tid:5275
06-11 10:34:27.333 18957 14864 I ClockTag_ClockWidget.ClockWidgetManager: isRPlus = false
06-11 10:34:27.333 18957 14864 D ClockTag_ClockWidget.BaseWidgetViewHelper: getLocalWeatherInfo isCommonWeatherServiceExist is true
06-11 10:34:27.334 27947 29756 I com.oplus.games: Waiting for a blocking GC Explicit
06-11 10:34:27.334 18957 14864 D ClockTag_ClockWidget.BaseWidgetViewHelper: getResidentWeatherInfo isCommonWeatherServiceExist=true 
06-11 10:34:27.334 18957 14864 D ClockTag_ClockWidget.BaseWidgetViewHelper: getCurClockType isDoubleClockOpened:true,localWeatherEntity:WeatherEntity{mDegree='22', mType='1', mDescription='雨', mCentigrade='°', mTimeZone='8.0', mParentCityCode='', mLocationResultCode='410000', sunriseTime='1781128380000', sunsetTime='1781178840000'},residentWeatherEntity:WeatherEntity{mDegree='22', mType='6', mDescription='小雨', mCentigrade='°', mTimeZone='8.0', mParentCityCode='', mLocationResultCode='0', sunriseTime='1781128380000', sunsetTime='1781178840000'}
06-11 10:34:27.334 18957 14864 D ClockTag_ClockWidget.BaseWidgetViewHelper: supportNewDoubleClock:1
06-11 10:34:27.334 18957 14864 D ClockTag_ClockWidget.BaseWidgetViewHelper: isSameTimezone:8.0
06-11 10:34:27.334  4650 23595 D JsConsole: breeno2X2-launcher(rsUDrjLDfb7Y)::TimerManager: tag：TimerManager::replaceGlobalTimer setTimeout id：5eBlKENTYH
06-11 10:34:27.334 18957 14864 D ClockTag_ClockWidget.BaseWidgetViewHelper: getCurClockType is same timezone:
06-11 10:34:27.334 18957 14864 D ClockTag_ClockWidget.BaseWidgetViewHelper: getCurClockType is same timezone:
06-11 10:34:27.334 18957 14864 D ClockTag_ClockWidget.ClockWidgetManager: init clock type:1->1
06-11 10:34:27.334 18957 14864 D ClockTag_ClockWidget.BaseWidgetViewHelper: getLocalWeatherInfo isCommonWeatherServiceExist is true
06-11 10:34:27.334 18957 14864 D ClockTag_OplusDateUtils: isTimeMillisDayTime -- hour = 10 sunriseTime:1781128380000 sunsetTime:1781178840000
06-11 10:34:27.334 18957 14864 D ClockTag_WeatherResUtil: getOpWeatherIcon -- index:1 OP_WEATHER_ICON_LENGTH:71 correctWeatherIndex:1
06-11 10:34:27.334 18957 14864 D ClockTag_ClockWidget.ClockWidgetManager: mLocalWeatherInfo = 雨  22‎°
06-11 10:34:27.334 18957 14864 D ClockTag_ClockWidget.ClockWidgetManager: updateTimeAndDateInfo lunar:四月廿六
06-11 10:34:27.334 18957 14864 D ClockTag_ClockWidget.ClockWidgetManager: updateLocalData type:false weather:false time:true force:true
06-11 10:34:27.334 18957 14864 D ClockTag_WidgetUpdateHelper: start update all widgets
06-11 10:34:27.334 18957 14864 D ClockTag_WidgetUpdateHelper: skip update widget (cached absent): class com.coloros.widget.smallweather.OppoWeather
06-11 10:34:27.334 18957 14864 D ClockTag_WidgetUpdateHelper: skip update widget (cached absent): class com.coloros.widget.smallweather.OppoWeatherSingle
06-11 10:34:27.334  4650 23595 D JsConsole: breeno2X2-launcher(rsUDrjLDfb7Y)::TimerManager: tag：debounce setTimeout id：epb6Pdi5NZ
06-11 10:34:27.334 18957 14864 D ClockTag_WidgetUpdateHelper: skip update widget (cached absent): class com.coloros.widget.smallweather.OppoWeatherMultiVertical
06-11 10:34:27.334 18957 14864 D ClockTag_WidgetUpdateHelper: skip update widget (cached absent): class com.coloros.widget.smallweather.OppoWeatherVertical
06-11 10:34:27.334 18957 14864 D ClockTag_WidgetUpdateHelper: getWidgetIds: class com.coloros.widget.smallweather.OnePlusWidget
06-11 10:34:27.335 11083 12963 I DigitalAppSDK_1.2.3.PackageUtil: has add pkg = com.earthengine.minimalglobe
06-11 10:34:27.335  6732 29765 W PTC.DATATRANS.d: PACKAGE_REMOVED intent came late : com.earthengine.minimalglobe
06-11 10:34:27.336  4650 23456 I PantaCard.Lnch.InstantCardEngine:  100281&1888747526&3_sid=536877097_rk=03cc59,sendMessageToCard, cardTag:100281&1888747526&3, false, newData.size = 118, code = 0, hasLoaded: true[sdk:v1.3.130-5a024cf,seed-plugin:v16.56.0-85a272db,app:v16.4.25]
06-11 10:34:27.336  4650  6739 D ExtensionManager: system.localconnection :1:registerCallback tid:5275
06-11 10:34:27.337 11083 29239 I DigitalAppSDK_1.2.3.PackageUtil: has add pkg = com.earthengine.minimalglobe
06-11 10:34:27.337  4650 23595 D JsConsole: breeno2X2-launcher(rsUDrjLDfb7Y)::TimerManager: tag：TimerManager::replaceGlobalTimer setTimeout id：hkf4POLkCP
06-11 10:34:27.336 27947 29755 I com.oplus.games: Waiting for a blocking GC Explicit
06-11 10:34:27.338  4650 23595 D JsConsole: breeno2X2-launcher(rsUDrjLDfb7Y)::TimerManager: tag：debounce setTimeout id：wKbwewL5gg
06-11 10:34:27.340  4650 23456 I PantaCard.Lnch.InstantCardEngine:  100281&1888747526&3_sid=536877097_rk=03cc59,sendMessageToCard, cardTag:100281&1888747526&3, false, newData.size = 114, code = 0, hasLoaded: true[sdk:v1.3.130-5a024cf,seed-plugin:v16.56.0-85a272db,app:v16.4.25]
06-11 10:34:27.340  4650  6739 D ExtensionManager: system.localconnection :1:registerCallback tid:5275
06-11 10:34:27.341  4650 23595 D JsConsole: breeno2X2-launcher(rsUDrjLDfb7Y)::TimerManager: tag：TimerManager::replaceGlobalTimer setTimeout id：TgBrGyNv3P
06-11 10:34:27.341  4650 23595 D JsConsole: breeno2X2-launcher(rsUDrjLDfb7Y)::TimerManager: tag：debounce setTimeout id：93fbfn1ZGH
06-11 10:34:27.342  4650 23456 I PantaCard.Lnch.InstantCardEngine:  100281&1888747526&3_sid=536877097_rk=03cc59,sendMessageToCard, cardTag:100281&1888747526&3, false, newData.size = 122, code = 0, hasLoaded: true[sdk:v1.3.130-5a024cf,seed-plugin:v16.56.0-85a272db,app:v16.4.25]
06-11 10:34:27.343  4650  6739 D ExtensionManager: system.localconnection :1:registerCallback tid:5275
06-11 10:34:27.343  4650 23595 D JsConsole: breeno2X2-launcher(rsUDrjLDfb7Y)::TimerManager: tag：TimerManager::replaceGlobalTimer setTimeout id：A3FAqWIwaP
06-11 10:34:27.343  4650 23595 D JsConsole: breeno2X2-launcher(rsUDrjLDfb7Y)::TimerManager: tag：debounce setTimeout id：1ZXgw8rVkv
06-11 10:34:27.343 18957 14864 D ClockTag_WidgetUpdateHelper: getWidgetViewProxy:560
06-11 10:34:27.344 18957 14864 D ClockTag_WidgetUpdateHelper: updateWidget: [I@d0bd813 class com.coloros.widget.smallweather.OnePlusWidget
06-11 10:34:27.344 18957 14864 D ClockTag_WidgetUpdateHelper: relayoutAllWidget :[2]
06-11 10:34:27.344 18957 14864 D ClockTag_ClockWidget.BaseClockWidget: relayoutWidget mLastClockType = 1 isClockAllOverTheme =false
06-11 10:34:27.344 18957 14864 D ClockTag_ClockWidgetUtils: supportLandWidget false
06-11 10:34:27.344 18957 14864 D ClockTag_ClockWidget.ClockWidgetManager: getIntentToStartApp action=com.oplus.alarmclock.AlarmClock category=null
06-11 10:34:27.344 18957 14864 D ClockTag_ClockWidgetState: systemWallpaperColor:-1/true
06-11 10:34:27.344 18957 14864 D ClockTag_ClockWidget.ClockWidgetManager: updateTextColor -- str = -1/true, colors size = 2
06-11 10:34:27.344 18957 14864 D ClockTag_ClockWidget.ClockWidgetManager: updateTextColor, color: ffffffff, mDrawTextShadow = true, mCurDividerLineColor = 4dffffff
06-11 10:34:27.344 18957 14864 D ClockTag_ClockWidget.BaseClockWidget: updateTextViewColor color = -1
06-11 10:34:27.344 18957 14864 D ClockTag_CommonUtil: isAddZero language:zh
06-11 10:34:27.344 18957 14864 D ClockTag_ClockWidget.BaseClockWidget: updateTimeFormat:HH
06-11 10:34:27.344 18957 14864 D ClockTag_ClockWidget.1PlusWidget: update colon default font
06-11 10:34:27.344 18957 14864 D ClockTag_ClockWidget.BaseClockWidget: updateDataFormat:MMMd日
06-11 10:34:27.344 18957 14864 D ClockTag_ClockWidget.BaseClockWidget: updateDataFormat:EEEE
06-11 10:34:27.345 18957 14864 D ClockTag_DeviceUtils: isDisableWeatherTemperature false
06-11 10:34:27.345 18957 14864 D ClockTag_ClockWidget.BaseClockWidget: localWeatherInfo = 22‎°‎
06-11 10:34:27.345 18957 14864 D ClockTag_ClockWidget.BaseClockWidget: TextSize ratio:1.0;false
06-11 10:34:27.345 18957 14864 D ClockTag_WidgetUpdateHelper: relayoutAllWidgets widgetIds: [2] remoteView:android.widget.RemoteViews@b92fa50
06-11 10:34:27.345 18957 14864 I AppWidgetManager: updateAppWidgetIds, mPackageName: com.coloros.alarmclock, appWidgetIds: [2], views:android.widget.RemoteViews@b92fa50
06-11 10:34:27.345  4329  4516 W PluginActionManager: handleQueryPlugins, not in mPrivilegedPlugins, pkgName=com.earthengine.minimalglobe
06-11 10:34:27.346 18957 14864 D ClockTag_WidgetUpdateHelper: relayoutAllWidgets finished
06-11 10:34:27.346  4329  4516 W PluginActionManager: handleQueryPlugins, not in mPrivilegedPlugins, pkgName=com.earthengine.minimalglobe
06-11 10:34:27.346 18957 14864 D ClockTag_WidgetUpdateHelper: skip update widget (cached absent): class com.coloros.widget.smallweather.OppoWeatherInterimLunar
06-11 10:34:27.346 18957 14864 D ClockTag_WidgetUpdateHelper: end update all widgets
06-11 10:34:27.346  4329  4516 W PluginActionManager: handleQueryPlugins, not in mPrivilegedPlugins, pkgName=com.earthengine.minimalglobe
06-11 10:34:27.346  4329  4516 W PluginActionManager: handleQueryPlugins, not in mPrivilegedPlugins, pkgName=com.earthengine.minimalglobe
06-11 10:34:27.346  4329  4516 W PluginActionManager: handleQueryPlugins, not in mPrivilegedPlugins, pkgName=com.earthengine.minimalglobe
06-11 10:34:27.346  4329  4516 W PluginActionManager: handleQueryPlugins, not in mPrivilegedPlugins, pkgName=com.earthengine.minimalglobe
06-11 10:34:27.346  4329  4516 W PluginActionManager: handleQueryPlugins, not in mPrivilegedPlugins, pkgName=com.earthengine.minimalglobe
06-11 10:34:27.346  4329  4516 W PluginActionManager: handleQueryPlugins, not in mPrivilegedPlugins, pkgName=com.earthengine.minimalglobe
06-11 10:34:27.346  4329  4516 W PluginActionManager: handleQueryPlugins, not in mPrivilegedPlugins, pkgName=com.earthengine.minimalglobe
06-11 10:34:27.346  4329  4516 W PluginActionManager: handleQueryPlugins, not in mPrivilegedPlugins, pkgName=com.earthengine.minimalglobe
06-11 10:34:27.346  4329  4516 W PluginActionManager: handleQueryPlugins, not in mPrivilegedPlugins, pkgName=com.earthengine.minimalglobe
06-11 10:34:27.346  4329  4516 W PluginActionManager: handleQueryPlugins, not in mPrivilegedPlugins, pkgName=com.earthengine.minimalglobe
06-11 10:34:27.347  4650  4650 D AppWidgetHostView: inflateAsync(rvToApply), appWidgetId: 2
06-11 10:34:27.347  5227 11080 W mk_frozen: real cancel short task:force_pkg,requestId:58
06-11 10:34:27.354  4650 23456 I PantaCard.Lnch.InstantCardEngine:  100281&1888747526&3_sid=536877097_rk=03cc59,sendMessageToCard, cardTag:100281&1888747526&3, false, newData.size = 121, code = 0, hasLoaded: true[sdk:v1.3.130-5a024cf,seed-plugin:v16.56.0-85a272db,app:v16.4.25]
06-11 10:34:27.354  4650  6739 D ExtensionManager: system.localconnection :1:registerCallback tid:5275
06-11 10:34:27.355  4650 23595 D JsConsole: breeno2X2-launcher(rsUDrjLDfb7Y)::TimerManager: tag：TimerManager::replaceGlobalTimer setTimeout id：9d5wqqhj0O
06-11 10:34:27.355  4650 23595 D JsConsole: breeno2X2-launcher(rsUDrjLDfb7Y)::TimerManager: tag：debounce setTimeout id：To9PKmzUms
06-11 10:34:27.358 28382 28453 E AppFeatureProviderUtils: getString: getStringForFeature return null
06-11 10:34:27.358  5227  6060 W download_ui_engine: dlv3 trans: {compressUri=/apk/compression/202605/21/3e34c9554d01b40eadb1352bd76694b8.zst, uDimensionId=3003_170, uOldMd5=6610c5fd73f8e19d35fc94de0560cdfd, compressSize=57075635, uObit=5, compressMd5=029625bbfa7799d14c1267494ba5891e, compressId=25673081-w-3238933, compressHMd5=02f8fb0360d7e46b1dc7fd3f9bbb421b, source=1}
06-11 10:34:27.359  5227  6060 W FastInstallCopyHelper: shouldUseFastInstallCopy: false - not active download, downloadType=3 #com.heytap.pictorial
06-11 10:34:27.359  5227 29759 I m.heytap.market: Waiting for a blocking GC Explicit
06-11 10:34:27.359  5227 29760 I m.heytap.market: Waiting for a blocking GC Explicit
06-11 10:34:27.360  9703 10940 D RealConnection:: Platform.get().getSelectedProtocol(sslSocket):http/1.1
06-11 10:34:27.360  9703 10940 D RealConnection:: supportsTlsExtensions:true
06-11 10:34:27.360  9703 10940 D RealConnection:: maybeProtocol:http/1.1
06-11 10:34:27.360  9703 10940 D RealConnection:: protocol:http/1.1
06-11 10:34:27.360  4650 23456 I PantaCard.Lnch.InstantCardEngine:  100281&1888747526&3_sid=536877097_rk=03cc59,sendMessageToCard, cardTag:100281&1888747526&3, false, newData.size = 118, code = 0, hasLoaded: true[sdk:v1.3.130-5a024cf,seed-plugin:v16.56.0-85a272db,app:v16.4.25]
06-11 10:34:27.360  4650  6739 D ExtensionManager: system.localconnection :1:registerCallback tid:5275
06-11 10:34:27.362  4650 23595 D JsConsole: breeno2X2-launcher(rsUDrjLDfb7Y)::TimerManager: tag：TimerManager::replaceGlobalTimer setTimeout id：AfMOVM7PCk
06-11 10:34:27.362  4650 23595 D JsConsole: breeno2X2-launcher(rsUDrjLDfb7Y)::TimerManager: tag：debounce setTimeout id：I0IU8n7uUm
06-11 10:34:27.363  4650 23456 I PantaCard.Lnch.InstantCardEngine:  100281&1888747526&3_sid=536877097_rk=03cc59,sendMessageToCard, cardTag:100281&1888747526&3, false, newData.size = 125, code = 0, hasLoaded: true[sdk:v1.3.130-5a024cf,seed-plugin:v16.56.0-85a272db,app:v16.4.25]
06-11 10:34:27.363  4650  6739 D ExtensionManager: system.localconnection :1:registerCallback tid:5275
06-11 10:34:27.363  4650 23595 D JsConsole: breeno2X2-launcher(rsUDrjLDfb7Y)::TimerManager: tag：TimerManager::replaceGlobalTimer setTimeout id：XqqhpzRip8
06-11 10:34:27.364  4650 23595 D JsConsole: breeno2X2-launcher(rsUDrjLDfb7Y)::TimerManager: tag：debounce setTimeout id：1jxpJgrylZ
06-11 10:34:27.356  8852  9153 D SmartSidebar.PackageReceiver: (Sidebar_HandlerThread)onReceive() mHasRegister:true
06-11 10:34:27.366  8852  9153 D SmartSidebar.PackageReceiver: (pool-3-thread-6)onReceive() mHasRegister:trueintent = action = android.*****.action.PACKAGE_ADDED, pkg = null, flags = 67108880
06-11 10:34:27.366  8852  9153 D SmartSidebar.PackageReceiver: (Sidebar_HandlerThread)onReceive() mHasRegister:true
06-11 10:34:27.366  8852  9153 D SmartSidebar.PackageReceiver: (pool-3-thread-6)onReceive() pkg = com.*****.minimalglobe
06-11 10:34:27.366  8852  9153 D SmartSidebar.PackageReceiver: (pool-3-thread-6)onReceive() isUpdate = true
06-11 10:34:27.366  8852  9153 D SmartSidebar.EdgePanelUtils: (pool-3-thread-6)getOsVersion() osVersion = 37
06-11 10:34:27.366  8852  9153 D SmartSidebar.PackageReceiver: (pool-3-thread-6)getOsVersion > OplusOS_11_2
06-11 10:34:27.366  8852  9153 D SmartSidebar.PackageReceiver: (pool-3-thread-6)onReceive() mHasRegister:trueintent = action = android.*****.action.PACKAGE_REPLACED, pkg = null, flags = 67108880
06-11 10:34:27.366  8852  9153 D SmartSidebar.PackageReceiver: (pool-3-thread-6)onReceive() pkg = com.*****.minimalglobe
06-11 10:34:27.366  8852  9153 D SmartSidebar.PackageReceiver: (pool-3-thread-6)onReceive() isUpdate = true
06-11 10:34:27.366  4650 23456 I PantaCard.Lnch.InstantCardEngine:  100281&1888747526&3_sid=536877097_rk=03cc59,sendMessageToCard, cardTag:100281&1888747526&3, false, newData.size = 119, code = 0, hasLoaded: true[sdk:v1.3.130-5a024cf,seed-plugin:v16.56.0-85a272db,app:v16.4.25]
06-11 10:34:27.366  8852  9153 D SmartSidebar.EdgePanelUtils: (pool-3-thread-6)getOsVersion() osVersion = 37
06-11 10:34:27.366  8852  9153 D SmartSidebar.PackageReceiver: (pool-3-thread-6)getOsVersion > OplusOS_11_2
06-11 10:34:27.366  8852  9153 D SmartSidebar.PackageReceiver: (Sidebar_HandlerThread)onReceive() mHasRegister:true
06-11 10:34:27.366  8852  9153 D SmartSidebar.PackageReceiver: (pool-3-thread-5)onReceive() mHasRegister:trueintent = action = android.*****.action.PACKAGE_REPLACED, pkg = null, flags = 67108880
06-11 10:34:27.366  8852  9153 D SmartSidebar.PackageReceiver: (pool-3-thread-5)onReceive() pkg = com.*****.minimalglobe
06-11 10:34:27.366  8852  9153 D SmartSidebar.PackageReceiver: (pool-3-thread-5)onReceive() isUpdate = true
06-11 10:34:27.366  8852  9153 D SmartSidebar.EdgePanelUtils: (pool-3-thread-5)getOsVersion() osVersion = 37
06-11 10:34:27.366  8852  9153 D SmartSidebar.PackageReceiver: (pool-3-thread-5)getOsVersion > OplusOS_11_2
06-11 10:34:27.367  4650  6739 D ExtensionManager: system.localconnection :1:registerCallback tid:5275
06-11 10:34:27.367  4650 23595 D JsConsole: breeno2X2-launcher(rsUDrjLDfb7Y)::TimerManager: tag：TimerManager::replaceGlobalTimer setTimeout id：mKLwtpT0Eh
06-11 10:34:27.368  4650 23595 D JsConsole: breeno2X2-launcher(rsUDrjLDfb7Y)::TimerManager: tag：debounce setTimeout id：OI4Ra0pMcx
06-11 10:34:27.369  4650 23456 I PantaCard.Lnch.InstantCardEngine:  100281&1888747526&3_sid=536877097_rk=03cc59,sendMessageToCard, cardTag:100281&1888747526&3, false, newData.size = 117, code = 0, hasLoaded: true[sdk:v1.3.130-5a024cf,seed-plugin:v16.56.0-85a272db,app:v16.4.25]
06-11 10:34:27.370  4650  6739 D ExtensionManager: system.localconnection :1:registerCallback tid:5275
06-11 10:34:27.370  4650 23595 D JsConsole: breeno2X2-launcher(rsUDrjLDfb7Y)::TimerManager: tag：TimerManager::replaceGlobalTimer setTimeout id：v8DGnwZUyj
06-11 10:34:27.370  4650 23595 D JsConsole: breeno2X2-launcher(rsUDrjLDfb7Y)::TimerManager: tag：debounce setTimeout id：jW77yqSXao
06-11 10:34:27.366  8852  9153 D SmartSidebar.EdgePanelUtils: (pool-3-thread-6)isAppUnavailable() result = false, pkg = com.*****.minimalglobe, isDisable = false, isFreeze = false
06-11 10:34:27.373  8852  9153 D SmartSidebar.LauncherAppProxy: (pool-3-thread-6)onPackageUpdated com.*****.minimalglobe
06-11 10:34:27.373  8852  9153 D SmartSidebar.LauncherAppProxy: (pool-3-thread-6)onPackageRemoved com.*****.minimalglobe
06-11 10:34:27.373  8852  9153 D SmartSidebar.LauncherAppProxy: (pool-3-thread-6)onPackageAdded com.*****.minimalglobe
06-11 10:34:27.373  8852  9153 D SmartSidebar.EdgePanelUtils: (pool-3-thread-5)isAppUnavailable() result = false, pkg = com.*****.minimalglobe, isDisable = false, isFreeze = false
06-11 10:34:27.376  8852  9153 D SmartSidebar.LauncherAppProxy: (pool-3-thread-5)onPackageUpdated com.*****.minimalglobe
06-11 10:34:27.376  8852  9153 D SmartSidebar.LauncherAppProxy: (pool-3-thread-5)onPackageRemoved com.*****.minimalglobe
06-11 10:34:27.376  8852  9153 D SmartSidebar.LauncherAppProxy: (pool-3-thread-5)onPackageAdded com.*****.minimalglobe
06-11 10:34:27.376  8852  9153 D SmartSidebar.LauncherAppProxy: (pool-3-thread-6)isComponentAvailable result = true ,componentName =ComponentInfo{com.earthengine.minimalglobe/com.earthengine.minimalglobe.MainActivity}
06-11 10:34:27.376  8852  9153 D SmartSidebar.LauncherAppProxy: (pool-3-thread-6)onPackageAdded add it, pkg =com.earthengine.minimalglobe
06-11 10:34:27.376  8852  9153 D SmartSidebar.ToolProxy: (pool-3-thread-6)onPackageUpdated() pkg = com.*****.minimalglobe
06-11 10:34:27.376  4650 23456 I PantaCard.Lnch.InstantCardEngine:  100281&1888747526&3_sid=536877097_rk=03cc59,sendMessageToCard, cardTag:100281&1888747526&3, false, newData.size = 114, code = 0, hasLoaded: true[sdk:v1.3.130-5a024cf,seed-plugin:v16.56.0-85a272db,app:v16.4.25]
06-11 10:34:27.376  8852  9153 D SmartSidebar.UserProxy: (pool-3-thread-6)onPackageUpdated() pkg = com.*****.minimalglobe
06-11 10:34:27.376  8852  9153 D SmartSidebar.UserProxy: (pool-3-thread-6)onPackageUpdated hasChangedUserData = false
06-11 10:34:27.376  8852  9153 D SmartSidebar.LauncherAppProxy: (pool-3-thread-5)isComponentAvailable result = true ,componentName =ComponentInfo{com.earthengine.minimalglobe/com.earthengine.minimalglobe.MainActivity}
06-11 10:34:27.376  4650 23456 I PantaCard.Lnch.InstantCardEngine:  100281&1888747526&3_sid=536877097_rk=03cc59,sendMessageToCard, cardTag:100281&1888747526&3, false, newData.size = 123, code = 0, hasLoaded: true[sdk:v1.3.130-5a024cf,seed-plugin:v16.56.0-85a272db,app:v16.4.25]
06-11 10:34:27.377  4650  6739 D ExtensionManager: system.localconnection :1:registerCallback tid:5275
06-11 10:34:27.377  4650  6739 D ExtensionManager: system.localconnection :1:registerCallback tid:5275
06-11 10:34:27.377  8852  9153 D SmartSidebar.ToolProxy: (pool-3-thread-5)onPackageUpdated() pkg = com.*****.minimalglobe
06-11 10:34:27.378  8852  9153 D SmartSidebar.UserProxy: (pool-3-thread-5)onPackageUpdated() pkg = com.*****.minimalglobe
06-11 10:34:27.378  8852  9153 D SmartSidebar.UserProxy: (pool-3-thread-5)onPackageUpdated hasChangedUserData = false
06-11 10:34:27.378  4650  4741 V OplusUXIconLoader: loadUxIcon drawable null, packageName = com.earthengine.minimalglobe,activityName =:null
06-11 10:34:27.378  4650 23595 D JsConsole: breeno2X2-launcher(rsUDrjLDfb7Y)::TimerManager: tag：TimerManager::replaceGlobalTimer setTimeout id：wrt0Fk2AmK
06-11 10:34:27.379  4650 23456 I PantaCard.Lnch.InstantCardEngine:  100281&1888747526&3_sid=536877097_rk=03cc59,sendMessageToCard, cardTag:100281&1888747526&3, false, newData.size = 114, code = 0, hasLoaded: true[sdk:v1.3.130-5a024cf,seed-plugin:v16.56.0-85a272db,app:v16.4.25]
06-11 10:34:27.379  4650 23595 D JsConsole: breeno2X2-launcher(rsUDrjLDfb7Y)::TimerManager: tag：debounce setTimeout id：Lvp8iCmyVo
06-11 10:34:27.380  4650  6739 D ExtensionManager: system.localconnection :1:registerCallback tid:5275
06-11 10:34:27.380  4650 23595 D JsConsole: breeno2X2-launcher(rsUDrjLDfb7Y)::TimerManager: tag：TimerManager::replaceGlobalTimer setTimeout id：YkHgBaJhhQ
06-11 10:34:27.380  4650 23595 D JsConsole: breeno2X2-launcher(rsUDrjLDfb7Y)::TimerManager: tag：debounce setTimeout id：dxDrXH55sA
06-11 10:34:27.381  4650 23595 D JsConsole: breeno2X2-launcher(rsUDrjLDfb7Y)::TimerManager: tag：TimerManager::replaceGlobalTimer setTimeout id：4OCXuCMqKN
06-11 10:34:27.382  4650 23595 D JsConsole: breeno2X2-launcher(rsUDrjLDfb7Y)::TimerManager: tag：debounce setTimeout id：sQzzqYzSWn
06-11 10:34:27.383  4650 23456 I PantaCard.Lnch.InstantCardEngine:  100281&1888747526&3_sid=536877097_rk=03cc59,sendMessageToCard, cardTag:100281&1888747526&3, false, newData.size = 113, code = 0, hasLoaded: true[sdk:v1.3.130-5a024cf,seed-plugin:v16.56.0-85a272db,app:v16.4.25]
06-11 10:34:27.384  4650  6739 D ExtensionManager: system.localconnection :1:registerCallback tid:5275
06-11 10:34:27.385  4650 23595 D JsConsole: breeno2X2-launcher(rsUDrjLDfb7Y)::TimerManager: tag：TimerManager::replaceGlobalTimer setTimeout id：IpPXrbaR80
06-11 10:34:27.386  4650 23456 I PantaCard.Lnch.InstantCardEngine:  100281&1888747526&3_sid=536877097_rk=03cc59,sendMessageToCard, cardTag:100281&1888747526&3, false, newData.size = 121, code = 0, hasLoaded: true[sdk:v1.3.130-5a024cf,seed-plugin:v16.56.0-85a272db,app:v16.4.25]
06-11 10:34:27.386  4650  6739 D ExtensionManager: system.localconnection :1:registerCallback tid:5275
06-11 10:34:27.387  4650 23595 D JsConsole: breeno2X2-launcher(rsUDrjLDfb7Y)::TimerManager: tag：debounce setTimeout id：L9vjfuURJe
06-11 10:34:27.387  3189  5854 V GrammaticalInflectionUtils: AttributionSource: android.content.AttributionSource@5204d5b8 does not have READ_SYSTEM_GRAMMATICAL_GENDER permission.
06-11 10:34:27.387  4650 23595 D JsConsole: breeno2X2-launcher(rsUDrjLDfb7Y)::TimerManager: tag：TimerManager::replaceGlobalTimer setTimeout id：8l8uoBvcE9
06-11 10:34:27.387  3189  5854 D OplusCompatModeManagerService: getRequestedConfigurationOrientation  res:0,req:-1,config.old:0,config.new:0,ActivityRecord{137025108 u0 com.earthengine.minimalglobe/.MainActivity t-1}
06-11 10:34:27.387  3189  5854 D OplusCompatModeManagerService:  onPreActivityRecordConfigurationChanged {0.0 ?mcc??mnc ?localeList ?layoutDir ?swdp ?wdp ?hdp ?density ?lsize ?long ?ldr ?wideColorGamut ?orien ?uimode ?night ?touch ?keyb/?/? ?nav/? winConfig={ mBounds=Rect(0, 0 - 0, 0) mAppBounds=null mMaxBounds=Rect(0, 0 - 0, 0) mDisplayRotation=undefined mWindowingMode=undefined mActivityType=undefined mAlwaysOnTop=undefined mRotation=undefined} ?fontWeightAdjustmentmThemeChanged= 0, mThemeChangedFlags= 0, mFlipFont= 0, mScenario= -1, mAccessibleChanged= 0, mUxIconConfig= 0, mMaterialColor= ffffffffffffffff, mUserId= -1, mFontUserId= -1, mFontVariationSettings= ffffffff, mFoldingAngle = -1.0, mIconPackName= , mDarkModeBackgroundMaxL= -1.0, mDarkModeDialogBgMaxL= -1.0, mDarkModeForegroundMinL= -1.0, mOplusConfigType= 0, mOplusChangedConfigs= 0, OpSans= -1, mBurmeseFontFlag= -1, mFlag= 0, mExtraFlag= 0, mFlexibleActivitySuitable= -1, mPuttDisplayFlag= -1}
06-11 10:34:27.387  3189  5854 D OplusCompatModeManagerService:  disable:true,valid:false,computeReq:0,isGameRatio:false
06-11 10:34:27.387  3189  5854 D OplusCompatModeManagerService:  getOverrideMinAspectRatioForCompatMode: 0.0 getRawOverrideMinAspectRatioForCompatMode: 0.0
06-11 10:34:27.387  3189  5854 D OplusCompatModeManagerService:  ar : ActivityRecord{137025108 u0 com.earthengine.minimalglobe/.MainActivity t-1} displayId:-1 inCompatMode: false
06-11 10:34:27.387  3189  5854 D OplusCompatModeManagerService: isDefaultDisplay true oldRect: Rect(0, 0 - 0, 0) newRect Rect(0, 0 - 0, 0)
06-11 10:34:27.388  3189  5854 D OplusCompatModeManagerService: reloadCompactRatio mParWorldContainer.isEnabledParallelWindow(pkg):false,mParWorldContainer.isDisabledCompactWindow:false,isUIAutoLayout:false, isFullOrientation: false
06-11 10:34:27.388  3189  3825 V AccessibilityManagerService: onUserStateChangedLocked for user 0 with forceUpdate: false mEnabledServices = [ComponentInfo{com.oplus.travelengine/com.oplus.travelengine.travelaccessibilityservice.EngineAccessibilityService}] mCrashedServices = [] hasMagnificationConnection=false
06-11 10:34:27.388  3189  5854 D FlexibleTaskController: isSupportFlexibleWindow target = com.earthengine.minimalglobe/.MainActivity callPkg = FlexibleTaskController support = true ,caller = 3189
06-11 10:34:27.388  4650 23595 D JsConsole: breeno2X2-launcher(rsUDrjLDfb7Y)::TimerManager: tag：debounce setTimeout id：VBycPEetCC
06-11 10:34:27.388  3189  5854 D ActivityStarterExtImpl: do not intercept for realCallingAppIsSystemApp or CallingAppIsSystemApp
06-11 10:34:27.388  3189  3265 E QosSceneRecognizer[ActivityStartScene]: notifyActivityStart get launchedFromUid failed through AppManager! launchedFromPackage: com.android.shell, pkg: com.earthengine.minimalglobe
06-11 10:34:27.389  3189  3189 W AlarmManager: Package com.earthengine.minimalglobe, uid 10602 lost permission to set exact alarms!
06-11 10:34:27.389  3189  5854 D FlexibleWindowManagerService: isIgnoreAppearedAcrossTask:false
06-11 10:34:27.389  3189  5854 D FlexibleWindowManagerService: isIgnoreAppearedAcrossTask:false
06-11 10:34:27.389  3189  5854 D FlexibleTaskController: findSourceTaskForFreeForm: sourceRecord = null ,realCallingPid:29772 ,launchFromZoomMode:false ,prevTopTask:Task{cc210d4 #2 type=undefined I=com.android.launcher/.Launcher}
06-11 10:34:27.389  3189  5854 D FlexibleTaskController: findSourceTaskForFreeForm: the caller is not a flexible freeform window application and does not have a zoom windowMode startup parameter
06-11 10:34:27.389  3189  5854 D FlexibleTaskController: adjustOptionsForFlexibleTask not allow options follow process task's options, reason:9 ,reusedOptions:null
06-11 10:34:27.389  3189  5854 D FlexibleTaskController: isSupportFlexibleWindow target = com.earthengine.minimalglobe/.MainActivity callPkg = FlexibleTaskController support = true ,caller = 3189
06-11 10:34:27.389  3189  5854 D FlexibleWindowManagerService: no reused task found for ActivityRecord{137025108 u0 com.earthengine.minimalglobe/.MainActivity t-1}
06-11 10:34:27.391  5227  6060 W download_ui_engine: dlv3 trans: {compressUri=/apk/compression/202606/01/cc801e344f8aef845f9b8f3df8391466.zst, uDimensionId=3003_170, uOldMd5=fd39a4355e47950e0b440798cf1329cb, compressSize=12015410, uObit=5, compressMd5=5a802b15097a918f8efbfd8b95534a8b, compressId=25697920-w-3288950, compressHMd5=f09c5c6771404e47c443f6bcf56a9f63, source=1}
06-11 10:34:27.391  3189  3189 D NotificationService--OplusNotificationManagerServiceExtImpl: notifyDelayRemovedLocked,reason:5 isGroup:false
06-11 10:34:27.391  5227  6060 W FastInstallCopyHelper: shouldUseFastInstallCopy: false - not active download, downloadType=3 #com.coloros.smartsidebar
06-11 10:34:27.391  4650 23456 I PantaCard.Lnch.InstantCardEngine:  100281&1888747526&3_sid=536877097_rk=03cc59,sendMessageToCard, cardTag:100281&1888747526&3, false, newData.size = 115, code = 0, hasLoaded: true[sdk:v1.3.130-5a024cf,seed-plugin:v16.56.0-85a272db,app:v16.4.25]
06-11 10:34:27.392  4650 23595 D JsConsole: breeno2X2-launcher(rsUDrjLDfb7Y)::TimerManager: tag：TimerManager::replaceGlobalTimer setTimeout id：3LXpGBxbY6
06-11 10:34:27.392  4650 23595 D JsConsole: breeno2X2-launcher(rsUDrjLDfb7Y)::TimerManager: tag：debounce setTimeout id：YDaeicIK0P
06-11 10:34:27.392  3189  4469 I OPM     : handleActivityStart : ActivityRecord{137025108 u0 com.earthengine.minimalglobe/.MainActivity t-1}
06-11 10:34:27.393  3189  5854 D OplusAlwaysAliveManager: remove previous task: 2805, ComponentInfo{com.earthengine.minimalglobe/com.earthengine.minimalglobe.MainActivity}
06-11 10:34:27.393  3189  5854 D OplusCompatModeManagerService: getRequestedConfigurationOrientation  res:0,req:-1,config.old:0,config.new:1,ActivityRecord{137025108 u0 com.earthengine.minimalglobe/.MainActivity t2806}
06-11 10:34:27.394  3189  5854 D OplusCompatModeManagerService:  onPreActivityRecordConfigurationChanged {1.0 ??mcc??mnc [zh_CN] ldltr sw354dp w354dp h792dp 560dpi nrml long hdr widecg port finger -keyb/v/h -nav/h winConfig={ mBounds=Rect(0, 0 - 1240, 2772) mAppBounds=Rect(0, 0 - 1240, 2772) mMaxBounds=Rect(0, 0 - 1240, 2772) mDisplayRotation=ROTATION_0 mWindowingMode=fullscreen mActivityType=standard mAlwaysOnTop=undefined mRotation=ROTATION_0} s.3260 fontWeightAdjustment=0mThemeChanged= 0, mThemeChangedFlags= 0, mFlipFont= 0, mScenario= 0, mAccessibleChanged= -1, mUxIconConfig= 1e177015e00020, mMaterialColor= 0, mUserId= 0, mFontUserId= 0, mFontVariationSettings= 226, mFoldingAngle = -1.0, mIconPackName= , mDarkModeBackgroundMaxL= 0.0, mDarkModeDialogBgMaxL= 27.0, mDarkModeForegroundMinL= 100.0, mOplusConfigType= 1, mOplusChangedConfigs= 0, OpSans= -1, mBurmeseFontFlag= 2, mFlag= 0, mExtraFlag= 0, mFlexibleActivitySuitable= -1, mPuttDisplayFlag= -1}
06-11 10:34:27.394  3189  5854 D OplusCompatModeManagerService:  disable:true,valid:false,computeReq:0,isGameRatio:false
06-11 10:34:27.394  3189  5854 D OplusCompatModeManagerService:  getOverrideMinAspectRatioForCompatMode: 0.0 getRawOverrideMinAspectRatioForCompatMode: 0.0
06-11 10:34:27.394  3189  5854 D OplusCompatModeManagerService:  ar : ActivityRecord{137025108 u0 com.earthengine.minimalglobe/.MainActivity t2806} displayId:0 inCompatMode: false
06-11 10:34:27.394  3189  5854 D OplusCompatModeManagerService: isDefaultDisplay true oldRect: Rect(0, 0 - 0, 0) newRect Rect(0, 0 - 1240, 2772)
06-11 10:34:27.394  3189  5854 D OplusCompatModeManagerService: reloadCompactRatio mParWorldContainer.isEnabledParallelWindow(pkg):false,mParWorldContainer.isDisabledCompactWindow:false,isUIAutoLayout:false, isFullOrientation: false
06-11 10:34:27.394  4650  6739 D ExtensionManager: system.localconnection :1:registerCallback tid:5275
06-11 10:34:27.394  3189  5854 D SecondaryPageStartupPolicy: checkSecondaryPageStartupStatus not support sourcePackage=com.android.shell
06-11 10:34:27.395  3189  5854 D OplusStartingWindowManager: we don't revise window flags for third app
06-11 10:34:27.395  3189  5854 D ActivityTaskManager: validateStartingWindowTheme:  Pkg=com.earthengine.minimalglobe, Translucent=false, Floating=false, ShowWallpaper=false, Disable=false, LaunchSource=4, Prev=null, LaunchedFromPackage=com.android.shell
06-11 10:34:27.395  3189  5854 D OplusAlwaysAliveManager: save launch theme 0x1030241 for Task{ed0203e #2806 type=standard A=10602:com.earthengine.minimalglobe}, act=com.android.server.wm.OplusAlwaysAliveManager@1136906
06-11 10:34:27.395  3189  5854 D ActivityTaskManager: addStartingWindow for ActivityRecord{137025108 u0 com.earthengine.minimalglobe/.MainActivity t2806}, mainWin=null, state=INITIALIZING, isKeyguardLocked=false, isKeyguardGoingAway=false
06-11 10:34:27.395  3189  5854 D ActivityTaskManager: getStartingWindowType: , newTask=true, taskSwitch=true, processRunning=false, allowTaskSnapshot=true, activityCreated=false, activityAllDrawn=false, snapshot exist: false
06-11 10:34:27.395  3189  5854 D ActivityRecordExtImpl: handleStartingWindowForCompactWindow origin type:2, adjustType : 2
06-11 10:34:27.395  3189  5854 D TaskOrganizerController: TaskOrganizerController.addStartingWindow: call wmshell to addStartingWindow:ActivityRecord{137025108 u0 com.earthengine.minimalglobe/.MainActivity t2806}
06-11 10:34:27.396  4329  4493 D PhoneStartingWindowTypeAlgorithm: preferredStartingWindowType newTask=true, taskSwitch=true, processRunning=false, allowTaskSnapshot=true, activityCreated=false, isSolidColorSplashScreen=false, legacySplashScreen=false, activityDrawn=false, windowless=false, topIsHome=false
06-11 10:34:27.396  4329  4493 D OplusShellStartingWindowManager: getReviseStartingWindowType not support, windowInfo is null
06-11 10:34:27.396  3189  5854 D ActivityTrigger: ActivityTrigger activityPauseTrigger 
06-11 10:34:27.397  3189  3949 I [UAH_CLIENT]: UahEventAcquire, cmdid:1, pkg:com.earthengine.minimalglobe, identity:com.android.server.wm
06-11 10:34:27.397  3189  5854 I ActivityTaskManager: Add Task{f676a63 #2805 type=standard A=10602:com.earthengine.minimalglobe} to hidden list because adding Task{ed0203e #2806 type=standard A=10602:com.earthengine.minimalglobe}
06-11 10:34:27.397  3189  5854 D ActivityTaskManager: notifyTaskRemoved, task: Task{f676a63 #2805 type=standard A=10602:com.earthengine.minimalglobe} trace:com.android.server.wm.RecentTasks.removeForAddTask:1888 com.android.server.wm.RecentTasks.add:1377 com.android.server.wm.ActivityStarter.startActivityInner:3039 com.android.server.wm.ActivityStarter.startActivityUnchecked:2174 com.android.server.wm.ActivityStarter.executeRequest:1924 
06-11 10:34:27.397  4329  4493 I ndroid.systemui: AssetManager2(0xb4000078d2ba9e28) locale list changing from [] to [zh-CN]
06-11 10:34:27.398  3189  5854 D ActivityTaskManager: notifyTaskAdded, task: Task{ed0203e #2806 type=standard A=10602:com.earthengine.minimalglobe} trace:com.android.server.wm.RecentTasks.add:1392 com.android.server.wm.ActivityStarter.startActivityInner:3039 com.android.server.wm.ActivityStarter.startActivityUnchecked:2174 com.android.server.wm.ActivityStarter.executeRequest:1924 com.android.server.wm.ActivityStarter.execute:1012 
06-11 10:34:27.398  4329  4493 D OplusShellStartingWindowManager: adjustSuggestedWindowType originType: 1, wi: StartingWindowInfo{taskId=2806 targetActivityInfo=null displayId=0 topActivityType=1 preferredStartingWindowType=8b mainWindowLayoutParams=null splashScreenThemeResId 1030241, exi: OplusStartingWindowExtendedInfo{mAppToken=android.os.BinderProxy@31ab43b, mSupportSplashScreenPreview=false, mIsSystemApp=false, mIsExceptionListApp=false, mPreviewBitmap=null, mShouldDrawBackground=false, mForceLightMode=false, mForceNightMode=false, mNotSupportNightMode=false, mForcePreview=false, mForceBigIcon=false, mQuickStartingSurface=null, mForceSolidColorSplash=false}
06-11 10:34:27.398  3189  4395 V GrammaticalInflectionUtils: AttributionSource: android.content.AttributionSource@5204d5b8 does not have READ_SYSTEM_GRAMMATICAL_GENDER permission.
06-11 10:34:27.398  4329  4493 D OplusShellStartingWindowManager: adjustSuggestedWindowType: skip no-system app and no-exception list app
06-11 10:34:27.399  3189  5854 D osense.compress: notifyActivityLaunched pkgName = com.earthengine.minimalglobe, userId = 0
06-11 10:34:27.399  4329  4424 V WindowManagerShell: Transition requested (#1451): android.os.BinderProxy@5eae758 TransitionRequestInfo { type = OPEN, triggerTask = TaskInfo{userId=0 taskId=2806 effectiveUid=10602 displayId=0 isRunning=true baseIntent=Intent { flg=0x10000000 cmp=com.earthengine.minimalglobe/.MainActivity mCallingUid=2000 } baseActivity=ComponentInfo{com.earthengine.minimalglobe/com.earthengine.minimalglobe.MainActivity} topActivity=ComponentInfo{com.earthengine.minimalglobe/com.earthengine.minimalglobe.MainActivity} origActivity=null realActivity=ComponentInfo{com.earthengine.minimalglobe/com.earthengine.minimalglobe.MainActivity}
06-11 10:34:27.399  4329  4424 V WindowManagerShell:  numActivities=1 lastActiveTime=242664724 supportsSplitScreenMultiWindow=true supportsMultiWindow=true supportsPocketStudioMultiWindow=true isInFlexibleEmbedded = false uid = 10602 pid = 0 resizeMode=1 isResizeable=true minWidth=-1 minHeight=-1 defaultMinSize=220 token=WCT{android.window.IWindowContainerToken$Stub$Proxy@d9180b1} topActivityType=1 pictureInPictureParams=null shouldDockBigOverlays=false launchIntoPipHostTaskId=-1 lastParentTaskIdBeforePip=-1 displayCutoutSafeInsets=Rect(0, 139 - 0, 0)
06-11 10:34:27.399  4329  4424 V WindowManagerShell:  topActivityInfo=ActivityInfo{60fe996 com.earthengine.minimalglobe.MainActivity} launchCookies=[] positionInParent=Point(0, 0) parentTaskId=-1 isFocused=false isVisible=false isVisibleRequested=false isTopActivityNoDisplay=false isSleeping=false locusId=null displayAreaFeatureId=1 isTopActivityTransparent=false isActivityStackTransparent=false lastNonFullscreenBounds=Rect(322, 807 - 918, 2047) capturedLink=null capturedLinkTimestamp=0 requestedVisibleTypes=-9 topActivityRequestOpenInBrowserEducationTimestamp=0
06-11 10:34:27.399  4329  4424 V WindowManagerShell:  appCompatTaskInfo=AppCompatTaskInfo { topActivityInSizeCompat=false topActivityInOplusCompatMode=false eligibleForLetterboxEducation= false isLetterboxEducationEnabled= false isLetterboxDoubleTapEnabled= false eligibleForUserAspectRatioButton= false topActivityBoundsLetterboxed= false isFromLetterboxDoubleTap= false topActivityLetterboxVerticalPosition= -1 topActivityLetterboxHorizontalPosition= -1 topActivityLetterboxWidth=-1 topActivityLetterboxHeight=-1 topActivityAppBounds=Rect(0, 0 - 1240, 2772) isUserFullscreenOverrideEnabled=false isSystemFullscreenOverrideEnabled=false hasMinAspectRatioOverride=false topActivityLetterboxBounds=null cameraCompatTaskInfo=CameraCompatTaskInfo { freeformCameraCompatMode=inactive}} topActivityMainWindowFrame=null topActivityLetterboxInsets=Rect(0, 0 - 0, 0)
06-11 10:34:27.399  4329  4424 V WindowManagerShell:  mOplusExtraBundle = Bundle[mParcelledData.dataSize=1488]}, pipChange = null, remoteTransition = null, displayChange = null, flags = 0, debugId = 1451 }
06-11 10:34:27.399  3189  5854 I ActivityTaskManager: START u0 {flg=0x10000000 xflg=0x5 cmp=com.earthengine.minimalglobe/.MainActivity mCallingUid=2000} with LAUNCH_MULTIPLE from uid 2000 (BAL_ALLOW_PERMISSION (START_ACTIVITIES_FROM_BACKGROUND permission granted)) result code=0
06-11 10:34:27.399  4329  4424 D ShellSplitScreen: logExit: no-op, mLoggerSessionId is null
06-11 10:34:27.400  3189  4721 D CompatChangeReporter: Compat change id reported: 377864165; UID 10602; state: ENABLED
06-11 10:34:27.400  4329  4493 D WindowManager: Add to mViews: android.widget.FrameLayout{fd32104 V.E...... ......I. 0,0-0,0 alpha=1.0 viewInfo = },pkg= com.earthengine.minimalglobe
06-11 10:34:27.401  4329  4630 D skia    : setRusSupported enable 1
06-11 10:34:27.401  4329  4329 I SDP.SysUi.InstallMonitorManager:  Start notify install for package:com.earthengine.minimalglobe.[ssdk:v1.3.80-cc7da83,sdplugin:v16.56.0-85a272db]
06-11 10:34:27.402  4329  4498 D ShellStartingWindow: getWindowAttrs SplashScreenWindowAttrs{ mWindowBgResId: 10602ea, mWindowBgColor: 0, mWindowBgImage: false, mSplashScreenIcon: false, mBrandingImage: false, mIconBgColor: 0, uiMode: 0}
06-11 10:34:27.402  4329  4498 W ShellStartingWindow: peekWindowBGColor mWindowBgColor:0 mWindowBgResId:17171178 estimatedWindowBGColor:-328966
06-11 10:34:27.402  4329  4498 I ShellStartingWindow: makeSplashScreenContentView themeBGColor: fffafafa, isDark: false, last config hash: -566341726
06-11 10:34:27.402  1708  1815 W ANDR-PERF-LM: MetaMeter: handlePrimaryAsync() 118: AdaptLaunch MetaMeter. No MeterMgr Available to handle this Primary Async. !!!!
06-11 10:34:27.402  1708  1815 W ANDR-PERF-LM: MetaMeter: handlePrimaryAsync() 118: AdaptLaunch MetaMeter. No MeterMgr Available to handle this Primary Async. !!!!
06-11 10:34:27.403  4329 27414 I SDP.SysUi.ContextProxy:  acquireClient with authority:com.oplus.pantanal.ums.statictis, pkgName:com.android.systemui, use userContext, userId:0[ssdk:v1.3.80-cc7da83,sdplugin:v16.56.0-85a272db] [SeedlingSdk|com.android.systemui|2.0.40-ebe132d]
06-11 10:34:27.403  4329 27414 D OplusUserContext: acquireUnstableContentProviderClient, originAuthority com.oplus.pantanal.ums.statictis authorityWithoutUserId com.oplus.pantanal.ums.statictis authorityWithUserId 0@com.oplus.pantanal.ums.statictis UserContextImp com.android.systemui.SystemUIApplication@185e5df userId 0
06-11 10:34:27.403  4650  4650 I SplitScreenManager: Attached Launcher#7e871e0 ON_PAUSE
06-11 10:34:27.403  6716  8815 I SG::ExternalProvider: call method scanSingle, arg package:com.earthengine.minimalglobe [base|com.oplus.pantanal.ums|2.0.44-25e9612]
06-11 10:34:27.403  6716  8815 I SG::UmsScanner: scan pkg: com.earthengine.minimalglobe start...
06-11 10:34:27.403  4329  4498 V OplusUXIconLoader: loadUxIcon drawable null, packageName = com.earthengine.minimalglobe,activityName =:com.earthengine.minimalglobe.MainActivity
06-11 10:34:27.403  4329  4498 V OplusUXIconLoader: loadUxIcon drawable null, packageName = com.earthengine.minimalglobe,activityName =:null
06-11 10:34:27.404  3189  4691 I AppSnapshotController: attachStartingWindow, win = Window{66314ee u0 Splash Screen com.earthengine.minimalglobe}, shouldAppSnapshot = false
06-11 10:34:27.404  3189  4691 D ActivityTaskManager: attachStartingWindow: mStartingData=SplashScreenStartingData{7b2d81c removeAfterTransaction= 0}, mAssociatedTask=null, mStartingWindow=Window{66314ee u0 Splash Screen com.earthengine.minimalglobe}
06-11 10:34:27.404  3189  4691 D WindowManager: attachImeScreenshotOnTargetIfNeeded, mImeHiding = false, requestedVisibleTypes = -9
06-11 10:34:27.404  3189  4691 I WindowManager: addWindow: New client android.os.BinderProxy@9c36269 : window=Window{66314ee u0 Splash Screen com.earthengine.minimalglobe}
06-11 10:34:27.405  4650  4650 I GCP.GroupCardWrapper[1781139090859]:  setDrawPicForDrag, isDrawPicForDrag: true[gcSdk:v1.3.130-5a024cf,gcPlugin:v16.56.0-ff09c7f3] [OplusLauncher|com.android.launcher|2.0.44-25e9612]
06-11 10:34:27.405  4650  4650 I SDP.Lnch.EngineViewProxy:  666660111&1888747539&3_sid=536871060_rk=5dcbdc_1,uleView:EngineViewProxy(standard=b6.g{5ae23e2 VFED..... ........ 0,0-522,583 #c8 alpha=1.0 viewInfo = }, lite=null, remote=null),standard:b6.g{5ae23e2 VFED..... ........ 0,0-522,583 #c8 alpha=1.0 viewInfo = }[ssdk:v1.3.130-5a024cf,sdplugin:v16.56.0-85a272db] [SeedlingSdk|com.android.launcher|2.0.40-ebe132d]
06-11 10:34:27.405  9715 18949 I AstScreen.WatchOverlayProxy: onPause , isCurrentAssistantScreen():com.coloros.common.utils.r@1588f34.isCurrentAssistantScreen()
06-11 10:34:27.405  4650  4650 I flutter : [INFO:android_shell_holder.cc(376)] AndroidShellHolder GetScreenshotBitmap.
06-11 10:34:27.406  4329  4493 D ViewRootImplExtImpl: onDisplayChanged -1 for VRI android.view.ViewRootImpl@992f821
06-11 10:34:27.406  4329  4498 D ShellStartingWindow: inconsize = 560
06-11 10:34:27.406 25296 11619 I AstScreen.LauncherOverlayBinder.Ht: onPause
06-11 10:34:27.406 26764  4866 W OplusExSystemServiceHelper: checkOplusExSystemService intent getComponent is null
06-11 10:34:27.408  3189  4691 I system_server: _Desupression native alloc gc_urgency: 72455 native bytes: 179991440
06-11 10:34:27.408  4650  4650 I SDP.Lnch.StandardSeedling:  666660111&1888747539&3_sid=536871060_rk=5dcbdc,getViewScreenshot,bitmap:android.graphics.Bitmap@991f728[ssdk:v1.3.130-5a024cf,sdplugin:v16.56.0-85a272db]
06-11 10:34:27.408  4650  4650 D AnimSeqTimeStamp: resetLastLaunchTaskTime
06-11 10:34:27.409  4650  4650 I GCP.ChildCardSnapshotManager:  addOrUpdateChildCardSnapshot: 1781139090859, sceneKey: 210000000_210000000, layoutGravity: 2[gcSdk:v1.3.130-5a024cf,gcPlugin:v16.56.0-ff09c7f3]
06-11 10:34:27.409  3189  4966 I OplusHansManager : front pkg: com.earthengine.minimalglobe, uid: 10602, prev pkg: com.android.launcher, prev uid: 10196
06-11 10:34:27.409  3189  4966 D RefreshRate: don't do app switch boost,arDisplayId:0 mDisplayId:0 currentSettingMode:3 hasAppSwitchBoostPriority:true is supportRefreshRateSwitch:true
06-11 10:34:27.409  3189  3949 D JobSchedulerServiceExtImpl: updateOsenseRestrictMode for 1 true false
06-11 10:34:27.409  3189  4683 D OplusHansManager : onUidHansStateChanged: uid = 10602, isFreeze = false, frozenStatus = 0
06-11 10:34:27.409  3189  4966 V SensorManager: call sensorServiceCommonInterface name: setScreenShotDisable
06-11 10:34:27.410  3189  4966 D SensorServiceExtImpl: sensorServiceCommonInterface funcName = setScreenShotDisable, flag = 0, status = 0
06-11 10:34:27.410  1708  1815 W ANDR-PERF-LM: MetaMeter: handlePrimaryAsync() 118: AdaptLaunch MetaMeter. No MeterMgr Available to handle this Primary Async. !!!!
06-11 10:34:27.410  1708  1815 W ANDR-PERF-LM: MetaMeter: handlePrimaryAsync() 118: AdaptLaunch MetaMeter. No MeterMgr Available to handle this Primary Async. !!!!
06-11 10:34:27.410  3189  3949 I [UAH_CLIENT]: UahEventAcquire, cmdid:1, pkg:com.earthengine.minimalglobe, identity:com.android.server.wm
06-11 10:34:27.410  3189  4966 D ActivityTaskManager: setAppVisibility(Token{664ce9f ActivityRecord{137025108 u0 com.earthengine.minimalglobe/.MainActivity t2806}}, visible=true):  visible=false mVisibleRequested=false
06-11 10:34:27.410  3189  4966 D ActivityTaskManager: setVisibility(Token{664ce9f ActivityRecord{137025108 u0 com.earthengine.minimalglobe/.MainActivity t2806}}, visible=true) defer commitVisibility for transition collecting
06-11 10:34:27.410  3189  4966 V SensorManager: call sensorServiceCommonInterface name: setScreenShotDisable
06-11 10:34:27.410  3189  4966 D SensorServiceExtImpl: sensorServiceCommonInterface funcName = setScreenShotDisable, flag = 0, status = 0
06-11 10:34:27.410  3189  4966 D ActivityTaskManager: setAppVisibility(Token{7b9f27d ActivityRecord{6207955 u0 com.android.launcher/.Launcher t2}}, visible=false):  visible=true mVisibleRequested=true
06-11 10:34:27.410  3189  3949 I [UAH_CLIENT]: UahEventAcquire, cmdid:1, pkg:com.earthengine.minimalglobe, identity:com.android.server.wm
06-11 10:34:27.411  3189  4966 D ActivityTaskManager: setVisibility(Token{7b9f27d ActivityRecord{6207955 u0 com.android.launcher/.Launcher t2}}, visible=false) defer commitVisibility for transition collecting
06-11 10:34:27.411  3189  4966 D DisplayModeDirector: setAppRequest displayId : 4  modeId: 0  requestedRefreshRate: 0.0  requestedMinRefreshRateRange: 0.0  requestedMaxRefreshRateRange: 0.0
06-11 10:34:27.412  3189  4966 D DisplayModeDirector: setAppRequest displayId : 0  modeId: 1  requestedRefreshRate: 0.0  requestedMinRefreshRateRange: 0.0  requestedMaxRefreshRateRange: 120.00001
06-11 10:34:27.413  4650  4650 I PantaCard.Lnch.InstantCardEngine:  100281&1888747526&3_sid=536877097_rk=03cc59,sendMessageToCard, cardTag:100281&1888747526&3, false, newData.size = 213, code = 0, hasLoaded: true[sdk:v1.3.130-5a024cf,seed-plugin:v16.56.0-85a272db,app:v16.4.25]
06-11 10:34:27.413  4650  4650 I PantaCard.Lnch.InstantCardEngine:  10000307&1000001&1_sid=536878910_rk=42f9f6,sendMessageToCard, cardTag:10000307&1000001&1, false, newData.size = 213, code = 0, hasLoaded: true[sdk:v1.3.130-5a024cf,seed-plugin:v16.56.0-85a272db,app:v16.4.25]
06-11 10:34:27.413  4650  4650 D HostCallbackManager: cache js message
06-11 10:34:27.416  9703 11131 D RealConnection:: Platform.get().getSelectedProtocol(sslSocket):http/1.1
06-11 10:34:27.416  9703 11131 D RealConnection:: supportsTlsExtensions:true
06-11 10:34:27.416  9703 11131 D RealConnection:: maybeProtocol:http/1.1
06-11 10:34:27.416  9703 11131 D RealConnection:: protocol:http/1.1
06-11 10:34:27.417  4650  6739 D ExtensionManager: system.localconnection :1:registerCallback tid:5275
06-11 10:34:27.417  1667 15952 I sensors-hal: handle_oplus_wise_rgb_event:230, wise_rgb:algo_type = 3
06-11 10:34:27.417  1667 15952 I sensors-hal: handle_oplus_wise_rgb_event:285, wise_rgb: raw_lux 527.212402, raw_cct 6405.582031, r/g/b/c: 40967.816406/35695.046875/20131.595703/91221.468750, R/G/B: 0.000000/0.000000/0.000000, brl 1529.000000, lux: 527.212402, cct: 6405.582031, ts 242664735711561, cnt 3981
06-11 10:34:27.418 25296 25296 I AstScreen.RxLauncherStateMonitor: setValue launcherState PAUSE value PAUSE
06-11 10:34:27.418 25296 25296 I AstScreen.AssistantScreen.EventProcessor.state: onPause enter: false resume:false lastEvent: enter_back_end
06-11 10:34:27.418 25296 25296 I AstScreen.AssistantScreen.EventProcessor.state: onPause isEnterResume false
06-11 10:34:27.418 25296 25296 I AstScreen.AssistantScreen.EnterBooster: onWindowPause do
06-11 10:34:27.420  4650 23595 D JsConsole: breeno2X2-launcher(rsUDrjLDfb7Y)::TimerManager: tag：debounce setTimeout id：OeE5G3lIdE
06-11 10:34:27.419 10084 10084 D SystemAlertManager: receive pkg install:com.earthengine.minimalglobe
06-11 10:34:27.427 18957 18957 I WeatherS_WeatherServiceManager: onServiceConnected
06-11 10:34:27.418  3189  3825 W MagnificationConnectionManager: requestConnection duplicated request: connect=false, mConnectionState=DISCONNECTED
06-11 10:34:27.428  3189  3606 I InputDispatcher: updateFocusedWindow,  on display 0, reason: NO_WINDOW, result:   FocusedWindows: <none>
06-11 10:34:27.428 18957 27191 I WeatherS_WeatherBaseDataTask: executeRequest getDoubleCityWeatherDataAndUpdate
06-11 10:34:27.428  4650  4650 D VRI[Launcher]: onFocusEvent false
06-11 10:34:27.428  3189  4242 I Osense-BaseDecisionMaker: notifySceneToAthenaPolicy: SCENE_APP_SWITCH, bundle: Bundle[{prevPkgName=com.android.launcher, curUid=10602, isGame=false, curPkgName=com.earthengine.minimalglobe, prevUid=10196}]
06-11 10:34:27.428  3189  3942 D osense-blo: [0, false] [0, false] [0, false] 
06-11 10:34:27.429  5227 29736 W download_su: localDownloadInfo is null
06-11 10:34:27.429  3189  4242 I Osense-BaseDecisionMaker: scene: SCENE_APP_SWITCH, excutingPolicy: freezer
06-11 10:34:27.429  3189  4242 D Osense-BaseDecisionMaker: invoke freezer policy,type: fast
06-11 10:34:27.430 10084 29775 D PermissionService: onHandleIntent, action=action.PACKAGE_REPLACED current user: 0, addedStageProtectInfo=false
06-11 10:34:27.430  4650 23595 D JsBridgeTimer: com.oppoopen.apptipcard setTimeoutCallback id:648
06-11 10:34:27.430  4329  4493 E OplusBracketLog: [OplusViewMirrorManager] updateHostViewRootIfNeeded, not support android.view.ViewRootImpl@992f821
06-11 10:34:27.431  4650 23595 D JsConsole: breeno2X2-launcher(rsUDrjLDfb7Y)::TimerManager: invoke real timeout callback by JS thread,id：OeE5G3lIdE
06-11 10:34:27.431  4329  4493 D ViewRootImplExtImpl: wrapConfigInfoIntoFlags rotation=0, smallestScreenWidthDp=0, residentWS=false, scenario=0, bounds=Rect(0, 0 - 1240, 2772), relayoutAsync=false, flags=0, newFlags=1453326336, title=Splash Screen com.earthengine.minimalglobe
06-11 10:34:27.431  4650 23595 D JsConsole: breeno2X2-launcher(rsUDrjLDfb7Y)::CardCore: merge notifications result: [{"packageName":"com.earthengine.minimalglobe","title":"MinimalGlobe","changeType":16}] debounce time: 10ms notifications length: 1
06-11 10:34:27.431  3189  5977 V WindowManager: Relayout Window{66314ee u0 Splash Screen com.earthengine.minimalglobe}: viewVisibility=0, oldvis=0, req=1240x2772 , apr = 8, vsysui=, x=0, y=0
06-11 10:34:27.431  3189  5977 I WindowManager: Window{66314ee u0 Splash Screen com.earthengine.minimalglobe} state from NO_SURFACE to DRAW_PENDING; reason: resetDrawState
06-11 10:34:27.432  3189  5977 D DisplayModeDirector: setAppRequest displayId : 4  modeId: 0  requestedRefreshRate: 0.0  requestedMinRefreshRateRange: 0.0  requestedMaxRefreshRateRange: 0.0
06-11 10:34:27.432  4650 23595 D JsConsole: breeno2X2-launcher(rsUDrjLDfb7Y)::CardCore: DesktopAppChange: updated app {"icon":"appicon://app/▼∩fcpmhmbnjojn.fojhofiusbf.npd▼∩?force_refresh=true&timestamp=1781145267431","iconStrategy":1,"appType":0,"clickTrackUrls":[],"deeplink":"","exposeTrackUrls":[],"iconSource":"system","mode":0,"packageName":"▼∩fcpmhmbnjojn.fojhofiusbf.npd▼∩","probability":0,"recallType":"algorithm","routePage":0,"lastUpdate":0,"traceId":"4b5b5ab9fa1eb57bee43b590ed4fc7e1-d3dadaa8cfdd4313941d2f3d90b9fdb4","source":8,"refreshCustomData":2,"name":"MinimalGlobe"}
06-11 10:34:27.433  3189  5977 D DisplayModeDirector: setAppRequest displayId : 0  modeId: 1  requestedRefreshRate: 0.0  requestedMinRefreshRateRange: 0.0  requestedMaxRefreshRateRange: 120.00001
06-11 10:34:27.434  3189  5977 D WindowManager: NFW_findFocusedWindowIfNeeded:null mCurrentFocus:Window{ef2a2ae u0 com.android.launcher/com.android.launcher.Launcher}
06-11 10:34:27.434  3189  5977 D WindowManager: attachImeScreenshotOnTargetIfNeeded, mImeHiding = false, requestedVisibleTypes = -9
06-11 10:34:27.434 10084 29790 I SP.RecommendQueryAppTask: start query tasks
06-11 10:34:27.434  3189  5977 V WindowManager: Changing focus from Window{ef2a2ae u0 com.android.launcher/com.android.launcher.Launcher} to null,diplayid=0
06-11 10:34:27.434  3189  5977 D WindowManager: NFW_findFocusedWindowIfNeeded:null mCurrentFocus:null
06-11 10:34:27.434  3189  5977 D FlexibleTaskController: isFullToFlexibleAnimating: false
06-11 10:34:27.434  3189  5977 D WindowManager: rotation(ROTATION_0) no changed  displayId = 0, lastOrientation = -1
06-11 10:34:27.435  3189  5977 D StdIDManager: stdid call:com.oplus.securitypermission,1000,GUID,1000
06-11 10:34:27.435  3189  5977 D StdIDManager: pkg: com.oplus.securitypermission is accessing GUID through system uid.
06-11 10:34:27.436 26764 26981 E WeatherS_PrivacyStatementExport: isAgreed1
06-11 10:34:27.436  4329  4493 W VRI[minimalglobe]: updateBlastSurfaceIfNeeded, surfaceSize:Point(1240, 2772), lastSurfaceSize:Point(0, 0), format:-3, blastBufferQueue:null
06-11 10:34:27.436  5227  6060 W download_ui_engine: dlv3 trans: {compressUri=/apk/compression/202606/05/b8d64b9fa81d44d73a16a4a01b9e0bfb.zst, uDimensionId=3003_170, uOldMd5=64a42ffbf657e906c1208477a0e67e8d, compressSize=91690634, uObit=5, compressMd5=41e7d471da66115935d4cff4d30714d5, compressId=25712604-w-3318525, compressHMd5=40fd4a9a8cbdb80789fb01ee12359495, source=1}
06-11 10:34:27.436  4329  4493 W libc    : Access denied finding property "vendor.display.enable_optimal_refresh_rate"
06-11 10:34:27.436  4329  4493 D BufferQueueConsumer: [](id:10e900000537,api:0,p:-1,c:4329) connect: controlledByApp=false
06-11 10:34:27.436  5227  6060 W FastInstallCopyHelper: shouldUseFastInstallCopy: false - not active download, downloadType=3 #com.ovital.ovitalMap
06-11 10:34:27.436  4329  4493 D BufferQueueConsumer: [VRI[minimalglobe]#1334(BLAST Consumer)1334](id:10e900000537,api:0,p:-1,c:4329) setMaxAcquiredBufferCount: 2
06-11 10:34:27.436  4329  4493 W libc    : Access denied finding property "vendor.display.enable_optimal_refresh_rate"
06-11 10:34:27.437  4329  4630 D HWUI    : createSurface new attribs array
06-11 10:34:27.437  4329  4630 D libEGL  : this is from skia gles
06-11 10:34:27.437  4329  4630 D BufferQueueProducer: [VRI[minimalglobe]#1334(BLAST Consumer)1334](id:10e900000537,api:1,p:4329,c:4329) connect: api=1 producerControlledByApp=true
06-11 10:34:27.438  4329  4493 I SurfaceControl:  setExtendedRangeBrightness sc=Surface(name=Splash Screen com.earthengine.minimalglobe)/@0x3e77315,currentBufferRatio=1.0,desiredRatio=1.0
06-11 10:34:27.438  4533 21771 I iopgp   : Iopgp: TRANSACTION_IOPGP_PRELOAD Sequence_id = 470 pkg_name = com.earthengine.minimalglobe uid = 10602 size = 1 isProfile = 1
06-11 10:34:27.439  3189  5645 D OPM     : notifyPreloadResult com.earthengine.minimalglobe, type: 2, success: true, res: 0
06-11 10:34:27.440  3189  4683 I OplusHansManager : FastFreeze enter, freeze uids: []
06-11 10:34:27.440  3189  4683 I OplusHansManager : enter FastFreezer, frontApp: 10602, frozen uids: [], important uids: {10136=input, 10370=screenRecorder}, reason: osense
06-11 10:34:27.440  3189  4469 I OPM-Process: resume pkg: com.earthengine.minimalglobe, uid:10602, prev pkg: com.android.launcher, prev uid: 10196
06-11 10:34:27.441 10084 29790 D RecommendRequest: buildInstalledAppQueryMessages: match pre install info for com.earthengine.minimalglobe
06-11 10:34:27.441 10084 29790 W SP.RecommendQueryAppTask: build requests null or empty, return.
06-11 10:34:27.441  4329  4630 D BLASTBufferQueue: [VRI[minimalglobe]#1334](f:0,a:1) acquireNextBufferLocked size=1240x2772 mFrameNumber=1 applyTransaction=true mTimestamp=200761164260809(auto) mPendingTransactions.size=0 graphicBufferId=18592913434383 transform=0
06-11 10:34:27.441  4329  4630 D VRI[minimalglobe]: Received frameCommittedCallback lastAttemptedDrawFrameNum=1 didProduceBuffer=true syncBuffer=false
06-11 10:34:27.441  4329  4493 D VRI[minimalglobe]: draw finished. seqId=0
06-11 10:34:27.442  3189  5977 D WindowManager: onSyncFinishedDrawing: Window{66314ee u0 Splash Screen com.earthengine.minimalglobe}
06-11 10:34:27.442  3189  5977 I WindowManager: finishDrawing skipLayout:false,syncSeqId=0,mPrepareSyncSeqId=0 Window{66314ee u0 Splash Screen com.earthengine.minimalglobe} com.android.server.wm.WindowManagerService.finishDrawingWindow:3217 com.android.server.wm.Session.finishDrawing:399 android.view.IWindowSession$Stub.onTransact:793 
06-11 10:34:27.442  3189  5977 I WindowManager: Window{66314ee u0 Splash Screen com.earthengine.minimalglobe} state from DRAW_PENDING to COMMIT_DRAW_PENDING; reason: finishDrawingLocked
06-11 10:34:27.442  3189  3252 D DisplayModeDirector: setAppRequest displayId : 4  modeId: 0  requestedRefreshRate: 0.0  requestedMinRefreshRateRange: 0.0  requestedMaxRefreshRateRange: 0.0
06-11 10:34:27.443  4650 23595 E UnionPermissionController: com.oppoopen.apptipcard pass featureAble
06-11 10:34:27.443  3189  3252 I WindowManager: Window{66314ee u0 Splash Screen com.earthengine.minimalglobe} state from COMMIT_DRAW_PENDING to READY_TO_SHOW; reason: commitFinishDrawingLocked
06-11 10:34:27.443  3189  3252 D ActivityTaskManager: onStartingWindowDrawn: app=null, mStartingData=SplashScreenStartingData{7b2d81c removeAfterTransaction= 0}, finishing=false,mLaunchedFromBubble=false, mVisibleRequested=true, mDisplayContent=Display{#0 state=ON size=1240x2772 ROTATION_0}, isZoomMode=false
06-11 10:34:27.443  3189  3252 D DisplayModeDirector: setAppRequest displayId : 0  modeId: 1  requestedRefreshRate: 0.0  requestedMinRefreshRateRange: 0.0  requestedMaxRefreshRateRange: 120.00001
06-11 10:34:27.444  3189  3252 D ActivityTaskManager: commitVisibility: ActivityRecord{137025108 u0 com.earthengine.minimalglobe/.MainActivity t2806}: visible=true visibleRequested=true, isInTransition=true 
06-11 10:34:27.444  3189  3252 I WindowManager: Window{66314ee u0 Splash Screen com.earthengine.minimalglobe} state from READY_TO_SHOW to HAS_DRAWN; reason: performShowLocked
06-11 10:34:27.444  3189  3252 I WindowStateExtImpl: onSurfaceShowChange show = true mPackageName = com.earthengine.minimalglobe parentPkgName = com.earthengine.minimalglobe
06-11 10:34:27.444  3189  3252 D CoreBackPreview:  return markWindowHasDrawn mComposed: false  mWaitTransition: false
06-11 10:34:27.444  4650 23456 I PantaCard.Lnch.InstantCardEngine:  100281&1888747526&3_sid=536877097_rk=03cc59,sendMessageToCard, cardTag:100281&1888747526&3, false, newData.size = 113, code = 0, hasLoaded: true[sdk:v1.3.130-5a024cf,seed-plugin:v16.56.0-85a272db,app:v16.4.25]
06-11 10:34:27.444  3189  3252 E OplusAppQuickStart_AppQuickStartController: not start from launcher transition:1451
06-11 10:34:27.444  3189  3252 D Transition: collectOrderChanges onTopTasksEnd: [Task{ed0203e #2806 type=standard A=10602:com.earthengine.minimalglobe}], reportedOnTop:null, mOnTopTasksStart: [Task{ed0203e #2806 type=standard A=10602:com.earthengine.minimalglobe}], TDA child: [Task{24bf9 #3 type=undefined}, Task{f676a63 #2805 type=standard A=10602:com.earthengine.minimalglobe}, Task{8354b3d #1 type=home}, Task{ed0203e #2806 type=standard A=10602:com.earthengine.minimalglobe}]
06-11 10:34:27.444  3189  3252 D OplusFlexibleActivityTransitionManager: fixTransitType type result:1, targets: [ChangeInfo{4a0ab61 container=Task{ed0203e #2806 type=standard A=10602:com.earthengine.minimalglobe} flags=0x10}, ChangeInfo{aa6b686 container=Task{8354b3d #1 type=home} flags=0x10}]
06-11 10:34:27.445  3189  3252 D OplusTransitionAnimationManager: activityRecordCount0fullScreenArBeHindStartingWindow null
06-11 10:34:27.445  3189  3252 D OplusTransitionAnimationManager: activityRecordCount0fullScreenArBeHindStartingWindow null
06-11 10:34:27.446  3189  3252 D QuickBackInputPolicy: resetInputInterceptState for remoteTransition: false
06-11 10:34:27.446  3189  3252 D OplusTransitionController: onTransactionReady, transition: 1451, info: {id=1451 t=OPEN f=0x0 trk=0 r=[0@Point(0, 0)] c=[{WCT{RemoteToken{3762ee0 Task{ed0203e #2806 type=standard A=10602:com.earthengine.minimalglobe}}} m=OPEN f=NONE leash=Surface(name=Task=2806)/@0xb27b512 sb=Rect(0, 0 - 1240, 2772) eb=Rect(0, 0 - 1240, 2772) epz=Point(1240, 2772) d=0 taskParent=-1},{WCT{RemoteToken{d6c47d5 Task{8354b3d #1 type=home}}} m=TO_BACK f=SHOW_WALLPAPER leash=Surface(name=Task=1)/@0x60d1c92 sb=Rect(0, 0 - 1240, 2772) eb=Rect(0, 0 - 1240, 2772) epz=Point(1240, 2772) d=0 taskParent=-1}] 
06-11 10:34:27.446  3189  3252 D OplusTransitionController: extendInfo=[
06-11 10:34:27.446  3189  3252 D OplusTransitionController:  OplusTransitionExtendedInfo{mTmpFinishT=null, mInOplusCompatMode=false, mIsProcessRunning=false, mHasMismatchBoundsTarget=false, mRecentsController=null, mRemoteTransition=null, mIsTranslucentActivityToHome=false, mAvoidInterceptKeyEventToHome=false, mIsFromHome=false, mParentLeash=null, mBackAnimClosingLeash=null, mIsOplusAnimRes=false, mKeepBgForContinuous=false, mIsBalAllow=true, mTaskNotInRecent=false, mIsPredictiveBackAnim=false, mIsMergedWithPredictive=false, mIsLaunchFromSpruce=false, mIsLaunchFromDrive=false, mGlobalSearchPageSwitch=false, mNeedNoAlphaGlobalSearchScene=false, mAssistScreenShowing=false, mSwipeUpBrowserScreenShowing=false, mUserIdTransition=0
06-11 10:34:27.446  3189  3252 D OplusTransitionController: , mInRemoteScene=false, mInPreReady=false, mPreStart=false, mToken=null, mAbortByRemoteFromHome=false, mShellApplyToken=null, mRequestTransitionTaskId=2806, mAbortTransitionOnShell=0, mStartFromShortcut=false, mRemovedTaskId=-1, mTransitionInterruptType=0, mMergeSecondTaskId=-1, mTaskIdStartFromRecents=0, mTransitionId=1451, mCanUseSpringSlideAnim=false, mTransitionLaunchFrom=0, mFoldChangeType=-1, mAnimStartingPosition=[0, 0, 0, 0], mIsOpeningStkDialogActivity=false, mSecondaryHomeToFrontWhenUnFolding=false, mIsNeedApplyStartTForEmbedded=false
06-11 10:34:27.446  3189  3252 D OplusTransitionController: , mNeedCanvasExitAnim=false, mMergeSecondTaskAnimation=false, mIsLaunchUnityStart=false, mIsLaunchFromAssistantByDefault=false, mSkipRemoteTransitionfalse, mIsStartFromKeyguard=false flags=0x0, mWCT=null, mIsOpenMergeToInValidPredictive=false, mPromoteTaskWhenKeyguard-1, mRootLayerZOrderArray={}}]}, targets : [ChangeInfo{4a0ab61 container=Task{ed0203e #2806 type=standard A=10602:com.earthengine.minimalglobe} flags=0x10}, ChangeInfo{aa6b686 container=Task{8354b3d #1 type=home} flags=0x10}], participants: {ActivityRecord{6207955 u0 com.android.launcher/.Launcher t2}, WallpaperWindowToken{279cd35 showWhenLocked=false}, ActivityRecord{137025108 u0 com.earthengine.minimalglobe/.MainActivity t2806}, WallpaperWindowToken{b349257 showWhenLocked=true}, Task{ed0203e #2806 type=standard A=10602:com.earthengine.minimalglobe}}
06-11 10:34:27.447  4650  6739 D ExtensionManager: system.localconnection :1:registerCallback tid:5275
06-11 10:34:27.447  3189  3252 D DisplayModeDirector: setAppRequest displayId : 4  modeId: 0  requestedRefreshRate: 0.0  requestedMinRefreshRateRange: 0.0  requestedMaxRefreshRateRange: 0.0
06-11 10:34:27.447  4329 24913 V WindowManagerShell: onTransitionReady(transaction=13696650857418)
06-11 10:34:27.448  4329  4424 V WindowManagerShell: onTransitionReady (#1451) android.os.BinderProxy@5eae758: {id=1451 t=OPEN f=0x0 trk=0 r=[0@Point(0, 0)] c=[
06-11 10:34:27.448  4329  4424 V WindowManagerShell:         {m=OPEN f=NONE leash=Surface(name=Task=2806)/@0x544c393 sb=Rect(0, 0 - 1240, 2772) eb=Rect(0, 0 - 1240, 2772) epz=Point(1240, 2772) d=0 taskParent=-1},
06-11 10:34:27.448  4329  4424 V WindowManagerShell:         {m=TO_BACK f=SHOW_WALLPAPER leash=Surface(name=Task=1)/@0x8903fd0 sb=Rect(0, 0 - 1240, 2772) eb=Rect(0, 0 - 1240, 2772) epz=Point(1240, 2772) d=0 taskParent=-1}
06-11 10:34:27.448  4329  4424 V WindowManagerShell:     ] 
06-11 10:34:27.448  4329  4424 V WindowManagerShell: extendInfo=[
06-11 10:34:27.448  4329  4424 V WindowManagerShell:  OplusTransitionExtendedInfo{mTmpFinishT=null, mInOplusCompatMode=false, mIsProcessRunning=false, mHasMismatchBoundsTarget=false, mRecentsController=null, mRemoteTransition=null, mIsTranslucentActivityToHome=false, mAvoidInterceptKeyEventToHome=false, mIsFromHome=false, mParentLeash=null, mBackAnimClosingLeash=null, mIsOplusAnimRes=false, mKeepBgForContinuous=false, mIsBalAllow=true, mTaskNotInRecent=false, mIsPredictiveBackAnim=false, mIsMergedWithPredictive=false, mIsLaunchFromSpruce=false, mIsLaunchFromDrive=false, mGlobalSearchPageSwitch=false, mNeedNoAlphaGlobalSearchScene=false, mAssistScreenShowing=false, mSwipeUpBrowserScreenShowing=false, mUserIdTransition=0
06-11 10:34:27.448  4329  4424 V WindowManagerShell: , mInRemoteScene=false, mInPreReady=false, mPreStart=false, mToken=null, mAbortByRemoteFromHome=false, mShellApplyToken=null, mRequestTransitionTaskId=2806, mAbortTransitionOnShell=0, mStartFromShortcut=false, mRemovedTaskId=-1, mTransitionInterruptType=0, mMergeSecondTaskId=-1, mTaskIdStartFromRecents=0, mTransitionId=1451, mCanUseSpringSlideAnim=false, mTransitionLaunchFrom=0, mFoldChangeType=-1, mAnimStartingPosition=[0, 0, 0, 0], mIsOpeningStkDialogActivity=false, mSecondaryHomeToFrontWhenUnFolding=false, mIsNeedApplyStartTForEmbedded=false
06-11 10:34:27.448  4329  4424 V WindowManagerShell: , mNeedCanvasExitAnim=false, mMergeSecondTaskAnimation=false, mIsLaunchUnityStart=false, mIsLaunchFromAssistantByDefault=false, mSkipRemoteTransitionfalse, mIsStartFromKeyguard=false flags=0x0, mWCT=null, mIsOpenMergeToInValidPredictive=false, mPromoteTaskWhenKeyguard-1, mRootLayerZOrderArray={}}]}
06-11 10:34:27.448  4329  4424 D OplusShellTransition: dispatchReady, active:(#1451) android.os.BinderProxy@5eae758@0, isSync=false, track:com.android.wm.shell.transition.Transitions$Track@6ea9631
06-11 10:34:27.448  3189  3248 V WindowManager: Sent Transition (#1451) createdAt=06-11 10:34:27.388 via request=TransitionRequestInfo { type = OPEN, triggerTask = TaskInfo{userId=0 taskId=2806 effectiveUid=10602 displayId=0 isRunning=true baseIntent=Intent { flg=0x10000000 cmp=com.earthengine.minimalglobe/.MainActivity mCallingUid=2000 } baseActivity=ComponentInfo{com.earthengine.minimalglobe/com.earthengine.minimalglobe.MainActivity} topActivity=ComponentInfo{com.earthengine.minimalglobe/com.earthengine.minimalglobe.MainActivity} origActivity=null realActivity=ComponentInfo{com.earthengine.minimalglobe/com.earthengine.minimalglobe.MainActivity}
06-11 10:34:27.448  3189  3248 V WindowManager:  numActivities=1 lastActiveTime=242664724 supportsSplitScreenMultiWindow=true supportsMultiWindow=true supportsPocketStudioMultiWindow=true isInFlexibleEmbedded = false uid = 10602 pid = 0 resizeMode=1 isResizeable=true minWidth=-1 minHeight=-1 defaultMinSize=220 token=WCT{RemoteToken{3762ee0 Task{ed0203e #2806 type=standard A=10602:com.earthengine.minimalglobe}}} topActivityType=1 pictureInPictureParams=null shouldDockBigOverlays=false launchIntoPipHostTaskId=-1 lastParentTaskIdBeforePip=-1 displayCutoutSafeInsets=Rect(0, 139 - 0, 0)
06-11 10:34:27.448  3189  3248 V WindowManager:  topActivityInfo=ActivityInfo{bbf590c com.earthengine.minimalglobe.MainActivity} launchCookies=[] positionInParent=Point(0, 0) parentTaskId=-1 isFocused=false isVisible=false isVisibleRequested=false isTopActivityNoDisplay=false isSleeping=false locusId=null displayAreaFeatureId=1 isTopActivityTransparent=false isActivityStackTransparent=false lastNonFullscreenBounds=Rect(322, 807 - 918, 2047) capturedLink=null capturedLinkTimestamp=0 requestedVisibleTypes=-9 topActivityRequestOpenInBrowserEducationTimestamp=0
06-11 10:34:27.448  3189  3248 V WindowManager:  appCompatTaskInfo=AppCompatTaskInfo { topActivityInSizeCompat=false topActivityInOplusCompatMode=false eligibleForLetterboxEducation= false isLetterboxEducationEnabled= false isLetterboxDoubleTapEnabled= false eligibleForUserAspectRatioButton= false topActivityBoundsLetterboxed= false isFromLetterboxDoubleTap= false topActivityLetterboxVerticalPosition= -1 topActivityLetterboxHorizontalPosition= -1 topActivityLetterboxWidth=-1 topActivityLetterboxHeight=-1 topActivityAppBounds=Rect(0, 0 - 1240, 2772) isUserFullscreenOverrideEnabled=false isSystemFullscreenOverrideEnabled=false hasMinAspectRatioOverride=false topActivityLetterboxBounds=null cameraCompatTaskInfo=CameraCompatTaskInfo { freeformCameraCompatMode=inactive}} topActivityMainWindowFrame=null topActivityLetterboxInsets=Rect(0, 0 - 0, 0)
06-11 10:34:27.448  3189  3248 V WindowManager:  mOplusExtraBundle = Bundle[{androidx.flexible.taskFrame=Rect(0, 0 - 0, 0), androidx.flexible.Alpha=1.0, androidx.activity.task.attach.blur=0, androidx.activity.LaunchInsensible=0, androidx.activity.LaunchCornerRadius=0, key_flexible_task_state=0, topActivitySupportAppInnerSplit=false, key_flexible_task_animating_type=-1, key_flexible_task_root_activity_processname=com.earthengine.minimalglobe, androidx.activity.LaunchScenario=0, is_oplus_clone_task=false, flexible_super_mini_state=false, topRunningActivityHash=137025108, androidx.activity.LaunchScale=1.0, androidx.activity.LaunchShadowRadius=0, is_transient_hide_for_task_info=false, key_flexible_task_root_activity_pid=0, key_flexible_task_root_activity_uid=10602}]}, pipChange = null, remoteTransition = null, displayChange = null, flags = 0, debugId = 1451 }
06-11 10:34:27.448  3189  3248 V WindowManager:     startWCT=WindowContainerTransaction { changes= {} hops= [] errorCallbackToken=null taskFragmentOrganizer=null }
06-11 10:34:27.448  4329  4424 D OplusShellTransition: Abort transition (#1451) android.os.BinderProxy@5eae758@0 WMCore requested. reason: 0; abortTransition: false
06-11 10:34:27.448  3189  3248 V WindowManager:     info={id=1451 t=OPEN f=0x0 trk=0 r=[0@Point(0, 0)] c=[
06-11 10:34:27.448  3189  3248 V WindowManager:         {WCT{RemoteToken{3762ee0 Task{ed0203e #2806 type=standard A=10602:com.earthengine.minimalglobe}}} m=OPEN f=NONE leash=Surface(name=Task=2806)/@0xb27b512 sb=Rect(0, 0 - 1240, 2772) eb=Rect(0, 0 - 1240, 2772) epz=Point(1240, 2772) d=0 taskParent=-1},
06-11 10:34:27.448  3189  3248 V WindowManager:         {WCT{RemoteToken{d6c47d5 Task{8354b3d #1 type=home}}} m=TO_BACK f=SHOW_WALLPAPER leash=Surface(name=Task=1)/@0x60d1c92 sb=Rect(0, 0 - 1240, 2772) eb=Rect(0, 0 - 1240, 2772) epz=Point(1240, 2772) d=0 taskParent=-1}
06-11 10:34:27.448  3189  3248 V WindowManager:     ] 
06-11 10:34:27.448  3189  3248 V WindowManager: extendInfo=[
06-11 10:34:27.448  3189  3248 V WindowManager:  OplusTransitionExtendedInfo{mTmpFinishT=null, mInOplusCompatMode=false, mIsProcessRunning=false, mHasMismatchBoundsTarget=false, mRecentsController=null, mRemoteTransition=null, mIsTranslucentActivityToHome=false, mAvoidInterceptKeyEventToHome=false, mIsFromHome=false, mParentLeash=null, mBackAnimClosingLeash=null, mIsOplusAnimRes=false, mKeepBgForContinuous=false, mIsBalAllow=true, mTaskNotInRecent=false, mIsPredictiveBackAnim=false, mIsMergedWithPredictive=false, mIsLaunchFromSpruce=false, mIsLaunchFromDrive=false, mGlobalSearchPageSwitch=false, mNeedNoAlphaGlobalSearchScene=false, mAssistScreenShowing=false, mSwipeUpBrowserScreenShowing=false, mUserIdTransition=0
06-11 10:34:27.448  3189  3248 V WindowManager: , mInRemoteScene=false, mInPreReady=false, mPreStart=false, mToken=null, mAbortByRemoteFromHome=false, mShellApplyToken=null, mRequestTransitionTaskId=2806, mAbortTransitionOnShell=0, mStartFromShortcut=false, mRemovedTaskId=-1, mTransitionInterruptType=0, mMergeSecondTaskId=-1, mTaskIdStartFromRecents=0, mTransitionId=1451, mCanUseSpringSlideAnim=false, mTransitionLaunchFrom=0, mFoldChangeType=-1, mAnimStartingPosition=[0, 0, 0, 0], mIsOpeningStkDialogActivity=false, mSecondaryHomeToFrontWhenUnFolding=false, mIsNeedApplyStartTForEmbedded=false
06-11 10:34:27.448  3189  3248 V WindowManager: , mNeedCanvasExitAnim=false, mMergeSecondTaskAnimation=false, mIsLaunchUnityStart=false, mIsLaunchFromAssistantByDefault=false, mSkipRemoteTransitionfalse, mIsStartFromKeyguard=false flags=0x0, mWCT=null, mIsOpenMergeToInValidPredictive=false, mPromoteTaskWhenKeyguard-1, mRootLayerZOrderArray={}}]}
06-11 10:34:27.448  4329  4424 V WindowManagerShell: Transition (#1451) android.os.BinderProxy@5eae758@0 ready while (#1450) android.os.BinderProxy@90b8aae@0 is still animating. Notify the animating transition in case they can be merged
06-11 10:34:27.448  4329  4424 D OplusShellTransition: RemoteTransitionHandler, Merge into remote: RemoteTransition { remoteTransition = android.window.IRemoteTransition$Stub$Proxy@4e96d80, appThread = android.app.IApplicationThread$Stub$Proxy@7c0cfb9, debugName = QuickstepLaunchHome }
06-11 10:34:27.448  4329  4424 V WindowManagerShell:    Merge into remote: RemoteTransition { remoteTransition = android.window.IRemoteTransition$Stub$Proxy@4e96d80, appThread = android.app.IApplicationThread$Stub$Proxy@7c0cfb9, debugName = QuickstepLaunchHome }
06-11 10:34:27.448  4329  4424 D OplusShellTransition: mergeSecondTaskAnimation: falselaunchFromAssistantByDefaultfalse
06-11 10:34:27.448  4329  4424 D OplusShellTransition: ShellContinuousTransitionControllerisInvalidTaskTransition, transition 1451: hasOpenChange = true ,hasChangeModeChange =false
06-11 10:34:27.449  3189  3252 D WindowManager: setFrameRateStart invalid typeId return!
06-11 10:34:27.449  3189  3252 D WindowManager: setFrameRateStart invalid typeId return!
06-11 10:34:27.449  4650 10911 D AnimSeqTimeStamp: resetLastRecentFinishTime
06-11 10:34:27.449  4650 10911 D RemoteAnimInflectUtil: needMergeTask = false
06-11 10:34:27.449  4650 10911 I RemoteAnimationRunnerCompat: shouldInterrupt: changes size 2
06-11 10:34:27.449  4650 10911 I RemoteAnimationRunnerCompat: shouldInterrupt: taskId = 1, task = com.android.launcher/.Launcher, activityType = 2
06-11 10:34:27.449  4650 10911 I RemoteAnimationRunnerCompat: Found launcher task
06-11 10:34:27.449  4650 10911 I RemoteAnimationRunnerCompat: shouldInterrupt: taskId = 2806, task = com.earthengine.minimalglobe/.MainActivity, activityType = 1
06-11 10:34:27.449  4650 10911 I RemoteAnimationRunnerCompat: Found app task
06-11 10:34:27.449  4650 10911 D RemoteAnimationUtil: updateWCTExtendInfo extResult:null
06-11 10:34:27.449  4650 10911 I RemoteAnimRunnerExt: handleReverseToOpenInterruption, reverse to open not running
06-11 10:34:27.450  4650 10911 W RemoteAnimFrameRateManager: this os is not support dynamic frame rate .
06-11 10:34:27.450  4650 10911 D RemoteAnimInflectUtil: getIsFromHome, result:false
06-11 10:34:27.450  4650 10911 D AnimSeqTimeStamp: resetLastStartAppTime
06-11 10:34:27.450  4650 10911 D AnimSeqTimeStamp: resetLastLaunchTaskTime
06-11 10:34:27.450  3189  3252 D DisplayModeDirector: setAppRequest displayId : 0  modeId: 1  requestedRefreshRate: 0.0  requestedMinRefreshRateRange: 0.0  requestedMaxRefreshRateRange: 120.00001
06-11 10:34:27.450  4650 10911 W RemoteToRecentsTransitionHelper[u0]: unexpected null mergedTransition, just finish current transition as normal
06-11 10:34:27.450  4650 10911 D RemoteAnimationRunnerCompat: animationFinishedCallback start, transition id: 1450, multiOpenId: -1, isPredictiveBackBlockablAnim: false, mFinishCallback: android.window.IRemoteTransitionFinishedCallback$Stub$Proxy@44eaca, mMultiRemoteCallback: null
06-11 10:34:27.450  4650 10911 W RemoteAnimFrameRateManager: this os is not support dynamic frame rate .
06-11 10:34:27.450  4650 10911 D RemoteAnimationTargetCompat: Apply to task leash: Surface(name=Task=2805)/@0x87c306c, param: BreakParam@143957864{isValid=true, ignoreInvalid=false, x=941.1661, y=1439.7515, scale=0.16148026, alpha=0.0, radius=247.99998, crop=Rect(0, 0 - 1240, 1246), nextFrameRectF=RectF(0.0, 0.0, 0.0, 0.0), remoteFinish=false, needForBidUpdate=false, noNeedInterrupt=false}
06-11 10:34:27.450  3189  3252 D FlexibleWindowManagerService: onFlexibleWindowTaskAppeared: task = 2806, visible = true
06-11 10:34:27.450  4650 10911 D RemoteAnimRunnerExt: setPredictiveBackAnimPair, id: 1450, active: false, previous id: -1
06-11 10:34:27.450  4650 10911 W RemoteAnimRunnerExt: setPredictiveBackBlockablAnimPair, miss matching id for inactive
06-11 10:34:27.450  3189  3252 D OplusFlexibleWindowMinimizedManagerHelper: onTaskAppered taskInfo:2806
06-11 10:34:27.450  3189  3252 D OplusFlexibleDragToSplitAnimController: visibleFlexibleTaskInfos delete:2806
06-11 10:34:27.450  4650 10911 D RemoteAnimationRunnerCompat: animationFinishedCallback call, transition id: 1450, needMergeT: true, mergeTransition: null
06-11 10:34:27.450  4650  5023 I RemoteAnimationRunnerCompat: remove token is null, return
06-11 10:34:27.450  3189  3252 D OplusFlexibleDragAnimationBaseState: handleRunningTaskInfo:TaskInfo{userId=0 taskId=2806 effectiveUid=10602 displayId=0 isRunning=true baseIntent=Intent { flg=0x10000000 cmp=com.earthengine.minimalglobe/.MainActivity mCallingUid=2000 } baseActivity=ComponentInfo{com.earthengine.minimalglobe/com.earthengine.minimalglobe.MainActivity} topActivity=ComponentInfo{com.earthengine.minimalglobe/com.earthengine.minimalglobe.MainActivity} origActivity=null realActivity=ComponentInfo{com.earthengine.minimalglobe/com.earthengine.minimalglobe.MainActivity}
06-11 10:34:27.450  3189  3252 D OplusFlexibleDragAnimationBaseState:  numActivities=1 lastActiveTime=242664724 supportsSplitScreenMultiWindow=true supportsMultiWindow=true supportsPocketStudioMultiWindow=true isInFlexibleEmbedded = false uid = 10602 pid = 0 resizeMode=1 isResizeable=true minWidth=-1 minHeight=-1 defaultMinSize=220 token=WCT{RemoteToken{3762ee0 Task{ed0203e #2806 type=standard A=10602:com.earthengine.minimalglobe}}} topActivityType=1 pictureInPictureParams=null shouldDockBigOverlays=false launchIntoPipHostTaskId=-1 lastParentTaskIdBeforePip=-1 displayCutoutSafeInsets=Rect(0, 0 - 0, 0)
06-11 10:34:27.450  3189  3252 D OplusFlexibleDragAnimationBaseState:  topActivityInfo=ActivityInfo{bbf590c com.earthengine.minimalglobe.MainActivity} launchCookies=[] positionInParent=Point(0, 0) parentTaskId=-1 isFocused=false isVisible=true isVisibleRequested=true isTopActivityNoDisplay=false isSleeping=false locusId=null displayAreaFeatureId=1 isTopActivityTransparent=false isActivityStackTransparent=false lastNonFullscreenBounds=Rect(322, 807 - 918, 2047) capturedLink=null capturedLinkTimestamp=0 requestedVisibleTypes=-9 topActivityRequestOpenInBrowserEducationTimestamp=0
06-11 10:34:27.450  3189  3252 D OplusFlexibleDragAnimationBaseState:  appCompatTaskInfo=AppCompatTaskInfo { topActivityInSizeCompat=false topActivityInOplusCompatMode=false eligibleForLetterboxEducation= false isLetterboxEducationEnabled= false isLetterboxDoubleTapEnabled= false eligibleForUserAspectRatioButton= false topActivityBoundsLetterboxed= false isFromLetterboxDoubleTap= false topActivityLetterboxVerticalPosition= -1 topActivityLetterboxHorizontalPosition= -1 topActivityLetterboxWidth=-1 topActivityLetterboxHeight=-1 topActivityAppBounds=Rect(0, 0 - 1240, 2772) isUserFullscreenOverrideEnabled=false isSystemFullscreenOverrideEnabled=false hasMinAspectRatioOverride=false topActivityLetterboxBounds=null cameraCompatTaskInfo=CameraCompatTaskInfo { freeformCameraCompatMode=inactive}} topActivityMainWindowFrame=null topActivityLetterboxInsets=Rect(0, 0 - 0, 0)
06-11 10:34:27.450  3189  3252 D OplusFlexibleDragAnimationBaseState:  mOplusExtraBundle = Bundle[{androidx.flexible.taskFrame=Rect(0, 0 - 0, 0), androidx.flexible.Alpha=1.0, androidx.activity.task.attach.blur=0, androidx.activity.LaunchInsensible=0, androidx.activity.LaunchCornerRadius=0, key_flexible_task_state=0, topActivitySupportAppInnerSplit=false, key_flexible_task_animating_type=-1, key_flexible_task_root_activity_processname=com.earthengine.minimalglobe, androidx.activity.LaunchScenario=0, is_oplus_clone_task=false, flexible_super_mini_state=false, topRunningActivityHash=137025108, androidx.activity.LaunchScale=1.0, androidx.activity.LaunchShadowRadius=0, is_transient_hide_for_task_info=false, key_flexible_task_root_activity_pid=0, key_flexible_task_root_activity_uid=10602}]}state:0
06-11 10:34:27.451  4329  5786 D OplusShellTransition: RemoteTransitionHandlerandroid.os.BinderProxy@90b8aae, onTransitionFinished thread=202, true
06-11 10:34:27.451  4329  4424 D OplusShellTransition: RemoteTransitionHandlerandroid.os.BinderProxy@90b8aae, onTransitionFinished, finishTransaction.mNativeObject=-5476376620787384576, thread=37
06-11 10:34:27.451  4329  4424 V WindowManagerShell: Transition animation finished (aborted=false), notifying core (#1450) android.os.BinderProxy@90b8aae@0
06-11 10:34:27.451  4329  4424 D SplitScreen-->AppLockManager: setStartFromSafeControl mStartFromSafeControl=false
06-11 10:34:27.451  4329  4424 D TransitionAnimationUtil: hasSameTasksInBothTransition compareInfo, mergeSecondTaskId = -1
06-11 10:34:27.451  4329  4424 D ShellTaskOrganizerExt: adjust change for exiting mini task: -1
06-11 10:34:27.458  6109  6109 I midasd  : OplusObrainService::notifyEventIntStringString eventId:101 iParam:10602 strParam0:com.earthengine.minimalglobe strParam1:0.1.0
06-11 10:34:27.462  4329  4424 D ShellTaskOrganizer: onTransitionFinish, isRecent:false
06-11 10:34:27.462  1708  1815 E ANDR-PERF-LM: MetaMeter: handleAsync() 166: AdaptLaunch Invalid Async
06-11 10:34:27.463  6109  6109 I midasd  : OplusObrainService::notifyEventIntStringString eventId:101 iParam:10602 strParam0:com.earthengine.minimalglobe strParam1:0.1.0
06-11 10:34:27.463  4650 23456 I PantaCard.Lnch.InstantCardEngine:  100281&1888747526&3_sid=536877097_rk=03cc59,sendMessageToCard, cardTag:100281&1888747526&3, false, newData.size = 112, code = 0, hasLoaded: true[sdk:v1.3.130-5a024cf,seed-plugin:v16.56.0-85a272db,app:v16.4.25]
06-11 10:34:27.464  4650  6739 D ExtensionManager: system.localconnection :1:registerCallback tid:5275
06-11 10:34:27.465 26764 26981 W WeatherS_ApkSignedCheck: checkCertificateWhiteList: has safe componentcom.coloros.alarmclock
06-11 10:34:27.467 26764 26981 E WeatherS_WeatherCommonServiceProxy: getLocationCityInfo
06-11 10:34:27.460  1575  1575 D Zygote  : Forked child process 29795
06-11 10:34:27.471  1574  1616 E statsd  : Stats puller failed for tag: 150134 at 242664769053436
06-11 10:34:27.474 10084 29775 D PermissionService: onHandleIntent, action=action.RESTORE_OPS current user: 0, addedStageProtectInfo=true
06-11 10:34:27.475 26764 26981 E WeatherS_WeatherCommonServiceProxy: getTimeZoneOfAttendCity
06-11 10:34:27.476 26764 26981 E WeatherS_WeatherCommonServiceProxy: getOneAttentCityWeatherInfoList
06-11 10:34:27.477  1877  1877 E BpTransactionCompletedListener: Failed to transact (-32)
06-11 10:34:27.478  1877  1877 E BpTransactionCompletedListener: Failed to transact (-32)
06-11 10:34:27.479  5227  6060 W download_ui_engine: dlv3 trans: {compressUri=/apk/compression/202606/01/5c72ed39bd18c156ff4bbf92287eb673.zst, uDimensionId=3003_170, uOldMd5=d0fb50a8c6aa206f26ffaaa5c4e3a04b, compressSize=47620414, uObit=5, compressMd5=ea8ced36209119a2f4638ba9c1c3712f, compressId=25700148-w-3293452, compressHMd5=b620f236baf128242056b5f27709e9bf, source=1}
06-11 10:34:27.479  5227  6060 W FastInstallCopyHelper: shouldUseFastInstallCopy: false - not active download, downloadType=3 #com.oplus.pantanal.ums
06-11 10:34:27.488 29795 29795 I ne.minimalglobe: isSwordfishLaunchAppEnabled_ 1 isSwordfishInstallAppEnabled_ 1
06-11 10:34:27.489 29795 29795 I ne.minimalglobe: Late-enabling -Xcheck:jni
06-11 10:34:27.491  4650 23456 I PantaCard.Lnch.InstantCardEngine:  100281&1888747526&3_sid=536877097_rk=03cc59,sendMessageToCard, cardTag:100281&1888747526&3, false, newData.size = 127, code = 0, hasLoaded: true[sdk:v1.3.130-5a024cf,seed-plugin:v16.56.0-85a272db,app:v16.4.25]
06-11 10:34:27.491  4650  6739 D ExtensionManager: system.localconnection :1:registerCallback tid:5275
06-11 10:34:27.501  5227  6060 W download_ui_engine: dlv3 trans: {compressUri=/apk/compression/202606/01/94e1ccb09e3ddfccb5ed5a9910638a51.zst, uDimensionId=3003_170, uOldMd5=3679b625ff2485f1296eae6fa3198ec2, compressSize=209311647, uObit=5, compressMd5=24a36a62b9b99c587caac74304678666, compressId=25699075-w-3291307, compressHMd5=489c6183a5c2d006c09aa59d3719ca82, source=1}
06-11 10:34:27.501  5227  6060 W FastInstallCopyHelper: shouldUseFastInstallCopy: false - not active download, downloadType=3 #com.tmri.app.main
06-11 10:34:27.502  4650 23456 I PantaCard.Lnch.InstantCardEngine:  100281&1888747526&3_sid=536877097_rk=03cc59,sendMessageToCard, cardTag:100281&1888747526&3, false, newData.size = 112, code = 0, hasLoaded: true[sdk:v1.3.130-5a024cf,seed-plugin:v16.56.0-85a272db,app:v16.4.25] [OplusLauncher|com.android.launcher|2.0.44-25e9612]
06-11 10:34:27.503  4650  6739 D ExtensionManager: system.localconnection :1:registerCallback tid:5275
06-11 10:34:27.506 26764 27347 I WeatherS_WeatherCommonServiceProxy: parseWeatherToAttentWeatherInfo currentTemp: 22
06-11 10:34:27.503 11083 15376 E ActivityThread: Failed to find provider info for com.oplus.phonemanager.RiskDetectDataProvider
06-11 10:34:27.510  3189  6099 I OStatsManager_OplusBatteryStatsManager: updateStateTime: PkgName = com.earthengine.minimalglobe, uid = 10602, state to bg, mForegroundCnt = 0, isFg = false
06-11 10:34:27.511  3189  3610 I MemoryOperationUtils: add 29795 to com.earthengine.minimalglobe
06-11 10:34:27.512  3189  4469 I OPM     : handleProcessStart : ProcessRecord{2da7c84 29795:com.earthengine.minimalglobe/u0a602}
06-11 10:34:27.513  3189 29796 W ContextImpl: Calling a method in the system process without a qualified user: android.app.ContextImpl.sendBroadcast:1281 com.qualcomm.qti.Performance$SendGameLaunchBroadcast.run:292 java.lang.Thread.run:1119 <bottom of call stack> <bottom of call stack> 
06-11 10:34:27.513  1708  1815 E ANDR-PERF-LM: MetaMeter: handleAsync() 166: AdaptLaunch Invalid Async
06-11 10:34:27.521  9703 11131 I Qsb-DBManager: call update:com.earthengine.minimalglobe
06-11 10:34:27.521 26764 27233 E WeatherS_StatisticsUtils: recordLocateInterfaceCalled err:java.lang.NumberFormatException: For input string: "com.coloros.alarmclock"
06-11 10:34:27.522 26764 27347 I WeatherS_SharedUtil: tryCheckLocWeatherAndSend sLastSendResult is 202.
06-11 10:34:27.522 26764 26981 I WeatherS_WeatherCommonServiceProxy: getLocationCityAndUpdate  temp = 22 雨 1
06-11 10:34:27.523  5227  6060 W download_ui_engine: dlv3 trans: {compressUri=/apk/compression/202606/02/e9597686c19cb350fa46d27d72fb0bd4.zst, uDimensionId=3003_170, uOldMd5=172992205a898069701796cbb38c7149, compressSize=107512965, uObit=5, compressMd5=18c8b6050fe7257f656ad8096a439c61, compressId=25703646-w-3300486, compressHMd5=804634b28024a2bcaf08360a17f8c288, source=1}
06-11 10:34:27.524  1877  2447 D skia    : findCacheMissInfo vsync 146016485, result 0
06-11 10:34:27.524  5227  6060 W FastInstallCopyHelper: shouldUseFastInstallCopy: false - not active download, downloadType=3 #com.heytap.speechassist
06-11 10:34:27.526  9703 11131 D Identity: nonceAndCounter: 58995746cabb076d000000000000000c
06-11 10:34:27.528 26764 26981 E WeatherS_WeatherCommonServiceProxy: getLocationCityAndUpdate  needUpdateWeatherInfo = false, isCallFromWeatherApp = false
06-11 10:34:27.528  9703 11131 I TapHttp.:  RetryAndFollowUpInterceptor isEventListenerStub:true
06-11 10:34:27.528  9703 11131 D TapHttp.:  StreamAllocation isEventListenerStub:true
06-11 10:34:27.528 26764 26981 I WeatherS_WeatherCommonServiceProxy: getResidentCity list size: 1
06-11 10:34:27.531 26764 26981 I WeatherS_WeatherCommonServiceProxy: resident data temp -> 22
06-11 10:34:27.531 26764 26981 I WeatherS_WeatherCommonServiceProxy: getDoubleCityData temp: 22 weatherType:1 weatherDesc:雨
06-11 10:34:27.531 26764 26981 I WeatherS_WeatherCommonServiceProxy: getDoubleCityData temp: 22 weatherType:6 weatherDesc:小雨
06-11 10:34:27.534 27413 27775 W SQLiteLog: (28) double-quoted string literal: "com.earthengine.minimalglobe"
06-11 10:34:27.538 26764  1359 I WeatherS_ResidentCityApi: update resident city success:false
06-11 10:34:27.540 29795 29795 E ne.minimalglobe: Unknown bits set in runtime_flags: 0x40000000
06-11 10:34:27.540 29795 29795 I ne.minimalglobe: Using CollectorTypeCMC GC.
06-11 10:34:27.540 18957 27191 I WeatherS_WeatherBaseDataTask: after doRequestFromWeatherService getDoubleCityWeatherDataAndUpdate result {"data":[{"cityCode":"00296510106578","cityNameEn":"两江新区","cityNameLocal":"两江新区","isDayTime":true,"locationResultCode":410000,"period":1,"sunriseTime":1781128380000,"sunsetTime":1781178840000,"temp":"22","tempUnit":"°","timeZone":"8.0","weatherDesc":"雨","weatherType":1},{"cityCode":"00295150106499","cityNameEn":"九龙坡区","cityNameLocal":"九龙坡区","isDayTime":true,"locationResultCode":0,"period":1,"sunriseTime":1781128380000,"sunsetTime":1781178840000,"temp":"22","tempUnit":"°","timeZone":"8.0","weatherDesc":"小雨","weatherType":6}],"errorCode":0,"mRequestID":"1781145267332"}true
06-11 10:34:27.543 18957 27191 I WeatherS_WeatherBaseDataTask:  doRequestFromWeatherService getDoubleCityWeatherDataAndUpdate response data true
06-11 10:34:27.543 18957 27191 D ClockTag_ClockWidget.BaseWidgetViewHelper: locationWeather: 22;410000;8.0
06-11 10:34:27.545 18957 14864 I ClockTag_ClockWidget.ClockWidgetManager: isRPlus = false
06-11 10:34:27.545 18957 14864 D ClockTag_ClockWidget.BaseWidgetViewHelper: getLocalWeatherInfo isCommonWeatherServiceExist is true
06-11 10:34:27.545 18957 14864 D ClockTag_ClockWidget.BaseWidgetViewHelper: getResidentWeatherInfo isCommonWeatherServiceExist=true 
06-11 10:34:27.546 18957 14864 D ClockTag_ClockWidget.BaseWidgetViewHelper: getCurClockType isDoubleClockOpened:true,localWeatherEntity:WeatherEntity{mDegree='22', mType='1', mDescription='雨', mCentigrade='°', mTimeZone='8.0', mParentCityCode='', mLocationResultCode='410000', sunriseTime='1781128380000', sunsetTime='1781178840000'},residentWeatherEntity:WeatherEntity{mDegree='22', mType='6', mDescription='小雨', mCentigrade='°', mTimeZone='8.0', mParentCityCode='', mLocationResultCode='0', sunriseTime='1781128380000', sunsetTime='1781178840000'}
06-11 10:34:27.546 18957 14864 D ClockTag_ClockWidget.BaseWidgetViewHelper: supportNewDoubleClock:1
06-11 10:34:27.546 18957 14864 D ClockTag_ClockWidget.BaseWidgetViewHelper: isSameTimezone:8.0
06-11 10:34:27.546 18957 14864 D ClockTag_ClockWidget.BaseWidgetViewHelper: getCurClockType is same timezone:
06-11 10:34:27.546 18957 14864 D ClockTag_ClockWidget.BaseWidgetViewHelper: getCurClockType is same timezone:
06-11 10:34:27.546 18957 14864 D ClockTag_ClockWidget.ClockWidgetManager: init clock type:1->1
06-11 10:34:27.546 18957 14864 D ClockTag_ClockWidget.BaseWidgetViewHelper: getLocalWeatherInfo isCommonWeatherServiceExist is true
06-11 10:34:27.546 18957 14864 D ClockTag_OplusDateUtils: isTimeMillisDayTime -- hour = 10 sunriseTime:1781128380000 sunsetTime:1781178840000
06-11 10:34:27.546 18957 14864 D ClockTag_WeatherResUtil: getOpWeatherIcon -- index:1 OP_WEATHER_ICON_LENGTH:71 correctWeatherIndex:1
06-11 10:34:27.546 18957 14864 D ClockTag_ClockWidget.ClockWidgetManager: mLocalWeatherInfo = 雨  22‎°
06-11 10:34:27.547 18957 14864 D ClockTag_ClockWidget.ClockWidgetManager: updateTimeAndDateInfo lunar:四月廿六
06-11 10:34:27.547 18957 14864 D ClockTag_ClockWidget.ClockWidgetManager: updateLocalData type:false weather:false time:false force:true
06-11 10:34:27.547 18957 14864 D ClockTag_WidgetUpdateHelper: start update all widgets
06-11 10:34:27.547 18957 14864 D ClockTag_WidgetUpdateHelper: skip update widget (cached absent): class com.coloros.widget.smallweather.OppoWeather
06-11 10:34:27.547 18957 14864 D ClockTag_WidgetUpdateHelper: skip update widget (cached absent): class com.coloros.widget.smallweather.OppoWeatherSingle
06-11 10:34:27.547 18957 14864 D ClockTag_WidgetUpdateHelper: skip update widget (cached absent): class com.coloros.widget.smallweather.OppoWeatherMultiVertical
06-11 10:34:27.547 18957 14864 D ClockTag_WidgetUpdateHelper: skip update widget (cached absent): class com.coloros.widget.smallweather.OppoWeatherVertical
06-11 10:34:27.547 18957 14864 D ClockTag_WidgetUpdateHelper: getWidgetIds: class com.coloros.widget.smallweather.OnePlusWidget
06-11 10:34:27.549  3189  8845 W SignedPackage: Cannot get ApplicationInfo for package: com.google.android.tts
06-11 10:34:27.549 18957 14864 D ClockTag_WidgetUpdateHelper: getWidgetViewProxy:560
06-11 10:34:27.551 18957 14864 D ClockTag_WidgetUpdateHelper: updateWidget: [I@458e14e class com.coloros.widget.smallweather.OnePlusWidget
06-11 10:34:27.551 18957 14864 D ClockTag_WidgetUpdateHelper: relayoutAllWidget :[2]
06-11 10:34:27.551 18957 14864 D ClockTag_ClockWidget.BaseClockWidget: relayoutWidget mLastClockType = 1 isClockAllOverTheme =false
06-11 10:34:27.551 29795 29795 D nativeloader: Load libframework-connectivity-tiramisu-jni.so using APEX ns com_android_tethering for caller /apex/com.android.tethering/javalib/framework-connectivity-t.jar: ok
06-11 10:34:27.551  5797  5816 I adbd    : jdwp connection from 29795
06-11 10:34:27.552  9703 10940 I Qsb-DBManager: call update:com.earthengine.minimalglobe
06-11 10:34:27.554 18957 14864 D ClockTag_ClockWidgetUtils: supportLandWidget false
06-11 10:34:27.554 18957 14864 D ClockTag_ClockWidget.ClockWidgetManager: getIntentToStartApp action=com.oplus.alarmclock.AlarmClock category=null
06-11 10:34:27.554 18957 14864 D ClockTag_ClockWidgetState: systemWallpaperColor:-1/true
06-11 10:34:27.554 18957 14864 D ClockTag_ClockWidget.ClockWidgetManager: updateTextColor -- str = -1/true, colors size = 2
06-11 10:34:27.554 18957 14864 D ClockTag_ClockWidget.ClockWidgetManager: updateTextColor, color: ffffffff, mDrawTextShadow = true, mCurDividerLineColor = 4dffffff
06-11 10:34:27.554 18957 14864 D ClockTag_ClockWidget.BaseClockWidget: updateTextViewColor color = -1
06-11 10:34:27.554 18957 14864 D ClockTag_CommonUtil: isAddZero language:zh
06-11 10:34:27.554 18957 14864 D ClockTag_ClockWidget.BaseClockWidget: updateTimeFormat:HH
06-11 10:34:27.554 18957 14864 D ClockTag_ClockWidget.1PlusWidget: update colon default font
06-11 10:34:27.555 18957 14864 D ClockTag_ClockWidget.BaseClockWidget: updateDataFormat:MMMd日
06-11 10:34:27.555 18957 14864 D ClockTag_ClockWidget.BaseClockWidget: updateDataFormat:EEEE
06-11 10:34:27.556  9703 10940 D Identity: nonceAndCounter: 925a2d715de5b6fc000000000000000d
06-11 10:34:27.556  4650  8023 I TaskStackChangeListeners: onTaskRemoved(), cur=2805
06-11 10:34:27.557  4323  6896 V OsAgent : broadcastSystemEvent - 7
06-11 10:34:27.560  4650  5017 I SystemUiProxy: SystemUiProxy#getRecentTasks isInGoRecentsAnim: false
06-11 10:34:27.563  3189  5167 D ActivityTaskManager: Skipping, invisible task: Task{cc210d4 #2 type=undefined I=com.android.launcher/.Launcher}
06-11 10:34:27.563  3189  5167 D ActivityTaskManager: after skip size:1,pre-Filtered:com.earthengine.minimalglobe # 
06-11 10:34:27.566  6967  6967 V DeepThinker: BroadcastReceiverWrapper: onReceive, start dispatch oplus.intent.action.PACKAGE_REMOVED
06-11 10:34:27.566  6967  6967 V DeepThinker: BroadcastReceiverWrapper: onReceive, finish dispatch oplus.intent.action.PACKAGE_REMOVED  category : null  Time consuming : 0 ms
06-11 10:34:27.566  6967  6967 V DeepThinker: BroadcastReceiverWrapper: onReceive, start dispatch oplus.intent.action.PACKAGE_ADDED
06-11 10:34:27.566  6967  6967 V DeepThinker: BroadcastReceiverWrapper: onReceive, finish dispatch oplus.intent.action.PACKAGE_ADDED  category : null  Time consuming : 0 ms
06-11 10:34:27.566  6967  6967 V DeepThinker: BroadcastReceiverWrapper: onReceive, start dispatch oplus.intent.action.PACKAGE_ADDED
06-11 10:34:27.566  6967  6967 V DeepThinker: BroadcastReceiverWrapper: onReceive, finish dispatch oplus.intent.action.PACKAGE_ADDED  category : null  Time consuming : 0 ms
06-11 10:34:27.567  1667 15952 I sensors-hal: handle_oplus_wise_rgb_event:230, wise_rgb:algo_type = 3
06-11 10:34:27.567  1667 15952 I sensors-hal: handle_oplus_wise_rgb_event:285, wise_rgb: raw_lux 525.828979, raw_cct 6294.539062, r/g/b/c: 41020.605469/35789.328125/19979.205078/90749.765625, R/G/B: 0.000000/0.000000/0.000000, brl 1529.000000, lux: 525.828979, cct: 6294.539062, ts 242664885531197, cnt 3982
06-11 10:34:27.568  1667 15988 I sensors-hal: handle_oplus_wise_rgb_event:301, oplus wise_rgb sample: (3982)(cct, lux, ir_ratio, r, g, b, c)[6294, 525, 33, 41020, 35789, 19979, 90749]
06-11 10:34:27.569 29795 29795 W libc    : Access denied finding property "persist.vendor.sys.activitylog"
06-11 10:34:27.569 29795 29795 I OneTrace: Mark active for pid=29795? true
06-11 10:34:27.570 29795 29795 D cutils-dev: otrace_set_tracing_enabled? true tag:0
06-11 10:34:27.570 29795 29815 D cutils-dev: properties changed in otrace_seq_number_changed!
06-11 10:34:27.570 28382 28488 I COSA->COSADBHolder: set game list to oiface , com.ykshengshi.yldr.nearme.gamecenter, com.oasis.jltx.nearme.gamecenter, com.netease.stzb.nearme.gamecenter, com.netease.dhxy.nearme.gamecenter, com.hero.dna.nearme.gamecenter, com.gzhg.sgwdsh.nearme.gamecenter
06-11 10:34:27.572  3189  4683 I OplusHansManager : onUidActive() update stay time, uid=10602, pkgName=com.earthengine.minimalglobe, U stay=50
06-11 10:34:27.573 18957 27191 I WeatherS_WeatherServiceManager: unBindUpdateService true
06-11 10:34:27.576  1708  1815 E ANDR-PERF-LM: MetaMeter: handleAsync() 166: AdaptLaunch Invalid Async
06-11 10:34:27.577  3189  3248 D SensorServiceExtImpl: notifyApplicationLaunchStage processName=com.earthengine.minimalglobe, uid=10602, pid=29795, stage=1
06-11 10:34:27.578  5227  6060 W download_ui_engine: dlv3 trans: {compressUri=/apk/compression/202606/10/4dbfb02102a3ebb6986d95967de372fe.zst, uDimensionId=3003_170, uOldMd5=0df2b444ae5ee7657035fad29cddeda1, compressSize=17029803, uObit=5, compressMd5=2951ffd87ff0048fb5cf306917e25f88, compressId=25722757-w-3338955, compressHMd5=6ee18f5a11dcd532b45df06e495fc549, source=1}
06-11 10:34:27.578  3189  5025 I ActivityTaskManager: Process com.earthengine.minimalglobe restarted
06-11 10:34:27.578  5227  6060 W FastInstallCopyHelper: shouldUseFastInstallCopy: false - not active download, downloadType=3 #com.oplus.pay
06-11 10:34:27.579  3189  5025 D SplitScreenAppReader: SPLIT_TOUCH support check:com.earthengine.minimalglobe = false
06-11 10:34:27.579  3189  5025 D RGBNormalizeServer: OplusRGBNormalize feature enabled ? true
06-11 10:34:27.579  3189  5025 D ResourcesManagerCache: For package com.earthengine.minimalglobe we got cacheList [null] appInfoExt is null ? false hasFeature ? false
06-11 10:34:27.579  4650  8023 I TaskStackChangeListeners: onTaskRemoved(), cur=2805
06-11 10:34:27.581  3189  5025 D FlexibleTaskController: isFullToFlexibleAnimating: false
06-11 10:34:27.581  3189  5025 D WindowManager: rotation(ROTATION_0) no changed  displayId = 0, lastOrientation = -1
06-11 10:34:27.581  3189  5025 I TaskOrganizerController: onTaskInfoChanged taskid 2806 config { mBounds=Rect(0, 0 - 1240, 2772) mAppBounds=Rect(0, 0 - 1240, 2772) mMaxBounds=Rect(0, 0 - 1240, 2772) mDisplayRotation=ROTATION_0 mWindowingMode=fullscreen mActivityType=standard mAlwaysOnTop=undefined mRotation=ROTATION_0}
06-11 10:34:27.581  3189  5025 D OplusFlexibleDragToSplitAnimController: visibleFlexibleTaskInfos delete:2806
06-11 10:34:27.582  3189  5025 D OplusFlexibleDragAnimationBaseState: handleRunningTaskInfo:TaskInfo{userId=0 taskId=2806 effectiveUid=10602 displayId=0 isRunning=true baseIntent=Intent { flg=0x10000000 cmp=com.earthengine.minimalglobe/.MainActivity mCallingUid=2000 } baseActivity=ComponentInfo{com.earthengine.minimalglobe/com.earthengine.minimalglobe.MainActivity} topActivity=ComponentInfo{com.earthengine.minimalglobe/com.earthengine.minimalglobe.MainActivity} origActivity=null realActivity=ComponentInfo{com.earthengine.minimalglobe/com.earthengine.minimalglobe.MainActivity}
06-11 10:34:27.582  3189  5025 D OplusFlexibleDragAnimationBaseState:  numActivities=1 lastActiveTime=242664724 supportsSplitScreenMultiWindow=true supportsMultiWindow=true supportsPocketStudioMultiWindow=true isInFlexibleEmbedded = false uid = 10602 pid = 29795 resizeMode=1 isResizeable=true minWidth=-1 minHeight=-1 defaultMinSize=220 token=WCT{RemoteToken{3762ee0 Task{ed0203e #2806 type=standard A=10602:com.earthengine.minimalglobe}}} topActivityType=1 pictureInPictureParams=null shouldDockBigOverlays=false launchIntoPipHostTaskId=-1 lastParentTaskIdBeforePip=-1 displayCutoutSafeInsets=Rect(0, 0 - 0, 0)
06-11 10:34:27.582  3189  5025 D OplusFlexibleDragAnimationBaseState:  topActivityInfo=ActivityInfo{bbf590c com.earthengine.minimalglobe.MainActivity} launchCookies=[] positionInParent=Point(0, 0) parentTaskId=-1 isFocused=false isVisible=true isVisibleRequested=true isTopActivityNoDisplay=false isSleeping=false locusId=null displayAreaFeatureId=1 isTopActivityTransparent=false isActivityStackTransparent=false lastNonFullscreenBounds=Rect(322, 807 - 918, 2047) capturedLink=null capturedLinkTimestamp=0 requestedVisibleTypes=-9 topActivityRequestOpenInBrowserEducationTimestamp=0
06-11 10:34:27.582  3189  5025 D OplusFlexibleDragAnimationBaseState:  appCompatTaskInfo=AppCompatTaskInfo { topActivityInSizeCompat=false topActivityInOplusCompatMode=false eligibleForLetterboxEducation= false isLetterboxEducationEnabled= false isLetterboxDoubleTapEnabled= false eligibleForUserAspectRatioButton= false topActivityBoundsLetterboxed= false isFromLetterboxDoubleTap= false topActivityLetterboxVerticalPosition= -1 topActivityLetterboxHorizontalPosition= -1 topActivityLetterboxWidth=-1 topActivityLetterboxHeight=-1 topActivityAppBounds=Rect(0, 0 - 1240, 2772) isUserFullscreenOverrideEnabled=false isSystemFullscreenOverrideEnabled=false hasMinAspectRatioOverride=false topActivityLetterboxBounds=null cameraCompatTaskInfo=CameraCompatTaskInfo { freeformCameraCompatMode=inactive}} topActivityMainWindowFrame=null topActivityLetterboxInsets=Rect(0, 0 - 0, 0)
06-11 10:34:27.582  3189  5025 D OplusFlexibleDragAnimationBaseState:  mOplusExtraBundle = Bundle[{androidx.flexible.taskFrame=Rect(0, 0 - 0, 0), androidx.flexible.Alpha=1.0, androidx.activity.task.attach.blur=0, androidx.activity.LaunchInsensible=0, androidx.activity.LaunchCornerRadius=0, key_flexible_task_state=0, topActivitySupportAppInnerSplit=false, key_flexible_task_animating_type=-1, key_flexible_task_root_activity_processname=com.earthengine.minimalglobe, androidx.activity.LaunchScenario=0, is_oplus_clone_task=false, flexible_super_mini_state=false, topRunningActivityHash=137025108, androidx.activity.LaunchScale=1.0, androidx.activity.LaunchShadowRadius=0, is_transient_hide_for_task_info=false, key_flexible_task_root_activity_pid=29795, key_flexible_task_root_activity_uid=10602}]}state:0
06-11 10:34:27.582  3189  5025 E FlexibleWindowManagerService: notifyTaskObserverToAttachController not need to notify!
06-11 10:34:27.582  3189  5025 I FlexibleWindowManagerService: onFlexibleWindowTaskInfoChanged, return for cur task not embedded
06-11 10:34:27.582  3189  5025 D OplusDexOptimizeManager: androidPackage inappropriate state!
06-11 10:34:27.583  3189  3265 I UserAwareMgr: handleTopAppChanged: com.earthengine.minimalglobe, pid: 29795, uid: 10602
06-11 10:34:27.583  3189  5025 D ActivityTaskManager: onWindowFocusChanged Task{ed0203e #2806 type=standard A=10602:com.earthengine.minimalglobe} would transfer to compact
06-11 10:34:27.584  3189  5025 D ActivityTaskManager: NFW_setLastResumedActivityUncheckLocked:true r:ActivityRecord{137025108 u0 com.earthengine.minimalglobe/.MainActivity t2806} currentFocus:null
06-11 10:34:27.584  3189  5025 D WindowManager: NFW_findFocusedWindowIfNeeded:null mCurrentFocus:null
06-11 10:34:27.584  3189  5025 D WindowManager: NFW_findFocusedWindowIfNeeded:null mCurrentFocus:null
06-11 10:34:27.584  3189  5025 D FlexibleTaskController: onTaskFocusChanged prevTask:Task{cc210d4 #2 type=undefined I=com.android.launcher/.Launcher} ,currentTask:Task{ed0203e #2806 type=standard A=10602:com.earthengine.minimalglobe}, reason: realStartActivityLocked - onActivityStateChanged
06-11 10:34:27.584  3189  5025 D OplusFlexibleDCSManager: onNextPkgChanged pkg = com.earthengine.minimalglobe
06-11 10:34:27.585  3189  5025 D OplusVisibleTasks:  notifyTaskFocusChange no need.
06-11 10:34:27.585  3189  5025 I OplusAppSwitchManagerService: appswitch hasProcess ActivityRecord{137025108 u0 com.earthengine.minimalglobe/.MainActivity t2806}
06-11 10:34:27.585  3189  5025 I OplusJoystickManager: handleApplicationSwitch deprecated!
06-11 10:34:27.589  4650 23456 I PantaCard.Lnch.InstantCardEngine:  100281&1888747526&3_sid=536877097_rk=03cc59,sendMessageToCard, cardTag:100281&1888747526&3, false, newData.size = 121, code = 0, hasLoaded: true[sdk:v1.3.130-5a024cf,seed-plugin:v16.56.0-85a272db,app:v16.4.25]
06-11 10:34:27.590  4650  6739 D ExtensionManager: system.localconnection :1:registerCallback tid:5275
06-11 10:34:27.590  6500  6500 W MediaProvider: WorkProfileOwnerApps cache miss for package com.earthengine.minimalglobe
06-11 10:34:27.590  6500  6500 D PickerSyncLockManager: Trying to acquire lock com.android.providers.media.photopicker.sync.CloseableReentrantLock@87ea405[Unlocked]. Lock Name = CLOUD_PROVIDER_LOCK. Threads that may be waiting to acquire this lock = []
06-11 10:34:27.590  6963  8762 D OplusAtlas.OplusAudioScene: callback success event:atlas_event_on_foreground_activities_changed eventInfo:pid:29795,uid:10602,hasForegroundActivities:1
06-11 10:34:27.592  6716  6716 I SG::PackageReceiver: onReceive action = android.intent.action.PACKAGE_REMOVED [base|com.oplus.pantanal.ums|2.0.44-25e9612]
06-11 10:34:27.592  6716 11292 I AdviceUMS.AdviceMigrationManager: onChange: packageName = com.earthengine.minimalglobe
06-11 10:34:27.592  6716 11292 I 6716UMS[16056002][b33855b].PackageMetaMonitor_Travel: updateMetaData: packageName = com.earthengine.minimalglobe, metaDataValueMap = {MonitorMetaDataItem(packageName=com.coloros.sceneservice, metaName=advice_host, defaultValue=)=ums, MonitorMetaDataItem(packageName=com.oplus.metis, metaName=isMigrateToUms, defaultValue=false)=false, MonitorMetaDataItem(packageName=com.coloros.sceneservice, metaName=app_switch_migrated, defaultValue=false)=false, MonitorMetaDataItem(packageName=com.coloros.sceneservice, metaName=dispatch_analyze_from, defaultValue=)=SMS,SMS_IDLE,CALENDAR,CALENDAR_IDLE, MonitorMetaDataItem(packageName=com.coloros.sceneservice, metaName=dispatch_analyze_domain, defaultValue=)=FLIGHT,TRAIN,MOVIE,HOTEL,EXPRESS,BANK,HOSPITAL, MonitorMetaDataItem(packageName=com.oplus.systemui.plugins, metaName=entranceBgColor, defaultValue=false)=true}
06-11 10:34:27.592  6500  6500 D CloseableReentrantLock: Successfully acquired lock com.android.providers.media.photopicker.sync.CloseableReentrantLock@87ea405[Locked by thread main]. Lock Name = CLOUD_PROVIDER_LOCK. Threads that may be waiting to acquire this lock = []
06-11 10:34:27.592  6500  6500 D CloseableReentrantLock: Successfully released lock com.android.providers.media.photopicker.sync.CloseableReentrantLock@87ea405[Unlocked]. Lock Name = CLOUD_PROVIDER_LOCK. Threads that may be waiting to acquire this lock = []
06-11 10:34:27.594  6716  6716 I CardService[1006200].ApplicationStateChangeMonitor: ApplicationStateChangeReceiver onReceive
06-11 10:34:27.595  6716  6716 I CardService[1006200].ApplicationStateChangeMonitor: ApplicationStateChangeReceiver onReceive, action =android.intent.action.PACKAGE_REMOVED, packageName =*om.ea*theng*ne.mi*imalg*obe, isUpdated = true
06-11 10:34:27.595  6716  6716 I CardService[1006200].CardServiceDisplayDataRepository: onConfigChanged:com.earthengine.minimalglobe
06-11 10:34:27.595  6716  6716 I CardConfig.PackageObserver: onReceive: action = android.intent.action.PACKAGE_REMOVED, name = minimalglobe, isUpdated = true
06-11 10:34:27.595  6716  6716 I SG::PackageReceiver: onReceive action = android.intent.action.PACKAGE_ADDED
06-11 10:34:27.595  1877  2435 D VRR [OTI-HW]: isStateReady 0
06-11 10:34:27.595  1877  2435 D VRR [OTI-HW]: keep rate.
06-11 10:34:27.595 28382 28488 D COSA->COSADBHolder: setOpenGameListToFW OpenGameListConfig [com.ykshengshi.yldr.nearme.gamecenter, com.oasis.jltx.nearme.gamecenter, com.netease.stzb.nearme.gamecenter, com.netease.dhxy.nearme.gamecenter, com.hero.dna.nearme.gamecenter, com.gzhg.sgwdsh.nearme.gamecenter]
06-11 10:34:27.596  4650 23595 D JsConsole: breeno2X2-launcher(rsUDrjLDfb7Y)::appicon-1: force refresh: packageName=▼∩fcpmhmbnjojn.fojhofiusbf.npd▼∩, icon flag=true, title flag=false, icon=appicon://app/▼∩fcpmhmbnjojn.fojhofiusbf.npd▼∩?force_refresh=true&timestamp=1781145267431, name=MinimalGlobe 
06-11 10:34:27.597  5081  5179 W Battery : AppSwitchDetectorV2: OnAppSwitchObserver: onAppExit , info = OplusAppExitInfo = {  targetName = com.android.launcher hasResumingActivity = true resumingPackageName = com.earthengine.minimalglobe resumingActivityName = com.earthengine.minimalglobe.MainActivity resumingWindowMode = 1 isResumingMultiApp = false isResumingFirstStart = true extension = Bundle[mParcelledData.dataSize=604]} lastReg=1781141362882
06-11 10:34:27.597  5081  5179 W Battery : AppSwitchManager: onAppSwitch: [m4.o$d@5329dc2]
06-11 10:34:27.597  5081  5179 W Battery : ThermalControlUtils: mForegroundPkg=com.earthengine.minimalglobe mLastWindowMode=1
06-11 10:34:27.597  5081  5179 W Battery : StateManager: getAppType com.earthengine.minimalglobe, last=1781145121054
06-11 10:34:27.597  5081  5179 W Battery : ThermalControllerCenter: mSafetyState=10000,  mSafetyTestConfigList=01111,10111,11011,11101,11110,00111,01011,01101,01110,10011,10101,10110,11001,11010,11100,11111
06-11 10:34:27.597  5081  5179 W Battery : ThermalControllHandler: tempLevel=[5],userMode=2,gameUserMode=-1,appType=-1,envTempType=0,appStates=[],appSwitchSafetyMode=true,split=[],float={},full=[com.earthengine.minimalglobe], tempGear=[5],configItemName=common_config
06-11 10:34:27.597  5081  5179 W Battery : ThermalControllerCenter: MSG_THERMAL_CONTROL_CATEGORY_PROTECT_PERIOD enter.
06-11 10:34:27.599  4650 23603 D RootView: 0x94c52c com.oppoopen.apptipcard onRenderAction , refreshable : false ,
06-11 10:34:27.599  4650 23603 D RootView: 0x94c52c com.oppoopen.apptipcard onRenderAction , refreshable : false ,
06-11 10:34:27.599  4650 23603 D RootView: 0x94c52c com.oppoopen.apptipcard onRenderAction , refreshable : false ,
06-11 10:34:27.599  4650 23603 D RootView: 0x94c52c com.oppoopen.apptipcard onRenderAction , refreshable : false ,
06-11 10:34:27.599  4650 23603 D RootView: 0x94c52c com.oppoopen.apptipcard onRenderAction , refreshable : false ,
06-11 10:34:27.599  4650 23603 D RootView: 0x94c52c com.oppoopen.apptipcard onRenderAction , refreshable : false ,
06-11 10:34:27.599  4650 23603 D RootView: 0x94c52c com.oppoopen.apptipcard onRenderAction , refreshable : false ,
06-11 10:34:27.599  4650 23603 D RootView: 0x94c52c com.oppoopen.apptipcard onRenderAction , refreshable : false ,
06-11 10:34:27.599  4650 23603 D RootView: 0x94c52c com.oppoopen.apptipcard onRenderAction , refreshable : false ,
06-11 10:34:27.599  4650 23603 D RootView: 0x94c52c com.oppoopen.apptipcard onRenderAction , refreshable : false ,
06-11 10:34:27.600  4033 16888 V DCSEX-AppSwitchManager: OnAppSwitchObserver: onAppExit, resuming = com.earthengine.minimalglobe, target = com.android.launcher, is ResumingFirstStart =  true, is ResumingMultiApp =  false, extensionInfo =  Bundle[mParcelledData.dataSize=604]
06-11 10:34:27.600 27413 27775 W SQLiteLog: (28) double-quoted string literal: "com.earthengine.minimalglobe"
06-11 10:34:27.600  4650 23456 I PantaCard.Lnch.InstantCardEngine:  100281&1888747526&3_sid=536877097_rk=03cc59,sendMessageToCard, cardTag:100281&1888747526&3, false, newData.size = 119, code = 0, hasLoaded: true[sdk:v1.3.130-5a024cf,seed-plugin:v16.56.0-85a272db,app:v16.4.25] [OplusLauncher|com.android.launcher|2.0.44-25e9612]
06-11 10:34:27.601  4033 22343 D DCSEX-AppLaunchEventRecorder: onAppSwitch from = com.android.launcher to = com.earthengine.minimalglobe
06-11 10:34:27.602  6716 11344 I AdviceUMS.AdviceMigrationManager: onChange: packageName = com.earthengine.minimalglobe
06-11 10:34:27.602  6716 11344 I 6716UMS[16056002][b33855b].PackageMetaMonitor_Travel: updateMetaData: packageName = com.earthengine.minimalglobe, metaDataValueMap = {MonitorMetaDataItem(packageName=com.coloros.sceneservice, metaName=advice_host, defaultValue=)=ums, MonitorMetaDataItem(packageName=com.oplus.metis, metaName=isMigrateToUms, defaultValue=false)=false, MonitorMetaDataItem(packageName=com.coloros.sceneservice, metaName=app_switch_migrated, defaultValue=false)=false, MonitorMetaDataItem(packageName=com.coloros.sceneservice, metaName=dispatch_analyze_from, defaultValue=)=SMS,SMS_IDLE,CALENDAR,CALENDAR_IDLE, MonitorMetaDataItem(packageName=com.coloros.sceneservice, metaName=dispatch_analyze_domain, defaultValue=)=FLIGHT,TRAIN,MOVIE,HOTEL,EXPRESS,BANK,HOSPITAL, MonitorMetaDataItem(packageName=com.oplus.systemui.plugins, metaName=entranceBgColor, defaultValue=false)=true}
06-11 10:34:27.602  8454  8454 I ContextAware_DaemonReceiver: onReceive:android.intent.action.PACKAGE_REMOVED
06-11 10:34:27.602  6716  6716 I CardService[1006200].ApplicationStateChangeMonitor: ApplicationStateChangeReceiver onReceive [base|com.oplus.pantanal.ums|2.0.44-25e9612]
06-11 10:34:27.602  8454  8454 I ContextAware_DaemonReceiver: onReceive end
06-11 10:34:27.602  6716  6716 I CardService[1006200].ApplicationStateChangeMonitor: ApplicationStateChangeReceiver onReceive, action =android.intent.action.PACKAGE_ADDED, packageName =*om.ea*theng*ne.mi*imalg*obe, isUpdated = true
06-11 10:34:27.602  6716  6716 I CardService[1006200].CardServiceDisplayDataRepository: onConfigChanged:com.earthengine.minimalglobe
06-11 10:34:27.602  8454  8454 I metis_v2_SettingBroadcastReceiver: onReceive, action = android.intent.action.PACKAGE_REMOVED
06-11 10:34:27.603  8454  8454 I metis_v2_SettingBroadcastReceiver: onReceive:android.intent.action.PACKAGE_REMOVED, for replacing
06-11 10:34:27.603  6716  6716 I CardConfig.PackageObserver: onReceive: action = android.intent.action.PACKAGE_ADDED, name = minimalglobe, isUpdated = true
06-11 10:34:27.603  8454  8454 I ContextAware_DaemonReceiver: onReceive:android.intent.action.PACKAGE_ADDED
06-11 10:34:27.603  8454  8454 I ContextAware_DaemonReceiver: onReceive end
06-11 10:34:27.603  8454  8454 I metis_v2_SettingBroadcastReceiver: onReceive, action = android.intent.action.PACKAGE_ADDED
06-11 10:34:27.603  8454  8454 I metis_v2_SettingBroadcastReceiver: onReceive:android.intent.action.PACKAGE_ADDED, for replacing
06-11 10:34:27.603  8454  8454 I ContextAware_DaemonReceiver: onReceive:android.intent.action.PACKAGE_REPLACED
06-11 10:34:27.603  8454  8454 I ContextAware_DaemonReceiver: onReceive end
06-11 10:34:27.603  8454  9164 I ContextAware_DaemonReceiver: handleBroadcast:android.intent.action.PACKAGE_REMOVED, for replacing
06-11 10:34:27.603  1855  2030 D AudioBoost: audioSchedBoost, pid=1855, tid=2030, enable=1, ret=0
06-11 10:34:27.603  1855  2030 D AudioFlingerExtImpl: AudioFlingerExtImpl oplusSetParameters: keyvalue onForegroundActivitiesChanged=com.earthengine.minimalglobe:foreground:1|10602:29795
06-11 10:34:27.603  1855  2030 D AudioFlingerExtImpl: updateForegroundInfo, mapInf mForegroundMap(1)|[com.earthengine.minimalglobe]=1, uidPidMapInf mForegroundUidPidMap(1)|[10602]=29795
06-11 10:34:27.603  1855  2030 D AudioBoost: audioSchedBoost, pid=1855, tid=2030, enable=0, ret=0
06-11 10:34:27.603  8454  9024 I ContextAware_AppRecommendDispatch: dispatch app event with app_uninstall_event
06-11 10:34:27.604  8454 29139 I ContextAware_AppSortAlgorithmManager: sortForAppUserEvent sendMessage
06-11 10:34:27.604  8454  9164 I ContextAware_DaemonReceiver: handleBroadcast:android.intent.action.PACKAGE_ADDED, for replacing
06-11 10:34:27.604  8454  9164 I ContextAware_DaemonReceiver: handleBroadcast:android.intent.action.PACKAGE_REPLACED
06-11 10:34:27.604  4650 23595 D JsBridgeTimer: com.oppoopen.apptipcard setTimeoutCallback id:647
06-11 10:34:27.604  4650  6739 D ExtensionManager: system.localconnection :1:registerCallback tid:5275
06-11 10:34:27.604  4650 23603 D RootView: 0x94c52c com.oppoopen.apptipcard onRenderAction , refreshable : false ,
06-11 10:34:27.605  8454  8173 I metis_v2_BreenoSwitchSettingObserver: panta-sugg-getMasterSwitchStatus from cache:true
06-11 10:34:27.605  1800  1800 D vendor.oplus.hardware.charger-V10-service: set cooldown:5,  normalCoolDown:5
06-11 10:34:27.607  4650 23595 D JsConsole: breeno2X2-launcher(rsUDrjLDfb7Y)::TimerManager: tag：TimerManager::replaceGlobalTimer setTimeout id：tAo866lJsT
06-11 10:34:27.608  4650 23595 D JsConsole: breeno2X2-launcher(rsUDrjLDfb7Y)::TimerManager: tag：debounce setTimeout id：KwcrKTZ9eX
06-11 10:34:27.608  4650 23595 D JsConsole: breeno2X2-launcher(rsUDrjLDfb7Y)::TimerManager: tag：TimerManager::replaceGlobalTimer setTimeout id：2anFJV9j5n
06-11 10:34:27.608  4650 23595 D JsConsole: breeno2X2-launcher(rsUDrjLDfb7Y)::TimerManager: tag：debounce setTimeout id：L5ICO4fgs2
06-11 10:34:27.611 29795 29815 D OplusActivityManager: get AMS extension: android.os.BinderProxy@3f82f32
06-11 10:34:27.612  5081  5179 W Battery : ThermalControlUtils: not set the same wifi=0
06-11 10:34:27.612  5081 30723 W Battery : AppSceneCenter: PerfPolicy not enable!
06-11 10:34:27.613 29795 29817 D SurfaceSyncGroup: preCreateSurfaceSyncGroupTimerThread
06-11 10:34:27.613 29795 29795 D CompactWindowAppManager: initCompactApplicationInfo CompactMode: , NormalMode: 
06-11 10:34:27.614  4650 23595 D JsConsole: breeno2X2-launcher(rsUDrjLDfb7Y)::TimerManager: tag：TimerManager::replaceGlobalTimer setTimeout id：Pbacf7EqhV
06-11 10:34:27.617 29795 29795 V Configuration: Updating configuration, locales updated from [] to [zh_CN]
06-11 10:34:27.618 29795 29795 D OplusScrollToTopManager: setIsInWhiteList false
06-11 10:34:27.619 29795 29795 D OplusViewDebugManager: OplusViewDebugManager Constructor android.view.debug.OplusViewDebugManager@2af8600 [mHasViewDebugProperty true] [mHasMsgDebugProperty false] [DEBUG false] [EXTRAINFOENABLE false] [LIGHT_OS false]
06-11 10:34:27.619  4650 23595 D JsConsole: breeno2X2-launcher(rsUDrjLDfb7Y)::TimerManager: tag：debounce setTimeout id：z8FfdwBWDl
06-11 10:34:27.620  4323  6896 V OsAgent : broadcastSystemEvent - 7
06-11 10:34:27.621  9703 10940 I TapHttp.:  RetryAndFollowUpInterceptor isEventListenerStub:true
06-11 10:34:27.621  9703 10940 D TapHttp.:  StreamAllocation isEventListenerStub:true
06-11 10:34:27.628  1574  1616 E statsd  : Stats puller failed for tag: 150134 at 242664937423852
06-11 10:34:27.628  1574  1616 E statsd  : Gauge Stats puller failed for tag: 150119 at 242664937423852
06-11 10:34:27.628  1574  1616 I statsd  : An anomaly (104240000001) (42)0x10000->10602[I] (42)0x20000->com.earthengine.minimalglobe[S] (42)0x30000->.MainActivity[S]  has occurred! Informing subscribers.
06-11 10:34:27.629 29795 29795 W libc    : Access denied finding property "ro.odm.prev.product.name"
06-11 10:34:27.629  6109 13337 D midasd  : PowerFactors is null 
06-11 10:34:27.630  1799  1799 I CameraMidasService: getExplorerInfo The size of ExplorerInfo is 240 ,The size of ExplorerInfo is 0, The memory size of ExplorerInfo is 0
06-11 10:34:27.630  6109 13341 I midasd  : app forground called:com.earthengine.minimalglobe
06-11 10:34:27.630  6109 13337 D midasd  : getExplorerInfo is null 
06-11 10:34:27.633 12732 12832 I OplusObrain: OplusObrainClientInvoke.getAllTopAppInfos
06-11 10:34:27.633 29795 29795 D nativeloader: Configuring clns-9 for other apk /data/app/~~xcu9_DbF9ppN5Y25O2lhCw==/com.earthengine.minimalglobe-oYs1Zfsj_DHEJOLMrQsBpw==/base.apk. target_sdk_version=36, uses_libraries=, library_path=/data/app/~~xcu9_DbF9ppN5Y25O2lhCw==/com.earthengine.minimalglobe-oYs1Zfsj_DHEJOLMrQsBpw==/lib/arm64:/data/app/~~xcu9_DbF9ppN5Y25O2lhCw==/com.earthengine.minimalglobe-oYs1Zfsj_DHEJOLMrQsBpw==/base.apk!/lib/arm64-v8a, permitted_path=/data:/mnt/expand:/data/user/0/com.earthengine.minimalglobe
06-11 10:34:27.635 12732 12832 I OplusObrain: OplusObrainClientInvoke.nativeGetTelephonyInfo
06-11 10:34:27.636  9703 11131 I Qsb-FtsSearchAppManager: callWhenPackageAdd:com.earthengine.minimalglobe
06-11 10:34:27.637 29795 29795 I ne.minimalglobe: AssetManager2(0xb400007ad7991128) locale list changing from [] to [zh-CN]
06-11 10:34:27.637  6109 13332 E midasd  : getTotalFlipsFromSf mCurFrameCount: 7859861
06-11 10:34:27.637  6109 13332 I midasd  : DisplayAgent updateDisplayDevInfo getRenderFps mFps:120 mRenderFps:120 mWidth:1240 mHeight:2772
06-11 10:34:27.638 25296 25296 I MainLooperBlockDetector: com.oplus.advice.frameworks.drivers.settings.repository.SeedlingDataExchangeRepository$packageUpdateBroadcastReceiver$2$1.onReceive
06-11 10:34:27.638 25296 25296 I MainLooperBlockDetector: com.oplus.assistantscreen.common.helper.ApplicationStateChangeMonitor$ApplicationStateChangeReceiver.onReceive
06-11 10:34:27.638 25296 25296 I AstScreen.ApplicationStateChangeMonitor: ApplicationStateChangeReceiver onReceive
06-11 10:34:27.638 25296 25296 I AstScreen.ApplicationStateChangeMonitor: ApplicationStateChangeReceiver onReceive, action = android.intent.action.PACKAGE_REMOVED packageName = *o*.*a*t*e*g*n*.*i*i*a*g*o*e
06-11 10:34:27.638 25296 25296 I MainLooperBlockDetector: com.oplus.assistantscreen.recentlyused.repository.utils.ProgramPkgStatusManager$packageUpdateBroadcastReceiver$1.onReceive
06-11 10:34:27.638 25296 25296 I AstScreen.ProgramPkgUpdateMonitor: targetPkg=com.earthengine.minimalglobe, action=android.intent.action.PACKAGE_REMOVED
06-11 10:34:27.639 25296 25296 I MainLooperBlockDetector: com.oplus.advice.utils.CompatUtils$PackageChangeBroadCastReceiver.onReceive
06-11 10:34:27.639 25296 25296 I AdviceSDK.PackageChangeBroadCastReceiver: onReceive, android.intent.action.PACKAGE_REMOVED-[16.0.35-7756912]
06-11 10:34:27.639 25296 25296 E AdviceSDK.CompatUtils: notifyPackageChangeCallBack, pkg: com.earthengine.minimalglobe-[16.0.35-7756912]
06-11 10:34:27.639 25296 25296 I AdviceSDK.CardSizeChangeUtils: onPackageChange pkg=com.earthengine.minimalglobe,mLauncherIsSupport:true-[16.0.35-7756912]
06-11 10:34:27.639 25296 25296 I SDP.InstallMonitorManager:  Broadcast received android.intent.action.PACKAGE_REMOVED.[ssdk:v1.3.160-16ef4dc,sdplugin:v16.56.0-85a272db] [SeedlingSdk|com.coloros.assistantscreen|2.0.40-ebe132d]
06-11 10:34:27.639 25296 25296 I SDP.InstallMonitorManager:  Start notify install for package:com.earthengine.minimalglobe.[ssdk:v1.3.160-16ef4dc,sdplugin:v16.56.0-85a272db]
06-11 10:34:27.639 25296 25296 I MainLooperBlockDetector: com.oplus.assistantscreen.card.shortcuts.manager.RxPackageUpdateMonitor$packageUpdateBroadcastReceiver$1.onReceive
06-11 10:34:27.640 25296 27544 I SDP.ContextProxy:  acquireClient with authority:com.oplus.pantanal.ums.statictis, pkgName:com.coloros.assistantscreen, use normal context[ssdk:v1.3.160-16ef4dc,sdplugin:v16.56.0-85a272db]
06-11 10:34:27.640 25296 25296 I MainLooperBlockDetector: com.heytap.iflow.downloads.oaps.MarketDownloadHelper$1.onReceive
06-11 10:34:27.640 25296 25296 I MainLooperBlockDetector: org.hapjs.card.sdk.CardServiceLoader$EngineApkChangeReceiver.onReceive
06-11 10:34:27.640 25296 25296 I MainLooperBlockDetector: com.opos.ca.core.provider.d$o.onReceive
06-11 10:34:27.641 25296 25296 I MainLooperBlockDetector: com.oplus.advice.frameworks.drivers.settings.repository.SeedlingDataExchangeRepository$packageUpdateBroadcastReceiver$2$1.onReceive
06-11 10:34:27.641 25296 25296 I MainLooperBlockDetector: com.oplus.assistantscreen.common.helper.ApplicationStateChangeMonitor$ApplicationStateChangeReceiver.onReceive
06-11 10:34:27.641 25296 25296 I AstScreen.ApplicationStateChangeMonitor: ApplicationStateChangeReceiver onReceive
06-11 10:34:27.641 25296 25296 I AstScreen.ApplicationStateChangeMonitor: ApplicationStateChangeReceiver onReceive, action = android.intent.action.PACKAGE_ADDED packageName = *o*.*a*t*e*g*n*.*i*i*a*g*o*e
06-11 10:34:27.641 25296 25296 I MainLooperBlockDetector: com.oplus.assistantscreen.recentlyused.repository.utils.ProgramPkgStatusManager$packageUpdateBroadcastReceiver$1.onReceive
06-11 10:34:27.641 25296 25296 I AstScreen.ProgramPkgUpdateMonitor: targetPkg=com.earthengine.minimalglobe, action=android.intent.action.PACKAGE_ADDED
06-11 10:34:27.642 25296 25296 I MainLooperBlockDetector: com.oplus.advice.utils.CompatUtils$PackageChangeBroadCastReceiver.onReceive
06-11 10:34:27.642 25296 25296 I AdviceSDK.PackageChangeBroadCastReceiver: onReceive, android.intent.action.PACKAGE_ADDED-[16.0.35-7756912]
06-11 10:34:27.642 25296 25296 E AdviceSDK.CompatUtils: notifyPackageChangeCallBack, pkg: com.earthengine.minimalglobe-[16.0.35-7756912]
06-11 10:34:27.642 25296 25296 I AdviceSDK.CardSizeChangeUtils: onPackageChange pkg=com.earthengine.minimalglobe,mLauncherIsSupport:true-[16.0.35-7756912]
06-11 10:34:27.642 25296 25296 I SDP.InstallMonitorManager:  Broadcast received android.intent.action.PACKAGE_ADDED.[ssdk:v1.3.160-16ef4dc,sdplugin:v16.56.0-85a272db]
06-11 10:34:27.642 25296 25296 I SDP.InstallMonitorManager:  Start check ums pks for com.earthengine.minimalglobe.[ssdk:v1.3.160-16ef4dc,sdplugin:v16.56.0-85a272db]
06-11 10:34:27.642 25296 25296 I SDP.InstallMonitorManager:  Start notify install for package:com.earthengine.minimalglobe.[ssdk:v1.3.160-16ef4dc,sdplugin:v16.56.0-85a272db]
06-11 10:34:27.642 25296 25394 I AstScreen.ShortcutVisualMessageManager: requestUpdateVisualDataCache,originUnExecutedVisualDataList:[],newVisualMessageCache:[]
06-11 10:34:27.643 25296 25296 I MainLooperBlockDetector: com.oplus.assistantscreen.card.shortcuts.manager.RxPackageUpdateMonitor$packageUpdateBroadcastReceiver$1.onReceive
06-11 10:34:27.643 25296 25394 I AstScreen.ShortcutRouterCacheHelper: isAnyUrlAvailableFromCache 279, title:腾讯元宝 has no legal url, dependentPackage:*o*.*e*c*n*.*u*y*a*.*p*.*h*t
06-11 10:34:27.644 25296 27537 I SDP.ContextProxy:  acquireClient with authority:com.oplus.pantanal.ums.statictis, pkgName:com.coloros.assistantscreen, use normal context[ssdk:v1.3.160-16ef4dc,sdplugin:v16.56.0-85a272db]
06-11 10:34:27.644  9703 10943 D TapHttp.HeyConfig: HeyConfig start time:200761367
06-11 10:34:27.644  9703 10943 D TapHttp.OkHttpClient:  OkHttpClient(Builder builder) start
06-11 10:34:27.644  6716  6716 I SG::PackageReceiver: onReceive action = android.intent.action.PACKAGE_REPLACED
06-11 10:34:27.645 29795 29795 V GraphicsEnvironment: Currently set values for:
06-11 10:34:27.645 29795 29795 V GraphicsEnvironment:   angle_gl_driver_selection_pkgs=[]
06-11 10:34:27.645 29795 29795 V GraphicsEnvironment:   angle_gl_driver_selection_values=[]
06-11 10:34:27.645 29795 29795 V GraphicsEnvironment: com.earthengine.minimalglobe is not listed in per-application setting
06-11 10:34:27.645 25296 25296 I MainLooperBlockDetector: com.heytap.iflow.downloads.oaps.MarketDownloadHelper$1.onReceive
06-11 10:34:27.645 29795 29795 V GraphicsEnvironment: ANGLE allowlist from config: 
06-11 10:34:27.645 29795 29795 V GraphicsEnvironment: com.earthengine.minimalglobe is not listed in ANGLE allowlist or settings, returning default
06-11 10:34:27.645 29795 29795 V GraphicsEnvironment: Updatable production driver is not supported on the device.
06-11 10:34:27.645 25296 25296 I MainLooperBlockDetector: org.hapjs.card.sdk.CardServiceLoader$EngineApkChangeReceiver.onReceive
06-11 10:34:27.645 25296 25296 I MainLooperBlockDetector: com.opos.ca.core.provider.d$o.onReceive
06-11 10:34:27.646  6716  6716 I CardService[1006200].ApplicationStateChangeMonitor: ApplicationStateChangeReceiver onReceive
06-11 10:34:27.646  6716  6716 I CardService[1006200].ApplicationStateChangeMonitor: ApplicationStateChangeReceiver onReceive, action =android.intent.action.PACKAGE_REPLACED, packageName =*om.ea*theng*ne.mi*imalg*obe, isUpdated = true
06-11 10:34:27.646  6716  6716 I CardService[1006200].CardServiceDisplayDataRepository: onConfigChanged:com.earthengine.minimalglobe
06-11 10:34:27.646  9703 10943 D TapHttp.OkHttpClient:  OkHttpClient(Builder builder) end
06-11 10:34:27.647 25296 25296 I MainLooperBlockDetector: com.oplus.assistantscreen.common.helper.ApplicationStateChangeMonitor$ApplicationStateChangeReceiver.onReceive
06-11 10:34:27.648 29795 29795 D ResourcesManagerExtImpl: applyConfigurationToAppResourcesLocked app.getDisplayId() return callback.displayId:-1
06-11 10:34:27.648 25296 25296 I AstScreen.ApplicationStateChangeMonitor: ApplicationStateChangeReceiver onReceive
06-11 10:34:27.648 25296 25296 I AstScreen.ApplicationStateChangeMonitor: ApplicationStateChangeReceiver onReceive, action = android.intent.action.PACKAGE_REPLACED packageName = *o*.*a*t*e*g*n*.*i*i*a*g*o*e
06-11 10:34:27.648 25296 25296 I MainLooperBlockDetector: com.oplus.assistantscreen.recentlyused.repository.utils.ProgramPkgStatusManager$packageUpdateBroadcastReceiver$1.onReceive
06-11 10:34:27.648 25296 25296 I AstScreen.ProgramPkgUpdateMonitor: targetPkg=com.earthengine.minimalglobe, action=android.intent.action.PACKAGE_REPLACED
06-11 10:34:27.648 25296 25296 I MainLooperBlockDetector: com.oplus.advice.utils.CompatUtils$PackageChangeBroadCastReceiver.onReceive
06-11 10:34:27.648 25296 25296 I AdviceSDK.PackageChangeBroadCastReceiver: onReceive, android.intent.action.PACKAGE_REPLACED-[16.0.35-7756912]
06-11 10:34:27.648 25296 25296 E AdviceSDK.CompatUtils: notifyPackageChangeCallBack, pkg: com.earthengine.minimalglobe-[16.0.35-7756912]
06-11 10:34:27.649 25296 25296 I AdviceSDK.CardSizeChangeUtils: onPackageChange pkg=com.earthengine.minimalglobe,mLauncherIsSupport:true-[16.0.35-7756912]
06-11 10:34:27.649 25296 25296 I SDP.InstallMonitorManager:  Broadcast received android.intent.action.PACKAGE_REPLACED.[ssdk:v1.3.160-16ef4dc,sdplugin:v16.56.0-85a272db]
06-11 10:34:27.649 25296 25296 I SDP.InstallMonitorManager:  Start notify install for package:com.earthengine.minimalglobe.[ssdk:v1.3.160-16ef4dc,sdplugin:v16.56.0-85a272db]
06-11 10:34:27.649 25296 25296 I MainLooperBlockDetector: com.oplus.assistantscreen.card.shortcuts.manager.RxPackageUpdateMonitor$packageUpdateBroadcastReceiver$1.onReceive
06-11 10:34:27.650 25296 25296 I MainLooperBlockDetector: com.heytap.iflow.downloads.oaps.MarketDownloadHelper$1.onReceive
06-11 10:34:27.650 25296 25296 I MainLooperBlockDetector: org.hapjs.card.sdk.CardServiceLoader$EngineApkChangeReceiver.onReceive
06-11 10:34:27.650 25296 25296 I MainLooperBlockDetector: com.opos.ca.core.provider.d$o.onReceive
06-11 10:34:27.651 10577 10577 I MainLooperBlockDetector: com.heytap.iflow.downloads.oaps.MarketDownloadHelper$1.onReceive
06-11 10:34:27.651 10577 10577 I MainLooperBlockDetector: com.heytap.iflow.downloads.oaps.MarketDownloadHelper$1.onReceive
06-11 10:34:27.652 10577 10577 I MainLooperBlockDetector: com.heytap.iflow.downloads.oaps.MarketDownloadHelper$1.onReceive
06-11 10:34:27.652  6716 29458 I SG::UmsScanner: scan pkg: com.earthengine.minimalglobe start...
06-11 10:34:27.653  6716 10816 I SG::OCSCacheHelper: checkFromPackageReceiver, start scan single pkg: com.earthengine.minimalglobe
06-11 10:34:27.653  1861 27608 D GpuServiceExtImpl: getRUSWhiteList  size 0
06-11 10:34:27.653 29795 29795 I HWUI    : SupportApps size 0
06-11 10:34:27.653 29795 29795 D ExtensionsLoader: createInstance(64bit) : createExtendedFactory
06-11 10:34:27.654 29795 29795 D ExtensionsLoader: Opened libSchedAssistExtImpl.so
06-11 10:34:27.654  6716 10816 I SG::OCSCacheHelper: checkFromPackageReceiver scanSingle resolvedInfo size = 0
06-11 10:34:27.654  6716 10816 E SG::OCSCacheHelper: checkFromPackageReceiver resolvedInfo is empty,pkg = com.earthengine.minimalglobe
06-11 10:34:27.654 29795 29795 E SchedAssist: open sharedFd failed with error=Permission denied
06-11 10:34:27.654 29795 29795 E SchedAssist: open sharedFd failed with error=Permission denied
06-11 10:34:27.654 29795 29795 E SchedAssist: open sharedFd failed with error=Permission denied
06-11 10:34:27.654 29795 29795 E SchedAssist: open sharedFd failed with error=Permission denied
06-11 10:34:27.657 29795 29795 I ne.minimalglobe: AssetManager2(0xb400007ad7991a28) locale list changing from [] to [zh-CN]
06-11 10:34:27.657  1877  2465 I VRR-[OPlusRefreshRateSelector]: updateAutoMode success, display 0, mode 0, fakeframe 1, min fps: 1
06-11 10:34:27.658 29795 29795 D ResourcesManagerExtImpl: applyConfigurationToAppResourcesLocked app.getDisplayId() return callback.displayId:0
06-11 10:34:27.658  6716  7824 I SG::ExternalProvider: call method scanSingle, arg package:com.earthengine.minimalglobe
06-11 10:34:27.658  6716  7824 I SG::UmsScanner: scan pkg: com.earthengine.minimalglobe start...
06-11 10:34:27.659 25296 27544 I SDP.ContextProxy:  acquireClient with authority:com.oplus.pantanal.ums.statictis, pkgName:com.coloros.assistantscreen, use normal context[ssdk:v1.3.160-16ef4dc,sdplugin:v16.56.0-85a272db]
06-11 10:34:27.659 19629 19647 I DMP-RemoteWorkProcessor: process:onReceivearg: android.intent.action.PACKAGE_REPLACEDextras:Bundle[mParcelledData.dataSize=100]
06-11 10:34:27.659 29795 29826 D OplusGraphicsEvent: OplusGraphicsEventListener create now!
06-11 10:34:27.660 29795 29826 D OplusGraphicsEvent: addEventListener success!
06-11 10:34:27.660 29795 29826 D ExtensionsLoader: createInstance(64bit) : createExtendedFactory
06-11 10:34:27.660 19629 19687 I DMP-BusinessHandler: handleMessage:1
06-11 10:34:27.660 19629 19687 W DMP-BusinessHandler: in clearDMPExternalIndexData method, action is not clear or remove
06-11 10:34:27.660 29795 29826 D ExtensionsLoader: Opened libSchedAssistExtImpl.so
06-11 10:34:27.660 19629 19687 I DMP-IndexProvider: call, authority[com.oplus.dmp.index], method[onReceive], resource[null]
06-11 10:34:27.660 29795 29826 I DisplayManager: Choreographer implicitly registered for the refresh rate.
06-11 10:34:27.662  6716  7832 I SG::ExternalProvider: call method scanSingle, arg package:com.earthengine.minimalglobe
06-11 10:34:27.662  6716  7832 I SG::UmsScanner: scan pkg: com.earthengine.minimalglobe start...
06-11 10:34:27.663 12732 12832 I OplusObrain: OplusObrainClientInvoke.nativeGetTrafficTypeInfoForNetworkType networkType 1
06-11 10:34:27.664 29795 29826 I AdrenoGLES-0: QUALCOMM build                   : b82916be04, I507ba793b7
06-11 10:34:27.664 29795 29826 I AdrenoGLES-0: Build Date                       : 08/06/25
06-11 10:34:27.664 29795 29826 I AdrenoGLES-0: OpenGL ES Shader Compiler Version: EV031.36.08.34
06-11 10:34:27.664 29795 29826 I AdrenoGLES-0: Local Branch                     : 
06-11 10:34:27.664 29795 29826 I AdrenoGLES-0: Remote Branch                    : refs/tags/AU_LINUX_ANDROID_LA.VENDOR.1.0.R1.11.00.00.816.269
06-11 10:34:27.664 29795 29826 I AdrenoGLES-0: Remote Branch                    : NONE
06-11 10:34:27.664 29795 29826 I AdrenoGLES-0: Reconstruct Branch               : NOTHING
06-11 10:34:27.664 29795 29826 I AdrenoGLES-0: Build Config                     : S P 12.1.1 AArch64
06-11 10:34:27.664  1699  2174 I SDM     : DisplayBuiltIn::SetQSyncMode: VRR + qsync minfps change to: 12616065 00C08181
06-11 10:34:27.664 29795 29826 I AdrenoGLES-0: Driver Path                      : /vendor/lib64/egl/libGLESv2_adreno.so
06-11 10:34:27.664 29795 29826 I AdrenoGLES-0: Driver Version                   : 0615.100
06-11 10:34:27.664  1699  2174 I SDM     : HWDeviceDRM::OPlusSetQSyncMinFps: VRR +  OPlusSetQSyncMinFps: 12616065
06-11 10:34:27.664  1699  2174 I SDM     : HWDeviceDRM::OPlusSetQSyncMinFpsUpdate: VRR +  OPlusSetQSyncMinFpsUpdate: 1
06-11 10:34:27.664  1699  2174 I SDM     : HWDeviceDRM::OPlusGetQSyncMinFps: VRR +  OPlusGetQSyncMinFps: 12616065
06-11 10:34:27.664  1699  2174 I SDM     : DisplayBuiltIn::SetQSyncMode: VRR + update qsync mode 0 minfps 00C08181
06-11 10:34:27.664  1699  2174 I SDM     : HWDeviceDRM::OPlusIsQSyncMinFpsForAuto: VRR +  OPlusIsQSyncMinFpsForAuto: 1
06-11 10:34:27.664  1699  2174 I SDM     : DisplayBuiltIn::SetQSyncMode: VRR + needs_avr_update_ 0
06-11 10:34:27.664  1699  2174 I SDM     : DisplayBuiltIn::SetQSyncMode: Qsync mode set to 0 successfully
06-11 10:34:27.665 29795 29795 E ashmem  : Pinning is deprecated since Android Q. Please use trim or other methods.
06-11 10:34:27.667  1699  1966 I SDM     : HWDeviceDRM::OPlusGetQSyncMinFpsUpdate: VRR +  OPlusGetQSyncMinFpsUpdate: 1
06-11 10:34:27.667  1699  1966 I SDM     : HWDeviceDRM::OPlusIsQSyncMinFpsForAuto: VRR +  OPlusIsQSyncMinFpsForAuto: 1
06-11 10:34:27.667  1699  1966 I SDM     : HWDeviceDRM::OPlusGetQSyncMinFps: VRR +  OPlusGetQSyncMinFps: 12616065
06-11 10:34:27.667 18957 14864 D ClockTag_DeviceUtils: isDisableWeatherTemperature false
06-11 10:34:27.669 29795 29795 E OplusPredictiveBackController:  NoSuchMethodException 
06-11 10:34:27.669 29795 29795 D OplusPredictiveBackController: should not HookOnBackInvokedCallbackEnabled for application com.earthengine.minimalglobe.MainActivity@bfd2d56 sdk: 36
06-11 10:34:27.670 29795 29795 D OplusPredictiveBackController: initPredictiveBackConfig for com.earthengine.minimalglobe.MainActivity@bfd2d56 initPredictiveBackConfig mShouldInterceptKeyEvent false
06-11 10:34:27.670 29795 29795 D WindowOnBackDispatcher:  predictive settings is disabled for com.earthengine.minimalglobe
06-11 10:34:27.670 29795 29795 I oplus.android.OplusFrameworkFactoryImpl: Unknow feature:IOplusTextViewRTLUtilForUG
06-11 10:34:27.674  6716  7824 I SG::ExternalProvider: call method scanSingle, arg package:com.earthengine.minimalglobe
06-11 10:34:27.674  6716  7824 I SG::UmsScanner: scan pkg: com.earthengine.minimalglobe start...
06-11 10:34:27.674 18957 14864 D ClockTag_ClockWidget.BaseClockWidget: localWeatherInfo = 22‎°‎
06-11 10:34:27.675 18957 14864 D ClockTag_ClockWidget.BaseClockWidget: TextSize ratio:1.0;false
06-11 10:34:27.675 12732 12787 I OplusObrain: OplusObrainClientInvoke.nativeGetTrafficTypeInfoForNetworkType networkType 0
06-11 10:34:27.675 18957 14864 D ClockTag_WidgetUpdateHelper: relayoutAllWidgets widgetIds: [2] remoteView:android.widget.RemoteViews@ed1e26f
06-11 10:34:27.675 18957 14864 I AppWidgetManager: updateAppWidgetIds, mPackageName: com.coloros.alarmclock, appWidgetIds: [2], views:android.widget.RemoteViews@ed1e26f
06-11 10:34:27.676  9703 11244 D CloudConfig_stgyHelper: mspVersionCanSupport mspKitVersion : 2021620
06-11 10:34:27.677 29795 29795 D nativeloader: Load /data/app/~~xcu9_DbF9ppN5Y25O2lhCw==/com.earthengine.minimalglobe-oYs1Zfsj_DHEJOLMrQsBpw==/base.apk!/lib/arm64-v8a/libminimal_globe_jni.so using class loader ns clns-9 (caller=/data/app/~~xcu9_DbF9ppN5Y25O2lhCw==/com.earthengine.minimalglobe-oYs1Zfsj_DHEJOLMrQsBpw==/base.apk!classes2.dex): ok
06-11 10:34:27.681 29795 29795 D CompatChangeReporter: Compat change id reported: 376561342; UID 10602; state: ENABLED
06-11 10:34:27.687 29795 29795 E OplusCustomizeRestrictionManager: sInstance is null, start a new sInstance
06-11 10:34:27.688  8454 13615 D SceneSDK.1.0.4-SNAPSHOT.8454.DeepThinkerAppSwitchAbility: onAppSwitchEvent: AppSwitchEvent(timeStamp=1781145267675, eventType=2, targetName=com.android.launcher, firstStart=false, multiApp=false, windowMode=0, resumingPackageName=com.earthengine.minimalglobe, resumingActivityName=com.earthengine.minimalglobe.MainActivity, isResumingMultiApp=false, isResumingFirstStart=true)
06-11 10:34:27.688  8454 13615 I ContextAware_AppRecommendAdapter: receive app recommend from AppSwitchEvent(eventId=2, switchInfo=AppSwitchInfo(targetName=com.android.launcher, firstStart=false, multiApp=false, windowMode=0, resumingPackageName=com.earthengine.minimalglobe, resumingActivityName=com.earthengine.minimalglobe.MainActivity, isResumingFirstStart=true, isResumingMultiApp=false))
06-11 10:34:27.688  8454 13615 I ContextAware_AppRecentAdapter: click enter:com.earthengine.minimalglobe
06-11 10:34:27.689 29795 29826 I AdrenoGLES-0: PFP: 0x01730181, ME: 0x00000000
06-11 10:34:27.690  8454 17267 D SceneSDK.1.0.4-SNAPSHOT.8454.DeepThinkerAppSwitchAbility: onAppSwitchEvent: AppSwitchEvent(timeStamp=1781145267675, eventType=2, targetName=com.android.launcher, firstStart=false, multiApp=false, windowMode=0, resumingPackageName=com.earthengine.minimalglobe, resumingActivityName=com.earthengine.minimalglobe.MainActivity, isResumingMultiApp=false, isResumingFirstStart=true)
06-11 10:34:27.690  8454 17267 I metis_v2_AppSwitchDataCollector: AppExitEvent =  com.android.launcher, NextAppName = com.earthengine.minimalglobe
06-11 10:34:27.690 19629 19687 I DMP-AppInitializer: isAppAvailable for indexCall, caller: com.oplus.dmp
06-11 10:34:27.692  6716  6716 I CardConfig.PackageObserver: onReceive: action = android.intent.action.PACKAGE_REPLACED, name = minimalglobe, isUpdated = true
06-11 10:34:27.692  6716  6716 I CardConfig.CachedPackageManagerProxy: onPackageChanged: minimalglobe
06-11 10:34:27.693 18957 14864 D ClockTag_WidgetUpdateHelper: relayoutAllWidgets finished
06-11 10:34:27.693 18957 14864 D ClockTag_WidgetUpdateHelper: skip update widget (cached absent): class com.coloros.widget.smallweather.OppoWeatherInterimLunar
06-11 10:34:27.693 18957 14864 D ClockTag_WidgetUpdateHelper: end update all widgets
06-11 10:34:27.694  9703 10943 D Identity: nonceAndCounter: 604f29bc0e6991260000000000000001
06-11 10:34:27.695  9703 11244 D CloudConfig_stgyHelper: getSupportKitMode strategyEntity : StrategyEntity(sdkInterval=1800000, strategyMode=1, minSDKVersion=1000, minKitVersion=2014122, validReqPeriod=7200000, maxReqProduct=100, forceKitIfKit=false, backoff=120000, enable=true, defaultLimit=RateLimitConfig{maxCalls=1, timeWindowSeconds=7200, callIntervalSeconds=0}, productLimits={56589=RateLimitConfig{maxCalls=1, timeWindowSeconds=7200, callIntervalSeconds=0}, 50351=RateLimitConfig{maxCalls=1, timeWindowSeconds=7200, callIntervalSeconds=0}, safe-jsApi_2003=RateLimitConfig{maxCalls=1, timeWindowSeconds=7200, callIntervalSeconds=0}, compass_20214=RateLimitConfig{maxCalls=1, timeWindowSeconds=7200, callIntervalSeconds=0}, compass_20100=RateLimitConfig{maxCalls=1, timeWindowSeconds=7200, callIntervalSeconds=0}, 54883=RateLimitConfig{maxCalls=1, timeWindowSeconds=7200, callIntervalSeconds=0}, global-domain_1281=RateLimitConfig{maxCalls=1, timeWindowSeconds=7200, callIntervalSeconds=0}, compass_131500=RateLimitConfig{maxCalls=1, timeWindowSeconds=7200, callIntervalSeconds=0}, compass_134200=RateLimitConfig{maxCalls=1, timeWindowSeconds=7200, callIntervalSeconds=0}})
06-11 10:34:27.695  9703 11244 D CloudConfig_stgyHelper: getSupportKitMode localSdkVersion : 1224
06-11 10:34:27.699 29795 29826 D ExtensionsLoader: createInstance(64bit) : createExtendedFactory
06-11 10:34:27.699 29795 29826 D ExtensionsLoader: Opened libeglextimpl.so
06-11 10:34:27.699 29795 29826 D PreCache: [IPreCacheRus]loadRUSConfigs#102 failed to transact: -22 prc:com.earthengine.minimalglobe
06-11 10:34:27.700  8454 13615 I ContextAware_AppRecommendAlgorithm: After sort is [AppOrder{pkg='com.earthengine.minimalglobe', score=4.6868243', hourWeight=0.02', dayWeight=0.1}, AppOrder{pkg='space.xinzhi.hiko', score=0.011247154', hourWeight=0.17171717', dayWeight=0.5}, AppOrder{pkg='com.tencent.mm', score=0.004171974', hourWeight=0.035714287', dayWeight=0.2}, AppOrder{pkg='space.xinzhi.map', score=0.0014237434', hourWeight=0.041666668', dayWeight=0.1}, AppOrder{pkg='com.ss.android.lark', score=5.2398513E-4', hourWeight=0.02', dayWeight=0.1}, AppOrder{pkg='com.phoenix.read', score=4.932652E-4', hourWeight=0.02247191', dayWeight=0.1}, AppOrder{pkg='com.earthmd', score=2.7959433E-4', hourWeight=0.02', dayWeight=0.1}, AppOrder{pkg='com.github.metacubex.clash.meta', score=2.6199257E-4', hourWeight=0.02', dayWeight=0.1}, AppOrder{pkg='com.lolaage.tbulu.tools', score=2.4605342E-4', hourWeight=0.02', dayWeight=0.1}, AppOrder{pkg='com.heytap.browser', score=2.0895337E-4', hourWeight=0.02', dayWeight=0.1}, AppOrder{pkg='com.future.landscape', score=2.0895337E-4', hourWeight=0.02', dayWeight=0.1}, AppOrder{pkg='cn.soulapp.android', score=9.623572E-5', hourWeight=0.02173913', dayWeight=0.1}, AppOrder{pkg='com.ss.android.ugc.aweme', score=4.4296794E-5', hourWeight=0.025', dayWeight=0.1}, AppOrder{pkg='cmb.pb', score=0.0', hourWeight=0.02', dayWeight=0.1}]
06-11 10:34:27.701  8454 13615 I ContextAware_AppRecommendDispatch: dispatch app event with app_recommend_event
06-11 10:34:27.702  5227  6060 W download_ui_engine: dlv3 trans: {compressUri=/apk/compression/202605/29/975bbd53e255264de35f90052564ff76.zst, uDimensionId=3003_170, uOldMd5=aae490056f7da880ba253d122dd0edb3, compressSize=163535542, uObit=5, compressMd5=6ef3eaf5c400b3f0a65e4d8ed81d7b7a, compressId=25693661-w-3280387, compressHMd5=3f94966c7160928eed7f6cd887bb6904, source=1}
06-11 10:34:27.702  5227  6060 W FastInstallCopyHelper: shouldUseFastInstallCopy: false - not active download, downloadType=3 #com.heytap.yoli
06-11 10:34:27.702  5227 27332 W cdo_md5 : refresh app: md5 and sign: compute: Md5DbItem{pkgName='com.earthengine.minimalglobe', md5='f8463105b9949f62c365d2538dc79880', status='1_1781145266911_1781145266812', signList=[87a169cd8380ae8de14037243e79661c]} ,cost: 380
06-11 10:34:27.702  3189  4441 D NativeFreezeManager: freezeForAppSwitchScene mAppLaunchFzDxEnable enter, mFgAppPkgname com.earthengine.minimalglobe
06-11 10:34:27.704  5227 27332 W market_check_upgrade: startCheckUpgrade: part app: [com.earthengine.minimalglobe] ,isCtaPass: true
06-11 10:34:27.705  3189  8845 D Role    : not app enabled and not oplus freezed
06-11 10:34:27.705  3189  8845 E RoleControllerServiceImpl: Default/fallback role holder package doesn't qualify for the role, package: com.android.devicelockcontroller, role: android.app.role.SYSTEM_FINANCED_DEVICE_CONTROLLER
06-11 10:34:27.705  5227  6060 W download_ui_engine: dlv3 trans: {compressUri=/apk/compression/202606/10/b4494642d37f5526948bbb479a60ce7d.zst, uDimensionId=3003_170, uOldMd5=6535b824b4140d239c68ef17215854ce, compressSize=65281722, uObit=5, compressMd5=d8e01e47fefad65017a5ba1634f0879f, compressId=25722980-w-3339426, compressHMd5=19fbf6d6acd034e491098f8b1ff1c6be, source=1}
06-11 10:34:27.707  3189  3893 I AppWidgetServiceImpl: handleNotifyUpdateAppWidget,appWidgetId: 2,packageName:com.coloros.alarmclock
06-11 10:34:27.707  3189  3893 D AppWidgetServiceImpl: Trying to notify widget update for package com.coloros.alarmclock with widget id: 2 callbacks:com.android.internal.appwidget.IAppWidgetHost$Stub$Proxy@9734e46
06-11 10:34:27.707  6716  6716 I CardConfig.CardSwitchingMappingRepository: handlePackageChange: minimalglobe [base|com.oplus.pantanal.ums|2.0.44-25e9612]
06-11 10:34:27.708  9703 10943 I TapHttp.:  RetryAndFollowUpInterceptor isEventListenerStub:true
06-11 10:34:27.708  9703 10943 D TapHttp.:  StreamAllocation isEventListenerStub:true
06-11 10:34:27.709  6716  8880 I CardConfig.SeedingCardProviderProxy: subscribePackageChangeObservable do nothing
06-11 10:34:27.711  4650 23456 I PantaCard.Lnch.InstantCardEngine:  100281&1888747526&3_sid=536877097_rk=03cc59,sendMessageToCard, cardTag:100281&1888747526&3, false, newData.size = 115, code = 0, hasLoaded: true[sdk:v1.3.130-5a024cf,seed-plugin:v16.56.0-85a272db,app:v16.4.25] [OplusLauncher|com.android.launcher|2.0.44-25e9612]
06-11 10:34:27.711  5227  6060 W FastInstallCopyHelper: shouldUseFastInstallCopy: false - not active download, downloadType=3 #com.oplus.games
06-11 10:34:27.711  4650 23456 I PantaCard.Lnch.InstantCardEngine:  100281&1888747526&3_sid=536877097_rk=03cc59,sendMessageToCard, cardTag:100281&1888747526&3, false, newData.size = 119, code = 0, hasLoaded: true[sdk:v1.3.130-5a024cf,seed-plugin:v16.56.0-85a272db,app:v16.4.25]
06-11 10:34:27.711  4650  4650 D AppWidgetHostView: inflateAsync(rvToApply), appWidgetId: 2
06-11 10:34:27.713 11631 29296 I UMS.SettingDataManager: refreshSettingsList [base|2.0.44-25e9612]
06-11 10:34:27.713  9703 11384 D CloudConfig_stgyHelper: mspVersionCanSupport mspKitVersion : 2021620
06-11 10:34:27.717  1667 15952 I sensors-hal: handle_oplus_wise_rgb_event:230, wise_rgb:algo_type = 3
06-11 10:34:27.717  1667 15952 I sensors-hal: handle_oplus_wise_rgb_event:285, wise_rgb: raw_lux 518.298706, raw_cct 6250.741699, r/g/b/c: 41059.015625/35615.339844/19833.083984/90608.820312, R/G/B: 0.000000/0.000000/0.000000, brl 1529.000000, lux: 518.298706, cct: 6250.741699, ts 242665035375884, cnt 3983
06-11 10:34:27.718  4650  6739 D ExtensionManager: system.localconnection :1:registerCallback tid:5275
06-11 10:34:27.718  4650  6739 D ExtensionManager: system.localconnection :1:registerCallback tid:5275
06-11 10:34:27.719  4650 23595 D JsConsole: breeno2X2-launcher(rsUDrjLDfb7Y)::TimerManager: tag：TimerManager::replaceGlobalTimer setTimeout id：dHDOosW4HV
06-11 10:34:27.720  9703 11384 D CloudConfig_stgyHelper: getSupportKitMode strategyEntity : StrategyEntity(sdkInterval=1800000, strategyMode=1, minSDKVersion=1000, minKitVersion=2014122, validReqPeriod=7200000, maxReqProduct=100, forceKitIfKit=false, backoff=120000, enable=true, defaultLimit=RateLimitConfig{maxCalls=1, timeWindowSeconds=7200, callIntervalSeconds=0}, productLimits={56589=RateLimitConfig{maxCalls=1, timeWindowSeconds=7200, callIntervalSeconds=0}, 50351=RateLimitConfig{maxCalls=1, timeWindowSeconds=7200, callIntervalSeconds=0}, safe-jsApi_2003=RateLimitConfig{maxCalls=1, timeWindowSeconds=7200, callIntervalSeconds=0}, compass_20214=RateLimitConfig{maxCalls=1, timeWindowSeconds=7200, callIntervalSeconds=0}, compass_20100=RateLimitConfig{maxCalls=1, timeWindowSeconds=7200, callIntervalSeconds=0}, 54883=RateLimitConfig{maxCalls=1, timeWindowSeconds=7200, callIntervalSeconds=0}, global-domain_1281=RateLimitConfig{maxCalls=1, timeWindowSeconds=7200, callIntervalSeconds=0}, compass_131500=RateLimitConfig{maxCalls=1, timeWindowSeconds=7200, callIntervalSeconds=0}, compass_134200=RateLimitConfig{maxCalls=1, timeWindowSeconds=7200, callIntervalSeconds=0}})
06-11 10:34:27.720  9703 11384 D CloudConfig_stgyHelper: getSupportKitMode localSdkVersion : 1224
06-11 10:34:27.721 24785 25349 I FileLockLib: [24785]file 101 unlocked. fl.pid=0
06-11 10:34:27.721 11631 29348 I UMS.SettingDataManager: refreshSettingsList
06-11 10:34:27.722  4650 23595 D JsConsole: breeno2X2-launcher(rsUDrjLDfb7Y)::TimerManager: tag：debounce setTimeout id：aXpej75sip
06-11 10:34:27.722  4650 23595 D JsConsole: breeno2X2-launcher(rsUDrjLDfb7Y)::TimerManager: tag：TimerManager::replaceGlobalTimer setTimeout id：mUkncchUJh
06-11 10:34:27.722  8454 13615 I ContextAware_AppRecallManager: app recommend fire count:67
06-11 10:34:27.722  4650 23595 D JsConsole: breeno2X2-launcher(rsUDrjLDfb7Y)::TimerManager: tag：debounce setTimeout id：1sQNfaccKL
06-11 10:34:27.723  3189  4610 D OplusAppSwitchRuleInfo: generateAppEnterInfo - launch_source_type =  , launch_source_traceid = 
06-11 10:34:27.724  4650 23595 D JsConsole: breeno2X2-launcher(rsUDrjLDfb7Y)::TimerManager: tag：TimerManager::replaceGlobalTimer setTimeout id：5b2XmmJGM7
06-11 10:34:27.724  4650 23595 D JsConsole: breeno2X2-launcher(rsUDrjLDfb7Y)::TimerManager: tag：debounce setTimeout id：7fphE114bc
06-11 10:34:27.726  4329  4329 I PluginSeedling--Origin: LiveAlertInteractorImpl-->notifyEntryDataChanged ENTRY_STATUS_BAR, result:, noe: false
06-11 10:34:27.726  4329  4329 I PluginSeedling--Origin: LiveAlertInteractorImpl-->notifyEntryDataChanged ENTRY_NOTIFICATION, result:, noe: false
06-11 10:34:27.726  4329  4329 I PluginSeedling--Notification: NotificationRepository-->onDataChanged, []
06-11 10:34:27.727  4650 23595 D JsConsole: breeno2X2-launcher(rsUDrjLDfb7Y)::TimerManager: tag：TimerManager::replaceGlobalTimer setTimeout id：UBOOhhZOS0
06-11 10:34:27.727  4650 23595 D JsConsole: breeno2X2-launcher(rsUDrjLDfb7Y)::TimerManager: tag：debounce setTimeout id：p7LrQStgIt
06-11 10:34:27.727  4650 23595 D JsConsole: breeno2X2-launcher(rsUDrjLDfb7Y)::TimerManager: tag：TimerManager::replaceGlobalTimer setTimeout id：99Mc9jK0ZW
06-11 10:34:27.727  4650 23595 D JsConsole: breeno2X2-launcher(rsUDrjLDfb7Y)::TimerManager: tag：debounce setTimeout id：GJoR9ZqWiZ
06-11 10:34:27.729 29795 29795 D ScrollOptimizationHelper: can't find the config file for optimizaiton
06-11 10:34:27.729 29795 29795 D ScrollOptimizationHelper: will not debug for debug is false
06-11 10:34:27.733 19629 19687 I DMP-IndexProvider: Process index init succeed
06-11 10:34:27.733 19629 19687 I DMP-Dispatcher: dispatchWork, method[onReceive], resource[null], extras[Bundle[{action=android.intent.action.PACKAGE_REPLACED, package=com.earthengine.minimalglobe}]]
06-11 10:34:27.733 19629 19687 I DMP-Dispatcher: dispatchToMultiResource, method: onReceive, extras: Bundle[{action=android.intent.action.PACKAGE_REPLACED, package=com.earthengine.minimalglobe}], resourceList: [settings, localApp, standard_data#unified_service_invocation]
06-11 10:34:27.734 19629 19687 I DMP-PermissionUtil: isPermissionGranted, resource: localApp, basic: false
06-11 10:34:27.734 19629 19687 I DMP-PermissionUtil: unsupported resource or no permission required for resource: localApp
06-11 10:34:27.734 19629 19687 I DMP-Create: canCreate canCreate resource : localApp method : onReceive workName: onReceiveWork
06-11 10:34:27.735 19629 19687 I DMP-Create: localApp isPersonaResourceOpen : false
06-11 10:34:27.735 19629 19687 I DMP-Create: IndexStatus CHECK: null
06-11 10:34:27.735 19629 19687 I DMP-SAUWorkConfigManager: sau work config not found
06-11 10:34:27.735  8454  8173 I ContextAware_AppCardProcessor: [breeno-launcher]Apps on same screen, apps=[com.android.contacts, com.android.mms, com.oplus.camera, com.alibaba.android.rimet, com.example.findmapbox, com.citiccard.mobilebank, com.chinamworld.bocmbci, com.kmxs.reader, com.ovital.ovitalMap, com.nqsky.rmad.dizhiyun, com.taobao.idlefish, cmb.pb, com.larus.nova]
06-11 10:34:27.736  8454  8173 I ContextAware_AdvertisementManager: [breeno-launcher]getCommerceAppsByCardName size:6
06-11 10:34:27.736  8454  8173 I ContextAware_AppCardProcessor: [breeno-launcher]process fill ad apps: advApps: com.ss.android.ugc.aweme,com.aliyun.tongyi,com.jingdong.app.mall,com.eg.android.AlipayGphone,com.smile.gifmaker,com.sankuai.meituan
06-11 10:34:27.736 29795 29795 D CompatChangeReporter: Compat change id reported: 377864165; UID 10602; state: ENABLED
06-11 10:34:27.737 29795 29795 D DesktopModeFlags: Toggle override initialized to: OVERRIDE_UNSET
06-11 10:34:27.738 29795 29795 D OplusWindowManager: get WMS extension: android.os.BinderProxy@16a294e
06-11 10:34:27.738  3189  5079 W OplusNavigationBarUtil: color navigation bar util isn't init.
06-11 10:34:27.741  8454  8173 I ContextAware_AppFillAdsProcess: [breeno-launcher]Mix commerce app with commerceAlg=2 advs=[AppAdInfo[pkg=com.ss.android.ugc.aweme, finalScore=413.00003, timeWeight=0.0,  exposeWeight=0.0, habitWeight=0.0, habitHourWeight=0.0,finalWeight=0.0,weight=0.0, deepLink= 1506, routePage = 0, utrackClickUrl=3, utrackExposeUrl=3,iconUrl=null, icon=null, appType=5, expireTimeStamp:1781193599836,apiSource=5, typeCode=6, cpcScore=13.452769, ecpmScore=413.00003, ctrScore=0.0307,title=null, subTitle=null, adSize=71,algorithmScore=0.0, status=[]], AppAdInfo[pkg=com.aliyun.tongyi, finalScore=193.743, timeWeight=0.0,  exposeWeight=0.0, habitWeight=0.0, habitHourWeight=0.0,finalWeight=0.0,weight=0.0, deepLink= 259, routePage = 0, utrackClickUrl=2, utrackExposeUrl=2,iconUrl=null, icon=null, appType=3, expireTimeStamp:1781193599836,apiSource=9, typeCode=6, cpcScore=103.0, ecpmScore=193.743, ctrScore=0.0018798828,title=null, subTitle=null, adSize=71,algorithmScore=0.0, status=[]], AppAdInfo[pkg=com.jingdong.app.mall, finalScore=89.0, timeWeight=0.0,  exposeWeight=0.0, habitWeight=0.0, habitHourWeight=0.0,finalWeight=0.0,weight=0.0, deepLink= 746, routePage = 0, utrackClickUrl=4, utrackExposeUrl=4,iconUrl=null, icon=null, appType=5, expireTimeStamp:1781193599836,apiSource=5, typeCode=6, cpcScore=34.23077, ecpmScore=89.0, ctrScore=0.0026,title=null, subTitle=null, adSize=71,algorithmScore=0.0, status=[]], AppAdInfo[pkg=com.eg.android.AlipayGphone, finalScore=34.0, timeWeight=0.0,  exposeWeight=0.0, habitWeight=0.0, habitHourWeight=0.0,finalWeight=0.0,weight=0.0, deepLink= 1002, routePage = 0, utrackClickUrl=4, utrackExposeUrl=4,iconUrl=null, icon=null, appType=5, expireTimeStamp:1781193599836,apiSource=5, typeCode=6, cpcScore=5.230769, ecpmScore=34.0, ctrScore=0.0065,title=null, subTitle=null, adSize=71,algorithmScore=0.0, status=[]], AppAdInfo[pkg=com.smile.gifmaker, finalScore=30.0, timeWeight=0.0,  exposeWeight=0.0, habitWeight=0.0, habitHourWeight=0.0,finalWeight=0.0,weight=0.0, deepLink= 1132, routePage = 0, utrackClickUrl=3, utrackExposeUrl=3,iconUrl=null, icon=null, appType=5, expireTimeStamp:1781193599836,apiSource=5, typeCode=1, cpcScore=1.6393442, ecpmScore=30.0, ctrScore=0.0183,title=null, subTitle=null, adSize=71,algorithmScore=0.0, status=[]], AppAdInfo[pkg=com.sankuai.meituan, finalScore=26.433, timeWeight=0.0,  exposeWeight=0.0, habitWeight=0.0, habitHourWeight=0.0,finalWeight=0.0,weight=0.0, deepLink= 116, routePage = 0, utrackClickUrl=2, utrackExposeUrl=2,iconUrl=null, icon=null, appType=3, expireTimeStamp:1781193599836,apiSource=9, typeCode=1, cpcScore=9.0, ecpmScore=26.433, ctrScore=0.0029378256,title=null, subTitle=null, adSize=71,algorithmScore=0.0, status=[]]]
06-11 10:34:27.741  8454  8173 I ContextAware_AppFillAdsProcess: [breeno-launcher]:maxCount:4  adTakeCount:1  adLoadCount:2
06-11 10:34:27.741  8454  8173 I ContextAware_AppFillAdsProcess: current adv app com.ss.android.ugc.aweme in 4 with status 2
06-11 10:34:27.741  8454  8173 I ContextAware_AppFillAdsProcess: not adv app space.xinzhi.map in 5
06-11 10:34:27.741  8454  8173 I ContextAware_AppFillNewActiveProcess: [breeno-launcher]not support appSugNewAppSwitch
06-11 10:34:27.742  5227  6060 W download_ui_engine: dlv3 trans: {compressUri=/apk/compression/202606/01/3ae37736691192f79482d1384806a242.zst, uDimensionId=3003_170, uOldMd5=f7442b1f8c03c3e7860fded01c08dc1d, compressSize=175873983, uObit=5, compressMd5=1b9da5dc72344f719c914a50fc20fa19, compressId=25699225-w-3291600, compressHMd5=0a6240c4e0e80b749907c1629dae9d6c, source=1}
06-11 10:34:27.742  5227  6060 W FastInstallCopyHelper: shouldUseFastInstallCopy: false - not active download, downloadType=3 #com.eg.android.AlipayGphone
06-11 10:34:27.745  8454 29140 I ContextAware_AppSortAlgorithmManager: sortForAppRecommendChange sendMessage, source=app_recommend_event
06-11 10:34:27.745  9703 11384 D CloudConfig_stgyHelper: mspVersionCanSupport mspKitVersion : 2021620
06-11 10:34:27.745  9703 11384 D CloudConfig_stgyHelper: getSupportKitMode strategyEntity : StrategyEntity(sdkInterval=1800000, strategyMode=1, minSDKVersion=1000, minKitVersion=2014122, validReqPeriod=7200000, maxReqProduct=100, forceKitIfKit=false, backoff=120000, enable=true, defaultLimit=RateLimitConfig{maxCalls=1, timeWindowSeconds=7200, callIntervalSeconds=0}, productLimits={56589=RateLimitConfig{maxCalls=1, timeWindowSeconds=7200, callIntervalSeconds=0}, 50351=RateLimitConfig{maxCalls=1, timeWindowSeconds=7200, callIntervalSeconds=0}, safe-jsApi_2003=RateLimitConfig{maxCalls=1, timeWindowSeconds=7200, callIntervalSeconds=0}, compass_20214=RateLimitConfig{maxCalls=1, timeWindowSeconds=7200, callIntervalSeconds=0}, compass_20100=RateLimitConfig{maxCalls=1, timeWindowSeconds=7200, callIntervalSeconds=0}, 54883=RateLimitConfig{maxCalls=1, timeWindowSeconds=7200, callIntervalSeconds=0}, global-domain_1281=RateLimitConfig{maxCalls=1, timeWindowSeconds=7200, callIntervalSeconds=0}, compass_131500=RateLimitConfig{maxCalls=1, timeWindowSeconds=7200, callIntervalSeconds=0}, compass_134200=RateLimitConfig{maxCalls=1, timeWindowSeconds=7200, callIntervalSeconds=0}})
06-11 10:34:27.745  9703 11384 D CloudConfig_stgyHelper: getSupportKitMode localSdkVersion : 1224
06-11 10:34:27.746 29795 29795 D ActivityThread: ComponentInfo{com.earthengine.minimalglobe/com.earthengine.minimalglobe.MainActivity} checkFinished=false 2
06-11 10:34:27.746 29795 29795 D ResourcesManagerExtImpl: applyConfigurationToAppResourcesLocked app.getDisplayId() return callback.displayId:0
06-11 10:34:27.750 29795 29795 E [UAH_CLIENT]: uahInit enter
06-11 10:34:27.750  5227 29245 W market_check_upgrade: type: 3 , checkUpgrade : old no ignore: 90
06-11 10:34:27.751 29795 29795 W ne.minimalglobe: AIBinder_linkToDeath is being called with a non-null cookie and no onUnlink callback set. This might not be intended. AIBinder_DeathRecipient_setOnUnlinked should be called first.
06-11 10:34:27.751  1820  1820 I UrccFramework-halservice: Urcc::init is called 
06-11 10:34:27.751 29795 29795 I [UAH_CLIENT]: UahGetFeatureStatus enter
06-11 10:34:27.751  1820  1820 I UrccFramework-halservice: Urcc::urccResStateRequest ret_data_vec id 0xd value -1002
06-11 10:34:27.752 29795 29795 D OplusInputMethodUtil: init sDebug to false, init sDebugIme to false, init sAlwaysOn to false
06-11 10:34:27.752 29795 29795 D OplusInputMethodUtil: updateDebugToClass InputMethodManager.DEBUG = false
06-11 10:34:27.752 29795 29795 D OplusInputMethodUtil: updateDebugToClass ImeFocusController.DEBUG = false
06-11 10:34:27.752 29795 29795 D OplusInputMethodUtil: updateDebugToClass OnBackInvokedDispatcher.DEBUG = false
06-11 10:34:27.752 29795 29795 D OplusInputMethodUtil: updateDebugToClass InsetsController.DEBUG = false
06-11 10:34:27.753 29795 29795 D OplusInputMethodUtil: updateDebugToClass BaseInputConnection.DEBUG = false
06-11 10:34:27.754 28382 28488 D COSA->GameServiceSyncUtil: [m] syncGameListToGMS
06-11 10:34:27.755  4639  8514 D NetworkService[1]: getIfIndexByNetid netId:194,ifName:wlan0,ifIndex:30
06-11 10:34:27.757  4329  4424 D OplusShellTransition: DefaultTransitionHandler#onAnimFinish=> transition=android.os.BinderProxy@5eae758, backAnimContinue=false
06-11 10:34:27.757  4329  4424 V WindowManagerShell: Transition animation finished (aborted=false), notifying core (#1451) android.os.BinderProxy@5eae758@0
06-11 10:34:27.757  4329  4424 D SplitScreen-->AppLockManager: setStartFromSafeControl mStartFromSafeControl=false
06-11 10:34:27.758  4329  4424 D ShellTaskOrganizerExt: adjust change for exiting mini task: -1
06-11 10:34:27.759  3189  3980 D Transition: finishTransition ar ActivityRecord{6207955 u0 com.android.launcher/.Launcher t2}, isVisibleRequested=false, state=PAUSED, visibleAtTransitionEndTokens={WallpaperWindowToken{279cd35 showWhenLocked=false}, ActivityRecord{137025108 u0 com.earthengine.minimalglobe/.MainActivity t2806}}, this=TransitionRecord{b14a062 id=1451 track=0 type=OPEN flags=0x0 state=2 c=[
06-11 10:34:27.759  3189  3980 D Transition:    ChangeInfo{e7255f3 container=ActivityRecord{6207955 u0 com.android.launcher/.Launcher t2} flags=0x0}
06-11 10:34:27.759  3189  3980 D Transition:    ChangeInfo{9d0d2b0 container=WallpaperWindowToken{279cd35 showWhenLocked=false} flags=0x0}
06-11 10:34:27.759  3189  3980 D Transition:    ChangeInfo{23b8529 container=Display{#0 state=ON size=1240x2772 ROTATION_0} flags=0x0}
06-11 10:34:27.759  3189  3980 D Transition:    ChangeInfo{ca060ae container=ActivityRecord{137025108 u0 com.earthengine.minimalglobe/.MainActivity t2806} flags=0x0}
06-11 10:34:27.759  3189  3980 D Transition:    ChangeInfo{aa6b686 container=Task{8354b3d #1 type=home} flags=0x10}
06-11 10:34:27.759  3189  3980 D Transition:    ChangeInfo{2525e4f container=WallpaperWindowToken{b349257 showWhenLocked=true} flags=0x0}
06-11 10:34:27.759  3189  3980 D Transition:    ChangeInfo{5e869dc container=DefaultTaskDisplayArea@196011559 flags=0x0}
06-11 10:34:27.759  3189  3980 D Transition:    ChangeInfo{5e4ae5 container=Task{cc210d4 #2 type=undefined I=com.android.launcher/.Launcher} flags=0x10}
06-11 10:34:27.759  3189  3980 D Transition:    ChangeInfo{4a0ab61 container=Task{ed0203e #2806 type=standard A=10602:com.earthengine.minimalglobe} flags=0x10}
06-11 10:34:27.759  3189  3980 D Transition: ]
06-11 10:34:27.759  3189  3980 D Transition: }
06-11 10:34:27.759  3189  3980 D ActivityTaskManager: commitVisibility: ActivityRecord{6207955 u0 com.android.launcher/.Launcher t2}: visible=false visibleRequested=false, isInTransition=false 
06-11 10:34:27.759  3189  3980 D WindowManager: NFW_setClientVisible:ActivityRecord{6207955 u0 com.android.launcher/.Launcher t2} clientVisible:false
06-11 10:34:27.761 25296 22077 D VRI[]   : dispatchAppVisibility visible:false mUpcomingWindowFocus:false
06-11 10:34:27.761  4650 10911 D VRI[Launcher]: dispatchAppVisibility visible:false mUpcomingWindowFocus:false
06-11 10:34:27.761  3189  3980 D Transition: finishTransition ar ActivityRecord{137025108 u0 com.earthengine.minimalglobe/.MainActivity t2806}, isVisibleRequested=true, state=RESUMED, visibleAtTransitionEndTokens={WallpaperWindowToken{279cd35 showWhenLocked=false}, ActivityRecord{137025108 u0 com.earthengine.minimalglobe/.MainActivity t2806}}, this=TransitionRecord{b14a062 id=1451 track=0 type=OPEN flags=0x0 state=2 c=[
06-11 10:34:27.761  3189  3980 D Transition:    ChangeInfo{e7255f3 container=ActivityRecord{6207955 u0 com.android.launcher/.Launcher t2} flags=0x0}
06-11 10:34:27.761  3189  3980 D Transition:    ChangeInfo{9d0d2b0 container=WallpaperWindowToken{279cd35 showWhenLocked=false} flags=0x0}
06-11 10:34:27.761  3189  3980 D Transition:    ChangeInfo{23b8529 container=Display{#0 state=ON size=1240x2772 ROTATION_0} flags=0x0}
06-11 10:34:27.761  3189  3980 D Transition:    ChangeInfo{ca060ae container=ActivityRecord{137025108 u0 com.earthengine.minimalglobe/.MainActivity t2806} flags=0x0}
06-11 10:34:27.761  3189  3980 D Transition:    ChangeInfo{aa6b686 container=Task{8354b3d #1 type=home} flags=0x10}
06-11 10:34:27.761  3189  3980 D Transition:    ChangeInfo{2525e4f container=WallpaperWindowToken{b349257 showWhenLocked=true} flags=0x0}
06-11 10:34:27.761  3189  3980 D Transition:    ChangeInfo{5e869dc container=DefaultTaskDisplayArea@196011559 flags=0x0}
06-11 10:34:27.761  3189  3980 D Transition:    ChangeInfo{5e4ae5 container=Task{cc210d4 #2 type=undefined I=com.android.launcher/.Launcher} flags=0x10}
06-11 10:34:27.761  3189  3980 D Transition:    ChangeInfo{4a0ab61 container=Task{ed0203e #2806 type=standard A=10602:com.earthengine.minimalglobe} flags=0x10}
06-11 10:34:27.761  3189  3980 D Transition: ]
06-11 10:34:27.761  3189  3980 D Transition: }
06-11 10:34:27.761  3189  3980 D WindowManager: NFW_setClientVisible:WallpaperWindowToken{279cd35 showWhenLocked=false} clientVisible:false
06-11 10:34:27.762  3189  3980 I OplusAppSwitchManagerService:  handleAppVisible , r = ActivityRecord{137025108 u0 com.earthengine.minimalglobe/.MainActivity t2806}
06-11 10:34:27.762  3189  3980 D OplusTransitionController: finishTransition, transition: TransitionRecord{b14a062 id=1451 track=0 type=OPEN flags=0x0 state=4 c=[
06-11 10:34:27.762  3189  3980 D OplusTransitionController:    ChangeInfo{e7255f3 container=ActivityRecord{6207955 u0 com.android.launcher/.Launcher t2} flags=0x0}
06-11 10:34:27.762  3189  3980 D OplusTransitionController:    ChangeInfo{9d0d2b0 container=WallpaperWindowToken{279cd35 showWhenLocked=false} flags=0x0}
06-11 10:34:27.762  3189  3980 D OplusTransitionController:    ChangeInfo{23b8529 container=Display{#0 state=ON size=1240x2772 ROTATION_0} flags=0x0}
06-11 10:34:27.762  3189  3980 D OplusTransitionController:    ChangeInfo{ca060ae container=ActivityRecord{137025108 u0 com.earthengine.minimalglobe/.MainActivity t2806} flags=0x0}
06-11 10:34:27.762  3189  3980 D OplusTransitionController:    ChangeInfo{aa6b686 container=Task{8354b3d #1 type=home} flags=0x10}
06-11 10:34:27.762  3189  3980 D OplusTransitionController:    ChangeInfo{2525e4f container=WallpaperWindowToken{b349257 showWhenLocked=true} flags=0x0}
06-11 10:34:27.762  3189  3980 D OplusTransitionController:    ChangeInfo{5e869dc container=DefaultTaskDisplayArea@196011559 flags=0x0}
06-11 10:34:27.762  3189  3980 D OplusTransitionController:    ChangeInfo{5e4ae5 container=Task{cc210d4 #2 type=undefined I=com.android.launcher/.Launcher} flags=0x10}
06-11 10:34:27.762  3189  3980 D OplusTransitionController:    ChangeInfo{4a0ab61 container=Task{ed0203e #2806 type=standard A=10602:com.earthengine.minimalglobe} flags=0x10}
06-11 10:34:27.762  3189  3980 D OplusTransitionController: ]
06-11 10:34:27.762  3189  3980 D OplusTransitionController: }
06-11 10:34:27.762  3189  3980 D FlexibleTaskTransitionController:  finishTransition pendingRecentToFlexibleTask:null,isRotationTransition:false ,pendingRecentToFlexible:null ,transition:TransitionRecord{b14a062 id=1451 track=0 type=OPEN flags=0x0 state=4 c=[
06-11 10:34:27.762  3189  3980 D FlexibleTaskTransitionController:    ChangeInfo{e7255f3 container=ActivityRecord{6207955 u0 com.android.launcher/.Launcher t2} flags=0x0}
06-11 10:34:27.762  3189  3980 D FlexibleTaskTransitionController:    ChangeInfo{9d0d2b0 container=WallpaperWindowToken{279cd35 showWhenLocked=false} flags=0x0}
06-11 10:34:27.762  3189  3980 D FlexibleTaskTransitionController:    ChangeInfo{23b8529 container=Display{#0 state=ON size=1240x2772 ROTATION_0} flags=0x0}
06-11 10:34:27.762  3189  3980 D FlexibleTaskTransitionController:    ChangeInfo{ca060ae container=ActivityRecord{137025108 u0 com.earthengine.minimalglobe/.MainActivity t2806} flags=0x0}
06-11 10:34:27.762  3189  3980 D FlexibleTaskTransitionController:    ChangeInfo{aa6b686 container=Task{8354b3d #1 type=home} flags=0x10}
06-11 10:34:27.762  3189  3980 D FlexibleTaskTransitionController:    ChangeInfo{2525e4f container=WallpaperWindowToken{b349257 showWhenLocked=true} flags=0x0}
06-11 10:34:27.762  3189  3980 D FlexibleTaskTransitionController:    ChangeInfo{5e869dc container=DefaultTaskDisplayArea@196011559 flags=0x0}
06-11 10:34:27.762  3189  3980 D FlexibleTaskTransitionController:    ChangeInfo{5e4ae5 container=Task{cc210d4 #2 type=undefined I=com.android.launcher/.Launcher} flags=0x10}
06-11 10:34:27.762  3189  3980 D FlexibleTaskTransitionController:    ChangeInfo{4a0ab61 container=Task{ed0203e #2806 type=standard A=10602:com.earthengine.minimalglobe} flags=0x10}
06-11 10:34:27.762  3189  3980 D FlexibleTaskTransitionController: ]
06-11 10:34:27.762  3189  3980 D FlexibleTaskTransitionController: }
06-11 10:34:27.763 29795 29795 D WindowManager: Add to mViews: com.android.internal.policy.DecorView{2565867 I.E...... R.....ID 0,0-0,0 alpha=1.0 viewInfo = }[MainActivity],pkg= com.earthengine.minimalglobe
06-11 10:34:27.763  3189  3980 D TransitionControllerExtImpl: NFW_send RECOMPUTE_FOCUS in finishTransition
06-11 10:34:27.763  3189  3252 D DisplayModeDirector: setAppRequest displayId : 4  modeId: 0  requestedRefreshRate: 0.0  requestedMinRefreshRateRange: 0.0  requestedMaxRefreshRateRange: 0.0
06-11 10:34:27.764  4329  4424 D ShellTaskOrganizer: onTransitionFinish, isRecent:false
06-11 10:34:27.764  4329  4424 V WindowManagerShell: Track 0 became idle
06-11 10:34:27.764  4329  4424 V WindowManagerShell: All active transition animations finished
06-11 10:34:27.764  3189  3264 D WallpaperControllerExtImpl: screenshot + id = 2 userId = 0
06-11 10:34:27.765  3189  3252 D DisplayModeDirector: setAppRequest displayId : 0  modeId: 1  requestedRefreshRate: 0.0  requestedMinRefreshRateRange: 0.0  requestedMaxRefreshRateRange: 120.00001
06-11 10:34:27.765  3189  3252 I TaskOrganizerController: onTaskInfoChanged taskid 2806 config { mBounds=Rect(0, 0 - 1240, 2772) mAppBounds=Rect(0, 0 - 1240, 2772) mMaxBounds=Rect(0, 0 - 1240, 2772) mDisplayRotation=ROTATION_0 mWindowingMode=fullscreen mActivityType=standard mAlwaysOnTop=undefined mRotation=ROTATION_0}
06-11 10:34:27.765  4177  4177 D WallpaperChooser.BaseSignalWallpaperService: visibility change to false, creating?false
06-11 10:34:27.766  4177  4177 D WallpaperChooser.BaseSignalWallpaperService: onPause
06-11 10:34:27.766  3189  3252 D OplusFlexibleDragToSplitAnimController: visibleFlexibleTaskInfos delete:2806
06-11 10:34:27.766  3189  3252 D OplusFlexibleDragAnimationBaseState: handleRunningTaskInfo:TaskInfo{userId=0 taskId=2806 effectiveUid=10602 displayId=0 isRunning=true baseIntent=Intent { flg=0x10000000 cmp=com.earthengine.minimalglobe/.MainActivity mCallingUid=2000 } baseActivity=ComponentInfo{com.earthengine.minimalglobe/com.earthengine.minimalglobe.MainActivity} topActivity=ComponentInfo{com.earthengine.minimalglobe/com.earthengine.minimalglobe.MainActivity} origActivity=null realActivity=ComponentInfo{com.earthengine.minimalglobe/com.earthengine.minimalglobe.MainActivity}
06-11 10:34:27.766  3189  3252 D OplusFlexibleDragAnimationBaseState:  numActivities=1 lastActiveTime=242664909 supportsSplitScreenMultiWindow=true supportsMultiWindow=true supportsPocketStudioMultiWindow=true isInFlexibleEmbedded = false uid = 10602 pid = 29795 resizeMode=1 isResizeable=true minWidth=-1 minHeight=-1 defaultMinSize=220 token=WCT{RemoteToken{3762ee0 Task{ed0203e #2806 type=standard A=10602:com.earthengine.minimalglobe}}} topActivityType=1 pictureInPictureParams=null shouldDockBigOverlays=false launchIntoPipHostTaskId=-1 lastParentTaskIdBeforePip=-1 displayCutoutSafeInsets=Rect(0, 0 - 0, 0)
06-11 10:34:27.766  3189  3252 D OplusFlexibleDragAnimationBaseState:  topActivityInfo=ActivityInfo{bbf590c com.earthengine.minimalglobe.MainActivity} launchCookies=[] positionInParent=Point(0, 0) parentTaskId=-1 isFocused=true isVisible=true isVisibleRequested=true isTopActivityNoDisplay=false isSleeping=false locusId=null displayAreaFeatureId=1 isTopActivityTransparent=false isActivityStackTransparent=false lastNonFullscreenBounds=Rect(322, 807 - 918, 2047) capturedLink=null capturedLinkTimestamp=0 requestedVisibleTypes=-9 topActivityRequestOpenInBrowserEducationTimestamp=0
06-11 10:34:27.766  3189  3252 D OplusFlexibleDragAnimationBaseState:  appCompatTaskInfo=AppCompatTaskInfo { topActivityInSizeCompat=false topActivityInOplusCompatMode=false eligibleForLetterboxEducation= false isLetterboxEducationEnabled= false isLetterboxDoubleTapEnabled= false eligibleForUserAspectRatioButton= false topActivityBoundsLetterboxed= false isFromLetterboxDoubleTap= false topActivityLetterboxVerticalPosition= -1 topActivityLetterboxHorizontalPosition= -1 topActivityLetterboxWidth=-1 topActivityLetterboxHeight=-1 topActivityAppBounds=Rect(0, 0 - 1240, 2772) isUserFullscreenOverrideEnabled=false isSystemFullscreenOverrideEnabled=false hasMinAspectRatioOverride=false topActivityLetterboxBounds=null cameraCompatTaskInfo=CameraCompatTaskInfo { freeformCameraCompatMode=inactive}} topActivityMainWindowFrame=null topActivityLetterboxInsets=Rect(0, 0 - 0, 0)
06-11 10:34:27.766  3189  3252 D OplusFlexibleDragAnimationBaseState:  mOplusExtraBundle = Bundle[{androidx.flexible.taskFrame=Rect(0, 0 - 0, 0), androidx.flexible.Alpha=1.0, androidx.activity.task.attach.blur=0, androidx.activity.LaunchInsensible=0, androidx.activity.LaunchCornerRadius=0, key_flexible_task_state=0, topActivitySupportAppInnerSplit=false, key_flexible_task_animating_type=-1, key_flexible_task_root_activity_processname=com.earthengine.minimalglobe, androidx.activity.LaunchScenario=0, is_oplus_clone_task=false, flexible_super_mini_state=false, topRunningActivityHash=137025108, androidx.activity.LaunchScale=1.0, androidx.activity.LaunchShadowRadius=0, is_transient_hide_for_task_info=false, key_flexible_task_root_activity_pid=29795, key_flexible_task_root_activity_uid=10602}]}state:0
06-11 10:34:27.766  3189  3252 E FlexibleWindowManagerService: notifyTaskObserverToAttachController not need to notify!
06-11 10:34:27.766  3189  3252 I FlexibleWindowManagerService: onFlexibleWindowTaskInfoChanged, return for cur task not embedded
06-11 10:34:27.766  3189  3252 I TaskOrganizerController: onTaskInfoChanged taskid 1 config { mBounds=Rect(0, 0 - 1240, 2772) mAppBounds=Rect(0, 0 - 1240, 2772) mMaxBounds=Rect(0, 0 - 1240, 2772) mDisplayRotation=ROTATION_0 mWindowingMode=fullscreen mActivityType=home mAlwaysOnTop=undefined mRotation=ROTATION_0}
06-11 10:34:27.766  3189  3252 D OplusFlexibleDragToSplitAnimController: visibleFlexibleTaskInfos delete:1
06-11 10:34:27.766  3189  3252 D OplusFlexibleDragAnimationBaseState: handleRunningTaskInfo:TaskInfo{userId=0 taskId=1 effectiveUid=0 displayId=0 isRunning=true baseIntent=Intent { act=android.intent.action.MAIN cat=[android.intent.category.HOME] flg=0x10000100 cmp=com.android.launcher/.Launcher mCallingUid=1000 } baseActivity=ComponentInfo{com.android.launcher/com.android.launcher.Launcher} topActivity=ComponentInfo{com.android.launcher/com.android.launcher.Launcher} origActivity=null realActivity=null
06-11 10:34:27.766  3189  3252 D OplusFlexibleDragAnimationBaseState:  numActivities=1 lastActiveTime=12488 supportsSplitScreenMultiWindow=false supportsMultiWindow=true supportsPocketStudioMultiWindow=false isInFlexibleEmbedded = false uid = 10196 pid = 4650 resizeMode=2 isResizeable=true minWidth=-1 minHeight=-1 defaultMinSize=220 token=WCT{RemoteToken{d6c47d5 Task{8354b3d #1 type=home}}} topActivityType=2 pictureInPictureParams=null shouldDockBigOverlays=false launchIntoPipHostTaskId=-1 lastParentTaskIdBeforePip=-1 displayCutoutSafeInsets=Rect(0, 139 - 0, 0)
06-11 10:34:27.766  3189  3252 D OplusFlexibleDragAnimationBaseState:  topActivityInfo=ActivityInfo{a87e3f6 com.android.launcher.Launcher} launchCookies=[] positionInParent=Point(0, 0) parentTaskId=-1 isFocused=false isVisible=false isVisibleRequested=false isTopActivityNoDisplay=false isSleeping=false locusId=LocusId[17_chars] displayAreaFeatureId=1 isTopActivityTransparent=false isActivityStackTransparent=false lastNonFullscreenBounds=Rect(322, 807 - 918, 2047) capturedLink=null capturedLinkTimestamp=0 requestedVisibleTypes=-9 topActivityRequestOpenInBrowserEducationTimestamp=0
06-11 10:34:27.766  3189  3252 D OplusFlexibleDragAnimationBaseState:  appCompatTaskInfo=AppCompatTaskInfo { topActivityInSizeCompat=false topActivityInOplusCompatMode=false eligibleForLetterboxEducation= false isLetterboxEducationEnabled= false isLetterboxDoubleTapEnabled= false eligibleForUserAspectRatioButton= false topActivityBoundsLetterboxed= false isFromLetterboxDoubleTap= false topActivityLetterboxVerticalPosition= -1 topActivityLetterboxHorizontalPosition= -1 topActivityLetterboxWidth=-1 topActivityLetterboxHeight=-1 topActivityAppBounds=Rect(0, 0 - 1240, 2772) isUserFullscreenOverrideEnabled=false isSystemFullscreenOverrideEnabled=false hasMinAspectRatioOverride=false topActivityLetterboxBounds=null cameraCompatTaskInfo=CameraCompatTaskInfo { freeformCameraCompatMode=inactive}} topActivityMainWindowFrame=null topActivityLetterboxInsets=Rect(0, 0 - 0, 0)
06-11 10:34:27.766  3189  3252 D OplusFlexibleDragAnimationBaseState:  mOplusExtraBundle = Bundle[{androidx.flexible.taskFrame=Rect(0, 0 - 0, 0), topOpaqueSystemBarsAppearance=0, androidx.flexible.Alpha=1.0, androidx.activity.task.attach.blur=0, androidx.activity.LaunchInsensible=0, androidx.activity.LaunchCornerRadius=0, key_flexible_task_state=0, topActivitySupportAppInnerSplit=false, key_flexible_task_animating_type=-1, key_flexible_task_root_activity_processname=com.android.launcher, androidx.activity.LaunchScenario=0, is_oplus_clone_task=false, flexible_super_mini_state=false, topRunningActivityHash=6207955, androidx.activity.LaunchScale=1.0, androidx.activity.LaunchShadowRadius=0, is_transient_hide_for_task_info=false, key_flexible_task_root_activity_pid=4650, key_flexible_task_root_activity_uid=10196}]}state:0
06-11 10:34:27.766  3189  3252 E FlexibleWindowManagerService: notifyTaskObserverToAttachController not need to notify!
06-11 10:34:27.766  3189  3252 I FlexibleWindowManagerService: onFlexibleWindowTaskInfoChanged, return for cur task not embedded
06-11 10:34:27.767 29795 29826 D ExtensionsLoader: createInstance(64bit) : createExtendedFactory
06-11 10:34:27.767 29795 29826 D ExtensionsLoader: Opened libhwuiextimpl.so
06-11 10:34:27.767 29795 29826 D skia    : setRusSupported enable 1
06-11 10:34:27.768  4650  4900 D HWUI    : SkiaOpenGLPipeline::setSurface: this=0xb40000791eb9bcc0, surface=NULL
06-11 10:34:27.768 12732 13406 I Quality-ScreenOnOffLogProcessor: withInScreenOnOffRange mIsScreenOn:true refTime:1781145267239 mRecentScreenOnTime:1781143521410 mRecentScreenOffTime:1781143324217
06-11 10:34:27.769  4650  4900 D BufferQueueProducer: [VRI[Launcher]#85(BLAST Consumer)85](id:122a0000054e,api:1,p:4650,c:4650) disconnect: api 1
06-11 10:34:27.769  4650  4900 D HWUI    : createSurface new attribs array
06-11 10:34:27.769  4650  4900 D libEGL  : this is from skia gles
06-11 10:34:27.769  4650  4900 D BufferQueueProducer: [VRI[Launcher]#85(BLAST Consumer)85](id:122a0000054e,api:1,p:4650,c:4650) connect: api=1 producerControlledByApp=true
06-11 10:34:27.769  3189  3980 D Transition: finishTransaction-onCommitted syncId=1451
06-11 10:34:27.770 11631 29833 I UMS.SettingDataManager: refreshSettingsList
06-11 10:34:27.770  3189  3265 W UserAwareMgr: process owner is not matched: 10, threadName: RenderThread, pid: 29795,tid=29826,owner=fg1
06-11 10:34:27.770  3189  4610 D OplusEapManager: mTargetEnterName :com.earthengine.minimalglobe
06-11 10:34:27.770  3189  4610 I OPM     : home scene change to false
06-11 10:34:27.771  3189  4610 D OplusLatencyOptimizerManager: enter pkg: com.earthengine.minimalglobe isPrevBlackAppTop: false mIsBlackAppTop: false
06-11 10:34:27.771  3189  4610 D OplusAppSwitchRuleInfo: generateAppEnterInfo - launch_source_type =  , launch_source_traceid = 
06-11 10:34:27.771  3189  3338 D VRR [OPlusRefreshRateService]: handleFrontAppChange pkgName: com.earthengine.minimalglobe
06-11 10:34:27.771  3189  3338 D VRR [OPlusSAManager]: updateAutoMinfps for 4630946283567114626 with nits: 139.33551, mHistOK true, mAmbientOK true, mCctOK true, mIrOK true, mBrightnessOK true, isPkgOK true, SA min fps: 1
06-11 10:34:27.772  3189  3251 D WindowManager: NFW_findFocusedWindowIfNeeded:null mCurrentFocus:null
06-11 10:34:27.772  1877  1877 I DispPerfService: updateLayerMask 8
06-11 10:34:27.773  1663  1663 I QTI PowerHAL: Power setMode: 6 to: 0
06-11 10:34:27.776  4329  4424 D ShellTaskOrganizerExt: visibleFlexibleTaskInfos delete:2806
06-11 10:34:27.776  4329  4424 D ShellTaskOrganizerExt: isOnCanvas size:0
06-11 10:34:27.776  4329  4424 D ShellTaskOrganizerExt: isOnThreeFlexibleCanvas size:0
06-11 10:34:27.777  4329  4424 D ShellTaskOrganizerExt: visibleFlexibleTaskInfos delete:1
06-11 10:34:27.777  4329  4424 D ShellTaskOrganizerExt: isOnCanvas size:0
06-11 10:34:27.777  4329  4424 D ShellTaskOrganizerExt: isOnThreeFlexibleCanvas size:0
06-11 10:34:27.778 29795 29795 D ViewRootImplExtImpl: onDisplayChanged -1 for VRI android.view.ViewRootImpl@8661403
06-11 10:34:27.779  9703 10940 D RealConnection:: Platform.get().getSelectedProtocol(sslSocket):http/1.1
06-11 10:34:27.779  9703 10940 D RealConnection:: supportsTlsExtensions:true
06-11 10:34:27.779  9703 10940 D RealConnection:: maybeProtocol:http/1.1
06-11 10:34:27.779  9703 10940 D RealConnection:: protocol:http/1.1
06-11 10:34:27.779  4639  8514 D NetworkService[1]: getIfIndexByNetid netId:194,ifName:wlan0,ifIndex:30
06-11 10:34:27.780  1877  1877 I DispPerfService: updateLayerMask 0
06-11 10:34:27.782 29795 29795 D ResourcesManagerExtImpl: applyConfigurationToAppResourcesLocked app.getDisplayId() return callback.displayId:0
06-11 10:34:27.782  9703 27352 I MSP-LOG-SDK-MspSdk: Sdk has initialized! version:2.0.1.14
06-11 10:34:27.784 29795 29795 E OplusBracketLog: [OplusViewMirrorManager] updateHostViewRootIfNeeded, not support android.view.ViewRootImpl@8661403
06-11 10:34:27.785 29795 29795 I SurfaceView: 182558592 onAttachedToWindow
06-11 10:34:27.785  1877  1877 I BpBinder: onLastStrongRef automatically unlinking death recipients: 
06-11 10:34:27.785  4650 23595 D JsBridgeTimer: com.oppoopen.apptipcard setTimeoutCallback id:656
06-11 10:34:27.786 10084 29794 I SP.UsageAccessUtils: AppOp permission exists for package root but package doesn't exist or did not request UsageStats access
06-11 10:34:27.786 10084 29794 I SP.UsageAccessUtils: AppOp permission exists for package com.android.dynsystem but package doesn't exist or did not request UsageStats access
06-11 10:34:27.786 10084 29794 I SP.UsageAccessUtils: AppOp permission exists for package com.oplus.crashbox but package doesn't exist or did not request UsageStats access
06-11 10:34:27.786 10084 29794 I SP.UsageAccessUtils: AppOp permission exists for package com.oplus.olc but package doesn't exist or did not request UsageStats access
06-11 10:34:27.786 10084 29794 I SP.UsageAccessUtils: AppOp permission exists for package com.oplus.sau but package doesn't exist or did not request UsageStats access
06-11 10:34:27.786 10084 29794 I SP.UsageAccessUtils: AppOp permission exists for package com.wapi.wapicertmanage but package doesn't exist or did not request UsageStats access
06-11 10:34:27.786 10084 29794 I SP.UsageAccessUtils: AppOp permission exists for package com.oplus.notificationmanager but package doesn't exist or did not request UsageStats access
06-11 10:34:27.786 10084 29794 I SP.UsageAccessUtils: AppOp permission exists for package vendor.qti.qesdk.sysservice but package doesn't exist or did not request UsageStats access
06-11 10:34:27.786 10084 29794 I SP.UsageAccessUtils: AppOp permission exists for package com.qualcomm.qti.xrvd.service but package doesn't exist or did not request UsageStats access
06-11 10:34:27.786 10084 29794 I SP.UsageAccessUtils: AppOp permission exists for package com.android.inputdevices but package doesn't exist or did not request UsageStats access
06-11 10:34:27.786 10084 29794 I SP.UsageAccessUtils: AppOp permission exists for package vendor.qti.frameworks.utils but package doesn't exist or did not request UsageStats access
06-11 10:34:27.786 10084 29794 I SP.UsageAccessUtils: AppOp permission exists for package com.oplus.mediaturbo but package doesn't exist or did not request UsageStats access
06-11 10:34:27.786  4650 23595 D JsConsole: breeno2X2-launcher(rsUDrjLDfb7Y)::TimerManager: invoke real timeout callback by JS thread,id：GJoR9ZqWiZ
06-11 10:34:27.786 10084 29794 I SP.UsageAccessUtils: AppOp permission exists for package oplus but package doesn't exist or did not request UsageStats access
06-11 10:34:27.786 10084 29794 I SP.UsageAccessUtils: AppOp permission exists for package com.android.server.telecom but package doesn't exist or did not request UsageStats access
06-11 10:34:27.786 10084 29794 I SP.UsageAccessUtils: AppOp permission exists for package com.android.keychain but package doesn't exist or did not request UsageStats access
06-11 10:34:27.786 10084 29794 I SP.UsageAccessUtils: AppOp permission exists for package com.oplus.wirelesssettings but package doesn't exist or did not request UsageStats access
06-11 10:34:27.786  9703 27352 E MSP-LOG-SDK-RateLimitManager: not_allow_invoke because of time_window_not_allow queue = [1781143250911], config = RateLimitConfig{maxCalls=1, timeWindowSeconds=7200, callIntervalSeconds=0}, ipcInvokeTimeQueueMapKey = com.heytap.nearx.tangramconfig.kit.client.ICloudCtrlServiceModule?@?56589?@?2?@?com.heytap.quicksearchbox, has already call 1 times in 7200 seconds before
06-11 10:34:27.786 10084 29794 I SP.UsageAccessUtils: AppOp permission exists for package com.android.DeviceAsWebcam but package doesn't exist or did not request UsageStats access
06-11 10:34:27.786 10084 29794 I SP.UsageAccessUtils: AppOp permission exists for package com.oplus.exsystemservice but package doesn't exist or did not request UsageStats access
06-11 10:34:27.786 10084 29794 I SP.UsageAccessUtils: AppOp permission exists for package com.oplus.sauhelper but package doesn't exist or did not request UsageStats access
06-11 10:34:27.786 10084 29794 I SP.UsageAccessUtils: AppOp permission exists for package com.oplus.trafficmonitor but package doesn't exist or did not request UsageStats access
06-11 10:34:27.786 10084 29794 I SP.UsageAccessUtils: AppOp permission exists for package com.oplus.wifibackuprestore but package doesn't exist or did not request UsageStats access
06-11 10:34:27.786 10084 29794 I SP.UsageAccessUtils: AppOp permission exists for package com.oplus.battery but package doesn't exist or did not request UsageStats access
06-11 10:34:27.786 10084 29794 I SP.UsageAccessUtils: AppOp permission exists for package com.oplus.postmanservice but package doesn't exist or did not request UsageStats access
06-11 10:34:27.786 10084 29794 I SP.UsageAccessUtils: AppOp permission exists for package com.oplus.securitypermission but package doesn't exist or did not request UsageStats access
06-11 10:34:27.786 10084 29794 I SP.UsageAccessUtils: AppOp permission exists for package com.oplus.athena but package doesn't exist or did not request UsageStats access
06-11 10:34:27.786 10084 29794 I SP.UsageAccessUtils: AppOp permission exists for package com.android.location.fused but package doesn't exist or did not request UsageStats access
06-11 10:34:27.786 10084 29794 I SP.UsageAccessUtils: AppOp permission exists for package com.oplus.logkit but package doesn't exist or did not request UsageStats access
06-11 10:34:27.786 10084 29794 I SP.UsageAccessUtils: AppOp permission exists for package com.oplus.engineermode but package doesn't exist or did not request UsageStats access
06-11 10:34:27.786 10084 29794 I SP.UsageAccessUtils: AppOp permission exists for package com.oplus.subsys but package doesn't exist or did not request UsageStats access
06-11 10:34:27.786 10084 29794 I SP.UsageAccessUtils: AppOp permission exists for package audioserver but package doesn't exist or did not request UsageStats access
06-11 10:34:27.786 10084 29794 I SP.UsageAccessUtils: AppOp permission exists for package com.ss.android.ugc.aweme.lite but package doesn't exist or did not request UsageStats access
06-11 10:34:27.786 10084 29794 I SP.UsageAccessUtils: AppOp permission exists for package com.lianjia.beike but package doesn't exist or did not request UsageStats access
06-11 10:34:27.786 10084 29794 I SP.UsageAccessUtils: AppOp permission exists for package com.oplus.ovoicemanager.wakeup but package doesn't exist or did not request UsageStats access
06-11 10:34:27.786 10084 29794 I SP.UsageAccessUtils: AppOp permission exists for package com.microsoft.appmanager but package doesn't exist or did not request UsageStats access
06-11 10:34:27.786  9703 27352 E MSP-LOG-SDK-: MspSdkException{code=3014,message=com.heytap.mspsdk.ratelimit.MspRateLimitExceededException: ipc rate limit exceeded in time window}
06-11 10:34:27.786  9703 27352 E MSP-LOG-SDK-: 	at com.heytap.mspsdk.ratelimit.b.a(RateLimitInterceptor.java:54)
06-11 10:34:27.786  9703 27352 E MSP-LOG-SDK-: 	at com.heytap.mspsdk.interceptor.b.b(StandardListChain.java:32)
06-11 10:34:27.786  9703 27352 E MSP-LOG-SDK-: 	at com.heytap.mspsdk.proxy.b.a(CompatCheckInterceptor.java:182)
06-11 10:34:27.786  9703 27352 E MSP-LOG-SDK-: 	at com.heytap.mspsdk.interceptor.b.b(StandardListChain.java:32)
06-11 10:34:27.786  9703 27352 E MSP-LOG-SDK-: 	at com.heytap.mspsdk.proxy.e.invoke(InnerInvocationHandler.java:261)
06-11 10:34:27.786  9703 27352 E MSP-LOG-SDK-: 	at java.lang.reflect.Proxy.invoke(Proxy.java:1006)
06-11 10:34:27.786  9703 27352 E MSP-LOG-SDK-: 	at $Proxy31.getConfigData(Unknown Source)
06-11 10:34:27.786  9703 27352 E MSP-LOG-SDK-: 	at com.heytap.nearx.tangramconfig.kit.client.KitProxy.getConfigData$lambda$1(KitProxy.kt:29)
06-11 10:34:27.786  9703 27352 E MSP-LOG-SDK-: 	at com.heytap.nearx.tangramconfig.kit.client.KitProxy.c(KitProxy.kt:1)
06-11 10:34:27.786  9703 27352 E MSP-LOG-SDK-: 	at com.heytap.nearx.tangramconfig.kit.client.c.run(R8$$SyntheticClass:42)
06-11 10:34:27.786  9703 27352 E MSP-LOG-SDK-: 	at java.util.concurrent.ThreadPoolExecutor.runWorker(ThreadPoolExecutor.java:1156)
06-11 10:34:27.786  9703 27352 E MSP-LOG-SDK-: 	at java.util.concurrent.ThreadPoolExecutor$Worker.run(ThreadPoolExecutor.java:651)
06-11 10:34:27.786  9703 27352 E MSP-LOG-SDK-: 	at java.lang.Thread.run(Thread.java:1119)
06-11 10:34:27.786 10084 29794 I SP.UsageAccessUtils: AppOp permission exists for package com.ss.android.yumme.video but package doesn't exist or did not request UsageStats access
06-11 10:34:27.786 10084 29794 I SP.UsageAccessUtils: AppOp permission exists for package com.heytap.pictorial but package doesn't exist or did not request UsageStats access
06-11 10:34:27.786 10084 29794 I SP.UsageAccessUtils: AppOp permission exists for package com.oplus.ota but package doesn't exist or did not request UsageStats access
06-11 10:34:27.786 10084 29794 I SP.UsageAccessUtils: AppOp permission exists for package com.dragon.read but package doesn't exist or did not request UsageStats access
06-11 10:34:27.786 10084 29794 I SP.UsageAccessUtils: AppOp permission exists for package com.ss.android.ugc.aweme but package doesn't exist or did not request UsageStats access
06-11 10:34:27.786 10084 29794 I SP.UsageAccessUtils: AppOp permission exists for package com.ss.android.article.news but package doesn't exist or did not request UsageStats access
06-11 10:34:27.786 10084 29794 I SP.UsageAccessUtils: AppOp permission exists for package com.eg.android.AlipayGphone but package doesn't exist or did not request UsageStats access
06-11 10:34:27.786 10084 29794 I SP.UsageAccessUtils: AppOp permission exists for package com.tencent.mm but package doesn't exist or did not request UsageStats access
06-11 10:34:27.786 10084 29794 I SP.UsageAccessUtils: AppOp permission exists for package com.tencent.mobileqq but package doesn't exist or did not request UsageStats access
06-11 10:34:27.786 10084 29794 I SP.UsageAccessUtils: AppOp permission exists for package com.larus.nova but package doesn't exist or did not request UsageStats access
06-11 10:34:27.786 10084 29794 I SP.UsageAccessUtils: AppOp permission exists for package com.ss.android.auto but package doesn't exist or did not request UsageStats access
06-11 10:34:27.786 10084 29794 I SP.UsageAccessUtils: AppOp permission exists for package com.sankuai.meituan but package doesn't exist or did not request UsageStats access
06-11 10:34:27.786 10084 29794 I SP.UsageAccessUtils: AppOp permission exists for package cn.soulapp.android but package doesn't exist or did not request UsageStats access
06-11 10:34:27.786 10084 29794 I SP.UsageAccessUtils: AppOp permission exists for package com.cat.readall but package doesn't exist or did not request UsageStats access
06-11 10:34:27.786 10084 29794 I SP.UsageAccessUtils: AppOp permission exists for package com.luna.music but package doesn't exist or did not request UsageStats access
06-11 10:34:27.786 10084 29794 I SP.UsageAccessUtils: AppOp permission exists for package com.ss.android.lark but package doesn't exist or did not request UsageStats access
06-11 10:34:27.786 10084 29794 I SP.UsageAccessUtils: AppOp permission exists for package com.ss.android.ugc.sicily_cm but package doesn't exist or did not request UsageStats access
06-11 10:34:27.786 10084 29794 I SP.UsageAccessUtils: AppOp permission exists for package com.phoenix.read but package doesn't exist or did not request UsageStats access
06-11 10:34:27.786 10084 29794 I SP.UsageAccessUtils: AppOp permission exists for package com.ss.android.ugc.aweme.hubble but package doesn't exist or did not request UsageStats access
06-11 10:34:27.786 10084 29794 I SP.UsageAccessUtils: AppOp permission exists for package com.ss.android.ugc.livelite but package doesn't exist or did not request UsageStats access
06-11 10:34:27.786 10084 29794 I SP.UsageAccessUtils: AppOp permission exists for package com.ss.android.article.video but package doesn't exist or did not request UsageStats access
06-11 10:34:27.788  9703 27360 I MSP-LOG-SDK-MspSdk: Sdk has initialized! version:2.0.1.14
06-11 10:34:27.790  4650 23595 D JsConsole: breeno2X2-launcher(rsUDrjLDfb7Y)::app_badge_observer: get badge result(globalBadgeType:1),LauncherSupportBadgeNum(true),EngineSupportBadgeNum(true),UmsSupportBadgeNum(true) : {"▼∩plji.jiaojy.fdbqt▼∩":{"value":0,"badgeType":1},"▼∩fcpmhmbnjojn.fojhofiusbf.npd▼∩":{"value":0,"badgeType":0},"▼∩fnfxb.dhv.ejpseob.tt.npd▼∩":{"value":1000,"badgeType":1},"▼∩nn.uofdofu.npd▼∩":{"value":617,"badgeType":1}}
06-11 10:34:27.790  5227  6060 W download_ui_engine: dlv3 trans: {compressUri=/apk/compression/202606/09/243d6bbcb7ecaa23fd8561bc8099c8f1.zst, uDimensionId=3003_170, uOldMd5=fee16ef1d61f3bc6e9eaa6d66511eba9, compressSize=159592016, uObit=5, compressMd5=10bcae89f2f812a39abaf0f8aac72e8c, compressId=25720692-w-3334828, compressHMd5=6cc11f1937f49ab50de9d85e7ec82c35, source=1}
06-11 10:34:27.790  4033 16888 V DCSEX-AppSwitchManager: OnAppSwitchObserver: onAppEnter, launchedFrom =  com.android.shell, target =  com.earthengine.minimalglobe, is firstStart =  true, is multiApp =  false, extensionInfo =  Bundle[mParcelledData.dataSize=996], launch_source_type =  , launch_source_traceid =  
06-11 10:34:27.790  5227  6060 W FastInstallCopyHelper: shouldUseFastInstallCopy: false - not active download, downloadType=3 #cn.soulapp.android
06-11 10:34:27.791  9703 27360 E MSP-LOG-SDK-RateLimitManager: not_allow_invoke because of time_window_not_allow queue = [1781143250916], config = RateLimitConfig{maxCalls=1, timeWindowSeconds=21600, callIntervalSeconds=0}, ipcInvokeTimeQueueMapKey = com.heytap.nearx.tangramconfig.kit.client.ICloudCtrlServiceModule?@?56589?@?1?@?com.heytap.quicksearchbox, has already call 1 times in 21600 seconds before
06-11 10:34:27.791  9703 27360 E MSP-LOG-SDK-: MspSdkException{code=3014,message=com.heytap.mspsdk.ratelimit.MspRateLimitExceededException: ipc rate limit exceeded in time window}
06-11 10:34:27.791  9703 27360 E MSP-LOG-SDK-: 	at com.heytap.mspsdk.ratelimit.b.a(RateLimitInterceptor.java:54)
06-11 10:34:27.791  9703 27360 E MSP-LOG-SDK-: 	at com.heytap.mspsdk.interceptor.b.b(StandardListChain.java:32)
06-11 10:34:27.791  9703 27360 E MSP-LOG-SDK-: 	at com.heytap.mspsdk.proxy.b.a(CompatCheckInterceptor.java:182)
06-11 10:34:27.791  9703 27360 E MSP-LOG-SDK-: 	at com.heytap.mspsdk.interceptor.b.b(StandardListChain.java:32)
06-11 10:34:27.791  9703 27360 E MSP-LOG-SDK-: 	at com.heytap.mspsdk.proxy.e.invoke(InnerInvocationHandler.java:261)
06-11 10:34:27.791  9703 27360 E MSP-LOG-SDK-: 	at java.lang.reflect.Proxy.invoke(Proxy.java:1006)
06-11 10:34:27.791  9703 27360 E MSP-LOG-SDK-: 	at $Proxy31.getDynamicCondition(Unknown Source)
06-11 10:34:27.791  9703 27360 E MSP-LOG-SDK-: 	at com.heytap.nearx.tangramconfig.kit.client.KitProxy.getDynamicCondition$lambda$0(KitProxy.kt:25)
06-11 10:34:27.791  9703 27360 E MSP-LOG-SDK-: 	at com.heytap.nearx.tangramconfig.kit.client.KitProxy.b(KitProxy.kt:1)
06-11 10:34:27.791  9703 27360 E MSP-LOG-SDK-: 	at com.heytap.nearx.tangramconfig.kit.client.b.run(R8$$SyntheticClass:28)
06-11 10:34:27.791  9703 27360 E MSP-LOG-SDK-: 	at java.util.concurrent.ThreadPoolExecutor.runWorker(ThreadPoolExecutor.java:1156)
06-11 10:34:27.791  9703 27360 E MSP-LOG-SDK-: 	at java.util.concurrent.ThreadPoolExecutor$Worker.run(ThreadPoolExecutor.java:651)
06-11 10:34:27.791  9703 27360 E MSP-LOG-SDK-: 	at java.lang.Thread.run(Thread.java:1119)
06-11 10:34:27.791 29795 29795 D WindowOnBackDispatcher:  predictive settings is disabled for com.earthengine.minimalglobe
06-11 10:34:27.791 29795 29795 D WindowOnBackDispatcher:  predictive settings is disabled for com.earthengine.minimalglobe
06-11 10:34:27.793  5227  6060 W download_ui_engine: dlv3 trans: {compressUri=/apk/compression/202606/03/67b3b3998e89701dbdde41bcc6b80531.zst, uDimensionId=3003_170, uOldMd5=ed017610b978cedeb1eef66f561241c4, compressSize=37574745, uObit=5, compressMd5=b3881d57e0aae6889ab44b4548c03321, compressId=25706602-w-3306441, compressHMd5=69a6b4d7e672734af1d7488ae4e96d4f, source=1}
06-11 10:34:27.793  5227  6060 W FastInstallCopyHelper: shouldUseFastInstallCopy: false - not active download, downloadType=3 #com.coloros.sceneservice
06-11 10:34:27.794  9703 27343 I MSP-LOG-SDK-MspSdk: Sdk has initialized! version:2.0.1.14
06-11 10:34:27.794  9703 27343 E MSP-LOG-SDK-RateLimitManager: not_allow_invoke because of time_window_not_allow queue = [1781143250917], config = RateLimitConfig{maxCalls=1, timeWindowSeconds=7200, callIntervalSeconds=0}, ipcInvokeTimeQueueMapKey = com.heytap.nearx.tangramconfig.kit.client.ICloudCtrlServiceModule?@?56589?@?4?@?com.heytap.quicksearchbox, has already call 1 times in 7200 seconds before
06-11 10:34:27.794  9703 27343 E MSP-LOG-SDK-: MspSdkException{code=3014,message=com.heytap.mspsdk.ratelimit.MspRateLimitExceededException: ipc rate limit exceeded in time window}
06-11 10:34:27.794  9703 27343 E MSP-LOG-SDK-: 	at com.heytap.mspsdk.ratelimit.b.a(RateLimitInterceptor.java:54)
06-11 10:34:27.794  9703 27343 E MSP-LOG-SDK-: 	at com.heytap.mspsdk.interceptor.b.b(StandardListChain.java:32)
06-11 10:34:27.794  9703 27343 E MSP-LOG-SDK-: 	at com.heytap.mspsdk.proxy.b.a(CompatCheckInterceptor.java:182)
06-11 10:34:27.794  9703 27343 E MSP-LOG-SDK-: 	at com.heytap.mspsdk.interceptor.b.b(StandardListChain.java:32)
06-11 10:34:27.794  9703 27343 E MSP-LOG-SDK-: 	at com.heytap.mspsdk.proxy.e.invoke(InnerInvocationHandler.java:261)
06-11 10:34:27.794  9703 27343 E MSP-LOG-SDK-: 	at java.lang.reflect.Proxy.invoke(Proxy.java:1006)
06-11 10:34:27.794  9703 27343 E MSP-LOG-SDK-: 	at $Proxy31.checkUpdateConfig(Unknown Source)
06-11 10:34:27.794  9703 27343 E MSP-LOG-SDK-: 	at com.heytap.nearx.tangramconfig.kit.client.KitProxy.checkUpdateConfig$lambda$3(KitProxy.kt:20)
06-11 10:34:27.794  9703 27343 E MSP-LOG-SDK-: 	at com.heytap.nearx.tangramconfig.kit.client.KitProxy.d(KitProxy.kt:1)
06-11 10:34:27.794  9703 27343 E MSP-LOG-SDK-: 	at com.heytap.nearx.tangramconfig.kit.client.e.run(R8$$SyntheticClass:30)
06-11 10:34:27.794  9703 27343 E MSP-LOG-SDK-: 	at java.util.concurrent.ThreadPoolExecutor.runWorker(ThreadPoolExecutor.java:1156)
06-11 10:34:27.794  9703 27343 E MSP-LOG-SDK-: 	at java.util.concurrent.ThreadPoolExecutor$Worker.run(ThreadPoolExecutor.java:651)
06-11 10:34:27.794  9703 27343 E MSP-LOG-SDK-: 	at java.lang.Thread.run(Thread.java:1119)
06-11 10:34:27.795 29795 29795 D ViewRootImplExtImpl: wrapConfigInfoIntoFlags rotation=0, smallestScreenWidthDp=0, residentWS=false, scenario=0, bounds=Rect(0, 0 - 1240, 2772), relayoutAsync=false, flags=0, newFlags=1453326336, title=com.earthengine.minimalglobe/com.earthengine.minimalglobe.MainActivity
06-11 10:34:27.800  4329  4424 D ShellTaskOrganizerExt: visibleFlexibleTaskInfos delete:2806
06-11 10:34:27.800  4329  4424 D ShellTaskOrganizerExt: isOnCanvas size:0
06-11 10:34:27.800  4329  4424 D ShellTaskOrganizerExt: isOnThreeFlexibleCanvas size:0
06-11 10:34:27.802 29795 29795 D VRI[MainActivity]: relayoutWindow result, sizeChanged:true, surfaceControlChanged:true, transformHintChanged:false, mSurfaceSize:Point(1240, 2772), mLastSurfaceSize:Point(0, 0), mWidth:-1, mHeight:-1, requestedWidth:1240, requestedHeight:2772, transformHint:0, installOrientation:0, displayRotation:0, isSurfaceValid:true, attr.flag:-2122252032, tmpFrames:ClientWindowFrames{frame=[0,0][1240,2772] display=[0,0][1240,2772] parentFrame=[0,0][0,0]}, relayoutAsync:false, mSyncSeqId:0
06-11 10:34:27.802 29795 29795 W VRI[MainActivity]: updateBlastSurfaceIfNeeded, surfaceSize:Point(1240, 2772), lastSurfaceSize:Point(0, 0), format:-3, blastBufferQueue:null
06-11 10:34:27.802 29795 29795 W libc    : Access denied finding property "vendor.display.enable_optimal_refresh_rate"
06-11 10:34:27.802 29795 29795 D BufferQueueConsumer: [](id:746300000000,api:0,p:-1,c:29795) connect: controlledByApp=false
06-11 10:34:27.803 29795 29795 D BufferQueueConsumer: [VRI[MainActivity]#0(BLAST Consumer)0](id:746300000000,api:0,p:-1,c:29795) setMaxAcquiredBufferCount: 2
06-11 10:34:27.803 29795 29795 W libc    : Access denied finding property "vendor.display.enable_optimal_refresh_rate"
06-11 10:34:27.804  4589 10591 I Athena  : AthenaDynamicReceiver: pre_app:com.android.launcher, next_app:com.earthengine.minimalglobe(10602|29795)
06-11 10:34:27.805 29795 29826 D HWUI    : createSurface new attribs array
06-11 10:34:27.805  1574  1616 W statsd  : StatsPullerManager: Unknown tagId 150146
06-11 10:34:27.806  1574  1616 E statsd  : Gauge Stats puller failed for tag: 150146 at 242665131057081
06-11 10:34:27.806  1574  1616 I statsd  : An anomaly (119840000001) (100198)0x10000->com.earthengine.minimalglobe[S] (100198)0x20000->10602[I]  has occurred! Informing subscribers.
06-11 10:34:27.806 29795 29826 D libEGL  : this is from skia gles
06-11 10:34:27.806 29795 29826 D BufferQueueProducer: [VRI[MainActivity]#0(BLAST Consumer)0](id:746300000000,api:1,p:29795,c:29795) connect: api=1 producerControlledByApp=true
06-11 10:34:27.807  9703 27357 I MSP-LOG-SDK-MspSdk: Sdk has initialized! version:2.0.1.14
06-11 10:34:27.807 29795 29795 E OplusDisplayModeManager: has been initialized.
06-11 10:34:27.808  9018 11280 D OplusAppSwitchManager: observer =  mDefaultMatchActivity = false mDefaultMatchApp false
06-11 10:34:27.792 11083 11791 D CloudConfig_stgyHelper: mspVersionCanSupport mspKitVersion : 2021620
06-11 10:34:27.809  1877  5741 I SurfaceFlinger: [SF client] NEW(0xb4000075dae8d5f0) for (29795:com.earthengine.minimalglobe)
06-11 10:34:27.814  5227  6060 W download_ui_engine: dlv3 trans: {compressUri=/apk/compression/202605/18/c95ba95fe9d3bd38079842af9954a554.zst, uDimensionId=3003_170, uOldMd5=2b5e5b5146afc8bf9d0dcc866d1fc475, compressSize=4331775, uObit=5, compressMd5=75667ac35f819b3618920ad378e8151e, compressId=25661671-w-3215971, compressHMd5=544e464176e6f13f297cd6f38466693b, source=1}
06-11 10:34:27.814  1877  2468 D SurfaceFlinger: updateWinowInfo=1, setFocusedWindow timestamp=200761523038361, windowName=b6b2e36 com.earthengine.minimalglobe/com.earthengine.minimalglobe.MainActivity
06-11 10:34:27.814  5227  6060 W FastInstallCopyHelper: shouldUseFastInstallCopy: false - not active download, downloadType=3 #com.coloros.weather.service
06-11 10:34:27.814  9703 27357 E MSP-LOG-SDK-RateLimitManager: not_allow_invoke because of time_window_not_allow queue = [1781143250916], config = RateLimitConfig{maxCalls=1, timeWindowSeconds=21600, callIntervalSeconds=0}, ipcInvokeTimeQueueMapKey = com.heytap.nearx.tangramconfig.kit.client.ICloudCtrlServiceModule?@?56589?@?1?@?com.heytap.quicksearchbox, has already call 1 times in 21600 seconds before
06-11 10:34:27.815  9703 27357 E MSP-LOG-SDK-: MspSdkException{code=3014,message=com.heytap.mspsdk.ratelimit.MspRateLimitExceededException: ipc rate limit exceeded in time window}
06-11 10:34:27.815  9703 27357 E MSP-LOG-SDK-: 	at com.heytap.mspsdk.ratelimit.b.a(RateLimitInterceptor.java:54)
06-11 10:34:27.815  9703 27357 E MSP-LOG-SDK-: 	at com.heytap.mspsdk.interceptor.b.b(StandardListChain.java:32)
06-11 10:34:27.815  9703 27357 E MSP-LOG-SDK-: 	at com.heytap.mspsdk.proxy.b.a(CompatCheckInterceptor.java:182)
06-11 10:34:27.815  9703 27357 E MSP-LOG-SDK-: 	at com.heytap.mspsdk.interceptor.b.b(StandardListChain.java:32)
06-11 10:34:27.815  9703 27357 E MSP-LOG-SDK-: 	at com.heytap.mspsdk.proxy.e.invoke(InnerInvocationHandler.java:261)
06-11 10:34:27.815  9703 27357 E MSP-LOG-SDK-: 	at java.lang.reflect.Proxy.invoke(Proxy.java:1006)
06-11 10:34:27.815  9703 27357 E MSP-LOG-SDK-: 	at $Proxy31.getDynamicCondition(Unknown Source)
06-11 10:34:27.815  9703 27357 E MSP-LOG-SDK-: 	at com.heytap.nearx.tangramconfig.kit.client.KitProxy.getDynamicCondition$lambda$0(KitProxy.kt:25)
06-11 10:34:27.815  9703 27357 E MSP-LOG-SDK-: 	at com.heytap.nearx.tangramconfig.kit.client.KitProxy.b(KitProxy.kt:1)
06-11 10:34:27.815  9703 27357 E MSP-LOG-SDK-: 	at com.heytap.nearx.tangramconfig.kit.client.b.run(R8$$SyntheticClass:28)
06-11 10:34:27.815  9703 27357 E MSP-LOG-SDK-: 	at java.util.concurrent.ThreadPoolExecutor.runWorker(ThreadPoolExecutor.java:1156)
06-11 10:34:27.815  9703 27357 E MSP-LOG-SDK-: 	at java.util.concurrent.ThreadPoolExecutor$Worker.run(ThreadPoolExecutor.java:651)
06-11 10:34:27.815  9703 27357 E MSP-LOG-SDK-: 	at java.lang.Thread.run(Thread.java:1119)
06-11 10:34:27.815 29795 29795 D SurfaceView: 182558592, SurfaceView[com.earthengine.minimalglobe/com.earthengine.minimalglobe.MainActivity], layerid: 19242 createBlastSurfaceControls
06-11 10:34:27.815 21660 21719 W ficationmanager: Reducing the number of considered missed Gc histogram windows from 463 to 100
06-11 10:34:27.816 29795 29795 W libc    : Access denied finding property "vendor.display.enable_optimal_refresh_rate"
06-11 10:34:27.816 29795 29795 D BufferQueueConsumer: [](id:746300000001,api:0,p:-1,c:29795) connect: controlledByApp=false
06-11 10:34:27.816 29795 29795 D BufferQueueConsumer: [ae19f80 SurfaceView[com.earthengine.minimalglobe/com.earthengine.minimalglobe.MainActivity]#1(BLAST Consumer)1](id:746300000001,api:0,p:-1,c:29795) setMaxAcquiredBufferCount: 2
06-11 10:34:27.818 29795 29795 W libc    : Access denied finding property "vendor.display.enable_optimal_refresh_rate"
06-11 10:34:27.819 29795 29795 I SurfaceView: 182558592 visibleChanged -- surfaceCreated 
06-11 10:34:27.819 29795 29795 D Surface : Surface::dispatchSetGameApi
06-11 10:34:27.819  5227 29245 W UpgradeCommonABHelp: queryUsageCostTime:31
06-11 10:34:27.819 29795 29795 D Surface : dispatchSetGameApi pid[29795] tid[29795] GameApi[0]
06-11 10:34:27.819 29795 29795 D Surface : dispatchSetGameApi res:0
06-11 10:34:27.819 29795 29795 D libEGL  : set game api gles successfully
06-11 10:34:27.819 29795 29795 D BufferQueueProducer: [ae19f80 SurfaceView[com.earthengine.minimalglobe/com.earthengine.minimalglobe.MainActivity]#1(BLAST Consumer)1](id:746300000001,api:1,p:29795,c:29795) connect: api=1 producerControlledByApp=true
06-11 10:34:27.820  1808  1906 W gameoptHal: unknow message 163
06-11 10:34:27.820 29795 29795 I MinimalGlobe: EGL initialized: 1240x2772, GL: OpenGL ES 3.2 V@0615.100 (GIT@b82916be04, I507ba793b7, 1754480107) (Date:08/06/25), GLSL: OpenGL ES GLSL ES 3.20
06-11 10:34:27.823  5227  6060 W download_ui_engine: dlv3 trans: {compressUri=/apk/compression/202606/09/7ec8420fc3408e2f2e944c6ec5b552eb.zst, uDimensionId=3003_170, compressSize=5063373, compressMd5=83cd0c968609a2166576a7b1012a92a9, compressId=25720277-w-3333968, compressHMd5=c3b0a8ef8874983c59568d5c32edd00b, source=1}
06-11 10:34:27.823  5227  6060 W FastInstallCopyHelper: shouldUseFastInstallCopy: false - not active download, downloadType=3 #com.oplus.colorx
06-11 10:34:27.824 29795 29795 I AtmosPass: initialize: creating shader...
06-11 10:34:27.825 29795 29795 I AtmosPass: initialize: shader created ok
06-11 10:34:27.825 29795 29795 I AtmosPass: initialize: buffer created ok, ready
06-11 10:34:27.825 29795 29795 I MinimalGlobe: Engine initialized successfully, camera pos: -1577217.2,5321867.2,3134277.0
06-11 10:34:27.825 29795 29795 I MinimalGlobe: Gaode satellite provider enabled: https://webst0{s}.is.autonavi.com/appmaptile?style=6&x={x}&y={y}&z={z}
06-11 10:34:27.825 29795 29795 I MinimalGlobe: Gaode/Amap tiles are GCJ-02 aligned; this demo is visual only, not WGS84 control-point acceptance
06-11 10:34:27.825 29795 29795 I MinimalGlobe: Basemap layer added; normal map debug disabled
06-11 10:34:27.825 29795 29795 I MinimalGlobe: Terrain provider: QuantizedMesh (http://192.168.1.6:8091/{z}/{x}/{y}.terrain)
06-11 10:34:27.825 29795 29795 I MinimalGlobe: Terrain layer added: http://192.168.1.4:8001/{z}/{x}/{y}.png
06-11 10:34:27.825 29795 29795 I MinimalGlobe: Debug overlay disabled
06-11 10:34:27.825 29795 29795 I MinimalGlobe: Simulation time set to fixed daytime JD 2461188.75 (2026-06-10 14:00 UTC+8)
06-11 10:34:27.826  8454  8173 I ContextAware_AppCardProcessor: [breeno-launcher]SEND_APP_MESSAGE: commerceAlg=2, resultApps=[AppInfo[pkg=com.earthengine.minimalglobe, appType=0,iconSource=system, recallType=algorithm, deepLink=0,utrackClickUrl=0, utrackExposeUrl=0,icon=0, apiSource=null, typeCode=null, mode=0, advFinalScore=null,  routePage=0,title=null, subTitle=null, adSize=null,probability=0], AppInfo[pkg=space.xinzhi.hiko, appType=0,iconSource=system, recallType=algorithm, deepLink=0,utrackClickUrl=0, utrackExposeUrl=0,icon=0, apiSource=null, typeCode=null, mode=0, advFinalScore=null,  routePage=0,title=null, subTitle=null, adSize=null,probability=0], AppInfo[pkg=com.tencent.mm, appType=0,iconSource=system, recallType=algorithm, deepLink=0,utrackClickUrl=0, utrackExposeUrl=0,icon=0, apiSource=null, typeCode=null, mode=0, advFinalScore=null,  routePage=0,title=null, subTitle=null, adSize=null,probability=0], AppInfo[pkg=com.ss.android.ugc.aweme, appType=5,iconSource=system, recallType=ad, deepLink=1506,utrackClickUrl=3, utrackExposeUrl=3,icon=0, apiSource=5, typeCode=6, mode=2, advFinalScore=413.00003,  routePage=0,title=null, subTitle=null, adSize=null,probability=0], AppInfo[pkg=space.xinzhi.map, appType=0,iconSource=system, recallType=algorithm, deepLink=0,utrackClickUrl=0, utrackExposeUrl=0,icon=0, apiSource=null, typeCode=null, mode=0, advFinalScore=null,  routePage=0,title=null, subTitle=null, adSize=null,probability=0], AppInfo[pkg=com.ss.android.lark, appType=0,iconSource=system, recallType=algorithm, deepLink=0,utrackClickUrl=0, utrackExposeUrl=0,icon=0, apiSource=null, typeCode=null, mode=0, advFinalScore=null,  routePage=0,title=null, subTitle=null, adSize=null,probability=0], AppInfo[pkg=com.phoenix.read, appType=0,iconSource=system, recallType=algorithm, deepLink=0,utrackClickUrl=0, utrackExposeUrl=0,icon=0, apiSource=null, typeCode=null, mode=0, advFinalScore=null,  routePage=0,title=null, subTitle=null, adSize=null,probability=0], AppInfo[pkg=com.github.metacubex.clash.meta, appType=0,iconSource=system, recallType=algorithm, deepLink=0,utrackClickUrl=0, utrackExposeUrl=0,icon=0, apiSource=null, typeCode=null, mode=0, advFinalScore=null,  routePage=0,title=null, subTitle=null, adSize=null,probability=0], AppInfo[pkg=com.lolaage.tbulu.tools, appType=0,iconSource=system, recallType=algorithm, deepLink=0,utrackClickUrl=0, utrackExposeUrl=0,icon=0, apiSource=null, typeCode=null, mode=0, advFinalScore=null,  routePage=0,title=null, subTitle=null, adSize=null,probability=0], AppInfo[pkg=com.heytap.browser, appType=0,iconSource=system, recallType=algorithm, deepLink=0,utrackClickUrl=0, utrackExposeUrl=0,icon=0, apiSource=null, typeCode=null, mode=0, advFinalScore=null,  routePage=0,title=null, subTitle=null, adSize=null,probability=0]], traceId: 4b5b5ab9fa1eb57bee43b590ed4fc7e1-b85d047f8ae74538863f6b7fad173a94
06-11 10:34:27.826 29795 29795 D SurfaceView: 182558592 handleSyncNoBuffer
06-11 10:34:27.827 29795 29795 D SurfaceView: 182558592 finishedDrawing
06-11 10:34:27.827 29795 29795 D SurfaceView: 182558592 performDrawFinished mAttachedToWindow true
06-11 10:34:27.827  4650 10911 W HapContentObserver: uri: content://appRecommend_data_storage/breeno-launcher/query
06-11 10:34:27.828  4650 10911 D HapContentObserver: key: 251540744 , task: 70838955
06-11 10:34:27.828  4650 10911 D ContentResolverTask: uri: content://appRecommend_data_storage/breeno-launcher/query contains: false task: 70838955
06-11 10:34:27.828  4650 10911 D HapContentObserver: key: 82000058 , task: 112544663
06-11 10:34:27.828  4650 10911 D ContentResolverTask: uri: content://appRecommend_data_storage/breeno-launcher/query contains: false task: 112544663
06-11 10:34:27.828  4650 10911 D HapContentObserver: find dispatch uri: content://appRecommend_data_storage/breeno-launcher/query
06-11 10:34:27.828  4650 10911 D ContentResolverTask: notifyChange: content://appRecommend_data_storage/breeno-launcher/query, mRequestMap contains: true mRequestMap.size: 1 task:112544663 instant:15
06-11 10:34:27.828  4650 10911 W ContentResolverTask: request callback: 247
06-11 10:34:27.828 29795 29795 I SurfaceControl:  setExtendedRangeBrightness sc=Surface(name=com.earthengine.minimalglobe/com.earthengine.minimalglobe.MainActivity)/@0xbe866ae,currentBufferRatio=1.0,desiredRatio=1.0
06-11 10:34:27.829  4650 23595 D JsConsole: breeno2X2-launcher(rsUDrjLDfb7Y)::content_provider_channel: register success _channelStatus(subscribed
06-11 10:34:27.829 29795 29795 D SurfaceView: 182558592 dispatchDraw mDrawFinished true isAboveParent false (mPrivateFlags & PFLAG_SKIP_DRAW) 128
06-11 10:34:27.829 29795 29795 D SurfaceView: 182558592 clearSurfaceViewPort mCornerRadius 0.0
06-11 10:34:27.837  1877  2465 I ClientCache: add: Cache owner=0xb4000075e87bd520
06-11 10:34:27.837 29795 29826 D BLASTBufferQueue: [VRI[MainActivity]#0](f:0,a:1) acquireNextBufferLocked size=1240x2772 mFrameNumber=1 applyTransaction=true mTimestamp=200761557923413(auto) mPendingTransactions.size=0 graphicBufferId=127968550584320 transform=0
06-11 10:34:27.837 29795 29826 D VRI[MainActivity]: Received frameCommittedCallback lastAttemptedDrawFrameNum=1 didProduceBuffer=true syncBuffer=false
06-11 10:34:27.838  9018 11280 D OplusAppSwitchManager: observer =  mDefaultMatchActivity = false mDefaultMatchApp false
06-11 10:34:27.838 29795 29826 D ExtensionsLoader: createInstance(64bit) : createExtendedFactory
06-11 10:34:27.838 29795 29826 D ExtensionsLoader: Opened libSchedAssistExtImpl.so
06-11 10:34:27.838 29795 29795 D VRI[MainActivity]: draw finished. seqId=0
06-11 10:34:27.840  5227 29245 W market_check_upgrade: type: 3 , createRequest: installed count: 1 ,white count: 1 ,request md5 count: 1 ,no md5 count: 0 ,cost: 90
06-11 10:34:27.840  5227 29245 W market_check_upgrade: obits: [1, 5] , from: config
06-11 10:34:27.841  5227 29245 W market_check_upgrade: req pkgs: {com.earthengine.minimalglobe: 1_f8463105b9949f62c365d2538dc79880}, 
06-11 10:34:27.844  4533 21771 I iopgp   : Iopgp: TRANSACTION_IOPGP_ON_ACTIVITY_LAUNCH_FINISHED sequence_id = 470 timestamp_nanos = 200761567266486
06-11 10:34:27.845 29795 29795 I TerrainLayer: processPendingUploads #1 queue=0 empty=0
06-11 10:34:27.847 29795 29795 I TerrainLayer:   visible: Geographic-TMS/3/0/0
06-11 10:34:27.847 29795 29795 I TerrainLayer:   visible: Geographic-TMS/3/1/0
06-11 10:34:27.847 29795 29795 I TerrainLayer:   visible: Geographic-TMS/3/0/1
06-11 10:34:27.847 29795 29795 I TerrainLayer:   visible: Geographic-TMS/3/1/1
06-11 10:34:27.847 29795 29795 I TerrainLayer:   visible: Geographic-TMS/3/2/0
06-11 10:34:27.847 29795 29795 I TerrainLayer:   visible: Geographic-TMS/3/3/0
06-11 10:34:27.847 29795 29795 I TerrainLayer:   visible: Geographic-TMS/3/2/1
06-11 10:34:27.847 29795 29795 I TerrainLayer:   visible: Geographic-TMS/3/3/1
06-11 10:34:27.847 29795 29795 I TerrainLayer:   visible: Geographic-TMS/3/1/2
06-11 10:34:27.847 29795 29795 I TerrainLayer:   visible: Geographic-TMS/3/1/3
06-11 10:34:27.847 29795 29795 I TerrainLayer:   visible: Geographic-TMS/3/2/2
06-11 10:34:27.847 29795 29795 I TerrainLayer:   visible: Geographic-TMS/3/3/2
06-11 10:34:27.847 29795 29795 I TerrainLayer:   visible: Geographic-TMS/3/2/3
06-11 10:34:27.847 29795 29795 I TerrainLayer:   visible: Geographic-TMS/3/3/3
06-11 10:34:27.847 29795 29795 I TerrainLayer:   visible: Geographic-TMS/3/4/0
06-11 10:34:27.847 29795 29795 I TerrainLayer:   visible: Geographic-TMS/3/5/0
06-11 10:34:27.847 29795 29795 I TerrainLayer:   visible: Geographic-TMS/3/5/1
06-11 10:34:27.847 29795 29795 I TerrainLayer:   visible: Geographic-TMS/3/6/0
06-11 10:34:27.847 29795 29795 I TerrainLayer:   visible: Geographic-TMS/3/7/0
06-11 10:34:27.847 29795 29795 I TerrainLayer:   visible: Geographic-TMS/3/1/4
06-11 10:34:27.847 29795 29795 I TerrainLayer:   visible: Geographic-TMS/3/1/5
06-11 10:34:27.847 29795 29795 I TerrainLayer:   visible: Geographic-TMS/3/2/4
06-11 10:34:27.847 29795 29795 I TerrainLayer:   visible: Geographic-TMS/3/3/4
06-11 10:34:27.847 29795 29795 I TerrainLayer:   visible: Geographic-TMS/3/2/5
06-11 10:34:27.847 29795 29795 I TerrainLayer:   visible: Geographic-TMS/3/3/5
06-11 10:34:27.847 29795 29795 I TerrainLayer:   visible: Geographic-TMS/11/1629/1358
06-11 10:34:27.847 29795 29795 I TerrainLayer:   visible: Geographic-TMS/11/1629/1359
06-11 10:34:27.847 29795 29795 I TerrainLayer:   visible: Geographic-TMS/11/1630/1359
06-11 10:34:27.847 29795 29795 I TerrainLayer:   visible: Geographic-TMS/11/1629/1360
06-11 10:34:27.847 29795 29795 I TerrainLayer:   visible: Geographic-TMS/11/1629/1361
06-11 10:34:27.847 29795 29795 I TerrainLayer:   visible: Geographic-TMS/11/1630/1360
06-11 10:34:27.847 29795 29795 I TerrainLayer:   visible: Geographic-TMS/11/1630/1361
06-11 10:34:27.847 29795 29795 I TerrainLayer:   visible: Geographic-TMS/11/1629/1362
06-11 10:34:27.847 29795 29795 I TerrainLayer:   visible: Geographic-TMS/11/1630/1362
06-11 10:34:27.847 29795 29795 I TerrainLayer:   visible: Geographic-TMS/11/1630/1363
06-11 10:34:27.847  1574  1616 E statsd  : Gauge Stats puller failed for tag: 150134 at 242665172663279
06-11 10:34:27.848  1574  1616 I statsd  : An anomaly (104840000001) (48)0x10000->10602[I] (48)0x20000->com.earthengine.minimalglobe[S] (48)0x30000->3[I]  has occurred! Informing subscribers.
06-11 10:34:27.848 29795 29795 I GLES    : submit #1: 2 commands, glError=0
06-11 10:34:27.850  1032  1032 I hwservicemanager: getTransport: Cannot find entry vendor.qti.hardware.iop@2.0::IIop/default in either framework or device VINTF manifest.
06-11 10:34:27.850 21660 21721 W System  : A resource failed to call SQLiteConnectionPool.close. 
06-11 10:34:27.850 29795 29857 I AndroidBridge: androidHttpGet: env=0xb400007a6f9adaa0 gJniHttpHelperClass=0x30e6 gHttpGetMethod=0x1 url=https://webst01.is.autonavi.com/appmaptile?style=6&x=0&y=0&z=0
06-11 10:34:27.850 29795 29795 D BLASTBufferQueue: [ae19f80 SurfaceView[com.earthengine.minimalglobe/com.earthengine.minimalglobe.MainActivity]#1](f:0,a:1) acquireNextBufferLocked size=1240x2772 mFrameNumber=1 applyTransaction=true mTimestamp=200761572522423(auto) mPendingTransactions.size=0 graphicBufferId=127968550584321 transform=0
06-11 10:34:27.850 29795 29795 I MinimalGlobe: Frame 1 | tiles vis=41 cached=0 renderSurface=0 mesh=0 (terr=0 ellip=0 ready=0 terrParent=0 terrTrans=0) attach=0 exact=0 parent=0 stale=0 missingGen=0 | missing=25 unsupported=16 kicked=0 retained=0 visZ=2-11 targetZ=0-0 texZ=0-0 lod=512 eq=1 qRender=41 qWalk=64 qFrustum=79 qFade=0 qBal=0 qHz=35 qEq2=0 grp=25/0/16 gen=0 | sun=(0.03,0.93,0.36) | FPS=6.0 draw=2
06-11 10:34:27.850 29795 29857 I JniHttpHelper: httpGet called: https://webst01.is.autonavi.com/appmaptile?style=6&x=0&y=0&z=0
06-11 10:34:27.850 21660 21721 W SQLiteConnectionPool: A SQLiteConnection object for database '/data/user_de/0/com.oplus.notificationmanager/databases/app_notification_settings' was leaked!  Please fix your application to end transactions in progress properly and to close the database when it is no longer needed.
06-11 10:34:27.850 21660 21721 W System  : A resource failed to call SQLiteConnection.close. 
06-11 10:34:27.850  1032  1032 I hwservicemanager: getTransport: Cannot find entry vendor.qti.hardware.iop@2.0::IIop/default in either framework or device VINTF manifest.
06-11 10:34:27.852 29795 29858 I QMTerrain: httpGet ENTER: http://192.168.1.6:8091/11/1629/689.terrain
06-11 10:34:27.852 29795 29795 W VRI[MainActivity]: handleResized, msg:, frameChanged:false, configChanged:false, displayChanged:false, attachedFrameChanged:false, compatScaleChanged:false, pendingDragResizing=false
06-11 10:34:27.852 29795 29858 I AndroidBridge: androidHttpGet: env=0xb400007a7da13600 gJniHttpHelperClass=0x30e6 gHttpGetMethod=0x1 url=http://192.168.1.6:8091/11/1629/689.terrain
06-11 10:34:27.852 29795 29858 I JniHttpHelper: httpGet called: http://192.168.1.6:8091/11/1629/689.terrain
06-11 10:34:27.851 21660 21721 W SQLiteConnectionPool: A SQLiteConnection object for database '/data/user_de/0/com.oplus.notificationmanager/databases/app_notification_settings' was leaked!  Please fix your application to end transactions in progress properly and to close the database when it is no longer needed.
06-11 10:34:27.853 21660 21721 W System  : A resource failed to call SQLiteConnection.close. 
06-11 10:34:27.853  5227  6060 W download_ui_engine: dlv3 trans: {compressUri=/apk/compression/202605/21/76810e5f9a4624cb923f76449be7c1df.zst, uDimensionId=3003_170, uOldMd5=8c8421dbb9e8df056737c2eae21c5318, compressSize=10389463, uObit=5, compressMd5=0026d6673ab81b2ef8db8a880b33c59a, compressId=25673023-w-3238815, compressHMd5=1569f8dbb74dca4bd2d444f03c34ad21, source=1}
06-11 10:34:27.853 21660 21721 W System  : A resource failed to call close. 
06-11 10:34:27.854 29795 29858 I DpmTcmClient: RegisterTcmMonitor from: $Proxy3
06-11 10:34:27.854 29795 29795 I DynamicFramerate [FRTCConfigManager]: initFrameRateConfig: 
06-11 10:34:27.854 29795 29795 I DynamicFramerate [FRTCConfigManager]: 	levelsFor120hz: [120, 60]
06-11 10:34:27.854 29795 29795 I DynamicFramerate [FRTCConfigManager]: 	thresholdsFor120hz: [200]
06-11 10:34:27.854 29795 29795 I DynamicFramerate [FRTCConfigManager]: 	levelsFor90hz: [90]
06-11 10:34:27.854 29795 29795 I DynamicFramerate [FRTCConfigManager]: 	thresholdsFor90hz: []
06-11 10:34:27.854 29795 29860 I QMTerrain: httpGet ENTER: http://192.168.1.6:8091/11/1630/688.terrain
06-11 10:34:27.854 29795 29795 I DynamicFramerate [FRTCConfigManager]: FRTCConfigManager: FRTC_CAPABILITY = 120, package name = com.earthengine.minimalglobe, WINDOW_ANIMATION_SPEED_RATE = 10, SCROLL_ANIMATION_SPEED_RATE = 20, PACKAGE_ENABLE = false
06-11 10:34:27.854 29795 29795 I DynamicFramerate [DynamicFrameRateController]: init info: mPackageName = com.earthengine.minimalglobe, mIsEnabled = false
06-11 10:34:27.854  9018 11280 D OplusAppSwitchManager: observer =  mDefaultMatchActivity = false mDefaultMatchApp false
06-11 10:34:27.854 29795 29860 I AndroidBridge: androidHttpGet: env=0xb400007a6f9ade20 gJniHttpHelperClass=0x30e6 gHttpGetMethod=0x1 url=http://192.168.1.6:8091/11/1630/688.terrain
06-11 10:34:27.855 29795 29860 I JniHttpHelper: httpGet called: http://192.168.1.6:8091/11/1630/688.terrain
06-11 10:34:27.856  1699  1958 I SDM     : CommitProcessLayer():889 Checksum for layer 5473 is: 0
06-11 10:34:27.856  1699  3230 I Dpps    : DppsServer::HandleDppsClientEvent():1193 Incoming message on client fd 126: 'Ltm:ConstantAls:Primary:0'
06-11 10:34:27.856  1699  1958 W SDM     : HDRIntfClient::GenerateLuts: Unsupported LUT type = 4 for game layer
06-11 10:34:27.856  1699  3812 I Dpps    : DppsLtmClientImp::Reply():1142 Couldn't reply to client 126, ret Try again
06-11 10:34:27.856 29795 29861 I QMTerrain: httpGet ENTER: http://192.168.1.6:8091/11/1629/687.terrain
06-11 10:34:27.857 29795 29861 I AndroidBridge: androidHttpGet: env=0xb400007a7da13980 gJniHttpHelperClass=0x30e6 gHttpGetMethod=0x1 url=http://192.168.1.6:8091/11/1629/687.terrain
06-11 10:34:27.857 29795 29861 I JniHttpHelper: httpGet called: http://192.168.1.6:8091/11/1629/687.terrain
06-11 10:34:27.857  4639  8246 D CommonApp-194-10602: commonScoreStrategy scenarios low package
06-11 10:34:27.857  5227  6060 W FastInstallCopyHelper: shouldUseFastInstallCopy: false - not active download, downloadType=3 #com.oplus.melody
06-11 10:34:27.857  4639  8246 D ScorePolicy: handleScoreChanged: []
06-11 10:34:27.857  4639  8246 D ScorePolicy: handleScoreChanged: []
06-11 10:34:27.857  4639  8246 D ScorePolicy: handleScoreChanged: []
06-11 10:34:27.858 29795 29795 I TerrainLayer: processPendingUploads #2 queue=0 empty=0
06-11 10:34:27.859 29795 29859 I QMTerrain: httpGet ENTER: http://192.168.1.6:8091/11/1629/688.terrain
06-11 10:34:27.859 29795 29859 I AndroidBridge: androidHttpGet: env=0xb400007a6f9ae1a0 gJniHttpHelperClass=0x30e6 gHttpGetMethod=0x1 url=http://192.168.1.6:8091/11/1629/688.terrain
06-11 10:34:27.859 29795 29859 I JniHttpHelper: httpGet called: http://192.168.1.6:8091/11/1629/688.terrain
06-11 10:34:27.860  1877  2465 I ComposerExtn: SmoMoImpl::InsertLayerBuffer: no record found for layer 19242
06-11 10:34:27.860  1877  2465 I ComposerExtn: SmoMoImpl::FrameIsLate: no layer record found for layer 19242
06-11 10:34:27.861 29795 29863 I QMTerrain: httpGet ENTER: http://192.168.1.6:8091/11/1630/687.terrain
06-11 10:34:27.862 29795 29864 I QMTerrain: httpGet ENTER: http://192.168.1.6:8091/11/1630/686.terrain
06-11 10:34:27.862 29795 29826 D VRI[MainActivity]: Received frameCommittedCallback lastAttemptedDrawFrameNum=2 didProduceBuffer=false syncBuffer=false
06-11 10:34:27.862 29795 29864 I AndroidBridge: androidHttpGet: env=0xb400007a6f9ae520 gJniHttpHelperClass=0x30e6 gHttpGetMethod=0x1 url=http://192.168.1.6:8091/11/1630/686.terrain
06-11 10:34:27.862 29795 29864 I JniHttpHelper: httpGet called: http://192.168.1.6:8091/11/1630/686.terrain
06-11 10:34:27.862 29795 29795 D VRI[MainActivity]: draw finished. seqId=0
06-11 10:34:27.862  4650 23456 I PantaCard.Lnch.InstantCardEngine:  100281&1888747526&3_sid=536877097_rk=03cc59,sendMessageToCard, cardTag:100281&1888747526&3, false, newData.size = 118, code = 0, hasLoaded: true[sdk:v1.3.130-5a024cf,seed-plugin:v16.56.0-85a272db,app:v16.4.25] [OplusLauncher|com.android.launcher|2.0.44-25e9612]
06-11 10:34:27.863 29795 29795 D VRI[MainActivity]: onFocusEvent true
06-11 10:34:27.863 29795 29865 I QMTerrain: httpGet ENTER: http://192.168.1.6:8091/11/1629/685.terrain
06-11 10:34:27.864 29795 29865 I AndroidBridge: androidHttpGet: env=0xb400007a7da14080 gJniHttpHelperClass=0x30e6 gHttpGetMethod=0x1 url=http://192.168.1.6:8091/11/1629/685.terrain
06-11 10:34:27.864 29795 29865 I JniHttpHelper: httpGet called: http://192.168.1.6:8091/11/1629/685.terrain
06-11 10:34:27.865 29795 29862 I QMTerrain: httpGet ENTER: http://192.168.1.6:8091/11/1629/686.terrain
06-11 10:34:27.866 29795 29862 I AndroidBridge: androidHttpGet: env=0xb400007a6f9ae8a0 gJniHttpHelperClass=0x30e6 gHttpGetMethod=0x1 url=http://192.168.1.6:8091/11/1629/686.terrain
06-11 10:34:27.866 29795 29862 I JniHttpHelper: httpGet called: http://192.168.1.6:8091/11/1629/686.terrain
06-11 10:34:27.866 29795 29795 I TerrainLayer: processPendingUploads #3 queue=0 empty=0
06-11 10:34:27.867  1667 15952 I sensors-hal: handle_oplus_wise_rgb_event:230, wise_rgb:algo_type = 3
06-11 10:34:27.867  1667 15988 I sensors-hal: get_brightness:1652, light_iface: get_brightness, brl 1529, pwm_turbo_on 0/0, hbm_dc 0
06-11 10:34:27.867  1667 15952 I sensors-hal: handle_oplus_wise_rgb_event:285, wise_rgb: raw_lux 506.793335, raw_cct 6230.206055, r/g/b/c: 40741.718750/35760.136719/19917.535156/90108.429688, R/G/B: 0.000000/0.000000/0.000000, brl 1529.000000, lux: 506.793335, cct: 6230.206055, ts 242665185027082, cnt 3984
06-11 10:34:27.867 29795 29863 I AndroidBridge: androidHttpGet: env=0xb400007a7da13d00 gJniHttpHelperClass=0x30e6 gHttpGetMethod=0x1 url=http://192.168.1.6:8091/11/1630/687.terrain
06-11 10:34:27.867 29795 29863 I JniHttpHelper: httpGet called: http://192.168.1.6:8091/11/1630/687.terrain
06-11 10:34:27.868  1877  1877 I ComposerExtn: SmoMoImpl::FrameIsEarly: no valid present time for layer 19242
06-11 10:34:27.868  1877  5741 I ComposerExtn: SmoMoImpl::FrameIsLate: no valid present time for layer 19242
06-11 10:34:27.870  6967  8602 I DeepThinker: IntentManager: onIntentProduced 1
06-11 10:34:27.871  6967  8602 I DeepThinker: IntentManager: dispatchIntents 1
06-11 10:34:27.874  5227 29245 W ONET_NetMonitor: CallStart seq: 11749 retry: 0 method: POST url: https://api-cn.store.heytapmobi.com/update/global/v1/check port: 443 originDn: api-cn.store.heytapmobi.com clientIp: 113.249.239.165 httpDnsIp: 49.7.118.13
06-11 10:34:27.875  2362  2362 D tcmd    : DpmCom :there are 1 file descriptor(s) with events pending
06-11 10:34:27.875  2362  2362 D tcmd    : DpmCom : 1 events pending, handling 1 for 27
06-11 10:34:27.875  2362  2362 D tcmd    : DpmCom :fd '27' is processing events [callback:0x5f499dcb40, data:0xb400007864a65250]
06-11 10:34:27.875  5227 29245 W ONET_NetMonitor: ConnAcquired seq: 11749 retry: 0 address: 49.7.118.13:443proxy[DIRECT] hashcode: 13589292 proto: h2 costtime: 0
06-11 10:34:27.875  2362  2362 D tcmd    : LipcTcmServerPollEventHandler fd 27 -> nfd 12
06-11 10:34:27.875  2362  2362 D tcmd    : DpmCom::addComEventHandler fd 12, ComEventCallback 0x0, void* 0xb400007864a65250, ComCloseCallback 0x5f499dcb48, events 1
06-11 10:34:27.875  2362  2362 D tcmd    : waiting on events (-1ms)
06-11 10:34:27.876  1877  1877 I ComposerExtn: SmoMoImpl::FrameIsEarly: no valid present time for layer 19242
06-11 10:34:27.877  5227 29245 W ONET_NetMonitor: SendReq seq: 11749 retry: 0 code: 1 contentLength: 223 msg: null
06-11 10:34:27.879 29795 29795 D InsetsController: hide(ime(), fromIme=false)
06-11 10:34:27.879 29795 29795 I ImeTracker: com.earthengine.minimalglobe:39517249: onCancelled at PHASE_CLIENT_ALREADY_HIDDEN
06-11 10:34:27.887  4650  4650 I SplitScreenManager: Attached Launcher#7e871e0 ON_STOP
06-11 10:34:27.893  9206  9206 W bdoppoime_ImeService: onStartInput called, restarting = false, initialSelStart = -1, initialSelEnd = -1, inputType = 0, fieldId = 0, imeOptions = 0
06-11 10:34:27.894  9206  9206 W bdoppoime_ImeService: onEvaluateInputViewShownSuper, hardKeyboardHidden:2
06-11 10:34:27.894  9206  9206 W libc    : Access denied finding property "persist.sys.theme.status"
06-11 10:34:27.895  9206  9206 W bdoppoime_ImeService: onStartInput called
06-11 10:34:27.895  4650  4650 I GCP.GroupCardWrapper[1781139090859]:  getView[gcSdk:v1.3.130-5a024cf,gcPlugin:v16.56.0-ff09c7f3]
06-11 10:34:27.895  4650  4650 D AnimSeqTimeStamp: resetLastLaunchTaskTime
06-11 10:34:27.895  4650  4650 I GCP.GroupCardWrapper[1781139090859]:  setRefreshable, refreshable: true[gcSdk:v1.3.130-5a024cf,gcPlugin:v16.56.0-ff09c7f3]
06-11 10:34:27.896  4650  4650 I GCP.SceneViewManager[1781139090859]:  setInternalRefresh:true[gcSdk:v1.3.130-5a024cf,gcPlugin:v16.56.0-ff09c7f3]
06-11 10:34:27.896  4650  4650 I PantaCard.Lnch.SeedlingSdkInterface:  notifyInterruptLoadingCard，enableInterrupt = false[sdk:v1.3.130-5a024cf,seed-plugin:v16.56.0-85a272db,app:v16.4.25]
06-11 10:34:27.896  4650  4650 I GCP.GroupChildCardWrapper[240900400_240900400][10001251&1888747522&3]:  needUsePreload currentState:STATE_LOAD_SUCCESS[gcSdk:v1.3.130-5a024cf,gcPlugin:v16.56.0-ff09c7f3]
06-11 10:34:27.896  4650  4650 D GCPLog  : isDebugOrOapm umsBuildType: release
06-11 10:34:27.896  4650  4650 I GCP.GroupChildCardWrapper[240900400_240900400][10001251&1888747522&3]:  needIgnoreRefreshable, isPreload: false, firstSuccess: false[gcSdk:v1.3.130-5a024cf,gcPlugin:v16.56.0-ff09c7f3]
06-11 10:34:27.896  4650  4650 I PantaCard.Lnch.InstantCard:  10001251&1888747522&3_sid=536879128_rk=2f8063,setAllowCardRefreshable refreshable:true[sdk:v1.3.130-5a024cf,seed-plugin:v16.56.0-85a272db,app:v16.4.25]
06-11 10:34:27.896  4650  4650 D CardView: 0xddaa251 com.oplus.pantanal.ums.weather.rain.chart setRefreshable true , completeRequestLayout false , completeRefresh false 
06-11 10:34:27.896  4650  4650 I GCP.GroupChildCardWrapper[210000000_210000000][666660111&1888747539&3]:  needUsePreload currentState:STATE_LOAD_SUCCESS[gcSdk:v1.3.130-5a024cf,gcPlugin:v16.56.0-ff09c7f3]
06-11 10:34:27.896  4650  4650 D GCPLog  : isDebugOrOapm umsBuildType: release
06-11 10:34:27.896  4650  4650 I GCP.GroupChildCardWrapper[210000000_210000000][666660111&1888747539&3]:  needIgnoreRefreshable, isPreload: true, firstSuccess: false[gcSdk:v1.3.130-5a024cf,gcPlugin:v16.56.0-ff09c7f3]
06-11 10:34:27.896  4650  4650 I SDP.Lnch.StandardSeedling:  666660111&1888747539&3_sid=536871060_rk=5dcbdc,setAllowCardRefreshable,refreshable = true[ssdk:v1.3.130-5a024cf,sdplugin:v16.56.0-85a272db] [SeedlingSdk|com.android.launcher|2.0.40-ebe132d]
06-11 10:34:27.896  4650  4650 I SDP.Lnch.EngineViewProxy:  666660111&1888747539&3_sid=536871060_rk=5dcbdc_1,uleView:EngineViewProxy(standard=b6.g{5ae23e2 VFED..... ........ 0,0-522,583 #c8 alpha=1.0 viewInfo = }, lite=null, remote=null),standard:b6.g{5ae23e2 VFED..... ........ 0,0-522,583 #c8 alpha=1.0 viewInfo = },refreshable:true[ssdk:v1.3.130-5a024cf,sdplugin:v16.56.0-85a272db]
06-11 10:34:27.896  4650  4650 I ULEView : panta-sugg-ULE:setAllowFlushData: true [view]: b6.g{5ae23e2 VFED..... ........ 0,0-522,583 #c8 alpha=1.0 viewInfo = }
06-11 10:34:27.896  4650  4650 I ULEView : shouldFlushPendingData: isSurfaceAvailable=true, isPaused=true, isVisible=true , isAllowFlush=true
06-11 10:34:27.896  4650  4650 I GCP.GroupChildCardWrapper[210000000_210000000][100281&1888747526&3]:  needUsePreload currentState:STATE_LOAD_SUCCESS[gcSdk:v1.3.130-5a024cf,gcPlugin:v16.56.0-ff09c7f3]
06-11 10:34:27.896  4650  4650 D GCPLog  : isDebugOrOapm umsBuildType: release
06-11 10:34:27.896  4650  4650 I GCP.GroupChildCardWrapper[210000000_210000000][100281&1888747526&3]:  needIgnoreRefreshable, isPreload: false, firstSuccess: false[gcSdk:v1.3.130-5a024cf,gcPlugin:v16.56.0-ff09c7f3]
06-11 10:34:27.896  4650  4650 I PantaCard.Lnch.InstantCard:  100281&1888747526&3_sid=536877097_rk=03cc59,setAllowCardRefreshable refreshable:true[sdk:v1.3.130-5a024cf,seed-plugin:v16.56.0-85a272db,app:v16.4.25]
06-11 10:34:27.896  4650  4650 D CardView: 0x94c52c com.oppoopen.apptipcard setRefreshable true , completeRequestLayout false , completeRefresh false 
06-11 10:34:27.896  4650  4650 I PantaCard.Lnch.InstantCard:  10000307&1000001&1_sid=536878910_rk=42f9f6,setAllowCardRefreshable refreshable:true[sdk:v1.3.130-5a024cf,seed-plugin:v16.56.0-85a272db,app:v16.4.25]
06-11 10:34:27.896  4650  4650 D CardView: 0x89c788f com.heytap.market.quickapp setRefreshable true , completeRequestLayout false , completeRefresh false 
06-11 10:34:27.896  9206  9558 W bdoppoime_ImeGlobalSettingsObserver: start init data statistics
06-11 10:34:27.896  9206  9558 W bdoppoime_ImeGlobalSettingsObserver: end init data statistics
06-11 10:34:27.898  4650  4650 I GCP.GroupCardWrapper[1781139090859]:  setRefreshable, refreshable: true[gcSdk:v1.3.130-5a024cf,gcPlugin:v16.56.0-ff09c7f3]
06-11 10:34:27.898  4650  4650 I GCP.SceneViewManager[1781139090859]:  setInternalRefresh:true[gcSdk:v1.3.130-5a024cf,gcPlugin:v16.56.0-ff09c7f3]
06-11 10:34:27.898  4650  4650 I PantaCard.Lnch.InstantCard:  10000307&1000001&1_sid=536878910_rk=42f9f6,setAllowCardRefreshable refreshable:true[sdk:v1.3.130-5a024cf,seed-plugin:v16.56.0-85a272db,app:v16.4.25]
06-11 10:34:27.898  4650  4650 E [OPLUS_AFS_CONFIG]: Failed to open AFS config file: /proc/oplus_afs_config/afs_config
06-11 10:34:27.898  4650  4650 E AFS_CONFIG: Failed to get scene config
06-11 10:34:27.898  4650  4650 E OplusAfsManager: afsConfigSceneConfigGet sceneType is null
06-11 10:34:27.898  4650  4650 E IJankManager: latencySceneEnd unknown scene 2 mScene:-1
06-11 10:34:27.898  4650  4650 I [UAH_CLIENT]: UahRelease, handle:180395
06-11 10:34:27.900  9206  9206 I bdoppoime_KbModeManager: isDockMode = false, isPipMode = false , modeChanged = false
06-11 10:34:27.900  9206  9206 W bdoppoime_ImeService: onEvaluateInputViewShownSuper, hardKeyboardHidden:2
06-11 10:34:27.900  9206  9206 W bdoppoime_SysInfo: getSysParam screenW = 1240, needExpandKeyboardToNotchArea = true
06-11 10:34:27.900  9206  9206 W bdoppoime_SysInfo: SysInfo.getSysParam: orientation=1||config d=560,w=1240,h=2577||metrics d=3.5, densityDpi =560||sdk=36,stausH=139||appScale=3.6, selfScacle=3.6, sysScale=3.5,isPadMode=false, boardw=1240, boardH=688, candH=154, boardL=18, boardR=1222, ver=8.5.302.640, oplusApiVersion=37, virtualHeight=0, realW=1240, realH=2772, lang=zh, region=CN, split=false, miniMapMode: 0, splitScreenLeftRect=null, inputWay: 0, isFoldExpand: false, CUID: D8440C-7B84F5-E910F0-3G34D5-9DEE5D-EE, isLuXunDevice : false, resCheck : false, turbo : false, skinInfoskin info : default default 0
06-11 10:34:27.902  4650  4650 I ULEView : onVisibilityChanged : 4 [onVisibilityChanged view]: b6.g{5ae23e2 VFED..... ........ 0,0-522,583 #c8 alpha=1.0 viewInfo = } [SeedlingSdk|com.android.launcher|2.0.40-ebe132d]
06-11 10:34:27.913  9206  9229 I aidu.input_oppo: gc_priority_optimize fd is empty
06-11 10:34:27.913  9206  9229 I aidu.input_oppo: open sharedFd failed with Permission denied
06-11 10:34:27.913  9206  9229 I aidu.input_oppo: gc_priority_optimize set UX fail-1
06-11 10:34:27.911  9715 18949 I AstScreen.WatchOverlayProxy: onStop 
06-11 10:34:27.920  5227  6060 W download_ui_engine: dlv3 trans: {compressUri=/apk/compression/202605/25/ccfc8dc3841369eaabe36d59c4cc82c3.zst, uDimensionId=3003_170, uOldMd5=146b78a2211cf0c5b7194e533a2afb72, compressSize=95003494, uObit=5, compressMd5=04040c6944c1b1575d1abc4a5b9fd45b, compressId=25680015-w-3252860, compressHMd5=1f5aa1648c3b63fe52b2925d2dc909b0, source=1}
06-11 10:34:27.920  5227  6060 W FastInstallCopyHelper: shouldUseFastInstallCopy: false - not active download, downloadType=3 #com.heytap.quicksearchbox
06-11 10:34:27.925  9703 10940 I Qsb-FtsSearchAppManager: callWhenPackageAdd:com.earthengine.minimalglobe
06-11 10:34:27.925  9703 10940 D TapHttp.HeyConfig: HeyConfig start time:200761648
06-11 10:34:27.925 28382 28434 I com.oplus.cosa: Waiting for a blocking GC ProfileSaver
06-11 10:34:27.925  9703 10940 D TapHttp.OkHttpClient:  OkHttpClient(Builder builder) start
06-11 10:34:27.929  9703 10943 D RealConnection:: Platform.get().getSelectedProtocol(sslSocket):http/1.1
06-11 10:34:27.929  9703 10943 D RealConnection:: supportsTlsExtensions:true
06-11 10:34:27.929  9703 10943 D RealConnection:: maybeProtocol:http/1.1
06-11 10:34:27.929  9703 10943 D RealConnection:: protocol:http/1.1
06-11 10:34:27.932  9703 10940 D TapHttp.OkHttpClient:  OkHttpClient(Builder builder) end
06-11 10:34:27.935  9703 11243 D CloudConfig_stgyHelper: mspVersionCanSupport mspKitVersion : 2021620
06-11 10:34:27.935  9703 10940 D Identity: nonceAndCounter: 649893a98ff040d10000000000000000
06-11 10:34:27.935  6967  7972 I DeepThinker: EventFountainDispatcher: dispatchSpecificIntents 1
06-11 10:34:27.935  6967  7972 I DeepThinker: EventFountainDispatcher: dispatchSpecificIntents com.pantanal.action.APPS_LIST
06-11 10:34:27.937  9703 10940 I TapHttp.:  RetryAndFollowUpInterceptor isEventListenerStub:true
06-11 10:34:27.937  9703 10940 D TapHttp.:  StreamAllocation isEventListenerStub:true
06-11 10:34:27.937 12732 13406 I Quality-ScreenOnOffLogProcessor: withInScreenOnOffRange mIsScreenOn:true refTime:1781145267398 mRecentScreenOnTime:1781143521410 mRecentScreenOffTime:1781143324217
06-11 10:34:27.938  8454  8173 I ContextAware_AppCardProcessor: [subscription2x4-launcher]no card, release not send
06-11 10:34:27.938  8454  8173 I ContextAware_AdvertisementManager: [sidebar]getCommerceAppsByCardName size:1
06-11 10:34:27.938  8454  8173 I ContextAware_AppSidebarProcessor: [sidebar]process advApps: com.ss.android.ugc.aweme
06-11 10:34:27.938  8454  8173 I ContextAware_AppSidebarProcessor: [sidebar]SEND_APP_MESSAGE: resultApps=[AppInfo[pkg=com.ss.android.ugc.aweme, appType=3,iconSource=system, recallType=, deepLink=578,utrackClickUrl=2, utrackExposeUrl=2,icon=0, apiSource=9, typeCode=null, mode=0, advFinalScore=null,  routePage=0,title=null, subTitle=null, adSize=null,probability=0]], traceId: 3f9973f27a9848cebd2ccc582473405e-d31b57fa672a431b99778242cbdf7f27
06-11 10:34:27.939  8454 16472 D SceneSDK.1.0.4-SNAPSHOT.8454.DeepThinkerAppSwitchAbility: onAppSwitchEvent: AppSwitchEvent(timeStamp=1781145267937, eventType=1, targetName=com.earthengine.minimalglobe, firstStart=true, multiApp=false, windowMode=1, resumingPackageName=, resumingActivityName=, isResumingMultiApp=false, isResumingFirstStart=false)
06-11 10:34:27.939  8454 16472 I metis_v2_AppSwitchDataCollector: AppEnterEvent =  com.earthengine.minimalglobe, windowMode = 1,firstStart = true
06-11 10:34:27.939  8454 16472 W metis_v2_AppSwitchDataCollector: fenceKey = com.oplus.metis:TOP_APPLICATION, getExits = [], getEnters = [] packageName = com.earthengine.minimalglobe
06-11 10:34:27.942  8454 13651 D SceneSDK.1.0.4-SNAPSHOT.8454.DeepThinkerAppSwitchAbility: onAppSwitchEvent: AppSwitchEvent(timeStamp=1781145267937, eventType=1, targetName=com.earthengine.minimalglobe, firstStart=true, multiApp=false, windowMode=1, resumingPackageName=, resumingActivityName=, isResumingMultiApp=false, isResumingFirstStart=false)
06-11 10:34:27.942  8454 13651 I ContextAware_AppRecommendAdapter: receive app recommend from AppSwitchEvent(eventId=1, switchInfo=AppSwitchInfo(targetName=com.earthengine.minimalglobe, firstStart=true, multiApp=false, windowMode=1, resumingPackageName=, resumingActivityName=, isResumingFirstStart=false, isResumingMultiApp=false))
06-11 10:34:27.942 19629 19687 I DMP-PowerUtils: getHoraeTemperature:36
06-11 10:34:27.942 19629 19687 I DMP-Dispatcher: create work Work{mWorkName=onReceiveWork, mWorkTerm=long, mReportId=false, mCreate=Create{mIndexStatus=null, mQueryTime=0, mInterval=0, mDeletedDocs=null, mNeedRebuildFlag=0, mIndexCheckFlag=false, mDrop=null, mHighTemperature=50, mMinPower=null, mScreen=null, mDeletedConditions=null}, mEntry=null, mMoreBatch=null, mChained=true, mInitialDelay=10, mWorkOneTimeLimit=0}, method = onReceive, create = 0
06-11 10:34:27.942 19629 19687 I DMP-Create: canCreate canCreate resource : localApp method : onReceive workName: completeKeywordIndexWork
06-11 10:34:27.942 19629 19687 I DMP-Create: localApp isPersonaResourceOpen : false
06-11 10:34:27.942 19629 19687 I DMP-Create: IndexStatus CHECK: null
06-11 10:34:27.943  9703 11243 D CloudConfig_stgyHelper: getSupportKitMode strategyEntity : StrategyEntity(sdkInterval=1800000, strategyMode=1, minSDKVersion=1000, minKitVersion=2014122, validReqPeriod=7200000, maxReqProduct=100, forceKitIfKit=false, backoff=120000, enable=true, defaultLimit=RateLimitConfig{maxCalls=1, timeWindowSeconds=7200, callIntervalSeconds=0}, productLimits={56589=RateLimitConfig{maxCalls=1, timeWindowSeconds=7200, callIntervalSeconds=0}, 50351=RateLimitConfig{maxCalls=1, timeWindowSeconds=7200, callIntervalSeconds=0}, safe-jsApi_2003=RateLimitConfig{maxCalls=1, timeWindowSeconds=7200, callIntervalSeconds=0}, compass_20214=RateLimitConfig{maxCalls=1, timeWindowSeconds=7200, callIntervalSeconds=0}, compass_20100=RateLimitConfig{maxCalls=1, timeWindowSeconds=7200, callIntervalSeconds=0}, 54883=RateLimitConfig{maxCalls=1, timeWindowSeconds=7200, callIntervalSeconds=0}, global-domain_1281=RateLimitConfig{maxCalls=1, timeWindowSeconds=7200, callIntervalSeconds=0}, compass_131500=RateLimitConfig{maxCalls=1, timeWindowSeconds=7200, callIntervalSeconds=0}, compass_134200=RateLimitConfig{maxCalls=1, timeWindowSeconds=7200, callIntervalSeconds=0}})
06-11 10:34:27.943  9703 11243 D CloudConfig_stgyHelper: getSupportKitMode localSdkVersion : 1224
06-11 10:34:27.943  9206  9229 I aidu.input_oppo: gc_priority_optimize fd is empty
06-11 10:34:27.943  9206  9229 I aidu.input_oppo: open sharedFd failed with Permission denied
06-11 10:34:27.943  9206  9229 I aidu.input_oppo: gc_priority_optimize set UX fail-1
06-11 10:34:27.950  5227  6060 W condition_entry: downloadCheck downloadInfoMap:{}
06-11 10:34:27.950  5227  6060 W condition_entry: downloadCheck map is empty,no need down check
06-11 10:34:27.951  5227 29245 W ONET_NetMonitor: RecvResp seq: 11749 retry: 0 code: 1 httpCode: 200 contentLength: 479 costtime: 74 msg: null
06-11 10:34:27.953  5227 29245 W market_check_upgrade: type: 3 ,request: cost: 111
06-11 10:34:27.953  5227 29245 W market_check_upgrade: type: 3 , response: size: 0
06-11 10:34:27.955  9703 11397 D CloudConfig_stgyHelper: mspVersionCanSupport mspKitVersion : 2021620
06-11 10:34:27.955  5227 29245 W market_check_upgrade: type: 3 ,saveUpgradeInfo: 0 ,insert: 0 ,update: 0 ,filter: 0 ,invalid: 0 ,delList: 0 ,patchType: {} ,cost: 1
06-11 10:34:27.955  5227 29245 W market_check_upgrade: type: 3 ,checkUpgrade: cost: 207
06-11 10:34:27.955  9703 11397 D CloudConfig_stgyHelper: getSupportKitMode strategyEntity : StrategyEntity(sdkInterval=1800000, strategyMode=1, minSDKVersion=1000, minKitVersion=2014122, validReqPeriod=7200000, maxReqProduct=100, forceKitIfKit=false, backoff=120000, enable=true, defaultLimit=RateLimitConfig{maxCalls=1, timeWindowSeconds=7200, callIntervalSeconds=0}, productLimits={56589=RateLimitConfig{maxCalls=1, timeWindowSeconds=7200, callIntervalSeconds=0}, 50351=RateLimitConfig{maxCalls=1, timeWindowSeconds=7200, callIntervalSeconds=0}, safe-jsApi_2003=RateLimitConfig{maxCalls=1, timeWindowSeconds=7200, callIntervalSeconds=0}, compass_20214=RateLimitConfig{maxCalls=1, timeWindowSeconds=7200, callIntervalSeconds=0}, compass_20100=RateLimitConfig{maxCalls=1, timeWindowSeconds=7200, callIntervalSeconds=0}, 54883=RateLimitConfig{maxCalls=1, timeWindowSeconds=7200, callIntervalSeconds=0}, global-domain_1281=RateLimitConfig{maxCalls=1, timeWindowSeconds=7200, callIntervalSeconds=0}, compass_131500=RateLimitConfig{maxCalls=1, timeWindowSeconds=7200, callIntervalSeconds=0}, compass_134200=RateLimitConfig{maxCalls=1, timeWindowSeconds=7200, callIntervalSeconds=0}})
06-11 10:34:27.955  9703 11397 D CloudConfig_stgyHelper: getSupportKitMode localSdkVersion : 1224
06-11 10:34:27.956 11083 11791 D CloudConfig_stgyHelper: getSupportKitMode strategyEntity : StrategyEntity(sdkInterval=1800000, strategyMode=1, minSDKVersion=1000, minKitVersion=2014122, validReqPeriod=7200000, maxReqProduct=100, forceKitIfKit=false, backoff=120000, enable=true, defaultLimit=RateLimitConfig{maxCalls=1, timeWindowSeconds=7200, callIntervalSeconds=0}, productLimits={global-domain_1281=RateLimitConfig{maxCalls=1, timeWindowSeconds=7200, callIntervalSeconds=0}, 50351=RateLimitConfig{maxCalls=1, timeWindowSeconds=7200, callIntervalSeconds=0}, compass_20092=RateLimitConfig{maxCalls=1, timeWindowSeconds=7200, callIntervalSeconds=0}, global-domain_1961=RateLimitConfig{maxCalls=1, timeWindowSeconds=7200, callIntervalSeconds=0}, compass_2=RateLimitConfig{maxCalls=1, timeWindowSeconds=7200, callIntervalSeconds=0}, mdp_2047=RateLimitConfig{maxCalls=1, timeWindowSeconds=7200, callIntervalSeconds=0}, mdp_2296=RateLimitConfig{maxCalls=1, timeWindowSeconds=7200, callIntervalSeconds=0}, compass_143100=RateLimitConfig{maxCalls=1, timeWindowSeconds=7200, callIntervalSeconds=0}})
06-11 10:34:27.956 11083 11791 D CloudConfig_stgyHelper: getSupportKitMode localSdkVersion : 1227
06-11 10:34:27.957  9703 11397 D CloudConfig_stgyHelper: mspVersionCanSupport mspKitVersion : 2021620
06-11 10:34:27.958  9703 11397 D CloudConfig_stgyHelper: getSupportKitMode strategyEntity : StrategyEntity(sdkInterval=1800000, strategyMode=1, minSDKVersion=1000, minKitVersion=2014122, validReqPeriod=7200000, maxReqProduct=100, forceKitIfKit=false, backoff=120000, enable=true, defaultLimit=RateLimitConfig{maxCalls=1, timeWindowSeconds=7200, callIntervalSeconds=0}, productLimits={56589=RateLimitConfig{maxCalls=1, timeWindowSeconds=7200, callIntervalSeconds=0}, 50351=RateLimitConfig{maxCalls=1, timeWindowSeconds=7200, callIntervalSeconds=0}, safe-jsApi_2003=RateLimitConfig{maxCalls=1, timeWindowSeconds=7200, callIntervalSeconds=0}, compass_20214=RateLimitConfig{maxCalls=1, timeWindowSeconds=7200, callIntervalSeconds=0}, compass_20100=RateLimitConfig{maxCalls=1, timeWindowSeconds=7200, callIntervalSeconds=0}, 54883=RateLimitConfig{maxCalls=1, timeWindowSeconds=7200, callIntervalSeconds=0}, global-domain_1281=RateLimitConfig{maxCalls=1, timeWindowSeconds=7200, callIntervalSeconds=0}, compass_131500=RateLimitConfig{maxCalls=1, timeWindowSeconds=7200, callIntervalSeconds=0}, compass_134200=RateLimitConfig{maxCalls=1, timeWindowSeconds=7200, callIntervalSeconds=0}})
06-11 10:34:27.958  9703 11397 D CloudConfig_stgyHelper: getSupportKitMode localSdkVersion : 1224
06-11 10:34:27.958  9703 27353 I MSP-LOG-SDK-MspSdk: Sdk has initialized! version:2.0.1.14
06-11 10:34:27.959  9703 27353 E MSP-LOG-SDK-RateLimitManager: not_allow_invoke because of time_window_not_allow queue = [1781143250911], config = RateLimitConfig{maxCalls=1, timeWindowSeconds=7200, callIntervalSeconds=0}, ipcInvokeTimeQueueMapKey = com.heytap.nearx.tangramconfig.kit.client.ICloudCtrlServiceModule?@?56589?@?2?@?com.heytap.quicksearchbox, has already call 1 times in 7200 seconds before
06-11 10:34:27.959  9703 27352 I MSP-LOG-SDK-MspSdk: Sdk has initialized! version:2.0.1.14
06-11 10:34:27.960  9703 27352 E MSP-LOG-SDK-RateLimitManager: not_allow_invoke because of time_window_not_allow queue = [1781143250916], config = RateLimitConfig{maxCalls=1, timeWindowSeconds=21600, callIntervalSeconds=0}, ipcInvokeTimeQueueMapKey = com.heytap.nearx.tangramconfig.kit.client.ICloudCtrlServiceModule?@?56589?@?1?@?com.heytap.quicksearchbox, has already call 1 times in 21600 seconds before
06-11 10:34:27.960  9703 27352 E MSP-LOG-SDK-: MspSdkException{code=3014,message=com.heytap.mspsdk.ratelimit.MspRateLimitExceededException: ipc rate limit exceeded in time window}
06-11 10:34:27.960  9703 27352 E MSP-LOG-SDK-: 	at com.heytap.mspsdk.ratelimit.b.a(RateLimitInterceptor.java:54)
06-11 10:34:27.960  9703 27352 E MSP-LOG-SDK-: 	at com.heytap.mspsdk.interceptor.b.b(StandardListChain.java:32)
06-11 10:34:27.960  9703 27352 E MSP-LOG-SDK-: 	at com.heytap.mspsdk.proxy.b.a(CompatCheckInterceptor.java:182)
06-11 10:34:27.960  9703 27352 E MSP-LOG-SDK-: 	at com.heytap.mspsdk.interceptor.b.b(StandardListChain.java:32)
06-11 10:34:27.960  9703 27352 E MSP-LOG-SDK-: 	at com.heytap.mspsdk.proxy.e.invoke(InnerInvocationHandler.java:261)
06-11 10:34:27.960  9703 27352 E MSP-LOG-SDK-: 	at java.lang.reflect.Proxy.invoke(Proxy.java:1006)
06-11 10:34:27.960  9703 27352 E MSP-LOG-SDK-: 	at $Proxy31.getDynamicCondition(Unknown Source)
06-11 10:34:27.960  9703 27352 E MSP-LOG-SDK-: 	at com.heytap.nearx.tangramconfig.kit.client.KitProxy.getDynamicCondition$lambda$0(KitProxy.kt:25)
06-11 10:34:27.960  9703 27352 E MSP-LOG-SDK-: 	at com.heytap.nearx.tangramconfig.kit.client.KitProxy.b(KitProxy.kt:1)
06-11 10:34:27.960  9703 27352 E MSP-LOG-SDK-: 	at com.heytap.nearx.tangramconfig.kit.client.b.run(R8$$SyntheticClass:28)
06-11 10:34:27.960  9703 27352 E MSP-LOG-SDK-: 	at java.util.concurrent.ThreadPoolExecutor.runWorker(ThreadPoolExecutor.java:1156)
06-11 10:34:27.960  9703 27352 E MSP-LOG-SDK-: 	at java.util.concurrent.ThreadPoolExecutor$Worker.run(ThreadPoolExecutor.java:651)
06-11 10:34:27.960  9703 27352 E MSP-LOG-SDK-: 	at java.lang.Thread.run(Thread.java:1119)
06-11 10:34:27.961  9703 27360 I MSP-LOG-SDK-MspSdk: Sdk has initialized! version:2.0.1.14
06-11 10:34:27.961 19629 19687 I DMP-SAUWorkConfigManager: sau work config not found
06-11 10:34:27.961  9703 27352 I MSP-LOG-SDK-MspSdk: Sdk has initialized! version:2.0.1.14
06-11 10:34:27.962  9703 27360 E MSP-LOG-SDK-RateLimitManager: not_allow_invoke because of time_window_not_allow queue = [1781143250917], config = RateLimitConfig{maxCalls=1, timeWindowSeconds=7200, callIntervalSeconds=0}, ipcInvokeTimeQueueMapKey = com.heytap.nearx.tangramconfig.kit.client.ICloudCtrlServiceModule?@?56589?@?4?@?com.heytap.quicksearchbox, has already call 1 times in 7200 seconds before
06-11 10:34:27.962  9703 27360 E MSP-LOG-SDK-: MspSdkException{code=3014,message=com.heytap.mspsdk.ratelimit.MspRateLimitExceededException: ipc rate limit exceeded in time window}
06-11 10:34:27.962  9703 27360 E MSP-LOG-SDK-: 	at com.heytap.mspsdk.ratelimit.b.a(RateLimitInterceptor.java:54)
06-11 10:34:27.962  9703 27360 E MSP-LOG-SDK-: 	at com.heytap.mspsdk.interceptor.b.b(StandardListChain.java:32)
06-11 10:34:27.962  9703 27360 E MSP-LOG-SDK-: 	at com.heytap.mspsdk.proxy.b.a(CompatCheckInterceptor.java:182)
06-11 10:34:27.962  9703 27360 E MSP-LOG-SDK-: 	at com.heytap.mspsdk.interceptor.b.b(StandardListChain.java:32)
06-11 10:34:27.962  9703 27360 E MSP-LOG-SDK-: 	at com.heytap.mspsdk.proxy.e.invoke(InnerInvocationHandler.java:261)
06-11 10:34:27.962  9703 27360 E MSP-LOG-SDK-: 	at java.lang.reflect.Proxy.invoke(Proxy.java:1006)
06-11 10:34:27.962  9703 27360 E MSP-LOG-SDK-: 	at $Proxy31.checkUpdateConfig(Unknown Source)
06-11 10:34:27.962  9703 27360 E MSP-LOG-SDK-: 	at com.heytap.nearx.tangramconfig.kit.client.KitProxy.checkUpdateConfig$lambda$3(KitProxy.kt:20)
06-11 10:34:27.962  9703 27360 E MSP-LOG-SDK-: 	at com.heytap.nearx.tangramconfig.kit.client.KitProxy.d(KitProxy.kt:1)
06-11 10:34:27.962  9703 27360 E MSP-LOG-SDK-: 	at com.heytap.nearx.tangramconfig.kit.client.e.run(R8$$SyntheticClass:30)
06-11 10:34:27.962  9703 27360 E MSP-LOG-SDK-: 	at java.util.concurrent.ThreadPoolExecutor.runWorker(ThreadPoolExecutor.java:1156)
06-11 10:34:27.962  9703 27360 E MSP-LOG-SDK-: 	at java.util.concurrent.ThreadPoolExecutor$Worker.run(ThreadPoolExecutor.java:651)
06-11 10:34:27.962  9703 27360 E MSP-LOG-SDK-: 	at java.lang.Thread.run(Thread.java:1119)
06-11 10:34:27.962  9703 27352 E MSP-LOG-SDK-RateLimitManager: not_allow_invoke because of time_window_not_allow queue = [1781143250916], config = RateLimitConfig{maxCalls=1, timeWindowSeconds=21600, callIntervalSeconds=0}, ipcInvokeTimeQueueMapKey = com.heytap.nearx.tangramconfig.kit.client.ICloudCtrlServiceModule?@?56589?@?1?@?com.heytap.quicksearchbox, has already call 1 times in 21600 seconds before
06-11 10:34:27.962  9703 27352 E MSP-LOG-SDK-: MspSdkException{code=3014,message=com.heytap.mspsdk.ratelimit.MspRateLimitExceededException: ipc rate limit exceeded in time window}
06-11 10:34:27.962  9703 27352 E MSP-LOG-SDK-: 	at com.heytap.mspsdk.ratelimit.b.a(RateLimitInterceptor.java:54)
06-11 10:34:27.962  9703 27352 E MSP-LOG-SDK-: 	at com.heytap.mspsdk.interceptor.b.b(StandardListChain.java:32)
06-11 10:34:27.962  9703 27352 E MSP-LOG-SDK-: 	at com.heytap.mspsdk.proxy.b.a(CompatCheckInterceptor.java:182)
06-11 10:34:27.962  9703 27352 E MSP-LOG-SDK-: 	at com.heytap.mspsdk.interceptor.b.b(StandardListChain.java:32)
06-11 10:34:27.962  9703 27352 E MSP-LOG-SDK-: 	at com.heytap.mspsdk.proxy.e.invoke(InnerInvocationHandler.java:261)
06-11 10:34:27.962  9703 27352 E MSP-LOG-SDK-: 	at java.lang.reflect.Proxy.invoke(Proxy.java:1006)
06-11 10:34:27.962  9703 27352 E MSP-LOG-SDK-: 	at $Proxy31.getDynamicCondition(Unknown Source)
06-11 10:34:27.962  9703 27352 E MSP-LOG-SDK-: 	at com.heytap.nearx.tangramconfig.kit.client.KitProxy.getDynamicCondition$lambda$0(KitProxy.kt:25)
06-11 10:34:27.962  9703 27352 E MSP-LOG-SDK-: 	at com.heytap.nearx.tangramconfig.kit.client.KitProxy.b(KitProxy.kt:1)
06-11 10:34:27.962  9703 27352 E MSP-LOG-SDK-: 	at com.heytap.nearx.tangramconfig.kit.client.b.run(R8$$SyntheticClass:28)
06-11 10:34:27.962  9703 27352 E MSP-LOG-SDK-: 	at java.util.concurrent.ThreadPoolExecutor.runWorker(ThreadPoolExecutor.java:1156)
06-11 10:34:27.962  9703 27352 E MSP-LOG-SDK-: 	at java.util.concurrent.ThreadPoolExecutor$Worker.run(ThreadPoolExecutor.java:651)
06-11 10:34:27.962  9703 27352 E MSP-LOG-SDK-: 	at java.lang.Thread.run(Thread.java:1119)
06-11 10:34:27.966  9703 27353 E MSP-LOG-SDK-: MspSdkException{code=3014,message=com.heytap.mspsdk.ratelimit.MspRateLimitExceededException: ipc rate limit exceeded in time window}
06-11 10:34:27.966  9703 27353 E MSP-LOG-SDK-: 	at com.heytap.mspsdk.ratelimit.b.a(RateLimitInterceptor.java:54)
06-11 10:34:27.966  9703 27353 E MSP-LOG-SDK-: 	at com.heytap.mspsdk.interceptor.b.b(StandardListChain.java:32)
06-11 10:34:27.966  9703 27353 E MSP-LOG-SDK-: 	at com.heytap.mspsdk.proxy.b.a(CompatCheckInterceptor.java:182)
06-11 10:34:27.966  9703 27353 E MSP-LOG-SDK-: 	at com.heytap.mspsdk.interceptor.b.b(StandardListChain.java:32)
06-11 10:34:27.966  9703 27353 E MSP-LOG-SDK-: 	at com.heytap.mspsdk.proxy.e.invoke(InnerInvocationHandler.java:261)
06-11 10:34:27.966  9703 27353 E MSP-LOG-SDK-: 	at java.lang.reflect.Proxy.invoke(Proxy.java:1006)
06-11 10:34:27.966  9703 27353 E MSP-LOG-SDK-: 	at $Proxy31.getConfigData(Unknown Source)
06-11 10:34:27.966  9703 27353 E MSP-LOG-SDK-: 	at com.heytap.nearx.tangramconfig.kit.client.KitProxy.getConfigData$lambda$1(KitProxy.kt:29)
06-11 10:34:27.966  9703 27353 E MSP-LOG-SDK-: 	at com.heytap.nearx.tangramconfig.kit.client.KitProxy.c(KitProxy.kt:1)
06-11 10:34:27.966  9703 27353 E MSP-LOG-SDK-: 	at com.heytap.nearx.tangramconfig.kit.client.c.run(R8$$SyntheticClass:42)
06-11 10:34:27.966  9703 27353 E MSP-LOG-SDK-: 	at java.util.concurrent.ThreadPoolExecutor.runWorker(ThreadPoolExecutor.java:1156)
06-11 10:34:27.966  9703 27353 E MSP-LOG-SDK-: 	at java.util.concurrent.ThreadPoolExecutor$Worker.run(ThreadPoolExecutor.java:651)
06-11 10:34:27.966  9703 27353 E MSP-LOG-SDK-: 	at java.lang.Thread.run(Thread.java:1119)
06-11 10:34:27.973 19629 19687 I DMP-PowerUtils: getHoraeTemperature:36
06-11 10:34:27.974 19629 19687 I DMP-Dispatcher: create work Work{mWorkName=completeKeywordIndexWork, mWorkTerm=long, mReportId=false, mCreate=Create{mIndexStatus=null, mQueryTime=0, mInterval=0, mDeletedDocs=null, mNeedRebuildFlag=0, mIndexCheckFlag=false, mDrop=Drop{mCount=4, mInterval=10000, mDelay=60000}, mHighTemperature=38, mMinPower=null, mScreen=null, mDeletedConditions=null}, mEntry=null, mMoreBatch=MoreBatch{mPowerConsumed=2, mHighTemperatureValue=0, mLowTemperatureValue=0, mPower=[full|charging], mScreen=null, mTemperatureConsumed=0}, mChained=true, mInitialDelay=10, mWorkOneTimeLimit=0}, method = onReceive, create = 0
06-11 10:34:27.974 19629 19687 I DMP-Dispatcher: addChainedWork, method[onReceive], resource[localApp], extras[Bundle[{action=android.intent.action.PACKAGE_REPLACED, package=com.earthengine.minimalglobe}]]
06-11 10:34:27.975  4639  8514 D NetworkService[1]: getIfIndexByNetid netId:194,ifName:wlan0,ifIndex:30
06-11 10:34:27.977 19629 19687 I DMP-PowerUtils: isLowPower, battery:100, low power threshold:20
06-11 10:34:27.977 19629 19687 I DMP-AbstractWorkManager: createOneTimeWorkRequest for localApp, method: onReceive, workName: onReceiveWork done, workRequestId:e118f6da-e875-4d19-8206-3860f99dc31c, expedited:false
06-11 10:34:27.977 19629 19687 I DMP-AbstractWorkManager: createOneTimeWorkRequest for localApp, method: onReceive, workName: completeKeywordIndexWork done, workRequestId:7780f147-2302-457f-97a3-33cf31e3bc7d, expedited:false
06-11 10:34:27.978 19629 19687 I DMP-PermissionUtil: isPermissionGranted, resource: standard_data#unified_service_invocation, basic: false
06-11 10:34:27.978 19629 19687 I DMP-PermissionUtil: unsupported resource or no permission required for resource: standard_data#unified_service_invocation
06-11 10:34:27.978 19629 19687 I DMP-Create: canCreate canCreate resource : standard_data#unified_service_invocation method : onReceive workName: onReceiveWork
06-11 10:34:27.978 19629 19687 I DMP-Create: standard_data#unified_service_invocation isPersonaResourceOpen : false
06-11 10:34:27.978 19629 19687 I DMP-Create: IndexStatus CHECK: null
06-11 10:34:27.978 19629 19687 I DMP-SAUWorkConfigManager: sau work config not found
06-11 10:34:27.978 19629 19687 I DMP-PowerUtils: getHoraeTemperature:36
06-11 10:34:27.978 19629 19687 I DMP-Dispatcher: create work Work{mWorkName=onReceiveWork, mWorkTerm=long, mReportId=false, mCreate=Create{mIndexStatus=null, mQueryTime=0, mInterval=0, mDeletedDocs=null, mNeedRebuildFlag=0, mIndexCheckFlag=false, mDrop=null, mHighTemperature=50, mMinPower=null, mScreen=null, mDeletedConditions=null}, mEntry=null, mMoreBatch=null, mChained=true, mInitialDelay=10, mWorkOneTimeLimit=0}, method = onReceive, create = 0
06-11 10:34:27.979 19629 19687 I DMP-Create: canCreate canCreate resource : standard_data#unified_service_invocation method : onReceive workName: completeKeywordIndexWork
06-11 10:34:27.979 19629 19687 I DMP-Create: standard_data#unified_service_invocation isPersonaResourceOpen : false
06-11 10:34:27.979 19629 19687 I DMP-Create: IndexStatus CHECK: null
06-11 10:34:27.980 19629 19687 I DMP-SAUWorkConfigManager: sau work config not found
06-11 10:34:27.985 19629 19687 I DMP-PowerUtils: getHoraeTemperature:36
06-11 10:34:27.985 19629 19687 I DMP-Dispatcher: create work Work{mWorkName=completeKeywordIndexWork, mWorkTerm=long, mReportId=false, mCreate=Create{mIndexStatus=null, mQueryTime=0, mInterval=0, mDeletedDocs=null, mNeedRebuildFlag=0, mIndexCheckFlag=false, mDrop=Drop{mCount=4, mInterval=10000, mDelay=60000}, mHighTemperature=38, mMinPower=null, mScreen=null, mDeletedConditions=null}, mEntry=null, mMoreBatch=MoreBatch{mPowerConsumed=2, mHighTemperatureValue=0, mLowTemperatureValue=0, mPower=[full|charging], mScreen=null, mTemperatureConsumed=0}, mChained=true, mInitialDelay=10, mWorkOneTimeLimit=0}, method = onReceive, create = 0
06-11 10:34:27.986 19629 19687 I DMP-Dispatcher: addChainedWork, method[onReceive], resource[standard_data#unified_service_invocation], extras[Bundle[{action=android.intent.action.PACKAGE_REPLACED, package=com.earthengine.minimalglobe}]]
06-11 10:34:27.994 28382 32312 D CosaServiceImpl: getABProjectName enter
06-11 10:34:27.994  9206  9229 I aidu.input_oppo: gc_priority_optimize fd is empty
06-11 10:34:27.994  9206  9229 I aidu.input_oppo: open sharedFd failed with Permission denied
06-11 10:34:27.994  9206  9229 I aidu.input_oppo: gc_priority_optimize set UX fail-1
06-11 10:34:27.995 28382 32312 D CosaServiceImpl: getABProjectName 
06-11 10:34:27.999 19629 19687 I DMP-PowerUtils: isLowPower, battery:100, low power threshold:20
06-11 10:34:27.999 19629 19687 I DMP-AbstractWorkManager: createOneTimeWorkRequest for standard_data#unified_service_invocation, method: onReceive, workName: onReceiveWork done, workRequestId:b396bfa0-99de-4304-b67b-286adc364ab0, expedited:false
06-11 10:34:27.999 19629 19687 I DMP-AbstractWorkManager: createOneTimeWorkRequest for standard_data#unified_service_invocation, method: onReceive, workName: completeKeywordIndexWork done, workRequestId:5fc05ece-f205-4552-be8e-9b9555291d41, expedited:false
06-11 10:34:28.000 19629 19687 I DMP-BusinessHandler: not file manager apk
06-11 10:34:28.003  9206  9229 I aidu.input_oppo: gc_priority_optimize fd is empty
06-11 10:34:28.003  9206  9229 I aidu.input_oppo: open sharedFd failed with Permission denied
06-11 10:34:28.003  9206  9229 I aidu.input_oppo: gc_priority_optimize set UX fail-1
06-11 10:34:28.009 11083 11791 D CloudConfig_stgyHelper: mspVersionCanSupport mspKitVersion : 2021620
06-11 10:34:28.010 29795 29857 I JniHttpHelper: httpGet OK: https://webst01.is.autonavi.com/appmaptile?style=6&x=0&y=0&z=0 -> 4235 bytes
06-11 10:34:28.011  9206  9229 I aidu.input_oppo: gc_priority_optimize fd is empty
06-11 10:34:28.011  9206  9229 I aidu.input_oppo: open sharedFd failed with Permission denied
06-11 10:34:28.011  9206  9229 I aidu.input_oppo: gc_priority_optimize set UX fail-1
06-11 10:34:28.013  9206  9229 I aidu.input_oppo: gc_priority_optimize fd is empty
06-11 10:34:28.013  9206  9229 I aidu.input_oppo: open sharedFd failed with Permission denied
06-11 10:34:28.013  9206  9229 I aidu.input_oppo: gc_priority_optimize set UX fail-1
06-11 10:34:28.017  1667 15952 I sensors-hal: handle_oplus_wise_rgb_event:230, wise_rgb:algo_type = 3
06-11 10:34:28.017  1667 15952 I sensors-hal: handle_oplus_wise_rgb_event:285, wise_rgb: raw_lux 516.624878, raw_cct 6257.351562, r/g/b/c: 40373.867188/35791.320312/19805.921875/89989.156250, R/G/B: 0.000000/0.000000/0.000000, brl 1529.000000, lux: 516.624878, cct: 6257.351562, ts 242665335054270, cnt 3985
06-11 10:34:28.022  6963  8762 D OplusAtlas.OplusAudioScene: callback success event:atlas_event_on_foreground_activities_changed eventInfo:pid:4650,uid:10196,hasForegroundActivities:0
06-11 10:34:28.024 29795 29857 I AndroidBridge: Decoded image 256x256 from 4235 bytes
06-11 10:34:28.025 29795 29795 I BasemapLayer: Tile uploaded: 0/0/0 256x256
06-11 10:34:28.028 29795 29883 I AndroidBridge: androidHttpGet: env=0xb400007a0626e320 gJniHttpHelperClass=0x30e6 gHttpGetMethod=0x1 url=https://webst04.is.autonavi.com/appmaptile?style=6&x=1629&y=846&z=11
06-11 10:34:28.028 29795 29883 I JniHttpHelper: httpGet called: https://webst04.is.autonavi.com/appmaptile?style=6&x=1629&y=846&z=11
06-11 10:34:28.028 29795 29880 I AndroidBridge: androidHttpGet: env=0xb400007a0626e6a0 gJniHttpHelperClass=0x30e6 gHttpGetMethod=0x1 url=https://webst01.is.autonavi.com/appmaptile?style=6&x=1&y=3&z=3
06-11 10:34:28.029 29795 29880 I JniHttpHelper: httpGet called: https://webst01.is.autonavi.com/appmaptile?style=6&x=1&y=3&z=3
06-11 10:34:28.029 29795 29795 I BasemapLayer: getOrCreate: z=2 useTerr=0 cacheTerr=0
06-11 10:34:28.029 29795 29885 I AndroidBridge: androidHttpGet: env=0xb400007a7da14400 gJniHttpHelperClass=0x30e6 gHttpGetMethod=0x1 url=https://webst01.is.autonavi.com/appmaptile?style=6&x=1630&y=846&z=11
06-11 10:34:28.029 29795 29885 I JniHttpHelper: httpGet called: https://webst01.is.autonavi.com/appmaptile?style=6&x=1630&y=846&z=11
06-11 10:34:28.029 29795 29795 I BasemapLayer: getOrCreate: z=2 useTerr=0 cacheTerr=0
06-11 10:34:28.030 29795 29795 I BasemapLayer: getOrCreate: z=1 useTerr=0 cacheTerr=0
06-11 10:34:28.033 29795 29881 I AndroidBridge: androidHttpGet: env=0xb400007a0626eb00 gJniHttpHelperClass=0x30e6 gHttpGetMethod=0x1 url=https://webst02.is.autonavi.com/appmaptile?style=6&x=2&y=3&z=3
06-11 10:34:28.033 29795 29881 I JniHttpHelper: httpGet called: https://webst02.is.autonavi.com/appmaptile?style=6&x=2&y=3&z=3
06-11 10:34:28.037 29795 29884 I AndroidBridge: androidHttpGet: env=0xb400007a7da0fb60 gJniHttpHelperClass=0x30e6 gHttpGetMethod=0x1 url=https://webst01.is.autonavi.com/appmaptile?style=6&x=1629&y=847&z=11
06-11 10:34:28.037 29795 29879 I AndroidBridge: androidHttpGet: env=0xb400007a6f9adaa0 gJniHttpHelperClass=0x30e6 gHttpGetMethod=0x1 url=https://webst04.is.autonavi.com/appmaptile?style=6&x=1&y=2&z=3
06-11 10:34:28.038 29795 29888 I AndroidBridge: androidHttpGet: env=0xb400007a0626f200 gJniHttpHelperClass=0x30e6 gHttpGetMethod=0x1 url=https://webst03.is.autonavi.com/appmaptile?style=6&x=1630&y=848&z=11
06-11 10:34:28.038 29795 29889 I AndroidBridge: androidHttpGet: env=0xb400007a7da14e80 gJniHttpHelperClass=0x30e6 gHttpGetMethod=0x1 url=https://webst02.is.autonavi.com/appmaptile?style=6&x=1&y=4&z=3
06-11 10:34:28.038 29795 29890 I AndroidBridge: androidHttpGet: env=0xb400007a0626f580 gJniHttpHelperClass=0x30e6 gHttpGetMethod=0x1 url=https://webst02.is.autonavi.com/appmaptile?style=6&x=0&y=5&z=3
06-11 10:34:28.042 29795 29886 I AndroidBridge: androidHttpGet: env=0xb400007a0626ee80 gJniHttpHelperClass=0x30e6 gHttpGetMethod=0x1 url=https://webst02.is.autonavi.com/appmaptile?style=6&x=1630&y=847&z=11
06-11 10:34:28.042 29795 29882 I AndroidBridge: androidHttpGet: env=0xb400007a7da14780 gJniHttpHelperClass=0x30e6 gHttpGetMethod=0x1 url=https://webst03.is.autonavi.com/appmaptile?style=6&x=3&y=3&z=3
06-11 10:34:28.042 29795 29887 I AndroidBridge: androidHttpGet: env=0xb400007a7da14b00 gJniHttpHelperClass=0x30e6 gHttpGetMethod=0x1 url=https://webst02.is.autonavi.com/appmaptile?style=6&x=1629&y=848&z=11
06-11 10:34:28.044  4323  6896 V OsAgent : broadcastSystemEvent - 7
06-11 10:34:28.044  4323  6896 V OsAgent : broadcastSystemEvent - 7
06-11 10:34:28.044  4323  6896 V OsAgent : broadcastSystemEvent - 7
06-11 10:34:28.044  4323  6896 V OsAgent : broadcastSystemEvent - 7
06-11 10:34:28.044  4323  6896 V OsAgent : broadcastSystemEvent - 7
06-11 10:34:28.044  4323  6896 V OsAgent : broadcastSystemEvent - 7
06-11 10:34:28.044  4323  6896 V OsAgent : broadcastSystemEvent - 7
06-11 10:34:28.044  4323  6896 V OsAgent : broadcastSystemEvent - 7
06-11 10:34:28.044  4323  6896 V OsAgent : broadcastSystemEvent - 7
06-11 10:34:28.055  9715 18949 I AstScreen.DaemonMemoryManager: query providerClient success auth:com.oplus.assistantscreen.window.WATCH_WINDOW_PROVIDER method:query_window_state arg:arg_window_foreground extras:null
06-11 10:34:28.056 25296 25311 I AstScreen.WatchWindowProvider: call() query_window_state , arg_window_foreground
06-11 10:34:28.060  8454 16472 W metis_v2_AppSwitchDataCollector: pid = 29795, cachePid=29276
06-11 10:34:28.063  8454 16472 I metis_v2_AppSwitchDataCollector:  set isNotifiedTVCast
06-11 10:34:28.064  9715 18949 I AstScreen.DaemonMemoryManager: isForeground : false
06-11 10:34:28.064  9715 18949 I AstScreen.DaemonMemoryManager: use cache systemMemoryInfo android.app.ActivityManager$MemoryInfo@6180ec
06-11 10:34:28.064  9715 18949 I AstScreen.FeatureOption: isFullSystem = true
06-11 10:34:28.064  9715 18949 I AstScreen.DaemonMemoryManager: flagSysMem?false,cur ava6641744,mainPcsInitPss234793
06-11 10:34:28.065  8852  9153 D SmartSidebar.MetisProviderObserver: (Sidebar_HandlerThread)onChange() selfChange = false
06-11 10:34:28.065  8852  9153 D SmartSidebar.MetisProviderObserver: (Sidebar_HandlerThread)MetisProviderObserver changed
06-11 10:34:28.065  8852  9153 D SmartSidebar.MetisDataManager: (Sidebar_HandlerThread)updateData: querying provider, dataType=2
06-11 10:34:28.068  3189  3253 D OplusWallpaperSurfaceAnimation: resetEnable curState: STARTED
06-11 10:34:28.068  9715 18949 I AstScreen.DaemonMemoryManager: use cache MainProcessPss : 355738
06-11 10:34:28.068  9715 18949 I AstScreen.DaemonMemoryManager: flagMainPcsMem? false, mainProcessCurrentPss355738
06-11 10:34:28.069 25296 25311 I AstScreen.LauncherOverlayBinder.Ht: onStop
06-11 10:34:28.069 25296 25296 I AstScreen.RxLauncherStateMonitor: setValue launcherState STOP value STOP
06-11 10:34:28.069 25296 25296 I AstScreen.AssistantScreen.EventProcessor: onStop
06-11 10:34:28.077  9703 10940 D RealConnection:: Platform.get().getSelectedProtocol(sslSocket):http/1.1
06-11 10:34:28.077  9703 10940 D RealConnection:: supportsTlsExtensions:true
06-11 10:34:28.077  9703 10940 D RealConnection:: maybeProtocol:http/1.1
06-11 10:34:28.077  9703 10940 D RealConnection:: protocol:http/1.1
06-11 10:34:28.081  5227 29734 I m.heytap.market: Explicit concurrent mark compact GC freed 4148KB AllocSpace bytes, 1(132KB) LOS objects, 28% free,10MB(M:8348KB,L:1968KB)/14MB, paused 2.306ms,5.492ms total 954.183ms
06-11 10:34:28.082  8852  9153 D SmartSidebar.MetisDataManager: (Sidebar_HandlerThread)updateData: traceId changed to 3f9973f27a9848cebd2ccc582473405e-d31b57fa672a431b99778242cbdf7f27, reported sets cleared
06-11 10:34:28.083  8852  9153 D SmartSidebar.MetisDataManager: (Sidebar_HandlerThread)updateData: success, appList.size=1, traceId=3f9973f27a9848cebd2ccc582473405e-d31b57fa672a431b99778242cbdf7f27
06-11 10:34:28.086  5227 29735 I m.heytap.market: WaitForGcToComplete blocked Explicit on Explicit for 956.928ms
06-11 10:34:28.086  5227 29759 I m.heytap.market: Waiting for a blocking GC Explicit
06-11 10:34:28.086  5227 29760 I m.heytap.market: Waiting for a blocking GC Explicit
06-11 10:34:28.086  5227  5259 I m.heytap.market: WaitForGcToComplete blocked Background on Explicit for 166.474ms
06-11 10:34:28.092 19629 19731 D WM-SystemJobScheduler: Scheduling work ID e118f6da-e875-4d19-8206-3860f99dc31cJob ID 4791
06-11 10:34:28.098 11083 11791 D CloudConfig_stgyHelper: getSupportKitMode strategyEntity : StrategyEntity(sdkInterval=1800000, strategyMode=1, minSDKVersion=1000, minKitVersion=2014122, validReqPeriod=7200000, maxReqProduct=100, forceKitIfKit=false, backoff=120000, enable=true, defaultLimit=RateLimitConfig{maxCalls=1, timeWindowSeconds=7200, callIntervalSeconds=0}, productLimits={global-domain_1281=RateLimitConfig{maxCalls=1, timeWindowSeconds=7200, callIntervalSeconds=0}, 50351=RateLimitConfig{maxCalls=1, timeWindowSeconds=7200, callIntervalSeconds=0}, compass_20092=RateLimitConfig{maxCalls=1, timeWindowSeconds=7200, callIntervalSeconds=0}, global-domain_1961=RateLimitConfig{maxCalls=1, timeWindowSeconds=7200, callIntervalSeconds=0}, compass_2=RateLimitConfig{maxCalls=1, timeWindowSeconds=7200, callIntervalSeconds=0}, mdp_2047=RateLimitConfig{maxCalls=1, timeWindowSeconds=7200, callIntervalSeconds=0}, mdp_2296=RateLimitConfig{maxCalls=1, timeWindowSeconds=7200, callIntervalSeconds=0}, compass_143100=RateLimitConfig{maxCalls=1, timeWindowSeconds=7200, callIntervalSeconds=0}})
06-11 10:34:28.098 11083 11791 D CloudConfig_stgyHelper: getSupportKitMode localSdkVersion : 1227
06-11 10:34:28.100  8454 16472 E metis_v2_FactManager: There is no subModel: com.oplus.linker
06-11 10:34:28.100  8454 16472 I metis_v2_AppSwitchDataCollector: Skip call fire
06-11 10:34:28.102  5227 29901 I m.heytap.market: Waiting for a blocking GC Explicit
06-11 10:34:28.103 29795 29885 I JniHttpHelper: httpGet OK: https://webst01.is.autonavi.com/appmaptile?style=6&x=1630&y=846&z=11 -> 36429 bytes
06-11 10:34:28.103 29795 29884 I JniHttpHelper: httpGet called: https://webst01.is.autonavi.com/appmaptile?style=6&x=1629&y=847&z=11
06-11 10:34:28.109 29795 29880 I JniHttpHelper: httpGet OK: https://webst01.is.autonavi.com/appmaptile?style=6&x=1&y=3&z=3 -> 5650 bytes
06-11 10:34:28.109 29795 29879 I JniHttpHelper: httpGet called: https://webst04.is.autonavi.com/appmaptile?style=6&x=1&y=2&z=3
06-11 10:34:28.110  5227 29902 I m.heytap.market: Waiting for a blocking GC Explicit
06-11 10:34:28.111 29795 29885 I AndroidBridge: Decoded image 256x256 from 36429 bytes
06-11 10:34:28.113  4639  8514 D NetworkService[1]: getIfIndexByNetid netId:194,ifName:wlan0,ifIndex:30
06-11 10:34:28.113  4639  8514 D NetworkService[1]: getIfIndexByNetid netId:194,ifName:wlan0,ifIndex:30
06-11 10:34:28.117 29795 29795 I BasemapLayer: Tile uploaded: 11/1630/846 256x256
06-11 10:34:28.121 29795 29911 I AndroidBridge: androidHttpGet: env=0xb400007a7da14400 gJniHttpHelperClass=0x30e6 gHttpGetMethod=0x1 url=https://webst03.is.autonavi.com/appmaptile?style=6&x=1&y=5&z=3
06-11 10:34:28.124 29795 29880 I AndroidBridge: Decoded image 256x256 from 5650 bytes
06-11 10:34:28.128 29795 29884 I JniHttpHelper: httpGet OK: https://webst01.is.autonavi.com/appmaptile?style=6&x=1629&y=847&z=11 -> 36178 bytes
06-11 10:34:28.133 29795 29795 I BasemapLayer: Tile uploaded: 3/1/3 256x256
06-11 10:34:28.134 29795 29884 I AndroidBridge: Decoded image 256x256 from 36178 bytes
06-11 10:34:28.134 29795 29888 I JniHttpHelper: httpGet called: https://webst03.is.autonavi.com/appmaptile?style=6&x=1630&y=848&z=11
06-11 10:34:28.136 29795 29914 I AndroidBridge: androidHttpGet: env=0xb400007a7da0fb60 gJniHttpHelperClass=0x30e6 gHttpGetMethod=0x1 url=https://webst03.is.autonavi.com/appmaptile?style=6&x=2&y=4&z=3
06-11 10:34:28.142 29795 29795 I BasemapLayer: Tile uploaded: 11/1629/847 256x256
06-11 10:34:28.142  6140  6279 I ThermalEngine: VIRTUAL-CPU-NSP, Update received trip sensor cpu-1-1 70000
06-11 10:34:28.142  6128  6185 I ostats_tpd: stats_write, records atomId:100100, event_id:860, cpu:3, values: 860-0-1-175-(cpu-1-1)-30-0-1
06-11 10:34:28.144 29795 29919 I AndroidBridge: androidHttpGet: env=0xb400007a0626fac0 gJniHttpHelperClass=0x30e6 gHttpGetMethod=0x1 url=https://webst04.is.autonavi.com/appmaptile?style=6&x=3&y=4&z=3
06-11 10:34:28.165 11083 11738 I MSP-LOG-SDK-MspSdk: Sdk has initialized! version:2.0.1.14
06-11 10:34:28.166 11083 11738 E MSP-LOG-SDK-RateLimitManager: not_allow_invoke because of time_window_not_allow queue = [1781143252335], config = RateLimitConfig{maxCalls=1, timeWindowSeconds=7200, callIntervalSeconds=0}, ipcInvokeTimeQueueMapKey = com.heytap.nearx.tangramconfig.kit.client.ICloudCtrlServiceModule?@?compass_20092?@?3?@?com.coloros.phonemanager, has already call 1 times in 7200 seconds before
06-11 10:34:28.167 11083 11738 E MSP-LOG-SDK-: MspSdkException{code=3014,message=com.heytap.mspsdk.ratelimit.MspRateLimitExceededException: ipc rate limit exceeded in time window}
06-11 10:34:28.167 11083 11738 E MSP-LOG-SDK-: 	at com.heytap.mspsdk.ratelimit.b.a(RateLimitInterceptor.java:56)
06-11 10:34:28.167 11083 11738 E MSP-LOG-SDK-: 	at com.heytap.mspsdk.interceptor.c.a(StandardListChain.java:40)
06-11 10:34:28.167 11083 11738 E MSP-LOG-SDK-: 	at com.heytap.mspsdk.proxy.b.a(CompatCheckInterceptor.java:30)
06-11 10:34:28.167 11083 11738 E MSP-LOG-SDK-: 	at com.heytap.mspsdk.interceptor.c.a(StandardListChain.java:40)
06-11 10:34:28.167 11083 11738 E MSP-LOG-SDK-: 	at com.heytap.mspsdk.proxy.e.invoke(InnerInvocationHandler.java:202)
06-11 10:34:28.167 11083 11738 E MSP-LOG-SDK-: 	at java.lang.reflect.Proxy.invoke(Proxy.java:1006)
06-11 10:34:28.167 11083 11738 E MSP-LOG-SDK-: 	at $Proxy12.gatewayUpdate(Unknown Source)
06-11 10:34:28.167 11083 11738 E MSP-LOG-SDK-: 	at com.heytap.nearx.tangramconfig.kit.client.KitProxy.gatewayUpdate$lambda$2(KitProxy.kt:20)
06-11 10:34:28.167 11083 11738 E MSP-LOG-SDK-: 	at com.heytap.nearx.tangramconfig.kit.client.KitProxy.a(KitProxy.kt:1)
06-11 10:34:28.167 11083 11738 E MSP-LOG-SDK-: 	at com.heytap.nearx.tangramconfig.kit.client.a.run(R8$$SyntheticClass:9)
06-11 10:34:28.167 11083 11738 E MSP-LOG-SDK-: 	at java.util.concurrent.ThreadPoolExecutor.runWorker(ThreadPoolExecutor.java:1156)
06-11 10:34:28.167 11083 11738 E MSP-LOG-SDK-: 	at java.util.concurrent.ThreadPoolExecutor$Worker.run(ThreadPoolExecutor.java:651)
06-11 10:34:28.167 11083 11738 E MSP-LOG-SDK-: 	at java.lang.Thread.run(Thread.java:1119)
06-11 10:34:28.167 11083 11791 D CloudConfig_stgyHelper: mspVersionCanSupport mspKitVersion : 2021620
06-11 10:34:28.167  1667 15952 I sensors-hal: handle_oplus_wise_rgb_event:230, wise_rgb:algo_type = 3
06-11 10:34:28.168  1667 15952 I sensors-hal: handle_oplus_wise_rgb_event:285, wise_rgb: raw_lux 516.552490, raw_cct 6317.561523, r/g/b/c: 40650.925781/35789.527344/20022.908203/90474.031250, R/G/B: 0.000000/0.000000/0.000000, brl 1529.000000, lux: 516.552490, cct: 6317.561523, ts 242665484904686, cnt 3986
06-11 10:34:28.170 29795 29883 I JniHttpHelper: httpGet OK: https://webst04.is.autonavi.com/appmaptile?style=6&x=1629&y=846&z=11 -> 36116 bytes
06-11 10:34:28.171 29795 29889 I JniHttpHelper: httpGet called: https://webst02.is.autonavi.com/appmaptile?style=6&x=1&y=4&z=3
06-11 10:34:28.171 11083 11791 D CloudConfig_stgyHelper: getSupportKitMode strategyEntity : StrategyEntity(sdkInterval=1800000, strategyMode=1, minSDKVersion=1000, minKitVersion=2014122, validReqPeriod=7200000, maxReqProduct=100, forceKitIfKit=false, backoff=120000, enable=true, defaultLimit=RateLimitConfig{maxCalls=1, timeWindowSeconds=7200, callIntervalSeconds=0}, productLimits={global-domain_1281=RateLimitConfig{maxCalls=1, timeWindowSeconds=7200, callIntervalSeconds=0}, 50351=RateLimitConfig{maxCalls=1, timeWindowSeconds=7200, callIntervalSeconds=0}, compass_20092=RateLimitConfig{maxCalls=1, timeWindowSeconds=7200, callIntervalSeconds=0}, global-domain_1961=RateLimitConfig{maxCalls=1, timeWindowSeconds=7200, callIntervalSeconds=0}, compass_2=RateLimitConfig{maxCalls=1, timeWindowSeconds=7200, callIntervalSeconds=0}, mdp_2047=RateLimitConfig{maxCalls=1, timeWindowSeconds=7200, callIntervalSeconds=0}, mdp_2296=RateLimitConfig{maxCalls=1, timeWindowSeconds=7200, callIntervalSeconds=0}, compass_143100=RateLimitConfig{maxCalls=1, timeWindowSeconds=7200, callIntervalSeconds=0}})
06-11 10:34:28.171 11083 11791 D CloudConfig_stgyHelper: getSupportKitMode localSdkVersion : 1227
06-11 10:34:28.177 29795 29883 I AndroidBridge: Decoded image 256x256 from 36116 bytes
06-11 10:34:28.178  6716  7357 I SG::UmsScanner: queryAccessPackages list.size 185,localApkSet = [com.android.incallui, com.oplus.linker, com.oplus.wirelesssettings, com.coloros.soundrecorder, com.heytap.mydevices, com.coloros.oshare, com.oplus.ipemanager, com.coloros.accessibilityassistant, com.oplus.screenrecorder, com.nearme.instant.platform, com.heytap.health, com.coloros.operationManual, com.coloros.sceneservice, com.coloros.weather2, com.oplus.secondaryhome, com.oplus.melody, com.oplus.dialer, com.coloros.alarmclock, com.oplus.padconnect, com.oneplus.soundrecorder, com.oneplus.deskclock, com.oplus.seedling.media, com.oplus.battery, com.oplus.gesture, com.redteamobile.roaming, com.oplus.safecenter, com.oplus.ocar, com.android.phone, com.oplus.mediacontroller, com.heytap.accessory, com.coloros.backuprestore, com.coloros.securepay, com.android.systemui, com.heytap.opluscarlink, com.coloros.floatassistant, com.finshell.wallet, com.oplus.pantanal.ums, com.oplus.seedlingdemomode, com.oplus.securitypermission, com.oplus.eyeprotect, com.coloros.gallery3d, com.oplus.remotecontrol, com.coloros.scenemode, com.coloros.codebook, com.oplus.exsystemservice, com.coloros.colordirectservice, com.oplus.matrix, com.oplus.smartmediacontroller, com.coloros.phonemanager, com.oplus.wallpapers, com.heytap.mcs, com.oplus.aimemory, com.oplus.camera, com.coloros.calendar, com.oplus.gleanerservice, com.heytap.speechassist, com.oplus.nas, com.oplus.aipaint, com.oplus.devicesettings, com.opos.ads, com.oplus.ebadge, com.coloros.translate, com.oplus.metis] [base|com.oplus.pantanal.ums|2.0.44-25e9612]
06-11 10:34:28.178  8454  8173 I ContextAware_AppCardProcessor: [subscription2x4-assistant]Apps on same screen, apps=[]
06-11 10:34:28.178  8454  8173 I ContextAware_AdvertisementManager: [subscription2x4-assistant]getCommerceAppsByCardName size:0
06-11 10:34:28.178  8454  8173 I ContextAware_AppCardProcessor: [subscription2x4-assistant]process fill ad apps: advApps: 
06-11 10:34:28.178  8454  8173 I ContextAware_AppFillAdsProcess: [subscription2x4-assistant]process fill ad apps: adv is null
06-11 10:34:28.179  8454  8173 I ContextAware_AppCardProcessor: [subscription2x4-assistant]SEND_APP_MESSAGE: commerceAlg=2, resultApps=[AppInfo[pkg=com.earthengine.minimalglobe, appType=0,iconSource=system, recallType=algorithm, deepLink=0,utrackClickUrl=0, utrackExposeUrl=0,icon=0, apiSource=null, typeCode=null, mode=0, advFinalScore=null,  routePage=0,title=null, subTitle=null, adSize=null,probability=0], AppInfo[pkg=space.xinzhi.hiko, appType=0,iconSource=system, recallType=algorithm, deepLink=0,utrackClickUrl=0, utrackExposeUrl=0,icon=0, apiSource=null, typeCode=null, mode=0, advFinalScore=null,  routePage=0,title=null, subTitle=null, adSize=null,probability=0], AppInfo[pkg=com.tencent.mm, appType=0,iconSource=system, recallType=algorithm, deepLink=0,utrackClickUrl=0, utrackExposeUrl=0,icon=0, apiSource=null, typeCode=null, mode=0, advFinalScore=null,  routePage=0,title=null, subTitle=null, adSize=null,probability=0], AppInfo[pkg=space.xinzhi.map, appType=0,iconSource=system, recallType=algorithm, deepLink=0,utrackClickUrl=0, utrackExposeUrl=0,icon=0, apiSource=null, typeCode=null, mode=0, advFinalScore=null,  routePage=0,title=null, subTitle=null, adSize=null,probability=0], AppInfo[pkg=com.ss.android.lark, appType=0,iconSource=system, recallType=algorithm, deepLink=0,utrackClickUrl=0, utrackExposeUrl=0,icon=0, apiSource=null, typeCode=null, mode=0, advFinalScore=null,  routePage=0,title=null, subTitle=null, adSize=null,probability=0], AppInfo[pkg=com.phoenix.read, appType=0,iconSource=system, recallType=algorithm, deepLink=0,utrackClickUrl=0, utrackExposeUrl=0,icon=0, apiSource=null, typeCode=null, mode=0, advFinalScore=null,  routePage=0,title=null, subTitle=null, adSize=null,probability=0], AppInfo[pkg=com.github.metacubex.clash.meta, appType=0,iconSource=system, recallType=algorithm, deepLink=0,utrackClickUrl=0, utrackExposeUrl=0,icon=0, apiSource=null, typeCode=null, mode=0, advFinalScore=null,  routePage=0,title=null, subTitle=null, adSize=null,probability=0], AppInfo[pkg=com.lolaage.tbulu.tools, appType=0,iconSource=system, recallType=algorithm, deepLink=0,utrackClickUrl=0, utrackExposeUrl=0,icon=0, apiSource=null, typeCode=null, mode=0, advFinalScore=null,  routePage=0,title=null, subTitle=null, adSize=null,probability=0], AppInfo[pkg=com.heytap.browser, appType=0,iconSource=system, recallType=algorithm, deepLink=0,utrackClickUrl=0, utrackExposeUrl=0,icon=0, apiSource=null, typeCode=null, mode=0, advFinalScore=null,  routePage=0,title=null, subTitle=null, adSize=null,probability=0], AppInfo[pkg=com.future.landscape, appType=0,iconSource=system, recallType=algorithm, deepLink=0,utrackClickUrl=0, utrackExposeUrl=0,icon=0, apiSource=null, typeCode=null, mode=0, advFinalScore=null,  routePage=0,title=null, subTitle=null, adSize=null,probability=0]], traceId: f48df78d2c8656e5f657596c8af8ac09-6e27ba4d91c94f9ca6b74ddd4a3b5099
06-11 10:34:28.182  4639  8514 D NetworkService[1]: getIfIndexByNetid netId:194,ifName:wlan0,ifIndex:30
06-11 10:34:28.183 29795 29795 I BasemapLayer: Tile uploaded: 11/1629/846 256x256
06-11 10:34:28.184  4639  8514 D NetworkService[1]: getIfIndexByNetid netId:194,ifName:wlan0,ifIndex:30
06-11 10:34:28.186 29795 29922 I AndroidBridge: androidHttpGet: env=0xb400007a0626e320 gJniHttpHelperClass=0x30e6 gHttpGetMethod=0x1 url=https://webst04.is.autonavi.com/appmaptile?style=6&x=2&y=5&z=3
06-11 10:34:28.190 29795 29881 I JniHttpHelper: httpGet OK: https://webst02.is.autonavi.com/appmaptile?style=6&x=2&y=3&z=3 -> 5336 bytes
06-11 10:34:28.190 29795 29890 I JniHttpHelper: httpGet called: https://webst02.is.autonavi.com/appmaptile?style=6&x=0&y=5&z=3
06-11 10:34:28.195 29795 29881 I AndroidBridge: Decoded image 256x256 from 5336 bytes
06-11 10:34:28.200 29795 29795 I BasemapLayer: Tile uploaded: 3/2/3 256x256
06-11 10:34:28.201 11083 11791 D CloudConfig_stgyHelper: mspVersionCanSupport mspKitVersion : 2021620
06-11 10:34:28.205  4329  4493 D HWUI    : RenderProxy::destroy: this=0xb400007ac1363000, mContext=0xb40000788840d000
06-11 10:34:28.205  4329  4630 D HWUI    : SkiaOpenGLPipeline::setSurface: this=0xb4000079480e5a40, surface=NULL
06-11 10:34:28.205 29795 29925 I AndroidBridge: androidHttpGet: env=0xb400007a0626eb00 gJniHttpHelperClass=0x30e6 gHttpGetMethod=0x1 url=https://webst01.is.autonavi.com/appmaptile?style=6&x=3&y=5&z=3
06-11 10:34:28.206  4329  4630 D BufferQueueProducer: [VRI[minimalglobe]#1334(BLAST Consumer)1334](id:10e900000537,api:1,p:4329,c:4329) disconnect: api 1
06-11 10:34:28.206 11083 11791 D CloudConfig_stgyHelper: getSupportKitMode strategyEntity : StrategyEntity(sdkInterval=1800000, strategyMode=1, minSDKVersion=1000, minKitVersion=2014122, validReqPeriod=7200000, maxReqProduct=100, forceKitIfKit=false, backoff=120000, enable=true, defaultLimit=RateLimitConfig{maxCalls=1, timeWindowSeconds=7200, callIntervalSeconds=0}, productLimits={global-domain_1281=RateLimitConfig{maxCalls=1, timeWindowSeconds=7200, callIntervalSeconds=0}, 50351=RateLimitConfig{maxCalls=1, timeWindowSeconds=7200, callIntervalSeconds=0}, compass_20092=RateLimitConfig{maxCalls=1, timeWindowSeconds=7200, callIntervalSeconds=0}, global-domain_1961=RateLimitConfig{maxCalls=1, timeWindowSeconds=7200, callIntervalSeconds=0}, compass_2=RateLimitConfig{maxCalls=1, timeWindowSeconds=7200, callIntervalSeconds=0}, mdp_2047=RateLimitConfig{maxCalls=1, timeWindowSeconds=7200, callIntervalSeconds=0}, mdp_2296=RateLimitConfig{maxCalls=1, timeWindowSeconds=7200, callIntervalSeconds=0}, compass_143100=RateLimitConfig{maxCalls=1, timeWindowSeconds=7200, callIntervalSeconds=0}})
06-11 10:34:28.206 11083 11791 D CloudConfig_stgyHelper: getSupportKitMode localSdkVersion : 1227
06-11 10:34:28.207  4329  4493 D ViewRootImplExtImpl: wrapConfigInfoIntoFlags rotation=0, smallestScreenWidthDp=354, residentWS=false, scenario=0, bounds=Rect(0, 0 - 1240, 2772), relayoutAsync=false, flags=0, newFlags=1453337664, title=Splash Screen com.earthengine.minimalglobe
06-11 10:34:28.207  3189  4691 V WindowManager: Relayout Window{66314ee u0 Splash Screen com.earthengine.minimalglobe}: viewVisibility=8, oldvis=0, req=1240x2772 , apr = 8, vsysui=
06-11 10:34:28.207  1800  1924 D BatteryChargeControl: bcc get no support from charging protocol
06-11 10:34:28.208  3189  4691 D WindowManager: setFrameRateStart invalid typeId return!
06-11 10:34:28.208 29795 29879 I JniHttpHelper: httpGet OK: https://webst04.is.autonavi.com/appmaptile?style=6&x=1&y=2&z=3 -> 11514 bytes
06-11 10:34:28.208  3189  4691 D DisplayModeDirector: setAppRequest displayId : 4  modeId: 0  requestedRefreshRate: 0.0  requestedMinRefreshRateRange: 0.0  requestedMaxRefreshRateRange: 0.0
06-11 10:34:28.209  3189  4691 D DisplayModeDirector: setAppRequest displayId : 0  modeId: 1  requestedRefreshRate: 0.0  requestedMinRefreshRateRange: 0.0  requestedMaxRefreshRateRange: 120.00001
06-11 10:34:28.210  3189  4691 D WindowManager: NFW_findFocusedWindowIfNeeded:Window{b6b2e36 u0 com.earthengine.minimalglobe/com.earthengine.minimalglobe.MainActivity} mCurrentFocus:Window{b6b2e36 u0 com.earthengine.minimalglobe/com.earthengine.minimalglobe.MainActivity}
06-11 10:34:28.210  3189  4691 D WindowManager: NFW_findFocusedWindowIfNeeded:null mCurrentFocus:null
06-11 10:34:28.210  3189  3253 D SurfaceAnimationRunner: onAnimationStart:Surface(name=Surface(name=66314ee Splash Screen com.earthengine.minimalglobe)/@0x80cc987 - animation-leash of window_animation)/@0x84320b4
06-11 10:34:28.211  3189  4691 I system_server: _Desupression native alloc gc_urgency: 80184 native bytes: 200773080
06-11 10:34:28.211 29795 29886 I JniHttpHelper: httpGet called: https://webst02.is.autonavi.com/appmaptile?style=6&x=1630&y=847&z=11
06-11 10:34:28.211  4329  4493 D BLASTBufferQueue: [VRI[minimalglobe]#1334](f:0,a:1) destructor()
06-11 10:34:28.212  4329  4493 D BufferQueueConsumer: [VRI[minimalglobe]#1334(BLAST Consumer)1334](id:10e900000537,api:0,p:-1,c:4329) disconnect
06-11 10:34:28.213  3189  4829 D WindowManager: NFW_findFocusedWindowIfNeeded:Window{b6b2e36 u0 com.earthengine.minimalglobe/com.earthengine.minimalglobe.MainActivity} mCurrentFocus:Window{b6b2e36 u0 com.earthengine.minimalglobe/com.earthengine.minimalglobe.MainActivity}
06-11 10:34:28.213  3189  4829 D WindowManager: NFW_findFocusedWindowIfNeeded:null mCurrentFocus:null
06-11 10:34:28.213  3189  4829 D DisplayModeDirector: setAppRequest displayId : 4  modeId: 0  requestedRefreshRate: 0.0  requestedMinRefreshRateRange: 0.0  requestedMaxRefreshRateRange: 0.0
06-11 10:34:28.213 29795 29890 I JniHttpHelper: httpGet OK: https://webst02.is.autonavi.com/appmaptile?style=6&x=0&y=5&z=3 -> 1668 bytes
06-11 10:34:28.213 29795 29882 I JniHttpHelper: httpGet called: https://webst03.is.autonavi.com/appmaptile?style=6&x=3&y=3&z=3
06-11 10:34:28.214  3189  4829 D DisplayModeDirector: setAppRequest displayId : 0  modeId: 1  requestedRefreshRate: 0.0  requestedMinRefreshRateRange: 0.0  requestedMaxRefreshRateRange: 120.00001
06-11 10:34:28.214  3189  3252 D DisplayModeDirector: setAppRequest displayId : 4  modeId: 0  requestedRefreshRate: 0.0  requestedMinRefreshRateRange: 0.0  requestedMaxRefreshRateRange: 0.0
06-11 10:34:28.215  3189  3252 D DisplayModeDirector: setAppRequest displayId : 0  modeId: 1  requestedRefreshRate: 0.0  requestedMinRefreshRateRange: 0.0  requestedMaxRefreshRateRange: 120.00001
06-11 10:34:28.220 29795 29890 I AndroidBridge: Decoded image 256x256 from 1668 bytes
06-11 10:34:28.222 29795 29879 I AndroidBridge: Decoded image 256x256 from 11514 bytes
06-11 10:34:28.223  8454  8173 I ContextAware_AppCardProcessor: [subscription2x2-launcher]no card, release not send
06-11 10:34:28.224 29795 29888 I JniHttpHelper: httpGet OK: https://webst03.is.autonavi.com/appmaptile?style=6&x=1630&y=848&z=11 -> 33567 bytes
06-11 10:34:28.224 29795 29887 I JniHttpHelper: httpGet called: https://webst02.is.autonavi.com/appmaptile?style=6&x=1629&y=848&z=11
06-11 10:34:28.225 29795 29795 I BasemapLayer: Tile uploaded: 3/0/5 256x256
06-11 10:34:28.225 29795 29795 I BasemapLayer: Tile uploaded: 3/1/2 256x256
06-11 10:34:28.226 11083 11730 I MSP-LOG-SDK-MspSdk: Sdk has initialized! version:2.0.1.14
06-11 10:34:28.228  8454  8173 I metis_v2_BreenoSwitchSettingObserver: panta-sugg-getMasterSwitchStatus from cache:true
06-11 10:34:28.229  3189  3251 I AccessibilityWindowsPopulator: getInsensibleFlag flag = 0
06-11 10:34:28.229 29795 29888 I AndroidBridge: Decoded image 256x256 from 33567 bytes
06-11 10:34:28.229 29795 29931 I AndroidBridge: androidHttpGet: env=0xb400007a0626f820 gJniHttpHelperClass=0x30e6 gHttpGetMethod=0x1 url=https://webst04.is.autonavi.com/appmaptile?style=6&x=0&y=3&z=2
06-11 10:34:28.229 29795 29933 I AndroidBridge: androidHttpGet: env=0xb400007a0626f200 gJniHttpHelperClass=0x30e6 gHttpGetMethod=0x1 url=https://webst01.is.autonavi.com/appmaptile?style=6&x=1&y=3&z=2
06-11 10:34:28.230 19629 19728 D WM-SystemJobScheduler: Scheduling work ID b396bfa0-99de-4304-b67b-286adc364ab0Job ID 4792
06-11 10:34:28.231 11083 11730 E MSP-LOG-SDK-RateLimitManager: not_allow_invoke because of time_window_not_allow queue = [1781143252335], config = RateLimitConfig{maxCalls=1, timeWindowSeconds=7200, callIntervalSeconds=0}, ipcInvokeTimeQueueMapKey = com.heytap.nearx.tangramconfig.kit.client.ICloudCtrlServiceModule?@?compass_143100?@?3?@?com.coloros.phonemanager, has already call 1 times in 7200 seconds before
06-11 10:34:28.232 11083 11730 E MSP-LOG-SDK-: MspSdkException{code=3014,message=com.heytap.mspsdk.ratelimit.MspRateLimitExceededException: ipc rate limit exceeded in time window}
06-11 10:34:28.232 11083 11730 E MSP-LOG-SDK-: 	at com.heytap.mspsdk.ratelimit.b.a(RateLimitInterceptor.java:56)
06-11 10:34:28.232 11083 11730 E MSP-LOG-SDK-: 	at com.heytap.mspsdk.interceptor.c.a(StandardListChain.java:40)
06-11 10:34:28.232 11083 11730 E MSP-LOG-SDK-: 	at com.heytap.mspsdk.proxy.b.a(CompatCheckInterceptor.java:30)
06-11 10:34:28.232 11083 11730 E MSP-LOG-SDK-: 	at com.heytap.mspsdk.interceptor.c.a(StandardListChain.java:40)
06-11 10:34:28.232 11083 11730 E MSP-LOG-SDK-: 	at com.heytap.mspsdk.proxy.e.invoke(InnerInvocationHandler.java:202)
06-11 10:34:28.232 11083 11730 E MSP-LOG-SDK-: 	at java.lang.reflect.Proxy.invoke(Proxy.java:1006)
06-11 10:34:28.232 11083 11730 E MSP-LOG-SDK-: 	at $Proxy12.gatewayUpdate(Unknown Source)
06-11 10:34:28.232 11083 11730 E MSP-LOG-SDK-: 	at com.heytap.nearx.tangramconfig.kit.client.KitProxy.gatewayUpdate$lambda$2(KitProxy.kt:20)
06-11 10:34:28.232 11083 11730 E MSP-LOG-SDK-: 	at com.heytap.nearx.tangramconfig.kit.client.KitProxy.a(KitProxy.kt:1)
06-11 10:34:28.232 11083 11730 E MSP-LOG-SDK-: 	at com.heytap.nearx.tangramconfig.kit.client.a.run(R8$$SyntheticClass:9)
06-11 10:34:28.232 11083 11730 E MSP-LOG-SDK-: 	at java.util.concurrent.ThreadPoolExecutor.runWorker(ThreadPoolExecutor.java:1156)
06-11 10:34:28.232 11083 11730 E MSP-LOG-SDK-: 	at java.util.concurrent.ThreadPoolExecutor$Worker.run(ThreadPoolExecutor.java:651)
06-11 10:34:28.232 11083 11730 E MSP-LOG-SDK-: 	at java.lang.Thread.run(Thread.java:1119)
06-11 10:34:28.234 11083 11732 I CloudConfig: tn: sdk-50351-ruc
06-11 10:34:28.234 11083 11732 I CloudConfig: ruc 1961 enter
06-11 10:34:28.236 25296 25311 W HapContentObserver: uri: content://appRecommend_data_storage/subscription2x4-assistant/query
06-11 10:34:28.237 29795 29886 I JniHttpHelper: httpGet OK: https://webst02.is.autonavi.com/appmaptile?style=6&x=1630&y=847&z=11 -> 33637 bytes
06-11 10:34:28.237 29795 29911 I JniHttpHelper: httpGet called: https://webst03.is.autonavi.com/appmaptile?style=6&x=1&y=5&z=3
06-11 10:34:28.239 25296 25311 D HapContentObserver: key: 77112956 , task: 170344353
06-11 10:34:28.240 25296 25311 D ContentResolverTask: uri: content://appRecommend_data_storage/subscription2x4-assistant/query contains: false task: 170344353
06-11 10:34:28.241 29795 29886 I AndroidBridge: Decoded image 256x256 from 33637 bytes
06-11 10:34:28.242 29795 29795 I BasemapLayer: Tile uploaded: 11/1630/848 256x256
06-11 10:34:28.242 29795 29795 I BasemapLayer: Tile uploaded: 11/1630/847 256x256
06-11 10:34:28.245 29795 29889 I JniHttpHelper: httpGet OK: https://webst02.is.autonavi.com/appmaptile?style=6&x=1&y=4&z=3 -> 1679 bytes
06-11 10:34:28.246 29795 29914 I JniHttpHelper: httpGet called: https://webst03.is.autonavi.com/appmaptile?style=6&x=2&y=4&z=3
06-11 10:34:28.248 11083 11732 D CloudConfig_stgyHelper: mspVersionCanSupport mspKitVersion : 2021620
06-11 10:34:28.248 11083 11732 D CloudConfig_stgyHelper: getSupportKitMode strategyEntity : StrategyEntity(sdkInterval=1800000, strategyMode=1, minSDKVersion=1000, minKitVersion=2014122, validReqPeriod=7200000, maxReqProduct=100, forceKitIfKit=false, backoff=120000, enable=true, defaultLimit=RateLimitConfig{maxCalls=1, timeWindowSeconds=7200, callIntervalSeconds=0}, productLimits={global-domain_1281=RateLimitConfig{maxCalls=1, timeWindowSeconds=7200, callIntervalSeconds=0}, 50351=RateLimitConfig{maxCalls=1, timeWindowSeconds=7200, callIntervalSeconds=0}, compass_20092=RateLimitConfig{maxCalls=1, timeWindowSeconds=7200, callIntervalSeconds=0}, global-domain_1961=RateLimitConfig{maxCalls=1, timeWindowSeconds=7200, callIntervalSeconds=0}, compass_2=RateLimitConfig{maxCalls=1, timeWindowSeconds=7200, callIntervalSeconds=0}, mdp_2047=RateLimitConfig{maxCalls=1, timeWindowSeconds=7200, callIntervalSeconds=0}, mdp_2296=RateLimitConfig{maxCalls=1, timeWindowSeconds=7200, callIntervalSeconds=0}, compass_143100=RateLimitConfig{maxCalls=1, timeWindowSeconds=7200, callIntervalSeconds=0}})
06-11 10:34:28.248 11083 11732 D CloudConfig_stgyHelper: getSupportKitMode localSdkVersion : 1227
06-11 10:34:28.249  3189  4829 W PackageManager: package com.oplus.dmp uid 10125 pid 19629 call SetEnabledSetting(com.oplus.dmp component = androidx.work.impl.background.systemalarm.RescheduleReceiver, 1, 0)
06-11 10:34:28.250 29795 29934 I AndroidBridge: androidHttpGet: env=0xb400007a0626ee80 gJniHttpHelperClass=0x30e6 gHttpGetMethod=0x1 url=https://webst03.is.autonavi.com/appmaptile?style=6&x=5&y=5&z=3
06-11 10:34:28.250 29795 29935 I AndroidBridge: androidHttpGet: env=0xb400007977f24b60 gJniHttpHelperClass=0x30e6 gHttpGetMethod=0x1 url=https://webst03.is.autonavi.com/appmaptile?style=6&x=4&y=6&z=3
06-11 10:34:28.252  4639  8721 D AppSenseConfig: getIgnoreAppList: [com.android.launcher, com.android.contacts, com.oplus.wirelesssettings, com.coloros.alarmclock, com.coloros.calculator, com.coloros.calendar, com.coloros.phonemanager, com.android.settings, com.android.phone, com.oplus.nas, com.oplus.nhs, com.oplus.appdetail, com.android.permissioncontroller, com.oplus.pscanvas, com.oplus.autotest.test.ctp, com.android.systemui, com.android.systemui.overlay.fingerprint.anim.fy, com.android.systemui.overlay.fingerprint.anim.qy, com.android.systemui.overlay.fingerprint.anim.sw, com.android.systemui.overlay.fingerprint.anim.xw, com.android.systemui.overlay.fingerprint.anim.ccyh, com.android.systemui.overlay.fingerprint.anim.halo, com.android.systemui.overlay.fingerprint.anim.jslz, com.android.systemui.overlay.fingerprint.anim.none, com.android.systemui.overlay.fingerprint.anim.xklc]
06-11 10:34:28.252  4639  8721 D AppSenseConfig: getIgnoreAppList: [com.android.launcher, com.android.contacts, com.oplus.wirelesssettings, com.coloros.alarmclock, com.coloros.calculator, com.coloros.calendar, com.coloros.phonemanager, com.android.settings, com.android.phone, com.oplus.nas, com.oplus.nhs, com.oplus.appdetail, com.android.permissioncontroller, com.oplus.pscanvas, com.oplus.autotest.test.ctp, com.android.systemui, com.android.systemui.overlay.fingerprint.anim.fy, com.android.systemui.overlay.fingerprint.anim.qy, com.android.systemui.overlay.fingerprint.anim.sw, com.android.systemui.overlay.fingerprint.anim.xw, com.android.systemui.overlay.fingerprint.anim.ccyh, com.android.systemui.overlay.fingerprint.anim.halo, com.android.systemui.overlay.fingerprint.anim.jslz, com.android.systemui.overlay.fingerprint.anim.none, com.android.systemui.overlay.fingerprint.anim.xklc]
06-11 10:34:28.252  4639  8721 D ActivityAdapter: taskChange: pre: 1, cur: 1, changed:false
06-11 10:34:28.256 29795 29911 I JniHttpHelper: httpGet OK: https://webst03.is.autonavi.com/appmaptile?style=6&x=1&y=5&z=3 -> 1652 bytes
06-11 10:34:28.256 29795 29919 I JniHttpHelper: httpGet called: https://webst04.is.autonavi.com/appmaptile?style=6&x=3&y=4&z=3
06-11 10:34:28.258  3189  3998 I Quality : BitmapCompressInfo:868,1940,0,95,279691042
06-11 10:34:28.259 19629 19710 D WM-PackageManagerHelper: androidx.work.impl.background.systemalarm.RescheduleReceiver enabled
06-11 10:34:28.262 29795 29911 I AndroidBridge: Decoded image 256x256 from 1652 bytes
06-11 10:34:28.263 29795 29889 I AndroidBridge: Decoded image 256x256 from 1679 bytes
06-11 10:34:28.264  8454  8173 I ContextAware_AppCardProcessor: [breeno-launcher_2x4]Apps on same screen, apps=[com.android.contacts, com.android.mms, com.oplus.camera, com.alibaba.android.rimet, com.example.findmapbox, com.citiccard.mobilebank, com.chinamworld.bocmbci, com.kmxs.reader, com.ovital.ovitalMap, com.nqsky.rmad.dizhiyun, com.taobao.idlefish, cmb.pb, com.larus.nova]
06-11 10:34:28.264  8454  8173 I ContextAware_AdvertisementManager: [breeno-launcher_2x4]getCommerceAppsByCardName size:6
06-11 10:34:28.264  8454  8173 I ContextAware_AppCardProcessor: [breeno-launcher_2x4]process fill ad apps: advApps: com.ss.android.ugc.aweme,com.aliyun.tongyi,com.jingdong.app.mall,com.eg.android.AlipayGphone,com.smile.gifmaker,com.sankuai.meituan
06-11 10:34:28.265  8454  8173 I ContextAware_AppFillAdsProcess: [breeno-launcher_2x4]Mix commerce app with commerceAlg=2 advs=[AppAdInfo[pkg=com.ss.android.ugc.aweme, finalScore=413.00003, timeWeight=0.0,  exposeWeight=0.0, habitWeight=0.0, habitHourWeight=0.0,finalWeight=0.0,weight=0.0, deepLink= 1506, routePage = 0, utrackClickUrl=3, utrackExposeUrl=3,iconUrl=null, icon=null, appType=5, expireTimeStamp:1781193599836,apiSource=5, typeCode=6, cpcScore=13.452769, ecpmScore=413.00003, ctrScore=0.0307,title=null, subTitle=null, adSize=71,algorithmScore=0.0, status=[]], AppAdInfo[pkg=com.aliyun.tongyi, finalScore=193.743, timeWeight=0.0,  exposeWeight=0.0, habitWeight=0.0, habitHourWeight=0.0,finalWeight=0.0,weight=0.0, deepLink= 259, routePage = 0, utrackClickUrl=2, utrackExposeUrl=2,iconUrl=null, icon=null, appType=3, expireTimeStamp:1781193599836,apiSource=9, typeCode=6, cpcScore=103.0, ecpmScore=193.743, ctrScore=0.0018798828,title=null, subTitle=null, adSize=71,algorithmScore=0.0, status=[]], AppAdInfo[pkg=com.jingdong.app.mall, finalScore=89.0, timeWeight=0.0,  exposeWeight=0.0, habitWeight=0.0, habitHourWeight=0.0,finalWeight=0.0,weight=0.0, deepLink= 746, routePage = 0, utrackClickUrl=4, utrackExposeUrl=4,iconUrl=null, icon=null, appType=5, expireTimeStamp:1781193599836,apiSource=5, typeCode=6, cpcScore=34.23077, ecpmScore=89.0, ctrScore=0.0026,title=null, subTitle=null, adSize=71,algorithmScore=0.0, status=[]], AppAdInfo[pkg=com.eg.android.AlipayGphone, finalScore=34.0, timeWeight=0.0,  exposeWeight=0.0, habitWeight=0.0, habitHourWeight=0.0,finalWeight=0.0,weight=0.0, deepLink= 1002, routePage = 0, utrackClickUrl=4, utrackExposeUrl=4,iconUrl=null, icon=null, appType=5, expireTimeStamp:1781193599836,apiSource=5, typeCode=6, cpcScore=5.230769, ecpmScore=34.0, ctrScore=0.0065,title=null, subTitle=null, adSize=71,algorithmScore=0.0, status=[]], AppAdInfo[pkg=com.smile.gifmaker, finalScore=30.0, timeWeight=0.0,  exposeWeight=0.0, habitWeight=0.0, habitHourWeight=0.0,finalWeight=0.0,weight=0.0, deepLink= 1132, routePage = 0, utrackClickUrl=3, utrackExposeUrl=3,iconUrl=null, icon=null, appType=5, expireTimeStamp:1781193599836,apiSource=5, typeCode=1, cpcScore=1.6393442, ecpmScore=30.0, ctrScore=0.0183,title=null, subTitle=null, adSize=71,algorithmScore=0.0, status=[]], AppAdInfo[pkg=com.sankuai.meituan, finalScore=26.433, timeWeight=0.0,  exposeWeight=0.0, habitWeight=0.0, habitHourWeight=0.0,finalWeight=0.0,weight=0.0, deepLink= 116, routePage = 0, utrackClickUrl=2, utrackExposeUrl=2,iconUrl=null, icon=null, appType=3, expireTimeStamp:1781193599836,apiSource=9, typeCode=1, cpcScore=9.0, ecpmScore=26.433, ctrScore=0.0029378256,title=null, subTitle=null, adSize=71,algorithmScore=0.0, status=[]]]
06-11 10:34:28.265  8454  8173 I ContextAware_AppFillAdsProcess: [breeno-launcher_2x4]:maxCount:8  adTakeCount:2  adLoadCount:4
06-11 10:34:28.265  8454  8173 I ContextAware_AppFillAdsProcess: current adv app com.ss.android.ugc.aweme in 7 with status 2
06-11 10:34:28.265  8454  8173 I ContextAware_AppFillAdsProcess: current adv app com.aliyun.tongyi in 8 with status 2
06-11 10:34:28.265  8454  8173 I ContextAware_AppFillAdsProcess: not adv app com.github.metacubex.clash.meta in 9
06-11 10:34:28.265  8454  8173 I ContextAware_AppFillAdsProcess: not adv app com.lolaage.tbulu.tools in 10
06-11 10:34:28.265  8454  8173 I ContextAware_AppFillNewActiveProcess: [breeno-launcher_2x4]not support appSugNewAppSwitch
06-11 10:34:28.265 11083 11732 D CloudConfig_stgyHelper: mspVersionCanSupport mspKitVersion : 2021620
06-11 10:34:28.265  8454  8173 I ContextAware_AppCardProcessor: [breeno-launcher_2x4]SEND_APP_MESSAGE: commerceAlg=2, resultApps=[AppInfo[pkg=com.earthengine.minimalglobe, appType=0,iconSource=system, recallType=algorithm, deepLink=0,utrackClickUrl=0, utrackExposeUrl=0,icon=0, apiSource=null, typeCode=null, mode=0, advFinalScore=null,  routePage=0,title=null, subTitle=null, adSize=null,probability=0], AppInfo[pkg=space.xinzhi.hiko, appType=0,iconSource=system, recallType=algorithm, deepLink=0,utrackClickUrl=0, utrackExposeUrl=0,icon=0, apiSource=null, typeCode=null, mode=0, advFinalScore=null,  routePage=0,title=null, subTitle=null, adSize=null,probability=0], AppInfo[pkg=com.tencent.mm, appType=0,iconSource=system, recallType=algorithm, deepLink=0,utrackClickUrl=0, utrackExposeUrl=0,icon=0, apiSource=null, typeCode=null, mode=0, advFinalScore=null,  routePage=0,title=null, subTitle=null, adSize=null,probability=0], AppInfo[pkg=space.xinzhi.map, appType=0,iconSource=system, recallType=algorithm, deepLink=0,utrackClickUrl=0, utrackExposeUrl=0,icon=0, apiSource=null, typeCode=null, mode=0, advFinalScore=null,  routePage=0,title=null, subTitle=null, adSize=null,probability=0], AppInfo[pkg=com.ss.android.lark, appType=0,iconSource=system, recallType=algorithm, deepLink=0,utrackClickUrl=0, utrackExposeUrl=0,icon=0, apiSource=null, typeCode=null, mode=0, advFinalScore=null,  routePage=0,title=null, subTitle=null, adSize=null,probability=0], AppInfo[pkg=com.phoenix.read, appType=0,iconSource=system, recallType=algorithm, deepLink=0,utrackClickUrl=0, utrackExposeUrl=0,icon=0, apiSource=null, typeCode=null, mode=0, advFinalScore=null,  routePage=0,title=null, subTitle=null, adSize=null,probability=0], AppInfo[pkg=com.ss.android.ugc.aweme, appType=5,iconSource=system, recallType=ad, deepLink=1506,utrackClickUrl=3, utrackExposeUrl=3,icon=0, apiSource=5, typeCode=6, mode=2, advFinalScore=413.00003,  routePage=0,title=null, subTitle=null, adSize=null,probability=0], AppInfo[pkg=com.aliyun.tongyi, appType=3,iconSource=system, recallType=ad, deepLink=259,utrackClickUrl=2, utrackExposeUrl=2,icon=0, apiSource=9, typeCode=6, mode=2, advFinalScore=193.743,  routePage=0,title=null, subTitle=null, adSize=null,probability=0], AppInfo[pkg=com.github.metacubex.clash.meta, appType=0,iconSource=system, recallType=algorithm, deepLink=0,utrackClickUrl=0, utrackExposeUrl=0,icon=0, apiSource=null, typeCode=null, mode=0, advFinalScore=null,  routePage=0,title=null, subTitle=null, adSize=null,probability=0], AppInfo[pkg=com.lolaage.tbulu.tools, appType=0,iconSource=system, recallType=algorithm, deepLink=0,utrackClickUrl=0, utrackExposeUrl=0,icon=0, apiSource=null, typeCode=null, mode=0, advFinalScore=null,  routePage=0,title=null, subTitle=null, adSize=null,probability=0]], traceId: 4b5b5ab9fa1eb57bee43b590ed4fc7e1-4e5a159fdcc74adfa8e585ab65628140
06-11 10:34:28.266 11083 11732 D CloudConfig_stgyHelper: getSupportKitMode strategyEntity : StrategyEntity(sdkInterval=1800000, strategyMode=1, minSDKVersion=1000, minKitVersion=2014122, validReqPeriod=7200000, maxReqProduct=100, forceKitIfKit=false, backoff=120000, enable=true, defaultLimit=RateLimitConfig{maxCalls=1, timeWindowSeconds=7200, callIntervalSeconds=0}, productLimits={global-domain_1281=RateLimitConfig{maxCalls=1, timeWindowSeconds=7200, callIntervalSeconds=0}, 50351=RateLimitConfig{maxCalls=1, timeWindowSeconds=7200, callIntervalSeconds=0}, compass_20092=RateLimitConfig{maxCalls=1, timeWindowSeconds=7200, callIntervalSeconds=0}, global-domain_1961=RateLimitConfig{maxCalls=1, timeWindowSeconds=7200, callIntervalSeconds=0}, compass_2=RateLimitConfig{maxCalls=1, timeWindowSeconds=7200, callIntervalSeconds=0}, mdp_2047=RateLimitConfig{maxCalls=1, timeWindowSeconds=7200, callIntervalSeconds=0}, mdp_2296=RateLimitConfig{maxCalls=1, timeWindowSeconds=7200, callIntervalSeconds=0}, compass_143100=RateLimitConfig{maxCalls=1, timeWindowSeconds=7200, callIntervalSeconds=0}})
06-11 10:34:28.266 11083 11732 D CloudConfig_stgyHelper: getSupportKitMode localSdkVersion : 1227
06-11 10:34:28.267 29795 29795 I BasemapLayer: Tile uploaded: 3/1/5 256x256
06-11 10:34:28.267 29795 29795 I BasemapLayer: Tile uploaded: 3/1/4 256x256
06-11 10:34:28.271 29795 29937 I AndroidBridge: androidHttpGet: env=0xb400007a7da154a0 gJniHttpHelperClass=0x30e6 gHttpGetMethod=0x1 url=https://webst04.is.autonavi.com/appmaptile?style=6&x=5&y=6&z=3
06-11 10:34:28.272 29795 29938 I AndroidBridge: androidHttpGet: env=0xb400007a03e22000 gJniHttpHelperClass=0x30e6 gHttpGetMethod=0x1 url=https://webst04.is.autonavi.com/appmaptile?style=6&x=4&y=7&z=3
06-11 10:34:28.271  1877  2435 D VRR [OTI-HW]: isStateReady 0
06-11 10:34:28.272  1877  2435 D VRR [OTI-HW]: keep rate.
06-11 10:34:28.277  3189  4464 D TheiaCpuHighLoad: Not cpu high load:94
06-11 10:34:28.277  3189  4464 I OplusCpuLimitManager: OplusCpuHighLoad: newLoadLevel=1, newMngLevel=1, (nl_load=1, nl_thermal=1, nl_scene=1), curMngLevel=1, CL=0, curWinCL=0, curShortWinCL= 0, latestCL=94, latestThermalLevel=5, expHlScene=false
06-11 10:34:28.277 29795 29919 I JniHttpHelper: httpGet OK: https://webst04.is.autonavi.com/appmaptile?style=6&x=3&y=4&z=3 -> 2621 bytes
06-11 10:34:28.278  6716  7357 I SG::UmsScanner: accessPackageInfos size:0 [base|com.oplus.pantanal.ums|2.0.44-25e9612]
06-11 10:34:28.278 29795 29922 I JniHttpHelper: httpGet called: https://webst04.is.autonavi.com/appmaptile?style=6&x=2&y=5&z=3
06-11 10:34:28.278 29795 29882 I JniHttpHelper: httpGet OK: https://webst03.is.autonavi.com/appmaptile?style=6&x=3&y=3&z=3 -> 4384 bytes
06-11 10:34:28.278  6716 29347 I SG::StaticManager[RepositoryManager]: getCardInfoModifyTime.
06-11 10:34:28.279  4650 23082 W HapContentObserver: uri: content://appRecommend_data_storage/breeno-launcher_2x4/query
06-11 10:34:28.279  4650 23082 D HapContentObserver: key: 251540744 , task: 70838955
06-11 10:34:28.279  4650 23082 D ContentResolverTask: uri: content://appRecommend_data_storage/breeno-launcher_2x4/query contains: false task: 70838955
06-11 10:34:28.279  4650 23082 D HapContentObserver: key: 82000058 , task: 112544663
06-11 10:34:28.279  4650 23082 D ContentResolverTask: uri: content://appRecommend_data_storage/breeno-launcher_2x4/query contains: false task: 112544663
06-11 10:34:28.281 29795 29925 I JniHttpHelper: httpGet called: https://webst01.is.autonavi.com/appmaptile?style=6&x=3&y=5&z=3
06-11 10:34:28.287 11083 11732 I CloudConfig: ruc 1961 exit
06-11 10:34:28.288 11083 11732 I CloudConfig: tn: sdk-50351-ruc, dr: 53ms
06-11 10:34:28.289 28382 28434 I com.oplus.cosa: WaitForGcToComplete blocked ProfileSaver on Background for 363.834ms
06-11 10:34:28.296 29795 29922 I JniHttpHelper: httpGet OK: https://webst04.is.autonavi.com/appmaptile?style=6&x=2&y=5&z=3 -> 5122 bytes
06-11 10:34:28.296 11083 11741 I MSP-LOG-SDK-MspSdk: Sdk has initialized! version:2.0.1.14
06-11 10:34:28.296 11083 11778 I MSP-LOG-SDK-MspSdk: Sdk has initialized! version:2.0.1.14
06-11 10:34:28.297 29795 29914 I JniHttpHelper: httpGet OK: https://webst03.is.autonavi.com/appmaptile?style=6&x=2&y=4&z=3 -> 6856 bytes
06-11 10:34:28.298 11083 11778 E MSP-LOG-SDK-RateLimitManager: not_allow_invoke because of time_window_not_allow queue = [1781143251665], config = RateLimitConfig{maxCalls=1, timeWindowSeconds=21600, callIntervalSeconds=0}, ipcInvokeTimeQueueMapKey = com.heytap.nearx.tangramconfig.kit.client.ICloudCtrlServiceModule?@?global-domain_1961?@?1?@?com.coloros.phonemanager, has already call 1 times in 21600 seconds before
06-11 10:34:28.299 11083 11778 E MSP-LOG-SDK-: MspSdkException{code=3014,message=com.heytap.mspsdk.ratelimit.MspRateLimitExceededException: ipc rate limit exceeded in time window}
06-11 10:34:28.299 11083 11778 E MSP-LOG-SDK-: 	at com.heytap.mspsdk.ratelimit.b.a(RateLimitInterceptor.java:56)
06-11 10:34:28.299 11083 11778 E MSP-LOG-SDK-: 	at com.heytap.mspsdk.interceptor.c.a(StandardListChain.java:40)
06-11 10:34:28.299 11083 11778 E MSP-LOG-SDK-: 	at com.heytap.mspsdk.proxy.b.a(CompatCheckInterceptor.java:30)
06-11 10:34:28.299 11083 11778 E MSP-LOG-SDK-: 	at com.heytap.mspsdk.interceptor.c.a(StandardListChain.java:40)
06-11 10:34:28.299 11083 11778 E MSP-LOG-SDK-: 	at com.heytap.mspsdk.proxy.e.invoke(InnerInvocationHandler.java:202)
06-11 10:34:28.299 11083 11778 E MSP-LOG-SDK-: 	at java.lang.reflect.Proxy.invoke(Proxy.java:1006)
06-11 10:34:28.299 11083 11778 E MSP-LOG-SDK-: 	at $Proxy12.getDynamicCondition(Unknown Source)
06-11 10:34:28.299 11083 11778 E MSP-LOG-SDK-: 	at com.heytap.nearx.tangramconfig.kit.client.KitProxy.getDynamicCondition$lambda$0(KitProxy.kt:25)
06-11 10:34:28.299 11083 11778 E MSP-LOG-SDK-: 	at com.heytap.nearx.tangramconfig.kit.client.KitProxy.b(KitProxy.kt:1)
06-11 10:34:28.299 11083 11778 E MSP-LOG-SDK-: 	at com.heytap.nearx.tangramconfig.kit.client.b.run(R8$$SyntheticClass:9)
06-11 10:34:28.299 11083 11778 E MSP-LOG-SDK-: 	at java.util.concurrent.ThreadPoolExecutor.runWorker(ThreadPoolExecutor.java:1156)
06-11 10:34:28.299 11083 11778 E MSP-LOG-SDK-: 	at java.util.concurrent.ThreadPoolExecutor$Worker.run(ThreadPoolExecutor.java:651)
06-11 10:34:28.299 11083 11778 E MSP-LOG-SDK-: 	at java.lang.Thread.run(Thread.java:1119)
06-11 10:34:28.299 29795 29922 I AndroidBridge: Decoded image 256x256 from 5122 bytes
06-11 10:34:28.299 29795 29931 I JniHttpHelper: httpGet called: https://webst04.is.autonavi.com/appmaptile?style=6&x=0&y=3&z=2
06-11 10:34:28.300 29795 29933 I JniHttpHelper: httpGet called: https://webst01.is.autonavi.com/appmaptile?style=6&x=1&y=3&z=2
06-11 10:34:28.300 29795 29795 I BasemapLayer: Tile uploaded: 3/2/5 256x256
06-11 10:34:28.300 29795 29914 I AndroidBridge: Decoded image 256x256 from 6856 bytes
06-11 10:34:28.303 29795 29940 I AndroidBridge: androidHttpGet: env=0xb400007a0626e320 gJniHttpHelperClass=0x30e6 gHttpGetMethod=0x1 url=https://webst01.is.autonavi.com/appmaptile?style=6&x=5&y=7&z=3
06-11 10:34:28.307  8454  8173 I metis_v2_BreenoSwitchSettingObserver: panta-sugg-getMasterSwitchStatus from cache:true
06-11 10:34:28.311 29795 29887 I JniHttpHelper: httpGet OK: https://webst02.is.autonavi.com/appmaptile?style=6&x=1629&y=848&z=11 -> 36112 bytes
06-11 10:34:28.312 29795 29934 I JniHttpHelper: httpGet called: https://webst03.is.autonavi.com/appmaptile?style=6&x=5&y=5&z=3
06-11 10:34:28.315 29795 29887 I AndroidBridge: Decoded image 256x256 from 36112 bytes
06-11 10:34:28.316  3189  3886 W SyncManager: failed sync operation JobId=20 ***/com.tencent.android.qqdownloader.YYBLiveAccountProvider.account u0 [com.tencent.android.qqdownloader.YYBLiveAccountProvider] USER ExpectedIn=0s STANDBY-EXEMPTED Reason=10370, SyncResult: syncAlreadyInProgress: true stats []
06-11 10:34:28.316  1667 15952 I sensors-hal: handle_oplus_wise_rgb_event:230, wise_rgb:algo_type = 3
06-11 10:34:28.316  1667 15952 I sensors-hal: handle_oplus_wise_rgb_event:285, wise_rgb: raw_lux 517.597656, raw_cct 6373.439453, r/g/b/c: 41166.304688/36019.843750/20310.380859/91279.609375, R/G/B: 0.000000/0.000000/0.000000, brl 1529.000000, lux: 517.597656, cct: 6373.439453, ts 242665634755572, cnt 3987
06-11 10:34:28.317 29795 29795 I BasemapLayer: Tile uploaded: 3/2/4 256x256
06-11 10:34:28.317 29795 29795 I BasemapLayer: Tile uploaded: 11/1629/848 256x256
06-11 10:34:28.323 29795 29942 I AndroidBridge: androidHttpGet: env=0xb400007a7da0fb60 gJniHttpHelperClass=0x30e6 gHttpGetMethod=0x1 url=https://webst03.is.autonavi.com/appmaptile?style=6&x=7&y=7&z=3
06-11 10:34:28.323 29795 29882 I AndroidBridge: Decoded image 256x256 from 4384 bytes
06-11 10:34:28.325 11083 29800 I os.phonemanager: AssetManager2(0xb400007a7dbdd428) locale list changing from [] to [zh-CN]
06-11 10:34:28.326 29795 29919 I AndroidBridge: Decoded image 256x256 from 2621 bytes
06-11 10:34:28.326 11083 29800 V OplusUXIconLoader: loadUxIcon drawable null, packageName = com.earthengine.minimalglobe,activityName =:com.earthengine.minimalglobe.MainActivity
06-11 10:34:28.327 11083 29800 V OplusUXIconLoader: loadUxIcon drawable null, packageName = com.earthengine.minimalglobe,activityName =:null
06-11 10:34:28.327 11083 11741 E MSP-LOG-SDK-RateLimitManager: not_allow_invoke because of time_window_not_allow queue = [1781143255693], config = RateLimitConfig{maxCalls=1, timeWindowSeconds=7200, callIntervalSeconds=0}, ipcInvokeTimeQueueMapKey = com.heytap.nearx.tangramconfig.kit.client.ICloudCtrlServiceModule?@?global-domain_1961?@?4?@?com.coloros.phonemanager, has already call 1 times in 7200 seconds before
06-11 10:34:28.327  1708  8308 E ANDR-PERF-LM: VmRssMeter:: start() 358: Could not find pid, can not collect vmrss data
06-11 10:34:28.327  1708  8308 E ANDR-PERF-LM: AdaptiveLaunch: writeToDataBase() 64: Meter aborted or could not get meter data for this run
06-11 10:34:28.328 11083 11741 E MSP-LOG-SDK-: MspSdkException{code=3014,message=com.heytap.mspsdk.ratelimit.MspRateLimitExceededException: ipc rate limit exceeded in time window}
06-11 10:34:28.328 11083 11741 E MSP-LOG-SDK-: 	at com.heytap.mspsdk.ratelimit.b.a(RateLimitInterceptor.java:56)
06-11 10:34:28.328 11083 11741 E MSP-LOG-SDK-: 	at com.heytap.mspsdk.interceptor.c.a(StandardListChain.java:40)
06-11 10:34:28.328 11083 11741 E MSP-LOG-SDK-: 	at com.heytap.mspsdk.proxy.b.a(CompatCheckInterceptor.java:30)
06-11 10:34:28.328 11083 11741 E MSP-LOG-SDK-: 	at com.heytap.mspsdk.interceptor.c.a(StandardListChain.java:40)
06-11 10:34:28.328 11083 11741 E MSP-LOG-SDK-: 	at com.heytap.mspsdk.proxy.e.invoke(InnerInvocationHandler.java:202)
06-11 10:34:28.328 11083 11741 E MSP-LOG-SDK-: 	at java.lang.reflect.Proxy.invoke(Proxy.java:1006)
06-11 10:34:28.328 11083 11741 E MSP-LOG-SDK-: 	at $Proxy12.checkUpdateConfig(Unknown Source)
06-11 10:34:28.328 11083 11741 E MSP-LOG-SDK-: 	at com.heytap.nearx.tangramconfig.kit.client.KitProxy.checkUpdateConfig$lambda$3(KitProxy.kt:20)
06-11 10:34:28.328 11083 11741 E MSP-LOG-SDK-: 	at com.heytap.nearx.tangramconfig.kit.client.KitProxy.d(KitProxy.kt:1)
06-11 10:34:28.328 11083 11741 E MSP-LOG-SDK-: 	at com.heytap.nearx.tangramconfig.kit.client.e.run(R8$$SyntheticClass:9)
06-11 10:34:28.328 11083 11741 E MSP-LOG-SDK-: 	at java.util.concurrent.ThreadPoolExecutor.runWorker(ThreadPoolExecutor.java:1156)
06-11 10:34:28.328 11083 11741 E MSP-LOG-SDK-: 	at java.util.concurrent.ThreadPoolExecutor$Worker.run(ThreadPoolExecutor.java:651)
06-11 10:34:28.328 11083 11741 E MSP-LOG-SDK-: 	at java.lang.Thread.run(Thread.java:1119)
06-11 10:34:28.333 29795 29795 I BasemapLayer: Tile uploaded: 3/3/3 256x256
06-11 10:34:28.333 29795 29795 I BasemapLayer: Tile uploaded: 3/3/4 256x256
06-11 10:34:28.334  8454  8173 I ContextAware_AppCardProcessor: [breeno-launcher]Apps on same screen, apps=[com.android.contacts, com.android.mms, com.oplus.camera, com.alibaba.android.rimet, com.example.findmapbox, com.citiccard.mobilebank, com.chinamworld.bocmbci, com.kmxs.reader, com.ovital.ovitalMap, com.nqsky.rmad.dizhiyun, com.taobao.idlefish, cmb.pb, com.larus.nova]
06-11 10:34:28.334  8454  8173 I ContextAware_AdvertisementManager: [breeno-launcher]getCommerceAppsByCardName size:6
06-11 10:34:28.335  8454  8173 I ContextAware_AppCardProcessor: [breeno-launcher]process fill ad apps: advApps: com.ss.android.ugc.aweme,com.aliyun.tongyi,com.jingdong.app.mall,com.eg.android.AlipayGphone,com.smile.gifmaker,com.sankuai.meituan
06-11 10:34:28.335  8454  8173 I ContextAware_AppFillAdsProcess: [breeno-launcher]Mix commerce app with commerceAlg=2 advs=[AppAdInfo[pkg=com.ss.android.ugc.aweme, finalScore=413.00003, timeWeight=0.0,  exposeWeight=0.0, habitWeight=0.0, habitHourWeight=0.0,finalWeight=0.0,weight=0.0, deepLink= 1506, routePage = 0, utrackClickUrl=3, utrackExposeUrl=3,iconUrl=null, icon=null, appType=5, expireTimeStamp:1781193599836,apiSource=5, typeCode=6, cpcScore=13.452769, ecpmScore=413.00003, ctrScore=0.0307,title=null, subTitle=null, adSize=71,algorithmScore=0.0, status=[]], AppAdInfo[pkg=com.aliyun.tongyi, finalScore=193.743, timeWeight=0.0,  exposeWeight=0.0, habitWeight=0.0, habitHourWeight=0.0,finalWeight=0.0,weight=0.0, deepLink= 259, routePage = 0, utrackClickUrl=2, utrackExposeUrl=2,iconUrl=null, icon=null, appType=3, expireTimeStamp:1781193599836,apiSource=9, typeCode=6, cpcScore=103.0, ecpmScore=193.743, ctrScore=0.0018798828,title=null, subTitle=null, adSize=71,algorithmScore=0.0, status=[]], AppAdInfo[pkg=com.jingdong.app.mall, finalScore=89.0, timeWeight=0.0,  exposeWeight=0.0, habitWeight=0.0, habitHourWeight=0.0,finalWeight=0.0,weight=0.0, deepLink= 746, routePage = 0, utrackClickUrl=4, utrackExposeUrl=4,iconUrl=null, icon=null, appType=5, expireTimeStamp:1781193599836,apiSource=5, typeCode=6, cpcScore=34.23077, ecpmScore=89.0, ctrScore=0.0026,title=null, subTitle=null, adSize=71,algorithmScore=0.0, status=[]], AppAdInfo[pkg=com.eg.android.AlipayGphone, finalScore=34.0, timeWeight=0.0,  exposeWeight=0.0, habitWeight=0.0, habitHourWeight=0.0,finalWeight=0.0,weight=0.0, deepLink= 1002, routePage = 0, utrackClickUrl=4, utrackExposeUrl=4,iconUrl=null, icon=null, appType=5, expireTimeStamp:1781193599836,apiSource=5, typeCode=6, cpcScore=5.230769, ecpmScore=34.0, ctrScore=0.0065,title=null, subTitle=null, adSize=71,algorithmScore=0.0, status=[]], AppAdInfo[pkg=com.smile.gifmaker, finalScore=30.0, timeWeight=0.0,  exposeWeight=0.0, habitWeight=0.0, habitHourWeight=0.0,finalWeight=0.0,weight=0.0, deepLink= 1132, routePage = 0, utrackClickUrl=3, utrackExposeUrl=3,iconUrl=null, icon=null, appType=5, expireTimeStamp:1781193599836,apiSource=5, typeCode=1, cpcScore=1.6393442, ecpmScore=30.0, ctrScore=0.0183,title=null, subTitle=null, adSize=71,algorithmScore=0.0, status=[]], AppAdInfo[pkg=com.sankuai.meituan, finalScore=26.433, timeWeight=0.0,  exposeWeight=0.0, habitWeight=0.0, habitHourWeight=0.0,finalWeight=0.0,weight=0.0, deepLink= 116, routePage = 0, utrackClickUrl=2, utrackExposeUrl=2,iconUrl=null, icon=null, appType=3, expireTimeStamp:1781193599836,apiSource=9, typeCode=1, cpcScore=9.0, ecpmScore=26.433, ctrScore=0.0029378256,title=null, subTitle=null, adSize=71,algorithmScore=0.0, status=[]]]
06-11 10:34:28.335  8454  8173 I ContextAware_AppFillAdsProcess: [breeno-launcher]:maxCount:4  adTakeCount:1  adLoadCount:2
06-11 10:34:28.335  8454  8173 I ContextAware_AppFillAdsProcess: current adv app com.ss.android.ugc.aweme in 4 with status 2
06-11 10:34:28.335  8454  8173 I ContextAware_AppFillAdsProcess: not adv app space.xinzhi.map in 5
06-11 10:34:28.335  8454  8173 I ContextAware_AppFillNewActiveProcess: [breeno-launcher]not support appSugNewAppSwitch
06-11 10:34:28.338 29795 29934 I JniHttpHelper: httpGet OK: https://webst03.is.autonavi.com/appmaptile?style=6&x=5&y=5&z=3 -> 2218 bytes
06-11 10:34:28.339 29795 29935 I JniHttpHelper: httpGet called: https://webst03.is.autonavi.com/appmaptile?style=6&x=4&y=6&z=3
06-11 10:34:28.342 29795 29931 I JniHttpHelper: httpGet OK: https://webst04.is.autonavi.com/appmaptile?style=6&x=0&y=3&z=2 -> 3476 bytes
06-11 10:34:28.345 25296 25394 E AstScreen.ShortcutDAOV2: shortcutDataManager updateLegalStatusMap, legalStatusCache:{14=0, 15=0, 16=0, 18=0, 19=0, 20=0, 21=0, -1721645705=0, 1977694710=0, 24=0, 25=0, 27=0, 28=0, 55255895=0, 29=0, 30=0, 31=0, 32=0, -845193793=0, 33=0, 922111699=0, 331884525=0, 832615816=0, 42=0, 43=0, 44=0, 46=0, 47=0, 48=0, 49=0, 50=0, -1031558479=0, 51=0, 53=0, 56=0, 154133778=0, 1409950772=0, -1709882794=0, 72=0, 1536737232=0, 1692578987=0, 80=0, -1293286733=0, 101=0, 102=0, 703863186=0, -1558926477=0, 105=0, -1292231023=0, 108=0, 111=0, 112=0, -1763354987=0, 118=0, 124=0, 125=0, 1174097286=0, 126=0, 127=0, 313184810=0, -1667428321=0, 132=0, 134=0, 136=0, 140=0, 141=0, 142=0, 144=0, 145=0, 146=0, 147=0, -2096096381=0, 148=0, 1897569679=0, 156=0, -104850075=0, 173=0, 1880698029=0, 1488133239=0, 197=0, 207=0, 219=0, 220=0, 223=0, 227=0, 230=0, 231=0, 232=0, 195266379=0, 233=0, 234=0, 235=0, 236=0, 237=0, 238=0, 239=0, 240=0, 242=0, -159637874=0, 243=0, 244=0, 245=0, 246=0, 247=0, 248=4, 249=0, 251=0, 252=0, 253=0, 254=0, 255=0, 256=0, -262597285=0, -1606001344=0, 779490160=0, 1620159901=0, 277=0, 278=0, 279=4, 280=0, 282=0, 582398868=0, 1609454281=0, -1943382780=0, 1330658925=0, -1917041533=0, -491738124=0, 340=0, 1361780860=0, -1357050264=0, 1178046286=0, 1156888975=0, 1051878348=0, 277973278=0, -589493946=0, 1254578009=0, -819805508=0, 1334352421=0, 256457446=0, 301247579=0, -1664115334=0, 1967896714=0, 1659293491=0, 575541165=0, 1266951777=0, 1116722044=0, 1730484946=0, -1803751815=0, 361910168=0, -1848306725=0, -1186720938=0, -192889194=0, -1040394275=0, 682022528=0, 1319538838=0, -1605005728=0, 713993394=0, 1765779203=0, 2091464343=0, -1829134147=0, -1414602254=0, 1276497535=0, -1902438159=0, 1366626055=0, -860300598=0, 379189486=0, -644965387=0, -973170826=0, 673527470=0, -1635319800=0, 2056029204=0, -228864773=0, 2027416160=0, 378881071=0, 1654990951=0, 1442911426=0, 752555548=0, -1284596293=0, -54547863=0, -2086095549=0, 874354413=0, 1318294930=0, 2123438483=0, -69877540=0, 724574267=0, 1423017949=0, 949069732=0, 1661249612=0, 720897457=0, -1565432350=0, 320673862=0, 282428340=0, -505910608=0, -912745742=0, -695601689=0, 908623192=0, -30315083=0, -103524794=0, -1387139380=0, 633261597=0, -1046965711=0, 1591529847=0, -1565576931=0, 1994036591=0, 535446614=0, 2049668591=0, -859962506=0, -781612358=7, 1335515207=0, 1238325805=0}
06-11 10:34:28.346 25296 25394 I AstScreen.ShortcutVisualMessageManager: requestUpdateVisualDataCache,originUnExecutedVisualDataList:[],newVisualMessageCache:[]
06-11 10:34:28.346 25296 25394 I AstScreen.ShortcutRouterCacheHelper: isAnyUrlAvailableFromCache 279, title:腾讯元宝 has no legal url, dependentPackage:*o*.*e*c*n*.*u*y*a*.*p*.*h*t
06-11 10:34:28.368  3189  3253 D SurfaceAnimationRunner: onAnimationEnd:Surface(name=Surface(name=66314ee Splash Screen com.earthengine.minimalglobe)/@0x80cc987 - animation-leash of window_animation)/@0x84320b4
06-11 10:34:28.368  3189  3252 I WindowStateExtImpl: onSurfaceShowChange show = false mPackageName = com.earthengine.minimalglobe parentPkgName = com.earthengine.minimalglobe
06-11 10:34:28.368  3189  3252 I WindowManager: Window{66314ee u0 Splash Screen com.earthengine.minimalglobe EXITING} state from HAS_DRAWN to NO_SURFACE; reason: destroySurface
06-11 10:34:28.369  3189  3252 D DisplayModeDirector: setAppRequest displayId : 4  modeId: 0  requestedRefreshRate: 0.0  requestedMinRefreshRateRange: 0.0  requestedMaxRefreshRateRange: 0.0
06-11 10:34:28.374  3189  3252 D VRR [OPlusRefreshRatePolicy]: setRefreshRatePolicy policy=POLICY_SYSTEM, refreshRate=120, statusOn=false
06-11 10:34:28.375  3189  3252 D VRR [OPlusRefreshRatePolicy]: setRefreshRatePolicy policy=POLICY_SYSTEM, refreshRate=60, statusOn=true
06-11 10:34:28.375  3189  3252 W SettingsProvider: notifyForSettingsChange delay for adfr_policy_change, value: 1900, delta: 0, lastNotifyTimestamp: 200762098, minInterval: 10
06-11 10:34:28.375  3189  3252 D RefreshRate: Refresh rate changing from 120.00001 to 60.000004,maxRefreshRate=60.000004 FOR:{
06-11 10:34:28.375  3189  3252 D RefreshRate:     | COURSE[; Win preferred rateId=2, appReqFirst=false, data= RateData{,mWindowOverrideRateId:2} ;win name:com.earthengine.minimalglobe/com.earthengine.minimalglobe.MainActivity]
06-11 10:34:28.375  3189  3252 D RefreshRate:     | VOTES[PRIORITY_WINDOW_REQUEST -> Vote{mRefreshRate=60.0, mMinRefreshRate=60.0, mRequestSource=null};]
06-11 10:34:28.375  3189  3252 D RefreshRate:     | TIME:2026-06-11 02:34:28}
06-11 10:34:28.375  3189  3252 D DisplayModeDirector: setAppRequest displayId : 0  modeId: 2  requestedRefreshRate: 0.0  requestedMinRefreshRateRange: 0.0  requestedMaxRefreshRateRange: 60.000004
06-11 10:34:28.376  8454  8173 I ContextAware_AppCardProcessor: [breeno-launcher]SEND_APP_MESSAGE: commerceAlg=2, resultApps=[AppInfo[pkg=com.earthengine.minimalglobe, appType=0,iconSource=system, recallType=algorithm, deepLink=0,utrackClickUrl=0, utrackExposeUrl=0,icon=0, apiSource=null, typeCode=null, mode=0, advFinalScore=null,  routePage=0,title=null, subTitle=null, adSize=null,probability=0], AppInfo[pkg=space.xinzhi.hiko, appType=0,iconSource=system, recallType=algorithm, deepLink=0,utrackClickUrl=0, utrackExposeUrl=0,icon=0, apiSource=null, typeCode=null, mode=0, advFinalScore=null,  routePage=0,title=null, subTitle=null, adSize=null,probability=0], AppInfo[pkg=com.tencent.mm, appType=0,iconSource=system, recallType=algorithm, deepLink=0,utrackClickUrl=0, utrackExposeUrl=0,icon=0, apiSource=null, typeCode=null, mode=0, advFinalScore=null,  routePage=0,title=null, subTitle=null, adSize=null,probability=0], AppInfo[pkg=com.ss.android.ugc.aweme, appType=5,iconSource=system, recallType=ad, deepLink=1506,utrackClickUrl=3, utrackExposeUrl=3,icon=0, apiSource=5, typeCode=6, mode=2, advFinalScore=413.00003,  routePage=0,title=null, subTitle=null, adSize=null,probability=0], AppInfo[pkg=space.xinzhi.map, appType=0,iconSource=system, recallType=algorithm, deepLink=0,utrackClickUrl=0, utrackExposeUrl=0,icon=0, apiSource=null, typeCode=null, mode=0, advFinalScore=null,  routePage=0,title=null, subTitle=null, adSize=null,probability=0], AppInfo[pkg=com.ss.android.lark, appType=0,iconSource=system, recallType=algorithm, deepLink=0,utrackClickUrl=0, utrackExposeUrl=0,icon=0, apiSource=null, typeCode=null, mode=0, advFinalScore=null,  routePage=0,title=null, subTitle=null, adSize=null,probability=0], AppInfo[pkg=com.phoenix.read, appType=0,iconSource=system, recallType=algorithm, deepLink=0,utrackClickUrl=0, utrackExposeUrl=0,icon=0, apiSource=null, typeCode=null, mode=0, advFinalScore=null,  routePage=0,title=null, subTitle=null, adSize=null,probability=0], AppInfo[pkg=com.github.metacubex.clash.meta, appType=0,iconSource=system, recallType=algorithm, deepLink=0,utrackClickUrl=0, utrackExposeUrl=0,icon=0, apiSource=null, typeCode=null, mode=0, advFinalScore=null,  routePage=0,title=null, subTitle=null, adSize=null,probability=0], AppInfo[pkg=com.lolaage.tbulu.tools, appType=0,iconSource=system, recallType=algorithm, deepLink=0,utrackClickUrl=0, utrackExposeUrl=0,icon=0, apiSource=null, typeCode=null, mode=0, advFinalScore=null,  routePage=0,title=null, subTitle=null, adSize=null,probability=0], AppInfo[pkg=com.heytap.browser, appType=0,iconSource=system, recallType=algorithm, deepLink=0,utrackClickUrl=0, utrackExposeUrl=0,icon=0, apiSource=null, typeCode=null, mode=0, advFinalScore=null,  routePage=0,title=null, subTitle=null, adSize=null,probability=0]], traceId: 4b5b5ab9fa1eb57bee43b590ed4fc7e1-7cab160c94b247e7b2b9030d54df440a
06-11 10:34:28.378  4650 23082 W HapContentObserver: uri: content://appRecommend_data_storage/breeno-launcher/query
06-11 10:34:28.378  3189  3251 D DisplayManagerServiceExtImpl: scheduleTraversalLocked intraversal=false
06-11 10:34:28.378  4650 23082 D HapContentObserver: key: 251540744 , task: 70838955
06-11 10:34:28.378  4650 23082 D ContentResolverTask: uri: content://appRecommend_data_storage/breeno-launcher/query contains: false task: 70838955
06-11 10:34:28.378  4650 23082 D HapContentObserver: key: 82000058 , task: 112544663
06-11 10:34:28.378  3189  3251 D DisplayManagerService: MSG_REQUEST_TRAVERSAL pendingCompleted=false
06-11 10:34:28.378  4650 23082 D ContentResolverTask: uri: content://appRecommend_data_storage/breeno-launcher/query contains: false task: 112544663
06-11 10:34:28.378  4650 23082 D HapContentObserver: find dispatch uri: content://appRecommend_data_storage/breeno-launcher/query
06-11 10:34:28.378  4650 23082 D ContentResolverTask: notifyChange: content://appRecommend_data_storage/breeno-launcher/query, mRequestMap contains: true mRequestMap.size: 1 task:112544663 instant:15
06-11 10:34:28.378  4650 23082 W ContentResolverTask: request callback: 247
06-11 10:34:28.379  3189  3252 D DisplayModeDirector: setAppRequest displayId : 4  modeId: 0  requestedRefreshRate: 0.0  requestedMinRefreshRateRange: 0.0  requestedMaxRefreshRateRange: 0.0
06-11 10:34:28.380  3189  3252 D DisplayModeDirector: setAppRequest displayId : 0  modeId: 2  requestedRefreshRate: 0.0  requestedMinRefreshRateRange: 0.0  requestedMaxRefreshRateRange: 60.000004
06-11 10:34:28.380  3189  3252 D DisplayManagerService: performTraversalInternal pendingTraversal
06-11 10:34:28.380  3189  3252 D DisplayDevice: setLayerStackLocked id=local:4630946283567114626 token=android.os.BinderProxy@39b679e stack=0->0
06-11 10:34:28.380  3189  3252 D DisplayDevice: setLayerStackLocked id=virtual:com.tencent.android.qqdownloader,10370,install_display_yyb,1 token=android.os.BinderProxy@9fc52aa stack=-1->-1
06-11 10:34:28.381  4650 23595 D JsConsole: breeno2X2-launcher(rsUDrjLDfb7Y)::content_provider_channel: register success _channelStatus(subscribed
06-11 10:34:28.387  1708  8307 E ANDR-PERF-LM: VmRssMeter:: start() 358: Could not find pid, can not collect vmrss data
06-11 10:34:28.395  8454  8173 I ContextAware_AppCardProcessor: [subscription2x4-launcher]no card, release not send
06-11 10:34:28.399  3189  3338 D LocalDisplayAdapter: setDesiredDisplayModeSpecsAsync: display unique id = local:4630946283567114626, display mode specs = defaultMode=1 allowGroupSwitching=false primaryRanges=physical: (0.0 120.00001) render:  (0.0 60.000004) appRequestRanges=physical: (0.0 120.00001) render:  (0.0 60.000004) idleScreenRefreshRate=null
06-11 10:34:28.399  1877  2188 D SurfaceFlinger: VRR [SurfaceFlinger] setDesiredDisplayModeSpecs, from process 3189, 1, 0, primaryRanges = [ 0.000000, 120.000008, 0.000000, 60.000004 ], appRequestRanges = [ 0.000000, 120.000008, 0.000000 60.000004 ]
06-11 10:34:28.399  1877  1877 I RefreshRateSelector: Display 4630946283567114626 policy changed
06-11 10:34:28.399  1877  1877 I RefreshRateSelector: Previous: {defaultModeId=0, allowGroupSwitching=false, primaryRanges={physical=[0.00 Hz, 120.00 Hz], render=[0.00 Hz, 120.00 Hz]}, appRequestRanges={physical=[0.00 Hz, 120.00 Hz], render=[0.00 Hz, 120.00 Hz]} idleScreenConfig=nullptr}
06-11 10:34:28.399  1877  1877 I RefreshRateSelector: Current:  DisplayManagerPolicy{defaultModeId=1, allowGroupSwitching=false, primaryRanges={physical=[0.00 Hz, 120.00 Hz], render=[0.00 Hz, 60.00 Hz]}, appRequestRanges={physical=[0.00 Hz, 120.00 Hz], render=[0.00 Hz, 60.00 Hz]} idleScreenConfig=nullptr}
06-11 10:34:28.399  1877  1877 I RefreshRateSelector: 0 mode changes were performed under the previous policy
06-11 10:34:28.400  1877  1877 D SurfaceFlinger: VRR [SurfaceFlinger] applyRefreshRateSelectorPolicy: 1 (60.00 Hz), policy: {defaultModeId=1, allowGroupSwitching=false, primaryRanges={physical=[0.00 Hz, 120.00 Hz], render=[0.00 Hz, 60.00 Hz]}, appRequestRanges={physical=[0.00 Hz, 120.00 Hz], render=[0.00 Hz, 60.00 Hz]} idleScreenConfig=nullptr}
06-11 10:34:28.400  1877  1877 D SurfaceFlinger: VRR [SurfaceFlinger] setDesiredActiveMode: displayId: 4630946283567114626, renderRate: 60, vsyncRate: 60, event: 1
06-11 10:34:28.400  1877  1877 D DisplayModeController: setDesiredMode 4630946283567114626 {mode={fps=60.00 Hz, modePtr={id=1, vsyncRate=60.00 Hz, peakRefreshRate=60.00 Hz}}, emitEvent=true, force=false}
06-11 10:34:28.400  1877  2435 D VRR [OTI]: handleIdle from 0 to 0
06-11 10:34:28.400  1877  2435 D VRR [OTI-HW]: isStateReady 0
06-11 10:34:28.400  1877  2435 D VRR [OTI-HW]: keep rate.
06-11 10:34:28.401  1877  1877 I HWC2    : [0] setActiveConfigWithConstraints[1]
06-11 10:34:28.401  1699  1958 D SDM     : IRIS_LOG_HWC::SetActiveConfigWithConstraints:355: 01
06-11 10:34:28.401  1699  1958 I SDM     : HWCDisplay::SetActiveConfigToIrisWrapper: SetActiveConfigToIrisWrapper on id_: 0
06-11 10:34:28.401  1699  1958 I IRIS_LOG_SERV: SetActiveConfig: 1240x2772@60, mAwlaysInBypassMode: 0
06-11 10:34:28.401  1699  1958 D SDM     : IRIS_LOG_HWC::SendDisplayConfigStatusToIrisWrapper:2833: num_configs1 4(0), num_configs2 4(0), selected 0,(memc_cfg 0, emv_cfg 1), states 0x1c100404
06-11 10:34:28.401  1699  1958 E IRIS_LOG_SERV: Received mMainNumConfigs 4(0), mAuxNumConfigs 4(0), mImvConfigIndex 0, mEmvConfigIndex 1
06-11 10:34:28.401  1699  1958 I SDM     : HWCDisplay::IsContextReadyToSubmitActiveConfig: pending config_ 1, state 0, on display id_= 0
06-11 10:34:28.401  1699  1958 W SDM     : HWDeviceDRM::GetSupportedBitClkRate: Requested rate not supported: 1094400000
06-11 10:34:28.401  1699  1958 I SDM     : HWDeviceDRM::UpdateMixerAttributes: Mixer WxH 1240x2772-1 for Peripheral
06-11 10:34:28.401  3189  3336 D OplusFeatureDMR[display=0]: onConfigChanged threadId=71 threadName=OplusDisplayWorkHandler physicalDisplayId=4630946283567114626 modeId=0  
06-11 10:34:28.402  1699  1958 I SDM     : HWCDisplay::SubmitDisplayConfig: HWC SetActiveConfig [0,1], cur_resolution is (1240, 2772), new_resolution is (1240, 2772)
06-11 10:34:28.402  1699  1958 I SDM     : HWCDisplay::SubmitDisplayConfig: Active configuration changed from config 0 to 1
06-11 10:34:28.406  1877  2435 D VRR [OTI-HW]: isStateReady 0
06-11 10:34:28.406  1877  2435 D VRR [OTI-HW]: keep rate.
06-11 10:34:28.406  3189  3251 I DisplayDeviceRepository: Display device changed render timings: "内置屏幕", renderFrameRate=60.000004, presentationDeadlineNanos=16666666, appVsyncOffsetNanos=1000000, frameRateOverrides=[]
06-11 10:34:28.407  3189  3251 D LogicalDisplayExt: set displayInfo flag FLAG_ROTATES_WITH_CONTENT
06-11 10:34:28.407  3189  3251 D DisplayManagerService: Delivering display event: displayId=0, event=EVENT_DISPLAY_REFRESH_RATE_CHANGED
06-11 10:34:28.410  1855  2030 D AudioBoost: audioSchedBoost, pid=1855, tid=2030, enable=1, ret=0
06-11 10:34:28.410  1855  2030 D AudioFlingerExtImpl: AudioFlingerExtImpl oplusSetParameters: keyvalue screen_state=on
06-11 10:34:28.410  3189  3336 D OplusFeatureDMR[display=0]: onConfigChanged threadId=71 threadName=OplusDisplayWorkHandler physicalDisplayId=4630946283567114626 modeId=1  
06-11 10:34:28.410  3189  3249 D WindowManager: DeferredDisplayUpdater: partially applying DisplayInfo(1240 x 2772) immediately
06-11 10:34:28.410  1655  1702 D AHAL: AudioDevice: SetParameters: 1715: enter: screen_state=on
06-11 10:34:28.410  1655  1702 D AHAL: AudioDevice: SetParameters: 1784:  - screen = on
06-11 10:34:28.410  1655  1702 D PAL: ResourceManager: setParameter: 8426: Enter param id: 8
06-11 10:34:28.410  1655  1702 I PAL: ResourceManager: setParameter: 8449: Screen State:1
06-11 10:34:28.410  1655  1702 D PAL: ResourceManager: setParameter: 9169: Exit status: 0
06-11 10:34:28.410  1655  1702 D AHAL: AudioDevice: SetParameters: 2336: exit
06-11 10:34:28.411  1855  2030 D AudioBoost: audioSchedBoost, pid=1855, tid=2030, enable=0, ret=0
06-11 10:34:28.411  3189  3189 E OplusGestureAnimationManagerPolicy: mScreenHeight:2772 mScreenWidth:1240 mRotation:0
06-11 10:34:28.411  3189  3249 D OplusVFXScreenEffectFeature: notifySFCompatWindowStateChange entered false
06-11 10:34:28.411  3189  3249 D FSS_FoldScreenBlackCoverController: displayChangeToOn, dc:Display{#0 state=ON size=1240x2772 ROTATION_0}
06-11 10:34:28.411  1877  2188 D [PREVIEW]: SF obtain preview_adapter: 0
06-11 10:34:28.411  1877  2188 D [PREVIEW]: TabletPreviewAdapter::parallel world 0
06-11 10:34:28.411  3189  3249 D DisplayModeDirector: setAppRequest displayId : 4  modeId: 0  requestedRefreshRate: 0.0  requestedMinRefreshRateRange: 0.0  requestedMaxRefreshRateRange: 0.0
06-11 10:34:28.412  3189  3249 D DisplayModeDirector: setAppRequest displayId : 0  modeId: 2  requestedRefreshRate: 0.0  requestedMinRefreshRateRange: 0.0  requestedMaxRefreshRateRange: 60.000004
06-11 10:34:28.413  8454  8173 I ContextAware_AppCardProcessor: [subscription2x4-assistant]Apps on same screen, apps=[]
06-11 10:34:28.413  8454  8173 I ContextAware_AdvertisementManager: [subscription2x4-assistant]getCommerceAppsByCardName size:0
06-11 10:34:28.413  8454  8173 I ContextAware_AppCardProcessor: [subscription2x4-assistant]process fill ad apps: advApps: 
06-11 10:34:28.413  8454  8173 I ContextAware_AppFillAdsProcess: [subscription2x4-assistant]process fill ad apps: adv is null
06-11 10:34:28.413  8454  8173 I ContextAware_AppCardProcessor: [subscription2x4-assistant]SEND_APP_MESSAGE: commerceAlg=2, resultApps=[AppInfo[pkg=com.earthengine.minimalglobe, appType=0,iconSource=system, recallType=algorithm, deepLink=0,utrackClickUrl=0, utrackExposeUrl=0,icon=0, apiSource=null, typeCode=null, mode=0, advFinalScore=null,  routePage=0,title=null, subTitle=null, adSize=null,probability=0], AppInfo[pkg=space.xinzhi.hiko, appType=0,iconSource=system, recallType=algorithm, deepLink=0,utrackClickUrl=0, utrackExposeUrl=0,icon=0, apiSource=null, typeCode=null, mode=0, advFinalScore=null,  routePage=0,title=null, subTitle=null, adSize=null,probability=0], AppInfo[pkg=com.tencent.mm, appType=0,iconSource=system, recallType=algorithm, deepLink=0,utrackClickUrl=0, utrackExposeUrl=0,icon=0, apiSource=null, typeCode=null, mode=0, advFinalScore=null,  routePage=0,title=null, subTitle=null, adSize=null,probability=0], AppInfo[pkg=space.xinzhi.map, appType=0,iconSource=system, recallType=algorithm, deepLink=0,utrackClickUrl=0, utrackExposeUrl=0,icon=0, apiSource=null, typeCode=null, mode=0, advFinalScore=null,  routePage=0,title=null, subTitle=null, adSize=null,probability=0], AppInfo[pkg=com.ss.android.lark, appType=0,iconSource=system, recallType=algorithm, deepLink=0,utrackClickUrl=0, utrackExposeUrl=0,icon=0, apiSource=null, typeCode=null, mode=0, advFinalScore=null,  routePage=0,title=null, subTitle=null, adSize=null,probability=0], AppInfo[pkg=com.phoenix.read, appType=0,iconSource=system, recallType=algorithm, deepLink=0,utrackClickUrl=0, utrackExposeUrl=0,icon=0, apiSource=null, typeCode=null, mode=0, advFinalScore=null,  routePage=0,title=null, subTitle=null, adSize=null,probability=0], AppInfo[pkg=com.github.metacubex.clash.meta, appType=0,iconSource=system, recallType=algorithm, deepLink=0,utrackClickUrl=0, utrackExposeUrl=0,icon=0, apiSource=null, typeCode=null, mode=0, advFinalScore=null,  routePage=0,title=null, subTitle=null, adSize=null,probability=0], AppInfo[pkg=com.lolaage.tbulu.tools, appType=0,iconSource=system, recallType=algorithm, deepLink=0,utrackClickUrl=0, utrackExposeUrl=0,icon=0, apiSource=null, typeCode=null, mode=0, advFinalScore=null,  routePage=0,title=null, subTitle=null, adSize=null,probability=0], AppInfo[pkg=com.heytap.browser, appType=0,iconSource=system, recallType=algorithm, deepLink=0,utrackClickUrl=0, utrackExposeUrl=0,icon=0, apiSource=null, typeCode=null, mode=0, advFinalScore=null,  routePage=0,title=null, subTitle=null, adSize=null,probability=0], AppInfo[pkg=com.future.landscape, appType=0,iconSource=system, recallType=algorithm, deepLink=0,utrackClickUrl=0, utrackExposeUrl=0,icon=0, apiSource=null, typeCode=null, mode=0, advFinalScore=null,  routePage=0,title=null, subTitle=null, adSize=null,probability=0]], traceId: f48df78d2c8656e5f657596c8af8ac09-2604c9ae310a4e7b87495b12204c7891
06-11 10:34:28.414 25296 25311 W HapContentObserver: uri: content://appRecommend_data_storage/subscription2x4-assistant/query
06-11 10:34:28.414 25296 25311 D HapContentObserver: key: 77112956 , task: 170344353
06-11 10:34:28.414 25296 25311 D ContentResolverTask: uri: content://appRecommend_data_storage/subscription2x4-assistant/query contains: false task: 170344353
06-11 10:34:28.414 11083 11791 D CloudConfig_stgyHelper: mspVersionCanSupport mspKitVersion : 2021620
06-11 10:34:28.423  1667  1845 I sensors-hal: get_display_brightness:690, light_iface: get_brightness ret = 1, fifo_fm[0].type = 7, data = 1
06-11 10:34:28.430  1877  2447 D skia    : findCacheMissInfo vsync 146018965, result 0
06-11 10:34:28.434  3189  3251 I AccessibilityWindowsPopulator: getInsensibleFlag flag = 0
06-11 10:34:28.423 11083 11791 D CloudConfig_stgyHelper: getSupportKitMode strategyEntity : StrategyEntity(sdkInterval=1800000, strategyMode=1, minSDKVersion=1000, minKitVersion=2014122, validReqPeriod=7200000, maxReqProduct=100, forceKitIfKit=false, backoff=120000, enable=true, defaultLimit=RateLimitConfig{maxCalls=1, timeWindowSeconds=7200, callIntervalSeconds=0}, productLimits={global-domain_1281=RateLimitConfig{maxCalls=1, timeWindowSeconds=7200, callIntervalSeconds=0}, 50351=RateLimitConfig{maxCalls=1, timeWindowSeconds=7200, callIntervalSeconds=0}, compass_20092=RateLimitConfig{maxCalls=1, timeWindowSeconds=7200, callIntervalSeconds=0}, global-domain_1961=RateLimitConfig{maxCalls=1, timeWindowSeconds=7200, callIntervalSeconds=0}, compass_2=RateLimitConfig{maxCalls=1, timeWindowSeconds=7200, callIntervalSeconds=0}, mdp_2047=RateLimitConfig{maxCalls=1, timeWindowSeconds=7200, callIntervalSeconds=0}, mdp_2296=RateLimitConfig{maxCalls=1, timeWindowSeconds=7200, callIntervalSeconds=0}, compass_143100=RateLimitConfig{maxCalls=1, timeWindowSeconds=7200, callIntervalSeconds=0}})
06-11 10:34:28.434 11083 11791 D CloudConfig_stgyHelper: getSupportKitMode localSdkVersion : 1227
06-11 10:34:28.434  4650  4685 D OplusScrollToTopManager: com.android.launcher/com.android.launcher.Launcher,This com.android.internal.policy.DecorView{29f82bb I.E...... R.....ID 0,0-1240,2772 aid=2 alpha=1.0 viewInfo = }[Launcher] change focus to false
06-11 10:34:28.442 11083 11791 D CloudConfig_stgyHelper: mspVersionCanSupport mspKitVersion : 2021620
06-11 10:34:28.447  8454  8173 I ContextAware_AppCardProcessor: [subscription2x2-launcher]no card, release not send
06-11 10:34:28.447  8454  8173 I metis_v2_BreenoSwitchSettingObserver: panta-sugg-getMasterSwitchStatus from cache:true
06-11 10:34:28.448 11083 11791 D CloudConfig_stgyHelper: getSupportKitMode strategyEntity : StrategyEntity(sdkInterval=1800000, strategyMode=1, minSDKVersion=1000, minKitVersion=2014122, validReqPeriod=7200000, maxReqProduct=100, forceKitIfKit=false, backoff=120000, enable=true, defaultLimit=RateLimitConfig{maxCalls=1, timeWindowSeconds=7200, callIntervalSeconds=0}, productLimits={global-domain_1281=RateLimitConfig{maxCalls=1, timeWindowSeconds=7200, callIntervalSeconds=0}, 50351=RateLimitConfig{maxCalls=1, timeWindowSeconds=7200, callIntervalSeconds=0}, compass_20092=RateLimitConfig{maxCalls=1, timeWindowSeconds=7200, callIntervalSeconds=0}, global-domain_1961=RateLimitConfig{maxCalls=1, timeWindowSeconds=7200, callIntervalSeconds=0}, compass_2=RateLimitConfig{maxCalls=1, timeWindowSeconds=7200, callIntervalSeconds=0}, mdp_2047=RateLimitConfig{maxCalls=1, timeWindowSeconds=7200, callIntervalSeconds=0}, mdp_2296=RateLimitConfig{maxCalls=1, timeWindowSeconds=7200, callIntervalSeconds=0}, compass_143100=RateLimitConfig{maxCalls=1, timeWindowSeconds=7200, callIntervalSeconds=0}})
06-11 10:34:28.448 11083 11791 D CloudConfig_stgyHelper: getSupportKitMode localSdkVersion : 1227
06-11 10:34:28.453  4329  4329 I KeyguardDisplayManager: onDisplayChanged displayId: 0
06-11 10:34:28.453  4329  4329 I SystemUi--Keyguard: KeyguardDisplayManagerExImpl-->orientationChanged=false, presentationDisplayChanged=false, lastPresentationWidth=0, lastPresentationHeight=0, lastPresentationDensity=0
06-11 10:34:28.455  1877  2447 D skia    : findCacheMissInfo vsync 146018966, result 0
06-11 10:34:28.456  8454  8173 I ContextAware_AppCardProcessor: [breeno-launcher_2x4]Apps on same screen, apps=[com.android.contacts, com.android.mms, com.oplus.camera, com.alibaba.android.rimet, com.example.findmapbox, com.citiccard.mobilebank, com.chinamworld.bocmbci, com.kmxs.reader, com.ovital.ovitalMap, com.nqsky.rmad.dizhiyun, com.taobao.idlefish, cmb.pb, com.larus.nova]
06-11 10:34:28.460  3189  3338 D VRR [OPlusRefreshRateService]: handleConfigIdChange physicalDisplayId: 4630946283567114626 configId: 1 renderPeriod: 16666666
06-11 10:34:28.461  3189  3338 D VRR [OPlusGameStatusManager]: updateGameState mOSyncFeatureSwitch: false mIsGamePolicy: false
06-11 10:34:28.461  3189  3338 D VRR [OPlusGameStatusManager]: updateGameAccelerationStatus pkgName: com.earthengine.minimalglobe mOSyncFeatureSwitch: false mIsGamePolicy: false mHeartStop: false mHasFlickerRisk: false mForceAcceleration: false mToastReady: false enable: false
06-11 10:34:28.465  8454  8173 I ContextAware_AdvertisementManager: [breeno-launcher_2x4]getCommerceAppsByCardName size:6
06-11 10:34:28.465  8454  8173 I ContextAware_AppCardProcessor: [breeno-launcher_2x4]process fill ad apps: advApps: com.ss.android.ugc.aweme,com.aliyun.tongyi,com.jingdong.app.mall,com.eg.android.AlipayGphone,com.smile.gifmaker,com.sankuai.meituan
06-11 10:34:28.466 11083 11779 I MSP-LOG-SDK-MspSdk: Sdk has initialized! version:2.0.1.14
06-11 10:34:28.466  8454  8173 I ContextAware_AppFillAdsProcess: [breeno-launcher_2x4]Mix commerce app with commerceAlg=2 advs=[AppAdInfo[pkg=com.ss.android.ugc.aweme, finalScore=413.00003, timeWeight=0.0,  exposeWeight=0.0, habitWeight=0.0, habitHourWeight=0.0,finalWeight=0.0,weight=0.0, deepLink= 1506, routePage = 0, utrackClickUrl=3, utrackExposeUrl=3,iconUrl=null, icon=null, appType=5, expireTimeStamp:1781193599836,apiSource=5, typeCode=6, cpcScore=13.452769, ecpmScore=413.00003, ctrScore=0.0307,title=null, subTitle=null, adSize=71,algorithmScore=0.0, status=[]], AppAdInfo[pkg=com.aliyun.tongyi, finalScore=193.743, timeWeight=0.0,  exposeWeight=0.0, habitWeight=0.0, habitHourWeight=0.0,finalWeight=0.0,weight=0.0, deepLink= 259, routePage = 0, utrackClickUrl=2, utrackExposeUrl=2,iconUrl=null, icon=null, appType=3, expireTimeStamp:1781193599836,apiSource=9, typeCode=6, cpcScore=103.0, ecpmScore=193.743, ctrScore=0.0018798828,title=null, subTitle=null, adSize=71,algorithmScore=0.0, status=[]], AppAdInfo[pkg=com.jingdong.app.mall, finalScore=89.0, timeWeight=0.0,  exposeWeight=0.0, habitWeight=0.0, habitHourWeight=0.0,finalWeight=0.0,weight=0.0, deepLink= 746, routePage = 0, utrackClickUrl=4, utrackExposeUrl=4,iconUrl=null, icon=null, appType=5, expireTimeStamp:1781193599836,apiSource=5, typeCode=6, cpcScore=34.23077, ecpmScore=89.0, ctrScore=0.0026,title=null, subTitle=null, adSize=71,algorithmScore=0.0, status=[]], AppAdInfo[pkg=com.eg.android.AlipayGphone, finalScore=34.0, timeWeight=0.0,  exposeWeight=0.0, habitWeight=0.0, habitHourWeight=0.0,finalWeight=0.0,weight=0.0, deepLink= 1002, routePage = 0, utrackClickUrl=4, utrackExposeUrl=4,iconUrl=null, icon=null, appType=5, expireTimeStamp:1781193599836,apiSource=5, typeCode=6, cpcScore=5.230769, ecpmScore=34.0, ctrScore=0.0065,title=null, subTitle=null, adSize=71,algorithmScore=0.0, status=[]], AppAdInfo[pkg=com.smile.gifmaker, finalScore=30.0, timeWeight=0.0,  exposeWeight=0.0, habitWeight=0.0, habitHourWeight=0.0,finalWeight=0.0,weight=0.0, deepLink= 1132, routePage = 0, utrackClickUrl=3, utrackExposeUrl=3,iconUrl=null, icon=null, appType=5, expireTimeStamp:1781193599836,apiSource=5, typeCode=1, cpcScore=1.6393442, ecpmScore=30.0, ctrScore=0.0183,title=null, subTitle=null, adSize=71,algorithmScore=0.0, status=[]], AppAdInfo[pkg=com.sankuai.meituan, finalScore=26.433, timeWeight=0.0,  exposeWeight=0.0, habitWeight=0.0, habitHourWeight=0.0,finalWeight=0.0,weight=0.0, deepLink= 116, routePage = 0, utrackClickUrl=2, utrackExposeUrl=2,iconUrl=null, icon=null, appType=3, expireTimeStamp:1781193599836,apiSource=9, typeCode=1, cpcScore=9.0, ecpmScore=26.433, ctrScore=0.0029378256,title=null, subTitle=null, adSize=71,algorithmScore=0.0, status=[]]]
06-11 10:34:28.466  8454  8173 I ContextAware_AppFillAdsProcess: [breeno-launcher_2x4]:maxCount:8  adTakeCount:2  adLoadCount:4
06-11 10:34:28.466  1667 15952 I sensors-hal: handle_oplus_wise_rgb_event:230, wise_rgb:algo_type = 3
06-11 10:34:28.466  1667 15952 I sensors-hal: handle_oplus_wise_rgb_event:285, wise_rgb: raw_lux 518.973755, raw_cct 6422.626953, r/g/b/c: 41203.757812/36112.152344/20519.546875/91663.968750, R/G/B: 0.000000/0.000000/0.000000, brl 1529.000000, lux: 518.973755, cct: 6422.626953, ts 242665784632290, cnt 3988
06-11 10:34:28.466 11083 11779 E MSP-LOG-SDK-RateLimitManager: not_allow_invoke because of time_window_not_allow queue = [1781143252335], config = RateLimitConfig{maxCalls=1, timeWindowSeconds=7200, callIntervalSeconds=0}, ipcInvokeTimeQueueMapKey = com.heytap.nearx.tangramconfig.kit.client.ICloudCtrlServiceModule?@?compass_20092?@?3?@?com.coloros.phonemanager, has already call 1 times in 7200 seconds before
06-11 10:34:28.467 11083 11779 E MSP-LOG-SDK-: MspSdkException{code=3014,message=com.heytap.mspsdk.ratelimit.MspRateLimitExceededException: ipc rate limit exceeded in time window}
06-11 10:34:28.467 11083 11779 E MSP-LOG-SDK-: 	at com.heytap.mspsdk.ratelimit.b.a(RateLimitInterceptor.java:56)
06-11 10:34:28.467 11083 11779 E MSP-LOG-SDK-: 	at com.heytap.mspsdk.interceptor.c.a(StandardListChain.java:40)
06-11 10:34:28.467 11083 11779 E MSP-LOG-SDK-: 	at com.heytap.mspsdk.proxy.b.a(CompatCheckInterceptor.java:30)
06-11 10:34:28.467 11083 11779 E MSP-LOG-SDK-: 	at com.heytap.mspsdk.interceptor.c.a(StandardListChain.java:40)
06-11 10:34:28.467 11083 11779 E MSP-LOG-SDK-: 	at com.heytap.mspsdk.proxy.e.invoke(InnerInvocationHandler.java:202)
06-11 10:34:28.467 11083 11779 E MSP-LOG-SDK-: 	at java.lang.reflect.Proxy.invoke(Proxy.java:1006)
06-11 10:34:28.467 11083 11779 E MSP-LOG-SDK-: 	at $Proxy12.gatewayUpdate(Unknown Source)
06-11 10:34:28.467 11083 11779 E MSP-LOG-SDK-: 	at com.heytap.nearx.tangramconfig.kit.client.KitProxy.gatewayUpdate$lambda$2(KitProxy.kt:20)
06-11 10:34:28.467 11083 11779 E MSP-LOG-SDK-: 	at com.heytap.nearx.tangramconfig.kit.client.KitProxy.a(KitProxy.kt:1)
06-11 10:34:28.467 11083 11779 E MSP-LOG-SDK-: 	at com.heytap.nearx.tangramconfig.kit.client.a.run(R8$$SyntheticClass:9)
06-11 10:34:28.467 11083 11779 E MSP-LOG-SDK-: 	at java.util.concurrent.ThreadPoolExecutor.runWorker(ThreadPoolExecutor.java:1156)
06-11 10:34:28.467 11083 11779 E MSP-LOG-SDK-: 	at java.util.concurrent.ThreadPoolExecutor$Worker.run(ThreadPoolExecutor.java:651)
06-11 10:34:28.467 11083 11779 E MSP-LOG-SDK-: 	at java.lang.Thread.run(Thread.java:1119)
06-11 10:34:28.469  8454  8173 I ContextAware_AppFillAdsProcess: current adv app com.ss.android.ugc.aweme in 7 with status 2
06-11 10:34:28.469  8454  8173 I ContextAware_AppFillAdsProcess: current adv app com.aliyun.tongyi in 8 with status 2
06-11 10:34:28.469  8454  8173 I ContextAware_AppFillAdsProcess: not adv app com.github.metacubex.clash.meta in 9
06-11 10:34:28.469  8454  8173 I ContextAware_AppFillAdsProcess: not adv app com.lolaage.tbulu.tools in 10
06-11 10:34:28.469  8454  8173 I ContextAware_AppFillNewActiveProcess: [breeno-launcher_2x4]not support appSugNewAppSwitch
06-11 10:34:28.470  8454  8173 I ContextAware_AppCardProcessor: [breeno-launcher_2x4]SEND_APP_MESSAGE: commerceAlg=2, resultApps=[AppInfo[pkg=com.earthengine.minimalglobe, appType=0,iconSource=system, recallType=algorithm, deepLink=0,utrackClickUrl=0, utrackExposeUrl=0,icon=0, apiSource=null, typeCode=null, mode=0, advFinalScore=null,  routePage=0,title=null, subTitle=null, adSize=null,probability=0], AppInfo[pkg=space.xinzhi.hiko, appType=0,iconSource=system, recallType=algorithm, deepLink=0,utrackClickUrl=0, utrackExposeUrl=0,icon=0, apiSource=null, typeCode=null, mode=0, advFinalScore=null,  routePage=0,title=null, subTitle=null, adSize=null,probability=0], AppInfo[pkg=com.tencent.mm, appType=0,iconSource=system, recallType=algorithm, deepLink=0,utrackClickUrl=0, utrackExposeUrl=0,icon=0, apiSource=null, typeCode=null, mode=0, advFinalScore=null,  routePage=0,title=null, subTitle=null, adSize=null,probability=0], AppInfo[pkg=space.xinzhi.map, appType=0,iconSource=system, recallType=algorithm, deepLink=0,utrackClickUrl=0, utrackExposeUrl=0,icon=0, apiSource=null, typeCode=null, mode=0, advFinalScore=null,  routePage=0,title=null, subTitle=null, adSize=null,probability=0], AppInfo[pkg=com.ss.android.lark, appType=0,iconSource=system, recallType=algorithm, deepLink=0,utrackClickUrl=0, utrackExposeUrl=0,icon=0, apiSource=null, typeCode=null, mode=0, advFinalScore=null,  routePage=0,title=null, subTitle=null, adSize=null,probability=0], AppInfo[pkg=com.phoenix.read, appType=0,iconSource=system, recallType=algorithm, deepLink=0,utrackClickUrl=0, utrackExposeUrl=0,icon=0, apiSource=null, typeCode=null, mode=0, advFinalScore=null,  routePage=0,title=null, subTitle=null, adSize=null,probability=0], AppInfo[pkg=com.ss.android.ugc.aweme, appType=5,iconSource=system, recallType=ad, deepLink=1506,utrackClickUrl=3, utrackExposeUrl=3,icon=0, apiSource=5, typeCode=6, mode=2, advFinalScore=413.00003,  routePage=0,title=null, subTitle=null, adSize=null,probability=0], AppInfo[pkg=com.aliyun.tongyi, appType=3,iconSource=system, recallType=ad, deepLink=259,utrackClickUrl=2, utrackExposeUrl=2,icon=0, apiSource=9, typeCode=6, mode=2, advFinalScore=193.743,  routePage=0,title=null, subTitle=null, adSize=null,probability=0], AppInfo[pkg=com.github.metacubex.clash.meta, appType=0,iconSource=system, recallType=algorithm, deepLink=0,utrackClickUrl=0, utrackExposeUrl=0,icon=0, apiSource=null, typeCode=null, mode=0, advFinalScore=null,  routePage=0,title=null, subTitle=null, adSize=null,probability=0], AppInfo[pkg=com.lolaage.tbulu.tools, appType=0,iconSource=system, recallType=algorithm, deepLink=0,utrackClickUrl=0, utrackExposeUrl=0,icon=0, apiSource=null, typeCode=null, mode=0, advFinalScore=null,  routePage=0,title=null, subTitle=null, adSize=null,probability=0]], traceId: 4b5b5ab9fa1eb57bee43b590ed4fc7e1-e2b442e0deae4bbd93a725d0d6c03de1
06-11 10:34:28.472  4650 23082 W HapContentObserver: uri: content://appRecommend_data_storage/breeno-launcher_2x4/query
06-11 10:34:28.472  4650 23082 D HapContentObserver: key: 251540744 , task: 70838955
06-11 10:34:28.472  4650 23082 D ContentResolverTask: uri: content://appRecommend_data_storage/breeno-launcher_2x4/query contains: false task: 70838955
06-11 10:34:28.472  4650 23082 D HapContentObserver: key: 82000058 , task: 112544663
06-11 10:34:28.472  4650 23082 D ContentResolverTask: uri: content://appRecommend_data_storage/breeno-launcher_2x4/query contains: false task: 112544663
06-11 10:34:28.474 11083 11791 D CloudConfig_stgyHelper: mspVersionCanSupport mspKitVersion : 2021620
06-11 10:34:28.492 24749 24768 I wnloader:daemon: Background concurrent mark compact GC freed 19MB AllocSpace bytes, 150(8996KB) LOS objects, 49% free,22MB(M:17MB,L:4880KB)/45MB, paused 5.140ms,4.111ms total 405.547ms
06-11 10:34:28.493  3189  3251 I AccessibilityWindowsPopulator: getInsensibleFlag flag = 0
06-11 10:34:28.494 11083 11791 D CloudConfig_stgyHelper: getSupportKitMode strategyEntity : StrategyEntity(sdkInterval=1800000, strategyMode=1, minSDKVersion=1000, minKitVersion=2014122, validReqPeriod=7200000, maxReqProduct=100, forceKitIfKit=false, backoff=120000, enable=true, defaultLimit=RateLimitConfig{maxCalls=1, timeWindowSeconds=7200, callIntervalSeconds=0}, productLimits={global-domain_1281=RateLimitConfig{maxCalls=1, timeWindowSeconds=7200, callIntervalSeconds=0}, 50351=RateLimitConfig{maxCalls=1, timeWindowSeconds=7200, callIntervalSeconds=0}, compass_20092=RateLimitConfig{maxCalls=1, timeWindowSeconds=7200, callIntervalSeconds=0}, global-domain_1961=RateLimitConfig{maxCalls=1, timeWindowSeconds=7200, callIntervalSeconds=0}, compass_2=RateLimitConfig{maxCalls=1, timeWindowSeconds=7200, callIntervalSeconds=0}, mdp_2047=RateLimitConfig{maxCalls=1, timeWindowSeconds=7200, callIntervalSeconds=0}, mdp_2296=RateLimitConfig{maxCalls=1, timeWindowSeconds=7200, callIntervalSeconds=0}, compass_143100=RateLimitConfig{maxCalls=1, timeWindowSeconds=7200, callIntervalSeconds=0}})
06-11 10:34:28.494 11083 11791 D CloudConfig_stgyHelper: getSupportKitMode localSdkVersion : 1227
06-11 10:34:28.494 27947 29732 I com.oplus.games: Explicit concurrent mark compact GC freed 452KB AllocSpace bytes, 0(0B) LOS objects, 33% free,8196KB(M:6192KB,L:2004KB)/12MB, paused 5.358ms,45.682ms total 1.376s
06-11 10:34:28.496 24749 24770 W System  : A resource failed to call AbstractCursor.close. 
06-11 10:34:28.496 11083 11732 I CloudConfig: tn: sdk-50351-ruc
06-11 10:34:28.496 11083 11732 I CloudConfig: ruc 1961 enter
06-11 10:34:28.497 24749 24770 W System  : A resource failed to call AbstractCursor.close. 
06-11 10:34:28.498 27947 29733 I com.oplus.games: WaitForGcToComplete blocked Explicit on Explicit for 1.373s
06-11 10:34:28.498 27947 29756 I com.oplus.games: Waiting for a blocking GC Explicit
06-11 10:34:28.498 27947 29755 I com.oplus.games: Waiting for a blocking GC Explicit
06-11 10:34:28.498 11083 11732 D CloudConfig_stgyHelper: mspVersionCanSupport mspKitVersion : 2021620
06-11 10:34:28.499 11083 11732 D CloudConfig_stgyHelper: getSupportKitMode strategyEntity : StrategyEntity(sdkInterval=1800000, strategyMode=1, minSDKVersion=1000, minKitVersion=2014122, validReqPeriod=7200000, maxReqProduct=100, forceKitIfKit=false, backoff=120000, enable=true, defaultLimit=RateLimitConfig{maxCalls=1, timeWindowSeconds=7200, callIntervalSeconds=0}, productLimits={global-domain_1281=RateLimitConfig{maxCalls=1, timeWindowSeconds=7200, callIntervalSeconds=0}, 50351=RateLimitConfig{maxCalls=1, timeWindowSeconds=7200, callIntervalSeconds=0}, compass_20092=RateLimitConfig{maxCalls=1, timeWindowSeconds=7200, callIntervalSeconds=0}, global-domain_1961=RateLimitConfig{maxCalls=1, timeWindowSeconds=7200, callIntervalSeconds=0}, compass_2=RateLimitConfig{maxCalls=1, timeWindowSeconds=7200, callIntervalSeconds=0}, mdp_2047=RateLimitConfig{maxCalls=1, timeWindowSeconds=7200, callIntervalSeconds=0}, mdp_2296=RateLimitConfig{maxCalls=1, timeWindowSeconds=7200, callIntervalSeconds=0}, compass_143100=RateLimitConfig{maxCalls=1, timeWindowSeconds=7200, callIntervalSeconds=0}})
06-11 10:34:28.500 11083 11732 D CloudConfig_stgyHelper: getSupportKitMode localSdkVersion : 1227
06-11 10:34:28.502 28382 28479 D COSA->GameServiceSyncUtil: [m] syncGameListToGMS
06-11 10:34:28.504 11083 11732 D CloudConfig_stgyHelper: mspVersionCanSupport mspKitVersion : 2021620
06-11 10:34:28.506 11083 11732 D CloudConfig_stgyHelper: getSupportKitMode strategyEntity : StrategyEntity(sdkInterval=1800000, strategyMode=1, minSDKVersion=1000, minKitVersion=2014122, validReqPeriod=7200000, maxReqProduct=100, forceKitIfKit=false, backoff=120000, enable=true, defaultLimit=RateLimitConfig{maxCalls=1, timeWindowSeconds=7200, callIntervalSeconds=0}, productLimits={global-domain_1281=RateLimitConfig{maxCalls=1, timeWindowSeconds=7200, callIntervalSeconds=0}, 50351=RateLimitConfig{maxCalls=1, timeWindowSeconds=7200, callIntervalSeconds=0}, compass_20092=RateLimitConfig{maxCalls=1, timeWindowSeconds=7200, callIntervalSeconds=0}, global-domain_1961=RateLimitConfig{maxCalls=1, timeWindowSeconds=7200, callIntervalSeconds=0}, compass_2=RateLimitConfig{maxCalls=1, timeWindowSeconds=7200, callIntervalSeconds=0}, mdp_2047=RateLimitConfig{maxCalls=1, timeWindowSeconds=7200, callIntervalSeconds=0}, mdp_2296=RateLimitConfig{maxCalls=1, timeWindowSeconds=7200, callIntervalSeconds=0}, compass_143100=RateLimitConfig{maxCalls=1, timeWindowSeconds=7200, callIntervalSeconds=0}})
06-11 10:34:28.506 11083 11732 D CloudConfig_stgyHelper: getSupportKitMode localSdkVersion : 1227
06-11 10:34:28.509 11267 11278 W arme.gamecenter: Reducing the number of considered missed Gc histogram windows from 204 to 100
06-11 10:34:28.509 11267 11279 W JavaBinder: BinderProxy is being destroyed but the application did not call unlinkToDeath to unlink all of its death recipients beforehand.  Releasing leaked death recipient: a.a.a.vhb
06-11 10:34:28.509 11267 11279 I BpBinder: onLastStrongRef automatically unlinking death recipients: 
06-11 10:34:28.511 11267 11281 W System  : A resource failed to call close. 
06-11 10:34:28.511  3189  3338 D VRR [OPlusSAManager]: updateAutoMinfps for 4630946283567114626 with nits: 139.33551, mHistOK true, mAmbientOK true, mCctOK true, mIrOK true, mBrightnessOK true, isPkgOK true, SA min fps: 2
06-11 10:34:28.512 11083 11738 I MSP-LOG-SDK-MspSdk: Sdk has initialized! version:2.0.1.14
06-11 10:34:28.512  1877  2188 I VRR-[OPlusRefreshRateSelector]: updateAutoMode success, display 0, mode 0, fakeframe 0, min fps: 2
06-11 10:34:28.512  1699  1958 I SDM     : DisplayBuiltIn::SetQSyncMode: VRR + qsync minfps change to: 12615810 00C08082
06-11 10:34:28.512  1699  1958 I SDM     : HWDeviceDRM::OPlusSetQSyncMinFps: VRR +  OPlusSetQSyncMinFps: 12615810
06-11 10:34:28.512  1699  1958 I SDM     : HWDeviceDRM::OPlusSetQSyncMinFpsUpdate: VRR +  OPlusSetQSyncMinFpsUpdate: 1
06-11 10:34:28.512  1699  1958 I SDM     : HWDeviceDRM::OPlusGetQSyncMinFps: VRR +  OPlusGetQSyncMinFps: 12615810
06-11 10:34:28.512  1699  1958 I SDM     : DisplayBuiltIn::SetQSyncMode: VRR + update qsync mode 0 minfps 00C08082
06-11 10:34:28.512  1699  1958 I SDM     : HWDeviceDRM::OPlusIsQSyncMinFpsForAuto: VRR +  OPlusIsQSyncMinFpsForAuto: 1
06-11 10:34:28.512  1699  1958 I SDM     : DisplayBuiltIn::SetQSyncMode: VRR + needs_avr_update_ 0
06-11 10:34:28.512  1699  1958 I SDM     : DisplayBuiltIn::SetQSyncMode: Qsync mode set to 0 successfully
06-11 10:34:28.512 11083 11738 E MSP-LOG-SDK-RateLimitManager: not_allow_invoke because of time_window_not_allow queue = [1781143255693], config = RateLimitConfig{maxCalls=1, timeWindowSeconds=7200, callIntervalSeconds=0}, ipcInvokeTimeQueueMapKey = com.heytap.nearx.tangramconfig.kit.client.ICloudCtrlServiceModule?@?global-domain_1961?@?4?@?com.coloros.phonemanager, has already call 1 times in 7200 seconds before
06-11 10:34:28.513 11083 11738 E MSP-LOG-SDK-: MspSdkException{code=3014,message=com.heytap.mspsdk.ratelimit.MspRateLimitExceededException: ipc rate limit exceeded in time window}
06-11 10:34:28.513 11083 11738 E MSP-LOG-SDK-: 	at com.heytap.mspsdk.ratelimit.b.a(RateLimitInterceptor.java:56)
06-11 10:34:28.513 11083 11738 E MSP-LOG-SDK-: 	at com.heytap.mspsdk.interceptor.c.a(StandardListChain.java:40)
06-11 10:34:28.513 11083 11738 E MSP-LOG-SDK-: 	at com.heytap.mspsdk.proxy.b.a(CompatCheckInterceptor.java:30)
06-11 10:34:28.513 11083 11738 E MSP-LOG-SDK-: 	at com.heytap.mspsdk.interceptor.c.a(StandardListChain.java:40)
06-11 10:34:28.513 11083 11738 E MSP-LOG-SDK-: 	at com.heytap.mspsdk.proxy.e.invoke(InnerInvocationHandler.java:202)
06-11 10:34:28.513 11083 11738 E MSP-LOG-SDK-: 	at java.lang.reflect.Proxy.invoke(Proxy.java:1006)
06-11 10:34:28.513 11083 11738 E MSP-LOG-SDK-: 	at $Proxy12.checkUpdateConfig(Unknown Source)
06-11 10:34:28.513 11083 11738 E MSP-LOG-SDK-: 	at com.heytap.nearx.tangramconfig.kit.client.KitProxy.checkUpdateConfig$lambda$3(KitProxy.kt:20)
06-11 10:34:28.513 11083 11738 E MSP-LOG-SDK-: 	at com.heytap.nearx.tangramconfig.kit.client.KitProxy.d(KitProxy.kt:1)
06-11 10:34:28.513 11083 11738 E MSP-LOG-SDK-: 	at com.heytap.nearx.tangramconfig.kit.client.e.run(R8$$SyntheticClass:9)
06-11 10:34:28.513 11083 11738 E MSP-LOG-SDK-: 	at java.util.concurrent.ThreadPoolExecutor.runWorker(ThreadPoolExecutor.java:1156)
06-11 10:34:28.513 11083 11738 E MSP-LOG-SDK-: 	at java.util.concurrent.ThreadPoolExecutor$Worker.run(ThreadPoolExecutor.java:651)
06-11 10:34:28.513 11083 11738 E MSP-LOG-SDK-: 	at java.lang.Thread.run(Thread.java:1119)
06-11 10:34:28.513 11083 11730 I MSP-LOG-SDK-MspSdk: Sdk has initialized! version:2.0.1.14
06-11 10:34:28.514 11083 11730 E MSP-LOG-SDK-RateLimitManager: not_allow_invoke because of time_window_not_allow queue = [1781143251665], config = RateLimitConfig{maxCalls=1, timeWindowSeconds=21600, callIntervalSeconds=0}, ipcInvokeTimeQueueMapKey = com.heytap.nearx.tangramconfig.kit.client.ICloudCtrlServiceModule?@?global-domain_1961?@?1?@?com.coloros.phonemanager, has already call 1 times in 21600 seconds before
06-11 10:34:28.514 11083 11730 E MSP-LOG-SDK-: MspSdkException{code=3014,message=com.heytap.mspsdk.ratelimit.MspRateLimitExceededException: ipc rate limit exceeded in time window}
06-11 10:34:28.514 11083 11730 E MSP-LOG-SDK-: 	at com.heytap.mspsdk.ratelimit.b.a(RateLimitInterceptor.java:56)
06-11 10:34:28.514 11083 11730 E MSP-LOG-SDK-: 	at com.heytap.mspsdk.interceptor.c.a(StandardListChain.java:40)
06-11 10:34:28.514 11083 11730 E MSP-LOG-SDK-: 	at com.heytap.mspsdk.proxy.b.a(CompatCheckInterceptor.java:30)
06-11 10:34:28.514 11083 11730 E MSP-LOG-SDK-: 	at com.heytap.mspsdk.interceptor.c.a(StandardListChain.java:40)
06-11 10:34:28.514 11083 11730 E MSP-LOG-SDK-: 	at com.heytap.mspsdk.proxy.e.invoke(InnerInvocationHandler.java:202)
06-11 10:34:28.514 11083 11730 E MSP-LOG-SDK-: 	at java.lang.reflect.Proxy.invoke(Proxy.java:1006)
06-11 10:34:28.514 11083 11730 E MSP-LOG-SDK-: 	at $Proxy12.getDynamicCondition(Unknown Source)
06-11 10:34:28.514 11083 11730 E MSP-LOG-SDK-: 	at com.heytap.nearx.tangramconfig.kit.client.KitProxy.getDynamicCondition$lambda$0(KitProxy.kt:25)
06-11 10:34:28.514 11083 11730 E MSP-LOG-SDK-: 	at com.heytap.nearx.tangramconfig.kit.client.KitProxy.b(KitProxy.kt:1)
06-11 10:34:28.514 11083 11730 E MSP-LOG-SDK-: 	at com.heytap.nearx.tangramconfig.kit.client.b.run(R8$$SyntheticClass:9)
06-11 10:34:28.514 11083 11730 E MSP-LOG-SDK-: 	at java.util.concurrent.ThreadPoolExecutor.runWorker(ThreadPoolExecutor.java:1156)
06-11 10:34:28.514 11083 11730 E MSP-LOG-SDK-: 	at java.util.concurrent.ThreadPoolExecutor$Worker.run(ThreadPoolExecutor.java:651)
06-11 10:34:28.514 11083 11730 E MSP-LOG-SDK-: 	at java.lang.Thread.run(Thread.java:1119)
06-11 10:34:28.514 11083 11732 I CloudConfig: ruc 1961 exit
06-11 10:34:28.514 11083 11732 I CloudConfig: tn: sdk-50351-ruc, dr: 18ms
06-11 10:34:28.524  1699  1966 I SDM     : HWDeviceDRM::OPlusGetQSyncMinFpsUpdate: VRR +  OPlusGetQSyncMinFpsUpdate: 1
06-11 10:34:28.524  1699  1966 I SDM     : HWDeviceDRM::OPlusIsQSyncMinFpsForAuto: VRR +  OPlusIsQSyncMinFpsForAuto: 1
06-11 10:34:28.524  1699  1966 I SDM     : HWDeviceDRM::OPlusGetQSyncMinFps: VRR +  OPlusGetQSyncMinFps: 12615810
06-11 10:34:28.528  1667  1845 I sensors-hal: get_display_brightness:690, light_iface: get_brightness ret = 1, fifo_fm[0].type = 7, data = 2
06-11 10:34:28.528  1667  1845 I sensors-hal: send_brightness:889, light_iface: send_cfg, br 1529, dc 0, power on 1, val 1181177, pwm turbo 0, freq 2
06-11 10:34:28.529 11083 11791 D CloudConfig_stgyHelper: mspVersionCanSupport mspKitVersion : 2021620
06-11 10:34:28.533 11083 11791 D CloudConfig_stgyHelper: getSupportKitMode strategyEntity : StrategyEntity(sdkInterval=1800000, strategyMode=1, minSDKVersion=1000, minKitVersion=2014122, validReqPeriod=7200000, maxReqProduct=100, forceKitIfKit=false, backoff=120000, enable=true, defaultLimit=RateLimitConfig{maxCalls=1, timeWindowSeconds=7200, callIntervalSeconds=0}, productLimits={global-domain_1281=RateLimitConfig{maxCalls=1, timeWindowSeconds=7200, callIntervalSeconds=0}, 50351=RateLimitConfig{maxCalls=1, timeWindowSeconds=7200, callIntervalSeconds=0}, compass_20092=RateLimitConfig{maxCalls=1, timeWindowSeconds=7200, callIntervalSeconds=0}, global-domain_1961=RateLimitConfig{maxCalls=1, timeWindowSeconds=7200, callIntervalSeconds=0}, compass_2=RateLimitConfig{maxCalls=1, timeWindowSeconds=7200, callIntervalSeconds=0}, mdp_2047=RateLimitConfig{maxCalls=1, timeWindowSeconds=7200, callIntervalSeconds=0}, mdp_2296=RateLimitConfig{maxCalls=1, timeWindowSeconds=7200, callIntervalSeconds=0}, compass_143100=RateLimitConfig{maxCalls=1, timeWindowSeconds=7200, callIntervalSeconds=0}})
06-11 10:34:28.534 11083 11791 D CloudConfig_stgyHelper: getSupportKitMode localSdkVersion : 1227
06-11 10:34:28.538 25296 25394 E AstScreen.ShortcutDAOV2: shortcutDataManager updateLegalStatusMap, legalStatusCache:{14=0, 15=0, 16=0, 18=0, 19=0, 20=0, 21=0, -1721645705=0, 1977694710=0, 24=0, 25=0, 27=0, 28=0, 55255895=0, 29=0, 30=0, 31=0, 32=0, -845193793=0, 33=0, 922111699=0, 331884525=0, 832615816=0, 42=0, 43=0, 44=0, 46=0, 47=0, 48=0, 49=0, 50=0, -1031558479=0, 51=0, 53=0, 56=0, 154133778=0, 1409950772=0, -1709882794=0, 72=0, 1536737232=0, 1692578987=0, 80=0, -1293286733=0, 101=0, 102=0, 703863186=0, -1558926477=0, 105=0, -1292231023=0, 108=0, 111=0, 112=0, -1763354987=0, 118=0, 124=0, 125=0, 1174097286=0, 126=0, 127=0, 313184810=0, -1667428321=0, 132=0, 134=0, 136=0, 140=0, 141=0, 142=0, 144=0, 145=0, 146=0, 147=0, -2096096381=0, 148=0, 1897569679=0, 156=0, -104850075=0, 173=0, 1880698029=0, 1488133239=0, 197=0, 207=0, 219=0, 220=0, 223=0, 227=0, 230=0, 231=0, 232=0, 195266379=0, 233=0, 234=0, 235=0, 236=0, 237=0, 238=0, 239=0, 240=0, 242=0, -159637874=0, 243=0, 244=0, 245=0, 246=0, 247=0, 248=4, 249=0, 251=0, 252=0, 253=0, 254=0, 255=0, 256=0, -262597285=0, -1606001344=0, 779490160=0, 1620159901=0, 277=0, 278=0, 279=4, 280=0, 282=0, 582398868=0, 1609454281=0, -1943382780=0, 1330658925=0, -1917041533=0, -491738124=0, 340=0, 1361780860=0, -1357050264=0, 1178046286=0, 1156888975=0, 1051878348=0, 277973278=0, -589493946=0, 1254578009=0, -819805508=0, 1334352421=0, 256457446=0, 301247579=0, -1664115334=0, 1967896714=0, 1659293491=0, 575541165=0, 1266951777=0, 1116722044=0, 1730484946=0, -1803751815=0, 361910168=0, -1848306725=0, -1186720938=0, -192889194=0, -1040394275=0, 682022528=0, 1319538838=0, -1605005728=0, 713993394=0, 1765779203=0, 2091464343=0, -1829134147=0, -1414602254=0, 1276497535=0, -1902438159=0, 1366626055=0, -860300598=0, 379189486=0, -644965387=0, -973170826=0, 673527470=0, -1635319800=0, 2056029204=0, -228864773=0, 2027416160=0, 378881071=0, 1654990951=0, 1442911426=0, 752555548=0, -1284596293=0, -54547863=0, -2086095549=0, 874354413=0, 1318294930=0, 2123438483=0, -69877540=0, 724574267=0, 1423017949=0, 949069732=0, 1661249612=0, 720897457=0, -1565432350=0, 320673862=0, 282428340=0, -505910608=0, -912745742=0, -695601689=0, 908623192=0, -30315083=0, -103524794=0, -1387139380=0, 633261597=0, -1046965711=0, 1591529847=0, -1565576931=0, 1994036591=0, 535446614=0, 2049668591=0, -859962506=0, -781612358=7, 1335515207=0, 1238325805=0}
06-11 10:34:28.538 25296 25394 I AstScreen.ShortcutVisualMessageManager: requestUpdateVisualDataCache,originUnExecutedVisualDataList:[],newVisualMessageCache:[]
06-11 10:34:28.538 25296 25394 I AstScreen.ShortcutRouterCacheHelper: isAnyUrlAvailableFromCache 279, title:腾讯元宝 has no legal url, dependentPackage:*o*.*e*c*n*.*u*y*a*.*p*.*h*t
06-11 10:34:28.548 11083 11778 I MSP-LOG-SDK-MspSdk: Sdk has initialized! version:2.0.1.14
06-11 10:34:28.548 11083 11778 E MSP-LOG-SDK-RateLimitManager: not_allow_invoke because of time_window_not_allow queue = [1781143252335], config = RateLimitConfig{maxCalls=1, timeWindowSeconds=7200, callIntervalSeconds=0}, ipcInvokeTimeQueueMapKey = com.heytap.nearx.tangramconfig.kit.client.ICloudCtrlServiceModule?@?compass_143100?@?3?@?com.coloros.phonemanager, has already call 1 times in 7200 seconds before
06-11 10:34:28.549 11083 11778 E MSP-LOG-SDK-: MspSdkException{code=3014,message=com.heytap.mspsdk.ratelimit.MspRateLimitExceededException: ipc rate limit exceeded in time window}
06-11 10:34:28.549 11083 11778 E MSP-LOG-SDK-: 	at com.heytap.mspsdk.ratelimit.b.a(RateLimitInterceptor.java:56)
06-11 10:34:28.549 11083 11778 E MSP-LOG-SDK-: 	at com.heytap.mspsdk.interceptor.c.a(StandardListChain.java:40)
06-11 10:34:28.549 11083 11778 E MSP-LOG-SDK-: 	at com.heytap.mspsdk.proxy.b.a(CompatCheckInterceptor.java:30)
06-11 10:34:28.549 11083 11778 E MSP-LOG-SDK-: 	at com.heytap.mspsdk.interceptor.c.a(StandardListChain.java:40)
06-11 10:34:28.549 11083 11778 E MSP-LOG-SDK-: 	at com.heytap.mspsdk.proxy.e.invoke(InnerInvocationHandler.java:202)
06-11 10:34:28.549 11083 11778 E MSP-LOG-SDK-: 	at java.lang.reflect.Proxy.invoke(Proxy.java:1006)
06-11 10:34:28.549 11083 11778 E MSP-LOG-SDK-: 	at $Proxy12.gatewayUpdate(Unknown Source)
06-11 10:34:28.549 11083 11778 E MSP-LOG-SDK-: 	at com.heytap.nearx.tangramconfig.kit.client.KitProxy.gatewayUpdate$lambda$2(KitProxy.kt:20)
06-11 10:34:28.549 11083 11778 E MSP-LOG-SDK-: 	at com.heytap.nearx.tangramconfig.kit.client.KitProxy.a(KitProxy.kt:1)
06-11 10:34:28.549 11083 11778 E MSP-LOG-SDK-: 	at com.heytap.nearx.tangramconfig.kit.client.a.run(R8$$SyntheticClass:9)
06-11 10:34:28.549 11083 11778 E MSP-LOG-SDK-: 	at java.util.concurrent.ThreadPoolExecutor.runWorker(ThreadPoolExecutor.java:1156)
06-11 10:34:28.549 11083 11778 E MSP-LOG-SDK-: 	at java.util.concurrent.ThreadPoolExecutor$Worker.run(ThreadPoolExecutor.java:651)
06-11 10:34:28.549 11083 11778 E MSP-LOG-SDK-: 	at java.lang.Thread.run(Thread.java:1119)
06-11 10:34:28.567  3189  4441 I NativeFreezeManager: Get dex2oat pid more than 3 times
06-11 10:34:28.577 11083 27441 I PhoneManager.VirusSelfDetectScanner: [filterByAdIdentifyTrustedApp] use cache
06-11 10:34:28.584  5227 29735 I m.heytap.market: Explicit concurrent mark compact GC freed 308KB AllocSpace bytes, 0(0B) LOS objects, 28% free,10136KB(M:8168KB,L:1968KB)/13MB, paused 2.270ms,4.610ms total 497.949ms
06-11 10:34:28.584  5227 29759 I m.heytap.market: WaitForGcToComplete blocked Explicit on Explicit for 1.225s
06-11 10:34:28.585  5227 29760 I m.heytap.market: Waiting for a blocking GC Explicit
06-11 10:34:28.585  5227 29901 I m.heytap.market: Waiting for a blocking GC Explicit
06-11 10:34:28.585  5227 29902 I m.heytap.market: Waiting for a blocking GC Explicit
06-11 10:34:28.598  4650  4670 I ndroid.launcher: Background concurrent mark compact GC freed 29MB AllocSpace bytes, 72(11MB) LOS objects, 49% free,36MB(M:34MB,L:2700KB)/73MB, paused 1.624ms,3.781ms total 742.722ms
06-11 10:34:28.613  4454  5101 I TcpSyn  : updateFrontUidsToKernel, uids = [10602]
06-11 10:34:28.615  4650  4672 W System  : A resource failed to call release. 
06-11 10:34:28.615  4650  4672 W System  : A resource failed to call release. 
06-11 10:34:28.615  4650  4672 W System  : A resource failed to call release. 
06-11 10:34:28.616  4650  4672 W System  : A resource failed to call release. 
06-11 10:34:28.616  4650  4672 W System  : A resource failed to call release. 
06-11 10:34:28.616  4650  4672 W System  : A resource failed to call release. 
06-11 10:34:28.616  4650  4672 W System  : A resource failed to call release. 
06-11 10:34:28.619  4650  4672 W System  : A resource failed to call HardwareBuffer.close. 
06-11 10:34:28.619  4650  4672 W System  : A resource failed to call release. 
06-11 10:34:28.619  4650  4672 W System  : A resource failed to call release. 
06-11 10:34:28.619  4650  4672 W System  : A resource failed to call release. 
06-11 10:34:28.620 25296 25394 E AstScreen.ShortcutDAOV2: shortcutDataManager updateLegalStatusMap, legalStatusCache:{14=0, 15=0, 16=0, 18=0, 19=0, 20=0, 21=0, -1721645705=0, 1977694710=0, 24=0, 25=0, 27=0, 28=0, 55255895=0, 29=0, 30=0, 31=0, 32=0, -845193793=0, 33=0, 922111699=0, 331884525=0, 832615816=0, 42=0, 43=0, 44=0, 46=0, 47=0, 48=0, 49=0, 50=0, -1031558479=0, 51=0, 53=0, 56=0, 154133778=0, 1409950772=0, -1709882794=0, 72=0, 1536737232=0, 1692578987=0, 80=0, -1293286733=0, 101=0, 102=0, 703863186=0, -1558926477=0, 105=0, -1292231023=0, 108=0, 111=0, 112=0, -1763354987=0, 118=0, 124=0, 125=0, 1174097286=0, 126=0, 127=0, 313184810=0, -1667428321=0, 132=0, 134=0, 136=0, 140=0, 141=0, 142=0, 144=0, 145=0, 146=0, 147=0, -2096096381=0, 148=0, 1897569679=0, 156=0, -104850075=0, 173=0, 1880698029=0, 1488133239=0, 197=0, 207=0, 219=0, 220=0, 223=0, 227=0, 230=0, 231=0, 232=0, 195266379=0, 233=0, 234=0, 235=0, 236=0, 237=0, 238=0, 239=0, 240=0, 242=0, -159637874=0, 243=0, 244=0, 245=0, 246=0, 247=0, 248=4, 249=0, 251=0, 252=0, 253=0, 254=0, 255=0, 256=0, -262597285=0, -1606001344=0, 779490160=0, 1620159901=0, 277=0, 278=0, 279=4, 280=0, 282=0, 582398868=0, 1609454281=0, -1943382780=0, 1330658925=0, -1917041533=0, -491738124=0, 340=0, 1361780860=0, -1357050264=0, 1178046286=0, 1156888975=0, 1051878348=0, 277973278=0, -589493946=0, 1254578009=0, -819805508=0, 1334352421=0, 256457446=0, 301247579=0, -1664115334=0, 1967896714=0, 1659293491=0, 575541165=0, 1266951777=0, 1116722044=0, 1730484946=0, -1803751815=0, 361910168=0, -1848306725=0, -1186720938=0, -192889194=0, -1040394275=0, 682022528=0, 1319538838=0, -1605005728=0, 713993394=0, 1765779203=0, 2091464343=0, -1829134147=0, -1414602254=0, 1276497535=0, -1902438159=0, 1366626055=0, -860300598=0, 379189486=0, -644965387=0, -973170826=0, 673527470=0, -1635319800=0, 2056029204=0, -228864773=0, 2027416160=0, 378881071=0, 1654990951=0, 1442911426=0, 752555548=0, -1284596293=0, -54547863=0, -2086095549=0, 874354413=0, 1318294930=0, 2123438483=0, -69877540=0, 724574267=0, 1423017949=0, 949069732=0, 1661249612=0, 720897457=0, -1565432350=0, 320673862=0, 282428340=0, -505910608=0, -912745742=0, -695601689=0, 908623192=0, -30315083=0, -103524794=0, -1387139380=0, 633261597=0, -1046965711=0, 1591529847=0, -1565576931=0, 1994036591=0, 535446614=0, 2049668591=0, -859962506=0, -781612358=7, 1335515207=0, 1238325805=0}
06-11 10:34:28.641  3189  4683 I OplusHansManager : FastFreeze exit, unfreeze uids: []
06-11 10:34:28.641  3189  4683 I OplusHansManager : exit FastFreezer, unfreeze uids: [] thaw: [], reason: exitFF
06-11 10:34:28.641  3189  4683 I OplusHansManager : notify state machine event=FF_EXIT to uids=[10602, 10136, 10370]
06-11 10:34:28.641  9703  9724 W .quicksearchbox: Reducing the number of considered missed Gc histogram windows from 170 to 100
06-11 10:34:28.666  3189  3251 I AccessibilityWindowsPopulator: getInsensibleFlag flag = 0
06-11 10:34:28.679 27947 29733 I com.oplus.games: Explicit concurrent mark compact GC freed 64KB AllocSpace bytes, 0(0B) LOS objects, 33% free,8196KB(M:6192KB,L:2004KB)/12MB, paused 1.581ms,3.768ms total 181.204ms
06-11 10:34:28.679 27947 29756 I com.oplus.games: WaitForGcToComplete blocked Explicit on Explicit for 1.345s
06-11 10:34:28.681 27947 29755 I com.oplus.games: Waiting for a blocking GC Explicit
06-11 10:34:28.690 28382 28479 D COSA->COSADBHolder: uni.UNI8E1957F - t: 7 - ut: -1
06-11 10:34:28.690 28382 28479 D COSA->COSADBHolder: tv.danmaku.bili - t: 7 - ut: -1
06-11 10:34:28.690 28382 28479 D COSA->COSADBHolder: tech.xiaoxiang.emily - t: 7 - ut: -1
06-11 10:34:28.690 28382 28479 D COSA->COSADBHolder: space.xinzhi.map - t: 7 - ut: -1
06-11 10:34:28.690 28382 28479 D COSA->COSADBHolder: space.xinzhi.hiko - t: 7 - ut: -1
06-11 10:34:28.690 28382 28479 D COSA->COSADBHolder: space.xinzhi.globe - t: 7 - ut: -1
06-11 10:34:28.690 28382 28479 D COSA->COSADBHolder: space.xinzhi.flutterseek - t: -1 - ut: -1
06-11 10:34:28.690 28382 28479 D COSA->COSADBHolder: space.xinzhi.fishing - t: 7 - ut: -1
06-11 10:34:28.690 28382 28479 D COSA->COSADBHolder: space.xinzhi.cloud - t: 7 - ut: -1
06-11 10:34:28.690 28382 28479 D COSA->COSADBHolder: org.osgearth.androidmvp.test - t: -1 - ut: -1
06-11 10:34:28.690 28382 28479 D COSA->COSADBHolder: org.osgearth.androidmvp - t: -1 - ut: -1
06-11 10:34:28.690 28382 28479 D COSA->COSADBHolder: null - t: -1 - ut: -1
06-11 10:34:28.690 28382 28479 D COSA->COSADBHolder: li.songe.gkd - t: -1 - ut: -1
06-11 10:34:28.690 28382 28479 D COSA->COSADBHolder: im.xingzhe - t: 7 - ut: -1
06-11 10:34:28.690 28382 28479 D COSA->COSADBHolder: im.xingyecamp.mm - t: 7 - ut: -1
06-11 10:34:28.690 28382 28479 D COSA->COSADBHolder: com.zsl.petalearth - t: 7 - ut: -1
06-11 10:34:28.690 28382 28479 D COSA->COSADBHolder: com.zhituxing.yxk - t: 7 - ut: -1
06-11 10:34:28.690 28382 28479 D COSA->COSADBHolder: com.zhihu.android - t: 7 - ut: -1
06-11 10:34:28.690 28382 28479 D COSA->COSADBHolder: com.zdbq.ljtq.ljweather - t: 7 - ut: -1
06-11 10:34:28.690 28382 28479 D COSA->COSADBHolder: com.yuanlue.sportnote - t: 7 - ut: -1
06-11 10:34:28.690 28382 28479 D COSA->COSADBHolder: com.youxiake - t: 7 - ut: -1
06-11 10:34:28.690 28382 28479 D COSA->COSADBHolder: com.youku.phone - t: 7 - ut: -1
06-11 10:34:28.690 28382 28479 D COSA->COSADBHolder: com.ykshengshi.yldr.nearme.gamecenter - t: 8 - ut: -1
06-11 10:34:28.690 28382 28479 D COSA->COSADBHolder: com.yc.knot - t: 7 - ut: -1
06-11 10:34:28.690 28382 28479 D COSA->COSADBHolder: com.xunmeng.pinduoduo - t: 7 - ut: -1
06-11 10:34:28.690 28382 28479 D COSA->COSADBHolder: com.xingin.xhs - t: 7 - ut: -1
06-11 10:34:28.690 28382 28479 D COSA->COSADBHolder: com.ximalaya.ting.android - t: 7 - ut: -1
06-11 10:34:28.690 28382 28479 D COSA->COSADBHolder: com.wuba.zhuanzhuan - t: 7 - ut: -1
06-11 10:34:28.690 28382 28479 D COSA->COSADBHolder: com.wuba - t: 7 - ut: -1
06-11 10:34:28.690 28382 28479 D COSA->COSADBHolder: com.wepie.ivy - t: 7 - ut: -1
06-11 10:34:28.690 28382 28479 D COSA->COSADBHolder: com.unionpay.tsmservice - t: 7 - ut: -1
06-11 10:34:28.690 28382 28479 D COSA->COSADBHolder: com.topgether.sixfoot - t: 7 - ut: -1
06-11 10:34:28.690 28382 28479 D COSA->COSADBHolder: com.tmri.app.main - t: 7 - ut: -1
06-11 10:34:28.690 28382 28479 D COSA->COSADBHolder: com.tencent.wework - t: 7 - ut: -1
06-11 10:34:28.690 28382 28479 D COSA->COSADBHolder: com.tencent.mobileqq - t: 7 - ut: -1
06-11 10:34:28.691 28382 28479 D COSA->COSADBHolder: com.tencent.mm - t: 7 - ut: -1
06-11 10:34:28.691 28382 28479 D COSA->COSADBHolder: com.tencent.map - t: 7 - ut: -1
06-11 10:34:28.691 28382 28479 D COSA->COSADBHolder: com.tencent.android.qqdownloader - t: 7 - ut: -1
06-11 10:34:28.691 28382 28479 D COSA->COSADBHolder: com.ted.number - t: -1 - ut: -1
06-11 10:34:28.691 28382 28479 D COSA->COSADBHolder: com.taptap - t: 7 - ut: -1
06-11 10:34:28.691 28382 28479 D COSA->COSADBHolder: com.taobao.idlefish - t: 7 - ut: -1
06-11 10:34:28.691 28382 28479 D COSA->COSADBHolder: com.ss.android.yumme.video - t: 7 - ut: -1
06-11 10:34:28.691 28382 28479 D COSA->COSADBHolder: com.ss.android.ugc.sicily_cm - t: 7 - ut: -1
06-11 10:34:28.691 28382 28479 D COSA->COSADBHolder: com.ss.android.ugc.livelite - t: 7 - ut: -1
06-11 10:34:28.691 28382 28479 D COSA->COSADBHolder: com.ss.android.ugc.aweme.lite - t: 7 - ut: -1
06-11 10:34:28.691 28382 28479 D COSA->COSADBHolder: com.ss.android.ugc.aweme.hubble - t: 7 - ut: -1
06-11 10:34:28.691 28382 28479 D COSA->COSADBHolder: com.ss.android.ugc.aweme - t: 7 - ut: -1
06-11 10:34:28.691 28382 28479 D COSA->COSADBHolder: com.ss.android.lark - t: 7 - ut: -1
06-11 10:34:28.691 28382 28479 D COSA->COSADBHolder: com.ss.android.auto - t: 7 - ut: -1
06-11 10:34:28.691 28382 28479 D COSA->COSADBHolder: com.ss.android.article.video - t: 7 - ut: -1
06-11 10:34:28.691 28382 28479 D COSA->COSADBHolder: com.ss.android.article.news - t: 7 - ut: -1
06-11 10:34:28.691 28382 28479 D COSA->COSADBHolder: com.sohu.newsclient - t: 7 - ut: -1
06-11 10:34:28.691 28382 28479 D COSA->COSADBHolder: com.sohu.inputmethod.sogouoem - t: 7 - ut: -1
06-11 10:34:28.691 28382 28479 D COSA->COSADBHolder: com.smile.gifmaker - t: 7 - ut: -1
06-11 10:34:28.691 28382 28479 D COSA->COSADBHolder: com.sinovatech.unicom.ui - t: 7 - ut: -1
06-11 10:34:28.691 28382 28479 D COSA->COSADBHolder: com.sina.weibo - t: 7 - ut: -1
06-11 10:34:28.691 28382 28479 D COSA->COSADBHolder: com.shoujihaodwsszr.gkh - t: 7 - ut: -1
06-11 10:34:28.691 28382 28479 D COSA->COSADBHolder: com.sankuai.meituan - t: 7 - ut: -1
06-11 10:34:28.691 28382 28479 D COSA->COSADBHolder: com.roveover.wowo - t: 7 - ut: -1
06-11 10:34:28.691 28382 28479 D COSA->COSADBHolder: com.relax.calm.and - t: 7 - ut: -1
06-11 10:34:28.691 28382 28479 D COSA->COSADBHolder: com.redteamobile.roaming - t: 7 - ut: -1
06-11 10:34:28.691 28382 28479 D COSA->COSADBHolder: com.quark.browser - t: 7 - ut: -1
06-11 10:34:28.691 28382 28479 D COSA->COSADBHolder: com.pingan.paces.ccms - t: 7 - ut: -1
06-11 10:34:28.691 28382 28479 D COSA->COSADBHolder: com.phoenix.read - t: 7 - ut: -1
06-11 10:34:28.691 28382 28479 D COSA->COSADBHolder: com.peachhdplayer.player - t: 7 - ut: -1
06-11 10:34:28.691 28382 28479 D COSA->COSADBHolder: com.ovital.ovitalMap - t: 7 - ut: -1
06-11 10:34:28.691 28382 28479 D COSA->COSADBHolder: com.oppo.store - t: 7 - ut: -1
06-11 10:34:28.691 28382 28479 D COSA->COSADBHolder: com.oppo.instant.local.service - t: -1 - ut: -1
06-11 10:34:28.691 28382 28479 D COSA->COSADBHolder: com.opos.ads - t: 7 - ut: -1
06-11 10:34:28.691 28382 28479 D COSA->COSADBHolder: com.oplus.uiengine - t: 7 - ut: -1
06-11 10:34:28.691 28382 28479 D COSA->COSADBHolder: com.oplus.ttsaccessibilityengine - t: -1 - ut: -1
06-11 10:34:28.691 28382 28479 D COSA->COSADBHolder: com.oplus.tips - t: 7 - ut: -1
06-11 10:34:28.691 28382 28479 D COSA->COSADBHolder: com.oplus.thirdkit - t: 7 - ut: -1
06-11 10:34:28.691 28382 28479 D COSA->COSADBHolder: com.oplus.statistics.rom - t: 7 - ut: -1
06-11 10:34:28.691 28382 28479 D COSA->COSADBHolder: com.oplus.screenshot - t: 7 - ut: -1
06-11 10:34:28.691 28382 28479 D COSA->COSADBHolder: com.oplus.screenrecorder - t: 7 - ut: -1
06-11 10:34:28.691 28382 28479 D COSA->COSADBHolder: com.oplus.sauhelper - t: -1 - ut: -1
06-11 10:34:28.691 28382 28479 D COSA->COSADBHolder: com.oplus.remotecontrol - t: 7 - ut: -1
06-11 10:34:28.691 28382 28479 D COSA->COSADBHolder: com.oplus.play - t: 7 - ut: -1
06-11 10:34:28.691 28382 28479 D COSA->COSADBHolder: com.oplus.phonenoareainquire - t: 7 - ut: -1
06-11 10:34:28.691 28382 28479 D COSA->COSADBHolder: com.oplus.pay - t: 7 - ut: -1
06-11 10:34:28.691 28382 28479 D COSA->COSADBHolder: com.oplus.pantanal.ums - t: 7 - ut: -1
06-11 10:34:28.691 28382 28479 D COSA->COSADBHolder: com.oplus.owork - t: 7 - ut: -1
06-11 10:34:28.691 28382 28479 D COSA->COSADBHolder: com.oplus.ota - t: -1 - ut: -1
06-11 10:34:28.691 28382 28479 D COSA->COSADBHolder: com.oplus.ocar - t: -1 - ut: -1
06-11 10:34:28.691 28382 28479 D COSA->COSADBHolder: com.oplus.metis - t: 7 - ut: -1
06-11 10:34:28.691 28382 28479 D COSA->COSADBHolder: com.oplus.melody - t: 7 - ut: -1
06-11 10:34:28.691 28382 28479 D COSA->COSADBHolder: com.oplus.mediaturbo - t: 7 - ut: -1
06-11 10:34:28.691 28382 28479 D COSA->COSADBHolder: com.oplus.matrix - t: 7 - ut: -1
06-11 10:34:28.691 28382 28479 D COSA->COSADBHolder: com.oplus.linker - t: 7 - ut: -1
06-11 10:34:28.691 28382 28479 D COSA->COSADBHolder: com.oplus.games - t: 7 - ut: -1
06-11 10:34:28.691 28382 28479 D COSA->COSADBHolder: com.oplus.ether - t: 7 - ut: -1
06-11 10:34:28.691 28382 28479 D COSA->COSADBHolder: com.oplus.dmp - t: 7 - ut: -1
06-11 10:34:28.691 28382 28479 D COSA->COSADBHolder: com.oplus.deepthinker - t: 7 - ut: -1
06-11 10:34:28.691 28382 28479 D COSA->COSADBHolder: com.oplus.contentportal - t: 7 - ut: -1
06-11 10:34:28.691 28382 28479 D COSA->COSADBHolder: com.oplus.consumerIRApp - t: 7 - ut: -1
06-11 10:34:28.691 28382 28479 D COSA->COSADBHolder: com.oplus.colorx - t: 7 - ut: -1
06-11 10:34:28.691 28382 28479 D COSA->COSADBHolder: com.oplus.cardigitalkey - t: -1 - ut: -1
06-11 10:34:28.691 28382 28479 D COSA->COSADBHolder: com.oplus.appdetail - t: 7 - ut: -1
06-11 10:34:28.691 28382 28479 D COSA->COSADBHolder: com.oplus.aiwriter - t: 7 - ut: -1
06-11 10:34:28.691 28382 28479 D COSA->COSADBHolder: com.oplus.aiunit - t: 7 - ut: -1
06-11 10:34:28.691 28382 28479 D COSA->COSADBHolder: com.oplus.aimemory - t: 7 - ut: -1
06-11 10:34:28.691 28382 28479 D COSA->COSADBHolder: com.oplus.account - t: 7 - ut: -1
06-11 10:34:28.691 28382 28479 D COSA->COSADBHolder: com.oplus.acc.gac - t: 7 - ut: -1
06-11 10:34:28.692 28382 28479 D COSA->COSADBHolder: com.oneplus.member - t: 7 - ut: -1
06-11 10:34:28.692 28382 28479 D COSA->COSADBHolder: com.oneplus.brickmode - t: 7 - ut: -1
06-11 10:34:28.692 28382 28479 D COSA->COSADBHolder: com.oneplus.bbs - t: 7 - ut: -1
06-11 10:34:28.692 28382 28479 D COSA->COSADBHolder: com.oceansecondnum - t: -1 - ut: -1
06-11 10:34:28.692 28382 28479 D COSA->COSADBHolder: com.oasis.jltx.nearme.gamecenter - t: 8 - ut: -1
06-11 10:34:28.692 28382 28479 D COSA->COSADBHolder: com.nqsky.rmad.dizhiyun - t: 7 - ut: -1
06-11 10:34:28.692 28382 28479 D COSA->COSADBHolder: com.netease.stzb.nearme.gamecenter - t: 8 - ut: -1
06-11 10:34:28.692 28382 28479 D COSA->COSADBHolder: com.netease.dhxy.nearme.gamecenter - t: 8 - ut: -1
06-11 10:34:28.692 28382 28479 D COSA->COSADBHolder: com.nearme.instant.platform - t: 7 - ut: -1
06-11 10:34:28.692 28382 28479 D COSA->COSADBHolder: com.nearme.gamecenter - t: 7 - ut: -1
06-11 10:34:28.692 28382 28479 D COSA->COSADBHolder: com.mss.fire - t: 7 - ut: -1
06-11 10:34:28.692 28382 28479 D COSA->COSADBHolder: com.moji.mjweather - t: 7 - ut: -1
06-11 10:34:28.692 28382 28479 D COSA->COSADBHolder: com.microsoft.appmanager - t: 7 - ut: -1
06-11 10:34:28.692 28382 28479 D COSA->COSADBHolder: com.mcswscdtnov.map - t: 7 - ut: -1
06-11 10:34:28.692 28382 28479 D COSA->COSADBHolder: com.luna.music - t: 7 - ut: -1
06-11 10:34:28.692 28382 28479 D COSA->COSADBHolder: com.lolaage.tbulu.tools - t: 7 - ut: -1
06-11 10:34:28.692 28382 28479 D COSA->COSADBHolder: com.lianjia.beike - t: 7 - ut: -1
06-11 10:34:28.692 28382 28479 D COSA->COSADBHolder: com.lemurbrowser.exts - t: 7 - ut: -1
06-11 10:34:28.692 28382 28479 D COSA->COSADBHolder: com.leihuokeji.qcshop_app - t: 7 - ut: -1
06-11 10:34:28.692 28382 28479 D COSA->COSADBHolder: com.larus.nova - t: 7 - ut: -1
06-11 10:34:28.692 28382 28479 D COSA->COSADBHolder: com.kmxs.reader - t: 7 - ut: -1
06-11 10:34:28.692 28382 28479 D COSA->COSADBHolder: com.jingdong.app.mall - t: 7 - ut: -1
06-11 10:34:28.692 28382 28479 D COSA->COSADBHolder: com.jdcar.jch - t: 7 - ut: -1
06-11 10:34:28.692 28382 28479 D COSA->COSADBHolder: com.immomo.momo - t: 7 - ut: -1
06-11 10:34:28.692 28382 28479 D COSA->COSADBHolder: com.ikang.official - t: 7 - ut: -1
06-11 10:34:28.692 28382 28479 D COSA->COSADBHolder: com.heytap.yoli - t: 7 - ut: -1
06-11 10:34:28.691  4650 23457 I PantaCard.Lnch.InstantCardEngine:  100281&1888747526&3_sid=536877097_rk=03cc59,sendMessageToCard, cardTag:100281&1888747526&3, false, newData.size = 34, code = 0, hasLoaded: true[sdk:v1.3.130-5a024cf,seed-plugin:v16.56.0-85a272db,app:v16.4.25] [OplusLauncher|com.android.launcher|2.0.44-25e9612]
06-11 10:34:28.692 28382 28479 D COSA->COSADBHolder: com.heytap.themestore - t: 7 - ut: -1
06-11 10:34:28.692 28382 28479 D COSA->COSADBHolder: com.heytap.speechassist - t: 7 - ut: -1
06-11 10:34:28.692 28382 28479 D COSA->COSADBHolder: com.heytap.reader - t: 7 - ut: -1
06-11 10:34:28.692 28382 28479 D COSA->COSADBHolder: com.heytap.quicksearchbox - t: 7 - ut: -1
06-11 10:34:28.692 28382 28479 D COSA->COSADBHolder: com.heytap.pictorial - t: 7 - ut: -1
06-11 10:34:28.692 28382 28479 D COSA->COSADBHolder: com.heytap.opluscarlink - t: 7 - ut: -1
06-11 10:34:28.692 28382 28479 D COSA->COSADBHolder: com.heytap.openid - t: 7 - ut: -1
06-11 10:34:28.692 28382 28479 D COSA->COSADBHolder: com.heytap.music - t: 7 - ut: -1
06-11 10:34:28.692 28382 28479 D COSA->COSADBHolder: com.heytap.mcs - t: 7 - ut: -1
06-11 10:34:28.692 28382 28479 D COSA->COSADBHolder: com.heytap.market - t: 7 - ut: -1
06-11 10:34:28.692 28382 28479 D COSA->COSADBHolder: com.heytap.htms - t: 7 - ut: -1
06-11 10:34:28.692 28382 28479 D COSA->COSADBHolder: com.heytap.health - t: 7 - ut: -1
06-11 10:34:28.692 28382 28479 D COSA->COSADBHolder: com.heytap.cloud - t: 7 - ut: -1
06-11 10:34:28.692 28382 28479 D COSA->COSADBHolder: com.heytap.browser - t: 7 - ut: -1
06-11 10:34:28.692 28382 28479 D COSA->COSADBHolder: com.heytap.accessory - t: 7 - ut: -1
06-11 10:34:28.692 28382 28479 D COSA->COSADBHolder: com.heweather.weatherapp - t: 7 - ut: -1
06-11 10:34:28.692 28382 28479 D COSA->COSADBHolder: com.hero.dna.nearme.gamecenter - t: 8 - ut: -1
06-11 10:34:28.692 28382 28479 D COSA->COSADBHolder: com.gzhg.sgwdsh.nearme.gamecenter - t: 8 - ut: -1
06-11 10:34:28.692 28382 28479 D COSA->COSADBHolder: com.greenpoint.android.mc10086.activity - t: 7 - ut: -1
06-11 10:34:28.692 28382 28479 D COSA->COSADBHolder: com.google.ar.core - t: 7 - ut: -1
06-11 10:34:28.692 28382 28479 D COSA->COSADBHolder: com.google.android.webview - t: 7 - ut: -1
06-11 10:34:28.692 28382 28479 D COSA->COSADBHolder: com.google.android.marvin.talkback - t: 7 - ut: -1
06-11 10:34:28.692 28382 28479 D COSA->COSADBHolder: com.google.android.gms - t: 7 - ut: -1
06-11 10:34:28.692 28382 28479 D COSA->COSADBHolder: com.globe.poc - t: -1 - ut: -1
06-11 10:34:28.692 28382 28479 D COSA->COSADBHolder: com.github.metacubex.clash.meta - t: -1 - ut: -1
06-11 10:34:28.692 28382 28479 D COSA->COSADBHolder: com.github.kr328.clash - t: 7 - ut: -1
06-11 10:34:28.692 28382 28479 D COSA->COSADBHolder: com.future.landscape - t: 7 - ut: -1
06-11 10:34:28.692 28382 28479 D COSA->COSADBHolder: com.future.compass - t: 7 - ut: -1
06-11 10:34:28.692 28382 28479 D COSA->COSADBHolder: com.finshell.wallet - t: 7 - ut: -1
06-11 10:34:28.692 28382 28479 D COSA->COSADBHolder: com.fido.fido2client - t: 7 - ut: -1
06-11 10:34:28.692 28382 28479 D COSA->COSADBHolder: com.example.webview_demo - t: -1 - ut: -1
06-11 10:34:28.692 28382 28479 D COSA->COSADBHolder: com.example.gnsssatdemo - t: -1 - ut: -1
06-11 10:34:28.692 28382 28479 D COSA->COSADBHolder: com.example.findmapbox - t: 7 - ut: -1
06-11 10:34:28.692 28382 28479 D COSA->COSADBHolder: com.example.cesiumpoc.native_demo - t: -1 - ut: -1
06-11 10:34:28.692 28382 28479 D COSA->COSADBHolder: com.example.cesiumpoc.cesium_native_android_poc - t: -1 - ut: -1
06-11 10:34:28.692 28382 28479 D COSA->COSADBHolder: com.eg.android.AlipayGphone - t: 7 - ut: -1
06-11 10:34:28.692 28382 28479 D COSA->COSADBHolder: com.earthmd - t: -1 - ut: -1
06-11 10:34:28.692 28382 28479 D COSA->COSADBHolder: com.earthengine.minimalglobe - t: -1 - ut: -1
06-11 10:34:28.692 28382 28479 D COSA->COSADBHolder: com.earth.bdspace - t: 7 - ut: -1
06-11 10:34:28.692 28382 28479 D COSA->COSADBHolder: com.dz.hmjc - t: 7 - ut: -1
06-11 10:34:28.692 28382 28479 D COSA->COSADBHolder: com.dragon.read - t: 7 - ut: -1
06-11 10:34:28.692 28382 28479 D COSA->COSADBHolder: com.deepseek.chat - t: 7 - ut: -1
06-11 10:34:28.692 28382 28479 D COSA->COSADBHolder: com.coze.space - t: 7 - ut: -1
06-11 10:34:28.692 28382 28479 D COSA->COSADBHolder: com.coloros.weather2 - t: 7 - ut: -1
06-11 10:34:28.692 28382 28479 D COSA->COSADBHolder: com.coloros.weather.service - t: 7 - ut: -1
06-11 10:34:28.692 28382 28479 D COSA->COSADBHolder: com.coloros.translate.engine - t: 7 - ut: -1
06-11 10:34:28.692 28382 28479 D COSA->COSADBHolder: com.coloros.translate - t: 7 - ut: -1
06-11 10:34:28.692 28382 28479 D COSA->COSADBHolder: com.coloros.soundrecorder - t: 7 - ut: -1
06-11 10:34:28.692 28382 28479 D COSA->COSADBHolder: com.coloros.smartsidebar - t: 7 - ut: -1
06-11 10:34:28.693 28382 28479 D COSA->COSADBHolder: com.coloros.shortcuts - t: 7 - ut: -1
06-11 10:34:28.693 28382 28479 D COSA->COSADBHolder: com.coloros.sceneservice - t: 7 - ut: -1
06-11 10:34:28.693 28382 28479 D COSA->COSADBHolder: com.coloros.phonemanager - t: 7 - ut: -1
06-11 10:34:28.693 28382 28479 D COSA->COSADBHolder: com.coloros.oshare - t: 7 - ut: -1
06-11 10:34:28.693 28382 28479 D COSA->COSADBHolder: com.coloros.operationManual - t: 7 - ut: -1
06-11 10:34:28.693 28382 28479 D COSA->COSADBHolder: com.coloros.ocrscanner - t: 7 - ut: -1
06-11 10:34:28.693 28382 28479 D COSA->COSADBHolder: com.coloros.note - t: 7 - ut: -1
06-11 10:34:28.693 28382 28479 D COSA->COSADBHolder: com.coloros.gallery3d - t: 7 - ut: -1
06-11 10:34:28.693 28382 28479 D COSA->COSADBHolder: com.coloros.findmyphone - t: 7 - ut: -1
06-11 10:34:28.693 28382 28479 D COSA->COSADBHolder: com.coloros.filemanager - t: 7 - ut: -1
06-11 10:34:28.693 28382 28479 D COSA->COSADBHolder: com.coloros.favorite - t: 7 - ut: -1
06-11 10:34:28.693 28382 28479 D COSA->COSADBHolder: com.coloros.familyguard - t: 7 - ut: -1
06-11 10:34:28.693 28382 28479 D COSA->COSADBHolder: com.coloros.directui - t: 7 - ut: -1
06-11 10:34:28.693 28382 28479 D COSA->COSADBHolder: com.coloros.digitalwellbeing - t: 7 - ut: -1
06-11 10:34:28.693 28382 28479 D COSA->COSADBHolder: com.coloros.compass2 - t: 7 - ut: -1
06-11 10:34:28.693 28382 28479 D COSA->COSADBHolder: com.coloros.colordirectservice - t: 7 - ut: -1
06-11 10:34:28.693 28382 28479 D COSA->COSADBHolder: com.coloros.codebook - t: 7 - ut: -1
06-11 10:34:28.693 28382 28479 D COSA->COSADBHolder: com.coloros.calendar - t: 7 - ut: -1
06-11 10:34:28.693 28382 28479 D COSA->COSADBHolder: com.coloros.calculator - t: 7 - ut: -1
06-11 10:34:28.693 28382 28479 D COSA->COSADBHolder: com.coloros.backuprestore - t: 7 - ut: -1
06-11 10:34:28.693 28382 28479 D COSA->COSADBHolder: com.coloros.assistantscreen - t: 7 - ut: -1
06-11 10:34:28.693 28382 28479 D COSA->COSADBHolder: com.coloros.alarmclock - t: 7 - ut: -1
06-11 10:34:28.693 28382 28479 D COSA->COSADBHolder: com.coloros.accessibilityassistant - t: 7 - ut: -1
06-11 10:34:28.693 28382 28479 D COSA->COSADBHolder: com.cmlink.esim - t: -1 - ut: -1
06-11 10:34:28.693 28382 28479 D COSA->COSADBHolder: com.citiccard.mobilebank - t: 7 - ut: -1
06-11 10:34:28.693 28382 28479 D COSA->COSADBHolder: com.chinamworld.bocmbci - t: 7 - ut: -1
06-11 10:34:28.693 28382 28479 D COSA->COSADBHolder: com.cat.readall - t: 7 - ut: -1
06-11 10:34:28.693 28382 28479 D COSA->COSADBHolder: com.bendibao - t: 7 - ut: -1
06-11 10:34:28.693 28382 28479 D COSA->COSADBHolder: com.baidu.searchbox - t: 7 - ut: -1
06-11 10:34:28.693 28382 28479 D COSA->COSADBHolder: com.baidu.netdisk - t: 7 - ut: -1
06-11 10:34:28.693 28382 28479 D COSA->COSADBHolder: com.baidu.input_oppo - t: 7 - ut: -1
06-11 10:34:28.693 28382 28479 D COSA->COSADBHolder: com.baidu.carlife.oppo - t: 7 - ut: -1
06-11 10:34:28.693 28382 28479 D COSA->COSADBHolder: com.azure.authenticator - t: 7 - ut: -1
06-11 10:34:28.693 28382 28479 D COSA->COSADBHolder: com.autonavi.minimap - t: 7 - ut: -1
06-11 10:34:28.693 28382 28479 D COSA->COSADBHolder: com.autonavi.gxdtaojin - t: 7 - ut: -1
06-11 10:34:28.693 28382 28479 D COSA->COSADBHolder: com.android.vending - t: 7 - ut: -1
06-11 10:34:28.693 28382 28479 D COSA->COSADBHolder: com.android.mms.service - t: -1 - ut: -1
06-11 10:34:28.693 28382 28479 D COSA->COSADBHolder: com.android.mms - t: 7 - ut: -1
06-11 10:34:28.693 28382 28479 D COSA->COSADBHolder: com.android.email - t: 7 - ut: -1
06-11 10:34:28.693 28382 28479 D COSA->COSADBHolder: com.android.contacts - t: 7 - ut: -1
06-11 10:34:28.693 28382 28479 D COSA->COSADBHolder: com.android.chrome - t: 7 - ut: -1
06-11 10:34:28.693 28382 28479 D COSA->COSADBHolder: com.aliyun.tongyi - t: 7 - ut: -1
06-11 10:34:28.693 28382 28479 D COSA->COSADBHolder: com.alibaba.android.rimet - t: 7 - ut: -1
06-11 10:34:28.693 28382 28479 D COSA->COSADBHolder: com.achievo.vipshop - t: 7 - ut: -1
06-11 10:34:28.693 28382 28479 D COSA->COSADBHolder: com.aaron.grabredpacket - t: 7 - ut: -1
06-11 10:34:28.693 28382 28479 D COSA->COSADBHolder: com.UCMobile - t: 7 - ut: -1
06-11 10:34:28.693 28382 28479 D COSA->COSADBHolder: com.MobileTicket - t: 7 - ut: -1
06-11 10:34:28.693 28382 28479 D COSA->COSADBHolder: com.HaoTuBang.H3DBodyFree - t: 7 - ut: -1
06-11 10:34:28.693 28382 28479 D COSA->COSADBHolder: cn.wps.moffice.lite - t: 7 - ut: -1
06-11 10:34:28.693 28382 28479 D COSA->COSADBHolder: cn.soulapp.android - t: 7 - ut: -1
06-11 10:34:28.693 28382 28479 D COSA->COSADBHolder: cn.happy.heartbeat - t: 7 - ut: -1
06-11 10:34:28.693 28382 28479 D COSA->COSADBHolder: cn.danatech.xingseapp - t: 7 - ut: -1
06-11 10:34:28.693 28382 28479 D COSA->COSADBHolder: cn.TuHu.android - t: 7 - ut: -1
06-11 10:34:28.693 28382 28479 D COSA->COSADBHolder: cmb.pb - t: 7 - ut: -1
06-11 10:34:28.693 28382 28479 D COSA->COSADBHolder: andes.oplus.documentsreader - t: 7 - ut: -1
06-11 10:34:28.693 28382 28479 D COSA->COSADBHolder: air.tv.douyu.android - t: 7 - ut: -1
06-11 10:34:28.696  4650  6739 D ExtensionManager: system.localconnection :1:registerCallback tid:5275
06-11 10:34:28.696  4650 23595 D JsConsole: breeno2X2-launcher(rsUDrjLDfb7Y)::card_content: onCurrentScreenDataChange, form: onChangeMessage
06-11 10:34:28.696  4650 23595 D JsConsole: breeno2X2-launcher(rsUDrjLDfb7Y)::TimerManager: tag：debounce setTimeout id：VmjMrVLmtO
06-11 10:34:28.708 28382 28479 D COSA->COSADBHolder: DB update size = 235
06-11 10:34:28.728 28382 28463 I COSA->COSADBHolder: set game list to oiface , com.ykshengshi.yldr.nearme.gamecenter, com.oasis.jltx.nearme.gamecenter, com.netease.stzb.nearme.gamecenter, com.netease.dhxy.nearme.gamecenter, com.hero.dna.nearme.gamecenter, com.gzhg.sgwdsh.nearme.gamecenter
06-11 10:34:28.731 28382 28463 D COSA->COSADBHolder: setOpenGameListToFW OpenGameListConfig [com.ykshengshi.yldr.nearme.gamecenter, com.oasis.jltx.nearme.gamecenter, com.netease.stzb.nearme.gamecenter, com.netease.dhxy.nearme.gamecenter, com.hero.dna.nearme.gamecenter, com.gzhg.sgwdsh.nearme.gamecenter]
06-11 10:34:28.747  4650 23595 D JsBridgeTimer: com.oppoopen.apptipcard setTimeoutCallback id:658
06-11 10:34:28.747  4650 23595 D JsConsole: breeno2X2-launcher(rsUDrjLDfb7Y)::TimerManager: invoke real timeout callback by JS thread,id：VmjMrVLmtO
06-11 10:34:28.753  5227 29759 I m.heytap.market: Explicit concurrent mark compact GC freed 80KB AllocSpace bytes, 0(0B) LOS objects, 28% free,10120KB(M:8152KB,L:1968KB)/13MB, paused 1.613ms,4.250ms total 168.545ms
06-11 10:34:28.753  5227 29760 I m.heytap.market: WaitForGcToComplete blocked Explicit on Explicit for 1.394s
06-11 10:34:28.754  5227 29901 I m.heytap.market: Waiting for a blocking GC Explicit
06-11 10:34:28.754  5227 29902 I m.heytap.market: Waiting for a blocking GC Explicit
06-11 10:34:28.754 28382 28463 D COSA->GameServiceSyncUtil: [m] syncGameListToGMS
06-11 10:34:28.761  4329  4346 I ndroid.systemui: Background concurrent mark compact GC freed 33MB AllocSpace bytes, 20(1848KB) LOS objects, 50% free,61MB(M:59MB,L:2104KB)/123MB, paused 1.369ms,10.200ms total 1.679s
06-11 10:34:28.762  4329  4630 D HWUI    : SkiaOpenGLPipeline::setSurface: this=0xb400007ac1749cc0, surface=NULL
06-11 10:34:28.764  4329  4630 D HWUI    : SkiaOpenGLPipeline::setSurface: this=0xb400007ac174c740, surface=NULL
06-11 10:34:28.767  4329  4348 W System  : A resource failed to call release. 
06-11 10:34:28.768  4329  4348 W System  : A resource failed to call release. 
06-11 10:34:28.771 29795 29937 W LOG_FLOWCTRL: ==LOGS OVER PROC QUOTA(300), rows(26) bytes(1386) com.earthengine.minimalglobe u(0) l(0) t(0) c(0) DROPPED==
06-11 10:34:28.771 29795 29937 I JniHttpHelper: httpGet OK: https://webst04.is.autonavi.com/appmaptile?style=6&x=5&y=6&z=3 -> 3099 bytes
06-11 10:34:28.777  1667 15952 I sensors-hal: handle_oplus_wise_rgb_event:230, wise_rgb:algo_type = 3
06-11 10:34:28.777  1667 15952 I sensors-hal: get_brightness:1652, light_iface: get_brightness, brl 1529, pwm_turbo_on 0/0, hbm_dc 0
06-11 10:34:28.777  1667 15952 I sensors-hal: handle_oplus_wise_rgb_event:285, wise_rgb: raw_lux 524.461670, raw_cct 6543.948730, r/g/b/c: 41253.996094/36103.332031/20711.613281/91951.984375, R/G/B: 0.000000/0.000000/0.000000, brl 1529.000000, lux: 524.461670, cct: 6543.948730, ts 242666092579478, cnt 3989
06-11 10:34:28.788  3189  3980 W ContentProviderHelper: Permission Denial: opening provider androidx.core.content.FileProvider from ProcessRecord{ddf9226 24785:com.tencent.android.qqdownloader/u0a370} (pid=24785, uid=10370) that is not exported from UID 1027
06-11 10:34:28.794 29795 29937 I AndroidBridge: Decoded image 256x256 from 3099 bytes
06-11 10:34:28.808 29795 29795 I BasemapLayer: Tile uploaded: 3/5/6 256x256
06-11 10:34:28.810  3189  3251 I AccessibilityWindowsPopulator: getInsensibleFlag flag = 0
06-11 10:34:28.819 27947 29756 I com.oplus.games: Explicit concurrent mark compact GC freed 64KB AllocSpace bytes, 0(0B) LOS objects, 33% free,8196KB(M:6192KB,L:2004KB)/12MB, paused 1.678ms,3.600ms total 139.244ms
06-11 10:34:28.819 27947 29755 I com.oplus.games: WaitForGcToComplete blocked Explicit on Explicit for 1.483s
06-11 10:34:28.829  3189  3210 I system_server: Background concurrent mark compact GC freed 115MB AllocSpace bytes, 97(2892KB) LOS objects, 39% free,144MB(M:137MB,L:7112KB)/240MB, paused 4.079ms,6.480ms total 1.370s
06-11 10:34:28.833  3189  3211 I BpBinder: onLastStrongRef automatically unlinking death recipients: 
06-11 10:34:28.852  3189  3212 W System  : A resource failed to call close. 
06-11 10:34:28.854  3189  3212 W System  : A resource failed to call release. 
06-11 10:34:28.865  4639  8246 D CommonApp-194-10602: commonScoreStrategy scenarios 1
06-11 10:34:28.866  4639  8246 D CommonApp-194-10602: notifyScoreChange appScene COMMON score 100
06-11 10:34:28.866  4639  8246 D ScorePolicy: handleScoreChanged: []
06-11 10:34:28.866  4639  8246 D ScorePolicy: handleScoreChanged: []
06-11 10:34:28.867  4639  8246 D ScorePolicy: handleScoreChanged: []
06-11 10:34:28.873 29795 29821 D OplusScrollToTopManager: com.earthengine.minimalglobe/com.earthengine.minimalglobe.MainActivity,This com.android.internal.policy.DecorView{2565867 V.E...... R....... 0,0-1240,2772 alpha=1.0 viewInfo = }[MainActivity] change focus to true
06-11 10:34:28.891  5227 29760 I m.heytap.market: Explicit concurrent mark compact GC freed 64KB AllocSpace bytes, 0(0B) LOS objects, 28% free,10120KB(M:8152KB,L:1968KB)/13MB, paused 1.431ms,3.670ms total 137.374ms
06-11 10:34:28.891  5227 29901 I m.heytap.market: WaitForGcToComplete blocked Explicit on Explicit for 788.821ms
06-11 10:34:28.891  5227 29902 I m.heytap.market: Waiting for a blocking GC Explicit
06-11 10:34:28.899  4650  4650 W GCP.CarouselAnimator:  animation list empty[gcSdk:v1.3.130-5a024cf,gcPlugin:v16.56.0-ff09c7f3] [OplusLauncher|com.android.launcher|2.0.44-25e9612]
06-11 10:34:28.954 27947 29755 I com.oplus.games: Explicit concurrent mark compact GC freed 68KB AllocSpace bytes, 0(0B) LOS objects, 33% free,8192KB(M:6188KB,L:2004KB)/12MB, paused 1.621ms,4.686ms total 134.387ms
06-11 10:34:28.974  1667 15952 I sensors-hal: handle_oplus_wise_rgb_event:230, wise_rgb:algo_type = 3
06-11 10:34:28.974  1667 15952 I sensors-hal: handle_oplus_wise_rgb_event:285, wise_rgb: raw_lux 523.217163, raw_cct 6586.783203, r/g/b/c: 41163.265625/36141.882812/20730.841797/91854.226562, R/G/B: 0.000000/0.000000/0.000000, brl 1529.000000, lux: 523.217163, cct: 6586.783203, ts 242666292337551, cnt 3990
06-11 10:34:29.013  3189  3338 D VRR [OPlusSAManager]: updateAutoMinfps for 4630946283567114626 with nits: 139.33551, mHistOK true, mAmbientOK true, mCctOK true, mIrOK true, mBrightnessOK true, isPkgOK true, SA min fps: 2
06-11 10:34:29.013  1877  2188 I VRR-[OPlusRefreshRateSelector]: updateAutoMode success, display 0, mode 0, fakeframe 0, min fps: 2
06-11 10:34:29.013  3189  4464 I OplusCpuLimitManager: OplusDex2oatCpuset: Get dex2oat pid more than limit times
06-11 10:34:29.013  1699  1958 I SDM     : DisplayBuiltIn::SetQSyncMode: VRR + qsync minfps change to: 12615810 00C08082
06-11 10:34:29.013  1699  1958 I SDM     : HWDeviceDRM::OPlusSetQSyncMinFps: VRR +  OPlusSetQSyncMinFps: 12615810
06-11 10:34:29.013  1699  1958 I SDM     : HWDeviceDRM::OPlusSetQSyncMinFpsUpdate: VRR +  OPlusSetQSyncMinFpsUpdate: 1
06-11 10:34:29.013  1699  1958 I SDM     : HWDeviceDRM::OPlusGetQSyncMinFps: VRR +  OPlusGetQSyncMinFps: 12615810
06-11 10:34:29.013  1699  1958 I SDM     : DisplayBuiltIn::SetQSyncMode: VRR + update qsync mode 0 minfps 00C08082
06-11 10:34:29.013  1699  1958 I SDM     : HWDeviceDRM::OPlusIsQSyncMinFpsForAuto: VRR +  OPlusIsQSyncMinFpsForAuto: 1
06-11 10:34:29.013  1699  1958 I SDM     : DisplayBuiltIn::SetQSyncMode: VRR + needs_avr_update_ 0
06-11 10:34:29.014  1699  1958 I SDM     : DisplayBuiltIn::SetQSyncMode: Qsync mode set to 0 successfully
06-11 10:34:29.020  5227 29901 I m.heytap.market: Explicit concurrent mark compact GC freed 64KB AllocSpace bytes, 0(0B) LOS objects, 28% free,10120KB(M:8152KB,L:1968KB)/13MB, paused 1.454ms,3.707ms total 129.055ms
06-11 10:34:29.021  5227 29902 I m.heytap.market: WaitForGcToComplete blocked Explicit on Explicit for 910.628ms
06-11 10:34:29.022  1699  1966 I SDM     : HWDeviceDRM::OPlusGetQSyncMinFpsUpdate: VRR +  OPlusGetQSyncMinFpsUpdate: 1
06-11 10:34:29.022  1699  1966 I SDM     : HWDeviceDRM::OPlusIsQSyncMinFpsForAuto: VRR +  OPlusIsQSyncMinFpsForAuto: 1
06-11 10:34:29.022  1699  1966 I SDM     : HWDeviceDRM::OPlusGetQSyncMinFps: VRR +  OPlusGetQSyncMinFps: 12615810
06-11 10:34:29.030  6140  6279 I ThermalEngine: VIRTUAL-CPU-NSP, Update received trip sensor cpu-1-1 59700
06-11 10:34:29.037  3189  4464 I OplusCpuLimitManager: OplusCpuHighLoad: newLoadLevel=1, newMngLevel=1, (nl_load=1, nl_thermal=1, nl_scene=1), curMngLevel=1, CL=0, curWinCL=0, curShortWinCL= 0, latestCL=83, latestThermalLevel=5, expHlScene=false
06-11 10:34:29.085  3189  3765 V AlarmManager: sending alarm Alarm{2ebf82d type 1 origWhen 1781145269085 whenElapsed 242666411 android} uid 1000 whenElapsed 242666411 windowLength 0 maxWhenElapsed 242666411 repeatInterval 0 action null component null tag StorgaeBandInfoAlarmTag flags 0x9 procName system_server
06-11 10:34:29.085  3189 27614 E OplusStorageUFSBandwidth: storage_io_metrics_path is /proc/oplus_storage/io_metrics/forever/
06-11 10:34:29.085  3189 27614 E OplusStorageUFSBandwidth: Bandwidth - Read: 1.00 MB/s, Write: 4.48 MB/s
06-11 10:34:29.085  3189 27614 E OplusStorageUFSBandwidth: Task time: 0ms
06-11 10:34:29.088  3189 27614 E OplusStorageUFSBandwidth: Alarm set to trigger in 10 seconds
06-11 10:34:29.151  5227 29902 I m.heytap.market: Explicit concurrent mark compact GC freed 64KB AllocSpace bytes, 0(0B) LOS objects, 28% free,10120KB(M:8152KB,L:1968KB)/13MB, paused 1.455ms,3.823ms total 129.992ms
06-11 10:34:29.174  1667 15952 I sensors-hal: handle_oplus_wise_rgb_event:230, wise_rgb:algo_type = 3
06-11 10:34:29.174  1667 15952 I sensors-hal: handle_oplus_wise_rgb_event:285, wise_rgb: raw_lux 522.620728, raw_cct 6443.066406, r/g/b/c: 41378.632812/36204.957031/20429.349609/91913.843750, R/G/B: 0.000000/0.000000/0.000000, brl 1529.000000, lux: 522.620728, cct: 6443.066406, ts 242666492066197, cnt 3991
06-11 10:34:29.182  4329  4513 I SystemUi--Statusbar: OplusNetworkSpeedControllExImpl-->updateNetworkSpeed: isConnected:true,isSwitchOn:true,isSuspend:false,isPause:false
06-11 10:34:29.183  4329  4513 I SystemUi--Statusbar: OplusNetworkSpeedControllExImpl-->getTotalByte: totalRxBytes:11576812832,totalTxBytes:3541536736,loopbackTxBytes:2982609415,loopbackRxBytes:2982608935 ,totalBytes:9153131218
06-11 10:34:29.204  3189  3610 D osense.compress: com.tencent.android.qqdownloader do shrink, target ratio = 62, final ratio = 70, cur ratio = 54
06-11 10:34:29.205  9703 21770 I .quicksearchbox: AssetManager2(0xb400007ac02ae328) locale list changing from [] to [zh-CN]
06-11 10:34:29.207  9703 21770 I .quicksearchbox: AssetManager2(0xb400007ac02ae628) locale list changing from [] to [zh-CN]
06-11 10:34:29.208  9703 21770 I .quicksearchbox: AssetManager2(0xb40000795cff8a28) locale list changing from [] to [zh-CN]
06-11 10:34:29.209  1800  1924 D BatteryChargeControl: bcc get no support from charging protocol
06-11 10:34:29.210  9703 21770 I .quicksearchbox: AssetManager2(0xb40000795cee2328) locale list changing from [] to [zh-CN]
06-11 10:34:29.212  9703 21770 I .quicksearchbox: AssetManager2(0xb40000795cee2c28) locale list changing from [] to [zh-CN]
06-11 10:34:29.214  9703 21770 I .quicksearchbox: AssetManager2(0xb40000795cee3b28) locale list changing from [] to [zh-CN]
06-11 10:34:29.215  9703 21770 I .quicksearchbox: AssetManager2(0xb40000795cee4428) locale list changing from [] to [zh-CN]
06-11 10:34:29.217  9703 21770 I .quicksearchbox: AssetManager2(0xb40000795cee4128) locale list changing from [] to [zh-CN]
06-11 10:34:29.218  3189  4046 D OAppNetControlService: Hans update:[10307=false][0|0] blackList:[10237, 99910237, 10244]
06-11 10:34:29.218  3189  5536 I OplusHansManager : unfreeze uid: 10307 com.coloros.shortcuts pids: [12138] reason: Provider scene: |StrictMode-1|LcdOn
06-11 10:34:29.219  3189  6099 I OStatsManager_OplusBatteryStatsManager: updateStateTime: PkgName = com.coloros.shortcuts, uid = 10307, state to bg, mForegroundCnt = 0, isFg = false
06-11 10:34:29.219  3189  4433 I OplusHansManager : uid=10307, pkg=com.coloros.shortcuts F exit(), F stay=46, reason=Provider, FrozenActionKeepProxy=false
06-11 10:34:29.222  3189  4441 I OplusHansManager : ua_alarm 10307
06-11 10:34:29.222  3189  4441 D OplusAlarmAdjustment: unalignAlarmsByUid(), uid=10307, pkgName=com.coloros.shortcuts, actions=null, procs=null, requester=1
06-11 10:34:29.223 12138 16797 D Shortcut.AppDataProvider: query: uri:content://com.coloros.shortcuts.provider/search_suggest_query?limit=2147483647&oplus_query=true&query_all=true projection:null selection:null selectionArgs:null
06-11 10:34:29.223 12138 16797 I Shortcut.AppDataProvider: query printCallPackageLog matchCode:7 package:com.heytap.quicksearchbox
06-11 10:34:29.223  3189  4441 I OplusHansManager : up_BtScan: uid 10307 isUnProxy true
06-11 10:34:29.223 12138 16797 D Shortcut.BackgroundMemoryHelper: postKillBackgroundDelay() isForeground: false serviceForeground: false  isOverlay:false  delay:180000
06-11 10:34:29.223 12138 16797 D Shortcut.BackgroundMemoryHelper: canKill:true
06-11 10:34:29.223  3189  3763 D OplusAlarmAdjustMap: removeAlignUid, uid=10307, requester=1
06-11 10:34:29.223 12138 16797 D Shortcut.SearchShortcutPresenter: query: 
06-11 10:34:29.223 12138 16797 D Shortcut.SearchShortcutPresenter: checkPermission: 
06-11 10:34:29.223 12138 16797 D Shortcut.SearchShortcutPresenter: queryAll: 
06-11 10:34:29.224 12138 12138 D Shortcut.BaseApplication: onTrimMemory level: 40
06-11 10:34:29.225 12138 12138 D ActivityThread: Package [com.earthengine.minimalglobe] reported as REPLACED, but missing application info. Assuming REMOVED.
06-11 10:34:29.226 12138 16797 D Shortcut.ShortcutTaskRepo: findByShortcutId: 1
06-11 10:34:29.226 12138 16797 D Shortcut.TaskSpecRepo: findById: 24001
06-11 10:34:29.227 12138 16797 D Shortcut.ShortcutTriggerRepo: findByShortcutId: 1
06-11 10:34:29.227 12138 16797 D Shortcut.CardRepo: findById
06-11 10:34:29.227 12138 16797 D Shortcut.ShortcutTaskRepo: findByShortcutId: 2
06-11 10:34:29.228 12138 16797 D Shortcut.TaskSpecRepo: findById: 24002
06-11 10:34:29.229 12138 12138 D ActivityThread: Package [com.earthengine.minimalglobe] reported as REPLACED, but missing application info. Assuming REMOVED.
06-11 10:34:29.229 12138 16797 D Shortcut.ShortcutTriggerRepo: findByShortcutId: 2
06-11 10:34:29.229 12138 16797 D Shortcut.CardRepo: findById
06-11 10:34:29.230 12138 16797 D Shortcut.ShortcutTaskRepo: findByShortcutId: 3
06-11 10:34:29.230 12138 16797 D Shortcut.TaskSpecRepo: findById: 21009
06-11 10:34:29.230 12138 16797 D Shortcut.ShortcutTriggerRepo: findByShortcutId: 3
06-11 10:34:29.230  4380  4380 E SmsApplication: com.android.mms lost android:read_cell_broadcasts:  (fixing)
06-11 10:34:29.230 12138 16797 D Shortcut.TriggerSpecRepo: findById: 10001
06-11 10:34:29.231 12138 16797 D Shortcut.CardRepo: findById
06-11 10:34:29.231 12138 16797 D Shortcut.ShortcutRepo: getAllShortcuts done
06-11 10:34:29.230  3189  5536 W AppOpService: Ignored setUidMode call for runtime permission app op: uid = 10249, code = READ_CELL_BROADCASTS, mode = allow, callingUid = 1001, oldMode = allow
06-11 10:34:29.231 12138 16797 D Shortcut.SearchShortcutPresenter: injectShortcutToCursor: 
06-11 10:34:29.234  3189  3980 W AppOpService: Ignored setUidMode call for runtime permission app op: uid = 1001, code = READ_SMS, mode = allow, callingUid = 1001, oldMode = allow
06-11 10:34:29.235  3189  3980 W AppOpService: Ignored setUidMode call for runtime permission app op: uid = 1001, code = RECEIVE_SMS, mode = allow, callingUid = 1001, oldMode = allow
06-11 10:34:29.235  3189  3980 W AppOpService: Ignored setUidMode call for runtime permission app op: uid = 1001, code = RECEIVE_WAP_PUSH, mode = allow, callingUid = 1001, oldMode = allow
06-11 10:34:29.235  3189  3980 W AppOpService: Ignored setUidMode call for runtime permission app op: uid = 1001, code = SEND_SMS, mode = allow, callingUid = 1001, oldMode = allow
06-11 10:34:29.235  3189  3980 W AppOpService: Ignored setUidMode call for runtime permission app op: uid = 1001, code = READ_CELL_BROADCASTS, mode = allow, callingUid = 1001, oldMode = allow
06-11 10:34:29.235 25296 25311 I AstScreen.PrefUtil: getHasCheckWithGuider 1
06-11 10:34:29.237  6128  6185 I ostats_tpd: stats_write, records atomId:100100, event_id:860, cpu:3, values: 860-0-1-175-(cpu-1-1)-30-0-1
06-11 10:34:29.237  6140  6279 I ThermalEngine: VIRTUAL-CPU-NSP, Update received trip sensor cpu-1-1 70000
06-11 10:34:29.251  3189  3348 I AppsFilter: interaction: PackageSetting{94e903e com.android.microdroid.empty_payload/10392} -> PackageSetting{84640c8 com.oplus.dmp/10125} BLOCKED
06-11 10:34:29.251  3189  3348 I AppsFilter: interaction: PackageSetting{bab75ea com.earthengine.minimalglobe/10602} -> PackageSetting{84640c8 com.oplus.dmp/10125} BLOCKED
06-11 10:34:29.251  3189  3348 I AppsFilter: interaction: PackageSetting{b168bec com.oplus.locationproxy/10372} -> PackageSetting{84640c8 com.oplus.dmp/10125} BLOCKED
06-11 10:34:29.251  3189  3348 I AppsFilter: interaction: PackageSetting{bc3abb5 com.android.certinstaller/10211} -> PackageSetting{84640c8 com.oplus.dmp/10125} BLOCKED
06-11 10:34:29.251  3189  3348 I AppsFilter: interaction: PackageSetting{39f724a com.oplus.location/10224} -> PackageSetting{84640c8 com.oplus.dmp/10125} BLOCKED
06-11 10:34:29.251  3189  3348 I AppsFilter: interaction: PackageSetting{ef265bb com.example.gnsssatdemo/10588} -> PackageSetting{84640c8 com.oplus.dmp/10125} BLOCKED
06-11 10:34:29.260  3189  3642 I system_server: AssetManager2(0xb400007972ae2528) locale list changing from [] to [zh-CN]
06-11 10:34:29.263  3189  3818 I system_server: AssetManager2(0xb40000792758d028) locale list changing from [] to [zh-CN]
06-11 10:34:29.265  3189  3263 I system_server: AssetManager2(0xb4000078a7da9028) locale list changing from [] to [zh-CN]
06-11 10:34:29.266  3189  3825 I system_server: AssetManager2(0xb4000078a7daa828) locale list changing from [] to [zh-CN]
06-11 10:34:29.267  3189  3818 I system_server: AssetManager2(0xb40000792758d628) locale list changing from [] to [zh-CN]
06-11 10:34:29.268  3189  3818 I system_server: AssetManager2(0xb4000079275a7028) locale list changing from [] to [zh-CN]
06-11 10:34:29.269  3189  3817 I VibrationEffectConvertor: onInputMethodListUpdated received, info.size = 3
06-11 10:34:29.269  3189  3263 I system_server: AssetManager2(0xb40000786fa67328) locale list changing from [] to [zh-CN]
06-11 10:34:29.270  3189  3817 I VibrationEffectConvertor: userid = 0, packageName = com.sohu.inputmethod.sogouoem
06-11 10:34:29.270  3189  3817 I VibrationEffectConvertor: userid = 0, packageName = com.baidu.input_oppo
06-11 10:34:29.270  3189  3817 I VibrationEffectConvertor: userid = 0, packageName = com.oplus.securitykeyboard
06-11 10:34:29.270  3189  3825 I system_server: AssetManager2(0xb4000078a7dab128) locale list changing from [] to [zh-CN]
06-11 10:34:29.274  3189  3825 I system_server: AssetManager2(0xb4000078a7dab428) locale list changing from [] to [zh-CN]
06-11 10:34:29.275  3189  3825 I system_server: AssetManager2(0xb400007a7dafe328) locale list changing from [] to [zh-CN]
06-11 10:34:29.277  3189  3825 I system_server: AssetManager2(0xb400007a7daff828) locale list changing from [] to [zh-CN]
06-11 10:34:29.278  3189  3825 I system_server: AssetManager2(0xb4000079162f8928) locale list changing from [] to [zh-CN]
06-11 10:34:29.280  3189  3825 I system_server: AssetManager2(0xb4000079162fa128) locale list changing from [] to [zh-CN]
06-11 10:34:29.282  3189  3263 I system_server: AssetManager2(0xb4000078f0d40428) locale list changing from [] to [zh-CN]
06-11 10:34:29.282  3189  3825 I system_server: AssetManager2(0xb400007915ac0028) locale list changing from [] to [zh-CN]
06-11 10:34:29.284  3189  3825 I system_server: AssetManager2(0xb400007915ac0328) locale list changing from [] to [zh-CN]
06-11 10:34:29.285  3189  3825 I system_server: AssetManager2(0xb400007915ac0628) locale list changing from [] to [zh-CN]
06-11 10:34:29.286  3189  3825 I system_server: AssetManager2(0xb400007915ac1e28) locale list changing from [] to [zh-CN]
06-11 10:34:29.287  3189  3825 I system_server: AssetManager2(0xb400007915ac2128) locale list changing from [] to [zh-CN]
06-11 10:34:29.288  3189  3825 I system_server: AssetManager2(0xb400007915ac2a28) locale list changing from [] to [zh-CN]
06-11 10:34:29.290  3189  3825 I system_server: AssetManager2(0xb400007915b06c28) locale list changing from [] to [zh-CN]
06-11 10:34:29.290  3189  3263 I system_server: AssetManager2(0xb4000079275a7928) locale list changing from [] to [zh-CN]
06-11 10:34:29.292  3189  3825 I system_server: AssetManager2(0xb400007915b06f28) locale list changing from [] to [zh-CN]
06-11 10:34:29.294  3189  3825 I system_server: AssetManager2(0xb400007915b07e28) locale list changing from [] to [zh-CN]
06-11 10:34:29.295  3189  3825 I system_server: AssetManager2(0xb400007915b08128) locale list changing from [] to [zh-CN]
06-11 10:34:29.298  3189  3825 I system_server: AssetManager2(0xb400007915b08428) locale list changing from [] to [zh-CN]
06-11 10:34:29.299  3189  3825 I system_server: AssetManager2(0xb400007915b08728) locale list changing from [] to [zh-CN]
06-11 10:34:29.303  3189  3263 I system_server: AssetManager2(0xb4000079275a8828) locale list changing from [] to [zh-CN]
06-11 10:34:29.304  3189  3825 I system_server: AssetManager2(0xb4000078f0cc0228) locale list changing from [] to [zh-CN]
06-11 10:34:29.308  3189  3825 I system_server: AssetManager2(0xb4000078f0cc0528) locale list changing from [] to [zh-CN]
06-11 10:34:29.310  3189  3263 I system_server: AssetManager2(0xb4000079275a8b28) locale list changing from [] to [zh-CN]
06-11 10:34:29.311  3189  3825 I system_server: AssetManager2(0xb4000078f0cc0e28) locale list changing from [] to [zh-CN]
06-11 10:34:29.313  3189  3825 I system_server: AssetManager2(0xb4000078f0cc1128) locale list changing from [] to [zh-CN]
06-11 10:34:29.314  3189  3263 I system_server: AssetManager2(0xb4000078c1c57428) locale list changing from [] to [zh-CN]
06-11 10:34:29.315  3189  3825 I system_server: AssetManager2(0xb4000078f0cc0b28) locale list changing from [] to [zh-CN]
06-11 10:34:29.317  3189  3263 I system_server: AssetManager2(0xb400007926976928) locale list changing from [] to [zh-CN]
06-11 10:34:29.324  3189  3825 I system_server: AssetManager2(0xb4000078f0cc1a28) locale list changing from [] to [zh-CN]
06-11 10:34:29.325 29795 29808 I ne.minimalglobe: Compiler allocated 7246KB to compile void android.view.ViewRootImpl.performTraversals()
06-11 10:34:29.327  3189  3825 I system_server: AssetManager2(0xb4000078f0d3e628) locale list changing from [] to [zh-CN]
06-11 10:34:29.329  3189  3825 V AccessibilityManagerService: onUserStateChangedLocked for user 0 with forceUpdate: false mEnabledServices = [ComponentInfo{com.oplus.travelengine/com.oplus.travelengine.travelaccessibilityservice.EngineAccessibilityService}] mCrashedServices = [] hasMagnificationConnection=false
06-11 10:34:29.330  3189  3825 W MagnificationConnectionManager: requestConnection duplicated request: connect=false, mConnectionState=DISCONNECTED
06-11 10:34:29.334  3189  3263 I system_server: AssetManager2(0xb400007926977228) locale list changing from [] to [zh-CN]
06-11 10:34:29.347  3189  3263 I system_server: AssetManager2(0xb4000079164c1f28) locale list changing from [] to [zh-CN]
06-11 10:34:29.350  3189  3263 I system_server: AssetManager2(0xb4000079164c1328) locale list changing from [] to [zh-CN]
06-11 10:34:29.357  3189  3263 I system_server: AssetManager2(0xb4000079160c2028) locale list changing from [] to [zh-CN]
06-11 10:34:29.360  3189  3263 I system_server: AssetManager2(0xb4000079160c3228) locale list changing from [] to [zh-CN]
06-11 10:34:29.365  3189  3263 I system_server: AssetManager2(0xb4000079160c4128) locale list changing from [] to [zh-CN]
06-11 10:34:29.372  3189  3263 I system_server: AssetManager2(0xb4000079160c4728) locale list changing from [] to [zh-CN]
06-11 10:34:29.373  1667 15952 I sensors-hal: handle_oplus_wise_rgb_event:230, wise_rgb:algo_type = 3
06-11 10:34:29.374  1667 15952 I sensors-hal: handle_oplus_wise_rgb_event:285, wise_rgb: raw_lux 523.853394, raw_cct 6354.827148, r/g/b/c: 41316.921875/36328.761719/20383.353516/91775.695312, R/G/B: 0.000000/0.000000/0.000000, brl 1529.000000, lux: 523.853394, cct: 6354.827148, ts 242666691880572, cnt 3992
06-11 10:34:29.374  1667 15988 I sensors-hal: handle_oplus_wise_rgb_event:301, oplus wise_rgb sample: (3992)(cct, lux, ir_ratio, r, g, b, c)[6354, 523, 34, 41316, 36328, 20383, 91775]
06-11 10:34:29.381  3189  3263 I system_server: AssetManager2(0xb4000078c7a2dc28) locale list changing from [] to [zh-CN]
06-11 10:34:29.387  3189  3263 I system_server: AssetManager2(0xb4000078c7a2df28) locale list changing from [] to [zh-CN]
06-11 10:34:29.395  3189  3263 I system_server: AssetManager2(0xb4000079164c3d28) locale list changing from [] to [zh-CN]
06-11 10:34:29.403  6858 14684 D gaia-GaiaConnectChecker: start connect check++
06-11 10:34:29.404  3189  3263 I system_server: AssetManager2(0xb4000078c7a2ee28) locale list changing from [] to [zh-CN]
06-11 10:34:29.410  3189  3263 I system_server: AssetManager2(0xb4000078c7a2f428) locale list changing from [] to [zh-CN]
06-11 10:34:29.417  3189  3263 I system_server: AssetManager2(0xb4000078c7b0cc28) locale list changing from [] to [zh-CN]
06-11 10:34:29.430  6140  6279 I ThermalEngine: VIRTUAL-CPU-NSP, Update received trip sensor cpu-1-1 59700
06-11 10:34:29.431  3189  4242 D Osense-BaseDecisionMaker: notifyDelayedSceneToPolicy
06-11 10:34:29.437  3189  3263 I system_server: AssetManager2(0xb4000078c7b0ed28) locale list changing from [] to [zh-CN]
06-11 10:34:29.454  3189  3263 I system_server: AssetManager2(0xb4000078c7b87228) locale list changing from [] to [zh-CN]
06-11 10:34:29.467  3189  3263 I system_server: AssetManager2(0xb4000078c1c55028) locale list changing from [] to [zh-CN]
06-11 10:34:29.476  3189  3263 I system_server: AssetManager2(0xb4000078c1c55928) locale list changing from [] to [zh-CN]
06-11 10:34:29.478  3189  3263 W LoadedApk: System took : 222ms in onReceive of class android.content.pm.RegisteredServicesCache$1 for action : android.intent.action.PACKAGE_CHANGED
06-11 10:34:29.498  3189  3263 W Searchables: No web search activity found
06-11 10:34:29.500  3189  3263 W RecognitionServiceInfo: Parse error in getAvailableServices: No android.speech meta-data for com.tencent.android.qqdownloader
06-11 10:34:29.500  3189  3263 W VoiceInteractionManager: no auto selectable voice recognition services found for user 0
06-11 10:34:29.574  1667 15952 I sensors-hal: handle_oplus_wise_rgb_event:230, wise_rgb:algo_type = 3
06-11 10:34:29.574  1667 15952 I sensors-hal: handle_oplus_wise_rgb_event:285, wise_rgb: raw_lux 525.273682, raw_cct 6296.141602, r/g/b/c: 41456.277344/36375.027344/20263.476562/91866.414062, R/G/B: 0.000000/0.000000/0.000000, brl 1529.000000, lux: 525.273682, cct: 6296.141602, ts 242666891714061, cnt 3993
06-11 10:34:29.774  1667 15952 I sensors-hal: handle_oplus_wise_rgb_event:230, wise_rgb:algo_type = 3
06-11 10:34:29.774  1667 15952 I sensors-hal: get_brightness:1652, light_iface: get_brightness, brl 1529, pwm_turbo_on 0/0, hbm_dc 0
06-11 10:34:29.774  1667 15952 I sensors-hal: handle_oplus_wise_rgb_event:285, wise_rgb: raw_lux 517.737793, raw_cct 6378.547852, r/g/b/c: 41471.785156/36407.113281/20534.498047/91836.664062, R/G/B: 0.000000/0.000000/0.000000, brl 1529.000000, lux: 517.737793, cct: 6378.547852, ts 242667091581561, cnt 3994
06-11 10:34:29.814 25958 26007 I MMKV    : <MMKV_IO.cpp:456::writeActualSize> [mmkv.default] increase sequence to 350515, crc 1307710299, actualSize 769
06-11 10:34:29.892  4639  8246 D CommonApp-194-10602: commonScoreStrategy scenarios 5 mdnsScore=0
06-11 10:34:29.893  4639  8246 D CommonApp-194-10602: notifyScoreChange appScene COMMON score 100
06-11 10:34:29.893  4639  8246 D ScorePolicy: handleScoreChanged: []
06-11 10:34:29.893  4639  8246 D ScorePolicy: handleScoreChanged: []
06-11 10:34:29.894  4639  8246 D ScorePolicy: handleScoreChanged: []
06-11 10:34:29.908  1800  1800 D ChargerInfo: getInfo: type: 0x1, update: 1
06-11 10:34:29.908  1800  1875 D ChargerInfo: chargerInfoUpdateThread: update start
06-11 10:34:29.911  1800  1875 D ChargerInfo: enableTx: path(/proc/wireless/enable_tx): not exist
06-11 10:34:29.914  1800  1875 D ChargerInfo: get_ui_charge_icon_type: [0 0] [0 0] 1
06-11 10:34:29.915  1800  1875 E ChargerInfo: SingleHyperPath not found
06-11 10:34:29.915  1800  1875 D ChargerInfo: CarC: path(/sys/class/oplus_chg/battery/gauge_car_c): not exist
06-11 10:34:29.915  1800  1875 D ChargerInfo: chargerInfoUpdateThread: update end
06-11 10:34:29.915  1800  1875 D ChargerInfo: chargerInfoUpdateThread: update wait
06-11 10:34:29.915  1800  1800 D ChargerInfo: enableTx: path(/proc/wireless/enable_tx): not exist
06-11 10:34:29.916  1800  1800 D ChargerInfo: getInfo: {"Update":{"batteryFcc":3942,"batteryRm":3942,"bddLeakCurr":0,"bmsStatus":0,"bypassChgStatus":0,"chargeTimeRemaining":0,"cpaPower":0,"enableTx":true,"fastCharge":0,"isSupportSpeedCharge":0,"notifyCode":1048704,"otgOnline":1,"ppsChargePower":0,"ppsCharging":0,"shortCHwStatus":0,"shortIcOtpStatus":0,"uiIconType":0,"uiPower":0,"usbStatus":0,"wlsAdapterPower":0}}
06-11 10:34:29.974  1667 15952 I sensors-hal: handle_oplus_wise_rgb_event:230, wise_rgb:algo_type = 3
06-11 10:34:29.974  1667 15952 I sensors-hal: handle_oplus_wise_rgb_event:285, wise_rgb: raw_lux 513.965820, raw_cct 6405.981445, r/g/b/c: 41393.398438/36297.566406/20564.107422/91684.265625, R/G/B: 0.000000/0.000000/0.000000, brl 1529.000000, lux: 513.965820, cct: 6405.981445, ts 242667291342134, cnt 3995
06-11 10:34:30.011  3189  3841 D WifiStaIfaceHidlImpl: getCachedScanData is not implemented by HIDL
06-11 10:34:30.019  4639  4639 D VendorWifiService: onEvent event:9,action:1
06-11 10:34:30.025  3189  3960 D OplusWifiPower_TriggerCenter: mComponentCallback: wifistat
06-11 10:34:30.174  1667 15952 I sensors-hal: handle_oplus_wise_rgb_event:230, wise_rgb:algo_type = 3
06-11 10:34:30.174  1667 15952 I sensors-hal: handle_oplus_wise_rgb_event:285, wise_rgb: raw_lux 513.897705, raw_cct 6399.256836, r/g/b/c: 41423.753906/36281.519531/20428.232422/91455.437500, R/G/B: 0.000000/0.000000/0.000000, brl 1529.000000, lux: 513.897705, cct: 6399.256836, ts 242667491204426, cnt 3996
06-11 10:34:30.211  1800  1924 D BatteryChargeControl: bcc get no support from charging protocol
06-11 10:34:30.227  3189  4147 D KEYLOG_KeyCombinationManager: down true downTime 200763950 action 0 count 0 isDefaultDisplayInteractive true eventTime 200763950 mDownTimes: {}
06-11 10:34:30.228  3189  4147 D KEYLOG_PhoneWindowManagerExtImpl: overrideInterceptKeyBeforeQueueing:KeyEvent { action=ACTION_DOWN, keyCode=KEYCODE_VOLUME_DOWN, scanCode=0, metaState=0, flags=0x0, repeatCount=0, eventTime=200763950000000, downTime=200763950000000, deviceId=-1, source=0x0, displayId=-1 },  keyguardOn = false,  screenOn = true,  policyFlags = 721420288,  SosPowerKeyEnabled = true,  WalletSwitchState = 1,  IsQuickLaunchSupport = true,  IsDoubleCheckAppSupport = false,  isQuickAppOn=false,  canceled = false
06-11 10:34:30.228  3189  4147 D KEYLOG_OplusKeyCombinationManager: down true keyCode 25 count 0 interactive true eventTime 200763950 mDownTimes: {}
06-11 10:34:30.228  3189  4147 D OplusScreenOffTorchHelper: not handle with onVolumeKey,mFlashLightEnable = false,mFlashLightAvailable=true,mCameraId = 0 mVolumeDownPressEnabled=false
06-11 10:34:30.228  3189  4147 I OplusJoystickManager: read game pad state for game manager -> false
06-11 10:34:30.228  3189  4147 W OplusJoystickManager: mInterceptGamepadKey is false
06-11 10:34:30.229  3189  4147 D OplusCustomizeRestrictionManagerService: isLongPressVolumeUpDisabled start
06-11 10:34:30.229  3189  4147 I STKeyLog_StrategyDisableBottomKey: onBeforeQueueing : mIsUpGestureMode=false,mDisableBottomKeyMode0
06-11 10:34:30.229  3189  4147 D STKeyLog_StrategyBlackscreenshot: notifyKeyBeforeQueueing, downTime200763950, action=0, interactive=true
06-11 10:34:30.229  3189  4147 D KEYLOG_PhoneWindowManager: interceptKeyBeforeQueueing downTime=200763950 action = 0 interactive=true keyguardActive=false policyFlags=2b000000 isInjected=true isWakeKey=false isKeyGestureTriggered=false
06-11 10:34:30.230  3189  4147 I VibratorManagerServiceExtImpl: cancelVibrate uid=1000, pid=3189, usageFilter=-15, token=193946947
06-11 10:34:30.230  4329 24909 D RingtonePlayer: stopAsync()
06-11 10:34:30.230  4329 24909 D RingtonePlayer: stop
06-11 10:34:30.230  3189  4147 D AS.AudioService: uid 1000, callingApp = android.uid.system:1000
06-11 10:34:30.231  3189  3332 D PowerManagerService: userActivityNoUpdateLocked: groupId=0, eventTime=200763950, event=button, flags=0x0, uid=1000
06-11 10:34:30.231 12732 13406 D ShellSubscriberWorkerThread: the first 8 bytes empty, and RestData length > 8 
06-11 10:34:30.272  3189  4433 I OplusHansManager : uid=10136, pkg=com.baidu.input_oppo cannot transition from R to M, importance=input
06-11 10:34:30.273  3189  4433 I OplusHansManager : uid=10370, pkg=com.tencent.android.qqdownloader cannot transition from R to M, importance=screenRecorder
06-11 10:34:30.330 25958 27470 D TapHttp.CallTrackHelper 136: callStart:https://dc-dragate-cn.heytapmobi.com/v1/stat/install?appid=21000&logtag=0&nonce=1706&timestamp=1781145270&sign=72e0980d2d3db9cf2fb098e99eff9908 connectMode:TCP reUseMode:ALL isZeroRtt:true
06-11 10:34:30.332 25958 27470 V TapHttp.StatRateHelper: ignore record by sample ratio is 1
06-11 10:34:30.332 25958 27470 D TapHttp.CallTrackHelper 136: newSteam:https://dc-dragate-cn.heytapmobi.com/v1/stat/install?appid=21000&logtag=0&nonce=1706&timestamp=1781145270&sign=72e0980d2d3db9cf2fb098e99eff9908
06-11 10:34:30.332 25958 27470 D TapHttp.Event Dispatcher: dns start
06-11 10:34:30.332 25958 27470 D TapHttp.CallTrackHelper 136: dnsStart https://dc-dragate-cn.heytapmobi.com/v1/stat/install?appid=21000&logtag=0&nonce=1706&timestamp=1781145270&sign=72e0980d2d3db9cf2fb098e99eff9908
06-11 10:34:30.332 25958 27470 D TapHttp.RealDnsInterceptor: start use default local dns lookup dc-dragate-cn.heytapmobi.com
06-11 10:34:30.339 25958 27470 D TapHttp.RealDnsInterceptor: use default local dns lookup dc-dragate-cn.heytapmobi.com:IpInfo(host='dc-dragate-cn.heytapmobi.com', dnsType=0, ttl=0, carrier=, ip='', port=0, weight=0, dnUnitSet=, failCount=0, failTime=0, failMsg=, expire=1781145270339)
06-11 10:34:30.339 25958 27470 D TapHttp.WrapperInterceptor: result ip list is [IpInfo(host='dc-dragate-cn.heytapmobi.com', dnsType=0, ttl=0, carrier=, ip='', port=0, weight=0, dnUnitSet=, failCount=0, failTime=0, failMsg=, expire=1781145270339)]
06-11 10:34:30.339 25958 27470 D TapHttp.CallTrackHelper 136: dnsEnd https://dc-dragate-cn.heytapmobi.com/v1/stat/install?appid=21000&logtag=0&nonce=1706&timestamp=1781145270&sign=72e0980d2d3db9cf2fb098e99eff9908
06-11 10:34:30.340 25958 27470 D TapHttp.CallTrackHelper 136: connect_protocol =tcp_tcp connectTimeout=10000 retryCount=0  route=Route{dc-dragate-cn.heytapmobi.com/49.7.252.44:443}
06-11 10:34:30.340 25958 27470 D TapHttp.Event Dispatcher: connect start: 49.7.252.44
06-11 10:34:30.340 25958 27470 D TapHttp.CallTrackHelper 136: connectStart https://dc-dragate-cn.heytapmobi.com/v1/stat/install?appid=21000&logtag=0&nonce=1706&timestamp=1781145270&sign=72e0980d2d3db9cf2fb098e99eff9908
06-11 10:34:30.374  1667 15952 I sensors-hal: handle_oplus_wise_rgb_event:230, wise_rgb:algo_type = 3
06-11 10:34:30.374  1667 15952 I sensors-hal: handle_oplus_wise_rgb_event:285, wise_rgb: raw_lux 516.405640, raw_cct 6354.309082, r/g/b/c: 41393.402344/36359.808594/20383.755859/91759.765625, R/G/B: 0.000000/0.000000/0.000000, brl 1529.000000, lux: 516.405640, cct: 6354.309082, ts 242667690964478, cnt 3997
06-11 10:34:30.378  3189  3806 E OplusInputDeviceUtil: api level < 36 or inputDevice is null, return false
06-11 10:34:30.378  3189  3806 D KEYLOG_KeyGestureControllerExtlmpl: interceptOldShortcuts, mIsShortCutMenuShow = false mPendingMetaActionForOld = false mLongPressHandled = false
06-11 10:34:30.378  3189  3806 D STKeyLog_StrategyPadKeyBoardShortcut: excuteShortCut, interactive = true
06-11 10:34:30.379  3189  3806 D OplusCustomizeRestrictionManagerService: isLongPressVolumeUpDisabled start
06-11 10:34:30.380 25958 27470 D TapHttp.CallTrackHelper 136: connectSocketEnd https://dc-dragate-cn.heytapmobi.com/v1/stat/install?appid=21000&logtag=0&nonce=1706&timestamp=1781145270&sign=72e0980d2d3db9cf2fb098e99eff9908
06-11 10:34:30.380 25958 27470 D TapHttp.CallTrackHelper 136: secureConnectStart https://dc-dragate-cn.heytapmobi.com/v1/stat/install?appid=21000&logtag=0&nonce=1706&timestamp=1781145270&sign=72e0980d2d3db9cf2fb098e99eff9908
06-11 10:34:30.380  3189  3332 D PowerManagerService: userActivityNoUpdateLocked: groupId=0, eventTime=200763950, event=button, flags=0x0, uid=1000
06-11 10:34:30.389  9206  9206 I GlobalHandwriting: onUpdateEditorToolType = 0
06-11 10:34:30.400 29795 29795 I MinimalGlobe: Debug high tilt | ellAlt=10212.55 slope=0.200 tiles vis=41 cached=26 renderSurface=25 exact=25 parent=0 z=2-11 eq=1 qRender=41 qWalk=64 qFrustum=79 qHz=35 qEq2=0 FPS=58.3 draw=27
06-11 10:34:30.402  3189  4147 D KEYLOG_KeyCombinationManager: down false downTime 200763950 action 1 count 2 isDefaultDisplayInteractive true eventTime 200764124 mDownTimes: {25=200763950}
06-11 10:34:30.402  3189  4147 D KEYLOG_PhoneWindowManagerExtImpl: overrideInterceptKeyBeforeQueueing:KeyEvent { action=ACTION_UP, keyCode=KEYCODE_VOLUME_DOWN, scanCode=0, metaState=0, flags=0x0, repeatCount=0, eventTime=200764124000000, downTime=200763950000000, deviceId=-1, source=0x0, displayId=-1 },  keyguardOn = false,  screenOn = true,  policyFlags = 721420288,  SosPowerKeyEnabled = true,  WalletSwitchState = 1,  IsQuickLaunchSupport = true,  IsDoubleCheckAppSupport = false,  isQuickAppOn=false,  canceled = false
06-11 10:34:30.402  3189  4147 D KEYLOG_OplusKeyCombinationManager: down false keyCode 25 count 0 interactive true eventTime 200764124 mDownTimes: {25=200763950}
06-11 10:34:30.403  3189  4147 I OplusJoystickManager: read game pad state for game manager -> false
06-11 10:34:30.403  3189  4147 W OplusJoystickManager: mInterceptGamepadKey is false
06-11 10:34:30.403  3189  4147 D OplusCustomizeRestrictionManagerService: isLongPressVolumeUpDisabled start
06-11 10:34:30.403  3189  4147 I STKeyLog_StrategyDisableBottomKey: onBeforeQueueing : mIsUpGestureMode=false,mDisableBottomKeyMode0
06-11 10:34:30.403  3189  4147 D STKeyLog_StrategyBlackscreenshot: notifyKeyBeforeQueueing, downTime200763950, action=1, interactive=true
06-11 10:34:30.403  3189  4147 D KEYLOG_PhoneWindowManager: interceptKeyBeforeQueueing downTime=200763950 action = 1 interactive=true keyguardActive=false policyFlags=2b000000 isInjected=true isWakeKey=false isKeyGestureTriggered=false
06-11 10:34:30.404  3189  3332 D PowerManagerService: userActivityNoUpdateLocked: groupId=0, eventTime=200764124, event=button, flags=0x0, uid=1000
06-11 10:34:30.404  3189  3806 E OplusInputDeviceUtil: api level < 36 or inputDevice is null, return false
06-11 10:34:30.405  3189  3806 D STKeyLog_StrategyPadKeyBoardShortcut: excuteShortCut, interactive = true
06-11 10:34:30.405  3189  3806 D OplusCustomizeRestrictionManagerService: isLongPressVolumeUpDisabled start
06-11 10:34:30.407  3189  3332 D PowerManagerService: userActivityNoUpdateLocked: groupId=0, eventTime=200764124, event=button, flags=0x0, uid=1000
06-11 10:34:30.412 29795 29990 I AndroidBridge: androidHttpGet: env=0xb400007a7da153c0 gJniHttpHelperClass=0x30e6 gHttpGetMethod=0x1 url=https://webst04.is.autonavi.com/appmaptile?style=6&x=2&y=1&z=3
06-11 10:34:30.412 29795 29980 I AndroidBridge: androidHttpGet: env=0xb400007a0626f040 gJniHttpHelperClass=0x30e6 gHttpGetMethod=0x1 url=https://webst01.is.autonavi.com/appmaptile?style=6&x=0&y=0&z=3
06-11 10:34:30.412 29795 29985 I AndroidBridge: androidHttpGet: env=0xb400007a0626fc80 gJniHttpHelperClass=0x30e6 gHttpGetMethod=0x1 url=https://webst02.is.autonavi.com/appmaptile?style=6&x=0&y=1&z=3
06-11 10:34:30.412 29795 29980 I JniHttpHelper: httpGet called: https://webst01.is.autonavi.com/appmaptile?style=6&x=0&y=0&z=3
06-11 10:34:30.412 29795 29982 I AndroidBridge: androidHttpGet: env=0xb400007977f24e00 gJniHttpHelperClass=0x30e6 gHttpGetMethod=0x1 url=https://webst02.is.autonavi.com/appmaptile?style=6&x=1&y=0&z=3
06-11 10:34:30.412 29795 29990 I JniHttpHelper: httpGet called: https://webst04.is.autonavi.com/appmaptile?style=6&x=2&y=1&z=3
06-11 10:34:30.412 29795 29991 I AndroidBridge: androidHttpGet: env=0xb400007a7da15ba0 gJniHttpHelperClass=0x30e6 gHttpGetMethod=0x1 url=https://webst01.is.autonavi.com/appmaptile?style=6&x=3&y=1&z=3
06-11 10:34:30.413 29795 29991 I JniHttpHelper: httpGet called: https://webst01.is.autonavi.com/appmaptile?style=6&x=3&y=1&z=3
06-11 10:34:30.413 29795 29988 I AndroidBridge: androidHttpGet: env=0xb400007977f24460 gJniHttpHelperClass=0x30e6 gHttpGetMethod=0x1 url=https://webst03.is.autonavi.com/appmaptile?style=6&x=2&y=0&z=3
06-11 10:34:30.413 29795 29993 I AndroidBridge: androidHttpGet: env=0xb400007977f25960 gJniHttpHelperClass=0x30e6 gHttpGetMethod=0x1 url=https://webst02.is.autonavi.com/appmaptile?style=6&x=3&y=2&z=3
06-11 10:34:30.413 29795 29985 I JniHttpHelper: httpGet called: https://webst02.is.autonavi.com/appmaptile?style=6&x=0&y=1&z=3
06-11 10:34:30.414 29795 29989 I AndroidBridge: androidHttpGet: env=0xb400007a03e22700 gJniHttpHelperClass=0x30e6 gHttpGetMethod=0x1 url=https://webst04.is.autonavi.com/appmaptile?style=6&x=3&y=0&z=3
06-11 10:34:30.414 29795 29992 I AndroidBridge: androidHttpGet: env=0xb400007a03e22000 gJniHttpHelperClass=0x30e6 gHttpGetMethod=0x1 url=https://webst01.is.autonavi.com/appmaptile?style=6&x=2&y=2&z=3
06-11 10:34:30.414 29795 29996 I AndroidBridge: androidHttpGet: env=0xb400007a03e22a80 gJniHttpHelperClass=0x30e6 gHttpGetMethod=0x1 url=https://webst02.is.autonavi.com/appmaptile?style=6&x=5&y=0&z=3
06-11 10:34:30.414 29795 29987 I AndroidBridge: androidHttpGet: env=0xb400007977f26060 gJniHttpHelperClass=0x30e6 gHttpGetMethod=0x1 url=https://webst03.is.autonavi.com/appmaptile?style=6&x=1&y=1&z=3
06-11 10:34:30.414 29795 29995 I AndroidBridge: androidHttpGet: env=0xb400007977f25ce0 gJniHttpHelperClass=0x30e6 gHttpGetMethod=0x1 url=https://webst01.is.autonavi.com/appmaptile?style=6&x=4&y=0&z=3
06-11 10:34:30.428 25958 27470 I ConscryptEngineSocket: dc-dragate-cn.heytapmobi.com:443,tls_reused:true
06-11 10:34:30.428 25958 27470 D RealConnection:: Platform.getOplatform().getSelectedProtocol(sslSocket):h2
06-11 10:34:30.428 25958 27470 D RealConnection:: supportsTlsExtensions:true
06-11 10:34:30.428 25958 27470 D RealConnection:: maybeProtocol:h2
06-11 10:34:30.428 25958 27470 D RealConnection:: protocol:h2
06-11 10:34:30.429 25958 27470 D TapHttp.CallTrackHelper 136: secureConnectEnd https://dc-dragate-cn.heytapmobi.com/v1/stat/install?appid=21000&logtag=0&nonce=1706&timestamp=1781145270&sign=72e0980d2d3db9cf2fb098e99eff9908
06-11 10:34:30.430 25958 27470 D TapHttp.CallTrackHelper 136: connectEnd https://dc-dragate-cn.heytapmobi.com/v1/stat/install?appid=21000&logtag=0&nonce=1706&timestamp=1781145270&sign=72e0980d2d3db9cf2fb098e99eff9908
06-11 10:34:30.430 25958 27470 D TapHttp.Event Dispatcher: connect acquired 49.7.252.44
06-11 10:34:30.430 25958 27470 D TapHttp.CallTrackHelper 136: connectionAcquired https://dc-dragate-cn.heytapmobi.com/v1/stat/install?appid=21000&logtag=0&nonce=1706&timestamp=1781145270&sign=72e0980d2d3db9cf2fb098e99eff9908
06-11 10:34:30.430  3189  5536 D MediaSessionService: dispatchVolumeKeyEvent, pkg=com.earthengine.minimalglobe, opPkg=com.earthengine.minimalglobe, pid=29795, uid=10602, asSystem=true, event=KeyEvent { action=ACTION_UP, keyCode=KEYCODE_VOLUME_DOWN, scanCode=0, metaState=0, flags=0x0, repeatCount=0, eventTime=200764124000000, downTime=200763950000000, deviceId=-1, source=0x0, displayId=-1 }, stream=-2147483648, musicOnly=false
06-11 10:34:30.430  3189  5536 D MediaSessionService: Adjusting suggestedStream=-2147483648 by 0. flags=4116, preferSuggestedStream=false, session=null, musicOnly false
06-11 10:34:30.430 25958 27470 D TapHttp.CallTrackHelper 136: request_protocol =tcp readTimeout=10000 writeTimeout=10000 retryCount=0  route=Route{dc-dragate-cn.heytapmobi.com/49.7.252.44:443}
06-11 10:34:30.430 25958 27470 I TapHttp.SpecialCallServerStub: request online : url:https://dc-dragate-cn.heytapmobi.com/v1/stat/install?appid=21000&logtag=0&nonce=1706&timestamp=1781145270&sign=72e0980d2d3db9cf2fb098e99eff9908,
06-11 10:34:30.430 25958 27470 I TapHttp.SpecialCallServerStub:  
06-11 10:34:30.430 25958 27470 I TapHttp.SpecialCallServerStub: request online:hostdc-dragate-cn.heytapmobi.com 
06-11 10:34:30.430 25958 27470 I TapHttp.SpecialCallServerStub:  headers Content-Encoding: gzip
06-11 10:34:30.430 25958 27470 I TapHttp.SpecialCallServerStub: Content-Type: text/json; charset=UTF-8
06-11 10:34:30.430 25958 27470 I TapHttp.SpecialCallServerStub: TAP-APP-CONF-VER: dcc_fe_cursor_cn:29
06-11 10:34:30.430 25958 27470 I TapHttp.SpecialCallServerStub: Content-Length: 728
06-11 10:34:30.430 25958 27470 I TapHttp.SpecialCallServerStub: Host: dc-dragate-cn.heytapmobi.com
06-11 10:34:30.430 25958 27470 I TapHttp.SpecialCallServerStub: Connection: Keep-Alive
06-11 10:34:30.430 25958 27470 I TapHttp.SpecialCallServerStub: Accept-Encoding: gzip
06-11 10:34:30.430 25958 27470 I TapHttp.SpecialCallServerStub: User-Agent: okhttp/3.12.12.342
06-11 10:34:30.430 25958 27470 I TapHttp.SpecialCallServerStub: 
06-11 10:34:30.430 25958 27470 D TapHttp.CallTrackHelper 136: requestHeadersStart https://dc-dragate-cn.heytapmobi.com/v1/stat/install?appid=21000&logtag=0&nonce=1706&timestamp=1781145270&sign=72e0980d2d3db9cf2fb098e99eff9908
06-11 10:34:30.430  3189  3189 E MediaSessionService: sPid is 3189 sTid:3189
06-11 10:34:30.430 25958 27470 D TapHttp.CallTrackHelper 136: requestHeadersEnd https://dc-dragate-cn.heytapmobi.com/v1/stat/install?appid=21000&logtag=0&nonce=1706&timestamp=1781145270&sign=72e0980d2d3db9cf2fb098e99eff9908
06-11 10:34:30.430 25958 27470 D TapHttp.CallTrackHelper 136: requestBodyStart https://dc-dragate-cn.heytapmobi.com/v1/stat/install?appid=21000&logtag=0&nonce=1706&timestamp=1781145270&sign=72e0980d2d3db9cf2fb098e99eff9908
06-11 10:34:30.431 25958 27470 D TapHttp.CallTrackHelper 136: requestBodyEnd https://dc-dragate-cn.heytapmobi.com/v1/stat/install?appid=21000&logtag=0&nonce=1706&timestamp=1781145270&sign=72e0980d2d3db9cf2fb098e99eff9908
06-11 10:34:30.431 25958 27470 D TapHttp.CallTrackHelper 136: requestEnd https://dc-dragate-cn.heytapmobi.com/v1/stat/install?appid=21000&logtag=0&nonce=1706&timestamp=1781145270&sign=72e0980d2d3db9cf2fb098e99eff9908
06-11 10:34:30.432 25958 27470 D TapHttp.CallTrackHelper 136: responseHeadersStart https://dc-dragate-cn.heytapmobi.com/v1/stat/install?appid=21000&logtag=0&nonce=1706&timestamp=1781145270&sign=72e0980d2d3db9cf2fb098e99eff9908
06-11 10:34:30.435  3189  3189 D AudioServiceExtImpl: ringVolumeDefault :0
06-11 10:34:30.436  3189  3189 V AudioServiceExtImpl: oplusGetParameters() keyValuePairs:OPLUS_AUDIO_GET_ADJUSTVOLUME_FORBID, uid: 1000
06-11 10:34:30.436  3189  3189 D AS.AudioService: sendVolumeUpdate streamType=3, index=800, flags=4112
06-11 10:34:30.436  3189  3189 D VolumeController: postVolumeChanged streamType=3, flags=4112
06-11 10:34:30.438  4329  5186 I SystemUi--Volume: vol.VolumeDialogControl-->shouldShowUI wakefulness:2 ,mDeviceInteractive:true ,mShowVolumeDialog:true
06-11 10:34:30.439 29795 29991 I JniHttpHelper: httpGet OK: https://webst01.is.autonavi.com/appmaptile?style=6&x=3&y=1&z=3 -> 5680 bytes
06-11 10:34:30.439 29795 29990 I JniHttpHelper: httpGet OK: https://webst04.is.autonavi.com/appmaptile?style=6&x=2&y=1&z=3 -> 10633 bytes
06-11 10:34:30.440  4329  5186 I SystemUi--Volume: vol.VolumeDialogControl-->onVolumeChangedW stream:3,flags:4112 ,showUI:false ,fromKey:true ,showVibrateHint:false ,showSilentHint:false ,changed:false
06-11 10:34:30.440  4329  5186 I SystemUi--Volume: vol.VolumeDialogControl-->shouldShowUI wakefulness:2 ,mDeviceInteractive:true ,mShowVolumeDialog:true
06-11 10:34:30.440  4329  4329 I SystemUi--Volume: OplusVolumeDialogImpl-->onVolumeKeyStateChange isMultiMediaSettingsEnable:false,screenState:2
06-11 10:34:30.443 29795 29990 I AndroidBridge: Decoded image 256x256 from 10633 bytes
06-11 10:34:30.443 29795 29991 I AndroidBridge: Decoded image 256x256 from 5680 bytes
06-11 10:34:30.443 29795 29988 I JniHttpHelper: httpGet called: https://webst03.is.autonavi.com/appmaptile?style=6&x=2&y=0&z=3
06-11 10:34:30.444 29795 29993 I JniHttpHelper: httpGet called: https://webst02.is.autonavi.com/appmaptile?style=6&x=3&y=2&z=3
06-11 10:34:30.445 29795 29980 I JniHttpHelper: httpGet OK: https://webst01.is.autonavi.com/appmaptile?style=6&x=0&y=0&z=3 -> 1700 bytes
06-11 10:34:30.445 29795 29982 I JniHttpHelper: httpGet called: https://webst02.is.autonavi.com/appmaptile?style=6&x=1&y=0&z=3
06-11 10:34:30.449 29795 29980 I AndroidBridge: Decoded image 256x256 from 1700 bytes
06-11 10:34:30.456 29795 29988 I JniHttpHelper: httpGet OK: https://webst03.is.autonavi.com/appmaptile?style=6&x=2&y=0&z=3 -> 8953 bytes
06-11 10:34:30.456 29795 29989 I JniHttpHelper: httpGet called: https://webst04.is.autonavi.com/appmaptile?style=6&x=3&y=0&z=3
06-11 10:34:30.459 29795 29795 I BasemapLayer: Tile uploaded: 3/2/1 256x256
06-11 10:34:30.459 29795 29795 I BasemapLayer: Tile uploaded: 3/3/1 256x256
06-11 10:34:30.460 29795 29988 I AndroidBridge: Decoded image 256x256 from 8953 bytes
06-11 10:34:30.466 29795 29989 I JniHttpHelper: httpGet OK: https://webst04.is.autonavi.com/appmaptile?style=6&x=3&y=0&z=3 -> 7419 bytes
06-11 10:34:30.466 29795 29992 I JniHttpHelper: httpGet called: https://webst01.is.autonavi.com/appmaptile?style=6&x=2&y=2&z=3
06-11 10:34:30.467 29795 30004 I AndroidBridge: androidHttpGet: env=0xb400007977f24c40 gJniHttpHelperClass=0x30e6 gHttpGetMethod=0x1 url=https://webst03.is.autonavi.com/appmaptile?style=6&x=5&y=1&z=3
06-11 10:34:30.467 29795 30003 I AndroidBridge: androidHttpGet: env=0xb400007a7da153c0 gJniHttpHelperClass=0x30e6 gHttpGetMethod=0x1 url=https://webst02.is.autonavi.com/appmaptile?style=6&x=4&y=1&z=3
06-11 10:34:30.470 29795 29985 I JniHttpHelper: httpGet OK: https://webst02.is.autonavi.com/appmaptile?style=6&x=0&y=1&z=3 -> 6558 bytes
06-11 10:34:30.470 29795 29989 I AndroidBridge: Decoded image 256x256 from 7419 bytes
06-11 10:34:30.471 29795 29996 I JniHttpHelper: httpGet called: https://webst02.is.autonavi.com/appmaptile?style=6&x=5&y=0&z=3
06-11 10:34:30.473 29795 29985 I AndroidBridge: Decoded image 256x256 from 6558 bytes
06-11 10:34:30.482 29795 29996 I JniHttpHelper: httpGet OK: https://webst02.is.autonavi.com/appmaptile?style=6&x=5&y=0&z=3 -> 4269 bytes
06-11 10:34:30.482 29795 29992 I JniHttpHelper: httpGet OK: https://webst01.is.autonavi.com/appmaptile?style=6&x=2&y=2&z=3 -> 8553 bytes
06-11 10:34:30.482 29795 29987 I JniHttpHelper: httpGet called: https://webst03.is.autonavi.com/appmaptile?style=6&x=1&y=1&z=3
06-11 10:34:30.482 29795 29995 I JniHttpHelper: httpGet called: https://webst01.is.autonavi.com/appmaptile?style=6&x=4&y=0&z=3
06-11 10:34:30.487 29795 29992 I AndroidBridge: Decoded image 256x256 from 8553 bytes
06-11 10:34:30.488 29795 29996 I AndroidBridge: Decoded image 256x256 from 4269 bytes
06-11 10:34:30.493 29795 29795 I BasemapLayer: Tile uploaded: 3/0/0 256x256
06-11 10:34:30.493 29795 29795 I BasemapLayer: Tile uploaded: 3/2/0 256x256
06-11 10:34:30.501 29795 30006 I AndroidBridge: androidHttpGet: env=0xb400007a7da145c0 gJniHttpHelperClass=0x30e6 gHttpGetMethod=0x1 url=https://webst03.is.autonavi.com/appmaptile?style=6&x=6&y=0&z=3
06-11 10:34:30.501 29795 30007 I AndroidBridge: androidHttpGet: env=0xb400007a7da15f20 gJniHttpHelperClass=0x30e6 gHttpGetMethod=0x1 url=https://webst04.is.autonavi.com/appmaptile?style=6&x=7&y=0&z=3
06-11 10:34:30.526 29795 29795 I BasemapLayer: Tile uploaded: 3/3/0 256x256
06-11 10:34:30.526 29795 29795 I BasemapLayer: Tile uploaded: 3/0/1 256x256
06-11 10:34:30.533 29795 29982 I JniHttpHelper: httpGet OK: https://webst02.is.autonavi.com/appmaptile?style=6&x=1&y=0&z=3 -> 2759 bytes
06-11 10:34:30.533 29795 30004 I JniHttpHelper: httpGet called: https://webst03.is.autonavi.com/appmaptile?style=6&x=5&y=1&z=3
06-11 10:34:30.534 29795 29993 I JniHttpHelper: httpGet OK: https://webst02.is.autonavi.com/appmaptile?style=6&x=3&y=2&z=3 -> 4250 bytes
06-11 10:34:30.534 29795 30003 I JniHttpHelper: httpGet called: https://webst02.is.autonavi.com/appmaptile?style=6&x=4&y=1&z=3
06-11 10:34:30.534 29795 30011 I AndroidBridge: androidHttpGet: env=0xb400007977f264c0 gJniHttpHelperClass=0x30e6 gHttpGetMethod=0x1 url=https://webst04.is.autonavi.com/appmaptile?style=6&x=6&y=1&z=3
06-11 10:34:30.534 29795 29995 I JniHttpHelper: httpGet OK: https://webst01.is.autonavi.com/appmaptile?style=6&x=4&y=0&z=3 -> 3655 bytes
06-11 10:34:30.534 29795 30006 I JniHttpHelper: httpGet called: https://webst03.is.autonavi.com/appmaptile?style=6&x=6&y=0&z=3
06-11 10:34:30.536 25958 27470 D TapHttp.CallTrackHelper 136: responseHeadersEnd https://dc-dragate-cn.heytapmobi.com/v1/stat/install?appid=21000&logtag=0&nonce=1706&timestamp=1781145270&sign=72e0980d2d3db9cf2fb098e99eff9908
06-11 10:34:30.536 25958 27470 D TapHttp.CallTrackHelper 136: responseBodyStart https://dc-dragate-cn.heytapmobi.com/v1/stat/install?appid=21000&logtag=0&nonce=1706&timestamp=1781145270&sign=72e0980d2d3db9cf2fb098e99eff9908
06-11 10:34:30.537 25958 27470 D TapHttp.CallTrackHelper 136: responseEnd https://dc-dragate-cn.heytapmobi.com/v1/stat/install?appid=21000&logtag=0&nonce=1706&timestamp=1781145270&sign=72e0980d2d3db9cf2fb098e99eff9908
06-11 10:34:30.537 25958 27470 I TapHttp.SpecialCallServerStub: response online : protocol: h2, code:200 ,url:https://dc-dragate-cn.heytapmobi.com/v1/stat/install?appid=21000&logtag=0&nonce=1706&timestamp=1781145270&sign=72e0980d2d3db9cf2fb098e99eff9908
06-11 10:34:30.537 25958 27470 I TapHttp.SpecialCallServerStub: response online: host:dc-dragate-cn.heytapmobi.com,headers:server: nginx
06-11 10:34:30.537 25958 27470 I TapHttp.SpecialCallServerStub: date: Thu, 11 Jun 2026 02:34:30 GMT
06-11 10:34:30.537 25958 27470 I TapHttp.SpecialCallServerStub: content-type: application/json;charset=UTF-8
06-11 10:34:30.537 25958 27470 I TapHttp.SpecialCallServerStub: content-length: 23
06-11 10:34:30.537 25958 27470 I TapHttp.SpecialCallServerStub: access-control-allow-credentials: true
06-11 10:34:30.537 25958 27470 I TapHttp.SpecialCallServerStub: access-control-allow-origin: *
06-11 10:34:30.537 25958 27470 I TapHttp.SpecialCallServerStub: access-control-allow-methods: GET, POST, OPTIONS
06-11 10:34:30.537 25958 27470 I TapHttp.SpecialCallServerStub: access-control-allow-headers: content-type, Origin, X-Requested-With
06-11 10:34:30.537 25958 27470 I TapHttp.SpecialCallServerStub: access-control-expose-headers: Content-Length
06-11 10:34:30.537 25958 27470 I TapHttp.SpecialCallServerStub: access-control-max-age: 86400
06-11 10:34:30.537 25958 27470 I TapHttp.SpecialCallServerStub: tap-app-conf-dim: dcc_fe_cursor_cn:0
06-11 10:34:30.537 25958 27470 I TapHttp.SpecialCallServerStub: x-backend-host: 0175:8081
06-11 10:34:30.537 25958 27470 I TapHttp.SpecialCallServerStub: x-gateway-host: 1f383ec578177942a72a748b197283fc5eb4523ceae6af616a99b7b71728704f7305b76bd04138e0c333119448529342
06-11 10:34:30.537 25958 27470 I TapHttp.SpecialCallServerStub: 
06-11 10:34:30.537 29795 29982 I AndroidBridge: Decoded image 256x256 from 2759 bytes
06-11 10:34:30.538 29795 29987 I JniHttpHelper: httpGet OK: https://webst03.is.autonavi.com/appmaptile?style=6&x=1&y=1&z=3 -> 13660 bytes
06-11 10:34:30.538 29795 30007 I JniHttpHelper: httpGet called: https://webst04.is.autonavi.com/appmaptile?style=6&x=7&y=0&z=3
06-11 10:34:30.538 29795 29995 I AndroidBridge: Decoded image 256x256 from 3655 bytes
06-11 10:34:30.538 25958 27470 D TapHttp.CallTrackHelper 136: responseBodyEnd https://dc-dragate-cn.heytapmobi.com/v1/stat/install?appid=21000&logtag=0&nonce=1706&timestamp=1781145270&sign=72e0980d2d3db9cf2fb098e99eff9908
06-11 10:34:30.539 29795 30017 I AndroidBridge: androidHttpGet: env=0xb400007977f24e00 gJniHttpHelperClass=0x30e6 gHttpGetMethod=0x1 url=https://webst01.is.autonavi.com/appmaptile?style=6&x=7&y=1&z=3
06-11 10:34:30.539 25958 27470 D TapHttp.CallTrackHelper 136: connectionReleased https://dc-dragate-cn.heytapmobi.com/v1/stat/install?appid=21000&logtag=0&nonce=1706&timestamp=1781145270&sign=72e0980d2d3db9cf2fb098e99eff9908
06-11 10:34:30.539 25958 27470 D TapHttp.CallTrackHelper 136: callEnd https://dc-dragate-cn.heytapmobi.com/v1/stat/install?appid=21000&logtag=0&nonce=1706&timestamp=1781145270&sign=72e0980d2d3db9cf2fb098e99eff9908
06-11 10:34:30.539 25958 27470 D TapHttp.CallTrackHelper 136: call_time : 209
06-11 10:34:30.539 25958 27470 D TapHttp.CallTrackHelper 136: callEnd https://dc-dragate-cn.heytapmobi.com/v1/stat/install?appid=21000&logtag=0&nonce=1706&timestamp=1781145270&sign=72e0980d2d3db9cf2fb098e99eff9908
06-11 10:34:30.539 25958 27470 V TapHttp.StatRateHelper: ignore record by sample ratio is 1
06-11 10:34:30.542 29795 29987 I AndroidBridge: Decoded image 256x256 from 13660 bytes
06-11 10:34:30.545 29795 29993 I AndroidBridge: Decoded image 256x256 from 4250 bytes
06-11 10:34:30.552 29795 30003 I JniHttpHelper: httpGet OK: https://webst02.is.autonavi.com/appmaptile?style=6&x=4&y=1&z=3 -> 6191 bytes
06-11 10:34:30.553 29795 30011 I JniHttpHelper: httpGet called: https://webst04.is.autonavi.com/appmaptile?style=6&x=6&y=1&z=3
06-11 10:34:30.555 29795 30007 I JniHttpHelper: httpGet OK: https://webst04.is.autonavi.com/appmaptile?style=6&x=7&y=0&z=3 -> 2067 bytes
06-11 10:34:30.556 29795 30017 I JniHttpHelper: httpGet called: https://webst01.is.autonavi.com/appmaptile?style=6&x=7&y=1&z=3
06-11 10:34:30.557 29795 30003 I AndroidBridge: Decoded image 256x256 from 6191 bytes
06-11 10:34:30.559 29795 30007 I AndroidBridge: Decoded image 256x256 from 2067 bytes
06-11 10:34:30.560 29795 29795 I BasemapLayer: Tile uploaded: 3/2/2 256x256
06-11 10:34:30.560 29795 29795 I BasemapLayer: Tile uploaded: 3/5/0 256x256
06-11 10:34:30.568 29795 30025 I AndroidBridge: androidHttpGet: env=0xb400007977f26300 gJniHttpHelperClass=0x30e6 gHttpGetMethod=0x1 url=https://webst04.is.autonavi.com/appmaptile?style=6&x=11&y=4&z=4
06-11 10:34:30.568 29795 30026 I AndroidBridge: androidHttpGet: env=0xb400007a7da15f20 gJniHttpHelperClass=0x30e6 gHttpGetMethod=0x1 url=https://webst01.is.autonavi.com/appmaptile?style=6&x=12&y=4&z=4
06-11 10:34:30.570 29795 30017 I JniHttpHelper: httpGet OK: https://webst01.is.autonavi.com/appmaptile?style=6&x=7&y=1&z=3 -> 12139 bytes
06-11 10:34:30.570 29795 30025 I JniHttpHelper: httpGet called: https://webst04.is.autonavi.com/appmaptile?style=6&x=11&y=4&z=4
06-11 10:34:30.573  1667 15952 I sensors-hal: handle_oplus_wise_rgb_event:230, wise_rgb:algo_type = 3
06-11 10:34:30.573  1667 15952 I sensors-hal: handle_oplus_wise_rgb_event:285, wise_rgb: raw_lux 518.198730, raw_cct 6435.362305, r/g/b/c: 41208.285156/36272.871094/20555.244141/91813.085938, R/G/B: 0.000000/0.000000/0.000000, brl 1529.000000, lux: 518.198730, cct: 6435.362305, ts 242667890778905, cnt 3998
06-11 10:34:30.575 29795 30017 I AndroidBridge: Decoded image 256x256 from 12139 bytes
06-11 10:34:30.582 29795 30025 I JniHttpHelper: httpGet OK: https://webst04.is.autonavi.com/appmaptile?style=6&x=11&y=4&z=4 -> 10392 bytes
06-11 10:34:30.582 29795 30026 I JniHttpHelper: httpGet called: https://webst01.is.autonavi.com/appmaptile?style=6&x=12&y=4&z=4
06-11 10:34:30.588 29795 30006 I JniHttpHelper: httpGet OK: https://webst03.is.autonavi.com/appmaptile?style=6&x=6&y=0&z=3 -> 2774 bytes
06-11 10:34:30.590 29795 30025 I AndroidBridge: Decoded image 256x256 from 10392 bytes
06-11 10:34:30.591 29795 30004 I JniHttpHelper: httpGet OK: https://webst03.is.autonavi.com/appmaptile?style=6&x=5&y=1&z=3 -> 10258 bytes
06-11 10:34:30.593 29795 30006 I AndroidBridge: Decoded image 256x256 from 2774 bytes
06-11 10:34:30.593 29795 29795 I BasemapLayer: Tile uploaded: 3/1/0 256x256
06-11 10:34:30.593 29795 29795 I BasemapLayer: Tile uploaded: 3/4/0 256x256
06-11 10:34:30.595 29795 30004 I AndroidBridge: Decoded image 256x256 from 10258 bytes
06-11 10:34:30.596 29795 30026 I JniHttpHelper: httpGet OK: https://webst01.is.autonavi.com/appmaptile?style=6&x=12&y=4&z=4 -> 11866 bytes
06-11 10:34:30.601 29795 30027 I AndroidBridge: androidHttpGet: env=0xb400007977f24c40 gJniHttpHelperClass=0x30e6 gHttpGetMethod=0x1 url=https://webst02.is.autonavi.com/appmaptile?style=6&x=13&y=4&z=4
06-11 10:34:30.601 29795 30031 I AndroidBridge: androidHttpGet: env=0xb400007977f26300 gJniHttpHelperClass=0x30e6 gHttpGetMethod=0x1 url=https://webst03.is.autonavi.com/appmaptile?style=6&x=24&y=10&z=5
06-11 10:34:30.601 29795 30027 I JniHttpHelper: httpGet called: https://webst02.is.autonavi.com/appmaptile?style=6&x=13&y=4&z=4
06-11 10:34:30.601 29795 30031 I JniHttpHelper: httpGet called: https://webst03.is.autonavi.com/appmaptile?style=6&x=24&y=10&z=5
06-11 10:34:30.601 29795 30026 I AndroidBridge: Decoded image 256x256 from 11866 bytes
06-11 10:34:30.612 29795 30031 I JniHttpHelper: httpGet OK: https://webst03.is.autonavi.com/appmaptile?style=6&x=24&y=10&z=5 -> 12474 bytes
06-11 10:34:30.612 29795 30027 I JniHttpHelper: httpGet OK: https://webst02.is.autonavi.com/appmaptile?style=6&x=13&y=4&z=4 -> 12173 bytes
06-11 10:34:30.613 29795 30011 I JniHttpHelper: httpGet OK: https://webst04.is.autonavi.com/appmaptile?style=6&x=6&y=1&z=3 -> 12033 bytes
06-11 10:34:30.621 29795 30027 I AndroidBridge: Decoded image 256x256 from 12173 bytes
06-11 10:34:30.621 29795 30031 I AndroidBridge: Decoded image 256x256 from 12474 bytes
06-11 10:34:30.622 29795 30011 I AndroidBridge: Decoded image 256x256 from 12033 bytes
06-11 10:34:30.626 29795 29795 I BasemapLayer: Tile uploaded: 3/1/1 256x256
06-11 10:34:30.626 29795 29795 I BasemapLayer: Tile uploaded: 3/3/2 256x256
06-11 10:34:30.634 29795 30042 I AndroidBridge: androidHttpGet: env=0xb400007977f26060 gJniHttpHelperClass=0x30e6 gHttpGetMethod=0x1 url=https://webst04.is.autonavi.com/appmaptile?style=6&x=25&y=10&z=5
06-11 10:34:30.634 29795 30043 I AndroidBridge: androidHttpGet: env=0xb400007977f264c0 gJniHttpHelperClass=0x30e6 gHttpGetMethod=0x1 url=https://webst04.is.autonavi.com/appmaptile?style=6&x=24&y=11&z=5
06-11 10:34:30.634 29795 30042 I JniHttpHelper: httpGet called: https://webst04.is.autonavi.com/appmaptile?style=6&x=25&y=10&z=5
06-11 10:34:30.634 29795 30043 I JniHttpHelper: httpGet called: https://webst04.is.autonavi.com/appmaptile?style=6&x=24&y=11&z=5
06-11 10:34:30.649 29795 30043 I JniHttpHelper: httpGet OK: https://webst04.is.autonavi.com/appmaptile?style=6&x=24&y=11&z=5 -> 10635 bytes
06-11 10:34:30.656 29795 30043 I AndroidBridge: Decoded image 256x256 from 10635 bytes
06-11 10:34:30.660 29795 29795 I BasemapLayer: Tile uploaded: 3/4/1 256x256
06-11 10:34:30.661 29795 29795 I BasemapLayer: Tile uploaded: 3/7/0 256x256
06-11 10:34:30.669 29795 30044 I AndroidBridge: androidHttpGet: env=0xb400007977f25ea0 gJniHttpHelperClass=0x30e6 gHttpGetMethod=0x1 url=https://webst01.is.autonavi.com/appmaptile?style=6&x=25&y=11&z=5
06-11 10:34:30.669 29795 30047 I AndroidBridge: androidHttpGet: env=0xb400007977f27020 gJniHttpHelperClass=0x30e6 gHttpGetMethod=0x1 url=https://webst01.is.autonavi.com/appmaptile?style=6&x=26&y=10&z=5
06-11 10:34:30.669 29795 30044 I JniHttpHelper: httpGet called: https://webst01.is.autonavi.com/appmaptile?style=6&x=25&y=11&z=5
06-11 10:34:30.669 29795 30047 I JniHttpHelper: httpGet called: https://webst01.is.autonavi.com/appmaptile?style=6&x=26&y=10&z=5
06-11 10:34:30.680 29795 30044 I JniHttpHelper: httpGet OK: https://webst01.is.autonavi.com/appmaptile?style=6&x=25&y=11&z=5 -> 7941 bytes
06-11 10:34:30.685 29795 30044 I AndroidBridge: Decoded image 256x256 from 7941 bytes
06-11 10:34:30.686 29795 30042 I JniHttpHelper: httpGet OK: https://webst04.is.autonavi.com/appmaptile?style=6&x=25&y=10&z=5 -> 9420 bytes
06-11 10:34:30.691 29795 30042 I AndroidBridge: Decoded image 256x256 from 9420 bytes
06-11 10:34:30.694 29795 29795 I BasemapLayer: Tile uploaded: 3/7/1 256x256
06-11 10:34:30.694 29795 29795 I BasemapLayer: Tile uploaded: 4/11/4 256x256
06-11 10:34:30.702 29795 30051 I AndroidBridge: androidHttpGet: env=0xb400007977f26bc0 gJniHttpHelperClass=0x30e6 gHttpGetMethod=0x1 url=https://webst02.is.autonavi.com/appmaptile?style=6&x=26&y=11&z=5
06-11 10:34:30.702 29795 30052 I AndroidBridge: androidHttpGet: env=0xb400007977f27560 gJniHttpHelperClass=0x30e6 gHttpGetMethod=0x1 url=https://webst03.is.autonavi.com/appmaptile?style=6&x=14&y=4&z=4
06-11 10:34:30.702 29795 30051 I JniHttpHelper: httpGet called: https://webst02.is.autonavi.com/appmaptile?style=6&x=26&y=11&z=5
06-11 10:34:30.702 29795 30052 I JniHttpHelper: httpGet called: https://webst03.is.autonavi.com/appmaptile?style=6&x=14&y=4&z=4
06-11 10:34:30.714 29795 30047 I JniHttpHelper: httpGet OK: https://webst01.is.autonavi.com/appmaptile?style=6&x=26&y=10&z=5 -> 6781 bytes
06-11 10:34:30.714 29795 30051 I JniHttpHelper: httpGet OK: https://webst02.is.autonavi.com/appmaptile?style=6&x=26&y=11&z=5 -> 8551 bytes
06-11 10:34:30.714 29795 30052 I JniHttpHelper: httpGet OK: https://webst03.is.autonavi.com/appmaptile?style=6&x=14&y=4&z=4 -> 11506 bytes
06-11 10:34:30.722 29795 30047 I AndroidBridge: Decoded image 256x256 from 6781 bytes
06-11 10:34:30.722 29795 30051 I AndroidBridge: Decoded image 256x256 from 8551 bytes
06-11 10:34:30.723 29795 30052 I AndroidBridge: Decoded image 256x256 from 11506 bytes
06-11 10:34:30.727 29795 29795 I BasemapLayer: Tile uploaded: 3/6/0 256x256
06-11 10:34:30.727 29795 29795 I BasemapLayer: Tile uploaded: 3/5/1 256x256
06-11 10:34:30.735 29795 30057 I AndroidBridge: androidHttpGet: env=0xb400007977f26060 gJniHttpHelperClass=0x30e6 gHttpGetMethod=0x1 url=https://webst04.is.autonavi.com/appmaptile?style=6&x=101&y=50&z=7
06-11 10:34:30.735 29795 30058 I AndroidBridge: androidHttpGet: env=0xb400007977f26d80 gJniHttpHelperClass=0x30e6 gHttpGetMethod=0x1 url=https://webst01.is.autonavi.com/appmaptile?style=6&x=101&y=51&z=7
06-11 10:34:30.735 29795 30057 I JniHttpHelper: httpGet called: https://webst04.is.autonavi.com/appmaptile?style=6&x=101&y=50&z=7
06-11 10:34:30.735 29795 30058 I JniHttpHelper: httpGet called: https://webst01.is.autonavi.com/appmaptile?style=6&x=101&y=51&z=7
06-11 10:34:30.746 29795 30057 I JniHttpHelper: httpGet OK: https://webst04.is.autonavi.com/appmaptile?style=6&x=101&y=50&z=7 -> 14014 bytes
06-11 10:34:30.747 29795 30058 I JniHttpHelper: httpGet OK: https://webst01.is.autonavi.com/appmaptile?style=6&x=101&y=51&z=7 -> 15101 bytes
06-11 10:34:30.750 29795 30057 I AndroidBridge: Decoded image 256x256 from 14014 bytes
06-11 10:34:30.751 29795 30058 I AndroidBridge: Decoded image 256x256 from 15101 bytes
06-11 10:34:30.760 29795 29795 I BasemapLayer: Tile uploaded: 4/12/4 256x256
06-11 10:34:30.760 29795 29795 I BasemapLayer: Tile uploaded: 4/13/4 256x256
06-11 10:34:30.769 29795 30059 I AndroidBridge: androidHttpGet: env=0xb400007977f26ae0 gJniHttpHelperClass=0x30e6 gHttpGetMethod=0x1 url=https://webst01.is.autonavi.com/appmaptile?style=6&x=102&y=50&z=7
06-11 10:34:30.769 29795 30060 I AndroidBridge: androidHttpGet: env=0xb400007977f26f40 gJniHttpHelperClass=0x30e6 gHttpGetMethod=0x1 url=https://webst02.is.autonavi.com/appmaptile?style=6&x=102&y=51&z=7
06-11 10:34:30.769 29795 30059 I JniHttpHelper: httpGet called: https://webst01.is.autonavi.com/appmaptile?style=6&x=102&y=50&z=7
06-11 10:34:30.769 29795 30060 I JniHttpHelper: httpGet called: https://webst02.is.autonavi.com/appmaptile?style=6&x=102&y=51&z=7
06-11 10:34:30.773  1667 15988 I sensors-hal: get_brightness:1652, light_iface: get_brightness, brl 1529, pwm_turbo_on 0/0, hbm_dc 0
06-11 10:34:30.773  1667 15952 I sensors-hal: handle_oplus_wise_rgb_event:230, wise_rgb:algo_type = 3
06-11 10:34:30.773  1667 15952 I sensors-hal: handle_oplus_wise_rgb_event:285, wise_rgb: raw_lux 518.086304, raw_cct 6435.110840, r/g/b/c: 41346.535156/36269.023438/20503.884766/91720.273438, R/G/B: 0.000000/0.000000/0.000000, brl 1529.000000, lux: 518.086304, cct: 6435.110840, ts 242668090604999, cnt 3999
06-11 10:34:30.781 29795 30059 I JniHttpHelper: httpGet OK: https://webst01.is.autonavi.com/appmaptile?style=6&x=102&y=50&z=7 -> 12933 bytes
06-11 10:34:30.787 29795 30060 I JniHttpHelper: httpGet OK: https://webst02.is.autonavi.com/appmaptile?style=6&x=102&y=51&z=7 -> 13632 bytes
06-11 10:34:30.789 29795 30059 I AndroidBridge: Decoded image 256x256 from 12933 bytes
06-11 10:34:30.791 29795 30060 I AndroidBridge: Decoded image 256x256 from 13632 bytes
06-11 10:34:30.793 29795 29795 I BasemapLayer: Tile uploaded: 5/24/10 256x256
06-11 10:34:30.794 29795 29795 I BasemapLayer: Tile uploaded: 3/6/1 256x256
06-11 10:34:30.802 29795 30061 I AndroidBridge: androidHttpGet: env=0xb400007977f26f40 gJniHttpHelperClass=0x30e6 gHttpGetMethod=0x1 url=https://webst04.is.autonavi.com/appmaptile?style=6&x=203&y=104&z=8
06-11 10:34:30.802 29795 30062 I AndroidBridge: androidHttpGet: env=0xb400007977f27720 gJniHttpHelperClass=0x30e6 gHttpGetMethod=0x1 url=https://webst01.is.autonavi.com/appmaptile?style=6&x=406&y=210&z=9
06-11 10:34:30.802 29795 30061 I JniHttpHelper: httpGet called: https://webst04.is.autonavi.com/appmaptile?style=6&x=203&y=104&z=8
06-11 10:34:30.802 29795 30062 I JniHttpHelper: httpGet called: https://webst01.is.autonavi.com/appmaptile?style=6&x=406&y=210&z=9
06-11 10:34:30.824 29795 30062 I JniHttpHelper: httpGet OK: https://webst01.is.autonavi.com/appmaptile?style=6&x=406&y=210&z=9 -> 31437 bytes
06-11 10:34:30.824 29795 30061 I JniHttpHelper: httpGet OK: https://webst04.is.autonavi.com/appmaptile?style=6&x=203&y=104&z=8 -> 27895 bytes
06-11 10:34:30.828 29795 29795 I BasemapLayer: Tile uploaded: 5/24/11 256x256
06-11 10:34:30.828 29795 29795 I BasemapLayer: Tile uploaded: 5/25/11 256x256
06-11 10:34:30.829 29795 30061 I AndroidBridge: Decoded image 256x256 from 27895 bytes
06-11 10:34:30.829 29795 30062 I AndroidBridge: Decoded image 256x256 from 31437 bytes
06-11 10:34:30.836 29795 30063 I AndroidBridge: androidHttpGet: env=0xb400007977f26e60 gJniHttpHelperClass=0x30e6 gHttpGetMethod=0x1 url=https://webst02.is.autonavi.com/appmaptile?style=6&x=407&y=210&z=9
06-11 10:34:30.836 29795 30065 I AndroidBridge: androidHttpGet: env=0xb400007977f27640 gJniHttpHelperClass=0x30e6 gHttpGetMethod=0x1 url=https://webst01.is.autonavi.com/appmaptile?style=6&x=814&y=422&z=10
06-11 10:34:30.836 29795 30063 I JniHttpHelper: httpGet called: https://webst02.is.autonavi.com/appmaptile?style=6&x=407&y=210&z=9
06-11 10:34:30.836 29795 30065 I JniHttpHelper: httpGet called: https://webst01.is.autonavi.com/appmaptile?style=6&x=814&y=422&z=10
06-11 10:34:30.848 29795 30063 I JniHttpHelper: httpGet OK: https://webst02.is.autonavi.com/appmaptile?style=6&x=407&y=210&z=9 -> 27612 bytes
06-11 10:34:30.851 29795 30065 I JniHttpHelper: httpGet OK: https://webst01.is.autonavi.com/appmaptile?style=6&x=814&y=422&z=10 -> 30238 bytes
06-11 10:34:30.854 29795 30063 I AndroidBridge: Decoded image 256x256 from 27612 bytes
06-11 10:34:30.855 29795 30065 I AndroidBridge: Decoded image 256x256 from 30238 bytes
06-11 10:34:30.860 29795 29795 I BasemapLayer: Tile uploaded: 5/25/10 256x256
06-11 10:34:30.860 29795 29795 I BasemapLayer: Tile uploaded: 5/26/10 256x256
06-11 10:34:30.870 29795 30066 I AndroidBridge: androidHttpGet: env=0xb400007977f26e60 gJniHttpHelperClass=0x30e6 gHttpGetMethod=0x1 url=https://webst02.is.autonavi.com/appmaptile?style=6&x=815&y=422&z=10
06-11 10:34:30.870 29795 30067 I AndroidBridge: androidHttpGet: env=0xb400007977f27640 gJniHttpHelperClass=0x30e6 gHttpGetMethod=0x1 url=https://webst02.is.autonavi.com/appmaptile?style=6&x=814&y=423&z=10
06-11 10:34:30.870 29795 30066 I JniHttpHelper: httpGet called: https://webst02.is.autonavi.com/appmaptile?style=6&x=815&y=422&z=10
06-11 10:34:30.870 29795 30067 I JniHttpHelper: httpGet called: https://webst02.is.autonavi.com/appmaptile?style=6&x=814&y=423&z=10
06-11 10:34:30.891 29795 30066 I JniHttpHelper: httpGet OK: https://webst02.is.autonavi.com/appmaptile?style=6&x=815&y=422&z=10 -> 26987 bytes
06-11 10:34:30.895 29795 29795 I BasemapLayer: Tile uploaded: 5/26/11 256x256
06-11 10:34:30.895 29795 29795 I BasemapLayer: Tile uploaded: 4/14/4 256x256
06-11 10:34:30.896 29795 30066 I AndroidBridge: Decoded image 256x256 from 26987 bytes
06-11 10:34:30.905 29795 30068 I AndroidBridge: androidHttpGet: env=0xb400007977f281a0 gJniHttpHelperClass=0x30e6 gHttpGetMethod=0x1 url=https://webst03.is.autonavi.com/appmaptile?style=6&x=815&y=423&z=10
06-11 10:34:30.905 29795 30070 I AndroidBridge: androidHttpGet: env=0xb400007977f28520 gJniHttpHelperClass=0x30e6 gHttpGetMethod=0x1 url=https://webst01.is.autonavi.com/appmaptile?style=6&x=3258&y=1698&z=12
06-11 10:34:30.905 29795 30070 I JniHttpHelper: httpGet called: https://webst01.is.autonavi.com/appmaptile?style=6&x=3258&y=1698&z=12
06-11 10:34:30.905 29795 30068 I JniHttpHelper: httpGet called: https://webst03.is.autonavi.com/appmaptile?style=6&x=815&y=423&z=10
06-11 10:34:30.914  4639  8246 D CommonApp-194-10602: commonScoreStrategy scenarios 1
06-11 10:34:30.914  4639  8246 D CommonApp-194-10602: notifyScoreChange appScene COMMON score 100
06-11 10:34:30.914  4639  8246 D ScorePolicy: handleScoreChanged: []
06-11 10:34:30.915  4639  8246 D ScorePolicy: handleScoreChanged: []
06-11 10:34:30.915  4639  8246 D ScorePolicy: handleScoreChanged: []
06-11 10:34:30.924 29795 30068 I JniHttpHelper: httpGet OK: https://webst03.is.autonavi.com/appmaptile?style=6&x=815&y=423&z=10 -> 32690 bytes
06-11 10:34:30.925 29795 30070 I JniHttpHelper: httpGet OK: https://webst01.is.autonavi.com/appmaptile?style=6&x=3258&y=1698&z=12 -> 34096 bytes
06-11 10:34:30.927 29795 30067 I JniHttpHelper: httpGet OK: https://webst02.is.autonavi.com/appmaptile?style=6&x=814&y=423&z=10 -> 34269 bytes
06-11 10:34:30.928 29795 29795 I BasemapLayer: Tile uploaded: 7/101/50 256x256
06-11 10:34:30.929 29795 29795 I BasemapLayer: Tile uploaded: 7/101/51 256x256
06-11 10:34:30.929 29795 30070 I AndroidBridge: Decoded image 256x256 from 34096 bytes
06-11 10:34:30.929 29795 30068 I AndroidBridge: Decoded image 256x256 from 32690 bytes
06-11 10:34:30.932 29795 30067 I AndroidBridge: Decoded image 256x256 from 34269 bytes
06-11 10:34:30.938 29795 30072 I AndroidBridge: androidHttpGet: env=0xb400007977f25b20 gJniHttpHelperClass=0x30e6 gHttpGetMethod=0x1 url=https://webst02.is.autonavi.com/appmaptile?style=6&x=3259&y=1698&z=12
06-11 10:34:30.938 29795 30073 I AndroidBridge: androidHttpGet: env=0xb400007977f27640 gJniHttpHelperClass=0x30e6 gHttpGetMethod=0x1 url=https://webst03.is.autonavi.com/appmaptile?style=6&x=3259&y=1699&z=12
06-11 10:34:30.938 29795 30072 I JniHttpHelper: httpGet called: https://webst02.is.autonavi.com/appmaptile?style=6&x=3259&y=1698&z=12
06-11 10:34:30.938 29795 30073 I JniHttpHelper: httpGet called: https://webst03.is.autonavi.com/appmaptile?style=6&x=3259&y=1699&z=12
06-11 10:34:30.955 29795 30072 I JniHttpHelper: httpGet OK: https://webst02.is.autonavi.com/appmaptile?style=6&x=3259&y=1698&z=12 -> 35883 bytes
06-11 10:34:30.958 29795 30073 I JniHttpHelper: httpGet OK: https://webst03.is.autonavi.com/appmaptile?style=6&x=3259&y=1699&z=12 -> 33566 bytes
06-11 10:34:30.960 29795 30072 I AndroidBridge: Decoded image 256x256 from 35883 bytes
06-11 10:34:30.962 29795 29795 I BasemapLayer: Tile uploaded: 7/102/50 256x256
06-11 10:34:30.962 29795 29795 I BasemapLayer: Tile uploaded: 7/102/51 256x256
06-11 10:34:30.963 29795 30073 I AndroidBridge: Decoded image 256x256 from 33566 bytes
06-11 10:34:30.971 29795 30074 I AndroidBridge: androidHttpGet: env=0xb400007977f27640 gJniHttpHelperClass=0x30e6 gHttpGetMethod=0x1 url=https://webst03.is.autonavi.com/appmaptile?style=6&x=3260&y=1698&z=12
06-11 10:34:30.971 29795 30075 I AndroidBridge: androidHttpGet: env=0xb400007977f28360 gJniHttpHelperClass=0x30e6 gHttpGetMethod=0x1 url=https://webst04.is.autonavi.com/appmaptile?style=6&x=3260&y=1699&z=12
06-11 10:34:30.971 29795 30075 I JniHttpHelper: httpGet called: https://webst04.is.autonavi.com/appmaptile?style=6&x=3260&y=1699&z=12
06-11 10:34:30.971 29795 30074 I JniHttpHelper: httpGet called: https://webst03.is.autonavi.com/appmaptile?style=6&x=3260&y=1698&z=12
06-11 10:34:30.973  1667 15952 I sensors-hal: handle_oplus_wise_rgb_event:230, wise_rgb:algo_type = 3
06-11 10:34:30.973  1667 15952 I sensors-hal: handle_oplus_wise_rgb_event:285, wise_rgb: raw_lux 530.017578, raw_cct 6395.592773, r/g/b/c: 41156.355469/36313.894531/20345.531250/91983.132812, R/G/B: 0.000000/0.000000/0.000000, brl 1529.000000, lux: 530.017578, cct: 6395.592773, ts 242668290433749, cnt 4000
06-11 10:34:30.984 29795 30074 I JniHttpHelper: httpGet OK: https://webst03.is.autonavi.com/appmaptile?style=6&x=3260&y=1698&z=12 -> 34661 bytes
06-11 10:34:30.990 29795 30074 I AndroidBridge: Decoded image 256x256 from 34661 bytes
06-11 10:34:30.994 29795 29795 I BasemapLayer: Tile uploaded: 8/203/104 256x256
06-11 10:34:30.995 29795 29795 I BasemapLayer: Tile uploaded: 9/406/210 256x256
06-11 10:34:31.004 29795 30076 I AndroidBridge: androidHttpGet: env=0xb400007977f27560 gJniHttpHelperClass=0x30e6 gHttpGetMethod=0x1 url=https://webst01.is.autonavi.com/appmaptile?style=6&x=3259&y=1701&z=12
06-11 10:34:31.005 29795 30077 I AndroidBridge: androidHttpGet: env=0xb400007977f28280 gJniHttpHelperClass=0x30e6 gHttpGetMethod=0x1 url=https://webst01.is.autonavi.com/appmaptile?style=6&x=204&y=104&z=8
06-11 10:34:31.005 29795 30076 I JniHttpHelper: httpGet called: https://webst01.is.autonavi.com/appmaptile?style=6&x=3259&y=1701&z=12
06-11 10:34:31.005 29795 30077 I JniHttpHelper: httpGet called: https://webst01.is.autonavi.com/appmaptile?style=6&x=204&y=104&z=8
06-11 10:34:31.014 29795 30075 I JniHttpHelper: httpGet OK: https://webst04.is.autonavi.com/appmaptile?style=6&x=3260&y=1699&z=12 -> 31142 bytes
06-11 10:34:31.020 29795 30076 I JniHttpHelper: httpGet OK: https://webst01.is.autonavi.com/appmaptile?style=6&x=3259&y=1701&z=12 -> 32265 bytes
06-11 10:34:31.022 29795 30075 I AndroidBridge: Decoded image 256x256 from 31142 bytes
06-11 10:34:31.025 29795 30076 I AndroidBridge: Decoded image 256x256 from 32265 bytes
06-11 10:34:31.028 29795 29795 I BasemapLayer: Tile uploaded: 9/407/210 256x256
06-11 10:34:31.028 29795 29795 I BasemapLayer: Tile uploaded: 10/814/422 256x256
06-11 10:34:31.038 29795 30078 I AndroidBridge: androidHttpGet: env=0xb400007977f28360 gJniHttpHelperClass=0x30e6 gHttpGetMethod=0x1 url=https://webst03.is.autonavi.com/appmaptile?style=6&x=408&y=210&z=9
06-11 10:34:31.038 29795 30080 I AndroidBridge: androidHttpGet: env=0xb400007977f28b40 gJniHttpHelperClass=0x30e6 gHttpGetMethod=0x1 url=https://webst02.is.autonavi.com/appmaptile?style=6&x=2&y=3&z=2
06-11 10:34:31.038 29795 30078 I JniHttpHelper: httpGet called: https://webst03.is.autonavi.com/appmaptile?style=6&x=408&y=210&z=9
06-11 10:34:31.038 29795 30080 I JniHttpHelper: httpGet called: https://webst02.is.autonavi.com/appmaptile?style=6&x=2&y=3&z=2
06-11 10:34:31.049 29795 30080 I JniHttpHelper: httpGet OK: https://webst02.is.autonavi.com/appmaptile?style=6&x=2&y=3&z=2 -> 2982 bytes
06-11 10:34:31.050 29795 30077 I JniHttpHelper: httpGet OK: https://webst01.is.autonavi.com/appmaptile?style=6&x=204&y=104&z=8 -> 28288 bytes
06-11 10:34:31.053 29795 30080 I AndroidBridge: Decoded image 256x256 from 2982 bytes
06-11 10:34:31.054 29795 30078 I JniHttpHelper: httpGet OK: https://webst03.is.autonavi.com/appmaptile?style=6&x=408&y=210&z=9 -> 27016 bytes
06-11 10:34:31.054 29795 30077 I AndroidBridge: Decoded image 256x256 from 28288 bytes
06-11 10:34:31.058 29795 30078 I AndroidBridge: Decoded image 256x256 from 27016 bytes
06-11 10:34:31.061 29795 29795 I BasemapLayer: Tile uploaded: 10/815/422 256x256
06-11 10:34:31.061 29795 29795 I BasemapLayer: Tile uploaded: 12/3258/1698 256x256
06-11 10:34:31.071 29795 30082 I AndroidBridge: androidHttpGet: env=0xb400007977f27640 gJniHttpHelperClass=0x30e6 gHttpGetMethod=0x1 url=https://webst03.is.autonavi.com/appmaptile?style=6&x=3&y=3&z=2
06-11 10:34:31.071 29795 30082 I JniHttpHelper: httpGet called: https://webst03.is.autonavi.com/appmaptile?style=6&x=3&y=3&z=2
06-11 10:34:31.075 29795 29859 E JniHttpHelper: HTTP GET failed: http://192.168.1.6:8091/11/1629/688.terrain
06-11 10:34:31.075 29795 29859 E JniHttpHelper: java.net.ConnectException: Failed to connect to /192.168.1.6:8091
06-11 10:34:31.075 29795 29859 E JniHttpHelper: 	at com.android.okhttp.internal.io.RealConnection.connectSocket(RealConnection.java:147)
06-11 10:34:31.075 29795 29859 E JniHttpHelper: 	at com.android.okhttp.internal.io.RealConnection.connect(RealConnection.java:116)
06-11 10:34:31.075 29795 29859 E JniHttpHelper: 	at com.android.okhttp.internal.http.StreamAllocation.findConnection(StreamAllocation.java:186)
06-11 10:34:31.075 29795 29859 E JniHttpHelper: 	at com.android.okhttp.internal.http.StreamAllocation.findHealthyConnection(StreamAllocation.java:128)
06-11 10:34:31.075 29795 29859 E JniHttpHelper: 	at com.android.okhttp.internal.http.StreamAllocation.newStream(StreamAllocation.java:97)
06-11 10:34:31.075 29795 29859 E JniHttpHelper: 	at com.android.okhttp.internal.http.HttpEngine.connect(HttpEngine.java:289)
06-11 10:34:31.075 29795 29859 E JniHttpHelper: 	at com.android.okhttp.internal.http.HttpEngine.sendRequest(HttpEngine.java:232)
06-11 10:34:31.075 29795 29859 E JniHttpHelper: 	at com.android.okhttp.internal.huc.HttpURLConnectionImpl.execute(HttpURLConnectionImpl.java:465)
06-11 10:34:31.075 29795 29859 E JniHttpHelper: 	at com.android.okhttp.internal.huc.HttpURLConnectionImpl.connect(HttpURLConnectionImpl.java:131)
06-11 10:34:31.075 29795 29859 E JniHttpHelper: 	at com.earthengine.minimalglobe.JniHttpHelper.httpGet(JniHttpHelper.java:52)
06-11 10:34:31.075 29795 29859 I QMTerrain: httpGet bridge: 0 bytes
06-11 10:34:31.075 29795 29859 I QMTerrain: requestTile: z=11 x=1629 y=1359 body=0 canceled=0
06-11 10:34:31.075 29795 29861 E JniHttpHelper: HTTP GET failed: http://192.168.1.6:8091/11/1629/687.terrain
06-11 10:34:31.075 29795 29861 E JniHttpHelper: java.net.SocketException: No route to host
06-11 10:34:31.075 29795 29861 E JniHttpHelper: 	at java.net.SocketOutputStream.socketWrite0(Native Method)
06-11 10:34:31.075 29795 29861 E JniHttpHelper: 	at java.net.SocketOutputStream.socketWrite(SocketOutputStream.java:116)
06-11 10:34:31.075 29795 29861 E JniHttpHelper: 	at java.net.SocketOutputStream.write(SocketOutputStream.java:156)
06-11 10:34:31.075 29795 29861 E JniHttpHelper: 	at com.android.okhttp.okio.Okio$1.write(Okio.java:78)
06-11 10:34:31.075 29795 29861 E JniHttpHelper: 	at com.android.okhttp.okio.AsyncTimeout$1.write(AsyncTimeout.java:157)
06-11 10:34:31.075 29795 29861 E JniHttpHelper: 	at com.android.okhttp.okio.RealBufferedSink.flush(RealBufferedSink.java:222)
06-11 10:34:31.075 29795 29861 E JniHttpHelper: 	at com.android.okhttp.internal.http.Http1xStream.finishRequest(Http1xStream.java:163)
06-11 10:34:31.075 29795 29861 E JniHttpHelper: 	at com.android.okhttp.internal.http.HttpEngine.readNetworkResponse(HttpEngine.java:748)
06-11 10:34:31.075 29795 29861 E JniHttpHelper: 	at com.android.okhttp.internal.http.HttpEngine.readResponse(HttpEngine.java:622)
06-11 10:34:31.075 29795 29861 E JniHttpHelper: 	at com.android.okhttp.internal.huc.HttpURLConnectionImpl.execute(HttpURLConnectionImpl.java:475)
06-11 10:34:31.075 29795 29861 E JniHttpHelper: 	at com.android.okhttp.internal.huc.HttpURLConnectionImpl.getResponse(HttpURLConnectionImpl.java:411)
06-11 10:34:31.075 29795 29861 E JniHttpHelper: 	at com.android.okhttp.internal.huc.HttpURLConnectionImpl.getResponseCode(HttpURLConnectionImpl.java:542)
06-11 10:34:31.075 29795 29861 E JniHttpHelper: 	at com.earthengine.minimalglobe.JniHttpHelper.httpGet(JniHttpHelper.java:54)
06-11 10:34:31.075 29795 29861 I QMTerrain: httpGet bridge: 0 bytes
06-11 10:34:31.075 29795 29861 I QMTerrain: requestTile: z=11 x=1629 y=1360 body=0 canceled=0
06-11 10:34:31.075 29795 29861 I QMTerrain: httpGet ENTER: http://192.168.1.6:8091/11/1630/684.terrain
06-11 10:34:31.075 29795 29863 E JniHttpHelper: HTTP GET failed: http://192.168.1.6:8091/11/1630/687.terrain
06-11 10:34:31.075 29795 29863 E JniHttpHelper: java.net.ConnectException: Failed to connect to /192.168.1.6:8091
06-11 10:34:31.075 29795 29863 E JniHttpHelper: 	at com.android.okhttp.internal.io.RealConnection.connectSocket(RealConnection.java:147)
06-11 10:34:31.075 29795 29863 E JniHttpHelper: 	at com.android.okhttp.internal.io.RealConnection.connect(RealConnection.java:116)
06-11 10:34:31.075 29795 29863 E JniHttpHelper: 	at com.android.okhttp.internal.http.StreamAllocation.findConnection(StreamAllocation.java:186)
06-11 10:34:31.075 29795 29863 E JniHttpHelper: 	at com.android.okhttp.internal.http.StreamAllocation.findHealthyConnection(StreamAllocation.java:128)
06-11 10:34:31.075 29795 29863 E JniHttpHelper: 	at com.android.okhttp.internal.http.StreamAllocation.newStream(StreamAllocation.java:97)
06-11 10:34:31.075 29795 29863 E JniHttpHelper: 	at com.android.okhttp.internal.http.HttpEngine.connect(HttpEngine.java:289)
06-11 10:34:31.075 29795 29863 E JniHttpHelper: 	at com.android.okhttp.internal.http.HttpEngine.sendRequest(HttpEngine.java:232)
06-11 10:34:31.075 29795 29863 E JniHttpHelper: 	at com.android.okhttp.internal.huc.HttpURLConnectionImpl.execute(HttpURLConnectionImpl.java:465)
06-11 10:34:31.075 29795 29863 E JniHttpHelper: 	at com.android.okhttp.internal.huc.HttpURLConnectionImpl.connect(HttpURLConnectionImpl.java:131)
06-11 10:34:31.075 29795 29863 E JniHttpHelper: 	at com.earthengine.minimalglobe.JniHttpHelper.httpGet(JniHttpHelper.java:52)
06-11 10:34:31.075 29795 29863 I QMTerrain: httpGet bridge: 0 bytes
06-11 10:34:31.075 29795 29863 I QMTerrain: requestTile: z=11 x=1630 y=1360 body=0 canceled=0
06-11 10:34:31.075 29795 29863 I QMTerrain: httpGet ENTER: http://192.168.1.6:8091/12/3259/1384.terrain
06-11 10:34:31.075 29795 29861 I AndroidBridge: androidHttpGet: env=0xb400007a7da13980 gJniHttpHelperClass=0x30e6 gHttpGetMethod=0x1 url=http://192.168.1.6:8091/11/1630/684.terrain
06-11 10:34:31.075 29795 29861 I JniHttpHelper: httpGet called: http://192.168.1.6:8091/11/1630/684.terrain
06-11 10:34:31.076 29795 29859 I QMTerrain: httpGet ENTER: http://192.168.1.6:8091/11/1630/685.terrain
06-11 10:34:31.076 29795 29859 I AndroidBridge: androidHttpGet: env=0xb400007a6f9ae1a0 gJniHttpHelperClass=0x30e6 gHttpGetMethod=0x1 url=http://192.168.1.6:8091/11/1630/685.terrain
06-11 10:34:31.076 29795 29859 I JniHttpHelper: httpGet called: http://192.168.1.6:8091/11/1630/685.terrain
06-11 10:34:31.077 29795 29864 E JniHttpHelper: HTTP GET failed: http://192.168.1.6:8091/11/1630/686.terrain
06-11 10:34:31.077 29795 29864 E JniHttpHelper: java.net.ConnectException: Failed to connect to /192.168.1.6:8091
06-11 10:34:31.077 29795 29864 E JniHttpHelper: 	at com.android.okhttp.internal.io.RealConnection.connectSocket(RealConnection.java:147)
06-11 10:34:31.077 29795 29864 E JniHttpHelper: 	at com.android.okhttp.internal.io.RealConnection.connect(RealConnection.java:116)
06-11 10:34:31.077 29795 29864 E JniHttpHelper: 	at com.android.okhttp.internal.http.StreamAllocation.findConnection(StreamAllocation.java:186)
06-11 10:34:31.077 29795 29864 E JniHttpHelper: 	at com.android.okhttp.internal.http.StreamAllocation.findHealthyConnection(StreamAllocation.java:128)
06-11 10:34:31.077 29795 29864 E JniHttpHelper: 	at com.android.okhttp.internal.http.StreamAllocation.newStream(StreamAllocation.java:97)
06-11 10:34:31.077 29795 29864 E JniHttpHelper: 	at com.android.okhttp.internal.http.HttpEngine.connect(HttpEngine.java:289)
06-11 10:34:31.077 29795 29864 E JniHttpHelper: 	at com.android.okhttp.internal.http.HttpEngine.sendRequest(HttpEngine.java:232)
06-11 10:34:31.077 29795 29864 E JniHttpHelper: 	at com.android.okhttp.internal.huc.HttpURLConnectionImpl.execute(HttpURLConnectionImpl.java:465)
06-11 10:34:31.077 29795 29864 E JniHttpHelper: 	at com.android.okhttp.internal.huc.HttpURLConnectionImpl.connect(HttpURLConnectionImpl.java:131)
06-11 10:34:31.077 29795 29864 E JniHttpHelper: 	at com.earthengine.minimalglobe.JniHttpHelper.httpGet(JniHttpHelper.java:52)
06-11 10:34:31.077 29795 29864 I QMTerrain: httpGet bridge: 0 bytes
06-11 10:34:31.077 29795 29864 I QMTerrain: requestTile: z=11 x=1630 y=1361 body=0 canceled=0
06-11 10:34:31.077 29795 29864 I QMTerrain: httpGet ENTER: http://192.168.1.6:8091/12/3259/1382.terrain
06-11 10:34:31.077 29795 29864 I AndroidBridge: androidHttpGet: env=0xb400007a6f9ae520 gJniHttpHelperClass=0x30e6 gHttpGetMethod=0x1 url=http://192.168.1.6:8091/12/3259/1382.terrain
06-11 10:34:31.077 29795 29864 I JniHttpHelper: httpGet called: http://192.168.1.6:8091/12/3259/1382.terrain
06-11 10:34:31.078 29795 29865 E JniHttpHelper: HTTP GET failed: http://192.168.1.6:8091/11/1629/685.terrain
06-11 10:34:31.078 29795 29865 E JniHttpHelper: java.net.ConnectException: Failed to connect to /192.168.1.6:8091
06-11 10:34:31.078 29795 29865 E JniHttpHelper: 	at com.android.okhttp.internal.io.RealConnection.connectSocket(RealConnection.java:147)
06-11 10:34:31.078 29795 29865 E JniHttpHelper: 	at com.android.okhttp.internal.io.RealConnection.connect(RealConnection.java:116)
06-11 10:34:31.078 29795 29865 E JniHttpHelper: 	at com.android.okhttp.internal.http.StreamAllocation.findConnection(StreamAllocation.java:186)
06-11 10:34:31.078 29795 29865 E JniHttpHelper: 	at com.android.okhttp.internal.http.StreamAllocation.findHealthyConnection(StreamAllocation.java:128)
06-11 10:34:31.078 29795 29865 E JniHttpHelper: 	at com.android.okhttp.internal.http.StreamAllocation.newStream(StreamAllocation.java:97)
06-11 10:34:31.078 29795 29865 E JniHttpHelper: 	at com.android.okhttp.internal.http.HttpEngine.connect(HttpEngine.java:289)
06-11 10:34:31.078 29795 29865 E JniHttpHelper: 	at com.android.okhttp.internal.http.HttpEngine.sendRequest(HttpEngine.java:232)
06-11 10:34:31.078 29795 29865 E JniHttpHelper: 	at com.android.okhttp.internal.huc.HttpURLConnectionImpl.execute(HttpURLConnectionImpl.java:465)
06-11 10:34:31.078 29795 29865 E JniHttpHelper: 	at com.android.okhttp.internal.huc.HttpURLConnectionImpl.connect(HttpURLConnectionImpl.java:131)
06-11 10:34:31.078 29795 29865 E JniHttpHelper: 	at com.earthengine.minimalglobe.JniHttpHelper.httpGet(JniHttpHelper.java:52)
06-11 10:34:31.078 29795 29865 I QMTerrain: httpGet bridge: 0 bytes
06-11 10:34:31.078 29795 29865 I QMTerrain: requestTile: z=11 x=1629 y=1362 body=0 canceled=0
06-11 10:34:31.078 29795 29865 I QMTerrain: httpGet ENTER: http://192.168.1.6:8091/11/1629/690.terrain
06-11 10:34:31.078 29795 29860 E JniHttpHelper: HTTP GET failed: http://192.168.1.6:8091/11/1630/688.terrain
06-11 10:34:31.078 29795 29860 E JniHttpHelper: java.net.ConnectException: Failed to connect to /192.168.1.6:8091
06-11 10:34:31.078 29795 29860 E JniHttpHelper: 	at com.android.okhttp.internal.io.RealConnection.connectSocket(RealConnection.java:147)
06-11 10:34:31.078 29795 29860 E JniHttpHelper: 	at com.android.okhttp.internal.io.RealConnection.connect(RealConnection.java:116)
06-11 10:34:31.078 29795 29860 E JniHttpHelper: 	at com.android.okhttp.internal.http.StreamAllocation.findConnection(StreamAllocation.java:186)
06-11 10:34:31.078 29795 29860 E JniHttpHelper: 	at com.android.okhttp.internal.http.StreamAllocation.findHealthyConnection(StreamAllocation.java:128)
06-11 10:34:31.078 29795 29860 E JniHttpHelper: 	at com.android.okhttp.internal.http.StreamAllocation.newStream(StreamAllocation.java:97)
06-11 10:34:31.078 29795 29860 E JniHttpHelper: 	at com.android.okhttp.internal.http.HttpEngine.connect(HttpEngine.java:289)
06-11 10:34:31.078 29795 29860 E JniHttpHelper: 	at com.android.okhttp.internal.http.HttpEngine.sendRequest(HttpEngine.java:232)
06-11 10:34:31.078 29795 29860 E JniHttpHelper: 	at com.android.okhttp.internal.huc.HttpURLConnectionImpl.execute(HttpURLConnectionImpl.java:465)
06-11 10:34:31.078 29795 29860 E JniHttpHelper: 	at com.android.okhttp.internal.huc.HttpURLConnectionImpl.connect(HttpURLConnectionImpl.java:131)
06-11 10:34:31.078 29795 29860 E JniHttpHelper: 	at com.earthengine.minimalglobe.JniHttpHelper.httpGet(JniHttpHelper.java:52)
06-11 10:34:31.078 29795 29863 I AndroidBridge: androidHttpGet: env=0xb400007a7da13d00 gJniHttpHelperClass=0x30e6 gHttpGetMethod=0x1 url=http://192.168.1.6:8091/12/3259/1384.terrain
06-11 10:34:31.078 29795 29863 I JniHttpHelper: httpGet called: http://192.168.1.6:8091/12/3259/1384.terrain
06-11 10:34:31.078 29795 29860 I QMTerrain: httpGet bridge: 0 bytes
06-11 10:34:31.078 29795 29860 I QMTerrain: requestTile: z=11 x=1630 y=1359 body=0 canceled=0
06-11 10:34:31.078 29795 29860 I QMTerrain: httpGet ENTER: http://192.168.1.6:8091/12/3260/1382.terrain
06-11 10:34:31.078 29795 29860 I AndroidBridge: androidHttpGet: env=0xb400007a6f9ade20 gJniHttpHelperClass=0x30e6 gHttpGetMethod=0x1 url=http://192.168.1.6:8091/12/3260/1382.terrain
06-11 10:34:31.078 29795 29860 I JniHttpHelper: httpGet called: http://192.168.1.6:8091/12/3260/1382.terrain
06-11 10:34:31.078 29795 29862 E JniHttpHelper: HTTP GET failed: http://192.168.1.6:8091/11/1629/686.terrain
06-11 10:34:31.078 29795 29862 E JniHttpHelper: java.net.ConnectException: Failed to connect to /192.168.1.6:8091
06-11 10:34:31.078 29795 29862 E JniHttpHelper: 	at com.android.okhttp.internal.io.RealConnection.connectSocket(RealConnection.java:147)
06-11 10:34:31.078 29795 29862 E JniHttpHelper: 	at com.android.okhttp.internal.io.RealConnection.connect(RealConnection.java:116)
06-11 10:34:31.078 29795 29862 E JniHttpHelper: 	at com.android.okhttp.internal.http.StreamAllocation.findConnection(StreamAllocation.java:186)
06-11 10:34:31.078 29795 29862 E JniHttpHelper: 	at com.android.okhttp.internal.http.StreamAllocation.findHealthyConnection(StreamAllocation.java:128)
06-11 10:34:31.078 29795 29862 E JniHttpHelper: 	at com.android.okhttp.internal.http.StreamAllocation.newStream(StreamAllocation.java:97)
06-11 10:34:31.078 29795 29862 E JniHttpHelper: 	at com.android.okhttp.internal.http.HttpEngine.connect(HttpEngine.java:289)
06-11 10:34:31.078 29795 29862 E JniHttpHelper: 	at com.android.okhttp.internal.http.HttpEngine.sendRequest(HttpEngine.java:232)
06-11 10:34:31.078 29795 29862 E JniHttpHelper: 	at com.android.okhttp.internal.huc.HttpURLConnectionImpl.execute(HttpURLConnectionImpl.java:465)
06-11 10:34:31.078 29795 29862 E JniHttpHelper: 	at com.android.okhttp.internal.huc.HttpURLConnectionImpl.connect(HttpURLConnectionImpl.java:131)
06-11 10:34:31.078 29795 29862 E JniHttpHelper: 	at com.earthengine.minimalglobe.JniHttpHelper.httpGet(JniHttpHelper.java:52)
06-11 10:34:31.078 29795 29862 I QMTerrain: httpGet bridge: 0 bytes
06-11 10:34:31.078 29795 29862 I QMTerrain: requestTile: z=11 x=1629 y=1361 body=0 canceled=0
06-11 10:34:31.078 29795 29862 I QMTerrain: httpGet ENTER: http://192.168.1.6:8091/11/1630/690.terrain
06-11 10:34:31.078 29795 29862 I AndroidBridge: androidHttpGet: env=0xb400007a6f9ae8a0 gJniHttpHelperClass=0x30e6 gHttpGetMethod=0x1 url=http://192.168.1.6:8091/11/1630/690.terrain
06-11 10:34:31.078 29795 29862 I JniHttpHelper: httpGet called: http://192.168.1.6:8091/11/1630/690.terrain
06-11 10:34:31.078 29795 29865 I AndroidBridge: androidHttpGet: env=0xb400007a7da14080 gJniHttpHelperClass=0x30e6 gHttpGetMethod=0x1 url=http://192.168.1.6:8091/11/1629/690.terrain
06-11 10:34:31.078 29795 29865 I JniHttpHelper: httpGet called: http://192.168.1.6:8091/11/1629/690.terrain
06-11 10:34:31.079 29795 29858 E JniHttpHelper: HTTP GET failed: http://192.168.1.6:8091/11/1629/689.terrain
06-11 10:34:31.079 29795 29858 E JniHttpHelper: java.net.ConnectException: Failed to connect to /192.168.1.6:8091
06-11 10:34:31.079 29795 29858 E JniHttpHelper: 	at com.android.okhttp.internal.io.RealConnection.connectSocket(RealConnection.java:147)
06-11 10:34:31.079 29795 29858 E JniHttpHelper: 	at com.android.okhttp.internal.io.RealConnection.connect(RealConnection.java:116)
06-11 10:34:31.079 29795 29858 E JniHttpHelper: 	at com.android.okhttp.internal.http.StreamAllocation.findConnection(StreamAllocation.java:186)
06-11 10:34:31.079 29795 29858 E JniHttpHelper: 	at com.android.okhttp.internal.http.StreamAllocation.findHealthyConnection(StreamAllocation.java:128)
06-11 10:34:31.079 29795 29858 E JniHttpHelper: 	at com.android.okhttp.internal.http.StreamAllocation.newStream(StreamAllocation.java:97)
06-11 10:34:31.079 29795 29858 E JniHttpHelper: 	at com.android.okhttp.internal.http.HttpEngine.connect(HttpEngine.java:289)
06-11 10:34:31.079 29795 29858 E JniHttpHelper: 	at com.android.okhttp.internal.http.HttpEngine.sendRequest(HttpEngine.java:232)
06-11 10:34:31.079 29795 29858 E JniHttpHelper: 	at com.android.okhttp.internal.huc.HttpURLConnectionImpl.execute(HttpURLConnectionImpl.java:465)
06-11 10:34:31.079 29795 29858 E JniHttpHelper: 	at com.android.okhttp.internal.huc.HttpURLConnectionImpl.connect(HttpURLConnectionImpl.java:131)
06-11 10:34:31.079 29795 29858 E JniHttpHelper: 	at com.earthengine.minimalglobe.JniHttpHelper.httpGet(JniHttpHelper.java:52)
06-11 10:34:31.079 29795 29858 I QMTerrain: httpGet bridge: 0 bytes
06-11 10:34:31.079 29795 29858 I QMTerrain: requestTile: z=11 x=1629 y=1358 body=0 canceled=0
06-11 10:34:31.080 29795 29858 I QMTerrain: httpGet ENTER: http://192.168.1.6:8091/11/1630/689.terrain
06-11 10:34:31.080 29795 29858 I AndroidBridge: androidHttpGet: env=0xb400007a7da13600 gJniHttpHelperClass=0x30e6 gHttpGetMethod=0x1 url=http://192.168.1.6:8091/11/1630/689.terrain
06-11 10:34:31.080 29795 29858 I JniHttpHelper: httpGet called: http://192.168.1.6:8091/11/1630/689.terrain
06-11 10:34:31.085  3189  3765 V AlarmManager: sending alarm Alarm{a732719 type 1 origWhen 1781145271085 whenElapsed 242668411 android} uid 1000 whenElapsed 242668411 windowLength 0 maxWhenElapsed 242668411 repeatInterval 0 action null component null tag StorgaeBandInfoAlarmTag flags 0x9 procName system_server
06-11 10:34:31.085  3189 27614 E OplusStorageUFSBandwidth: storage_io_metrics_path is /proc/oplus_storage/io_metrics/forever/
06-11 10:34:31.086  3189 27614 E OplusStorageUFSBandwidth: Bandwidth - Read: 0.00 MB/s, Write: 1.50 MB/s
06-11 10:34:31.086  3189 27614 E OplusStorageUFSBandwidth: Task time: 1ms
06-11 10:34:31.089  3189 27614 E OplusStorageUFSBandwidth: Alarm set to trigger in 10 seconds
06-11 10:34:31.090 29795 30082 I JniHttpHelper: httpGet OK: https://webst03.is.autonavi.com/appmaptile?style=6&x=3&y=3&z=2 -> 3789 bytes
06-11 10:34:31.095 29795 30082 I AndroidBridge: Decoded image 256x256 from 3789 bytes
06-11 10:34:31.095 29795 29795 I BasemapLayer: Tile uploaded: 10/815/423 256x256
06-11 10:34:31.095 29795 29795 I BasemapLayer: Tile uploaded: 10/814/423 256x256
06-11 10:34:31.128 29795 29795 I BasemapLayer: Tile uploaded: 12/3259/1698 256x256
06-11 10:34:31.129 29795 29795 I BasemapLayer: Tile uploaded: 12/3259/1699 256x256
06-11 10:34:31.162 29795 29795 I BasemapLayer: Tile uploaded: 12/3260/1698 256x256
06-11 10:34:31.162 29795 29795 I BasemapLayer: Tile uploaded: 12/3260/1699 256x256
06-11 10:34:31.173  1667 15952 I sensors-hal: handle_oplus_wise_rgb_event:230, wise_rgb:algo_type = 3
06-11 10:34:31.173  1667 15952 I sensors-hal: handle_oplus_wise_rgb_event:285, wise_rgb: raw_lux 532.338501, raw_cct 6352.780762, r/g/b/c: 41119.902344/36265.050781/20270.060547/92066.242188, R/G/B: 0.000000/0.000000/0.000000, brl 1529.000000, lux: 532.338501, cct: 6352.780762, ts 242668490195728, cnt 4001
06-11 10:34:31.195 29795 29795 I BasemapLayer: Tile uploaded: 12/3259/1701 256x256
06-11 10:34:31.196 29795 29795 I BasemapLayer: Tile uploaded: 2/2/3 256x256
06-11 10:34:31.213  1800  1924 D BatteryChargeControl: bcc get no support from charging protocol
06-11 10:34:31.222  3189  4433 I OplusHansManager : uid=10307, pkg=com.coloros.shortcuts can not transition from M to F. reason: Provider
06-11 10:34:31.229 29795 29795 I BasemapLayer: Tile uploaded: 8/204/104 256x256
06-11 10:34:31.229 29795 29795 I BasemapLayer: Tile uploaded: 9/408/210 256x256
06-11 10:34:31.250  6089  6168 E horae   : 0: back:34457,frame:36017,front:36910, 24 5, +(-3810), 1 ,33100,41702,40458,41345,42254, target_temp:36910, algo:0
06-11 10:34:31.251 12732 13406 D ShellSubscriberWorkerThread: the first 8 bytes empty, and RestData length > 8 
06-11 10:34:31.255  4454  5373 D AMC     : [TriggerForeground] handle temp changed:36910
06-11 10:34:31.262 29795 29795 I BasemapLayer: Tile uploaded: 2/3/3 256x256
06-11 10:34:31.372  1667 15988 I sensors-hal: handle_oplus_wise_rgb_event:301, oplus wise_rgb sample: (4002)(cct, lux, ir_ratio, r, g, b, c)[6391, 524, 35, 41263, 36497, 20466, 91756]
06-11 10:34:31.373  1667 15952 I sensors-hal: handle_oplus_wise_rgb_event:230, wise_rgb:algo_type = 3
06-11 10:34:31.373  1667 15952 I sensors-hal: handle_oplus_wise_rgb_event:285, wise_rgb: raw_lux 524.802856, raw_cct 6391.301270, r/g/b/c: 41263.882812/36497.554688/20466.472656/91756.179688, R/G/B: 0.000000/0.000000/0.000000, brl 1529.000000, lux: 524.802856, cct: 6391.301270, ts 242668690009218, cnt 4002
06-11 10:34:31.407  3189  3336 D OplusFeatureHDREnhanceBrightness: checkIsPlayingHDR isPlayingHDR=0 rotation=0 whiteApp=false battery=100
06-11 10:34:31.573  1667 15952 I sensors-hal: handle_oplus_wise_rgb_event:230, wise_rgb:algo_type = 3
06-11 10:34:31.573  1667 15952 I sensors-hal: handle_oplus_wise_rgb_event:285, wise_rgb: raw_lux 511.696777, raw_cct 6323.215820, r/g/b/c: 41432.847656/36535.703125/20406.261719/91553.648438, R/G/B: 0.000000/0.000000/0.000000, brl 1529.000000, lux: 511.696777, cct: 6323.215820, ts 242668889835259, cnt 4003
06-11 10:34:31.596  1656  5403 I vendor.qti.bluetooth@1.0-ibs_handler: [ibs_handler.cpp:778] ProcessIbsCmd: Received IBS_WAKE_IND: 0xFD
06-11 10:34:31.597  1656  5403 D vendor.qti.bluetooth@1.0-ibs_handler: [ibs_handler.cpp:372] SerialClockVote: vote for UART CLK ON
06-11 10:34:31.597  1656  5403 D vendor.qti.bluetooth@1.0-wake_lock: [wake_lock.cpp:135] Acquire wakelock is acquired 
06-11 10:34:31.597  1656  5403 I vendor.qti.bluetooth@1.0-ibs_handler: [ibs_handler.cpp:795] ProcessIbsCmd: Writing IBS_WAKE_ACK
06-11 10:34:31.638  1656  5403 I vendor.qti.bluetooth@1.0-ibs_handler: [ibs_handler.cpp:825] ProcessIbsCmd: Received IBS_SLEEP_IND: 0xFE
06-11 10:34:31.639  1656  5403 D vendor.qti.bluetooth@1.0-ibs_handler: [ibs_handler.cpp:391] SerialClockVote: vote for UART CLK OFF
06-11 10:34:31.773  1667 15952 I sensors-hal: handle_oplus_wise_rgb_event:230, wise_rgb:algo_type = 3
06-11 10:34:31.773  1667 15952 I sensors-hal: get_brightness:1652, light_iface: get_brightness, brl 1529, pwm_turbo_on 0/0, hbm_dc 0
06-11 10:34:31.773  1667 15952 I sensors-hal: handle_oplus_wise_rgb_event:285, wise_rgb: raw_lux 503.996094, raw_cct 6326.445312, r/g/b/c: 41433.722656/36450.292969/20407.050781/91520.132812, R/G/B: 0.000000/0.000000/0.000000, brl 1529.000000, lux: 503.996094, cct: 6326.445312, ts 242669089642863, cnt 4004
06-11 10:34:31.790  1656  5071 D vendor.qti.bluetooth@1.0-wake_lock: [wake_lock.cpp:158] Release wakelock is released 
06-11 10:34:31.900  1877  2435 D VRR [OTI]: handleIdle from 0 to 1
06-11 10:34:31.901  1877  2435 D VRR [OTI-HW]: isStateReady 1
06-11 10:34:31.901  1877  2435 D VRR [OTI-HW]: keep rate.
06-11 10:34:31.939  4639  8246 D CommonApp-194-10602: commonScoreStrategy scenarios 3 mTLD.uplink_packets + mTLD.downlink_packets > 10 avgRtt13
06-11 10:34:31.939  4639  8246 D CommonApp-194-10602: notifyScoreChange appScene COMMON score 93
06-11 10:34:31.940  4639  8246 D ScorePolicy: handleScoreChanged: []
06-11 10:34:31.940  4639  8246 D ScorePolicy: handleScoreChanged: []
06-11 10:34:31.940  4639  8246 D ScorePolicy: handleScoreChanged: []
06-11 10:34:31.971  1667 15952 I sensors-hal: handle_oplus_wise_rgb_event:230, wise_rgb:algo_type = 3
06-11 10:34:31.971  1667 15952 I sensors-hal: handle_oplus_wise_rgb_event:285, wise_rgb: raw_lux 516.646362, raw_cct 6391.265625, r/g/b/c: 41313.839844/36302.511719/20451.529297/91699.164062, R/G/B: 0.000000/0.000000/0.000000, brl 1529.000000, lux: 516.646362, cct: 6391.265625, ts 242669289439790, cnt 4005
06-11 10:34:32.157  3189  3610 I resRelease: policy type is 1
06-11 10:34:32.172  1667 15952 I sensors-hal: handle_oplus_wise_rgb_event:230, wise_rgb:algo_type = 3
06-11 10:34:32.172  1667 15952 I sensors-hal: handle_oplus_wise_rgb_event:285, wise_rgb: raw_lux 527.163086, raw_cct 6426.476562, r/g/b/c: 41188.882812/36238.429688/20362.507812/91832.117188, R/G/B: 0.000000/0.000000/0.000000, brl 1529.000000, lux: 527.163086, cct: 6426.476562, ts 242669489236509, cnt 4006
06-11 10:34:32.197  1667  9338 I sensors-hal: ssc_conn_event_cb:634, event[0] msg_id=1025, ts=4659363136094 sensor_type = pedometer_minute  Wakeup
06-11 10:34:32.197  1667  9338 E sensors-hal: handle_sns_client_event:94, pedometer_minute: report_ts=4044,counter=11909.000000 move_status =[SNS_CMC_STATIONARY] time_gap = 0 run_counter=8231.000000 walk_counter=2738.000000
06-11 10:34:32.202  4033  4033 I StepApp_StepDataPreHandler: (main)onSensorChanged raw data: step=11909.0 state=3.0 minuteDelta=0.0 timestamp=242669519408072 steprun=8231.0 stepwalk=2738.0 formatted data: step=11909 state=3 timestamp=242669519408072 time=1781145272193 steprun=8231 stepwalk=2738
06-11 10:34:32.203  4033 29204 I StepApp_StepDataSaver: (O_dfd_158)getNewFixedOffsetStep type is STEP
06-11 10:34:32.203  4033 29204 I StepApp_StepDataSaver: (O_dfd_158)isRebootCountStep:false	 lastRealTimeStamp = 1781145180000	 bootTimestamp = 1780902602673	 mLastModifiedMinuteTime = 2026-06-11-10-33
06-11 10:34:32.203  4033 29204 I StepApp_StepDataSaver: (O_dfd_158)calOffSet:sensorStep = 11909	 lastModifiedStep = 11909	 offSet = 0
06-11 10:34:32.203  4033 29204 I StepApp_StepDataSaver: (O_dfd_158)getNewFixedOffsetStep type is RUN
06-11 10:34:32.204  4033 29204 I StepApp_StepDataSaver: (O_dfd_158)isRebootCountStep:false	 lastRealTimeStamp = 1781145180000	 bootTimestamp = 1780902602674	 mLastModifiedMinuteTime = 2026-06-11-10-33
06-11 10:34:32.204  4033 29204 I StepApp_StepDataSaver: (O_dfd_158)calOffSet:sensorStep = 8231	 lastModifiedStep = 8231	 offSet = 0
06-11 10:34:32.204  4033 29204 I StepApp_StepDataSaver: (O_dfd_158)getNewFixedOffsetStep type is WALK
06-11 10:34:32.204  4033 29204 I StepApp_StepDataSaver: (O_dfd_158)isRebootCountStep:false	 lastRealTimeStamp = 1781145180000	 bootTimestamp = 1780902602674	 mLastModifiedMinuteTime = 2026-06-11-10-33
06-11 10:34:32.204  4033 29204 I StepApp_StepDataSaver: (O_dfd_158)calOffSet:sensorStep = 2738	 lastModifiedStep = 2738	 offSet = 0
06-11 10:34:32.217  1800  1924 D BatteryChargeControl: bcc get no support from charging protocol
06-11 10:34:32.326  6732 29767 W PTC.DATATRANS.d: [com.earthengine.minimalglobe] removed. Stop sending intent
06-11 10:34:32.355  6379  8058 E SQLiteLog: (1) incomplete input in "insert into log"
06-11 10:34:32.372  1667 15952 I sensors-hal: handle_oplus_wise_rgb_event:230, wise_rgb:algo_type = 3
06-11 10:34:32.372  1667 15952 I sensors-hal: handle_oplus_wise_rgb_event:285, wise_rgb: raw_lux 526.813477, raw_cct 6424.141602, r/g/b/c: 40955.445312/36149.917969/20394.562500/91619.015625, R/G/B: 0.000000/0.000000/0.000000, brl 1529.000000, lux: 526.813477, cct: 6424.141602, ts 242669689038332, cnt 4007
06-11 10:34:32.571  1667 15952 I sensors-hal: handle_oplus_wise_rgb_event:230, wise_rgb:algo_type = 3
06-11 10:34:32.572  1667 15952 I sensors-hal: handle_oplus_wise_rgb_event:285, wise_rgb: raw_lux 523.839722, raw_cct 6414.951660, r/g/b/c: 40985.738281/36256.179688/20321.794922/91431.632812, R/G/B: 0.000000/0.000000/0.000000, brl 1529.000000, lux: 523.839722, cct: 6414.951660, ts 242669888767082, cnt 4008
06-11 10:34:32.617  5081  5970 W Battery : ThermalControllHandler: MSG_THERMAL_CONTROL_CATEGORY_PROTECT_PERIOD quit.
06-11 10:34:32.618  5081  5970 W Battery : StateManager: getAppType com.earthengine.minimalglobe, last=1781145121054
06-11 10:34:32.618  5081  5970 W Battery : ThermalControllerCenter: mSafetyState=10000,  mSafetyTestConfigList=01111,10111,11011,11101,11110,00111,01011,01101,01110,10011,10101,10110,11001,11010,11100,11111
06-11 10:34:32.618  5081  5970 W Battery : ThermalControllHandler: tempLevel=[5],userMode=2,gameUserMode=-1,appType=-1,envTempType=0,appStates=[],appSwitchSafetyMode=true,split=[],float={},full=[com.earthengine.minimalglobe], tempGear=[5],configItemName=common_config
06-11 10:34:32.618  5081  5970 W Battery : ThermalControllerCenter: startCollingMethods,thermalPolicy=Policy info
06-11 10:34:32.618  5081  5970 W Battery : {
06-11 10:34:32.618  5081  5970 W Battery :  categoryName: common_config
06-11 10:34:32.618  5081  5970 W Battery :  configItemName: gear_config 
06-11 10:34:32.618  5081  5970 W Battery :  gearVal:[5], cpuVal:1, gpuVal:-1, restrictVal:0, brightnessVal:13, chargeVal:5, modemVal:0, disFlashVal:0, stopCameraVideoVal:0, cameraBrightnessVal:255, disCameraVal:0, disWifiHotSpotVal:0, disTorchVal:0, disFrameInsertVal:0, fpsVal:0, refreshRateVal:0, cpuPowerVal:-2, disVideoSRVal:0, thermalSerious:-2, speedChargeAdd:-2, ipaweight:-2,-2,-2, boostBreak1:-2, boostBreak2:-2, heatoffPolicy:-2, freezer:-2 
06-11 10:34:32.618  5081  5970 W Battery : } 
06-11 10:34:32.618  5081  5970 W Battery : ThermalControlUtils: not set the same modem=0
06-11 10:34:32.619  3189  4147 D OplusBatteryServiceFeature: setSmartCoolDown: coolDown = 5, normalCoolDown = 5, pkgName = com.earthengine.minimalglobe
06-11 10:34:32.623  1800  1800 D vendor.oplus.hardware.charger-V10-service: set cooldown:5,  normalCoolDown:5
06-11 10:34:32.624  5081  5970 W Battery : ThermalControlUtils: not set the same wifi=0
06-11 10:34:32.625  5081  5970 I [UAH_CLIENT]: uahRuleCtl, ruleId:4, status:1
06-11 10:34:32.626  5081  5970 W Battery : ThermalControllHandler: MSG_THERMAL_CONTROL_TRACEINFO_UPLOAD. isTraceMonitorOn:false, hasTraceAidl:false
06-11 10:34:32.626  5081  5970 W Battery : ThermalControllHandler: ZoomWindowsInfo=[],PipWindowsInfo=[],AppFloatingWindowsInfo=[]
06-11 10:34:32.638  6109 13332 E midasd  : getTotalFlipsFromSf mCurFrameCount: 7860146
06-11 10:34:32.638  6109 13332 I midasd  : DisplayAgent updateDisplayDevInfo getRenderFps mFps:60 mRenderFps:57 mWidth:1240 mHeight:2772
06-11 10:34:32.639  6109 13332 E midasd  : getTotalFlipsFromSf mCurFrameCount: 7860146
06-11 10:34:32.639  6109 13332 I midasd  : DisplayAgent updateDisplayDevInfo getRenderFps mFps:60 mRenderFps:0 mWidth:1240 mHeight:2772
06-11 10:34:32.771  1667 15952 I sensors-hal: handle_oplus_wise_rgb_event:230, wise_rgb:algo_type = 3
06-11 10:34:32.771  1667 15952 I sensors-hal: get_brightness:1652, light_iface: get_brightness, brl 1529, pwm_turbo_on 0/0, hbm_dc 0
06-11 10:34:32.771  1667 15952 I sensors-hal: handle_oplus_wise_rgb_event:285, wise_rgb: raw_lux 514.504028, raw_cct 6381.609375, r/g/b/c: 40958.191406/36290.476562/20308.314453/91201.179688, R/G/B: 0.000000/0.000000/0.000000, brl 1529.000000, lux: 514.504028, cct: 6381.609375, ts 242670088509530, cnt 4009
06-11 10:34:32.964  4639  8246 D CommonApp-194-10602: commonScoreStrategy scenarios 5 mdnsScore=0
06-11 10:34:32.964  4639  8246 D CommonApp-194-10602: notifyScoreChange appScene COMMON score 93
06-11 10:34:32.965  4639  8246 D ScorePolicy: handleScoreChanged: []
06-11 10:34:32.965  4639  8246 D ScorePolicy: handleScoreChanged: []
06-11 10:34:32.966  4639  8246 D ScorePolicy: handleScoreChanged: []
06-11 10:34:32.971  1667 15952 I sensors-hal: handle_oplus_wise_rgb_event:230, wise_rgb:algo_type = 3
06-11 10:34:32.971  1667 15952 I sensors-hal: handle_oplus_wise_rgb_event:285, wise_rgb: raw_lux 513.879028, raw_cct 6281.103516, r/g/b/c: 41029.402344/36291.234375/20157.699219/91047.984375, R/G/B: 0.000000/0.000000/0.000000, brl 1529.000000, lux: 513.879028, cct: 6281.103516, ts 242670288305468, cnt 4010
06-11 10:34:32.997 28382 28479 D COSA->GameServiceSyncUtil: [m] sync config to GMS
06-11 10:34:33.004 28382 28479 E AppFeatureProviderUtils: getString: getStringForFeature return null
06-11 10:34:33.009 28382 28479 E AppFeatureProviderUtils: getString: getStringForFeature return null
06-11 10:34:33.015 28382 28479 E AppFeatureProviderUtils: getString: getStringForFeature return null
06-11 10:34:33.018 28382 28479 E AppFeatureProviderUtils: getString: getStringForFeature return null
06-11 10:34:33.022 28382 28479 E AppFeatureProviderUtils: getString: getStringForFeature return null
06-11 10:34:33.026 28382 28479 E AppFeatureProviderUtils: getString: getStringForFeature return null
06-11 10:34:33.029 28382 28479 E AppFeatureProviderUtils: getString: getStringForFeature return null
06-11 10:34:33.032 28382 28479 E AppFeatureProviderUtils: getString: getStringForFeature return null
06-11 10:34:33.034  3189  3841 D WifiStaIfaceHidlImpl: getCachedScanData is not implemented by HIDL
06-11 10:34:33.036 28382 28479 E AppFeatureProviderUtils: getString: getStringForFeature return null
06-11 10:34:33.040  4639  4639 D VendorWifiService: onEvent event:9,action:1
06-11 10:34:33.041 28382 28479 E AppFeatureProviderUtils: getString: getStringForFeature return null
06-11 10:34:33.045 28382 28479 E AppFeatureProviderUtils: getString: getStringForFeature return null
06-11 10:34:33.048 28382 28479 E AppFeatureProviderUtils: getString: getStringForFeature return null
06-11 10:34:33.050  3189  3960 D OplusWifiPower_TriggerCenter: mComponentCallback: wifistat
06-11 10:34:33.051 28382 28479 E AppFeatureProviderUtils: getString: getStringForFeature return null
06-11 10:34:33.055 28382 28479 E AppFeatureProviderUtils: getString: getStringForFeature return null
06-11 10:34:33.056  4650  8848 W AppIconLoader: remove task for appicon://app/com.earthengine.minimalglobe
06-11 10:34:33.059 28382 28479 E AppFeatureProviderUtils: getString: getStringForFeature return null
06-11 10:34:33.062 28382 28479 E AppFeatureProviderUtils: getString: getStringForFeature return null
06-11 10:34:33.065 28382 28479 E AppFeatureProviderUtils: getString: getStringForFeature return null
06-11 10:34:33.068 28382 28479 E AppFeatureProviderUtils: getString: getStringForFeature return null
06-11 10:34:33.071 28382 28479 E AppFeatureProviderUtils: getString: getStringForFeature return null
06-11 10:34:33.075 28382 28479 E AppFeatureProviderUtils: getString: getStringForFeature return null
06-11 10:34:33.078 28382 28479 E AppFeatureProviderUtils: getString: getStringForFeature return null
06-11 10:34:33.082 28382 28479 E AppFeatureProviderUtils: getString: getStringForFeature return null
06-11 10:34:33.086  3189  3765 V AlarmManager: sending alarm Alarm{1061bd5 type 1 origWhen 1781145273086 whenElapsed 242670412 android} uid 1000 whenElapsed 242670412 windowLength 0 maxWhenElapsed 242670412 repeatInterval 0 action null component null tag StorgaeBandInfoAlarmTag flags 0x9 procName system_server
06-11 10:34:33.086 28382 28479 E AppFeatureProviderUtils: getString: getStringForFeature return null
06-11 10:34:33.087  3189 27614 E OplusStorageUFSBandwidth: storage_io_metrics_path is /proc/oplus_storage/io_metrics/forever/
06-11 10:34:33.088  3189 27614 E OplusStorageUFSBandwidth: Bandwidth - Read: 0.00 MB/s, Write: 4.00 MB/s
06-11 10:34:33.088  3189 27614 E OplusStorageUFSBandwidth: Task time: 1ms
06-11 10:34:33.091  3189 27614 E OplusStorageUFSBandwidth: Alarm set to trigger in 10 seconds
06-11 10:34:33.092 28382 28479 E AppFeatureProviderUtils: getString: getStringForFeature return null
06-11 10:34:33.096 28382 28479 E AppFeatureProviderUtils: getString: getStringForFeature return null
06-11 10:34:33.099 28382 28479 E AppFeatureProviderUtils: getString: getStringForFeature return null
06-11 10:34:33.103 28382 28479 E AppFeatureProviderUtils: getString: getStringForFeature return null
06-11 10:34:33.106 28382 28479 E AppFeatureProviderUtils: getString: getStringForFeature return null
06-11 10:34:33.110 28382 28479 E AppFeatureProviderUtils: getString: getStringForFeature return null
06-11 10:34:33.113 28382 28479 E AppFeatureProviderUtils: getString: getStringForFeature return null
06-11 10:34:33.116 28382 28479 E AppFeatureProviderUtils: getString: getStringForFeature return null
06-11 10:34:33.120 28382 28479 E AppFeatureProviderUtils: getString: getStringForFeature return null
06-11 10:34:33.123 28382 28479 E AppFeatureProviderUtils: getString: getStringForFeature return null
06-11 10:34:33.126 28382 28479 E AppFeatureProviderUtils: getString: getStringForFeature return null
06-11 10:34:33.130 28382 28479 E AppFeatureProviderUtils: getString: getStringForFeature return null
06-11 10:34:33.130  9206  9229 I aidu.input_oppo: gc_priority_optimize fd is empty
06-11 10:34:33.130  9206  9229 I aidu.input_oppo: open sharedFd failed with Permission denied
06-11 10:34:33.130  9206  9229 I aidu.input_oppo: gc_priority_optimize set UX fail-1
06-11 10:34:33.130  9206  9229 I aidu.input_oppo: gc_priority_optimize fd is empty
06-11 10:34:33.130  9206  9229 I aidu.input_oppo: open sharedFd failed with Permission denied
06-11 10:34:33.130  9206  9229 I aidu.input_oppo: gc_priority_optimize set UX fail-1
06-11 10:34:33.133 28382 28479 E AppFeatureProviderUtils: getString: getStringForFeature return null
06-11 10:34:33.136 28382 28479 E AppFeatureProviderUtils: getString: getStringForFeature return null
06-11 10:34:33.138 28382 28479 E AppFeatureProviderUtils: getString: getStringForFeature return null
06-11 10:34:33.143 28382 28479 E AppFeatureProviderUtils: getString: getStringForFeature return null
06-11 10:34:33.147 28382 28479 E AppFeatureProviderUtils: getString: getStringForFeature return null
06-11 10:34:33.150 28382 28479 E AppFeatureProviderUtils: getString: getStringForFeature return null
06-11 10:34:33.154 28382 28479 E AppFeatureProviderUtils: getString: getStringForFeature return null
06-11 10:34:33.157 28382 28479 E AppFeatureProviderUtils: getString: getStringForFeature return null
06-11 10:34:33.171  1667 15952 I sensors-hal: handle_oplus_wise_rgb_event:230, wise_rgb:algo_type = 3
06-11 10:34:33.171  1667 15952 I sensors-hal: handle_oplus_wise_rgb_event:285, wise_rgb: raw_lux 522.882690, raw_cct 6318.348145, r/g/b/c: 40898.929688/36107.093750/20066.699219/91249.773438, R/G/B: 0.000000/0.000000/0.000000, brl 1529.000000, lux: 522.882690, cct: 6318.348145, ts 242670488101093, cnt 4011
06-11 10:34:33.171 28382 28479 E AppFeatureProviderUtils: getString: getStringForFeature return null
06-11 10:34:33.187  4329  4513 I SystemUi--Statusbar: OplusNetworkSpeedControllExImpl-->updateNetworkSpeed: isConnected:true,isSwitchOn:true,isSuspend:false,isPause:false
06-11 10:34:33.189  4329  4513 I SystemUi--Statusbar: OplusNetworkSpeedControllExImpl-->getTotalByte: totalRxBytes:11577668753,totalTxBytes:3541575466,loopbackTxBytes:2982609831,loopbackRxBytes:2982609351 ,totalBytes:9154025037
06-11 10:34:33.211  4033 16888 I StepApp_StepProvider: (binder:4033_8)call:package=com.oplus.metis	method=method_call_by_assistantscreen_and_health_from_table_day_step_data	arg=	extras=Bundle[mParcelledData.dataSize=296]	pid=4033
06-11 10:34:33.212  4033 16888 I StepApp_StepProvider: (binder:4033_8)parserQueryData:queryData=QueryData(uri=content://com.oplus.healthservice.stepprovider/day_statistic, projection=null, selection=day_date=?, selectionArgs=[2026-06-11], sortOrder=null, startPos=null)
06-11 10:34:33.214  4033 16888 I StepApp_StepProvider: (binder:4033_8)resultListString :[{"date":"2026-06-11","offset":1686,"offsetRun":1491,"offsetWalk":132,"step":11909,"stepRun":8231,"stepWalk":2738,"timestamp":0}]
06-11 10:34:33.219  1800  1924 D BatteryChargeControl: bcc get no support from charging protocol
06-11 10:34:33.229  3189  4433 I OplusHansManager : uid=10307, pkg=com.coloros.shortcuts F enter(), M stay=4
06-11 10:34:33.234  3189  4433 I OplusHansManager : freeze uid: 10307 com.coloros.shortcuts pids: [12138] scene: |StrictMode-1|LcdOn
06-11 10:34:33.235  3189  6099 I OStatsManager_OplusBatteryStatsManager: updateStateTime: PkgName = com.coloros.shortcuts, uid = 10307, state to em, mForegroundCnt = 0, isFg = false
06-11 10:34:33.236  3189  4441 I OplusHansManager : a_alarm 10307
06-11 10:34:33.236  3189  4441 D OplusAlarmAdjustment: alignAlarmsByUid(), uid=10307, pkgName=com.coloros.shortcuts, actions=null, procs=null, requester=1
06-11 10:34:33.237  3189  4441 I LocationFreezeProc: will freezeLocationProcess for com.coloros.shortcuts, 10307, true, false
06-11 10:34:33.237  3189  3763 D OplusAlarmAdjustMap: addAlignUid, uid=10307, pkgName=com.coloros.shortcuts, requester=1, mode=1
06-11 10:34:33.237  1572 18752 E         : destroyAllSocketForUid:10307
06-11 10:34:33.237  3189  4441 I LocationFreezeProc: Executing freeze operation for com.coloros.shortcuts, 10307, true, false
06-11 10:34:33.237  3189  4441 W LocationFreezeProc: Do nothing for the app is not record!
06-11 10:34:33.237  3189  4441 I OplusHansManager : p_gps: uid 10307 result false
06-11 10:34:33.237  3189  4441 I OplusHansManager : p_BtScan: uid 10307 isProxy true
06-11 10:34:33.243  3189  4046 D OAppNetControlService: Hans update:[10307=true][0|0] blackList:[10237, 99910237, 10244, 10307]
06-11 10:34:33.371  1667 15952 I sensors-hal: handle_oplus_wise_rgb_event:230, wise_rgb:algo_type = 3
06-11 10:34:33.371  1667 15952 I sensors-hal: handle_oplus_wise_rgb_event:285, wise_rgb: raw_lux 520.046875, raw_cct 6344.861328, r/g/b/c: 40998.035156/36267.910156/20276.525391/91180.835938, R/G/B: 0.000000/0.000000/0.000000, brl 1529.000000, lux: 520.046875, cct: 6344.861328, ts 242670687899218, cnt 4012
06-11 10:34:33.372  1667 15988 I sensors-hal: handle_oplus_wise_rgb_event:301, oplus wise_rgb sample: (4012)(cct, lux, ir_ratio, r, g, b, c)[6344, 520, 34, 40998, 36267, 20276, 91180]
06-11 10:34:33.570  1667 15952 I sensors-hal: handle_oplus_wise_rgb_event:230, wise_rgb:algo_type = 3
06-11 10:34:33.570  1667 15952 I sensors-hal: handle_oplus_wise_rgb_event:285, wise_rgb: raw_lux 513.187744, raw_cct 6371.340820, r/g/b/c: 41011.605469/36245.000000/20366.138672/91148.617188, R/G/B: 0.000000/0.000000/0.000000, brl 1529.000000, lux: 513.187744, cct: 6371.340820, ts 242670887726822, cnt 4013
06-11 10:34:33.581  3189  3248 D SensorServiceExtImpl: notifyApplicationLaunchStage processName=com.earthengine.minimalglobe, uid=10602, pid=29795, stage=0
06-11 10:34:33.719  4650 23595 W HapBridge: [quickjs_runtime.cpp][RunGC][235]: RunGC
06-11 10:34:33.770  1667 15952 I sensors-hal: handle_oplus_wise_rgb_event:230, wise_rgb:algo_type = 3
06-11 10:34:33.770  1667 15952 I sensors-hal: get_brightness:1652, light_iface: get_brightness, brl 1529, pwm_turbo_on 0/0, hbm_dc 0
06-11 10:34:33.770  1667 15952 I sensors-hal: handle_oplus_wise_rgb_event:285, wise_rgb: raw_lux 511.855225, raw_cct 6407.934082, r/g/b/c: 41037.257812/36392.636719/20455.294922/91379.570312, R/G/B: 0.000000/0.000000/0.000000, brl 1529.000000, lux: 511.855225, cct: 6407.934082, ts 242671087568749, cnt 4014
06-11 10:34:33.971  1667 15952 I sensors-hal: handle_oplus_wise_rgb_event:230, wise_rgb:algo_type = 3
06-11 10:34:33.971  1667 15952 I sensors-hal: handle_oplus_wise_rgb_event:285, wise_rgb: raw_lux 531.747070, raw_cct 6441.535645, r/g/b/c: 40930.066406/36149.089844/20365.214844/91798.375000, R/G/B: 0.000000/0.000000/0.000000, brl 1529.000000, lux: 531.747070, cct: 6441.535645, ts 242671287416093, cnt 4015
06-11 10:34:33.987  4639  8246 D CommonApp-194-10602: transport layer data is invalid
06-11 10:34:33.988  4639  8246 D ScorePolicy: handleScoreChanged: []
06-11 10:34:33.988  4639  8246 D ScorePolicy: handleScoreChanged: []
06-11 10:34:33.989  4639  8246 D ScorePolicy: handleScoreChanged: []
06-11 10:34:34.157  3189  4464 I OplusCpuLimitManager: OplusCpuHighLoad: newLoadLevel=1, newMngLevel=1, (nl_load=1, nl_thermal=1, nl_scene=1), curMngLevel=1, CL=0, curWinCL=0, curShortWinCL= 0, latestCL=0, latestThermalLevel=5, expHlScene=false
06-11 10:34:34.168 12732 12732 W ContextImpl: Calling a method in the system process without a qualified user: android.app.ContextImpl.bindService:2135 android.content.ContextWrapper.bindService:901 com.oplus.onetrace.connection.a.f:23 com.oplus.onetrace.connection.b.c:24 T.b.j:8 
06-11 10:34:34.170  1667 15952 I sensors-hal: handle_oplus_wise_rgb_event:230, wise_rgb:algo_type = 3
06-11 10:34:34.170  1667 15952 I sensors-hal: handle_oplus_wise_rgb_event:285, wise_rgb: raw_lux 538.557861, raw_cct 6414.150391, r/g/b/c: 40980.023438/36272.585938/20349.689453/92133.609375, R/G/B: 0.000000/0.000000/0.000000, brl 1529.000000, lux: 538.557861, cct: 6414.150391, ts 242671487276509, cnt 4016
06-11 10:34:34.171 12732 12732 D COMMON_CONNECT: Connect StatsManagerService, succeed ? true
06-11 10:34:34.171 28445 29961 W OplusExSystemServiceHelper: checkOplusExSystemService intent getComponent is null
06-11 10:34:34.171 28445 28445 I PendingBootExecutor: PendingBootExecutor is initialized.
06-11 10:34:34.171 28445 28445 W ContextImpl: Calling a method in the system process without a qualified user: android.app.ContextImpl.bindService:2135 android.content.ContextWrapper.bindService:901 com.oplus.dataprovider.utils.AthenaManager.p:19 com.oplus.dataprovider.utils.AthenaManager.u:24 com.oplus.dataprovider.utils.AthenaManager.s:1 
06-11 10:34:34.172  3189  5536 V ActivityManager: Has totaly same connectionRecord, just reuse it!
06-11 10:34:34.173 28445 28445 W ContextImpl: Calling a method in the system process without a qualified user: android.app.ContextImpl.bindService:2135 android.content.ContextWrapper.bindService:901 com.oplus.dataprovider.utils.AthenaManager.o:19 com.oplus.dataprovider.utils.AthenaManager.t:24 com.oplus.dataprovider.utils.AthenaManager.s:4 
06-11 10:34:34.173  3189  3980 V ActivityManager: Has totaly same connectionRecord, just reuse it!
06-11 10:34:34.174 28445 28445 D ProfileLoader: Load profile with prefKey: onetrace_profile_key
06-11 10:34:34.175 28445 28445 D BroadcastCompat: 2)Register receiver:s0.j@86ab451
06-11 10:34:34.175 28445 29576 I StatsManagerService: Set RUS pending update task.
06-11 10:34:34.175 28445 28498 D ProfileLoaderTask: Start resolve profile: sys_athena_thermal_profile from RUS with type=com.oplus.onetrace.profile.Profile
06-11 10:34:34.175 28445 28482 D ProfileLoaderTask: Start resolve profile: sys_ostats_top_app_list from RUS with type=com.oplus.onetrace.profile.TopAppProfile
06-11 10:34:34.177 28445 28445 D ProfileLoader: Load profile with prefKey: node_prop_config_key
06-11 10:34:34.178 28445 28445 I MetricStatsManagerCached: Register prop config listener.
06-11 10:34:34.178 28445 28445 D ProfileLoader: Load profile with prefKey: onetrace_profile_key
06-11 10:34:34.179 28445 28445 W SchedTaskCollector: Failed to create root dir!
06-11 10:34:34.180 28445 28445 D ProfileLoader: Load profile with prefKey: onetrace_profile_key
06-11 10:34:34.180 28445 28445 D ProfileLoader: Load profile with prefKey: onetrace_list_key
06-11 10:34:34.180 28445 28498 W ProfileLoaderTask: The content of column:xml is empty!
06-11 10:34:34.182  3189  5536 D TerminateObserverManager: registerTerminateObserver: com.oplus.app.IProcessTerminateObserver$Stub$Proxy@1a39253 28445
06-11 10:34:34.182  3189  5536 E OplusAthenaAm: onTerminateStateChanged pid: 28445 uid:1000 isRegister:true
06-11 10:34:34.182  3189  5536 E OplusAthenaAm: AthenaAmManagerInternal transact code hello:13,flags:0
06-11 10:34:34.182 28445 28482 W ProfileLoaderTask: The content of column:xml is empty!
06-11 10:34:34.182 28445 28445 I StatsManagerService: Register terminate observer, result=true
06-11 10:34:34.183 12732 12732 D MessengerHelper: onServiceConnected:com.oplus.onetrace.connection.a$b@18e5003
06-11 10:34:34.194  3189  4147 D ConnectivityService: requestNetwork for uid/pid:1000/28445 activeRequest: null callbackRequest: 4764 [NetworkRequest [ REQUEST id=4765, [ Capabilities: INTERNET&NOT_RESTRICTED&TRUSTED&NOT_VCN_MANAGED&NOT_BANDWIDTH_CONSTRAINED Uid: 1000 RequestorUid: 1000 RequestorPkg: com.oplus.onetrace UnderlyingNetworks: Null] ]] callback flags: 0 order: 2147483647 isUidTracked: false declaredMethods: AVAIL|LOST
06-11 10:34:34.200  3189  3841 D WifiNetworkFactory: got request NetworkRequest [ REQUEST id=4765, [ Capabilities: INTERNET&NOT_RESTRICTED&TRUSTED&NOT_VCN_MANAGED&NOT_BANDWIDTH_CONSTRAINED Uid: 1000 RequestorUid: 1000 RequestorPkg: com.oplus.onetrace UnderlyingNetworks: Null] ]
06-11 10:34:34.200  3189  3841 D UntrustedWifiNetworkFactory: got request NetworkRequest [ REQUEST id=4765, [ Capabilities: INTERNET&NOT_RESTRICTED&TRUSTED&NOT_VCN_MANAGED&NOT_BANDWIDTH_CONSTRAINED Uid: 1000 RequestorUid: 1000 RequestorPkg: com.oplus.onetrace UnderlyingNetworks: Null] ]
06-11 10:34:34.201  3189  3841 D OemPaidWifiNetworkFactory: got request NetworkRequest [ REQUEST id=4765, [ Capabilities: INTERNET&NOT_RESTRICTED&TRUSTED&NOT_VCN_MANAGED&NOT_BANDWIDTH_CONSTRAINED Uid: 1000 RequestorUid: 1000 RequestorPkg: com.oplus.onetrace UnderlyingNetworks: Null] ]
06-11 10:34:34.201  3189  3841 D MultiInternetWifiNetworkFactory: got request NetworkRequest [ REQUEST id=4765, [ Capabilities: INTERNET&NOT_RESTRICTED&TRUSTED&NOT_VCN_MANAGED&NOT_BANDWIDTH_CONSTRAINED Uid: 1000 RequestorUid: 1000 RequestorPkg: com.oplus.onetrace UnderlyingNetworks: Null] ]
06-11 10:34:34.202  3189  3848 D ConnectivityService: NetReassign [4765 : null → 194] [c 0] [a 1] [i 6]
06-11 10:34:34.202 28445 29197 W CameraStatsProvider: Camera mode settings is not found!
06-11 10:34:34.203 28445 29197 W CameraStatsProvider: Camera fps is not found!
06-11 10:34:34.203 28445 29197 D BroadcastCompat: 1)Register receiver:com.oplus.dataprovider.server.F$b@95bbfd8
06-11 10:34:34.204 28445 29197 W FileNodeStatsProvider: Failed to access file node path=/proc/wireless/enable_tx
06-11 10:34:34.204 28445 29197 W FileNodeStatsProvider: Failed to access file node path=/sys/module/cpufreq_bouncing/parameters/trace
06-11 10:34:34.205 28445 29197 W FileNodeStatsProvider: Failed to access file node path=/sys/class/leds/lcd-backlight/brightness
06-11 10:34:34.206 28445 29197 W FileNodeStatsProvider: Failed to access file node path=/sys/class/leds/fan/speed
06-11 10:34:34.206 28445 29197 W FileNodeStatsProvider: Failed to access file node path=/sys/class/leds/fan/state
06-11 10:34:34.206 28445 29197 W FileNodeStatsProvider: Failed to access file node path=/sys/class/leds/fan/rpm
06-11 10:34:34.206 28445 29197 W FileNodeStatsProvider: Failed to access file node path=/sys/class/leds/fan/level
06-11 10:34:34.208 28445 29197 D BroadcastCompat: 2)Register receiver:com.oplus.dataprovider.server.A$a@e0daaa
06-11 10:34:34.211 28445 29197 D BroadcastCompat: 1)Register receiver:com.oplus.dataprovider.server.c2$a@3561502
06-11 10:34:34.213 28445 29197 D BroadcastCompat: 1)Register receiver:com.oplus.dataprovider.server.v$a@a11e850
06-11 10:34:34.215  3189  3980 V GnssListenerMultiplexer: addListener android.location.IGnssStatusListener$Stub$Proxy@32bafb4 from 1000/com.oplus.onetrace/A859C5B4
06-11 10:34:34.220 28445 29197 D BroadcastCompat: 1)Register receiver:com.oplus.dataprovider.server.h1$a@83d425a
06-11 10:34:34.221  1800  1924 D BatteryChargeControl: bcc get no support from charging protocol
06-11 10:34:34.222 28445 29197 I CpuTaskStatsManager: set ctp1.0 enable state:true
06-11 10:34:34.222  1764  1764 D PerformanceService: enable task cpustats
06-11 10:34:34.224 28445 29197 E OplusAppSwitchManager: observer doesn't exit!
06-11 10:34:34.224  3189  3980 I OplusAppSwitchManagerService: appswitch registerAppSwitchObserver pName = com@@oplus@@onetrace_236331048 observer = com.oplus.app.IOplusAppSwitchObserver$Stub$Proxy@4b214d9 config = OplusAppSwitchConfig = {  observerFingerPrint = 265815424}
06-11 10:34:34.224  3189  3980 I OplusAppSwitchStateDispatcher: registerAppSwitchObserver addDynamicListener OK, info = OplusAppSwitchRuleInfo = {  observer = com.oplus.app.IOplusAppSwitchObserver$Stub$Proxy@4b214d9 observerFingerPrint = 265815424} rule size =0
06-11 10:34:34.224 28445 28500 D OplusAppSwitchManager: observer =  mDefaultMatchActivity = false mDefaultMatchApp true
06-11 10:34:34.225 28445 29197 D BroadcastCompat: 2)Register receiver:com.oplus.dataprovider.server.l$a@e4a0b5f
06-11 10:34:34.226 28445 28445 W ContextImpl: Calling a method in the system process without a qualified user: android.app.ContextImpl.bindService:2135 android.content.ContextWrapper.bindService:901 com.oplus.dataprovider.producer.AppJankDataMonitor.bindSender:23 com.oplus.dataprovider.producer.AppJankDataMonitor.c:1 com.oplus.dataprovider.producer.f.run:3 
06-11 10:34:34.227 28445 29197 W SystemPropertyStatsProvider: System property with key=vendor.oplus.media.vpp.osie_sr.on is not found!
06-11 10:34:34.228 12732 12787 W OplusExSystemServiceHelper: checkOplusExSystemService intent getComponent is null
06-11 10:34:34.229 28445 29197 D BroadcastCompat: 1)Register receiver:com.oplus.dataprovider.server.o1$b@88c3c62
06-11 10:34:34.230  1800  1800 D vendor.oplus.hardware.charger-V10-service: getChargerControl:sub_current=100
06-11 10:34:34.230  1800  1800 D vendor.oplus.hardware.charger-V10-service: sub_voltage=3800
06-11 10:34:34.230  1800  1800 D vendor.oplus.hardware.charger-V10-service: sub_soc=-1
06-11 10:34:34.230  1800  1800 D vendor.oplus.hardware.charger-V10-service: sub_temperature=250
06-11 10:34:34.230  1800  1800 D vendor.oplus.hardware.charger-V10-service: main_soc=100
06-11 10:34:34.230 29795 29864 E JniHttpHelper: HTTP GET failed: http://192.168.1.6:8091/12/3259/1382.terrain
06-11 10:34:34.230 29795 29864 E JniHttpHelper: java.net.ConnectException: Failed to connect to /192.168.1.6:8091
06-11 10:34:34.230 29795 29864 E JniHttpHelper: 	at com.android.okhttp.internal.io.RealConnection.connectSocket(RealConnection.java:147)
06-11 10:34:34.230 29795 29864 E JniHttpHelper: 	at com.android.okhttp.internal.io.RealConnection.connect(RealConnection.java:116)
06-11 10:34:34.230 29795 29864 E JniHttpHelper: 	at com.android.okhttp.internal.http.StreamAllocation.findConnection(StreamAllocation.java:186)
06-11 10:34:34.230 29795 29864 E JniHttpHelper: 	at com.android.okhttp.internal.http.StreamAllocation.findHealthyConnection(StreamAllocation.java:128)
06-11 10:34:34.230 29795 29864 E JniHttpHelper: 	at com.android.okhttp.internal.http.StreamAllocation.newStream(StreamAllocation.java:97)
06-11 10:34:34.230 29795 29864 E JniHttpHelper: 	at com.android.okhttp.internal.http.HttpEngine.connect(HttpEngine.java:289)
06-11 10:34:34.230 29795 29864 E JniHttpHelper: 	at com.android.okhttp.internal.http.HttpEngine.sendRequest(HttpEngine.java:232)
06-11 10:34:34.230 29795 29864 E JniHttpHelper: 	at com.android.okhttp.internal.huc.HttpURLConnectionImpl.execute(HttpURLConnectionImpl.java:465)
06-11 10:34:34.230 29795 29864 E JniHttpHelper: 	at com.android.okhttp.internal.huc.HttpURLConnectionImpl.connect(HttpURLConnectionImpl.java:131)
06-11 10:34:34.230 29795 29864 E JniHttpHelper: 	at com.earthengine.minimalglobe.JniHttpHelper.httpGet(JniHttpHelper.java:52)
06-11 10:34:34.230 29795 29861 E JniHttpHelper: HTTP GET failed: http://192.168.1.6:8091/11/1630/684.terrain
06-11 10:34:34.230 29795 29861 E JniHttpHelper: java.net.ConnectException: Failed to connect to /192.168.1.6:8091
06-11 10:34:34.230 29795 29861 E JniHttpHelper: 	at com.android.okhttp.internal.io.RealConnection.connectSocket(RealConnection.java:147)
06-11 10:34:34.230 29795 29861 E JniHttpHelper: 	at com.android.okhttp.internal.io.RealConnection.connect(RealConnection.java:116)
06-11 10:34:34.230 29795 29861 E JniHttpHelper: 	at com.android.okhttp.internal.http.StreamAllocation.findConnection(StreamAllocation.java:186)
06-11 10:34:34.230 29795 29861 E JniHttpHelper: 	at com.android.okhttp.internal.http.StreamAllocation.findHealthyConnection(StreamAllocation.java:128)
06-11 10:34:34.230 29795 29861 E JniHttpHelper: 	at com.android.okhttp.internal.http.StreamAllocation.newStream(StreamAllocation.java:97)
06-11 10:34:34.230 29795 29861 E JniHttpHelper: 	at com.android.okhttp.internal.http.HttpEngine.connect(HttpEngine.java:289)
06-11 10:34:34.230 29795 29861 E JniHttpHelper: 	at com.android.okhttp.internal.http.HttpEngine.sendRequest(HttpEngine.java:232)
06-11 10:34:34.230 29795 29861 E JniHttpHelper: 	at com.android.okhttp.internal.huc.HttpURLConnectionImpl.execute(HttpURLConnectionImpl.java:465)
06-11 10:34:34.230 29795 29861 E JniHttpHelper: 	at com.android.okhttp.internal.huc.HttpURLConnectionImpl.connect(HttpURLConnectionImpl.java:131)
06-11 10:34:34.230 29795 29861 E JniHttpHelper: 	at com.earthengine.minimalglobe.JniHttpHelper.httpGet(JniHttpHelper.java:52)
06-11 10:34:34.230 29795 29861 I QMTerrain: httpGet bridge: 0 bytes
06-11 10:34:34.230 29795 29861 I QMTerrain: requestTile: z=11 x=1630 y=1363 body=0 canceled=0
06-11 10:34:34.230 29795 29859 E JniHttpHelper: HTTP GET failed: http://192.168.1.6:8091/11/1630/685.terrain
06-11 10:34:34.230 29795 29859 E JniHttpHelper: java.net.ConnectException: Failed to connect to /192.168.1.6:8091
06-11 10:34:34.230 29795 29859 E JniHttpHelper: 	at com.android.okhttp.internal.io.RealConnection.connectSocket(RealConnection.java:147)
06-11 10:34:34.230 29795 29859 E JniHttpHelper: 	at com.android.okhttp.internal.io.RealConnection.connect(RealConnection.java:116)
06-11 10:34:34.230 29795 29859 E JniHttpHelper: 	at com.android.okhttp.internal.http.StreamAllocation.findConnection(StreamAllocation.java:186)
06-11 10:34:34.230 29795 29859 E JniHttpHelper: 	at com.android.okhttp.internal.http.StreamAllocation.findHealthyConnection(StreamAllocation.java:128)
06-11 10:34:34.230 29795 29859 E JniHttpHelper: 	at com.android.okhttp.internal.http.StreamAllocation.newStream(StreamAllocation.java:97)
06-11 10:34:34.230 29795 29859 E JniHttpHelper: 	at com.android.okhttp.internal.http.HttpEngine.connect(HttpEngine.java:289)
06-11 10:34:34.230 29795 29859 E JniHttpHelper: 	at com.android.okhttp.internal.http.HttpEngine.sendRequest(HttpEngine.java:232)
06-11 10:34:34.230 29795 29859 E JniHttpHelper: 	at com.android.okhttp.internal.huc.HttpURLConnectionImpl.execute(HttpURLConnectionImpl.java:465)
06-11 10:34:34.230 29795 29859 E JniHttpHelper: 	at com.android.okhttp.internal.huc.HttpURLConnectionImpl.connect(HttpURLConnectionImpl.java:131)
06-11 10:34:34.230 29795 29859 E JniHttpHelper: 	at com.earthengine.minimalglobe.JniHttpHelper.httpGet(JniHttpHelper.java:52)
06-11 10:34:34.230 29795 29859 I QMTerrain: httpGet bridge: 0 bytes
06-11 10:34:34.230 29795 29859 I QMTerrain: requestTile: z=11 x=1630 y=1362 body=0 canceled=0
06-11 10:34:34.231 29795 29862 E JniHttpHelper: HTTP GET failed: http://192.168.1.6:8091/11/1630/690.terrain
06-11 10:34:34.231 29795 29862 E JniHttpHelper: java.net.ConnectException: Failed to connect to /192.168.1.6:8091
06-11 10:34:34.231 29795 29862 E JniHttpHelper: 	at com.android.okhttp.internal.io.RealConnection.connectSocket(RealConnection.java:147)
06-11 10:34:34.231 29795 29862 E JniHttpHelper: 	at com.android.okhttp.internal.io.RealConnection.connect(RealConnection.java:116)
06-11 10:34:34.231 29795 29862 E JniHttpHelper: 	at com.android.okhttp.internal.http.StreamAllocation.findConnection(StreamAllocation.java:186)
06-11 10:34:34.231 29795 29862 E JniHttpHelper: 	at com.android.okhttp.internal.http.StreamAllocation.findHealthyConnection(StreamAllocation.java:128)
06-11 10:34:34.231 29795 29862 E JniHttpHelper: 	at com.android.okhttp.internal.http.StreamAllocation.newStream(StreamAllocation.java:97)
06-11 10:34:34.231 29795 29862 E JniHttpHelper: 	at com.android.okhttp.internal.http.HttpEngine.connect(HttpEngine.java:289)
06-11 10:34:34.231 29795 29862 E JniHttpHelper: 	at com.android.okhttp.internal.http.HttpEngine.sendRequest(HttpEngine.java:232)
06-11 10:34:34.231 29795 29862 E JniHttpHelper: 	at com.android.okhttp.internal.huc.HttpURLConnectionImpl.execute(HttpURLConnectionImpl.java:465)
06-11 10:34:34.231 29795 29862 E JniHttpHelper: 	at com.android.okhttp.internal.huc.HttpURLConnectionImpl.connect(HttpURLConnectionImpl.java:131)
06-11 10:34:34.231 29795 29862 E JniHttpHelper: 	at com.earthengine.minimalglobe.JniHttpHelper.httpGet(JniHttpHelper.java:52)
06-11 10:34:34.231 29795 29863 E JniHttpHelper: HTTP GET failed: http://192.168.1.6:8091/12/3259/1384.terrain
06-11 10:34:34.231 29795 29863 E JniHttpHelper: java.net.ConnectException: Failed to connect to /192.168.1.6:8091
06-11 10:34:34.231 29795 29863 E JniHttpHelper: 	at com.android.okhttp.internal.io.RealConnection.connectSocket(RealConnection.java:147)
06-11 10:34:34.231 29795 29863 E JniHttpHelper: 	at com.android.okhttp.internal.io.RealConnection.connect(RealConnection.java:116)
06-11 10:34:34.231 29795 29863 E JniHttpHelper: 	at com.android.okhttp.internal.http.StreamAllocation.findConnection(StreamAllocation.java:186)
06-11 10:34:34.231 29795 29863 E JniHttpHelper: 	at com.android.okhttp.internal.http.StreamAllocation.findHealthyConnection(StreamAllocation.java:128)
06-11 10:34:34.231 29795 29863 E JniHttpHelper: 	at com.android.okhttp.internal.http.StreamAllocation.newStream(StreamAllocation.java:97)
06-11 10:34:34.231 29795 29863 E JniHttpHelper: 	at com.android.okhttp.internal.http.HttpEngine.connect(HttpEngine.java:289)
06-11 10:34:34.231 29795 29863 E JniHttpHelper: 	at com.android.okhttp.internal.http.HttpEngine.sendRequest(HttpEngine.java:232)
06-11 10:34:34.231 29795 29863 E JniHttpHelper: 	at com.android.okhttp.internal.huc.HttpURLConnectionImpl.execute(HttpURLConnectionImpl.java:465)
06-11 10:34:34.231 29795 29863 E JniHttpHelper: 	at com.android.okhttp.internal.huc.HttpURLConnectionImpl.connect(HttpURLConnectionImpl.java:131)
06-11 10:34:34.231 29795 29863 E JniHttpHelper: 	at com.earthengine.minimalglobe.JniHttpHelper.httpGet(JniHttpHelper.java:52)
06-11 10:34:34.231 29795 29865 E JniHttpHelper: HTTP GET failed: http://192.168.1.6:8091/11/1629/690.terrain
06-11 10:34:34.231 29795 29865 E JniHttpHelper: java.net.ConnectException: Failed to connect to /192.168.1.6:8091
06-11 10:34:34.231 29795 29865 E JniHttpHelper: 	at com.android.okhttp.internal.io.RealConnection.connectSocket(RealConnection.java:147)
06-11 10:34:34.231 29795 29865 E JniHttpHelper: 	at com.android.okhttp.internal.io.RealConnection.connect(RealConnection.java:116)
06-11 10:34:34.231 29795 29865 E JniHttpHelper: 	at com.android.okhttp.internal.http.StreamAllocation.findConnection(StreamAllocation.java:186)
06-11 10:34:34.231 29795 29865 E JniHttpHelper: 	at com.android.okhttp.internal.http.StreamAllocation.findHealthyConnection(StreamAllocation.java:128)
06-11 10:34:34.231 29795 29865 E JniHttpHelper: 	at com.android.okhttp.internal.http.StreamAllocation.newStream(StreamAllocation.java:97)
06-11 10:34:34.231 29795 29865 E JniHttpHelper: 	at com.android.okhttp.internal.http.HttpEngine.connect(HttpEngine.java:289)
06-11 10:34:34.231 29795 29865 E JniHttpHelper: 	at com.android.okhttp.internal.http.HttpEngine.sendRequest(HttpEngine.java:232)
06-11 10:34:34.231 29795 29865 E JniHttpHelper: 	at com.android.okhttp.internal.huc.HttpURLConnectionImpl.execute(HttpURLConnectionImpl.java:465)
06-11 10:34:34.231 29795 29865 E JniHttpHelper: 	at com.android.okhttp.internal.huc.HttpURLConnectionImpl.connect(HttpURLConnectionImpl.java:131)
06-11 10:34:34.231 29795 29865 E JniHttpHelper: 	at com.earthengine.minimalglobe.JniHttpHelper.httpGet(JniHttpHelper.java:52)
06-11 10:34:34.231 29795 29862 I QMTerrain: httpGet bridge: 0 bytes
06-11 10:34:34.231 29795 29863 I QMTerrain: httpGet bridge: 0 bytes
06-11 10:34:34.231 29795 29862 I QMTerrain: requestTile: z=11 x=1630 y=1357 body=0 canceled=0
06-11 10:34:34.231 29795 29864 I QMTerrain: httpGet bridge: 0 bytes
06-11 10:34:34.231 29795 29863 I QMTerrain: requestTile: z=12 x=3259 y=2711 body=0 canceled=0
06-11 10:34:34.231 29795 29865 I QMTerrain: httpGet bridge: 0 bytes
06-11 10:34:34.231 29795 29865 I QMTerrain: requestTile: z=11 x=1629 y=1357 body=0 canceled=0
06-11 10:34:34.231 29795 29860 E JniHttpHelper: HTTP GET failed: http://192.168.1.6:8091/12/3260/1382.terrain
06-11 10:34:34.231 29795 29860 E JniHttpHelper: java.net.ConnectException: Failed to connect to /192.168.1.6:8091
06-11 10:34:34.231 29795 29860 E JniHttpHelper: 	at com.android.okhttp.internal.io.RealConnection.connectSocket(RealConnection.java:147)
06-11 10:34:34.231 29795 29860 E JniHttpHelper: 	at com.android.okhttp.internal.io.RealConnection.connect(RealConnection.java:116)
06-11 10:34:34.231 29795 29860 E JniHttpHelper: 	at com.android.okhttp.internal.http.StreamAllocation.findConnection(StreamAllocation.java:186)
06-11 10:34:34.231 29795 29860 E JniHttpHelper: 	at com.android.okhttp.internal.http.StreamAllocation.findHealthyConnection(StreamAllocation.java:128)
06-11 10:34:34.231 29795 29860 E JniHttpHelper: 	at com.android.okhttp.internal.http.StreamAllocation.newStream(StreamAllocation.java:97)
06-11 10:34:34.231 29795 29860 E JniHttpHelper: 	at com.android.okhttp.internal.http.HttpEngine.connect(HttpEngine.java:289)
06-11 10:34:34.231 29795 29860 E JniHttpHelper: 	at com.android.okhttp.internal.http.HttpEngine.sendRequest(HttpEngine.java:232)
06-11 10:34:34.231 29795 29860 E JniHttpHelper: 	at com.android.okhttp.internal.huc.HttpURLConnectionImpl.execute(HttpURLConnectionImpl.java:465)
06-11 10:34:34.231 29795 29860 E JniHttpHelper: 	at com.android.okhttp.internal.huc.HttpURLConnectionImpl.connect(HttpURLConnectionImpl.java:131)
06-11 10:34:34.231 29795 29860 E JniHttpHelper: 	at com.earthengine.minimalglobe.JniHttpHelper.httpGet(JniHttpHelper.java:52)
06-11 10:34:34.231 29795 29860 I QMTerrain: httpGet bridge: 0 bytes
06-11 10:34:34.231 29795 29860 I QMTerrain: requestTile: z=12 x=3260 y=2713 body=0 canceled=0
06-11 10:34:34.231 29795 29864 I QMTerrain: requestTile: z=12 x=3259 y=2713 body=0 canceled=0
06-11 10:34:34.231 28445 29576 W ContextImpl: Calling a method in the system process without a qualified user: android.app.ContextImpl.bindService:2135 android.content.ContextWrapper.bindService:901 com.oplus.dataprovider.server.ThermalControlStatsProvider.h:37 com.oplus.dataprovider.server.ThermalControlStatsProvider.m:35 com.oplus.dataprovider.app.Z.n:3 
06-11 10:34:34.231 29795 29858 E JniHttpHelper: HTTP GET failed: http://192.168.1.6:8091/11/1630/689.terrain
06-11 10:34:34.231 29795 29858 E JniHttpHelper: java.net.ConnectException: Failed to connect to /192.168.1.6:8091
06-11 10:34:34.231 29795 29858 E JniHttpHelper: 	at com.android.okhttp.internal.io.RealConnection.connectSocket(RealConnection.java:147)
06-11 10:34:34.231 29795 29858 E JniHttpHelper: 	at com.android.okhttp.internal.io.RealConnection.connect(RealConnection.java:116)
06-11 10:34:34.231 29795 29858 E JniHttpHelper: 	at com.android.okhttp.internal.http.StreamAllocation.findConnection(StreamAllocation.java:186)
06-11 10:34:34.231 29795 29858 E JniHttpHelper: 	at com.android.okhttp.internal.http.StreamAllocation.findHealthyConnection(StreamAllocation.java:128)
06-11 10:34:34.231 29795 29858 E JniHttpHelper: 	at com.android.okhttp.internal.http.StreamAllocation.newStream(StreamAllocation.java:97)
06-11 10:34:34.231 29795 29858 E JniHttpHelper: 	at com.android.okhttp.internal.http.HttpEngine.connect(HttpEngine.java:289)
06-11 10:34:34.231 29795 29858 E JniHttpHelper: 	at com.android.okhttp.internal.http.HttpEngine.sendRequest(HttpEngine.java:232)
06-11 10:34:34.231 29795 29858 E JniHttpHelper: 	at com.android.okhttp.internal.huc.HttpURLConnectionImpl.execute(HttpURLConnectionImpl.java:465)
06-11 10:34:34.231 29795 29858 E JniHttpHelper: 	at com.android.okhttp.internal.huc.HttpURLConnectionImpl.connect(HttpURLConnectionImpl.java:131)
06-11 10:34:34.231 29795 29858 E JniHttpHelper: 	at com.earthengine.minimalglobe.JniHttpHelper.httpGet(JniHttpHelper.java:52)
06-11 10:34:34.231 12732 12732 D ClientMessengerHelper: Succeed register client: com.oplus.onetrace
06-11 10:34:34.231 29795 29858 I QMTerrain: httpGet bridge: 0 bytes
06-11 10:34:34.231 29795 29858 I QMTerrain: requestTile: z=11 x=1630 y=1358 body=0 canceled=0
06-11 10:34:34.233  5081  5179 W OplusExSystemServiceHelper: checkOplusExSystemService intent getComponent is null
06-11 10:34:34.234  5081  5081 W Battery : ThermalTraceService: onCreate
06-11 10:34:34.234 28445 29197 W HidlServiceHelper: Failed to read task schedule version with kernel returns
06-11 10:34:34.234  5081  5081 W Battery : ThermalTraceService: onBind
06-11 10:34:34.235  5081  6470 W Battery : ThermalTraceService: register callback android.os.BinderProxy@dd80c30
06-11 10:34:34.236  5081  5970 W Battery : ThermalControllHandler: MSG_THERMAL_CONTROL_TRACEINFO_UPLOAD. isTraceMonitorOn:true, hasTraceAidl:true
06-11 10:34:34.236  5081  5970 W Battery : ThermalControllHandler: ZoomWindowsInfo=[],PipWindowsInfo=[],AppFloatingWindowsInfo=[]
06-11 10:34:34.238 13659 13659 D IHansComunication: HANS sendMessageToKernel: threadId = 492371426368, netLinkSetup = 1, type = FROZEN_TRANS, targetUid = 10307, pkgCmd = PKG_CMD_MAX
06-11 10:34:34.242  5081 12459 W Battery : ThermalTraceService: mThermalTraceCallBackMap.size()=1
06-11 10:34:34.250  1800  1800 D vendor.oplus.hardware.charger-V10-service: getChargerControl:sub_current=100
06-11 10:34:34.250  1800  1800 D vendor.oplus.hardware.charger-V10-service: sub_voltage=3800
06-11 10:34:34.250  1800  1800 D vendor.oplus.hardware.charger-V10-service: sub_soc=-1
06-11 10:34:34.250  1800  1800 D vendor.oplus.hardware.charger-V10-service: sub_temperature=250
06-11 10:34:34.250  1800  1800 D vendor.oplus.hardware.charger-V10-service: main_soc=100
06-11 10:34:34.370  1667 15952 I sensors-hal: handle_oplus_wise_rgb_event:230, wise_rgb:algo_type = 3
06-11 10:34:34.370  1667 15952 I sensors-hal: handle_oplus_wise_rgb_event:285, wise_rgb: raw_lux 533.488403, raw_cct 6391.885742, r/g/b/c: 41101.125000/36335.222656/20348.634766/91970.398438, R/G/B: 0.000000/0.000000/0.000000, brl 1529.000000, lux: 533.488403, cct: 6391.885742, ts 242671687060832, cnt 4017
06-11 10:34:34.569  1667 15952 I sensors-hal: handle_oplus_wise_rgb_event:230, wise_rgb:algo_type = 3
06-11 10:34:34.570  1667 15952 I sensors-hal: handle_oplus_wise_rgb_event:285, wise_rgb: raw_lux 529.301880, raw_cct 6412.766602, r/g/b/c: 40995.355469/36411.246094/20436.861328/91821.226562, R/G/B: 0.000000/0.000000/0.000000, brl 1529.000000, lux: 529.301880, cct: 6412.766602, ts 242671886832343, cnt 4018
06-11 10:34:34.769  1667 15988 I sensors-hal: get_brightness:1652, light_iface: get_brightness, brl 1529, pwm_turbo_on 0/0, hbm_dc 0
06-11 10:34:34.769  1667 15952 I sensors-hal: handle_oplus_wise_rgb_event:230, wise_rgb:algo_type = 3
06-11 10:34:34.770  1667 15952 I sensors-hal: handle_oplus_wise_rgb_event:285, wise_rgb: raw_lux 523.902832, raw_cct 6410.936523, r/g/b/c: 40877.164062/36217.781250/20329.277344/91386.156250, R/G/B: 0.000000/0.000000/0.000000, brl 1529.000000, lux: 523.902832, cct: 6410.936523, ts 242672086638072, cnt 4019
06-11 10:34:34.770 29795 29795 I GLES    : submit #300: 56 commands, glError=0
06-11 10:34:34.771 29795 29795 I MinimalGlobe: Frame 300 | tiles vis=89 cached=75 renderSurface=54 mesh=54 (terr=0 ellip=54 ready=0 terrParent=0 terrTrans=0) attach=54 exact=54 parent=0 stale=0 missingGen=0 | missing=0 unsupported=35 kicked=0 retained=0 visZ=2-12 targetZ=2-12 texZ=2-12 lod=307 eq=0 qRender=89 qWalk=56 qFrustum=113 qFade=0 qBal=0 qHz=0 qEq2=0 grp=54/19/16 gen=2 | sun=(0.03,0.93,0.36) | FPS=30.0 draw=56
06-11 10:34:34.964  1656  5403 I vendor.qti.bluetooth@1.0-ibs_handler: [ibs_handler.cpp:778] ProcessIbsCmd: Received IBS_WAKE_IND: 0xFD
06-11 10:34:34.965  1656  5403 D vendor.qti.bluetooth@1.0-ibs_handler: [ibs_handler.cpp:372] SerialClockVote: vote for UART CLK ON
06-11 10:34:34.965  1656  5403 D vendor.qti.bluetooth@1.0-wake_lock: [wake_lock.cpp:135] Acquire wakelock is acquired 
06-11 10:34:34.965  1656  5403 I vendor.qti.bluetooth@1.0-ibs_handler: [ibs_handler.cpp:795] ProcessIbsCmd: Writing IBS_WAKE_ACK
06-11 10:34:34.969  1667 15952 I sensors-hal: handle_oplus_wise_rgb_event:230, wise_rgb:algo_type = 3
06-11 10:34:34.969  1667 15952 I sensors-hal: handle_oplus_wise_rgb_event:285, wise_rgb: raw_lux 519.499146, raw_cct 6410.977539, r/g/b/c: 41011.433594/36268.210938/20372.500000/91256.484375, R/G/B: 0.000000/0.000000/0.000000, brl 1529.000000, lux: 519.499146, cct: 6410.977539, ts 242672286479009, cnt 4020
06-11 10:34:35.006  1656  5403 I vendor.qti.bluetooth@1.0-ibs_handler: [ibs_handler.cpp:825] ProcessIbsCmd: Received IBS_SLEEP_IND: 0xFE
06-11 10:34:35.006  1656  5403 D vendor.qti.bluetooth@1.0-ibs_handler: [ibs_handler.cpp:391] SerialClockVote: vote for UART CLK OFF
06-11 10:34:35.011  4639  8246 D CommonApp-194-10602: commonScoreStrategy scenarios 5 mdnsScore=0
06-11 10:34:35.011  4639  8246 D CommonApp-194-10602: notifyScoreChange appScene COMMON score 93
06-11 10:34:35.011  4639  8246 D ScorePolicy: handleScoreChanged: []
06-11 10:34:35.011  4639  8246 D ScorePolicy: handleScoreChanged: []
06-11 10:34:35.012  4639  8246 D ScorePolicy: handleScoreChanged: []
06-11 10:34:35.089  3189  3765 V AlarmManager: sending alarm Alarm{a8e1581 type 1 origWhen 1781145275088 whenElapsed 242672415 android} uid 1000 whenElapsed 242672415 windowLength 0 maxWhenElapsed 242672415 repeatInterval 0 action null component null tag StorgaeBandInfoAlarmTag flags 0x9 procName system_server
06-11 10:34:35.090  3189 27614 E OplusStorageUFSBandwidth: storage_io_metrics_path is /proc/oplus_storage/io_metrics/forever/
06-11 10:34:35.090  3189 27614 E OplusStorageUFSBandwidth: Bandwidth - Read: 0.00 MB/s, Write: 0.00 MB/s
06-11 10:34:35.090  3189 27614 E OplusStorageUFSBandwidth: Task time: 0ms
06-11 10:34:35.096  3189 27614 E OplusStorageUFSBandwidth: Alarm set to trigger in 10 seconds
06-11 10:34:35.157  1656  5071 D vendor.qti.bluetooth@1.0-wake_lock: [wake_lock.cpp:158] Release wakelock is released 
06-11 10:34:35.169  1667 15952 I sensors-hal: handle_oplus_wise_rgb_event:230, wise_rgb:algo_type = 3
06-11 10:34:35.169  1667 15952 I sensors-hal: handle_oplus_wise_rgb_event:285, wise_rgb: raw_lux 511.548218, raw_cct 6429.870117, r/g/b/c: 41060.781250/36140.976562/20477.445312/91086.328125, R/G/B: 0.000000/0.000000/0.000000, brl 1529.000000, lux: 511.548218, cct: 6429.870117, ts 242672486287395, cnt 4021
06-11 10:34:35.206 28445 30084 W CameraStatsProvider: Camera face num not found!
06-11 10:34:35.207 28445 29642 W CameraStatsProvider: Camera type settings is not found!
06-11 10:34:35.224  1800  1924 D BatteryChargeControl: bcc get no support from charging protocol
06-11 10:34:35.276  3189  4433 I OplusHansManager : uid=10136, pkg=com.baidu.input_oppo cannot transition from R to M, importance=input
06-11 10:34:35.277  3189  4433 I OplusHansManager : uid=10370, pkg=com.tencent.android.qqdownloader cannot transition from R to M, importance=screenRecorder
06-11 10:34:35.335 18957 18957 D ClockTag_ClockWidget.ClockWidgetWeatherService: stop refresh service self
06-11 10:34:35.339 18957 18957 D ClockTag_ClockWidget.ClockWidgetWeatherService: ClockWidgetWeatherService onDestroy
06-11 10:34:35.348  3189  4147 D ActivityManager: Async freezing 18957 com.coloros.alarmclock:clockWidget
06-11 10:34:35.348 18957 18957 D ClockTag_AlarmClockApplication: onTrimMemory: 40
06-11 10:34:35.369  1667 15952 I sensors-hal: handle_oplus_wise_rgb_event:230, wise_rgb:algo_type = 3
06-11 10:34:35.369  1667 15988 I sensors-hal: handle_oplus_wise_rgb_event:301, oplus wise_rgb sample: (4022)(cct, lux, ir_ratio, r, g, b, c)[6413, 509, 37, 41048, 36307, 20477, 90963]
06-11 10:34:35.369  1667 15952 I sensors-hal: handle_oplus_wise_rgb_event:285, wise_rgb: raw_lux 509.174194, raw_cct 6413.070312, r/g/b/c: 41048.160156/36307.324219/20477.710938/90963.398438, R/G/B: 0.000000/0.000000/0.000000, brl 1529.000000, lux: 509.174194, cct: 6413.070312, ts 242672686066665, cnt 4022
06-11 10:34:35.471  1800  1800 D ChargerInfo: getInfo: type: 0x1, update: 1
06-11 10:34:35.471  1800  1875 D ChargerInfo: chargerInfoUpdateThread: update start
06-11 10:34:35.475  1800  1875 D ChargerInfo: enableTx: path(/proc/wireless/enable_tx): not exist
06-11 10:34:35.479  1800  1875 D ChargerInfo: get_ui_charge_icon_type: [0 0] [0 0] 1
06-11 10:34:35.480  1800  1875 E ChargerInfo: SingleHyperPath not found
06-11 10:34:35.480  1800  1875 D ChargerInfo: CarC: path(/sys/class/oplus_chg/battery/gauge_car_c): not exist
06-11 10:34:35.480  1800  1875 D ChargerInfo: chargerInfoUpdateThread: update end
06-11 10:34:35.480  1800  1875 D ChargerInfo: chargerInfoUpdateThread: update wait
06-11 10:34:35.481  1800  1800 D ChargerInfo: enableTx: path(/proc/wireless/enable_tx): not exist
06-11 10:34:35.481  1800  1800 D ChargerInfo: getInfo: {"Update":{"batteryFcc":3942,"batteryRm":3942,"bddLeakCurr":0,"bmsStatus":0,"bypassChgStatus":0,"chargeTimeRemaining":0,"cpaPower":0,"enableTx":true,"fastCharge":0,"isSupportSpeedCharge":0,"notifyCode":1048704,"otgOnline":1,"ppsChargePower":0,"ppsCharging":0,"shortCHwStatus":0,"shortIcOtpStatus":0,"uiIconType":0,"uiPower":0,"usbStatus":0,"wlsAdapterPower":0}}
06-11 10:34:35.569  1667 15952 I sensors-hal: handle_oplus_wise_rgb_event:230, wise_rgb:algo_type = 3
06-11 10:34:35.569  1667 15952 I sensors-hal: handle_oplus_wise_rgb_event:285, wise_rgb: raw_lux 504.870972, raw_cct 6415.947266, r/g/b/c: 41023.781250/36441.585938/20493.507812/91147.640625, R/G/B: 0.000000/0.000000/0.000000, brl 1529.000000, lux: 504.870972, cct: 6415.947266, ts 242672885852030, cnt 4023
06-11 10:34:35.768  1667 15952 I sensors-hal: handle_oplus_wise_rgb_event:230, wise_rgb:algo_type = 3
06-11 10:34:35.768  1667 15952 I sensors-hal: get_brightness:1652, light_iface: get_brightness, brl 1529, pwm_turbo_on 0/0, hbm_dc 0
06-11 10:34:35.769  1667 15952 I sensors-hal: handle_oplus_wise_rgb_event:285, wise_rgb: raw_lux 508.156006, raw_cct 6435.125977, r/g/b/c: 40974.167969/36414.687500/20584.638672/91273.367188, R/G/B: 0.000000/0.000000/0.000000, brl 1529.000000, lux: 508.156006, cct: 6435.125977, ts 242673085634999, cnt 4024
06-11 10:34:35.771  3189  6314 I AICCTModule: SensorFilter: findSecondNearestValue, sensorValue: 6378.108 nearestMaxValue:6391.8857 secondNearestValue: 6410.9365
06-11 10:34:35.771  3189  6314 I AICCTModule: SensorFilter: findSecondNearestValue, sensorValue: 522.15564 nearestMaxValue:511.54822 secondNearestValue: 509.1742
06-11 10:34:35.772  3189  6314 I AICCTModule: AICurveModel: findPointByX x:13.406833, rightPoint:Point:(13.41, 6855.932, 6855.932)
06-11 10:34:35.772  3189  6314 I AICCTModule: AICurveModel: StablePoints has no dragSplineLine
06-11 10:34:35.772  3189  6314 I AICCTModule: AICurveModel: findPointByY y:6837.9985, rightPoint:Point:(13.389999, 6837.9985, 6837.9985)
06-11 10:34:35.773  3189  6314 I AICCTModule: AICurveModel: findPointByY y:6837.9985, rightPoint:Point:(13.389999, 6837.9985, 6837.9985)
06-11 10:34:35.773  3189  6314 I AICCTModule: AICurveModel: findPointByY y:6837.9985, rightPoint:Point:(13.389999, 6837.9985, 6837.9985)
06-11 10:34:35.773  3189  6314 I AICCTModule: AICurveModel: StablePoints y1Left:6837.9985, y2Left:0.0, leftY:6837.9985
06-11 10:34:35.773  3189  6314 I AICCTModule: AICurveModel: findPointByY y:6837.9985, rightPoint:Point:(13.389999, 6837.9985, 6837.9985)
06-11 10:34:35.774  3189  6314 I AICCTModule: AICurveModel: findPointByY y:6837.9985, rightPoint:Point:(13.389999, 6837.9985, 6837.9985)
06-11 10:34:35.774  3189  6314 I AICCTModule: AICurveModel: getNextPoint isLargeChange, 6416.0107, 6855.932
06-11 10:34:35.774  3189  6314 I AICCTModule: AICurveModel: handleUpdateCCT cct change from:(6384.008789,6837.998535)->(6416.010742,6855.932129),curPoint(6416.010742,6855.932129),stablePoint=LeftLarge(6384.009,6837.9985)-RightLarge(6384.009,6837.9985),LeftSmall(6384.009,6837.9985)-RightSmall(6384.009,6837.9985),TLSmall(6384.009,6837.9985)-TRSmall(6384.009,6837.9985)
06-11 10:34:35.774  3189  6314 I AICCTModule: AICurveModel: onTargetCCTChange cct change to 6855.932
06-11 10:34:35.819  6858  8079 D gaia-GaiaConnectChecker: start connect check++
06-11 10:34:35.968  1667 15952 I sensors-hal: handle_oplus_wise_rgb_event:230, wise_rgb:algo_type = 3
06-11 10:34:35.968  1667 15952 I sensors-hal: handle_oplus_wise_rgb_event:285, wise_rgb: raw_lux 514.514038, raw_cct 6423.947266, r/g/b/c: 40996.847656/36351.492188/20449.685547/91551.882812, R/G/B: 0.000000/0.000000/0.000000, brl 1529.000000, lux: 514.514038, cct: 6423.947266, ts 242673285442603, cnt 4025
06-11 10:34:36.016  1699  1958 D IRIS_LOG_SERV: panelReadWrite: type 255 set color matrix
06-11 10:34:36.016  1699  2116 D IRIS_LOG_SERV: InternalConfig: 191 0
06-11 10:34:36.016  1699  2116 D IRIS_LOG_SERV: InternalConfig: 191 0 ret: 0
06-11 10:34:36.035  4639  8246 D CommonApp-194-10602: transport layer data is invalid
06-11 10:34:36.036  4639  8246 D ScorePolicy: handleScoreChanged: []
06-11 10:34:36.036  4639  8246 D ScorePolicy: handleScoreChanged: []
06-11 10:34:36.037  4639  8246 D ScorePolicy: handleScoreChanged: []
06-11 10:34:36.055  3189  3841 D WifiStaIfaceHidlImpl: getCachedScanData is not implemented by HIDL
06-11 10:34:36.065  4639  4639 D VendorWifiService: onEvent event:9,action:1
06-11 10:34:36.066  3189  3251 W SettingsProvider: notifyForSettingsChange delay for eyeprotect_display_cct, value: 6856, delta: 0, lastNotifyTimestamp: 200769789, minInterval: 10
06-11 10:34:36.076  3189  3960 D ScorerUtils: isLowTraffic: txTputKBps=0, rxTputKBps=0
06-11 10:34:36.076  3189  3960 D OplusWifiPower_TriggerCenter: mComponentCallback: wifistat
06-11 10:34:36.169  1667 15952 I sensors-hal: handle_oplus_wise_rgb_event:230, wise_rgb:algo_type = 3
06-11 10:34:36.169  1667 15952 I sensors-hal: handle_oplus_wise_rgb_event:285, wise_rgb: raw_lux 518.657471, raw_cct 6379.595703, r/g/b/c: 41091.339844/36214.687500/20315.857422/91391.273438, R/G/B: 0.000000/0.000000/0.000000, brl 1529.000000, lux: 518.657471, cct: 6379.595703, ts 242673485272030, cnt 4026
06-11 10:34:36.172  3189  3841 D WifiStaIfaceHidlImpl: getCachedScanData is not implemented by HIDL
06-11 10:34:36.180  1572 18752 E TetherController: property_get sys.radio.data.modem_share_flag return 0, 1!
06-11 10:34:36.227  1800  1924 D BatteryChargeControl: bcc get no support from charging protocol
06-11 10:34:36.257 12732 13406 D ShellSubscriberWorkerThread: the first 8 bytes empty, and RestData length > 8 
06-11 10:34:36.368  1667 15952 I sensors-hal: handle_oplus_wise_rgb_event:230, wise_rgb:algo_type = 3
06-11 10:34:36.368  1667 15952 I sensors-hal: handle_oplus_wise_rgb_event:285, wise_rgb: raw_lux 521.973511, raw_cct 6359.902344, r/g/b/c: 41117.062500/36312.585938/20330.796875/91622.843750, R/G/B: 0.000000/0.000000/0.000000, brl 1529.000000, lux: 521.973511, cct: 6359.902344, ts 242673685100676, cnt 4027
06-11 10:34:36.568  1667 15952 I sensors-hal: handle_oplus_wise_rgb_event:230, wise_rgb:algo_type = 3
06-11 10:34:36.568  1667 15952 I sensors-hal: handle_oplus_wise_rgb_event:285, wise_rgb: raw_lux 512.805908, raw_cct 6430.146973, r/g/b/c: 41179.718750/36375.089844/20601.488281/91557.578125, R/G/B: 0.000000/0.000000/0.000000, brl 1529.000000, lux: 512.805908, cct: 6430.146973, ts 242673884893540, cnt 4028
06-11 10:34:36.767  1667 15952 I sensors-hal: handle_oplus_wise_rgb_event:230, wise_rgb:algo_type = 3
06-11 10:34:36.768  1667 15952 I sensors-hal: get_brightness:1652, light_iface: get_brightness, brl 1529, pwm_turbo_on 0/0, hbm_dc 0
06-11 10:34:36.768  1667 15952 I sensors-hal: handle_oplus_wise_rgb_event:285, wise_rgb: raw_lux 509.952271, raw_cct 6480.944824, r/g/b/c: 41048.562500/36302.855469/20600.894531/91255.796875, R/G/B: 0.000000/0.000000/0.000000, brl 1529.000000, lux: 509.952271, cct: 6480.944824, ts 242674084707238, cnt 4029
06-11 10:34:36.967  1667 15952 I sensors-hal: handle_oplus_wise_rgb_event:230, wise_rgb:algo_type = 3
06-11 10:34:36.968  1667 15952 I sensors-hal: handle_oplus_wise_rgb_event:285, wise_rgb: raw_lux 520.861938, raw_cct 6485.996094, r/g/b/c: 40928.882812/36128.582031/20450.480469/91665.570312, R/G/B: 0.000000/0.000000/0.000000, brl 1529.000000, lux: 520.861938, cct: 6485.996094, ts 242674284461040, cnt 4030
06-11 10:34:37.058  4639  8246 D CommonApp-194-10602: transport layer data is invalid
06-11 10:34:37.058  4639  8246 D ScorePolicy: handleScoreChanged: []
06-11 10:34:37.058  4639  8246 D ScorePolicy: handleScoreChanged: []
06-11 10:34:37.058  4639  8246 D ScorePolicy: handleScoreChanged: []
06-11 10:34:37.090  3189  3765 W OPLUS_LOG_LOAD: ==LOGS PROG INFO, prog(system_server) ==
06-11 10:34:37.090  3189  3765 V AlarmManager: sending alarm Alarm{58588bd type 1 origWhen 1781145277090 whenElapsed 242674416 android} uid 1000 whenElapsed 242674416 windowLength 0 maxWhenElapsed 242674416 repeatInterval 0 action null component null tag StorgaeBandInfoAlarmTag flags 0x9 procName system_server
06-11 10:34:37.091  3189 27614 E OplusStorageUFSBandwidth: storage_io_metrics_path is /proc/oplus_storage/io_metrics/forever/
06-11 10:34:37.093  3189 27614 E OplusStorageUFSBandwidth: Bandwidth - Read: 0.00 MB/s, Write: 0.00 MB/s
06-11 10:34:37.093  3189 27614 E OplusStorageUFSBandwidth: Task time: 2ms
06-11 10:34:37.096  3189 27614 E OplusStorageUFSBandwidth: Alarm set to trigger in 10 seconds
06-11 10:34:37.139  3189  3819 W Binder  : Outgoing transactions from this process must be FLAG_ONEWAY
06-11 10:34:37.139  3189  3819 W Binder  : java.lang.Throwable
06-11 10:34:37.139  3189  3819 W Binder  : 	at android.os.BinderProxy.transact(BinderProxy.java:639)
06-11 10:34:37.139  3189  3819 W Binder  : 	at android.content.ContentProviderProxy.insert(ContentProviderNative.java:587)
06-11 10:34:37.139  3189  3819 W Binder  : 	at android.content.ContentProviderClient.insert(ContentProviderClient.java:347)
06-11 10:34:37.139  3189  3819 W Binder  : 	at android.content.ContentProviderClient.insert(ContentProviderClient.java:336)
06-11 10:34:37.139  3189  3819 W Binder  : 	at com.oplus.util.OplusStatisticsImpl.insert(OplusStatisticsImpl.java:307)
06-11 10:34:37.139  3189  3819 W Binder  : 	at com.oplus.util.OplusStatisticsImpl.sendDataToDCS(OplusStatisticsImpl.java:287)
06-11 10:34:37.139  3189  3819 W Binder  : 	at com.oplus.util.OplusStatisticsImpl.flushInternal(OplusStatisticsImpl.java:264)
06-11 10:34:37.139  3189  3819 W Binder  : 	at com.oplus.util.OplusStatisticsImpl.lambda$setDelayFlushJobIfNeed$4(OplusStatisticsImpl.java:211)
06-11 10:34:37.139  3189  3819 W Binder  : 	at com.oplus.util.OplusStatisticsImpl.$r8$lambda$4UYTp2NCu6Rml69JNqEuK7o54SI(Unknown Source:0)
06-11 10:34:37.139  3189  3819 W Binder  : 	at com.oplus.util.OplusStatisticsImpl$$ExternalSyntheticLambda5.run(D8$$SyntheticClass:0)
06-11 10:34:37.139  3189  3819 W Binder  : 	at java.util.concurrent.Executors$RunnableAdapter.call(Executors.java:524)
06-11 10:34:37.139  3189  3819 W Binder  : 	at java.util.concurrent.FutureTask.run(FutureTask.java:343)
06-11 10:34:37.139  3189  3819 W Binder  : 	at java.util.concurrent.ScheduledThreadPoolExecutor$ScheduledFutureTask.run(ScheduledThreadPoolExecutor.java:348)
06-11 10:34:37.139  3189  3819 W Binder  : 	at java.util.concurrent.ThreadPoolExecutor.runWorker(ThreadPoolExecutor.java:1156)
06-11 10:34:37.139  3189  3819 W Binder  : 	at java.util.concurrent.ThreadPoolExecutor$Worker.run(ThreadPoolExecutor.java:651)
06-11 10:34:37.139  3189  3819 W Binder  : 	at java.lang.Thread.run(Thread.java:1119)
06-11 10:34:37.167  1667 15952 I sensors-hal: handle_oplus_wise_rgb_event:230, wise_rgb:algo_type = 3
06-11 10:34:37.167  1667 15952 I sensors-hal: handle_oplus_wise_rgb_event:285, wise_rgb: raw_lux 536.507324, raw_cct 6455.856445, r/g/b/c: 40952.570312/36002.921875/20314.871094/91843.273438, R/G/B: 0.000000/0.000000/0.000000, brl 1529.000000, lux: 536.507324, cct: 6455.856445, ts 242674484256457, cnt 4031
06-11 10:34:37.187  3189  3759 D ActivityManager: freezing 27947 com.oplus.games
06-11 10:34:37.193  4329  4513 W OPLUS_LOG_LOAD: ==LOGS PROG INFO, prog(com.android.systemui) ==
06-11 10:34:37.193  4329  4513 I SystemUi--Statusbar: OplusNetworkSpeedControllExImpl-->updateNetworkSpeed: isConnected:true,isSwitchOn:true,isSuspend:false,isPause:false
06-11 10:34:37.193  3189  3759 D ActivityManager: Freeze process 27947, not check file locks
06-11 10:34:37.194  3189  3759 D ActivityManager: reportOneUidFrozenStateChanged uid 10288 frozen = true
06-11 10:34:37.196  4329  4513 I SystemUi--Statusbar: OplusNetworkSpeedControllExImpl-->getTotalByte: totalRxBytes:11577673045,totalTxBytes:3541576846,loopbackTxBytes:2982610247,loopbackRxBytes:2982609767 ,totalBytes:9154029877
06-11 10:34:37.197  3189  3848 D InetDiagMessage: Destroyed 0 sockets, proto=IPPROTO_TCP, family=AF_INET, states=14
06-11 10:34:37.200  3189  3848 D InetDiagMessage: Destroyed 0 sockets, proto=IPPROTO_TCP, family=AF_INET6, states=14
06-11 10:34:37.200  3189  3848 D InetDiagMessage: Destroyed live tcp sockets for uids={10288} in 6ms
06-11 10:34:37.229  1800  1924 D BatteryChargeControl: bcc get no support from charging protocol
06-11 10:34:37.345  3189  4000 I ServiceConnector.Impl: unbindJobThread: connection = ServiceConnector@804(Intent { act=android.permission.PermissionControllerService xflg=0x4 cmp=com.android.permissioncontroller/.permission.service.PermissionControllerServiceImpl mCallingUid=1000 }, user: 0)[Unbinding...]service = android.permission.IPermissionController$Stub$Proxy@321a180 mBinding = false
06-11 10:34:37.346  7809  7809 D PermissionControllerLifecycleService: onUnbind
06-11 10:34:37.350  7809  7809 D ServiceLifecycleDispatcher: move state from: 'CREATED' to: 'CREATED'
06-11 10:34:37.350  7809  7809 D PermissionControllerLifecycleService: onDestroy
06-11 10:34:37.350  7809  7809 D ServiceLifecycleDispatcher: move state from: 'CREATED' to: 'CREATED'
06-11 10:34:37.351  7809  7809 D ServiceLifecycleDispatcher: move state from: 'CREATED' to: 'DESTROYED'
06-11 10:34:37.353  3189  4147 D ActivityManager: Async freezing 7809 com.android.permissioncontroller
06-11 10:34:37.366  1667 15952 I sensors-hal: handle_oplus_wise_rgb_event:230, wise_rgb:algo_type = 3
06-11 10:34:37.367  1667 15952 I sensors-hal: handle_oplus_wise_rgb_event:285, wise_rgb: raw_lux 539.829590, raw_cct 6449.650391, r/g/b/c: 40879.871094/36017.039062/20313.880859/91844.000000, R/G/B: 0.000000/0.000000/0.000000, brl 1529.000000, lux: 539.829590, cct: 6449.650391, ts 242674684064634, cnt 4032
06-11 10:34:37.367  1667 15988 I sensors-hal: handle_oplus_wise_rgb_event:301, oplus wise_rgb sample: (4032)(cct, lux, ir_ratio, r, g, b, c)[6449, 539, 29, 40879, 36017, 20313, 91844]
06-11 10:34:37.567  1667 15952 I sensors-hal: handle_oplus_wise_rgb_event:230, wise_rgb:algo_type = 3
06-11 10:34:37.567  1667 15952 I sensors-hal: handle_oplus_wise_rgb_event:285, wise_rgb: raw_lux 537.971802, raw_cct 6422.625977, r/g/b/c: 40903.152344/36126.515625/20253.806641/91807.218750, R/G/B: 0.000000/0.000000/0.000000, brl 1529.000000, lux: 537.971802, cct: 6422.625977, ts 242674883882343, cnt 4033
06-11 10:34:37.708  6716  8412 I CardConfig.CardConfigRepository: subscribePackageChange4Ocs, check ocs [base|com.oplus.pantanal.ums|2.0.44-25e9612]
06-11 10:34:37.710  6716  8825 E FileStrategy: java.io.IOException: Read-only file system
06-11 10:34:37.766  1667 15952 I sensors-hal: handle_oplus_wise_rgb_event:230, wise_rgb:algo_type = 3
06-11 10:34:37.767  1667 15952 I sensors-hal: get_brightness:1652, light_iface: get_brightness, brl 1529, pwm_turbo_on 0/0, hbm_dc 0
06-11 10:34:37.767  1667 15952 I sensors-hal: handle_oplus_wise_rgb_event:285, wise_rgb: raw_lux 528.551880, raw_cct 6409.568359, r/g/b/c: 40916.183594/36306.500000/20418.560547/91584.414062, R/G/B: 0.000000/0.000000/0.000000, brl 1529.000000, lux: 528.551880, cct: 6409.568359, ts 242675083717863, cnt 4034
06-11 10:34:37.770  3189  6314 I AICCTModule: SensorFilter: findSecondNearestValue, sensorValue: 6410.9365 nearestMaxValue:6422.626 secondNearestValue: 6449.6504
06-11 10:34:37.770  3189  6314 I AICCTModule: SensorFilter: findSecondNearestValue, sensorValue: 509.1742 nearestMaxValue:509.95227 secondNearestValue: 512.8059
06-11 10:34:37.771  3189  6314 I AICCTModule: AICurveModel: findPointByX x:13.430972, rightPoint:Point:(13.44, 6882.164, 6882.164)
06-11 10:34:37.771  3189  6314 I AICCTModule: AICurveModel: StablePoints has no dragSplineLine
06-11 10:34:37.771  3189  6314 I AICCTModule: AICurveModel: findPointByY y:6855.932, rightPoint:Point:(13.41, 6855.932, 6855.932)
06-11 10:34:37.772  3189  6314 I AICCTModule: AICurveModel: findPointByY y:6855.932, rightPoint:Point:(13.41, 6855.932, 6855.932)
06-11 10:34:37.772  3189  6314 I AICCTModule: AICurveModel: findPointByY y:6855.932, rightPoint:Point:(13.41, 6855.932, 6855.932)
06-11 10:34:37.772  3189  6314 I AICCTModule: AICurveModel: StablePoints y1Left:6855.932, y2Left:0.0, leftY:6855.932
06-11 10:34:37.773  3189  6314 I AICCTModule: AICurveModel: findPointByY y:6855.932, rightPoint:Point:(13.41, 6855.932, 6855.932)
06-11 10:34:37.773  3189  6314 I AICCTModule: AICurveModel: findPointByY y:6855.932, rightPoint:Point:(13.41, 6855.932, 6855.932)
06-11 10:34:37.773  3189  6314 I AICCTModule: AICurveModel: getNextPoint isLargeChange, 6464.159, 6882.164
06-11 10:34:37.774  3189  6314 I AICCTModule: AICurveModel: handleUpdateCCT cct change from:(6416.010742,6855.932129)->(6464.159180,6882.164063),curPoint(6464.159180,6882.164063),stablePoint=LeftLarge(6416.0107,6855.932)-RightLarge(6416.0107,6855.932),LeftSmall(6416.0107,6855.932)-RightSmall(6416.0107,6855.932),TLSmall(6416.0107,6855.932)-TRSmall(6416.0107,6855.932)
06-11 10:34:37.774  3189  6314 I AICCTModule: AICurveModel: onTargetCCTChange cct change to 6882.164
06-11 10:34:37.884  1656  5403 I vendor.qti.bluetooth@1.0-ibs_handler: [ibs_handler.cpp:778] ProcessIbsCmd: Received IBS_WAKE_IND: 0xFD
06-11 10:34:37.884  1656  5403 D vendor.qti.bluetooth@1.0-ibs_handler: [ibs_handler.cpp:372] SerialClockVote: vote for UART CLK ON
06-11 10:34:37.885  1656  5403 D vendor.qti.bluetooth@1.0-wake_lock: [wake_lock.cpp:135] Acquire wakelock is acquired 
06-11 10:34:37.885  1656  5403 I vendor.qti.bluetooth@1.0-ibs_handler: [ibs_handler.cpp:795] ProcessIbsCmd: Writing IBS_WAKE_ACK
06-11 10:34:37.926  1656  5403 I vendor.qti.bluetooth@1.0-ibs_handler: [ibs_handler.cpp:825] ProcessIbsCmd: Received IBS_SLEEP_IND: 0xFE
06-11 10:34:37.927  1656  5403 D vendor.qti.bluetooth@1.0-ibs_handler: [ibs_handler.cpp:391] SerialClockVote: vote for UART CLK OFF
06-11 10:34:37.966  1667 15952 I sensors-hal: handle_oplus_wise_rgb_event:230, wise_rgb:algo_type = 3
06-11 10:34:37.966  1667 15952 I sensors-hal: handle_oplus_wise_rgb_event:285, wise_rgb: raw_lux 519.056641, raw_cct 6391.545898, r/g/b/c: 41133.140625/36417.300781/20417.111328/91358.296875, R/G/B: 0.000000/0.000000/0.000000, brl 1529.000000, lux: 519.056641, cct: 6391.545898, ts 242675283342395, cnt 4035
06-11 10:34:37.980  1699  1958 D IRIS_LOG_SERV: panelReadWrite: type 255 set color matrix
06-11 10:34:37.980  1699  2116 D IRIS_LOG_SERV: InternalConfig: 191 0
06-11 10:34:37.980  1699  2116 D IRIS_LOG_SERV: InternalConfig: 191 0 ret: 0
06-11 10:34:37.984  3189  3765 V AlarmManager: sending alarm Alarm{d86f3b9 type 3 origWhen 242675310 whenElapsed 242675310 android} uid 1000 whenElapsed 242675310 windowLength 0 maxWhenElapsed 242675310 repeatInterval 0 action null component null tag *job.delay* flags 0x0 procName system_server
06-11 10:34:37.987 19629 19629 D WM-DelayedWorkTracker: Scheduling work e118f6da-e875-4d19-8206-3860f99dc31c
06-11 10:34:37.987 19629 19629 D WM-GreedyScheduler: Starting tracking for e118f6da-e875-4d19-8206-3860f99dc31c
06-11 10:34:37.988 19629 19735 D WM-ConstraintTracker: c: initial state = true
06-11 10:34:37.988 19629 19735 D WM-BrdcstRcvrCnstrntTrc: c: registering receiver
06-11 10:34:37.991 19629 19735 D WM-GreedyScheduler: Constraints met: Scheduling work ID WorkGenerationalId(workSpecId=e118f6da-e875-4d19-8206-3860f99dc31c, generation=0)
06-11 10:34:37.993 19629 19735 D WM-Processor: s: processing WorkGenerationalId(workSpecId=e118f6da-e875-4d19-8206-3860f99dc31c, generation=0)
06-11 10:34:37.994 19629 19629 D WM-WorkerWrapper: Starting work for com.oplus.oss.bussiness.localapp.work.LocalAppOneTimeWorker
06-11 10:34:37.994 19629 26839 I DMP-AppInitializer: isAppAvailable for work, caller: null
06-11 10:34:37.995 19629 26839 I DMP-OFreezeProtectWorker: takeProtectionFromFrozen, no need to protect
06-11 10:34:37.995 19629 26839 I DMP-AbstractWorker: parseData, resource: localApp, method1:onReceive, work: onReceiveWork, extras: Bundle[{action=android.intent.action.PACKAGE_REPLACED, package=com.earthengine.minimalglobe}], initIndexCount:5000
06-11 10:34:37.995 19629 26839 I DMP-AbstractWorker: doWork started, resource: localApp, method3:onReceive, work:Work{mWorkName=onReceiveWork, mWorkTerm=long, mReportId=false, mCreate=Create{mIndexStatus=null, mQueryTime=0, mInterval=0, mDeletedDocs=null, mNeedRebuildFlag=0, mIndexCheckFlag=false, mDrop=null, mHighTemperature=50, mMinPower=null, mScreen=null, mDeletedConditions=null}, mEntry=null, mMoreBatch=null, mChained=true, mInitialDelay=10, mWorkOneTimeLimit=0}
06-11 10:34:37.997 19629 19698 E FileStrategy: java.io.IOException: Read-only file system
06-11 10:34:37.997  1699  1958 D IRIS_LOG_SERV: panelReadWrite: type 255 set color matrix
06-11 10:34:37.998 19629 26839 I DMP-PowerUtils: getHoraeTemperature:36
06-11 10:34:37.998 19629 26839 I DMP-AbstractWorker: dispatchWork: onReceiveWork for [localApp]
06-11 10:34:37.998  1699  2116 D IRIS_LOG_SERV: InternalConfig: 191 0
06-11 10:34:37.998  1699  2116 D IRIS_LOG_SERV: InternalConfig: 191 0 ret: 0
06-11 10:34:37.998 19629 26839 I DMP-SAUWorkConfigManager: sau work config not found
06-11 10:34:37.999 19629 26839 I DMP-PowerUtils: getHoraeTemperature:36
06-11 10:34:37.999 19629 26839 I DMP-PowerUtils: battery status: BATTERY_STATUS_FULL(5)
06-11 10:34:37.999 19629 26839 I DMP-AbstractDataCollector: getQuotaRecord ignored
06-11 10:34:38.008 19629 19629 D WM-SystemJobService: onStartJob for WorkGenerationalId(workSpecId=e118f6da-e875-4d19-8206-3860f99dc31c, generation=0)
06-11 10:34:38.008 19629 19728 D WM-Processor: Work WorkGenerationalId(workSpecId=e118f6da-e875-4d19-8206-3860f99dc31c, generation=0) is already enqueued for processing
06-11 10:34:38.022  3189  3980 D ShortcutService: Getting shortcuts for launcher= androiduserId=0 pkg=com.earthengine.minimalglobe
06-11 10:34:38.022  3189  3980 D ShortcutService: getShortcutsInnerLocked() returned empty results because com.earthengine.minimalglobe isn't loaded
06-11 10:34:38.023 19629 26839 W DMP-SqliteStoreFieldHandler: HighlightHandler no config
06-11 10:34:38.024 19629 26839 I DMP-IndexWriter: update records size:1
06-11 10:34:38.024 19629 26839 I DMP-IndexWriter: add records size:1
06-11 10:34:38.024 19629 26839 I DMP-FileReader: createCache resId:6
06-11 10:34:38.025 19629 26839 I DMP-SqliteIndexBuilder: save
06-11 10:34:38.047 19629 26839 I DMP-DeletedMetaInfoTableAdapter: add number of docs:275, docIDs:[1271, 1372, 1373, 1374, 1375, 1376, 1377, 1378, 1379, 1380, 1381, 1382, 1383, 1384, 1385, 1386, 1387, 1388, 1389, 1390, 1391, 1392, 1393, 1394, 1395, 1396, 1397, 1398, 1399, 1400, 1401, 1402, 1403, 1404, 1405, 1406, 1407, 1408, 1409, 1410, 1411, 1412, 1413, 1414, 1415, 1416, 1417, 1418, 1419, 1420, 1421, 1422, 1423, 1424, 1425, 1426, 1427, 1428, 1429, 1430, 1432, 1433, 1434, 1435, 1436, 1437, 1438, 1439, 1440, 1441, 1442, 1443, 1444, 1445, 1446, 1447, 1448, 1449, 1450, 1451, 1452, 1453, 1454, 1455, 1456, 1457, 1458, 1459, 1460, 1461, 1462, 1463, 1464, 1465, 1466, 1467, 1468, 1469, 1470, 1471, 1472, 1473, 1474, 1475, 1476, 1477, 1478, 1479, 1480, 1481, 1482, 1483, 1484, 1485, 1486, 1487, 1488, 1489, 1490, 1491, 1492, 1493, 1494, 1495, 1496, 1497, 1498, 1499, 1500, 1501, 1502, 1503, 1504, 1505, 1506, 1507, 1508, 1509, 1510, 1511, 1512, 1513, 1514, 1515, 1516, 1517, 1518, 1519, 1520, 1521, 1522, 1523, 1524, 1525, 1526, 1527, 1528, 1529, 1530, 1531, 1532, 1533, 1534, 1535, 1536, 1537, 1538, 1539, 1540, 1542, 1543, 1544, 1545, 1546, 1547, 1548, 1549, 1550, 1551, 1552, 1553, 1554, 1555, 1556, 1557, 1558, 1559, 1560, 1561, 1562, 1563, 1564, 1565, 1566, 1567, 1568, 1569, 1570, 1571, 1572, 1573, 1574, 1575, 1576, 1577, 1578, 1579, 1580, 1581, 1582, 1583, 1584, 1585, 1586, 1587, 1588, 1589, 1590, 1591, 1592, 1593, 1594, 1595, 1596, 1597, 1598, 1599, 1600, 1601, 1602, 1603, 1604, 1605, 1606, 1607, 1608, 1609, 1610, 1611, 1612, 1613, 1614, 1615, 1616, 1617, 1618, 1619, 1620, 1621, 1622, 1623, 1624, 1625, 1626, 1627, 1628, 1629, 1630, 1631, 1632, 1633, 1634, 1635, 1636, 1637, 1638, 1639, 1640, 1641, 1642, 1643, 1644, 1645, 1646, 1647]
06-11 10:34:38.057 19629 26839 I DMP-FileReader: clearCache resId:6
06-11 10:34:38.057 19629 26839 I DMP-FileReader: clearCache resId:6
06-11 10:34:38.077  1656  5071 D vendor.qti.bluetooth@1.0-wake_lock: [wake_lock.cpp:158] Release wakelock is released 
06-11 10:34:38.081  4639  8246 D CommonApp-194-10602: transport layer data is invalid
06-11 10:34:38.082  4639  8246 D ScorePolicy: handleScoreChanged: []
06-11 10:34:38.082  4639  8246 D ScorePolicy: handleScoreChanged: []
06-11 10:34:38.082  4639  8246 D ScorePolicy: handleScoreChanged: []
06-11 10:34:38.082 19629 26839 I DMP-AbstractWorker: setIndexFailCount method:onReceive, count:0, all:initResource=0,onReceive=0,rearrange=0,dailyTask=0
06-11 10:34:38.083 19629 26839 I DMP-AbstractWorker: doWork finished, resource: localApp, method5:onReceive, work:Work{mWorkName=onReceiveWork, mWorkTerm=long, mReportId=false, mCreate=Create{mIndexStatus=null, mQueryTime=0, mInterval=0, mDeletedDocs=null, mNeedRebuildFlag=0, mIndexCheckFlag=false, mDrop=null, mHighTemperature=50, mMinPower=null, mScreen=null, mDeletedConditions=null}, mEntry=null, mMoreBatch=null, mChained=true, mInitialDelay=10, mWorkOneTimeLimit=0}
06-11 10:34:38.083 19629 26839 I DMP-IndexEventManager: addEvent:InternalIndexEvent{mEvent=null, mEventTime=null, mEventData=null, mEventDropReason=null, mResource=null, mWork=null, mWorkId=e118f6da-e875-4d19-8206-3860f99dc31c, mWorkTime=1781145278, mCursorSize=null, mResult=0}
06-11 10:34:38.083 19629 26839 I DMP-IndexEventManager: addInternalEvent:result=0 workId=e118f6da-e875-4d19-8206-3860f99dc31c workTime=1781145278
06-11 10:34:38.084 19629 26839 I DMP-IndexEventManager: addInternalEvent update:0
06-11 10:34:38.084 19629 26839 I DMP-IndexEventManager: addInternalEvent insert:6530
06-11 10:34:38.084 19629 26839 I DMP-FrozenHelper: deleteKeepRequest, no more quest
06-11 10:34:38.085 19629 19710 I WM-WorkerWrapper: Worker result SUCCESS for Work [ id=e118f6da-e875-4d19-8206-3860f99dc31c, tags={ com.oplus.oss.bussiness.localapp.work.LocalAppOneTimeWorker,localApp_onReceive__OneTimeWork,onReceiveWork } ]
06-11 10:34:38.086 19629 19710 I WM-WorkerWrapper: Setting status to enqueued for 7780f147-2302-457f-97a3-33cf31e3bc7d
06-11 10:34:38.086 19629 19629 D WM-Processor: s e118f6da-e875-4d19-8206-3860f99dc31c executed; reschedule = false
06-11 10:34:38.087 19629 19629 D WM-GreedyScheduler: Stopping tracking for WorkGenerationalId(workSpecId=e118f6da-e875-4d19-8206-3860f99dc31c, generation=0)
06-11 10:34:38.087 19629 19629 D WM-SystemJobService: e118f6da-e875-4d19-8206-3860f99dc31c executed on JobScheduler
06-11 10:34:38.088 19629 19710 D WM-GreedyScheduler: Cancelling work ID e118f6da-e875-4d19-8206-3860f99dc31c
06-11 10:34:38.089 19629 19710 D WM-SystemJobScheduler: Scheduling work ID 7780f147-2302-457f-97a3-33cf31e3bc7dJob ID 4793
06-11 10:34:38.094  3189  5627 W JobScheduler: Job didn't exist in JobStore: #com.oplus.dmp/4791
06-11 10:34:38.095 19629 19629 D WM-SystemJobService: onStopJob for WorkGenerationalId(workSpecId=e118f6da-e875-4d19-8206-3860f99dc31c, generation=0)
06-11 10:34:38.095 19629 19710 D WM-GreedyScheduler: Starting tracking for b396bfa0-99de-4304-b67b-286adc364ab0
06-11 10:34:38.096 19629 19629 D WM-DelayedWorkTracker: Scheduling work b396bfa0-99de-4304-b67b-286adc364ab0
06-11 10:34:38.096 19629 19710 D WM-BrdcstRcvrCnstrntTrc: c: unregistering receiver
06-11 10:34:38.096 19629 19629 D WM-GreedyScheduler: Starting tracking for b396bfa0-99de-4304-b67b-286adc364ab0
06-11 10:34:38.108 19629 19710 D WM-ConstraintTracker: c: initial state = true
06-11 10:34:38.108 19629 19710 D WM-BrdcstRcvrCnstrntTrc: c: registering receiver
06-11 10:34:38.108 19629 19710 D WM-GreedyScheduler: Constraints met: Scheduling work ID WorkGenerationalId(workSpecId=b396bfa0-99de-4304-b67b-286adc364ab0, generation=0)
06-11 10:34:38.109 19629 19710 D WM-Processor: s: processing WorkGenerationalId(workSpecId=b396bfa0-99de-4304-b67b-286adc364ab0, generation=0)
06-11 10:34:38.110 19629 19629 D WM-WorkerWrapper: Starting work for com.oplus.oss.bussiness.unifiedserviceinvocation.work.UnifiedServiceInvocationOneTimeWorker
06-11 10:34:38.110 19629 26839 I DMP-AppInitializer: isAppAvailable for work, caller: null
06-11 10:34:38.110 19629 26839 I DMP-OFreezeProtectWorker: takeProtectionFromFrozen, no need to protect
06-11 10:34:38.110 19629 26839 I DMP-AbstractWorker: parseData, resource: standard_data#unified_service_invocation, method1:onReceive, work: onReceiveWork, extras: Bundle[{action=android.intent.action.PACKAGE_REPLACED, package=com.earthengine.minimalglobe}], initIndexCount:5000
06-11 10:34:38.110 19629 26839 I DMP-AbstractWorker: doWork started, resource: standard_data#unified_service_invocation, method3:onReceive, work:Work{mWorkName=onReceiveWork, mWorkTerm=long, mReportId=false, mCreate=Create{mIndexStatus=null, mQueryTime=0, mInterval=0, mDeletedDocs=null, mNeedRebuildFlag=0, mIndexCheckFlag=false, mDrop=null, mHighTemperature=50, mMinPower=null, mScreen=null, mDeletedConditions=null}, mEntry=null, mMoreBatch=null, mChained=true, mInitialDelay=10, mWorkOneTimeLimit=0}
06-11 10:34:38.111 19629 26839 I DMP-PowerUtils: getHoraeTemperature:36
06-11 10:34:38.111 19629 26839 I DMP-AbstractWorker: dispatchWork: onReceiveWork for [standard_data#unified_service_invocation]
06-11 10:34:38.111 19629 26839 I DMP-SAUWorkConfigManager: sau work config not found
06-11 10:34:38.112 19629 26839 I DMP-PowerUtils: getHoraeTemperature:36
06-11 10:34:38.112 19629 26839 I DMP-PowerUtils: battery status: BATTERY_STATUS_FULL(5)
06-11 10:34:38.112 19629 26839 I DMP-AbstractDataCollector: getQuotaRecord ignored
06-11 10:34:38.112 19629 26839 W DMP-UnifiedServiceInvocationDataCollector: collectOnDiff no data:com.oplus.oss.bussiness.general.datacollector.b@b4e06d2
06-11 10:34:38.112 19629 26839 I DMP-AbstractWorker: size of addDataRecords: 0
06-11 10:34:38.112 19629 26839 I DMP-AbstractWorker: size of updateDataRecords: 0
06-11 10:34:38.113 19629 26839 I DMP-AbstractWorker: setIndexFailCount method:onReceive, count:0, all:initResource=0,onReceive=0,dailyTask=0
06-11 10:34:38.116 19629 26839 I DMP-AbstractWorker: doWork finished, resource: standard_data#unified_service_invocation, method5:onReceive, work:Work{mWorkName=onReceiveWork, mWorkTerm=long, mReportId=false, mCreate=Create{mIndexStatus=null, mQueryTime=0, mInterval=0, mDeletedDocs=null, mNeedRebuildFlag=0, mIndexCheckFlag=false, mDrop=null, mHighTemperature=50, mMinPower=null, mScreen=null, mDeletedConditions=null}, mEntry=null, mMoreBatch=null, mChained=true, mInitialDelay=10, mWorkOneTimeLimit=0}
06-11 10:34:38.116 19629 26839 I DMP-IndexEventManager: addEvent:InternalIndexEvent{mEvent=null, mEventTime=null, mEventData=null, mEventDropReason=null, mResource=null, mWork=null, mWorkId=b396bfa0-99de-4304-b67b-286adc364ab0, mWorkTime=1781145278, mCursorSize=null, mResult=0}
06-11 10:34:38.116 19629 26839 I DMP-IndexEventManager: addInternalEvent:result=0 workId=b396bfa0-99de-4304-b67b-286adc364ab0 workTime=1781145278
06-11 10:34:38.117 19629 26839 I DMP-IndexEventManager: addInternalEvent update:0
06-11 10:34:38.118 19629 26839 I DMP-IndexEventManager: addInternalEvent insert:6531
06-11 10:34:38.118 19629 26839 I DMP-FrozenHelper: deleteKeepRequest, no more quest
06-11 10:34:38.119 19629 19731 I WM-WorkerWrapper: Worker result SUCCESS for Work [ id=b396bfa0-99de-4304-b67b-286adc364ab0, tags={ com.oplus.oss.bussiness.unifiedserviceinvocation.work.UnifiedServiceInvocationOneTimeWorker,standard_data#unified_service_invocation_onReceive__OneTimeWork,onReceiveWork } ]
06-11 10:34:38.123 19629 19731 I WM-WorkerWrapper: Setting status to enqueued for 5fc05ece-f205-4552-be8e-9b9555291d41
06-11 10:34:38.125 19629 19629 D WM-Processor: s b396bfa0-99de-4304-b67b-286adc364ab0 executed; reschedule = false
06-11 10:34:38.125 19629 19629 D WM-GreedyScheduler: Stopping tracking for WorkGenerationalId(workSpecId=b396bfa0-99de-4304-b67b-286adc364ab0, generation=0)
06-11 10:34:38.127 19629 19710 D WM-GreedyScheduler: Cancelling work ID b396bfa0-99de-4304-b67b-286adc364ab0
06-11 10:34:38.129 19629 19710 D WM-SystemJobScheduler: Scheduling work ID 5fc05ece-f205-4552-be8e-9b9555291d41Job ID 4794
06-11 10:34:38.130 19629 19710 D WM-BrdcstRcvrCnstrntTrc: c: unregistering receiver
06-11 10:34:38.166  1667 15952 I sensors-hal: handle_oplus_wise_rgb_event:230, wise_rgb:algo_type = 3
06-11 10:34:38.166  1667 15952 I sensors-hal: handle_oplus_wise_rgb_event:285, wise_rgb: raw_lux 516.154175, raw_cct 6394.674805, r/g/b/c: 41096.148438/36283.585938/20416.251953/91517.070312, R/G/B: 0.000000/0.000000/0.000000, brl 1529.000000, lux: 516.154175, cct: 6394.674805, ts 242675483303905, cnt 4036
06-11 10:34:38.198  3189  3251 W SettingsProvider: notifyForSettingsChange delay for eyeprotect_display_cct, value: 6882, delta: 0, lastNotifyTimestamp: 200771920, minInterval: 10
06-11 10:34:38.232  1800  1924 D BatteryChargeControl: bcc get no support from charging protocol
06-11 10:34:38.238  3189  3610 D osense.compress: com.coloros.shortcuts do shrink, target ratio = 80, final ratio = 90, cur ratio = 71
06-11 10:34:38.365  1667 15952 I sensors-hal: handle_oplus_wise_rgb_event:230, wise_rgb:algo_type = 3
06-11 10:34:38.365  1667 15952 I sensors-hal: handle_oplus_wise_rgb_event:285, wise_rgb: raw_lux 522.376953, raw_cct 6325.536133, r/g/b/c: 41036.281250/36272.136719/20234.648438/91311.351562, R/G/B: 0.000000/0.000000/0.000000, brl 1529.000000, lux: 522.376953, cct: 6325.536133, ts 242675683093436, cnt 4037
