--------- beginning of main
06-11 10:35:11.097 27947 16635 I GameSpaceUI.MixUtils: getCardInfoList  version = 4
06-11 10:35:11.098 27947  1541 I GameSpaceUI.COSASDKManager: getSupportFeatureList cache = [command_disable_additional_functions, command_write_brightness, command_mute_game, command_package_mark_as_game, command_package_mark_as_non_game, command_request_brightness_max, command_game_focus_mode, command_lightning_start, command_lightning_start_preload, command_hand_handle_adjustment, command_support_king_of_glory_bp, command_support_gpa_2_1, command_adfr_state, command_support_mark_game, oplus.intelligent.anti.touch.feature, command_set_performance_new, command_multi_touch_rate, command_auto_performance]
06-11 10:35:11.098 27947  1541 I GameSpaceUI.COSASDKManager: acquireCOSAAppInfoListFromCOSA isInGame=false
06-11 10:35:11.098  9703 11380 D CloudConfig_stgyHelper: mspVersionCanSupport mspKitVersion : 2021620
06-11 10:35:11.098 11267 29225 W DesktopRedHotUtils: add not launch gamecenter redhot
06-11 10:35:11.098 11267 29225 W bigPlayer: isExistsBigPlayerModule:true
06-11 10:35:11.098 11267 29225 W bigPlayer: enterGameCenterTime:1781145311098, needShowModuleRedHotNum:false
06-11 10:35:11.098 11267 29225 W DesktopRedHotUtils: remove new user station redhot
06-11 10:35:11.099  9703 11380 D CloudConfig_stgyHelper: getSupportKitMode strategyEntity : StrategyEntity(sdkInterval=1800000, strategyMode=1, minSDKVersion=1000, minKitVersion=2014122, validReqPeriod=7200000, maxReqProduct=100, forceKitIfKit=false, backoff=120000, enable=true, defaultLimit=RateLimitConfig{maxCalls=1, timeWindowSeconds=7200, callIntervalSeconds=0}, productLimits={56589=RateLimitConfig{maxCalls=1, timeWindowSeconds=7200, callIntervalSeconds=0}, 50351=RateLimitConfig{maxCalls=1, timeWindowSeconds=7200, callIntervalSeconds=0}, safe-jsApi_2003=RateLimitConfig{maxCalls=1, timeWindowSeconds=7200, callIntervalSeconds=0}, compass_20214=RateLimitConfig{maxCalls=1, timeWindowSeconds=7200, callIntervalSeconds=0}, compass_20100=RateLimitConfig{maxCalls=1, timeWindowSeconds=7200, callIntervalSeconds=0}, 54883=RateLimitConfig{maxCalls=1, timeWindowSeconds=7200, callIntervalSeconds=0}, global-domain_1281=RateLimitConfig{maxCalls=1, timeWindowSeconds=7200, callIntervalSeconds=0}, compass_131500=RateLimitConfig{maxCalls=1, timeWindowSeconds=7200, callIntervalSeconds=0}, compass_134200=RateLimitConfig{maxCalls=1, timeWindowSeconds=7200, callIntervalSeconds=0}})
06-11 10:35:11.099  9703 11380 D CloudConfig_stgyHelper: getSupportKitMode localSdkVersion : 1224
06-11 10:35:11.099 11267 29225 W gamecenter_check_upgrade: isBrandOsV3 setAppBadgeCount, cnt = 13
06-11 10:35:11.099 11267 29225 W gamecenter_check_upgrade: badgeCount does not change return !13_13
06-11 10:35:11.099  9703 11380 D CloudConfig_stgyHelper: mspVersionCanSupport mspKitVersion : 2021620
06-11 10:35:11.099  9703 11380 D CloudConfig_stgyHelper: getSupportKitMode strategyEntity : StrategyEntity(sdkInterval=1800000, strategyMode=1, minSDKVersion=1000, minKitVersion=2014122, validReqPeriod=7200000, maxReqProduct=100, forceKitIfKit=false, backoff=120000, enable=true, defaultLimit=RateLimitConfig{maxCalls=1, timeWindowSeconds=7200, callIntervalSeconds=0}, productLimits={56589=RateLimitConfig{maxCalls=1, timeWindowSeconds=7200, callIntervalSeconds=0}, 50351=RateLimitConfig{maxCalls=1, timeWindowSeconds=7200, callIntervalSeconds=0}, safe-jsApi_2003=RateLimitConfig{maxCalls=1, timeWindowSeconds=7200, callIntervalSeconds=0}, compass_20214=RateLimitConfig{maxCalls=1, timeWindowSeconds=7200, callIntervalSeconds=0}, compass_20100=RateLimitConfig{maxCalls=1, timeWindowSeconds=7200, callIntervalSeconds=0}, 54883=RateLimitConfig{maxCalls=1, timeWindowSeconds=7200, callIntervalSeconds=0}, global-domain_1281=RateLimitConfig{maxCalls=1, timeWindowSeconds=7200, callIntervalSeconds=0}, compass_131500=RateLimitConfig{maxCalls=1, timeWindowSeconds=7200, callIntervalSeconds=0}, compass_134200=RateLimitConfig{maxCalls=1, timeWindowSeconds=7200, callIntervalSeconds=0}})
06-11 10:35:11.099  9703 11380 D CloudConfig_stgyHelper: getSupportKitMode localSdkVersion : 1224
06-11 10:35:11.100 26764 27298 I WeatherS_WeatherCommonServiceProxy: parseWeatherToAttentWeatherInfo currentTemp: 22
06-11 10:35:11.100 10084 30254 D PermissionService: onHandleIntent, action=action.PACKAGE_REPLACED current user: 0, addedStageProtectInfo=false
06-11 10:35:11.100  9703 27357 I MSP-LOG-SDK-MspSdk: Sdk has initialized! version:2.0.1.14
06-11 10:35:11.100  9703 27360 I MSP-LOG-SDK-MspSdk: Sdk has initialized! version:2.0.1.14
06-11 10:35:11.100  9703 27352 I MSP-LOG-SDK-MspSdk: Sdk has initialized! version:2.0.1.14
06-11 10:35:11.100 26764 27298 I WeatherS_SharedUtil: tryCheckLocWeatherAndSend sLastSendResult is 202.
06-11 10:35:11.100  9703 27357 E MSP-LOG-SDK-RateLimitManager: not_allow_invoke because of time_window_not_allow queue = [1781143250911], config = RateLimitConfig{maxCalls=1, timeWindowSeconds=7200, callIntervalSeconds=0}, ipcInvokeTimeQueueMapKey = com.heytap.nearx.tangramconfig.kit.client.ICloudCtrlServiceModule?@?56589?@?2?@?com.heytap.quicksearchbox, has already call 1 times in 7200 seconds before
06-11 10:35:11.101  9703 27357 E MSP-LOG-SDK-: MspSdkException{code=3014,message=com.heytap.mspsdk.ratelimit.MspRateLimitExceededException: ipc rate limit exceeded in time window}
06-11 10:35:11.101  9703 27357 E MSP-LOG-SDK-: 	at com.heytap.mspsdk.ratelimit.b.a(RateLimitInterceptor.java:54)
06-11 10:35:11.101  9703 27357 E MSP-LOG-SDK-: 	at com.heytap.mspsdk.interceptor.b.b(StandardListChain.java:32)
06-11 10:35:11.101  9703 27357 E MSP-LOG-SDK-: 	at com.heytap.mspsdk.proxy.b.a(CompatCheckInterceptor.java:182)
06-11 10:35:11.101  9703 27357 E MSP-LOG-SDK-: 	at com.heytap.mspsdk.interceptor.b.b(StandardListChain.java:32)
06-11 10:35:11.101  9703 27357 E MSP-LOG-SDK-: 	at com.heytap.mspsdk.proxy.e.invoke(InnerInvocationHandler.java:261)
06-11 10:35:11.101  9703 27357 E MSP-LOG-SDK-: 	at java.lang.reflect.Proxy.invoke(Proxy.java:1006)
06-11 10:35:11.101  9703 27357 E MSP-LOG-SDK-: 	at $Proxy31.getConfigData(Unknown Source)
06-11 10:35:11.101  9703 27357 E MSP-LOG-SDK-: 	at com.heytap.nearx.tangramconfig.kit.client.KitProxy.getConfigData$lambda$1(KitProxy.kt:29)
06-11 10:35:11.101  9703 27357 E MSP-LOG-SDK-: 	at com.heytap.nearx.tangramconfig.kit.client.KitProxy.c(KitProxy.kt:1)
06-11 10:35:11.101  9703 27357 E MSP-LOG-SDK-: 	at com.heytap.nearx.tangramconfig.kit.client.c.run(R8$$SyntheticClass:42)
06-11 10:35:11.101  9703 27357 E MSP-LOG-SDK-: 	at java.util.concurrent.ThreadPoolExecutor.runWorker(ThreadPoolExecutor.java:1156)
06-11 10:35:11.101  9703 27357 E MSP-LOG-SDK-: 	at java.util.concurrent.ThreadPoolExecutor$Worker.run(ThreadPoolExecutor.java:651)
06-11 10:35:11.101  9703 27357 E MSP-LOG-SDK-: 	at java.lang.Thread.run(Thread.java:1119)
06-11 10:35:11.101  9703 27357 I MSP-LOG-SDK-MspSdk: Sdk has initialized! version:2.0.1.14
06-11 10:35:11.101  3189  5976 I system_server: AssetManager2(0xb4000079162fa428) locale list changing from [] to [zh-CN]
06-11 10:35:11.101  9703 27360 E MSP-LOG-SDK-RateLimitManager: not_allow_invoke because of time_window_not_allow queue = [1781143250916], config = RateLimitConfig{maxCalls=1, timeWindowSeconds=21600, callIntervalSeconds=0}, ipcInvokeTimeQueueMapKey = com.heytap.nearx.tangramconfig.kit.client.ICloudCtrlServiceModule?@?56589?@?1?@?com.heytap.quicksearchbox, has already call 1 times in 21600 seconds before
06-11 10:35:11.101  9703 27352 E MSP-LOG-SDK-RateLimitManager: not_allow_invoke because of time_window_not_allow queue = [1781143250917], config = RateLimitConfig{maxCalls=1, timeWindowSeconds=7200, callIntervalSeconds=0}, ipcInvokeTimeQueueMapKey = com.heytap.nearx.tangramconfig.kit.client.ICloudCtrlServiceModule?@?56589?@?4?@?com.heytap.quicksearchbox, has already call 1 times in 7200 seconds before
06-11 10:35:11.101  9703 27357 E MSP-LOG-SDK-RateLimitManager: not_allow_invoke because of time_window_not_allow queue = [1781143250916], config = RateLimitConfig{maxCalls=1, timeWindowSeconds=21600, callIntervalSeconds=0}, ipcInvokeTimeQueueMapKey = com.heytap.nearx.tangramconfig.kit.client.ICloudCtrlServiceModule?@?56589?@?1?@?com.heytap.quicksearchbox, has already call 1 times in 21600 seconds before
06-11 10:35:11.101  9703 27352 E MSP-LOG-SDK-: MspSdkException{code=3014,message=com.heytap.mspsdk.ratelimit.MspRateLimitExceededException: ipc rate limit exceeded in time window}
06-11 10:35:11.101  9703 27352 E MSP-LOG-SDK-: 	at com.heytap.mspsdk.ratelimit.b.a(RateLimitInterceptor.java:54)
06-11 10:35:11.101  9703 27352 E MSP-LOG-SDK-: 	at com.heytap.mspsdk.interceptor.b.b(StandardListChain.java:32)
06-11 10:35:11.101  9703 27352 E MSP-LOG-SDK-: 	at com.heytap.mspsdk.proxy.b.a(CompatCheckInterceptor.java:182)
06-11 10:35:11.101  9703 27352 E MSP-LOG-SDK-: 	at com.heytap.mspsdk.interceptor.b.b(StandardListChain.java:32)
06-11 10:35:11.101  9703 27352 E MSP-LOG-SDK-: 	at com.heytap.mspsdk.proxy.e.invoke(InnerInvocationHandler.java:261)
06-11 10:35:11.101  9703 27352 E MSP-LOG-SDK-: 	at java.lang.reflect.Proxy.invoke(Proxy.java:1006)
06-11 10:35:11.101  9703 27352 E MSP-LOG-SDK-: 	at $Proxy31.checkUpdateConfig(Unknown Source)
06-11 10:35:11.101  9703 27352 E MSP-LOG-SDK-: 	at com.heytap.nearx.tangramconfig.kit.client.KitProxy.checkUpdateConfig$lambda$3(KitProxy.kt:20)
06-11 10:35:11.101  9703 27352 E MSP-LOG-SDK-: 	at com.heytap.nearx.tangramconfig.kit.client.KitProxy.d(KitProxy.kt:1)
06-11 10:35:11.101  9703 27352 E MSP-LOG-SDK-: 	at com.heytap.nearx.tangramconfig.kit.client.e.run(R8$$SyntheticClass:30)
06-11 10:35:11.101  9703 27352 E MSP-LOG-SDK-: 	at java.util.concurrent.ThreadPoolExecutor.runWorker(ThreadPoolExecutor.java:1156)
06-11 10:35:11.101  9703 27352 E MSP-LOG-SDK-: 	at java.util.concurrent.ThreadPoolExecutor$Worker.run(ThreadPoolExecutor.java:651)
06-11 10:35:11.101  9703 27352 E MSP-LOG-SDK-: 	at java.lang.Thread.run(Thread.java:1119)
06-11 10:35:11.101  9703 27360 E MSP-LOG-SDK-: MspSdkException{code=3014,message=com.heytap.mspsdk.ratelimit.MspRateLimitExceededException: ipc rate limit exceeded in time window}
06-11 10:35:11.101  9703 27360 E MSP-LOG-SDK-: 	at com.heytap.mspsdk.ratelimit.b.a(RateLimitInterceptor.java:54)
06-11 10:35:11.101  9703 27360 E MSP-LOG-SDK-: 	at com.heytap.mspsdk.interceptor.b.b(StandardListChain.java:32)
06-11 10:35:11.101  9703 27360 E MSP-LOG-SDK-: 	at com.heytap.mspsdk.proxy.b.a(CompatCheckInterceptor.java:182)
06-11 10:35:11.101  9703 27360 E MSP-LOG-SDK-: 	at com.heytap.mspsdk.interceptor.b.b(StandardListChain.java:32)
06-11 10:35:11.101  9703 27360 E MSP-LOG-SDK-: 	at com.heytap.mspsdk.proxy.e.invoke(InnerInvocationHandler.java:261)
06-11 10:35:11.101  9703 27360 E MSP-LOG-SDK-: 	at java.lang.reflect.Proxy.invoke(Proxy.java:1006)
06-11 10:35:11.101  9703 27360 E MSP-LOG-SDK-: 	at $Proxy31.getDynamicCondition(Unknown Source)
06-11 10:35:11.101  9703 27360 E MSP-LOG-SDK-: 	at com.heytap.nearx.tangramconfig.kit.client.KitProxy.getDynamicCondition$lambda$0(KitProxy.kt:25)
06-11 10:35:11.101  9703 27360 E MSP-LOG-SDK-: 	at com.heytap.nearx.tangramconfig.kit.client.KitProxy.b(KitProxy.kt:1)
06-11 10:35:11.101  9703 27360 E MSP-LOG-SDK-: 	at com.heytap.nearx.tangramconfig.kit.client.b.run(R8$$SyntheticClass:28)
06-11 10:35:11.101  9703 27360 E MSP-LOG-SDK-: 	at java.util.concurrent.ThreadPoolExecutor.runWorker(ThreadPoolExecutor.java:1156)
06-11 10:35:11.101  9703 27360 E MSP-LOG-SDK-: 	at java.util.concurrent.ThreadPoolExecutor$Worker.run(ThreadPoolExecutor.java:651)
06-11 10:35:11.101  9703 27360 E MSP-LOG-SDK-: 	at java.lang.Thread.run(Thread.java:1119)
06-11 10:35:11.101  9703 27357 E MSP-LOG-SDK-: MspSdkException{code=3014,message=com.heytap.mspsdk.ratelimit.MspRateLimitExceededException: ipc rate limit exceeded in time window}
06-11 10:35:11.101  9703 27357 E MSP-LOG-SDK-: 	at com.heytap.mspsdk.ratelimit.b.a(RateLimitInterceptor.java:54)
06-11 10:35:11.101  9703 27357 E MSP-LOG-SDK-: 	at com.heytap.mspsdk.interceptor.b.b(StandardListChain.java:32)
06-11 10:35:11.101  9703 27357 E MSP-LOG-SDK-: 	at com.heytap.mspsdk.proxy.b.a(CompatCheckInterceptor.java:182)
06-11 10:35:11.101  9703 27357 E MSP-LOG-SDK-: 	at com.heytap.mspsdk.interceptor.b.b(StandardListChain.java:32)
06-11 10:35:11.101  9703 27357 E MSP-LOG-SDK-: 	at com.heytap.mspsdk.proxy.e.invoke(InnerInvocationHandler.java:261)
06-11 10:35:11.101  9703 27357 E MSP-LOG-SDK-: 	at java.lang.reflect.Proxy.invoke(Proxy.java:1006)
06-11 10:35:11.101  9703 27357 E MSP-LOG-SDK-: 	at $Proxy31.getDynamicCondition(Unknown Source)
06-11 10:35:11.101  9703 27357 E MSP-LOG-SDK-: 	at com.heytap.nearx.tangramconfig.kit.client.KitProxy.getDynamicCondition$lambda$0(KitProxy.kt:25)
06-11 10:35:11.101  9703 27357 E MSP-LOG-SDK-: 	at com.heytap.nearx.tangramconfig.kit.client.KitProxy.b(KitProxy.kt:1)
06-11 10:35:11.101  9703 27357 E MSP-LOG-SDK-: 	at com.heytap.nearx.tangramconfig.kit.client.b.run(R8$$SyntheticClass:28)
06-11 10:35:11.101  9703 27357 E MSP-LOG-SDK-: 	at java.util.concurrent.ThreadPoolExecutor.runWorker(ThreadPoolExecutor.java:1156)
06-11 10:35:11.101  9703 27357 E MSP-LOG-SDK-: 	at java.util.concurrent.ThreadPoolExecutor$Worker.run(ThreadPoolExecutor.java:651)
06-11 10:35:11.101  9703 27357 E MSP-LOG-SDK-: 	at java.lang.Thread.run(Thread.java:1119)
06-11 10:35:11.102 26764 26800 I WeatherS_WeatherCommonServiceProxy: getLocationCityAndUpdate  temp = 22 雨 1
06-11 10:35:11.102 26764 27233 E WeatherS_StatisticsUtils: recordLocateInterfaceCalled err:java.lang.NumberFormatException: For input string: "com.coloros.alarmclock"
06-11 10:35:11.102  3189  5976 V GrammaticalInflectionUtils: AttributionSource: android.content.AttributionSource@5204d5b8 does not have READ_SYSTEM_GRAMMATICAL_GENDER permission.
06-11 10:35:11.103 26764 27233 E WeatherS_StatisticsUtils: recordLocateInterfaceCalled err:java.lang.NumberFormatException: For input string: "com.coloros.alarmclock"
06-11 10:35:11.103 26764 26800 E WeatherS_WeatherCommonServiceProxy: getLocationCityAndUpdate  needUpdateWeatherInfo = true, isCallFromWeatherApp = false
06-11 10:35:11.103 27947 30253 I GameSpaceUI.gamespace_download_ui: application intent received: android.intent.action.PACKAGE_REPLACED, replacing=true
06-11 10:35:11.103 27947 30253 I GameSpaceUI.gamespace_download_ui:   --> package:com.earthengine.minimalglobe
06-11 10:35:11.104 27947 30253 I GameSpaceUI.gamespace_download_ui: doActionAddedOrReplaced data: package:com.earthengine.minimalglobe
06-11 10:35:11.106  7809  7809 I SafetyLabelChangedBroadcastReceiver: received broadcast packageName: com.earthengine.minimalglobe, current user: UserHandle{0}, packageChangeEvent: UPDATE, intent user: UserHandle{0}
06-11 10:35:11.106 10084 10084 D SystemAlertManager: receive pkg install:com.earthengine.minimalglobe
06-11 10:35:11.106 26764 26800 E WeatherS_LocalUtils: startAutoGetLocalCity bg location permission:true
06-11 10:35:11.107 11267 11267 W GameSpaceConnectManager: onEventRecieved, aEventId:203, data:com.earthengine.minimalglobe
06-11 10:35:11.109  1460 23496 W AppInfo : app info parse uri fail. uri: content://com.nearme.instant.platform.res/com.coloros.gamespaceui.quickapp.library/manifest.json##Throwable##java.io.FileNotFoundException: open failed: ENOENT (No such file or directory)
06-11 10:35:11.109  1460 23496 W AppInfo : 	at android.os.ParcelFileDescriptor.openInternal(ParcelFileDescriptor.java:356)
06-11 10:35:11.109  1460 23496 W AppInfo : 	at android.os.ParcelFileDescriptor.open(ParcelFileDescriptor.java:233)
06-11 10:35:11.109  1460 23496 W AppInfo : 	at org.hapjs.cache.CacheProvider.doOpenFile(SourceFile:56)
06-11 10:35:11.109  1460 23496 W AppInfo : 	at org.hapjs.AbstractContentProvider.openFile(SourceFile:4)
06-11 10:35:11.109  1460 23496 W AppInfo : 	at android.content.ContentProvider.openAssetFile(ContentProvider.java:2326)
06-11 10:35:11.109  1460 23496 W AppInfo : 	at org.hapjs.AbstractContentProvider.doOpenAssetFile(SourceFile:1)
06-11 10:35:11.109  1460 23496 W AppInfo : 	at org.hapjs.cache.CacheProvider.doOpenAssetFile(SourceFile:74)
06-11 10:35:11.109  1460 23496 W AppInfo : 	at org.hapjs.AbstractContentProvider.openAssetFile(SourceFile:4)
06-11 10:35:11.109  1460 23496 W AppInfo : 	at android.content.ContentProvider.openTypedAssetFile(ContentProvider.java:2504)
06-11 10:35:11.109  1460 23496 W AppInfo : 	at android.content.ContentProvider.openTypedAssetFile(ContentProvider.java:2571)
06-11 10:35:11.109  1460 23496 W AppInfo : 	at android.content.ContentProvider$Transport.openTypedAssetFile(ContentProvider.java:692)
06-11 10:35:11.109  1460 23496 W AppInfo : 	at android.content.ContentResolver.openTypedAssetFileDescriptor(ContentResolver.java:2097)
06-11 10:35:11.109  1460 23496 W AppInfo : 	at android.content.ContentResolver.openAssetFileDescriptor(ContentResolver.java:1912)
06-11 10:35:11.109  1460 23496 W AppInfo : 	at android.content.ContentResolver.openInputStream(ContentResolver.java:1582)
06-11 10:35:11.109  1460 23496 W AppInfo : 	at org.hapjs.model.AppInfo.fromUri(SourceFile:7)
06-11 10:35:11.109  1460 23496 W AppInfo : 	at org.hapjs.model.AppInfo.create(SourceFile:105)
06-11 10:35:11.109  1460 23496 W AppInfo : 	at org.hapjs.bridge.DefaultAppInfoProvider.create(SourceFile:1)
06-11 10:35:11.109  1460 23496 W AppInfo : 	at a.a.a.nl0.g(SourceFile:58)
06-11 10:35:11.109  1460 23496 W AppInfo : 	at a.a.a.nl0.e(SourceFile:2)
06-11 10:35:11.109  1460 23496 W AppInfo : 	at a.a.a.rp6.d(SourceFile:22)
06-11 10:35:11.109  1460 23496 W AppInfo : 	at a.a.a.rp6.c(SourceFile:52)
06-11 10:35:11.109  1460 23496 W AppInfo : 	at com.nearme.instant.card.SharedDataProvider.setOrUpdateSharedDataInner(SourceFile:48)
06-11 10:35:11.109  1460 23496 W AppInfo : 	at com.nearme.instant.card.SharedDataProvider.setOrUpdateSharedData(SourceFile:61)
06-11 10:35:11.109  1460 23496 W AppInfo : 	at com.nearme.instant.card.SharedDataProvider.doCall(SourceFile:46)
06-11 10:35:11.109  1460 23496 W AppInfo : 	at org.hapjs.AbstractContentProvider.call(SourceFile:4)
06-11 10:35:11.109  1460 23496 W AppInfo : 	at android.content.ContentProvider.call(ContentProvider.java:2773)
06-11 10:35:11.109  1460 23496 W AppInfo : 	at android.content.ContentProvider$Transport.call(ContentProvider.java:653)
06-11 10:35:11.109  1460 23496 W AppInfo : 	at android.content.ContentProviderNative.onTransact(ContentProviderNative.java:307)
06-11 10:35:11.109  1460 23496 W AppInfo : 	at android.os.Binder.execTransactInternal(Binder.java:1444)
06-11 10:35:11.109  1460 23496 W AppInfo : 	at android.os.Binder.execTransact(Binder.java:1378)
06-11 10:35:11.110  1460 23496 E PermissionVerifier: card rpk not exists
06-11 10:35:11.110  1460 23496 W PermissionVerifier: checkWritePermission writer: com.oplus.games not in rpk: com.coloros.gamespaceui.quickapp.library allowed list
06-11 10:35:11.110  1460 23496 W SharedDataProvider: setOrUpdateSharedData no permissions!
06-11 10:35:11.110 27947  1358 W GameSpaceUI.gs_DesktopCardServiceImpl: set assistant_game_icon_hide_switch_state = 0 success expire 86400000
06-11 10:35:11.111 27947  1358 I GameSpaceUI.TrackService: getPluginConfigAppId -1, currentPkgName: 
06-11 10:35:11.111  3189  5976 D OplusAlwaysAliveManager: remove previous task: 2806, ComponentInfo{com.earthengine.minimalglobe/com.earthengine.minimalglobe.MainActivity}
06-11 10:35:11.111  5227 11080 W mk_frozen: start short task:force_pkg
06-11 10:35:11.112  5227 11080 W mk_frozen: real start short task:force_pkg,isAuto:false
06-11 10:35:11.112 11083 11463 I PhoneManager.OplusVirusEngine: scanPackage() >>>>>>>>> 
06-11 10:35:11.113  3189  5976 D TaskOrganizerController: TaskOrganizerController.addStartingWindow: call wmshell to addStartingWindow:ActivityRecord{111100810 u0 com.earthengine.minimalglobe/.MainActivity t2807}
06-11 10:35:11.114  3189  5976 D ActivityTrigger: ActivityTrigger activityPauseTrigger 
06-11 10:35:11.115  1708  1815 W ANDR-PERF-LM: MetaMeter: handlePrimaryAsync() 118: AdaptLaunch MetaMeter. No MeterMgr Available to handle this Primary Async. !!!!
06-11 10:35:11.115  3189  3949 I [UAH_CLIENT]: UahEventAcquire, cmdid:1, pkg:com.earthengine.minimalglobe, identity:com.android.server.wm
06-11 10:35:11.115  1708  1815 W ANDR-PERF-LM: MetaMeter: handlePrimaryAsync() 118: AdaptLaunch MetaMeter. No MeterMgr Available to handle this Primary Async. !!!!
06-11 10:35:11.117  4650  4650 I SplitScreenManager: Attached Launcher#7e871e0 ON_PAUSE
06-11 10:35:11.118  3189  4395 V GrammaticalInflectionUtils: AttributionSource: android.content.AttributionSource@5204d5b8 does not have READ_SYSTEM_GRAMMATICAL_GENDER permission.
06-11 10:35:11.118  4650  4650 I GCP.GroupCardWrapper[1781139090859]:  setDrawPicForDrag, isDrawPicForDrag: true[gcSdk:v1.3.130-5a024cf,gcPlugin:v16.56.0-ff09c7f3] [OplusLauncher|com.android.launcher|2.0.44-25e9612]
06-11 10:35:11.118  4650  4650 I SDP.Lnch.EngineViewProxy:  666660111&1888747539&3_sid=536871060_rk=5dcbdc_1,uleView:EngineViewProxy(standard=b6.g{5ae23e2 VFED..... ........ 0,0-522,583 #c8 alpha=1.0 viewInfo = }, lite=null, remote=null),standard:b6.g{5ae23e2 VFED..... ........ 0,0-522,583 #c8 alpha=1.0 viewInfo = }[ssdk:v1.3.130-5a024cf,sdplugin:v16.56.0-85a272db] [SeedlingSdk|com.android.launcher|2.0.40-ebe132d]
06-11 10:35:11.118  4650  4650 I flutter : [INFO:android_shell_holder.cc(376)] AndroidShellHolder GetScreenshotBitmap.
06-11 10:35:11.119  9715  9915 I AstScreen.WatchOverlayProxy: onPause , isCurrentAssistantScreen():com.coloros.common.utils.r@1588f34.isCurrentAssistantScreen()
06-11 10:35:11.120  4329  4493 I ndroid.systemui: AssetManager2(0xb4000078cb825028) locale list changing from [] to [zh-CN]
06-11 10:35:11.120  4650  4650 I SDP.Lnch.StandardSeedling:  666660111&1888747539&3_sid=536871060_rk=5dcbdc,getViewScreenshot,bitmap:android.graphics.Bitmap@793a9db[ssdk:v1.3.130-5a024cf,sdplugin:v16.56.0-85a272db]
06-11 10:35:11.120  4650  4650 D AnimSeqTimeStamp: resetLastLaunchTaskTime
06-11 10:35:11.121  3189  5627 I OplusHansManager : front pkg: com.earthengine.minimalglobe, uid: 10602, prev pkg: com.android.launcher, prev uid: 10196
06-11 10:35:11.122  4650  4650 I GCP.ChildCardSnapshotManager:  addOrUpdateChildCardSnapshot: 1781139090859, sceneKey: 210000000_210000000, layoutGravity: 2[gcSdk:v1.3.130-5a024cf,gcPlugin:v16.56.0-ff09c7f3]
06-11 10:35:11.122  3189  5627 V SensorManager: call sensorServiceCommonInterface name: setScreenShotDisable
06-11 10:35:11.122  3189  5627 D SensorServiceExtImpl: sensorServiceCommonInterface funcName = setScreenShotDisable, flag = 0, status = 0
06-11 10:35:11.122  3189  3949 I [UAH_CLIENT]: UahEventAcquire, cmdid:1, pkg:com.earthengine.minimalglobe, identity:com.android.server.wm
06-11 10:35:11.122 27947 27947 I GameSpaceUI.gamespace_StandardPackageActionReceiver: StandardPackageActionReceiver = android.intent.action.PACKAGE_REPLACED
06-11 10:35:11.122  3189  5627 V SensorManager: call sensorServiceCommonInterface name: setScreenShotDisable
06-11 10:35:11.122  3189  5627 D SensorServiceExtImpl: sensorServiceCommonInterface funcName = setScreenShotDisable, flag = 0, status = 0
06-11 10:35:11.123  3189  3949 I [UAH_CLIENT]: UahEventAcquire, cmdid:1, pkg:com.earthengine.minimalglobe, identity:com.android.server.wm
06-11 10:35:11.124  1708  1815 W ANDR-PERF-LM: MetaMeter: handlePrimaryAsync() 118: AdaptLaunch MetaMeter. No MeterMgr Available to handle this Primary Async. !!!!
06-11 10:35:11.124  1708  1815 W ANDR-PERF-LM: MetaMeter: handlePrimaryAsync() 118: AdaptLaunch MetaMeter. No MeterMgr Available to handle this Primary Async. !!!!
06-11 10:35:11.124 27947 27947 I GameSpaceUI.gamespace_PackageActionHelper: package received: Intent { act=android.intent.action.PACKAGE_REPLACED dat=package: flg=0x4000010 (has extras) }, replacing=true, dataRemove=true, data: package:com.earthengine.minimalglobe
06-11 10:35:11.124 27947 29289 W GameSpaceUI.gamespace_app_active: onActive: RECEIVER_PACKAGE
06-11 10:35:11.125 27947 29289 W GameSpaceUI.gamespace_SpaceRedDotActiveInterceptor: accept false
06-11 10:35:11.125  4329  4493 D WindowManager: Add to mViews: android.widget.FrameLayout{a91937b V.E...... ......I. 0,0-0,0 alpha=1.0 viewInfo = },pkg= com.earthengine.minimalglobe
06-11 10:35:11.125 27947 29289 W GameSpaceUI.gamespace_QuickAppDataService: call getQuickAppCardCtaStateData -> tagFrom = GamecenterService-PACKAGE_REPLACED , ctaStateValue = 1
06-11 10:35:11.125  4329  4498 V OplusUXIconLoader: loadUxIcon drawable null, packageName = com.earthengine.minimalglobe,activityName =:com.earthengine.minimalglobe.MainActivity
06-11 10:35:11.125 27947 29289 W GameSpaceUI.gamespace_QuickAppDataService: call getQuickAppCardHideIconSwitchStateData -> tagFrom = GamecenterService-PACKAGE_REPLACED , GameIconHideState = 0
06-11 10:35:11.125  4329  4498 V OplusUXIconLoader: loadUxIcon drawable null, packageName = com.earthengine.minimalglobe,activityName =:null
06-11 10:35:11.126  4329  4630 D skia    : setRusSupported enable 1
06-11 10:35:11.126 27947 30256 W GameSpaceUI.gamespace_QuickAppDataService: call getUpdateGameInfoForQuickApp -> tagFrom = GamecenterService-PACKAGE_REPLACED , 1781145311126
06-11 10:35:11.126 27947 29289 W GameSpaceUI.gs_HideGameIconUtil: isFunctionOpen: true
06-11 10:35:11.126 27947 29289 W GameSpaceUI.gs_HideGameIconUtil: isOSVersionSupportHideIcon, isBelowOS14 -> false, isHideIconSwitchOn -> false, isGameCenterExit -> true
06-11 10:35:11.126 27947 29289 W GameSpaceUI.gs_HideGameIconUtil: game space versionCode: 500330002
06-11 10:35:11.126 27947 29289 W GameSpaceUI.gamespace_QuickAppDataService: call getQuickAppCardIsSupportHideIconState -> tagFrom = GamecenterService-PACKAGE_REPLACED, isSupportHideIcon = 1
06-11 10:35:11.128 27947 30261 W GameSpaceUI.gs_MiniGameRedEnvelopesFeature: getMiniGameCloud:1
06-11 10:35:11.129 27947 30261 W GameSpaceUI.gs_MiniGameRedEnvelopesService: getMiniGameCloudSwitch :1
06-11 10:35:11.130 26764 26800 I WeatherS_WeatherCommonServiceProxy: getResidentCity list size: 1
06-11 10:35:11.130 27947 30246 W GameSpaceUI.gamespace_QuickAppDataService: writeCloudConfig -> tagFrom = GamecenterService-PACKAGE_REPLACED, desktopCardDefault = true
06-11 10:35:11.132  4329  4493 D ViewRootImplExtImpl: onDisplayChanged -1 for VRI android.view.ViewRootImpl@b67d961
06-11 10:35:11.134 10084 30254 D PermissionService: onHandleIntent, action=action.RESTORE_OPS current user: 0, addedStageProtectInfo=true
06-11 10:35:11.134  3189  4683 D OplusHansManager : onUidHansStateChanged: uid = 10602, isFreeze = false, frozenStatus = 0
06-11 10:35:11.135  5227 30232 W InstallAppUtil: add: com.earthengine.minimalglobe
06-11 10:35:11.136  3189  3622 I InputDispatcher: updateFocusedWindow,  on display 0, reason: NO_WINDOW, result:   FocusedWindows: <none>
06-11 10:35:11.137  5227 11080 W mk_frozen: cancel short task:force_pkg
06-11 10:35:11.138  4650  4650 D VRI[Launcher]: onFocusEvent false
06-11 10:35:11.138  5227 11080 W mk_frozen: ****ST: force_pkg,242708437,0,0
06-11 10:35:11.138  4329  4493 E OplusBracketLog: [OplusViewMirrorManager] updateHostViewRootIfNeeded, not support android.view.ViewRootImpl@b67d961
06-11 10:35:11.139  4329  4493 D ViewRootImplExtImpl: wrapConfigInfoIntoFlags rotation=0, smallestScreenWidthDp=0, residentWS=false, scenario=0, bounds=Rect(0, 0 - 1240, 2772), relayoutAsync=false, flags=0, newFlags=1453326336, title=Splash Screen com.earthengine.minimalglobe
--------- beginning of system
06-11 10:35:11.139  3189  3980 V WindowManager: Relayout Window{546d142 u0 Splash Screen com.earthengine.minimalglobe}: viewVisibility=0, oldvis=0, req=1240x2772 , apr = 8, vsysui=, x=0, y=0
06-11 10:35:11.139  5227 30239 I m.heytap.market: Waiting for a blocking GC Explicit
06-11 10:35:11.139  3189  3980 I WindowManager: Window{546d142 u0 Splash Screen com.earthengine.minimalglobe} state from NO_SURFACE to DRAW_PENDING; reason: resetDrawState
06-11 10:35:11.140 28382 28453 D COSA->GameServiceSyncUtil: [m] syncGameListToGMS
06-11 10:35:11.140  3189  3980 D DisplayModeDirector: setAppRequest displayId : 4  modeId: 0  requestedRefreshRate: 0.0  requestedMinRefreshRateRange: 0.0  requestedMaxRefreshRateRange: 0.0
06-11 10:35:11.140 25296 22077 I AstScreen.LauncherOverlayBinder.Ht: onPause
06-11 10:35:11.141 26764 26800 I WeatherS_WeatherCommonServiceProxy: resident data temp -> 22
06-11 10:35:11.141 26764 26800 I WeatherS_WeatherCommonServiceProxy: getDoubleCityData temp: 22 weatherType:1 weatherDesc:雨
06-11 10:35:11.141 26764 26800 I WeatherS_WeatherCommonServiceProxy: getDoubleCityData temp: 22 weatherType:6 weatherDesc:小雨
06-11 10:35:11.141 25296 25296 I AstScreen.RxLauncherStateMonitor: setValue launcherState PAUSE value PAUSE
06-11 10:35:11.141 25296 25296 I AstScreen.AssistantScreen.EventProcessor.state: onPause enter: false resume:false lastEvent: enter_back_end
06-11 10:35:11.141 25296 25296 I AstScreen.AssistantScreen.EventProcessor.state: onPause isEnterResume false
06-11 10:35:11.142  3189  3980 D DisplayModeDirector: setAppRequest displayId : 0  modeId: 1  requestedRefreshRate: 0.0  requestedMinRefreshRateRange: 0.0  requestedMaxRefreshRateRange: 120.00001
06-11 10:35:11.130 27947 30246 W GameSpaceUI.gamespace_QuickAppDataService: writeCloudConfig -> tagFrom = GamecenterService-PACKAGE_REPLACED, cardConfigJson = {"key_desktop_card_default":"true","key_assistant_config_card_show_game_update":"true","key_assistant_config_card_show_game_boost":"true","key_assistant_config_card_show_game_hide":"true"}
06-11 10:35:11.143  3189  3980 D WindowManager: NFW_findFocusedWindowIfNeeded:null mCurrentFocus:Window{ef2a2ae u0 com.android.launcher/com.android.launcher.Launcher}
06-11 10:35:11.143  3189  3980 V WindowManager: Changing focus from Window{ef2a2ae u0 com.android.launcher/com.android.launcher.Launcher} to null,diplayid=0
06-11 10:35:11.143 25296 25296 I AstScreen.AssistantScreen.EnterBooster: onWindowPause do
06-11 10:35:11.143  3189  3980 D WindowManager: NFW_findFocusedWindowIfNeeded:null mCurrentFocus:null
06-11 10:35:11.143 26764  1824 I WeatherS_ResidentCityApi: update resident city success:false
06-11 10:35:11.142 18957 29304 I WeatherS_WeatherBaseDataTask: after doRequestFromWeatherService getDoubleCityWeatherDataAndUpdate result {"data":[{"cityCode":"00296510106578","cityNameEn":"两江新区","cityNameLocal":"两江新区","isDayTime":true,"locationResultCode":410000,"period":1,"sunriseTime":1781128380000,"sunsetTime":1781178840000,"temp":"22","tempUnit":"°","timeZone":"8.0","weatherDesc":"雨","weatherType":1},{"cityCode":"00295150106499","cityNameEn":"九龙坡区","cityNameLocal":"九龙坡区","isDayTime":true,"locationResultCode":0,"period":1,"sunriseTime":1781128380000,"sunsetTime":1781178840000,"temp":"22","tempUnit":"°","timeZone":"8.0","weatherDesc":"小雨","weatherType":6}],"errorCode":0,"mRequestID":"1781145310960"}true
06-11 10:35:11.143 27947 30245 W GameSpaceUI.gamespace_AddDesktopCardUtils: getDesktopCardClickInteract value: 2 
06-11 10:35:11.144 27947 30253 I GameSpaceUI.FunctionHelper: isCosaEnable value : 1
06-11 10:35:11.144 27947 30253 I GameSpaceUI.ComandExecutorHelper: executeWhenCosaReady, isInitializedSuccess:true
06-11 10:35:11.144 27947 30253 I GameSpaceUI.ComandExecutorHelper: executeWhenCosaReady, await end
06-11 10:35:11.144 27947 30253 I GameSpaceUI.MixUtils: getCardInfoList  version = 4
06-11 10:35:11.144 27947 30245 W GameSpaceUI.gamespace_QuickAppDataService: writeDesktopCardClickInteractInfo -> tagFrom = GamecenterService-PACKAGE_REPLACED, desktopCardClickInteract = 2
06-11 10:35:11.145  4329  4493 W VRI[minimalglobe]: updateBlastSurfaceIfNeeded, surfaceSize:Point(1240, 2772), lastSurfaceSize:Point(0, 0), format:-3, blastBufferQueue:null
06-11 10:35:11.145 27947 28278 I GameSpaceUI.COSASDKManager: getSupportFeatureList cache = [command_disable_additional_functions, command_write_brightness, command_mute_game, command_package_mark_as_game, command_package_mark_as_non_game, command_request_brightness_max, command_game_focus_mode, command_lightning_start, command_lightning_start_preload, command_hand_handle_adjustment, command_support_king_of_glory_bp, command_support_gpa_2_1, command_adfr_state, command_support_mark_game, oplus.intelligent.anti.touch.feature, command_set_performance_new, command_multi_touch_rate, command_auto_performance]
06-11 10:35:11.145  4329  4493 W libc    : Access denied finding property "vendor.display.enable_optimal_refresh_rate"
06-11 10:35:11.146  4329  4493 D BufferQueueConsumer: [](id:10e900000538,api:0,p:-1,c:4329) connect: controlledByApp=false
06-11 10:35:11.146  4329  4493 D BufferQueueConsumer: [VRI[minimalglobe]#1335(BLAST Consumer)1335](id:10e900000538,api:0,p:-1,c:4329) setMaxAcquiredBufferCount: 2
06-11 10:35:11.146  4329  4424 D ZoomController: onTaskMovedToFront, task id:2807
06-11 10:35:11.146  4329  4424 I ZoomUiController: FloatHandle-isFloatHandleShow mPackageName = null
06-11 10:35:11.146  4329  4493 W libc    : Access denied finding property "vendor.display.enable_optimal_refresh_rate"
06-11 10:35:11.145 27947 28278 I GameSpaceUI.COSASDKManager: acquireCOSAAppInfoListFromCOSA isInGame=false
06-11 10:35:11.147  4329  4630 D HWUI    : createSurface new attribs array
06-11 10:35:11.147  4329  4630 D libEGL  : this is from skia gles
06-11 10:35:11.147  4329  4630 D BufferQueueProducer: [VRI[minimalglobe]#1335(BLAST Consumer)1335](id:10e900000538,api:1,p:4329,c:4329) connect: api=1 producerControlledByApp=true
06-11 10:35:11.147 27947 15505 I GameSpaceUI.FunctionHelper: isCosaEnable value : 1
06-11 10:35:11.147 27947 15505 I GameSpaceUI.ComandExecutorHelper: executeWhenCosaReady, isInitializedSuccess:true
06-11 10:35:11.147 27947 15505 I GameSpaceUI.ComandExecutorHelper: executeWhenCosaReady, await end
06-11 10:35:11.147 27947 15505 I GameSpaceUI.MixUtils: getCardInfoList  version = 4
06-11 10:35:11.147 27947  1524 I GameSpaceUI.COSASDKManager: getSupportFeatureList cache = [command_disable_additional_functions, command_write_brightness, command_mute_game, command_package_mark_as_game, command_package_mark_as_non_game, command_request_brightness_max, command_game_focus_mode, command_lightning_start, command_lightning_start_preload, command_hand_handle_adjustment, command_support_king_of_glory_bp, command_support_gpa_2_1, command_adfr_state, command_support_mark_game, oplus.intelligent.anti.touch.feature, command_set_performance_new, command_multi_touch_rate, command_auto_performance]
06-11 10:35:11.147 27947  1524 I GameSpaceUI.COSASDKManager: acquireCOSAAppInfoListFromCOSA isInGame=false
06-11 10:35:11.148  3189  3913 D BackgroundInstallControlService: Package event received: 0
06-11 10:35:11.149  4329  4493 I SurfaceControl:  setExtendedRangeBrightness sc=Surface(name=Splash Screen com.earthengine.minimalglobe)/@0x3995399,currentBufferRatio=1.0,desiredRatio=1.0
06-11 10:35:11.152 18957 29304 I WeatherS_WeatherBaseDataTask:  doRequestFromWeatherService getDoubleCityWeatherDataAndUpdate response data true
06-11 10:35:11.152 18957 29304 D ClockTag_ClockWidget.BaseWidgetViewHelper: locationWeather: 22;410000;8.0
06-11 10:35:11.155 18957 14864 I ClockTag_ClockWidget.ClockWidgetManager: isRPlus = false
06-11 10:35:11.155  4329  4630 D BLASTBufferQueue: [VRI[minimalglobe]#1335](f:0,a:1) acquireNextBufferLocked size=1240x2772 mFrameNumber=1 applyTransaction=true mTimestamp=200804877943136(auto) mPendingTransactions.size=0 graphicBufferId=18592913434393 transform=0
06-11 10:35:11.155 18957 14864 D ClockTag_ClockWidget.BaseWidgetViewHelper: getLocalWeatherInfo isCommonWeatherServiceExist is true
06-11 10:35:11.155 18957 14864 D ClockTag_ClockWidget.BaseWidgetViewHelper: getResidentWeatherInfo isCommonWeatherServiceExist=true 
06-11 10:35:11.155  4329  4630 D VRI[minimalglobe]: Received frameCommittedCallback lastAttemptedDrawFrameNum=1 didProduceBuffer=true syncBuffer=false
06-11 10:35:11.155 18957 14864 D ClockTag_ClockWidget.BaseWidgetViewHelper: getCurClockType isDoubleClockOpened:true,localWeatherEntity:WeatherEntity{mDegree='22', mType='1', mDescription='雨', mCentigrade='°', mTimeZone='8.0', mParentCityCode='', mLocationResultCode='410000', sunriseTime='1781128380000', sunsetTime='1781178840000'},residentWeatherEntity:WeatherEntity{mDegree='22', mType='6', mDescription='小雨', mCentigrade='°', mTimeZone='8.0', mParentCityCode='', mLocationResultCode='0', sunriseTime='1781128380000', sunsetTime='1781178840000'}
06-11 10:35:11.155 18957 14864 D ClockTag_ClockWidget.BaseWidgetViewHelper: supportNewDoubleClock:1
06-11 10:35:11.155 18957 14864 D ClockTag_ClockWidget.BaseWidgetViewHelper: isSameTimezone:8.0
06-11 10:35:11.155 18957 14864 D ClockTag_ClockWidget.BaseWidgetViewHelper: getCurClockType is same timezone:
06-11 10:35:11.155 18957 14864 D ClockTag_ClockWidget.BaseWidgetViewHelper: getCurClockType is same timezone:
06-11 10:35:11.155 18957 14864 D ClockTag_ClockWidget.ClockWidgetManager: init clock type:1->1
06-11 10:35:11.155 18957 14864 D ClockTag_ClockWidget.BaseWidgetViewHelper: getLocalWeatherInfo isCommonWeatherServiceExist is true
06-11 10:35:11.155  4329  4493 D VRI[minimalglobe]: draw finished. seqId=0
06-11 10:35:11.157 18957 14864 D ClockTag_OplusDateUtils: isTimeMillisDayTime -- hour = 10 sunriseTime:1781128380000 sunsetTime:1781178840000
06-11 10:35:11.157  4329  4493 W VRI[minimalglobe]: handleResized, msg:, frameChanged:false, configChanged:false, displayChanged:false, attachedFrameChanged:false, compatScaleChanged:false, pendingDragResizing=false
06-11 10:35:11.157 18957 14864 D ClockTag_WeatherResUtil: getOpWeatherIcon -- index:1 OP_WEATHER_ICON_LENGTH:71 correctWeatherIndex:1
06-11 10:35:11.157 18957 14864 D ClockTag_ClockWidget.ClockWidgetManager: mLocalWeatherInfo = 雨  22‎°
06-11 10:35:11.157  3189  5958 D WindowManager: onSyncFinishedDrawing: Window{546d142 u0 Splash Screen com.earthengine.minimalglobe}
06-11 10:35:11.157  3189  5958 I WindowManager: finishDrawing skipLayout:false,syncSeqId=0,mPrepareSyncSeqId=0 Window{546d142 u0 Splash Screen com.earthengine.minimalglobe} com.android.server.wm.WindowManagerService.finishDrawingWindow:3217 com.android.server.wm.Session.finishDrawing:399 android.view.IWindowSession$Stub.onTransact:793 
06-11 10:35:11.157  3189  5958 I WindowManager: Window{546d142 u0 Splash Screen com.earthengine.minimalglobe} state from DRAW_PENDING to COMMIT_DRAW_PENDING; reason: finishDrawingLocked
06-11 10:35:11.157  3189  3252 D DisplayModeDirector: setAppRequest displayId : 4  modeId: 0  requestedRefreshRate: 0.0  requestedMinRefreshRateRange: 0.0  requestedMaxRefreshRateRange: 0.0
06-11 10:35:11.158  1574  1616 E statsd  : Stats puller failed for tag: 150134 at 242708473835242
06-11 10:35:11.159  3189  3252 I WindowManager: Window{546d142 u0 Splash Screen com.earthengine.minimalglobe} state from COMMIT_DRAW_PENDING to READY_TO_SHOW; reason: commitFinishDrawingLocked
06-11 10:35:11.159  3189  3252 D ActivityTaskManager: onStartingWindowDrawn: app=null, mStartingData=SplashScreenStartingData{78d9e90 removeAfterTransaction= 0}, finishing=false,mLaunchedFromBubble=false, mVisibleRequested=true, mDisplayContent=Display{#0 state=ON size=1240x2772 ROTATION_0}, isZoomMode=false
06-11 10:35:11.159  3189  3252 D DisplayModeDirector: setAppRequest displayId : 0  modeId: 1  requestedRefreshRate: 0.0  requestedMinRefreshRateRange: 0.0  requestedMaxRefreshRateRange: 120.00001
06-11 10:35:11.160  3189  3252 D ActivityTaskManager: commitVisibility: ActivityRecord{111100810 u0 com.earthengine.minimalglobe/.MainActivity t2807}: visible=true visibleRequested=true, isInTransition=true 
06-11 10:35:11.160 18957 14864 D ClockTag_ClockWidget.ClockWidgetManager: updateTimeAndDateInfo lunar:四月廿六
06-11 10:35:11.160  3189  3252 I WindowManager: Window{546d142 u0 Splash Screen com.earthengine.minimalglobe} state from READY_TO_SHOW to HAS_DRAWN; reason: performShowLocked
06-11 10:35:11.160 18957 14864 D ClockTag_ClockWidget.ClockWidgetManager: updateLocalData type:false weather:false time:false force:true
06-11 10:35:11.160  3189  3252 I WindowStateExtImpl: onSurfaceShowChange show = true mPackageName = com.earthengine.minimalglobe parentPkgName = com.earthengine.minimalglobe
06-11 10:35:11.160 18957 14864 D ClockTag_WidgetUpdateHelper: start update all widgets
06-11 10:35:11.160 18957 14864 D ClockTag_WidgetUpdateHelper: skip update widget (cached absent): class com.coloros.widget.smallweather.OppoWeather
06-11 10:35:11.160 18957 14864 D ClockTag_WidgetUpdateHelper: skip update widget (cached absent): class com.coloros.widget.smallweather.OppoWeatherSingle
06-11 10:35:11.160  3189  3252 D CoreBackPreview:  return markWindowHasDrawn mComposed: false  mWaitTransition: false
06-11 10:35:11.160 18957 14864 D ClockTag_WidgetUpdateHelper: skip update widget (cached absent): class com.coloros.widget.smallweather.OppoWeatherMultiVertical
06-11 10:35:11.160 18957 14864 D ClockTag_WidgetUpdateHelper: skip update widget (cached absent): class com.coloros.widget.smallweather.OppoWeatherVertical
06-11 10:35:11.160 18957 14864 D ClockTag_WidgetUpdateHelper: getWidgetIds: class com.coloros.widget.smallweather.OnePlusWidget
06-11 10:35:11.160  3189  3942 D osense-blo: [0, false] [0, false] [0, false] 
06-11 10:35:11.160  3189  3252 E OplusAppQuickStart_AppQuickStartController: not start from launcher transition:1453
06-11 10:35:11.160  3189  3252 D Transition: collectOrderChanges onTopTasksEnd: [Task{751611d #2807 type=standard A=10602:com.earthengine.minimalglobe}], reportedOnTop:null, mOnTopTasksStart: [Task{751611d #2807 type=standard A=10602:com.earthengine.minimalglobe}], TDA child: [Task{24bf9 #3 type=undefined}, Task{ed0203e #2806 type=standard A=10602:com.earthengine.minimalglobe}, Task{8354b3d #1 type=home}, Task{751611d #2807 type=standard A=10602:com.earthengine.minimalglobe}]
06-11 10:35:11.160  4323  6896 V OsAgent : broadcastSystemEvent - 7
06-11 10:35:11.160  3189  3252 D OplusFlexibleActivityTransitionManager: fixTransitType type result:1, targets: [ChangeInfo{1a25a97 container=Task{751611d #2807 type=standard A=10602:com.earthengine.minimalglobe} flags=0x10}, ChangeInfo{184c484 container=Task{8354b3d #1 type=home} flags=0x10}]
06-11 10:35:11.161  3189  3252 D OplusTransitionAnimationManager: activityRecordCount0fullScreenArBeHindStartingWindow null
06-11 10:35:11.162  3189  3252 D OplusTransitionAnimationManager: activityRecordCount0fullScreenArBeHindStartingWindow null
06-11 10:35:11.162 27947 30256 I GameSpaceUI.FunctionHelper: isCosaEnable value : 1
06-11 10:35:11.162  3189  3252 D QuickBackInputPolicy: resetInputInterceptState for remoteTransition: false
06-11 10:35:11.162 27947 30256 I GameSpaceUI.ComandExecutorHelper: executeWhenCosaReady, isInitializedSuccess:true
06-11 10:35:11.162 27947 30256 I GameSpaceUI.ComandExecutorHelper: executeWhenCosaReady, await end
06-11 10:35:11.162 27947 30256 I GameSpaceUI.MixUtils: getCardInfoList  version = 4
06-11 10:35:11.162  3189  3252 D OplusTransitionController: onTransactionReady, transition: 1453, info: {id=1453 t=OPEN f=0x0 trk=0 r=[0@Point(0, 0)] c=[{WCT{RemoteToken{ea80933 Task{751611d #2807 type=standard A=10602:com.earthengine.minimalglobe}}} m=OPEN f=NONE leash=Surface(name=Task=2807)/@0x51018a2 sb=Rect(0, 0 - 1240, 2772) eb=Rect(0, 0 - 1240, 2772) epz=Point(1240, 2772) d=0 taskParent=-1},{WCT{RemoteToken{d6c47d5 Task{8354b3d #1 type=home}}} m=TO_BACK f=SHOW_WALLPAPER leash=Surface(name=Task=1)/@0x60d1c92 sb=Rect(0, 0 - 1240, 2772) eb=Rect(0, 0 - 1240, 2772) epz=Point(1240, 2772) d=0 taskParent=-1}] 
06-11 10:35:11.162  3189  3252 D OplusTransitionController: extendInfo=[
06-11 10:35:11.162  3189  3252 D OplusTransitionController:  OplusTransitionExtendedInfo{mTmpFinishT=null, mInOplusCompatMode=false, mIsProcessRunning=false, mHasMismatchBoundsTarget=false, mRecentsController=null, mRemoteTransition=null, mIsTranslucentActivityToHome=false, mAvoidInterceptKeyEventToHome=false, mIsFromHome=false, mParentLeash=null, mBackAnimClosingLeash=null, mIsOplusAnimRes=false, mKeepBgForContinuous=false, mIsBalAllow=true, mTaskNotInRecent=false, mIsPredictiveBackAnim=false, mIsMergedWithPredictive=false, mIsLaunchFromSpruce=false, mIsLaunchFromDrive=false, mGlobalSearchPageSwitch=false, mNeedNoAlphaGlobalSearchScene=false, mAssistScreenShowing=false, mSwipeUpBrowserScreenShowing=false, mUserIdTransition=0
06-11 10:35:11.162  3189  3252 D OplusTransitionController: , mInRemoteScene=false, mInPreReady=false, mPreStart=false, mToken=null, mAbortByRemoteFromHome=false, mShellApplyToken=null, mRequestTransitionTaskId=2807, mAbortTransitionOnShell=0, mStartFromShortcut=false, mRemovedTaskId=-1, mTransitionInterruptType=0, mMergeSecondTaskId=-1, mTaskIdStartFromRecents=0, mTransitionId=1453, mCanUseSpringSlideAnim=false, mTransitionLaunchFrom=0, mFoldChangeType=-1, mAnimStartingPosition=[0, 0, 0, 0], mIsOpeningStkDialogActivity=false, mSecondaryHomeToFrontWhenUnFolding=false, mIsNeedApplyStartTForEmbedded=false
06-11 10:35:11.162  3189  3252 D OplusTransitionController: , mNeedCanvasExitAnim=false, mMergeSecondTaskAnimation=false, mIsLaunchUnityStart=false, mIsLaunchFromAssistantByDefault=false, mSkipRemoteTransitionfalse, mIsStartFromKeyguard=false flags=0x0, mWCT=null, mIsOpenMergeToInValidPredictive=false, mPromoteTaskWhenKeyguard-1, mRootLayerZOrderArray={}}]}, targets : [ChangeInfo{1a25a97 container=Task{751611d #2807 type=standard A=10602:com.earthengine.minimalglobe} flags=0x10}, ChangeInfo{184c484 container=Task{8354b3d #1 type=home} flags=0x10}], participants: {ActivityRecord{6207955 u0 com.android.launcher/.Launcher t2}, WallpaperWindowToken{279cd35 showWhenLocked=false}, ActivityRecord{111100810 u0 com.earthengine.minimalglobe/.MainActivity t2807}, Task{751611d #2807 type=standard A=10602:com.earthengine.minimalglobe}, WallpaperWindowToken{b349257 showWhenLocked=true}}
06-11 10:35:11.163  4329  4630 D VRI[minimalglobe]: Received frameCommittedCallback lastAttemptedDrawFrameNum=2 didProduceBuffer=false syncBuffer=false
06-11 10:35:11.163 18957 29304 I WeatherS_WeatherServiceManager: unBindUpdateService true
06-11 10:35:11.163  3189  4242 I Osense-BaseDecisionMaker: notifySceneToAthenaPolicy: SCENE_APP_SWITCH, bundle: Bundle[{prevPkgName=com.android.launcher, curUid=10602, isGame=false, curPkgName=com.earthengine.minimalglobe, prevUid=10196}]
06-11 10:35:11.163  4329  4493 D VRI[minimalglobe]: draw finished. seqId=0
06-11 10:35:11.164  3189  3252 D DisplayModeDirector: setAppRequest displayId : 4  modeId: 0  requestedRefreshRate: 0.0  requestedMinRefreshRateRange: 0.0  requestedMaxRefreshRateRange: 0.0
06-11 10:35:11.164  4329 21683 V WindowManagerShell: onTransitionReady(transaction=13696650857639)
06-11 10:35:11.164  4329  4424 V WindowManagerShell: onTransitionReady (#1453) android.os.BinderProxy@f4f04b9: {id=1453 t=OPEN f=0x0 trk=0 r=[0@Point(0, 0)] c=[
06-11 10:35:11.164  4329  4424 V WindowManagerShell:         {m=OPEN f=NONE leash=Surface(name=Task=2807)/@0x3c95509 sb=Rect(0, 0 - 1240, 2772) eb=Rect(0, 0 - 1240, 2772) epz=Point(1240, 2772) d=0 taskParent=-1},
06-11 10:35:11.164  4329  4424 V WindowManagerShell:         {m=TO_BACK f=SHOW_WALLPAPER leash=Surface(name=Task=1)/@0x298230e sb=Rect(0, 0 - 1240, 2772) eb=Rect(0, 0 - 1240, 2772) epz=Point(1240, 2772) d=0 taskParent=-1}
06-11 10:35:11.164  4329  4424 V WindowManagerShell:     ] 
06-11 10:35:11.164  4329  4424 V WindowManagerShell: extendInfo=[
06-11 10:35:11.164  4329  4424 V WindowManagerShell:  OplusTransitionExtendedInfo{mTmpFinishT=null, mInOplusCompatMode=false, mIsProcessRunning=false, mHasMismatchBoundsTarget=false, mRecentsController=null, mRemoteTransition=null, mIsTranslucentActivityToHome=false, mAvoidInterceptKeyEventToHome=false, mIsFromHome=false, mParentLeash=null, mBackAnimClosingLeash=null, mIsOplusAnimRes=false, mKeepBgForContinuous=false, mIsBalAllow=true, mTaskNotInRecent=false, mIsPredictiveBackAnim=false, mIsMergedWithPredictive=false, mIsLaunchFromSpruce=false, mIsLaunchFromDrive=false, mGlobalSearchPageSwitch=false, mNeedNoAlphaGlobalSearchScene=false, mAssistScreenShowing=false, mSwipeUpBrowserScreenShowing=false, mUserIdTransition=0
06-11 10:35:11.164  4329  4424 V WindowManagerShell: , mInRemoteScene=false, mInPreReady=false, mPreStart=false, mToken=null, mAbortByRemoteFromHome=false, mShellApplyToken=null, mRequestTransitionTaskId=2807, mAbortTransitionOnShell=0, mStartFromShortcut=false, mRemovedTaskId=-1, mTransitionInterruptType=0, mMergeSecondTaskId=-1, mTaskIdStartFromRecents=0, mTransitionId=1453, mCanUseSpringSlideAnim=false, mTransitionLaunchFrom=0, mFoldChangeType=-1, mAnimStartingPosition=[0, 0, 0, 0], mIsOpeningStkDialogActivity=false, mSecondaryHomeToFrontWhenUnFolding=false, mIsNeedApplyStartTForEmbedded=false
06-11 10:35:11.164  4329  4424 V WindowManagerShell: , mNeedCanvasExitAnim=false, mMergeSecondTaskAnimation=false, mIsLaunchUnityStart=false, mIsLaunchFromAssistantByDefault=false, mSkipRemoteTransitionfalse, mIsStartFromKeyguard=false flags=0x0, mWCT=null, mIsOpenMergeToInValidPredictive=false, mPromoteTaskWhenKeyguard-1, mRootLayerZOrderArray={}}]}
06-11 10:35:11.164  4329  4424 D OplusShellTransition: dispatchReady, active:(#1453) android.os.BinderProxy@f4f04b9@0, isSync=false, track:com.android.wm.shell.transition.Transitions$Track@6ea9631
06-11 10:35:11.165 27947 30261 W GameSpaceUI.gamespace_QuickAppDataService: writeAssistantMiniGameActivitySwitch -> tagFrom = GamecenterService-PACKAGE_REPLACED , null
06-11 10:35:11.165  4329  4424 D OplusShellTransition: Abort transition (#1453) android.os.BinderProxy@f4f04b9@0 WMCore requested. reason: 0; abortTransition: false
06-11 10:35:11.165  4329  4424 V WindowManagerShell: Transition (#1453) android.os.BinderProxy@f4f04b9@0 ready while (#1452) android.os.BinderProxy@9dec71d@0 is still animating. Notify the animating transition in case they can be merged
06-11 10:35:11.165  4329  4424 D OplusShellTransition: RemoteTransitionHandler, Merge into remote: RemoteTransition { remoteTransition = android.window.IRemoteTransition$Stub$Proxy@4e96d80, appThread = android.app.IApplicationThread$Stub$Proxy@7c0cfb9, debugName = QuickstepLaunchHome }
06-11 10:35:11.165  4329  4424 V WindowManagerShell:    Merge into remote: RemoteTransition { remoteTransition = android.window.IRemoteTransition$Stub$Proxy@4e96d80, appThread = android.app.IApplicationThread$Stub$Proxy@7c0cfb9, debugName = QuickstepLaunchHome }
06-11 10:35:11.165  3189  3252 D WindowManager: setFrameRateStart invalid typeId return!
06-11 10:35:11.165  4329  4424 D OplusShellTransition: mergeSecondTaskAnimation: falselaunchFromAssistantByDefaultfalse
06-11 10:35:11.165 27947 30328 I com.oplus.games: Waiting for a blocking GC Explicit
06-11 10:35:11.165  4329  4424 D OplusShellTransition: ShellContinuousTransitionControllerisInvalidTaskTransition, transition 1453: hasOpenChange = true ,hasChangeModeChange =false
06-11 10:35:11.165  3189  3252 D WindowManager: setFrameRateStart invalid typeId return!
06-11 10:35:11.166  3189  3252 D DisplayModeDirector: setAppRequest displayId : 0  modeId: 1  requestedRefreshRate: 0.0  requestedMinRefreshRateRange: 0.0  requestedMaxRefreshRateRange: 120.00001
06-11 10:35:11.166  3189  3252 D FlexibleWindowManagerService: onFlexibleWindowTaskAppeared: task = 2807, visible = true
06-11 10:35:11.167  3189  3252 D OplusFlexibleWindowMinimizedManagerHelper: onTaskAppered taskInfo:2807
06-11 10:35:11.167  3189  3252 D OplusFlexibleDragToSplitAnimController: visibleFlexibleTaskInfos delete:2807
06-11 10:35:11.167  3189  3252 D OplusFlexibleDragAnimationBaseState: handleRunningTaskInfo:TaskInfo{userId=0 taskId=2807 effectiveUid=10602 displayId=0 isRunning=true baseIntent=Intent { flg=0x10000000 cmp=com.earthengine.minimalglobe/.MainActivity mCallingUid=2000 } baseActivity=ComponentInfo{com.earthengine.minimalglobe/com.earthengine.minimalglobe.MainActivity} topActivity=ComponentInfo{com.earthengine.minimalglobe/com.earthengine.minimalglobe.MainActivity} origActivity=null realActivity=ComponentInfo{com.earthengine.minimalglobe/com.earthengine.minimalglobe.MainActivity}
06-11 10:35:11.167  3189  3252 D OplusFlexibleDragAnimationBaseState:  numActivities=1 lastActiveTime=242708441 supportsSplitScreenMultiWindow=true supportsMultiWindow=true supportsPocketStudioMultiWindow=true isInFlexibleEmbedded = false uid = 10602 pid = 0 resizeMode=1 isResizeable=true minWidth=-1 minHeight=-1 defaultMinSize=220 token=WCT{RemoteToken{ea80933 Task{751611d #2807 type=standard A=10602:com.earthengine.minimalglobe}}} topActivityType=1 pictureInPictureParams=null shouldDockBigOverlays=false launchIntoPipHostTaskId=-1 lastParentTaskIdBeforePip=-1 displayCutoutSafeInsets=Rect(0, 0 - 0, 0)
06-11 10:35:11.167  3189  3252 D OplusFlexibleDragAnimationBaseState:  topActivityInfo=ActivityInfo{ed16bab com.earthengine.minimalglobe.MainActivity} launchCookies=[] positionInParent=Point(0, 0) parentTaskId=-1 isFocused=false isVisible=true isVisibleRequested=true isTopActivityNoDisplay=false isSleeping=false locusId=null displayAreaFeatureId=1 isTopActivityTransparent=false isActivityStackTransparent=false lastNonFullscreenBounds=Rect(322, 807 - 918, 2047) capturedLink=null capturedLinkTimestamp=0 requestedVisibleTypes=-9 topActivityRequestOpenInBrowserEducationTimestamp=0
06-11 10:35:11.167  3189  3252 D OplusFlexibleDragAnimationBaseState:  appCompatTaskInfo=AppCompatTaskInfo { topActivityInSizeCompat=false topActivityInOplusCompatMode=false eligibleForLetterboxEducation= false isLetterboxEducationEnabled= false isLetterboxDoubleTapEnabled= false eligibleForUserAspectRatioButton= false topActivityBoundsLetterboxed= false isFromLetterboxDoubleTap= false topActivityLetterboxVerticalPosition= -1 topActivityLetterboxHorizontalPosition= -1 topActivityLetterboxWidth=-1 topActivityLetterboxHeight=-1 topActivityAppBounds=Rect(0, 0 - 1240, 2772) isUserFullscreenOverrideEnabled=false isSystemFullscreenOverrideEnabled=false hasMinAspectRatioOverride=false topActivityLetterboxBounds=null cameraCompatTaskInfo=CameraCompatTaskInfo { freeformCameraCompatMode=inactive}} topActivityMainWindowFrame=null topActivityLetterboxInsets=Rect(0, 0 - 0, 0)
06-11 10:35:11.167  3189  3252 D OplusFlexibleDragAnimationBaseState:  mOplusExtraBundle = Bundle[{androidx.flexible.taskFrame=Rect(0, 0 - 0, 0), androidx.flexible.Alpha=1.0, androidx.activity.task.attach.blur=0, androidx.activity.LaunchInsensible=0, androidx.activity.LaunchCornerRadius=0, key_flexible_task_state=0, topActivitySupportAppInnerSplit=false, key_flexible_task_animating_type=-1, key_flexible_task_root_activity_processname=com.earthengine.minimalglobe, androidx.activity.LaunchScenario=0, is_oplus_clone_task=false, flexible_super_mini_state=false, topRunningActivityHash=111100810, androidx.activity.LaunchScale=1.0, androidx.activity.LaunchShadowRadius=0, is_transient_hide_for_task_info=false, key_flexible_task_root_activity_pid=0, key_flexible_task_root_activity_uid=10602}]}state:0
06-11 10:35:11.167  3189  3252 E FlexibleWindowManagerService: notifyTaskObserverToAttachController not need to notify!
06-11 10:35:11.167  3189  3252 D FlexibleWindowManagerService: should not dispatch appeared task Task{751611d #2807 type=standard A=10602:com.earthengine.minimalglobe}
06-11 10:35:11.168  4650 25293 D AnimSeqTimeStamp: resetLastRecentFinishTime
06-11 10:35:11.168  4650 25293 D RemoteAnimInflectUtil: needMergeTask = false
06-11 10:35:11.168  4650 25293 I RemoteAnimationRunnerCompat: shouldInterrupt: changes size 2
06-11 10:35:11.168  4650 25293 I RemoteAnimationRunnerCompat: shouldInterrupt: taskId = 1, task = com.android.launcher/.Launcher, activityType = 2
06-11 10:35:11.168  4650 25293 I RemoteAnimationRunnerCompat: Found launcher task
06-11 10:35:11.168  4650 25293 I RemoteAnimationRunnerCompat: shouldInterrupt: taskId = 2807, task = com.earthengine.minimalglobe/.MainActivity, activityType = 1
06-11 10:35:11.168  4650 25293 I RemoteAnimationRunnerCompat: Found app task
06-11 10:35:11.168  4650 25293 D RemoteAnimationUtil: updateWCTExtendInfo extResult:null
06-11 10:35:11.168  4650 25293 I RemoteAnimRunnerExt: handleReverseToOpenInterruption, reverse to open not running
06-11 10:35:11.168  4650 25293 W RemoteAnimFrameRateManager: this os is not support dynamic frame rate .
06-11 10:35:11.168  4650 25293 D RemoteAnimInflectUtil: getIsFromHome, result:false
06-11 10:35:11.168  4650 25293 D AnimSeqTimeStamp: resetLastStartAppTime
06-11 10:35:11.168  4650 25293 D AnimSeqTimeStamp: resetLastLaunchTaskTime
06-11 10:35:11.168  4650 25293 W RemoteToRecentsTransitionHelper[u0]: unexpected null mergedTransition, just finish current transition as normal
06-11 10:35:11.168  4329  4424 D ShellTaskOrganizer: Task appeared taskId=2807, parentTaskId=-1, taskVisibility=true
06-11 10:35:11.169  4329  4424 D ShellTaskOrganizerExt: visibleFlexibleTaskInfos delete:2807
06-11 10:35:11.169  4329  4424 D ShellTaskOrganizerExt: isOnCanvas size:0
06-11 10:35:11.169  4329  4424 D ShellTaskOrganizerExt: isOnThreeFlexibleCanvas size:0
06-11 10:35:11.169  4650 25293 D RemoteAnimationRunnerCompat: animationFinishedCallback start, transition id: 1452, multiOpenId: -1, isPredictiveBackBlockablAnim: false, mFinishCallback: android.window.IRemoteTransitionFinishedCallback$Stub$Proxy@10d04b8, mMultiRemoteCallback: null
06-11 10:35:11.169  4650 25293 W RemoteAnimFrameRateManager: this os is not support dynamic frame rate .
06-11 10:35:11.169  4650 25293 D RemoteAnimationTargetCompat: Apply to task leash: Surface(name=Task=2806)/@0x199b12a, param: BreakParam@143957864{isValid=true, ignoreInvalid=false, x=949.7341, y=1446.3915, scale=0.15384664, alpha=0.0, radius=247.99998, crop=Rect(0, 0 - 1240, 1240), nextFrameRectF=RectF(0.0, 0.0, 0.0, 0.0), remoteFinish=false, needForBidUpdate=false, noNeedInterrupt=false}
06-11 10:35:11.169  4650  5023 I RemoteAnimationRunnerCompat: remove token is null, return
06-11 10:35:11.169  4650 25293 D RemoteAnimRunnerExt: setPredictiveBackAnimPair, id: 1452, active: false, previous id: -1
06-11 10:35:11.169  4650 25293 W RemoteAnimRunnerExt: setPredictiveBackBlockablAnimPair, miss matching id for inactive
06-11 10:35:11.169  4650 25293 D RemoteAnimationRunnerCompat: animationFinishedCallback call, transition id: 1452, needMergeT: true, mergeTransition: null
06-11 10:35:11.169  4329 24909 D OplusShellTransition: RemoteTransitionHandlerandroid.os.BinderProxy@9dec71d, onTransitionFinished thread=360, true
06-11 10:35:11.170  4329  4424 D OplusShellTransition: RemoteTransitionHandlerandroid.os.BinderProxy@9dec71d, onTransitionFinished, finishTransaction.mNativeObject=-5476376626357797504, thread=37
06-11 10:35:11.170  3189  3252 D DisplayModeDirector: setAppRequest displayId : 4  modeId: 0  requestedRefreshRate: 0.0  requestedMinRefreshRateRange: 0.0  requestedMaxRefreshRateRange: 0.0
06-11 10:35:11.170  4329  4424 V WindowManagerShell: Transition animation finished (aborted=false), notifying core (#1452) android.os.BinderProxy@9dec71d@0
06-11 10:35:11.170  4329  4424 D SplitScreen-->AppLockManager: setStartFromSafeControl mStartFromSafeControl=false
06-11 10:35:11.170  4329  4424 D TransitionAnimationUtil: hasSameTasksInBothTransition compareInfo, mergeSecondTaskId = -1
06-11 10:35:11.170  4329  4424 D ShellTaskOrganizerExt: adjust change for exiting mini task: -1
06-11 10:35:11.171  3189  3252 D DisplayModeDirector: setAppRequest displayId : 0  modeId: 1  requestedRefreshRate: 0.0  requestedMinRefreshRateRange: 0.0  requestedMaxRefreshRateRange: 120.00001
06-11 10:35:11.171  3189  3765 V AlarmManager: sending alarm Alarm{f3b2208 type 1 origWhen 1781145311146 whenElapsed 242708472 android} uid 1000 whenElapsed 242708472 windowLength 0 maxWhenElapsed 242708472 repeatInterval 0 action null component null tag StorgaeBandInfoAlarmTag flags 0x9 procName system_server
06-11 10:35:11.171  3189  4242 I Osense-BaseDecisionMaker: scene: SCENE_APP_SWITCH, excutingPolicy: freezer
06-11 10:35:11.172  3189  5958 D Transition: finishTransition ar ActivityRecord{6207955 u0 com.android.launcher/.Launcher t2}, isVisibleRequested=false, state=PAUSED, visibleAtTransitionEndTokens={ActivityRecord{6207955 u0 com.android.launcher/.Launcher t2}, WallpaperWindowToken{279cd35 showWhenLocked=false}}, this=TransitionRecord{abc1da1 id=1452 track=0 type=CLOSE flags=0x0 state=2 c=[
06-11 10:35:11.172  3189  5958 D Transition:    ChangeInfo{ea5dbc6 container=ActivityRecord{6207955 u0 com.android.launcher/.Launcher t2} flags=0x0}
06-11 10:35:11.172  3189  5958 D Transition:    ChangeInfo{ff25704 container=WallpaperWindowToken{279cd35 showWhenLocked=false} flags=0x0}
06-11 10:35:11.172  3189  5958 D Transition:    ChangeInfo{6b91787 container=Display{#0 state=ON size=1240x2772 ROTATION_0} flags=0x0}
06-11 10:35:11.172  3189  5958 D Transition:    ChangeInfo{b6456b4 container=ActivityRecord{137025108 u0 com.earthengine.minimalglobe/.MainActivity t2806 f} isExiting} flags=0x0}
06-11 10:35:11.172  3189  5958 D Transition:    ChangeInfo{2f2af96 container=Task{8354b3d #1 type=home} flags=0x30}
06-11 10:35:11.172  3189  5958 D Transition:    ChangeInfo{f5bf2dd container=DefaultTaskDisplayArea@196011559 flags=0x0}
06-11 10:35:11.172  3189  5958 D Transition:    ChangeInfo{213ee52 container=Task{cc210d4 #2 type=undefined I=com.android.launcher/.Launcher} flags=0x30}
06-11 10:35:11.172  3189  5958 D Transition:    ChangeInfo{6d8a717 container=Task{ed0203e #2806 type=standard A=10602:com.earthengine.minimalglobe} flags=0x0}
06-11 10:35:11.172  3189  5958 D Transition: ]
06-11 10:35:11.172  3189  5958 D Transition: }
06-11 10:35:11.172  3189  4242 D Osense-BaseDecisionMaker: invoke freezer policy,type: fast
06-11 10:35:11.172  3189  5958 D Transition: finishTransition ar ActivityRecord{137025108 u0 com.earthengine.minimalglobe/.MainActivity t2806 f} isExiting}, isVisibleRequested=false, state=DESTROYED, visibleAtTransitionEndTokens={ActivityRecord{6207955 u0 com.android.launcher/.Launcher t2}, WallpaperWindowToken{279cd35 showWhenLocked=false}}, this=TransitionRecord{abc1da1 id=1452 track=0 type=CLOSE flags=0x0 state=2 c=[
06-11 10:35:11.172  3189  5958 D Transition:    ChangeInfo{ea5dbc6 container=ActivityRecord{6207955 u0 com.android.launcher/.Launcher t2} flags=0x0}
06-11 10:35:11.172  3189  5958 D Transition:    ChangeInfo{ff25704 container=WallpaperWindowToken{279cd35 showWhenLocked=false} flags=0x0}
06-11 10:35:11.172  3189  5958 D Transition:    ChangeInfo{6b91787 container=Display{#0 state=ON size=1240x2772 ROTATION_0} flags=0x0}
06-11 10:35:11.172  3189  5958 D Transition:    ChangeInfo{b6456b4 container=ActivityRecord{137025108 u0 com.earthengine.minimalglobe/.MainActivity t2806 f} isExiting} flags=0x0}
06-11 10:35:11.172  3189  5958 D Transition:    ChangeInfo{2f2af96 container=Task{8354b3d #1 type=home} flags=0x30}
06-11 10:35:11.172  3189  5958 D Transition:    ChangeInfo{f5bf2dd container=DefaultTaskDisplayArea@196011559 flags=0x0}
06-11 10:35:11.172  3189  5958 D Transition:    ChangeInfo{213ee52 container=Task{cc210d4 #2 type=undefined I=com.android.launcher/.Launcher} flags=0x30}
06-11 10:35:11.172  3189  5958 D Transition:    ChangeInfo{6d8a717 container=Task{ed0203e #2806 type=standard A=10602:com.earthengine.minimalglobe} flags=0x0}
06-11 10:35:11.172  3189  5958 D Transition: ]
06-11 10:35:11.172  3189  5958 D Transition: }
06-11 10:35:11.172  3189  5958 D ActivityTaskManager: commitVisibility: ActivityRecord{137025108 u0 com.earthengine.minimalglobe/.MainActivity t2806 f} isExiting}: visible=false visibleRequested=false, isInTransition=false 
06-11 10:35:11.172  3189  5958 D WindowManager: NFW_setClientVisible:ActivityRecord{137025108 u0 com.earthengine.minimalglobe/.MainActivity t2806 f} isExiting} clientVisible:false
06-11 10:35:11.172  3189  5958 W ActivityManager: pid 3189 system sent binder code 7 with flags 1 to frozen apps and got error -32
06-11 10:35:11.172  3189  5958 W WindowManager: Exception thrown during dispatchAppVisibility Window{b6b2e36 u0 com.earthengine.minimalglobe/com.earthengine.minimalglobe.MainActivity EXITING}
06-11 10:35:11.172  3189  5958 W WindowManager: android.os.DeadObjectException
06-11 10:35:11.172  3189  5958 W WindowManager: 	at android.os.BinderProxy.transactNative(Native Method)
06-11 10:35:11.172  3189  5958 W WindowManager: 	at android.os.BinderProxy.transact(BinderProxy.java:685)
06-11 10:35:11.172  3189  5958 W WindowManager: 	at android.view.IWindow$Stub$Proxy.dispatchAppVisibility(IWindow.java:609)
06-11 10:35:11.172  3189  5958 W WindowManager: 	at com.android.server.wm.WindowState.sendAppVisibilityToClients(WindowState.java:3644)
06-11 10:35:11.172  3189  5958 W WindowManager: 	at com.android.server.wm.WindowContainer.sendAppVisibilityToClients(WindowContainer.java:1499)
06-11 10:35:11.172  3189  5958 W WindowManager: 	at com.android.server.wm.WindowToken.setClientVisible(WindowToken.java:427)
06-11 10:35:11.172  3189  5958 W WindowManager: 	at com.android.server.wm.ActivityRecord.setClientVisible(ActivityRecord.java:8317)
06-11 10:35:11.172  3189  5958 W WindowManager: 	at com.android.server.wm.ActivityRecord.commitVisibility(ActivityRecord.java:6830)
06-11 10:35:11.172  3189  5958 W WindowManager: 	at com.android.server.wm.Transition.finishTransition(Transition.java:1700)
06-11 10:35:11.172  3189  5958 W WindowManager: 	at com.android.server.wm.TransitionController.finishTransition(TransitionController.java:1171)
06-11 10:35:11.172  3189  5958 W WindowManager: 	at com.android.server.wm.WindowOrganizerController.finishTransition(WindowOrganizerController.java:595)
06-11 10:35:11.172  3189  5958 W WindowManager: 	at android.window.IWindowOrganizerController$Stub.onTransact(IWindowOrganizerController.java:376)
06-11 10:35:11.172  3189  5958 W WindowManager: 	at com.android.server.wm.WindowOrganizerController.onTransact(WindowOrganizerController.java:238)
06-11 10:35:11.172  3189  5958 W WindowManager: 	at android.os.Binder.execTransactInternal(Binder.java:1444)
06-11 10:35:11.172  3189  5958 W WindowManager: 	at android.os.Binder.execTransact(Binder.java:1378)
06-11 10:35:11.172  3189  5958 W Process : Unable to open /proc/29795/status
06-11 10:35:11.172  3189  5958 I WindowManager: Window{b6b2e36 u0 com.earthengine.minimalglobe/com.earthengine.minimalglobe.MainActivity EXITING} state from HAS_DRAWN to DRAW_PENDING; reason: resetDrawState
06-11 10:35:11.172  3189  3759 W ActivityManager: pid 5163 received async transactions while frozen
06-11 10:35:11.172  3189  3759 W ActivityManager: pid 9105 received async transactions while frozen
06-11 10:35:11.172  3189  3759 W ActivityManager: pid 11515 received async transactions while frozen
06-11 10:35:11.172  3189  3759 W ActivityManager: pid 11575 received async transactions while frozen
06-11 10:35:11.172  3189  3759 W ActivityManager: pid 11665 received async transactions while frozen
06-11 10:35:11.172  3189  3759 W ActivityManager: pid 12423 received async transactions while frozen
06-11 10:35:11.172  3189  3759 W ActivityManager: pid 17458 received async transactions while frozen
06-11 10:35:11.172  3189  3759 W ActivityManager: pid 21286 received async transactions while frozen
06-11 10:35:11.172  3189  3759 W ActivityManager: pid 22209 received async transactions while frozen
06-11 10:35:11.172  3189  3759 W ActivityManager: pid 22600 received async transactions while frozen
06-11 10:35:11.172  3189  3759 W ActivityManager: pid 24367 received async transactions while frozen
06-11 10:35:11.173  3189  3759 W ActivityManager: pid 28792 received async transactions while frozen
06-11 10:35:11.173  3189  3759 W ActivityManager: pid 30582 received async transactions while frozen
06-11 10:35:11.173  3189  5958 I OplusAppSwitchManagerService:  handleAppVisible , r = ActivityRecord{6207955 u0 com.android.launcher/.Launcher t2}
06-11 10:35:11.173  3189  3759 W ActivityManager: pid 31935 received async transactions while frozen
06-11 10:35:11.173  3189  5958 D WindowManager: NFW_findFocusedWindowIfNeeded:null mCurrentFocus:null
06-11 10:35:11.173  3189  5958 D WindowManager: NFW_findFocusedWindowIfNeeded:null mCurrentFocus:null
06-11 10:35:11.173  1460 23496 W SeedlingShare: (com.oplus.games, assistant_game_icon_hide_switch_state) not in seeding shared white list.
06-11 10:35:11.173  3189  5958 D DisplayModeDirector: setAppRequest displayId : 4  modeId: 0  requestedRefreshRate: 0.0  requestedMinRefreshRateRange: 0.0  requestedMaxRefreshRateRange: 0.0
06-11 10:35:11.173  3189  3214 D Transition: finishTransaction-onCommitted syncId=1452
06-11 10:35:11.174  3189  5958 D DisplayModeDirector: setAppRequest displayId : 0  modeId: 1  requestedRefreshRate: 0.0  requestedMinRefreshRateRange: 0.0  requestedMaxRefreshRateRange: 120.00001
06-11 10:35:11.174  3189  5958 I TaskOrganizerController: onTaskInfoChanged taskid 2806 config { mBounds=Rect(0, 0 - 1240, 2772) mAppBounds=Rect(0, 0 - 1240, 2772) mMaxBounds=Rect(0, 0 - 1240, 2772) mDisplayRotation=ROTATION_0 mWindowingMode=fullscreen mActivityType=standard mAlwaysOnTop=undefined mRotation=ROTATION_0}
06-11 10:35:11.174  1575  1575 D Zygote  : Forked child process 30334
06-11 10:35:11.174  3189  5958 D OplusFlexibleDragToSplitAnimController: visibleFlexibleTaskInfos delete:2806
06-11 10:35:11.174  3189  5958 D OplusFlexibleDragAnimationBaseState: handleRunningTaskInfo:TaskInfo{userId=0 taskId=2806 effectiveUid=10602 displayId=0 isRunning=false baseIntent=Intent { flg=0x10000000 cmp=com.earthengine.minimalglobe/.MainActivity mCallingUid=2000 } baseActivity=null topActivity=null origActivity=null realActivity=ComponentInfo{com.earthengine.minimalglobe/com.earthengine.minimalglobe.MainActivity}
06-11 10:35:11.174  3189  5958 D OplusFlexibleDragAnimationBaseState:  numActivities=0 lastActiveTime=242664909 supportsSplitScreenMultiWindow=true supportsMultiWindow=true supportsPocketStudioMultiWindow=true isInFlexibleEmbedded = false uid = -1 pid = -1 resizeMode=1 isResizeable=true minWidth=-1 minHeight=-1 defaultMinSize=220 token=WCT{RemoteToken{3762ee0 Task{ed0203e #2806 type=standard A=10602:com.earthengine.minimalglobe}}} topActivityType=1 pictureInPictureParams=null shouldDockBigOverlays=false launchIntoPipHostTaskId=-1 lastParentTaskIdBeforePip=-1 displayCutoutSafeInsets=Rect(0, 139 - 0, 0)
06-11 10:35:11.174  3189  5958 D OplusFlexibleDragAnimationBaseState:  topActivityInfo=null launchCookies=[] positionInParent=Point(0, 0) parentTaskId=-1 isFocused=false isVisible=false isVisibleRequested=false isTopActivityNoDisplay=false isSleeping=false locusId=null displayAreaFeatureId=1 isTopActivityTransparent=false isActivityStackTransparent=true lastNonFullscreenBounds=Rect(322, 807 - 918, 2047) capturedLink=null capturedLinkTimestamp=0 requestedVisibleTypes=-9 topActivityRequestOpenInBrowserEducationTimestamp=0
06-11 10:35:11.174  3189  5958 D OplusFlexibleDragAnimationBaseState:  appCompatTaskInfo=AppCompatTaskInfo { topActivityInSizeCompat=false topActivityInOplusCompatMode=false eligibleForLetterboxEducation= false isLetterboxEducationEnabled= false isLetterboxDoubleTapEnabled= false eligibleForUserAspectRatioButton= false topActivityBoundsLetterboxed= false isFromLetterboxDoubleTap= false topActivityLetterboxVerticalPosition= -1 topActivityLetterboxHorizontalPosition= -1 topActivityLetterboxWidth=-1 topActivityLetterboxHeight=-1 topActivityAppBounds=Rect(0, 0 - 0, 0) isUserFullscreenOverrideEnabled=false isSystemFullscreenOverrideEnabled=false hasMinAspectRatioOverride=false topActivityLetterboxBounds=null cameraCompatTaskInfo=CameraCompatTaskInfo { freeformCameraCompatMode=undefined}} topActivityMainWindowFrame=null topActivityLetterboxInsets=Rect(0, 0 - 0, 0)
06-11 10:35:11.174  3189  5958 D OplusFlexibleDragAnimationBaseState:  mOplusExtraBundle = Bundle[{androidx.flexible.taskFrame=Rect(0, 0 - 0, 0), androidx.flexible.Alpha=1.0, androidx.activity.task.attach.blur=0, androidx.activity.LaunchInsensible=0, androidx.activity.LaunchCornerRadius=0, key_flexible_task_state=0, topActivitySupportAppInnerSplit=false, key_flexible_task_animating_type=-1, androidx.activity.LaunchScenario=0, is_oplus_clone_task=false, flexible_super_mini_state=false, androidx.activity.LaunchScale=1.0, androidx.activity.LaunchShadowRadius=0, is_transient_hide_for_task_info=false}]}state:0
06-11 10:35:11.174  3189  5958 E FlexibleWindowManagerService: notifyTaskObserverToAttachController not need to notify!
06-11 10:35:11.174  3189  5958 I FlexibleWindowManagerService: onFlexibleWindowTaskInfoChanged, return for cur task not embedded
06-11 10:35:11.175  1460 23496 W AppInfo : AppInfo create Uri content://com.nearme.instant.platform.res/com.coloros.gamespaceui.quickapp.guide/manifest.json
06-11 10:35:11.175  3189  5958 D ActivityTaskManager: removeAppToken: ActivityRecord{137025108 u0 com.earthengine.minimalglobe/.MainActivity t2806 f}} delayed=true parent=Task{ed0203e #2806 type=standard A=10602:com.earthengine.minimalglobe} animating=true Callers=com.android.server.wm.ActivityRecord.removeImmediately:5344 com.android.server.wm.WindowToken.removeIfPossible:267 com.android.server.wm.WindowToken.handleCompleteDeferredRemoval:273 com.android.server.wm.WindowContainer.handleCompleteDeferredRemoval:1646 
06-11 10:35:11.175  4533 21771 I iopgp   : Iopgp: TRANSACTION_IOPGP_PRELOAD Sequence_id = 471 pkg_name = com.earthengine.minimalglobe uid = 10602 size = 1 isProfile = 1
06-11 10:35:11.175  3189  5958 I WindowManager: Window{b6b2e36 u0 com.earthengine.minimalglobe/com.earthengine.minimalglobe.MainActivity EXITING} state from DRAW_PENDING to NO_SURFACE; reason: destroySurface
06-11 10:35:11.175  3189  5958 D DisplayModeDirector: setAppRequest displayId : 4  modeId: 0  requestedRefreshRate: 0.0  requestedMinRefreshRateRange: 0.0  requestedMaxRefreshRateRange: 0.0
06-11 10:35:11.175  1460 23496 W PackageFilesValidator: isInvalidResource: AppDistributionMeta is null
06-11 10:35:11.175  3189  4683 I OplusHansManager : onUidActive() update stay time, uid=10602, pkgName=com.earthengine.minimalglobe, U stay=43
06-11 10:35:11.176  6967  6967 V DeepThinker: BroadcastReceiverWrapper: onReceive, start dispatch oplus.intent.action.PACKAGE_REMOVED
06-11 10:35:11.176  3189  5958 D DisplayModeDirector: setAppRequest displayId : 0  modeId: 1  requestedRefreshRate: 0.0  requestedMinRefreshRateRange: 0.0  requestedMaxRefreshRateRange: 120.00001
06-11 10:35:11.176  6967  6967 V DeepThinker: BroadcastReceiverWrapper: onReceive, finish dispatch oplus.intent.action.PACKAGE_REMOVED  category : null  Time consuming : 0 ms
06-11 10:35:11.176  3189  5958 D OplusMirageWindowManagerService: onTaskRemoved displayid:0 taskId:2806 callers:com.android.server.wm.MirageWindowManagerExtImpl.onTaskRemoved:47 com.android.server.wm.TaskDisplayArea.removeChildTask:391 com.android.server.wm.TaskDisplayArea.removeChild:380 com.android.server.wm.WindowContainer.removeImmediately:1098 com.android.server.wm.TaskFragment.removeImmediately:3767 
06-11 10:35:11.176  3189  5958 I OplusScreenSecurityMask: onStackRemoved task = Task{ed0203e #2806 type=standard A=10602:com.earthengine.minimalglobe} record = null displayId = 0
06-11 10:35:11.177  3189  5958 D OplusTransitionController: finishTransition, transition: TransitionRecord{abc1da1 id=1452 track=0 type=CLOSE flags=0x0 state=4 c=[
06-11 10:35:11.177  3189  5958 D OplusTransitionController:    ChangeInfo{ea5dbc6 container=ActivityRecord{6207955 u0 com.android.launcher/.Launcher t2} flags=0x0}
06-11 10:35:11.177  3189  5958 D OplusTransitionController:    ChangeInfo{ff25704 container=WallpaperWindowToken{279cd35 showWhenLocked=false} flags=0x0}
06-11 10:35:11.177  3189  5958 D OplusTransitionController:    ChangeInfo{6b91787 container=Display{#0 state=ON size=1240x2772 ROTATION_0} flags=0x0}
06-11 10:35:11.177  3189  5958 D OplusTransitionController:    ChangeInfo{b6456b4 container=ActivityRecord{137025108 u0 com.earthengine.minimalglobe/.MainActivity t-1 f} isExiting} flags=0x0}
06-11 10:35:11.177  3189  5958 D OplusTransitionController:    ChangeInfo{2f2af96 container=Task{8354b3d #1 type=home} flags=0x30}
06-11 10:35:11.177  3189  5958 D OplusTransitionController:    ChangeInfo{f5bf2dd container=DefaultTaskDisplayArea@196011559 flags=0x0}
06-11 10:35:11.177  3189  5958 D OplusTransitionController:    ChangeInfo{213ee52 container=Task{cc210d4 #2 type=undefined I=com.android.launcher/.Launcher} flags=0x30}
06-11 10:35:11.177  3189  5958 D OplusTransitionController:    ChangeInfo{6d8a717 container=Task{ed0203e #2806 type=standard A=10602:com.earthengine.minimalglobe} flags=0x0}
06-11 10:35:11.177  3189  5958 D OplusTransitionController: ]
06-11 10:35:11.177  3189  5958 D OplusTransitionController: }
06-11 10:35:11.177  3189  5958 D FlexibleTaskTransitionController:  finishTransition pendingRecentToFlexibleTask:null,isRotationTransition:false ,pendingRecentToFlexible:null ,transition:TransitionRecord{abc1da1 id=1452 track=0 type=CLOSE flags=0x0 state=4 c=[
06-11 10:35:11.177  3189  5958 D FlexibleTaskTransitionController:    ChangeInfo{ea5dbc6 container=ActivityRecord{6207955 u0 com.android.launcher/.Launcher t2} flags=0x0}
06-11 10:35:11.177  3189  5958 D FlexibleTaskTransitionController:    ChangeInfo{ff25704 container=WallpaperWindowToken{279cd35 showWhenLocked=false} flags=0x0}
06-11 10:35:11.177  3189  5958 D FlexibleTaskTransitionController:    ChangeInfo{6b91787 container=Display{#0 state=ON size=1240x2772 ROTATION_0} flags=0x0}
06-11 10:35:11.177  3189  5958 D FlexibleTaskTransitionController:    ChangeInfo{b6456b4 container=ActivityRecord{137025108 u0 com.earthengine.minimalglobe/.MainActivity t-1 f} isExiting} flags=0x0}
06-11 10:35:11.177  3189  5958 D FlexibleTaskTransitionController:    ChangeInfo{2f2af96 container=Task{8354b3d #1 type=home} flags=0x30}
06-11 10:35:11.177  3189  5958 D FlexibleTaskTransitionController:    ChangeInfo{f5bf2dd container=DefaultTaskDisplayArea@196011559 flags=0x0}
06-11 10:35:11.177  3189  5958 D FlexibleTaskTransitionController:    ChangeInfo{213ee52 container=Task{cc210d4 #2 type=undefined I=com.android.launcher/.Launcher} flags=0x30}
06-11 10:35:11.177  3189  5958 D FlexibleTaskTransitionController:    ChangeInfo{6d8a717 container=Task{ed0203e #2806 type=standard A=10602:com.earthengine.minimalglobe} flags=0x0}
06-11 10:35:11.177  3189  5958 D FlexibleTaskTransitionController: ]
06-11 10:35:11.177  3189  5958 D FlexibleTaskTransitionController: }
06-11 10:35:11.177  3189  3265 W UserAwareMgr: event can not be released, id: 5001, count: 2, releasePid: 3189
06-11 10:35:11.178  6967  6967 V DeepThinker: BroadcastReceiverWrapper: onReceive, start dispatch oplus.intent.action.PACKAGE_ADDED
06-11 10:35:11.178  4329  4424 D ShellTaskOrganizer: onTransitionFinish, isRecent:false
06-11 10:35:11.178  4329  4424 V WindowManagerShell: Playing animation for (#1453) android.os.BinderProxy@f4f04b9@0
06-11 10:35:11.178  4329  4424 V ShellRecents: RecentsTransitionHandler.startAnimation: no controller found
06-11 10:35:11.178  4329  4424 V WindowManagerShell: start OnePuttTransition animation, info = {id=1453 t=OPEN f=0x0 trk=0 r=[0@Point(0, 0)] c=[{m=OPEN f=NONE leash=Surface(name=Task=2807)/@0x3c95509 sb=Rect(0, 0 - 1240, 2772) eb=Rect(0, 0 - 1240, 2772) epz=Point(1240, 2772) d=0 taskParent=-1},{m=TO_BACK f=SHOW_WALLPAPER leash=Surface(name=Task=1)/@0x298230e sb=Rect(0, 0 - 1240, 2772) eb=Rect(0, 0 - 1240, 2772) epz=Point(1240, 2772) d=0 taskParent=-1}] 
06-11 10:35:11.178  4329  4424 V WindowManagerShell: extendInfo=[
06-11 10:35:11.178  4329  4424 V WindowManagerShell:  OplusTransitionExtendedInfo{mTmpFinishT=null, mInOplusCompatMode=false, mIsProcessRunning=false, mHasMismatchBoundsTarget=false, mRecentsController=null, mRemoteTransition=null, mIsTranslucentActivityToHome=false, mAvoidInterceptKeyEventToHome=false, mIsFromHome=false, mParentLeash=null, mBackAnimClosingLeash=null, mIsOplusAnimRes=false, mKeepBgForContinuous=false, mIsBalAllow=true, mTaskNotInRecent=false, mIsPredictiveBackAnim=false, mIsMergedWithPredictive=false, mIsLaunchFromSpruce=false, mIsLaunchFromDrive=false, mGlobalSearchPageSwitch=false, mNeedNoAlphaGlobalSearchScene=false, mAssistScreenShowing=false, mSwipeUpBrowserScreenShowing=false, mUserIdTransition=0
06-11 10:35:11.178  4329  4424 V WindowManagerShell: , mInRemoteScene=false, mInPreReady=false, mPreStart=false, mToken=null, mAbortByRemoteFromHome=false, mShellApplyToken=null, mRequestTransitionTaskId=2807, mAbortTransitionOnShell=0, mStartFromShortcut=false, mRemovedTaskId=-1, mTransitionInterruptType=0, mMergeSecondTaskId=-1, mTaskIdStartFromRecents=0, mTransitionId=1453, mCanUseSpringSlideAnim=false, mTransitionLaunchFrom=0, mFoldChangeType=-1, mAnimStartingPosition=[0, 0, 0, 0], mIsOpeningStkDialogActivity=false, mSecondaryHomeToFrontWhenUnFolding=false, mIsNeedApplyStartTForEmbedded=false
06-11 10:35:11.178  4329  4424 V WindowManagerShell: , mNeedCanvasExitAnim=false, mMergeSecondTaskAnimation=false, mIsLaunchUnityStart=false, mIsLaunchFromAssistantByDefault=false, mSkipRemoteTransitionfalse, mIsStartFromKeyguard=false flags=0x0, mWCT=null, mIsOpenMergeToInValidPredictive=false, mPromoteTaskWhenKeyguard-1, mRootLayerZOrderArray={}}]}
06-11 10:35:11.178  4329  4424 D FlexibleTaskTransitionHandler:  performAnimation transition:android.os.BinderProxy@f4f04b9 ,info:{id=1453 t=OPEN f=0x0 trk=0 r=[0@Point(0, 0)] c=[{m=OPEN f=NONE leash=Surface(name=Task=2807)/@0x3c95509 sb=Rect(0, 0 - 1240, 2772) eb=Rect(0, 0 - 1240, 2772) epz=Point(1240, 2772) d=0 taskParent=-1},{m=TO_BACK f=SHOW_WALLPAPER leash=Surface(name=Task=1)/@0x298230e sb=Rect(0, 0 - 1240, 2772) eb=Rect(0, 0 - 1240, 2772) epz=Point(1240, 2772) d=0 taskParent=-1}] 
06-11 10:35:11.178  4329  4424 D FlexibleTaskTransitionHandler: extendInfo=[
06-11 10:35:11.178  4329  4424 D FlexibleTaskTransitionHandler:  OplusTransitionExtendedInfo{mTmpFinishT=null, mInOplusCompatMode=false, mIsProcessRunning=false, mHasMismatchBoundsTarget=false, mRecentsController=null, mRemoteTransition=null, mIsTranslucentActivityToHome=false, mAvoidInterceptKeyEventToHome=false, mIsFromHome=false, mParentLeash=null, mBackAnimClosingLeash=null, mIsOplusAnimRes=false, mKeepBgForContinuous=false, mIsBalAllow=true, mTaskNotInRecent=false, mIsPredictiveBackAnim=false, mIsMergedWithPredictive=false, mIsLaunchFromSpruce=false, mIsLaunchFromDrive=false, mGlobalSearchPageSwitch=false, mNeedNoAlphaGlobalSearchScene=false, mAssistScreenShowing=false, mSwipeUpBrowserScreenShowing=false, mUserIdTransition=0
06-11 10:35:11.178  4329  4424 D FlexibleTaskTransitionHandler: , mInRemoteScene=false, mInPreReady=false, mPreStart=false, mToken=null, mAbortByRemoteFromHome=false, mShellApplyToken=null, mRequestTransitionTaskId=2807, mAbortTransitionOnShell=0, mStartFromShortcut=false, mRemovedTaskId=-1, mTransitionInterruptType=0, mMergeSecondTaskId=-1, mTaskIdStartFromRecents=0, mTransitionId=1453, mCanUseSpringSlideAnim=false, mTransitionLaunchFrom=0, mFoldChangeType=-1, mAnimStartingPosition=[0, 0, 0, 0], mIsOpeningStkDialogActivity=false, mSecondaryHomeToFrontWhenUnFolding=false, mIsNeedApplyStartTForEmbedded=false
06-11 10:35:11.178  4329  4424 D FlexibleTaskTransitionHandler: , mNeedCanvasExitAnim=false, mMergeSecondTaskAnimation=false, mIsLaunchUnityStart=false, mIsLaunchFromAssistantByDefault=false, mSkipRemoteTransitionfalse, mIsStartFromKeyguard=false flags=0x0, mWCT=null, mIsOpenMergeToInValidPredictive=false, mPromoteTaskWhenKeyguard-1, mRootLayerZOrderArray={}}]}
06-11 10:35:11.178  4329  4424 D FlexibleTaskTransitionHandler:  no need handler this transitionInfo: {id=1453 t=OPEN f=0x0 trk=0 r=[0@Point(0, 0)] c=[{m=OPEN f=NONE leash=Surface(name=Task=2807)/@0x3c95509 sb=Rect(0, 0 - 1240, 2772) eb=Rect(0, 0 - 1240, 2772) epz=Point(1240, 2772) d=0 taskParent=-1},{m=TO_BACK f=SHOW_WALLPAPER leash=Surface(name=Task=1)/@0x298230e sb=Rect(0, 0 - 1240, 2772) eb=Rect(0, 0 - 1240, 2772) epz=Point(1240, 2772) d=0 taskParent=-1}] 
06-11 10:35:11.178  4329  4424 D FlexibleTaskTransitionHandler: extendInfo=[
06-11 10:35:11.178  4329  4424 D FlexibleTaskTransitionHandler:  OplusTransitionExtendedInfo{mTmpFinishT=null, mInOplusCompatMode=false, mIsProcessRunning=false, mHasMismatchBoundsTarget=false, mRecentsController=null, mRemoteTransition=null, mIsTranslucentActivityToHome=false, mAvoidInterceptKeyEventToHome=false, mIsFromHome=false, mParentLeash=null, mBackAnimClosingLeash=null, mIsOplusAnimRes=false, mKeepBgForContinuous=false, mIsBalAllow=true, mTaskNotInRecent=false, mIsPredictiveBackAnim=false, mIsMergedWithPredictive=false, mIsLaunchFromSpruce=false, mIsLaunchFromDrive=false, mGlobalSearchPageSwitch=false, mNeedNoAlphaGlobalSearchScene=false, mAssistScreenShowing=false, mSwipeUpBrowserScreenShowing=false, mUserIdTransition=0
06-11 10:35:11.178  4329  4424 D FlexibleTaskTransitionHandler: , mInRemoteScene=false, mInPreReady=false, mPreStart=false, mToken=null, mAbortByRemoteFromHome=false, mShellApplyToken=null, mRequestTransitionTaskId=2807, mAbortTransitionOnShell=0, mStartFromShortcut=false, mRemovedTaskId=-1, mTransitionInterruptType=0, mMergeSecondTaskId=-1, mTaskIdStartFromRecents=0, mTransitionId=1453, mCanUseSpringSlideAnim=false, mTransitionLaunchFrom=0, mFoldChangeType=-1, mAnimStartingPosition=[0, 0, 0, 0], mIsOpeningStkDialogActivity=false, mSecondaryHomeToFrontWhenUnFolding=false, mIsNeedApplyStartTForEmbedded=false
06-11 10:35:11.178  4329  4424 D FlexibleTaskTransitionHandler: , mNeedCanvasExitAnim=false, mMergeSecondTaskAnimation=false, mIsLaunchUnityStart=false, mIsLaunchFromAssistantByDefault=false, mSkipRemoteTransitionfalse, mIsStartFromKeyguard=false flags=0x0, mWCT=null, mIsOpenMergeToInValidPredictive=false, mPromoteTaskWhenKeyguard-1, mRootLayerZOrderArray={}}]}
06-11 10:35:11.179  4329  4424 V WindowManagerShell: Transition doesn't have explicit remote, search filters for match for {id=1453 t=OPEN f=0x0 trk=0 r=[0@Point(0, 0)] c=[{m=OPEN f=NONE leash=Surface(name=Task=2807)/@0x3c95509 sb=Rect(0, 0 - 1240, 2772) eb=Rect(0, 0 - 1240, 2772) epz=Point(1240, 2772) d=0 taskParent=-1},{m=TO_BACK f=SHOW_WALLPAPER leash=Surface(name=Task=1)/@0x298230e sb=Rect(0, 0 - 1240, 2772) eb=Rect(0, 0 - 1240, 2772) epz=Point(1240, 2772) d=0 taskParent=-1}] 
06-11 10:35:11.179  4329  4424 V WindowManagerShell: extendInfo=[
06-11 10:35:11.179  4329  4424 V WindowManagerShell:  OplusTransitionExtendedInfo{mTmpFinishT=null, mInOplusCompatMode=false, mIsProcessRunning=false, mHasMismatchBoundsTarget=false, mRecentsController=null, mRemoteTransition=null, mIsTranslucentActivityToHome=false, mAvoidInterceptKeyEventToHome=false, mIsFromHome=false, mParentLeash=null, mBackAnimClosingLeash=null, mIsOplusAnimRes=false, mKeepBgForContinuous=false, mIsBalAllow=true, mTaskNotInRecent=false, mIsPredictiveBackAnim=false, mIsMergedWithPredictive=false, mIsLaunchFromSpruce=false, mIsLaunchFromDrive=false, mGlobalSearchPageSwitch=false, mNeedNoAlphaGlobalSearchScene=false, mAssistScreenShowing=false, mSwipeUpBrowserScreenShowing=false, mUserIdTransition=0
06-11 10:35:11.179  4329  4424 V WindowManagerShell: , mInRemoteScene=false, mInPreReady=false, mPreStart=false, mToken=null, mAbortByRemoteFromHome=false, mShellApplyToken=null, mRequestTransitionTaskId=2807, mAbortTransitionOnShell=0, mStartFromShortcut=false, mRemovedTaskId=-1, mTransitionInterruptType=0, mMergeSecondTaskId=-1, mTaskIdStartFromRecents=0, mTransitionId=1453, mCanUseSpringSlideAnim=false, mTransitionLaunchFrom=0, mFoldChangeType=-1, mAnimStartingPosition=[0, 0, 0, 0], mIsOpeningStkDialogActivity=false, mSecondaryHomeToFrontWhenUnFolding=false, mIsNeedApplyStartTForEmbedded=false
06-11 10:35:11.179  4329  4424 V WindowManagerShell: , mNeedCanvasExitAnim=false, mMergeSecondTaskAnimation=false, mIsLaunchUnityStart=false, mIsLaunchFromAssistantByDefault=false, mSkipRemoteTransitionfalse, mIsStartFromKeyguard=false flags=0x0, mWCT=null, mIsOpenMergeToInValidPredictive=false, mPromoteTaskWhenKeyguard-1, mRootLayerZOrderArray={}}]}
06-11 10:35:11.179  4329  4424 V WindowManagerShell:  Checking filter Pair{{types=[] flags=0x0] notFlags=0x100 checks=[{atype=home independent=true modes=[OPEN,TO_FRONT] flags=NONE mustBeTask=false order=TOP topActivity=ComponentInfo{com.android.launcher/com.android.launcher.Launcher} launchCookie=null windowingMode=undefined},{atype=standard independent=true modes=[CLOSE,TO_BACK] flags=NONE mustBeTask=false order=ANY topActivity=null launchCookie=null windowingMode=undefined}]} RemoteTransition { remoteTransition = android.window.IRemoteTransition$Stub$Proxy@4e96d80, appThread = android.app.IApplicationThread$Stub$Proxy@7c0cfb9, debugName = QuickstepLaunchHome }}
06-11 10:35:11.179  4329  4424 V WindowManagerShell:  Delegate animation for (#1453) to null
06-11 10:35:11.179  4329  4424 V WindowManagerShell: start default transition animation, info = {id=1453 t=OPEN f=0x0 trk=0 r=[0@Point(0, 0)] c=[{m=OPEN f=NONE leash=Surface(name=Task=2807)/@0x3c95509 sb=Rect(0, 0 - 1240, 2772) eb=Rect(0, 0 - 1240, 2772) epz=Point(1240, 2772) d=0 taskParent=-1},{m=TO_BACK f=SHOW_WALLPAPER leash=Surface(name=Task=1)/@0x298230e sb=Rect(0, 0 - 1240, 2772) eb=Rect(0, 0 - 1240, 2772) epz=Point(1240, 2772) d=0 taskParent=-1}] 
06-11 10:35:11.179  4329  4424 V WindowManagerShell: extendInfo=[
06-11 10:35:11.179  4329  4424 V WindowManagerShell:  OplusTransitionExtendedInfo{mTmpFinishT=null, mInOplusCompatMode=false, mIsProcessRunning=false, mHasMismatchBoundsTarget=false, mRecentsController=null, mRemoteTransition=null, mIsTranslucentActivityToHome=false, mAvoidInterceptKeyEventToHome=false, mIsFromHome=false, mParentLeash=null, mBackAnimClosingLeash=null, mIsOplusAnimRes=false, mKeepBgForContinuous=false, mIsBalAllow=true, mTaskNotInRecent=false, mIsPredictiveBackAnim=false, mIsMergedWithPredictive=false, mIsLaunchFromSpruce=false, mIsLaunchFromDrive=false, mGlobalSearchPageSwitch=false, mNeedNoAlphaGlobalSearchScene=false, mAssistScreenShowing=false, mSwipeUpBrowserScreenShowing=false, mUserIdTransition=0
06-11 10:35:11.179  4329  4424 V WindowManagerShell: , mInRemoteScene=false, mInPreReady=false, mPreStart=false, mToken=null, mAbortByRemoteFromHome=false, mShellApplyToken=null, mRequestTransitionTaskId=2807, mAbortTransitionOnShell=0, mStartFromShortcut=false, mRemovedTaskId=-1, mTransitionInterruptType=0, mMergeSecondTaskId=-1, mTaskIdStartFromRecents=0, mTransitionId=1453, mCanUseSpringSlideAnim=false, mTransitionLaunchFrom=0, mFoldChangeType=-1, mAnimStartingPosition=[0, 0, 0, 0], mIsOpeningStkDialogActivity=false, mSecondaryHomeToFrontWhenUnFolding=false, mIsNeedApplyStartTForEmbedded=false
06-11 10:35:11.179  4329  4424 V WindowManagerShell: , mNeedCanvasExitAnim=false, mMergeSecondTaskAnimation=false, mIsLaunchUnityStart=false, mIsLaunchFromAssistantByDefault=false, mSkipRemoteTransitionfalse, mIsStartFromKeyguard=false flags=0x0, mWCT=null, mIsOpenMergeToInValidPredictive=false, mPromoteTaskWhenKeyguard-1, mRootLayerZOrderArray={}}]}
06-11 10:35:11.179  4329  4424 D FSS_OplusFoldSwitchStateObserver: cancelAnimationIfNeedWhenFolding: foldChangeType = -1
06-11 10:35:11.179  3189  3252 D OplusFlexibleWindowMinimizedManagerHelper: onTaskVanished taskInfo:2806 task:Task{ed0203e #2806 type=standard A=10602:com.earthengine.minimalglobe}
06-11 10:35:11.179  3189  3252 D OplusFlexibleDragToSplitAnimController: visibleFlexibleTaskInfos delete:2806
06-11 10:35:11.179  3189  3252 D OplusFlexibleDragAnimationBaseState: handleRunningTaskInfo:TaskInfo{userId=0 taskId=2806 effectiveUid=10602 displayId=-1 isRunning=false baseIntent=Intent { flg=0x10000000 cmp=com.earthengine.minimalglobe/.MainActivity mCallingUid=2000 } baseActivity=null topActivity=null origActivity=null realActivity=ComponentInfo{com.earthengine.minimalglobe/com.earthengine.minimalglobe.MainActivity}
06-11 10:35:11.179  3189  3252 D OplusFlexibleDragAnimationBaseState:  numActivities=0 lastActiveTime=242664909 supportsSplitScreenMultiWindow=false supportsMultiWindow=false supportsPocketStudioMultiWindow=true isInFlexibleEmbedded = false uid = -1 pid = -1 resizeMode=1 isResizeable=true minWidth=-1 minHeight=-1 defaultMinSize=220 token=WCT{RemoteToken{3762ee0 Task{ed0203e #2806 type=standard A=10602:com.earthengine.minimalglobe}}} topActivityType=1 pictureInPictureParams=null shouldDockBigOverlays=false launchIntoPipHostTaskId=-1 lastParentTaskIdBeforePip=-1 displayCutoutSafeInsets=Rect(0, 0 - 0, 0)
06-11 10:35:11.179  3189  3252 D OplusFlexibleDragAnimationBaseState:  topActivityInfo=null launchCookies=[] positionInParent=Point(0, 0) parentTaskId=-1 isFocused=false isVisible=false isVisibleRequested=false isTopActivityNoDisplay=false isSleeping=false locusId=null displayAreaFeatureId=-1 isTopActivityTransparent=false isActivityStackTransparent=true lastNonFullscreenBounds=Rect(322, 807 - 918, 2047) capturedLink=null capturedLinkTimestamp=0 requestedVisibleTypes=-9 topActivityRequestOpenInBrowserEducationTimestamp=0
06-11 10:35:11.179  3189  3252 D OplusFlexibleDragAnimationBaseState:  appCompatTaskInfo=AppCompatTaskInfo { topActivityInSizeCompat=false topActivityInOplusCompatMode=false eligibleForLetterboxEducation= false isLetterboxEducationEnabled= false isLetterboxDoubleTapEnabled= false eligibleForUserAspectRatioButton= false topActivityBoundsLetterboxed= false isFromLetterboxDoubleTap= false topActivityLetterboxVerticalPosition= -1 topActivityLetterboxHorizontalPosition= -1 topActivityLetterboxWidth=-1 topActivityLetterboxHeight=-1 topActivityAppBounds=Rect(0, 0 - 0, 0) isUserFullscreenOverrideEnabled=false isSystemFullscreenOverrideEnabled=false hasMinAspectRatioOverride=false topActivityLetterboxBounds=null cameraCompatTaskInfo=CameraCompatTaskInfo { freeformCameraCompatMode=undefined}} topActivityMainWindowFrame=null topActivityLetterboxInsets=Rect(0, 0 - 0, 0)
06-11 10:35:11.179  3189  3252 D OplusFlexibleDragAnimationBaseState:  mOplusExtraBundle = Bundle[{androidx.flexible.taskFrame=Rect(0, 0 - 0, 0), androidx.flexible.Alpha=1.0, androidx.activity.task.attach.blur=0, androidx.activity.LaunchInsensible=0, androidx.activity.LaunchCornerRadius=0, key_flexible_task_state=0, topActivitySupportAppInnerSplit=false, key_flexible_task_animating_type=-1, androidx.activity.LaunchScenario=0, is_oplus_clone_task=false, flexible_super_mini_state=false, androidx.activity.LaunchScale=1.0, androidx.activity.LaunchShadowRadius=0, is_transient_hide_for_task_info=false}]}state:0
06-11 10:35:11.179  3189  3252 D FlexibleTaskController: no need releaseFlexibleCaptionView or destroyFlexibleDragLeash when non-caption-view-task vanished, task=Task{ed0203e #2806 type=standard A=10602:com.earthengine.minimalglobe}
06-11 10:35:11.179  3189  3252 D FlexibleWindowManagerService: notifyFlexibleTaskVanish taskId : 2806 is not taskEmbedded
06-11 10:35:11.179  3189  3252 D FlexibleWindowManagerService: onFlexibleWindowTaskVanished: task = 2806,size:0
06-11 10:35:11.180  3189  3252 D OplusFlexibleWindowMinimizedManagerHelper: onTaskVanished taskInfo:2806 task:Task{ed0203e #2806 type=standard A=10602:com.earthengine.minimalglobe}
06-11 10:35:11.180  3189  3252 D OplusFlexibleDragToSplitAnimController: visibleFlexibleTaskInfos delete:2806
06-11 10:35:11.180  3189  3252 D OplusFlexibleDragAnimationBaseState: handleRunningTaskInfo:TaskInfo{userId=0 taskId=2806 effectiveUid=10602 displayId=-1 isRunning=false baseIntent=Intent { flg=0x10000000 cmp=com.earthengine.minimalglobe/.MainActivity mCallingUid=2000 } baseActivity=null topActivity=null origActivity=null realActivity=ComponentInfo{com.earthengine.minimalglobe/com.earthengine.minimalglobe.MainActivity}
06-11 10:35:11.180  3189  3252 D OplusFlexibleDragAnimationBaseState:  numActivities=0 lastActiveTime=242664909 supportsSplitScreenMultiWindow=false supportsMultiWindow=false supportsPocketStudioMultiWindow=true isInFlexibleEmbedded = false uid = -1 pid = -1 resizeMode=1 isResizeable=true minWidth=-1 minHeight=-1 defaultMinSize=220 token=WCT{RemoteToken{3762ee0 Task{ed0203e #2806 type=standard A=10602:com.earthengine.minimalglobe}}} topActivityType=1 pictureInPictureParams=null shouldDockBigOverlays=false launchIntoPipHostTaskId=-1 lastParentTaskIdBeforePip=-1 displayCutoutSafeInsets=Rect(0, 0 - 0, 0)
06-11 10:35:11.180  3189  3252 D OplusFlexibleDragAnimationBaseState:  topActivityInfo=null launchCookies=[] positionInParent=Point(0, 0) parentTaskId=-1 isFocused=false isVisible=false isVisibleRequested=false isTopActivityNoDisplay=false isSleeping=false locusId=null displayAreaFeatureId=-1 isTopActivityTransparent=false isActivityStackTransparent=true lastNonFullscreenBounds=Rect(322, 807 - 918, 2047) capturedLink=null capturedLinkTimestamp=0 requestedVisibleTypes=-9 topActivityRequestOpenInBrowserEducationTimestamp=0
06-11 10:35:11.180  3189  3252 D OplusFlexibleDragAnimationBaseState:  appCompatTaskInfo=AppCompatTaskInfo { topActivityInSizeCompat=false topActivityInOplusCompatMode=false eligibleForLetterboxEducation= false isLetterboxEducationEnabled= false isLetterboxDoubleTapEnabled= false eligibleForUserAspectRatioButton= false topActivityBoundsLetterboxed= false isFromLetterboxDoubleTap= false topActivityLetterboxVerticalPosition= -1 topActivityLetterboxHorizontalPosition= -1 topActivityLetterboxWidth=-1 topActivityLetterboxHeight=-1 topActivityAppBounds=Rect(0, 0 - 0, 0) isUserFullscreenOverrideEnabled=false isSystemFullscreenOverrideEnabled=false hasMinAspectRatioOverride=false topActivityLetterboxBounds=null cameraCompatTaskInfo=CameraCompatTaskInfo { freeformCameraCompatMode=undefined}} topActivityMainWindowFrame=null topActivityLetterboxInsets=Rect(0, 0 - 0, 0)
06-11 10:35:11.180  3189  3252 D OplusFlexibleDragAnimationBaseState:  mOplusExtraBundle = Bundle[{androidx.flexible.taskFrame=Rect(0, 0 - 0, 0), androidx.flexible.Alpha=1.0, androidx.activity.task.attach.blur=0, androidx.activity.LaunchInsensible=0, androidx.activity.LaunchCornerRadius=0, key_flexible_task_state=0, topActivitySupportAppInnerSplit=false, key_flexible_task_animating_type=-1, androidx.activity.LaunchScenario=0, is_oplus_clone_task=false, flexible_super_mini_state=false, androidx.activity.LaunchScale=1.0, androidx.activity.LaunchShadowRadius=0, is_transient_hide_for_task_info=false}]}state:0
06-11 10:35:11.180  3189  3252 D FlexibleTaskController: no need releaseFlexibleCaptionView or destroyFlexibleDragLeash when non-caption-view-task vanished, task=Task{ed0203e #2806 type=standard A=10602:com.earthengine.minimalglobe}
06-11 10:35:11.180  3189  3252 D FlexibleWindowManagerService: notifyFlexibleTaskVanish taskId : 2806 is not taskEmbedded
06-11 10:35:11.180  3189  3252 D FlexibleWindowManagerService: onFlexibleWindowTaskVanished: task = 2806,size:0
06-11 10:35:11.180  4329  4424 W OplusShellTransition: no system app in targets, skip loading oplus animation.
06-11 10:35:11.181  4329  4424 V WindowManagerShell: loadAnimation: anim=android.view.animation.AnimationSet@8ce4727 animAttr=0x13 type=OPEN isEntrance=false
06-11 10:35:11.181  6967  6967 V DeepThinker: BroadcastReceiverWrapper: onReceive, finish dispatch oplus.intent.action.PACKAGE_ADDED  category : null  Time consuming : 0 ms
06-11 10:35:11.181  3189  4469 I OPM-Process: resume pkg: com.earthengine.minimalglobe, uid:10602, prev pkg: com.android.launcher, prev uid: 10196
06-11 10:35:11.181  4329  4424 D OplusShellTransition: default transition handler transfer value refresh rate rect:Rect(0, 0 - 1240, 2772)
06-11 10:35:11.181  4329  4424 D OplusShellTransition: startAnimation transitionToken=android.os.BinderProxy@f4f04b9
06-11 10:35:11.181 27947 27947 I GameSpaceUI.GameSpaceApplication: onTrimMemory level:40
06-11 10:35:11.181  4329  4424 W OplusShellTransition: no system app in targets, skip loading oplus animation.
06-11 10:35:11.182  4329  4424 V WindowManagerShell: loadAnimation: anim=android.view.animation.AnimationSet@e4e2ec3 animAttr=0x12 type=OPEN isEntrance=true
06-11 10:35:11.182  4329  4424 D OplusShellTransition: default transition handler transfer value refresh rate rect:Rect(0, 0 - 1240, 2772)
06-11 10:35:11.182  4329  4424 D OplusShellTransition: startAnimation transitionToken=android.os.BinderProxy@f4f04b9
06-11 10:35:11.182  4329  4424 D OplusShellTransition: addBackgroundColorOnTask, , isTaskLevelTransition = true, hasBgAlready = false
06-11 10:35:11.183  4329  4424 V WindowManagerShell:  animated by com.android.wm.shell.transition.DefaultTransitionHandler@f5c7157
06-11 10:35:11.183  4329  4424 D OplusShellTransition: dispatchTransition, animated mHandler: com.android.wm.shell.transition.DefaultTransitionHandler@f5c7157
06-11 10:35:11.183  4329  4424 D ShellTaskOrganizerExt: visibleFlexibleTaskInfos delete:2806
06-11 10:35:11.183  4329  4424 D ShellTaskOrganizerExt: isOnCanvas size:0
06-11 10:35:11.183  4329  4424 D ShellTaskOrganizerExt: isOnThreeFlexibleCanvas size:0
06-11 10:35:11.183  4329  4424 D ShellTaskOrganizer: Task vanished taskId=2806
06-11 10:35:11.183  4329  4424 D ShellTaskOrganizerExt: visibleFlexibleTaskInfos delete:2806
06-11 10:35:11.183  4329  4424 D ShellTaskOrganizerExt: isOnCanvas size:0
06-11 10:35:11.183  4329  4424 D ShellTaskOrganizerExt: isOnThreeFlexibleCanvas size:0
06-11 10:35:11.183  4329  4424 D FlexibleSeekBarManager: removeAlpha for taskId=2806
06-11 10:35:11.183  6967  6967 V DeepThinker: BroadcastReceiverWrapper: onReceive, start dispatch oplus.intent.action.PACKAGE_ADDED
06-11 10:35:11.183  6967  6967 V DeepThinker: BroadcastReceiverWrapper: onReceive, finish dispatch oplus.intent.action.PACKAGE_ADDED  category : null  Time consuming : 0 ms
06-11 10:35:11.184  3189  3248 V WindowManager: Sent Transition (#1453) createdAt=06-11 10:35:11.105 via request=TransitionRequestInfo { type = OPEN, triggerTask = TaskInfo{userId=0 taskId=2807 effectiveUid=10602 displayId=0 isRunning=true baseIntent=Intent { flg=0x10000000 cmp=com.earthengine.minimalglobe/.MainActivity mCallingUid=2000 } baseActivity=ComponentInfo{com.earthengine.minimalglobe/com.earthengine.minimalglobe.MainActivity} topActivity=ComponentInfo{com.earthengine.minimalglobe/com.earthengine.minimalglobe.MainActivity} origActivity=null realActivity=ComponentInfo{com.earthengine.minimalglobe/com.earthengine.minimalglobe.MainActivity}
06-11 10:35:11.184  3189  3248 V WindowManager:  numActivities=1 lastActiveTime=242708441 supportsSplitScreenMultiWindow=true supportsMultiWindow=true supportsPocketStudioMultiWindow=true isInFlexibleEmbedded = false uid = 10602 pid = 0 resizeMode=1 isResizeable=true minWidth=-1 minHeight=-1 defaultMinSize=220 token=WCT{RemoteToken{ea80933 Task{751611d #2807 type=standard A=10602:com.earthengine.minimalglobe}}} topActivityType=1 pictureInPictureParams=null shouldDockBigOverlays=false launchIntoPipHostTaskId=-1 lastParentTaskIdBeforePip=-1 displayCutoutSafeInsets=Rect(0, 139 - 0, 0)
06-11 10:35:11.184  3189  3248 V WindowManager:  topActivityInfo=ActivityInfo{ed16bab com.earthengine.minimalglobe.MainActivity} launchCookies=[] positionInParent=Point(0, 0) parentTaskId=-1 isFocused=false isVisible=false isVisibleRequested=false isTopActivityNoDisplay=false isSleeping=false locusId=null displayAreaFeatureId=1 isTopActivityTransparent=false isActivityStackTransparent=false lastNonFullscreenBounds=Rect(322, 807 - 918, 2047) capturedLink=null capturedLinkTimestamp=0 requestedVisibleTypes=-9 topActivityRequestOpenInBrowserEducationTimestamp=0
06-11 10:35:11.184  3189  3248 V WindowManager:  appCompatTaskInfo=AppCompatTaskInfo { topActivityInSizeCompat=false topActivityInOplusCompatMode=false eligibleForLetterboxEducation= false isLetterboxEducationEnabled= false isLetterboxDoubleTapEnabled= false eligibleForUserAspectRatioButton= false topActivityBoundsLetterboxed= false isFromLetterboxDoubleTap= false topActivityLetterboxVerticalPosition= -1 topActivityLetterboxHorizontalPosition= -1 topActivityLetterboxWidth=-1 topActivityLetterboxHeight=-1 topActivityAppBounds=Rect(0, 0 - 1240, 2772) isUserFullscreenOverrideEnabled=false isSystemFullscreenOverrideEnabled=false hasMinAspectRatioOverride=false topActivityLetterboxBounds=null cameraCompatTaskInfo=CameraCompatTaskInfo { freeformCameraCompatMode=inactive}} topActivityMainWindowFrame=null topActivityLetterboxInsets=Rect(0, 0 - 0, 0)
06-11 10:35:11.184  3189  3248 V WindowManager:  mOplusExtraBundle = Bundle[{androidx.flexible.taskFrame=Rect(0, 0 - 0, 0), androidx.flexible.Alpha=1.0, androidx.activity.task.attach.blur=0, androidx.activity.LaunchInsensible=0, androidx.activity.LaunchCornerRadius=0, key_flexible_task_state=0, topActivitySupportAppInnerSplit=false, key_flexible_task_animating_type=-1, key_flexible_task_root_activity_processname=com.earthengine.minimalglobe, androidx.activity.LaunchScenario=0, is_oplus_clone_task=false, flexible_super_mini_state=false, topRunningActivityHash=111100810, androidx.activity.LaunchScale=1.0, androidx.activity.LaunchShadowRadius=0, is_transient_hide_for_task_info=false, key_flexible_task_root_activity_pid=0, key_flexible_task_root_activity_uid=10602}]}, pipChange = null, remoteTransition = null, displayChange = null, flags = 0, debugId = 1453 }
06-11 10:35:11.187  3189  3248 V WindowManager:     startWCT=WindowContainerTransaction { changes= {} hops= [] errorCallbackToken=null taskFragmentOrganizer=null }
06-11 10:35:11.187  3189  3248 V WindowManager:     info={id=1453 t=OPEN f=0x0 trk=0 r=[0@Point(0, 0)] c=[
06-11 10:35:11.187  3189  3248 V WindowManager:         {WCT{RemoteToken{ea80933 Task{751611d #2807 type=standard A=10602:com.earthengine.minimalglobe}}} m=OPEN f=NONE leash=Surface(name=Task=2807)/@0x51018a2 sb=Rect(0, 0 - 1240, 2772) eb=Rect(0, 0 - 1240, 2772) epz=Point(1240, 2772) d=0 taskParent=-1},
06-11 10:35:11.187  3189  3248 V WindowManager:         {WCT{RemoteToken{d6c47d5 Task{8354b3d #1 type=home}}} m=TO_BACK f=SHOW_WALLPAPER leash=Surface(name=Task=1)/@0x60d1c92 sb=Rect(0, 0 - 1240, 2772) eb=Rect(0, 0 - 1240, 2772) epz=Point(1240, 2772) d=0 taskParent=-1}
06-11 10:35:11.187  3189  3248 V WindowManager:     ] 
06-11 10:35:11.187  3189  3248 V WindowManager: extendInfo=[
06-11 10:35:11.187  3189  3248 V WindowManager:  OplusTransitionExtendedInfo{mTmpFinishT=null, mInOplusCompatMode=false, mIsProcessRunning=false, mHasMismatchBoundsTarget=false, mRecentsController=null, mRemoteTransition=null, mIsTranslucentActivityToHome=false, mAvoidInterceptKeyEventToHome=false, mIsFromHome=false, mParentLeash=null, mBackAnimClosingLeash=null, mIsOplusAnimRes=false, mKeepBgForContinuous=false, mIsBalAllow=true, mTaskNotInRecent=false, mIsPredictiveBackAnim=false, mIsMergedWithPredictive=false, mIsLaunchFromSpruce=false, mIsLaunchFromDrive=false, mGlobalSearchPageSwitch=false, mNeedNoAlphaGlobalSearchScene=false, mAssistScreenShowing=false, mSwipeUpBrowserScreenShowing=false, mUserIdTransition=0
06-11 10:35:11.187  3189  3248 V WindowManager: , mInRemoteScene=false, mInPreReady=false, mPreStart=false, mToken=null, mAbortByRemoteFromHome=false, mShellApplyToken=null, mRequestTransitionTaskId=2807, mAbortTransitionOnShell=0, mStartFromShortcut=false, mRemovedTaskId=-1, mTransitionInterruptType=0, mMergeSecondTaskId=-1, mTaskIdStartFromRecents=0, mTransitionId=1453, mCanUseSpringSlideAnim=false, mTransitionLaunchFrom=0, mFoldChangeType=-1, mAnimStartingPosition=[0, 0, 0, 0], mIsOpeningStkDialogActivity=false, mSecondaryHomeToFrontWhenUnFolding=false, mIsNeedApplyStartTForEmbedded=false
06-11 10:35:11.187  3189  3248 V WindowManager: , mNeedCanvasExitAnim=false, mMergeSecondTaskAnimation=false, mIsLaunchUnityStart=false, mIsLaunchFromAssistantByDefault=false, mSkipRemoteTransitionfalse, mIsStartFromKeyguard=false flags=0x0, mWCT=null, mIsOpenMergeToInValidPredictive=false, mPromoteTaskWhenKeyguard-1, mRootLayerZOrderArray={}}]}
06-11 10:35:11.188  3189  3265 W UserAwareMgr: event can not be released, id: 5005, count: 2, releasePid: 3189
06-11 10:35:11.190 26764 26764 I WeatherS_AutoGetLocationService: onStartCommand intent: true flags: 0 startId: 1
06-11 10:35:11.190  3189  3264 D WallpaperControllerExtImpl: screenshot + id = 2 userId = 0
06-11 10:35:11.190  1877  1877 E BpTransactionCompletedListener: Failed to transact (-32)
06-11 10:35:11.191  3189  5645 D OPM     : notifyPreloadResult com.earthengine.minimalglobe, type: 2, success: true, res: 0
06-11 10:35:11.191  1877  1877 E BpTransactionCompletedListener: Failed to transact (-32)
06-11 10:35:11.191  3189  4691 I BLASTSyncEngine: onCommitted syncId: 1453, timeout: false ran: false
06-11 10:35:11.192  4650 23082 I TaskStackChangeListeners: onTaskRemoved(), cur=2806
06-11 10:35:11.192  4650  8023 I TaskStackChangeListeners: onTaskRemoved(), cur=2806
06-11 10:35:11.193  4650  5017 I SystemUiProxy: SystemUiProxy#getRecentTasks isInGoRecentsAnim: false
06-11 10:35:11.196  3189  5976 D ActivityTaskManager: Skipping, invisible task: Task{cc210d4 #2 type=undefined I=com.android.launcher/.Launcher}
06-11 10:35:11.196  3189  5976 D ActivityTaskManager: after skip size:1,pre-Filtered:com.earthengine.minimalglobe # 
06-11 10:35:11.196  1667 15952 I sensors-hal: handle_oplus_wise_rgb_event:230, wise_rgb:algo_type = 3
06-11 10:35:11.196  4329  4424 D ZoomController: onTaskRemoved
06-11 10:35:11.196  4329  4424 D ZoomController: onTaskRemoved
06-11 10:35:11.197  1667 15988 I sensors-hal: handle_oplus_wise_rgb_event:301, oplus wise_rgb sample: (4202)(cct, lux, ir_ratio, r, g, b, c)[6445, 513, 34, 41073, 35799, 20265, 90894]
06-11 10:35:11.196  1667 15952 I sensors-hal: handle_oplus_wise_rgb_event:285, wise_rgb: raw_lux 513.821655, raw_cct 6445.640625, r/g/b/c: 41073.183594/35799.003906/20265.390625/90894.695312, R/G/B: 0.000000/0.000000/0.000000, brl 1529.000000, lux: 513.821655, cct: 6445.640625, ts 242708514682447, cnt 4202
06-11 10:35:11.198  5227  5273 W mk_frozen: onSuccess:force_pkg,requestId:59,delayTime:120000
06-11 10:35:11.199  3189  3265 W UserAwareMgr: event can not be released, id: 2020, count: 2, releasePid: 4650
06-11 10:35:11.199  3189  3189 W LoadedApk: System took : 221ms in onReceive of class com.android.server.backup.UserBackupManagerService$2 for action : android.intent.action.PACKAGE_ADDED
06-11 10:35:11.199  3189  3189 W Looper  : Slow dispatch took 221ms main app=system_server main=true group=SKIP h=android.app.ActivityThread$H c=android.app.LoadedApk$ReceiverDispatcher$Args$$ExternalSyntheticLambda0@be44d4d m=0
06-11 10:35:11.201 30334 30334 I ne.minimalglobe: isSwordfishLaunchAppEnabled_ 1 isSwordfishInstallAppEnabled_ 1
06-11 10:35:11.201 30334 30334 I ne.minimalglobe: Late-enabling -Xcheck:jni
06-11 10:35:11.203  5227 11080 W mk_frozen: real cancel short task:force_pkg,requestId:59
06-11 10:35:11.208 27947 30327 I com.oplus.games: Waiting for a blocking GC Explicit
06-11 10:35:11.212  1708  1815 E ANDR-PERF-LM: MetaMeter: handleAsync() 166: AdaptLaunch Invalid Async
06-11 10:35:11.212  1708  1815 E ANDR-PERF-LM: MetaMeter: handleAsync() 166: AdaptLaunch Invalid Async
06-11 10:35:11.213  3189 30335 W ContextImpl: Calling a method in the system process without a qualified user: android.app.ContextImpl.sendBroadcast:1281 com.qualcomm.qti.Performance$SendGameLaunchBroadcast.run:292 java.lang.Thread.run:1119 <bottom of call stack> <bottom of call stack> 
06-11 10:35:11.214  3189  3272 W ActivityManager: Slow operation: 96ms so far, now at startProcess: returned from zygote!
06-11 10:35:11.217  6500  6500 W MediaProvider: WorkProfileOwnerApps cache miss for package com.earthengine.minimalglobe
06-11 10:35:11.217  6500  6500 D PickerSyncLockManager: Trying to acquire lock com.android.providers.media.photopicker.sync.CloseableReentrantLock@87ea405[Unlocked]. Lock Name = CLOUD_PROVIDER_LOCK. Threads that may be waiting to acquire this lock = []
06-11 10:35:11.217  6500  6500 D CloseableReentrantLock: Successfully acquired lock com.android.providers.media.photopicker.sync.CloseableReentrantLock@87ea405[Locked by thread main]. Lock Name = CLOUD_PROVIDER_LOCK. Threads that may be waiting to acquire this lock = []
06-11 10:35:11.217  6500  6500 D CloseableReentrantLock: Successfully released lock com.android.providers.media.photopicker.sync.CloseableReentrantLock@87ea405[Unlocked]. Lock Name = CLOUD_PROVIDER_LOCK. Threads that may be waiting to acquire this lock = []
06-11 10:35:11.217  6716  6716 I SG::PackageReceiver: onReceive action = android.intent.action.PACKAGE_REMOVED [base|com.oplus.pantanal.ums|2.0.44-25e9612]
06-11 10:35:11.217  8454  8454 I ContextAware_DaemonReceiver: onReceive:android.intent.action.PACKAGE_REMOVED
06-11 10:35:11.217  8454  8454 I ContextAware_DaemonReceiver: onReceive end
06-11 10:35:11.218  8454  8454 I metis_v2_SettingBroadcastReceiver: onReceive, action = android.intent.action.PACKAGE_REMOVED
06-11 10:35:11.218  8454  8454 I metis_v2_SettingBroadcastReceiver: onReceive:android.intent.action.PACKAGE_REMOVED, for replacing
06-11 10:35:11.218  8454  8454 I ContextAware_DaemonReceiver: onReceive:android.intent.action.PACKAGE_ADDED
06-11 10:35:11.218  8454  8454 I ContextAware_DaemonReceiver: onReceive end
06-11 10:35:11.218  6716  6716 I CardService[1006200].ApplicationStateChangeMonitor: ApplicationStateChangeReceiver onReceive
06-11 10:35:11.218  6716  6716 I CardService[1006200].ApplicationStateChangeMonitor: ApplicationStateChangeReceiver onReceive, action =android.intent.action.PACKAGE_REMOVED, packageName =*om.ea*theng*ne.mi*imalg*obe, isUpdated = true
06-11 10:35:11.218  1460 23496 W AppInfo : app info parse uri fail. uri: content://com.nearme.instant.platform.res/com.coloros.gamespaceui.quickapp.guide/manifest.json##Throwable##java.io.FileNotFoundException: open failed: ENOENT (No such file or directory)
06-11 10:35:11.218  1460 23496 W AppInfo : 	at android.os.ParcelFileDescriptor.openInternal(ParcelFileDescriptor.java:356)
06-11 10:35:11.218  1460 23496 W AppInfo : 	at android.os.ParcelFileDescriptor.open(ParcelFileDescriptor.java:233)
06-11 10:35:11.218  1460 23496 W AppInfo : 	at org.hapjs.cache.CacheProvider.doOpenFile(SourceFile:56)
06-11 10:35:11.218  1460 23496 W AppInfo : 	at org.hapjs.AbstractContentProvider.openFile(SourceFile:4)
06-11 10:35:11.218  1460 23496 W AppInfo : 	at android.content.ContentProvider.openAssetFile(ContentProvider.java:2326)
06-11 10:35:11.218  1460 23496 W AppInfo : 	at org.hapjs.AbstractContentProvider.doOpenAssetFile(SourceFile:1)
06-11 10:35:11.218  1460 23496 W AppInfo : 	at org.hapjs.cache.CacheProvider.doOpenAssetFile(SourceFile:74)
06-11 10:35:11.218  1460 23496 W AppInfo : 	at org.hapjs.AbstractContentProvider.openAssetFile(SourceFile:4)
06-11 10:35:11.218  1460 23496 W AppInfo : 	at android.content.ContentProvider.openTypedAssetFile(ContentProvider.java:2504)
06-11 10:35:11.218  1460 23496 W AppInfo : 	at android.content.ContentProvider.openTypedAssetFile(ContentProvider.java:2571)
06-11 10:35:11.218  1460 23496 W AppInfo : 	at android.content.ContentProvider$Transport.openTypedAssetFile(ContentProvider.java:692)
06-11 10:35:11.218  1460 23496 W AppInfo : 	at android.content.ContentResolver.openTypedAssetFileDescriptor(ContentResolver.java:2097)
06-11 10:35:11.218  1460 23496 W AppInfo : 	at android.content.ContentResolver.openAssetFileDescriptor(ContentResolver.java:1912)
06-11 10:35:11.218  1460 23496 W AppInfo : 	at android.content.ContentResolver.openInputStream(ContentResolver.java:1582)
06-11 10:35:11.218  1460 23496 W AppInfo : 	at org.hapjs.model.AppInfo.fromUri(SourceFile:7)
06-11 10:35:11.218  1460 23496 W AppInfo : 	at org.hapjs.model.AppInfo.create(SourceFile:105)
06-11 10:35:11.218  1460 23496 W AppInfo : 	at org.hapjs.bridge.DefaultAppInfoProvider.create(SourceFile:1)
06-11 10:35:11.218  1460 23496 W AppInfo : 	at a.a.a.nl0.g(SourceFile:58)
06-11 10:35:11.218  1460 23496 W AppInfo : 	at a.a.a.nl0.e(SourceFile:2)
06-11 10:35:11.218  1460 23496 W AppInfo : 	at a.a.a.rp6.d(SourceFile:22)
06-11 10:35:11.218  1460 23496 W AppInfo : 	at a.a.a.rp6.c(SourceFile:52)
06-11 10:35:11.218  1460 23496 W AppInfo : 	at com.nearme.instant.card.SharedDataProvider.setOrUpdateSharedDataInner(SourceFile:48)
06-11 10:35:11.218  1460 23496 W AppInfo : 	at com.nearme.instant.card.SharedDataProvider.setOrUpdateSharedData(SourceFile:61)
06-11 10:35:11.218  1460 23496 W AppInfo : 	at com.nearme.instant.card.SharedDataProvider.doCall(SourceFile:46)
06-11 10:35:11.218  1460 23496 W AppInfo : 	at org.hapjs.AbstractContentProvider.call(SourceFile:4)
06-11 10:35:11.218  1460 23496 W AppInfo : 	at android.content.ContentProvider.call(ContentProvider.java:2773)
06-11 10:35:11.218  1460 23496 W AppInfo : 	at android.content.ContentProvider$Transport.call(ContentProvider.java:653)
06-11 10:35:11.218  1460 23496 W AppInfo : 	at android.content.ContentProviderNative.onTransact(ContentProviderNative.java:307)
06-11 10:35:11.218  1460 23496 W AppInfo : 	at android.os.Binder.execTransactInternal(Binder.java:1444)
06-11 10:35:11.218  1460 23496 W AppInfo : 	at android.os.Binder.execTransact(Binder.java:1378)
06-11 10:35:11.218  6716 11213 I AdviceUMS.AdviceMigrationManager: onChange: packageName = com.earthengine.minimalglobe
06-11 10:35:11.218  6716 11213 I 6716UMS[16056002][b33855b].PackageMetaMonitor_Travel: updateMetaData: packageName = com.earthengine.minimalglobe, metaDataValueMap = {MonitorMetaDataItem(packageName=com.coloros.sceneservice, metaName=advice_host, defaultValue=)=ums, MonitorMetaDataItem(packageName=com.oplus.metis, metaName=isMigrateToUms, defaultValue=false)=false, MonitorMetaDataItem(packageName=com.coloros.sceneservice, metaName=app_switch_migrated, defaultValue=false)=false, MonitorMetaDataItem(packageName=com.coloros.sceneservice, metaName=dispatch_analyze_from, defaultValue=)=SMS,SMS_IDLE,CALENDAR,CALENDAR_IDLE, MonitorMetaDataItem(packageName=com.coloros.sceneservice, metaName=dispatch_analyze_domain, defaultValue=)=FLIGHT,TRAIN,MOVIE,HOTEL,EXPRESS,BANK,HOSPITAL, MonitorMetaDataItem(packageName=com.oplus.systemui.plugins, metaName=entranceBgColor, defaultValue=false)=true}
06-11 10:35:11.219 18957 14864 D ClockTag_WidgetUpdateHelper: getWidgetViewProxy:560
06-11 10:35:11.219  8454  9024 I ContextAware_AppRecommendDispatch: dispatch app event with app_uninstall_event
06-11 10:35:11.219 18957 14864 D ClockTag_WidgetUpdateHelper: updateWidget: [I@4c19780 class com.coloros.widget.smallweather.OnePlusWidget
06-11 10:35:11.219 18957 14864 D ClockTag_WidgetUpdateHelper: relayoutAllWidget :[2]
06-11 10:35:11.219  8454  9164 I ContextAware_DaemonReceiver: handleBroadcast:android.intent.action.PACKAGE_REMOVED, for replacing
06-11 10:35:11.219  8454  9164 I ContextAware_DaemonReceiver: handleBroadcast:android.intent.action.PACKAGE_ADDED, for replacing
06-11 10:35:11.219 18957 14864 D ClockTag_ClockWidget.BaseClockWidget: relayoutWidget mLastClockType = 1 isClockAllOverTheme =false
06-11 10:35:11.219 18957 14864 D ClockTag_ClockWidgetUtils: supportLandWidget false
06-11 10:35:11.220 18957 14864 D ClockTag_ClockWidget.ClockWidgetManager: getIntentToStartApp action=com.oplus.alarmclock.AlarmClock category=null
06-11 10:35:11.220  6716  6716 I CardService[1006200].CardServiceDisplayDataRepository: onConfigChanged:com.earthengine.minimalglobe
06-11 10:35:11.221  6716  6716 I CardConfig.PackageObserver: onReceive: action = android.intent.action.PACKAGE_REMOVED, name = minimalglobe, isUpdated = true
06-11 10:35:11.221  6716  6716 I SG::PackageReceiver: onReceive action = android.intent.action.PACKAGE_ADDED
06-11 10:35:11.221 10577 10577 I MainLooperBlockDetector: com.heytap.iflow.downloads.oaps.MarketDownloadHelper$1.onReceive
06-11 10:35:11.221  6716  6716 I CardService[1006200].ApplicationStateChangeMonitor: ApplicationStateChangeReceiver onReceive
06-11 10:35:11.221  6716  6716 I CardService[1006200].ApplicationStateChangeMonitor: ApplicationStateChangeReceiver onReceive, action =android.intent.action.PACKAGE_ADDED, packageName =*om.ea*theng*ne.mi*imalg*obe, isUpdated = true
06-11 10:35:11.221  6716  6716 I CardService[1006200].CardServiceDisplayDataRepository: onConfigChanged:com.earthengine.minimalglobe
06-11 10:35:11.221  1460 23496 E PermissionVerifier: card rpk not exists
06-11 10:35:11.221 10577 10577 I MainLooperBlockDetector: com.heytap.iflow.downloads.oaps.MarketDownloadHelper$1.onReceive
06-11 10:35:11.221  6716  6716 I CardConfig.PackageObserver: onReceive: action = android.intent.action.PACKAGE_ADDED, name = minimalglobe, isUpdated = true
06-11 10:35:11.221  1460 23496 W PermissionVerifier: checkWritePermission writer: com.oplus.games not in rpk: com.coloros.gamespaceui.quickapp.guide allowed list
06-11 10:35:11.221 10577 10577 I MainLooperBlockDetector: com.heytap.iflow.downloads.oaps.MarketDownloadHelper$1.onReceive
06-11 10:35:11.222  1460 23496 W SharedDataProvider: setOrUpdateSharedData no permissions!
06-11 10:35:11.222  8454  8454 I metis_v2_SettingBroadcastReceiver: onReceive, action = android.intent.action.PACKAGE_ADDED
06-11 10:35:11.222  8454  8454 I metis_v2_SettingBroadcastReceiver: onReceive:android.intent.action.PACKAGE_ADDED, for replacing
06-11 10:35:11.222  8454  8454 I ContextAware_DaemonReceiver: onReceive:android.intent.action.PACKAGE_REPLACED
06-11 10:35:11.222  8454  8454 I ContextAware_DaemonReceiver: onReceive end
06-11 10:35:11.222 27947  1358 W GameSpaceUI.gs_DesktopCardServiceImpl: set assistant_game_icon_hide_switch_state = 0 success expire 86400000
06-11 10:35:11.222 27947  1358 I GameSpaceUI.TrackService: getPluginConfigAppId -1, currentPkgName: 
06-11 10:35:11.223  8454 30338 I ContextAware_AppSortAlgorithmManager: sortForAppUserEvent sendMessage
06-11 10:35:11.224 25296 25296 I MainLooperBlockDetector: com.oplus.advice.frameworks.drivers.settings.repository.SeedlingDataExchangeRepository$packageUpdateBroadcastReceiver$2$1.onReceive
06-11 10:35:11.224 25296 25296 I MainLooperBlockDetector: com.oplus.assistantscreen.common.helper.ApplicationStateChangeMonitor$ApplicationStateChangeReceiver.onReceive
06-11 10:35:11.224 25296 25296 I AstScreen.ApplicationStateChangeMonitor: ApplicationStateChangeReceiver onReceive
06-11 10:35:11.225 25296 25296 I AstScreen.ApplicationStateChangeMonitor: ApplicationStateChangeReceiver onReceive, action = android.intent.action.PACKAGE_REMOVED packageName = *o*.*a*t*e*g*n*.*i*i*a*g*o*e
06-11 10:35:11.225 25296 25296 I MainLooperBlockDetector: com.oplus.assistantscreen.recentlyused.repository.utils.ProgramPkgStatusManager$packageUpdateBroadcastReceiver$1.onReceive
06-11 10:35:11.225 25296 25296 I AstScreen.ProgramPkgUpdateMonitor: targetPkg=com.earthengine.minimalglobe, action=android.intent.action.PACKAGE_REMOVED
06-11 10:35:11.226  6716 11342 I AdviceUMS.AdviceMigrationManager: onChange: packageName = com.earthengine.minimalglobe
06-11 10:35:11.226  6716 11342 I 6716UMS[16056002][b33855b].PackageMetaMonitor_Travel: updateMetaData: packageName = com.earthengine.minimalglobe, metaDataValueMap = {MonitorMetaDataItem(packageName=com.coloros.sceneservice, metaName=advice_host, defaultValue=)=ums, MonitorMetaDataItem(packageName=com.oplus.metis, metaName=isMigrateToUms, defaultValue=false)=false, MonitorMetaDataItem(packageName=com.coloros.sceneservice, metaName=app_switch_migrated, defaultValue=false)=false, MonitorMetaDataItem(packageName=com.coloros.sceneservice, metaName=dispatch_analyze_from, defaultValue=)=SMS,SMS_IDLE,CALENDAR,CALENDAR_IDLE, MonitorMetaDataItem(packageName=com.coloros.sceneservice, metaName=dispatch_analyze_domain, defaultValue=)=FLIGHT,TRAIN,MOVIE,HOTEL,EXPRESS,BANK,HOSPITAL, MonitorMetaDataItem(packageName=com.oplus.systemui.plugins, metaName=entranceBgColor, defaultValue=false)=true}
06-11 10:35:11.226 25296 25296 I MainLooperBlockDetector: com.oplus.advice.utils.CompatUtils$PackageChangeBroadCastReceiver.onReceive
06-11 10:35:11.227 25296 25296 I AdviceSDK.PackageChangeBroadCastReceiver: onReceive, android.intent.action.PACKAGE_REMOVED-[16.0.35-7756912]
06-11 10:35:11.227 25296 25296 E AdviceSDK.CompatUtils: notifyPackageChangeCallBack, pkg: com.earthengine.minimalglobe-[16.0.35-7756912]
06-11 10:35:11.227 25296 25296 I AdviceSDK.CardSizeChangeUtils: onPackageChange pkg=com.earthengine.minimalglobe,mLauncherIsSupport:true-[16.0.35-7756912]
06-11 10:35:11.227 25296 25296 I SDP.InstallMonitorManager:  Broadcast received android.intent.action.PACKAGE_REMOVED.[ssdk:v1.3.160-16ef4dc,sdplugin:v16.56.0-85a272db] [SeedlingSdk|com.coloros.assistantscreen|2.0.40-ebe132d]
06-11 10:35:11.227 25296 25296 I SDP.InstallMonitorManager:  Start notify install for package:com.earthengine.minimalglobe.[ssdk:v1.3.160-16ef4dc,sdplugin:v16.56.0-85a272db]
06-11 10:35:11.229 25296 27537 I SDP.ContextProxy:  acquireClient with authority:com.oplus.pantanal.ums.statictis, pkgName:com.coloros.assistantscreen, use normal context[ssdk:v1.3.160-16ef4dc,sdplugin:v16.56.0-85a272db]
06-11 10:35:11.230 25296 25296 I MainLooperBlockDetector: com.oplus.assistantscreen.card.shortcuts.manager.RxPackageUpdateMonitor$packageUpdateBroadcastReceiver$1.onReceive
06-11 10:35:11.230 25296 25296 I MainLooperBlockDetector: com.heytap.iflow.downloads.oaps.MarketDownloadHelper$1.onReceive
06-11 10:35:11.230 25296 25296 I MainLooperBlockDetector: org.hapjs.card.sdk.CardServiceLoader$EngineApkChangeReceiver.onReceive
06-11 10:35:11.230 25296 25296 I MainLooperBlockDetector: com.opos.ca.core.provider.d$o.onReceive
06-11 10:35:11.231 25296 25296 I MainLooperBlockDetector: com.oplus.advice.frameworks.drivers.settings.repository.SeedlingDataExchangeRepository$packageUpdateBroadcastReceiver$2$1.onReceive
06-11 10:35:11.231 25296 25296 I MainLooperBlockDetector: com.oplus.assistantscreen.common.helper.ApplicationStateChangeMonitor$ApplicationStateChangeReceiver.onReceive
06-11 10:35:11.231 25296 25296 I AstScreen.ApplicationStateChangeMonitor: ApplicationStateChangeReceiver onReceive
06-11 10:35:11.231 25296 25296 I AstScreen.ApplicationStateChangeMonitor: ApplicationStateChangeReceiver onReceive, action = android.intent.action.PACKAGE_ADDED packageName = *o*.*a*t*e*g*n*.*i*i*a*g*o*e
06-11 10:35:11.231 25296 25296 I MainLooperBlockDetector: com.oplus.assistantscreen.recentlyused.repository.utils.ProgramPkgStatusManager$packageUpdateBroadcastReceiver$1.onReceive
06-11 10:35:11.231 25296 26448 I AstScreen.ShortcutVisualMessageManager: requestUpdateVisualDataCache,originUnExecutedVisualDataList:[],newVisualMessageCache:[]
06-11 10:35:11.231 25296 25296 I AstScreen.ProgramPkgUpdateMonitor: targetPkg=com.earthengine.minimalglobe, action=android.intent.action.PACKAGE_ADDED
06-11 10:35:11.231 25296 25296 I MainLooperBlockDetector: com.oplus.advice.utils.CompatUtils$PackageChangeBroadCastReceiver.onReceive
06-11 10:35:11.231 25296 25296 I AdviceSDK.PackageChangeBroadCastReceiver: onReceive, android.intent.action.PACKAGE_ADDED-[16.0.35-7756912]
06-11 10:35:11.231 25296 25296 E AdviceSDK.CompatUtils: notifyPackageChangeCallBack, pkg: com.earthengine.minimalglobe-[16.0.35-7756912]
06-11 10:35:11.231 25296 25296 I AdviceSDK.CardSizeChangeUtils: onPackageChange pkg=com.earthengine.minimalglobe,mLauncherIsSupport:true-[16.0.35-7756912]
06-11 10:35:11.232 25296 26448 I AstScreen.ShortcutRouterCacheHelper: isAnyUrlAvailableFromCache 279, title:腾讯元宝 has no legal url, dependentPackage:*o*.*e*c*n*.*u*y*a*.*p*.*h*t
06-11 10:35:11.232 25296 25296 I SDP.InstallMonitorManager:  Broadcast received android.intent.action.PACKAGE_ADDED.[ssdk:v1.3.160-16ef4dc,sdplugin:v16.56.0-85a272db]
06-11 10:35:11.232 25296 25296 I SDP.InstallMonitorManager:  Start check ums pks for com.earthengine.minimalglobe.[ssdk:v1.3.160-16ef4dc,sdplugin:v16.56.0-85a272db]
06-11 10:35:11.232 25296 25296 I SDP.InstallMonitorManager:  Start notify install for package:com.earthengine.minimalglobe.[ssdk:v1.3.160-16ef4dc,sdplugin:v16.56.0-85a272db]
06-11 10:35:11.232 25296 25296 I MainLooperBlockDetector: com.oplus.assistantscreen.card.shortcuts.manager.RxPackageUpdateMonitor$packageUpdateBroadcastReceiver$1.onReceive
06-11 10:35:11.233 25296 27544 I SDP.ContextProxy:  acquireClient with authority:com.oplus.pantanal.ums.statictis, pkgName:com.coloros.assistantscreen, use normal context[ssdk:v1.3.160-16ef4dc,sdplugin:v16.56.0-85a272db]
06-11 10:35:11.233  8454  8173 I metis_v2_BreenoSwitchSettingObserver: panta-sugg-getMasterSwitchStatus from cache:true
06-11 10:35:11.233 25296 25769 E FileStrategy: java.io.IOException: Read-only file system
06-11 10:35:11.235  1460 23496 W SeedlingShare: (com.oplus.games, assistant_game_icon_hide_switch_state) not in seeding shared white list.
06-11 10:35:11.238  1460 23496 W AppInfo : AppInfo create Uri content://com.nearme.instant.platform.res/com.coloros.gamespaceui.quickapp.library/manifest.json
06-11 10:35:11.239 10084 30316 I SP.RecommendQueryAppTask: start query tasks
06-11 10:35:11.240 26764 30337 I WeatherS_AutoGetLocationService: start locate force: false needCityFromNet: true
06-11 10:35:11.240  6716  6846 I SG::ExternalProvider: call method scanSingle, arg package:com.earthengine.minimalglobe
06-11 10:35:11.240  6716  6846 I SG::UmsScanner: scan pkg: com.earthengine.minimalglobe start...
06-11 10:35:11.242  6716  8815 I SG::ExternalProvider: call method scanSingle, arg package:com.earthengine.minimalglobe
06-11 10:35:11.242  6716  8815 I SG::UmsScanner: scan pkg: com.earthengine.minimalglobe start...
06-11 10:35:11.249  1460 23496 W PackageFilesValidator: isInvalidResource: AppDistributionMeta is null
06-11 10:35:11.249  6716  6716 I SG::PackageReceiver: onReceive action = android.intent.action.PACKAGE_REPLACED
06-11 10:35:11.250 25296 25296 I MainLooperBlockDetector: com.heytap.iflow.downloads.oaps.MarketDownloadHelper$1.onReceive
06-11 10:35:11.250 25296 25296 I MainLooperBlockDetector: org.hapjs.card.sdk.CardServiceLoader$EngineApkChangeReceiver.onReceive
06-11 10:35:11.250 25296 25296 I MainLooperBlockDetector: com.opos.ca.core.provider.d$o.onReceive
06-11 10:35:11.250  6716 29347 I SG::UmsScanner: scan pkg: com.earthengine.minimalglobe start...
06-11 10:35:11.250  6716 10816 I SG::OCSCacheHelper: checkFromPackageReceiver, start scan single pkg: com.earthengine.minimalglobe
06-11 10:35:11.250 25296 25296 I MainLooperBlockDetector: com.oplus.assistantscreen.common.helper.ApplicationStateChangeMonitor$ApplicationStateChangeReceiver.onReceive
06-11 10:35:11.250 25296 25296 I AstScreen.ApplicationStateChangeMonitor: ApplicationStateChangeReceiver onReceive
06-11 10:35:11.250 25296 25296 I AstScreen.ApplicationStateChangeMonitor: ApplicationStateChangeReceiver onReceive, action = android.intent.action.PACKAGE_REPLACED packageName = *o*.*a*t*e*g*n*.*i*i*a*g*o*e
06-11 10:35:11.250 25296 25296 I MainLooperBlockDetector: com.oplus.assistantscreen.recentlyused.repository.utils.ProgramPkgStatusManager$packageUpdateBroadcastReceiver$1.onReceive
06-11 10:35:11.250 25296 25296 I AstScreen.ProgramPkgUpdateMonitor: targetPkg=com.earthengine.minimalglobe, action=android.intent.action.PACKAGE_REPLACED
06-11 10:35:11.250 25296 25296 I MainLooperBlockDetector: com.oplus.advice.utils.CompatUtils$PackageChangeBroadCastReceiver.onReceive
06-11 10:35:11.250 25296 25296 I AdviceSDK.PackageChangeBroadCastReceiver: onReceive, android.intent.action.PACKAGE_REPLACED-[16.0.35-7756912]
06-11 10:35:11.250 25296 25296 E AdviceSDK.CompatUtils: notifyPackageChangeCallBack, pkg: com.earthengine.minimalglobe-[16.0.35-7756912]
06-11 10:35:11.250 25296 25296 I AdviceSDK.CardSizeChangeUtils: onPackageChange pkg=com.earthengine.minimalglobe,mLauncherIsSupport:true-[16.0.35-7756912]
06-11 10:35:11.251 25296 25296 I SDP.InstallMonitorManager:  Broadcast received android.intent.action.PACKAGE_REPLACED.[ssdk:v1.3.160-16ef4dc,sdplugin:v16.56.0-85a272db]
06-11 10:35:11.251 25296 25296 I SDP.InstallMonitorManager:  Start notify install for package:com.earthengine.minimalglobe.[ssdk:v1.3.160-16ef4dc,sdplugin:v16.56.0-85a272db]
06-11 10:35:11.251  6716 10816 I SG::OCSCacheHelper: checkFromPackageReceiver scanSingle resolvedInfo size = 0
06-11 10:35:11.251  6716 10816 E SG::OCSCacheHelper: checkFromPackageReceiver resolvedInfo is empty,pkg = com.earthengine.minimalglobe
06-11 10:35:11.252 30334 30334 E ne.minimalglobe: Unknown bits set in runtime_flags: 0x40000000
06-11 10:35:11.252 25296 27544 I SDP.ContextProxy:  acquireClient with authority:com.oplus.pantanal.ums.statictis, pkgName:com.coloros.assistantscreen, use normal context[ssdk:v1.3.160-16ef4dc,sdplugin:v16.56.0-85a272db]
06-11 10:35:11.252 30334 30334 I ne.minimalglobe: Using CollectorTypeCMC GC.
06-11 10:35:11.252 25296 25296 I MainLooperBlockDetector: com.oplus.assistantscreen.card.shortcuts.manager.RxPackageUpdateMonitor$packageUpdateBroadcastReceiver$1.onReceive
06-11 10:35:11.252 26764 30337 E WeatherS_PrivacyStatementExport: isAgreed1
06-11 10:35:11.253 25296 25296 I MainLooperBlockDetector: com.heytap.iflow.downloads.oaps.MarketDownloadHelper$1.onReceive
06-11 10:35:11.253 25296 25296 I MainLooperBlockDetector: org.hapjs.card.sdk.CardServiceLoader$EngineApkChangeReceiver.onReceive
06-11 10:35:11.253 25296 25296 I MainLooperBlockDetector: com.opos.ca.core.provider.d$o.onReceive
06-11 10:35:11.253 24785 25349 I FileLockLib: [24785]file 101 unlocked. fl.pid=0
06-11 10:35:11.255  6716  6716 I CardService[1006200].ApplicationStateChangeMonitor: ApplicationStateChangeReceiver onReceive
06-11 10:35:11.259  1460 23496 W AppInfo : app info parse uri fail. uri: content://com.nearme.instant.platform.res/com.coloros.gamespaceui.quickapp.library/manifest.json##Throwable##java.io.FileNotFoundException: open failed: ENOENT (No such file or directory)
06-11 10:35:11.259  1460 23496 W AppInfo : 	at android.os.ParcelFileDescriptor.openInternal(ParcelFileDescriptor.java:356)
06-11 10:35:11.259  1460 23496 W AppInfo : 	at android.os.ParcelFileDescriptor.open(ParcelFileDescriptor.java:233)
06-11 10:35:11.259  1460 23496 W AppInfo : 	at org.hapjs.cache.CacheProvider.doOpenFile(SourceFile:56)
06-11 10:35:11.259  1460 23496 W AppInfo : 	at org.hapjs.AbstractContentProvider.openFile(SourceFile:4)
06-11 10:35:11.259  1460 23496 W AppInfo : 	at android.content.ContentProvider.openAssetFile(ContentProvider.java:2326)
06-11 10:35:11.259  1460 23496 W AppInfo : 	at org.hapjs.AbstractContentProvider.doOpenAssetFile(SourceFile:1)
06-11 10:35:11.259  1460 23496 W AppInfo : 	at org.hapjs.cache.CacheProvider.doOpenAssetFile(SourceFile:74)
06-11 10:35:11.259  1460 23496 W AppInfo : 	at org.hapjs.AbstractContentProvider.openAssetFile(SourceFile:4)
06-11 10:35:11.259  1460 23496 W AppInfo : 	at android.content.ContentProvider.openTypedAssetFile(ContentProvider.java:2504)
06-11 10:35:11.259  1460 23496 W AppInfo : 	at android.content.ContentProvider.openTypedAssetFile(ContentProvider.java:2571)
06-11 10:35:11.259  1460 23496 W AppInfo : 	at android.content.ContentProvider$Transport.openTypedAssetFile(ContentProvider.java:692)
06-11 10:35:11.259  1460 23496 W AppInfo : 	at android.content.ContentResolver.openTypedAssetFileDescriptor(ContentResolver.java:2097)
06-11 10:35:11.259  1460 23496 W AppInfo : 	at android.content.ContentResolver.openAssetFileDescriptor(ContentResolver.java:1912)
06-11 10:35:11.259  1460 23496 W AppInfo : 	at android.content.ContentResolver.openInputStream(ContentResolver.java:1582)
06-11 10:35:11.259  1460 23496 W AppInfo : 	at org.hapjs.model.AppInfo.fromUri(SourceFile:7)
06-11 10:35:11.259  1460 23496 W AppInfo : 	at org.hapjs.model.AppInfo.create(SourceFile:105)
06-11 10:35:11.259  1460 23496 W AppInfo : 	at org.hapjs.bridge.DefaultAppInfoProvider.create(SourceFile:1)
06-11 10:35:11.259  1460 23496 W AppInfo : 	at a.a.a.nl0.g(SourceFile:58)
06-11 10:35:11.259  1460 23496 W AppInfo : 	at a.a.a.nl0.e(SourceFile:2)
06-11 10:35:11.259  1460 23496 W AppInfo : 	at a.a.a.rp6.d(SourceFile:22)
06-11 10:35:11.259  1460 23496 W AppInfo : 	at a.a.a.rp6.c(SourceFile:52)
06-11 10:35:11.259  1460 23496 W AppInfo : 	at com.nearme.instant.card.SharedDataProvider.setOrUpdateSharedDataInner(SourceFile:48)
06-11 10:35:11.259  1460 23496 W AppInfo : 	at com.nearme.instant.card.SharedDataProvider.setOrUpdateSharedData(SourceFile:61)
06-11 10:35:11.259  1460 23496 W AppInfo : 	at com.nearme.instant.card.SharedDataProvider.doCall(SourceFile:46)
06-11 10:35:11.259  1460 23496 W AppInfo : 	at org.hapjs.AbstractContentProvider.call(SourceFile:4)
06-11 10:35:11.259  1460 23496 W AppInfo : 	at android.content.ContentProvider.call(ContentProvider.java:2773)
06-11 10:35:11.259  1460 23496 W AppInfo : 	at android.content.ContentProvider$Transport.call(ContentProvider.java:653)
06-11 10:35:11.259  1460 23496 W AppInfo : 	at android.content.ContentProviderNative.onTransact(ContentProviderNative.java:307)
06-11 10:35:11.259  1460 23496 W AppInfo : 	at android.os.Binder.execTransactInternal(Binder.java:1444)
06-11 10:35:11.259  1460 23496 W AppInfo : 	at android.os.Binder.execTransact(Binder.java:1378)
06-11 10:35:11.259  5797  5816 I adbd    : jdwp connection from 30334
06-11 10:35:11.259  1460 23496 E PermissionVerifier: card rpk not exists
06-11 10:35:11.259  1460 23496 W PermissionVerifier: checkWritePermission writer: com.oplus.games not in rpk: com.coloros.gamespaceui.quickapp.library allowed list
06-11 10:35:11.259  1460 23496 W SharedDataProvider: setOrUpdateSharedData no permissions!
06-11 10:35:11.260  9703 11131 D RealConnection:: Platform.get().getSelectedProtocol(sslSocket):http/1.1
06-11 10:35:11.261  9703 11131 D RealConnection:: supportsTlsExtensions:true
06-11 10:35:11.261  9703 11131 D RealConnection:: maybeProtocol:http/1.1
06-11 10:35:11.261  9703 11131 D RealConnection:: protocol:http/1.1
06-11 10:35:11.261 30334 30334 D nativeloader: Load libframework-connectivity-tiramisu-jni.so using APEX ns com_android_tethering for caller /apex/com.android.tethering/javalib/framework-connectivity-t.jar: ok
06-11 10:35:11.263  6716  6846 I SG::ExternalProvider: call method scanSingle, arg package:com.earthengine.minimalglobe
06-11 10:35:11.263  6716  6846 I SG::UmsScanner: scan pkg: com.earthengine.minimalglobe start...
06-11 10:35:11.266  6716  6716 I CardService[1006200].ApplicationStateChangeMonitor: ApplicationStateChangeReceiver onReceive, action =android.intent.action.PACKAGE_REPLACED, packageName =*om.ea*theng*ne.mi*imalg*obe, isUpdated = true
06-11 10:35:11.267 27947  1358 W GameSpaceUI.gs_DesktopCardServiceImpl: set assistant_is_support_hide_game_icon_state = 1 success expire 86400000
06-11 10:35:11.267 27947  1358 I GameSpaceUI.TrackService: getPluginConfigAppId -1, currentPkgName: 
06-11 10:35:11.268  6716  6716 I CardService[1006200].CardServiceDisplayDataRepository: onConfigChanged:com.earthengine.minimalglobe
06-11 10:35:11.269 30334 30334 W libc    : Access denied finding property "persist.vendor.sys.activitylog"
06-11 10:35:11.270 30334 30334 I OneTrace: Mark active for pid=30334? true
06-11 10:35:11.270 30334 30334 D cutils-dev: otrace_set_tracing_enabled? true tag:0
06-11 10:35:11.270 30334 30348 D cutils-dev: properties changed in otrace_seq_number_changed!
06-11 10:35:11.271  6716  6716 I CardConfig.PackageObserver: onReceive: action = android.intent.action.PACKAGE_REPLACED, name = minimalglobe, isUpdated = true
06-11 10:35:11.271  6716  6716 I CardConfig.CachedPackageManagerProxy: onPackageChanged: minimalglobe
06-11 10:35:11.274  1708  1815 E ANDR-PERF-LM: MetaMeter: handleAsync() 166: AdaptLaunch Invalid Async
06-11 10:35:11.282  4329  4424 D ShellTaskOrganizerExt: visibleFlexibleTaskInfos delete:2807
06-11 10:35:11.282  4329  4424 D ShellTaskOrganizerExt: isOnCanvas size:0
06-11 10:35:11.282  4329  4424 D ShellTaskOrganizerExt: isOnThreeFlexibleCanvas size:0
06-11 10:35:11.283  6716  6716 I CardConfig.CardSwitchingMappingRepository: handlePackageChange: minimalglobe
06-11 10:35:11.285  1877  2189 I VRR-[OPlusRefreshRateSelector]: updateAutoMode success, display 0, mode 0, fakeframe 1, min fps: 1
06-11 10:35:11.285  1699  1958 I SDM     : DisplayBuiltIn::SetQSyncMode: VRR + qsync minfps change to: 12616065 00C08181
06-11 10:35:11.285  1699  1958 I SDM     : HWDeviceDRM::OPlusSetQSyncMinFps: VRR +  OPlusSetQSyncMinFps: 12616065
06-11 10:35:11.285  1699  1958 I SDM     : HWDeviceDRM::OPlusSetQSyncMinFpsUpdate: VRR +  OPlusSetQSyncMinFpsUpdate: 1
06-11 10:35:11.285  1699  1958 I SDM     : HWDeviceDRM::OPlusGetQSyncMinFps: VRR +  OPlusGetQSyncMinFps: 12616065
06-11 10:35:11.285  1699  1958 I SDM     : DisplayBuiltIn::SetQSyncMode: VRR + update qsync mode 0 minfps 00C08181
06-11 10:35:11.285  1699  1958 I SDM     : HWDeviceDRM::OPlusIsQSyncMinFpsForAuto: VRR +  OPlusIsQSyncMinFpsForAuto: 1
06-11 10:35:11.285  1699  1958 I SDM     : DisplayBuiltIn::SetQSyncMode: VRR + needs_avr_update_ 0
06-11 10:35:11.285  1699  1958 I SDM     : DisplayBuiltIn::SetQSyncMode: Qsync mode set to 0 successfully
06-11 10:35:11.287  6963  8762 D OplusAtlas.OplusAudioScene: callback success event:atlas_event_on_foreground_activities_changed eventInfo:pid:30334,uid:10602,hasForegroundActivities:1
06-11 10:35:11.289  1855  4175 D AudioBoost: audioSchedBoost, pid=1855, tid=4175, enable=1, ret=0
06-11 10:35:11.289  1855  4175 D AudioFlingerExtImpl: AudioFlingerExtImpl oplusSetParameters: keyvalue onForegroundActivitiesChanged=com.earthengine.minimalglobe:foreground:1|10602:30334
06-11 10:35:11.289  1855  4175 D AudioFlingerExtImpl: updateForegroundInfo, mapInf mForegroundMap(1)|[com.earthengine.minimalglobe]=1, uidPidMapInf mForegroundUidPidMap(1)|[10602]=30334
06-11 10:35:11.289  1855  4175 D AudioBoost: audioSchedBoost, pid=1855, tid=4175, enable=0, ret=0
06-11 10:35:11.290 18957 14864 D ClockTag_ClockWidgetState: systemWallpaperColor:-1/true
06-11 10:35:11.292  6716  8880 I CardConfig.SeedingCardProviderProxy: subscribePackageChangeObservable do nothing
06-11 10:35:11.290 18957 14864 D ClockTag_ClockWidget.ClockWidgetManager: updateTextColor -- str = -1/true, colors size = 2
06-11 10:35:11.293 18957 14864 D ClockTag_ClockWidget.ClockWidgetManager: updateTextColor, color: ffffffff, mDrawTextShadow = true, mCurDividerLineColor = 4dffffff
06-11 10:35:11.293  1699  1966 I SDM     : HWDeviceDRM::OPlusGetQSyncMinFpsUpdate: VRR +  OPlusGetQSyncMinFpsUpdate: 1
06-11 10:35:11.293  1699  1966 I SDM     : HWDeviceDRM::OPlusIsQSyncMinFpsForAuto: VRR +  OPlusIsQSyncMinFpsForAuto: 1
06-11 10:35:11.293  1699  1966 I SDM     : HWDeviceDRM::OPlusGetQSyncMinFps: VRR +  OPlusGetQSyncMinFps: 12616065
06-11 10:35:11.293 18957 14864 D ClockTag_ClockWidget.BaseClockWidget: updateTextViewColor color = -1
06-11 10:35:11.293 18957 14864 D ClockTag_CommonUtil: isAddZero language:zh
06-11 10:35:11.293 18957 14864 D ClockTag_ClockWidget.BaseClockWidget: updateTimeFormat:HH
06-11 10:35:11.293 18957 14864 D ClockTag_ClockWidget.1PlusWidget: update colon default font
06-11 10:35:11.293 26764 30337 E WeatherS_PrivacyStatementExport: isAgreed1
06-11 10:35:11.294 30334 30359 D OplusActivityManager: get AMS extension: android.os.BinderProxy@3f82f32
06-11 10:35:11.295 18957 14864 D ClockTag_ClockWidget.BaseClockWidget: updateDataFormat:MMMd日
06-11 10:35:11.295 18957 14864 D ClockTag_ClockWidget.BaseClockWidget: updateDataFormat:EEEE
06-11 10:35:11.297 30334 30357 D SurfaceSyncGroup: preCreateSurfaceSyncGroupTimerThread
06-11 10:35:11.297 30334 30334 D CompactWindowAppManager: initCompactApplicationInfo CompactMode: , NormalMode: 
06-11 10:35:11.302 30334 30334 V Configuration: Updating configuration, locales updated from [] to [zh_CN]
06-11 10:35:11.302 26764 30337 W WeatherS_ApkSignedCheck: checkCertificateWhiteList: not in inWhiteListcom.coloros.weather.service
06-11 10:35:11.302 30334 30334 D OplusScrollToTopManager: setIsInWhiteList false
06-11 10:35:11.303 30334 30334 D OplusViewDebugManager: OplusViewDebugManager Constructor android.view.debug.OplusViewDebugManager@2af8600 [mHasViewDebugProperty true] [mHasMsgDebugProperty false] [DEBUG false] [EXTRAINFOENABLE false] [LIGHT_OS false]
06-11 10:35:11.303 10084 30316 D RecommendRequest: buildInstalledAppQueryMessages: match pre install info for com.earthengine.minimalglobe
06-11 10:35:11.304 10084 30316 W SP.RecommendQueryAppTask: build requests null or empty, return.
06-11 10:35:11.305  3189  3913 D BackgroundInstallControlService: Package event received: 0
06-11 10:35:11.309  3189  4441 D NativeFreezeManager: freezeForAppSwitchScene mAppLaunchFzDxEnable enter, mFgAppPkgname com.earthengine.minimalglobe
06-11 10:35:11.311 30334 30334 W libc    : Access denied finding property "ro.odm.prev.product.name"
06-11 10:35:11.313  1574  1616 E statsd  : Stats puller failed for tag: 150134 at 242708626575919
06-11 10:35:11.314  1574  1616 E statsd  : Gauge Stats puller failed for tag: 150119 at 242708626575919
06-11 10:35:11.314  1574  1616 I statsd  : An anomaly (104240000001) (42)0x10000->10602[I] (42)0x20000->com.earthengine.minimalglobe[S] (42)0x30000->.MainActivity[S]  has occurred! Informing subscribers.
06-11 10:35:11.315 30334 30334 D nativeloader: Configuring clns-9 for other apk /data/app/~~IsQEilY6BDR2ti-XBGrP_Q==/com.earthengine.minimalglobe-0CDBnfZsOnHyiJW_CQIO5A==/base.apk. target_sdk_version=36, uses_libraries=, library_path=/data/app/~~IsQEilY6BDR2ti-XBGrP_Q==/com.earthengine.minimalglobe-0CDBnfZsOnHyiJW_CQIO5A==/lib/arm64:/data/app/~~IsQEilY6BDR2ti-XBGrP_Q==/com.earthengine.minimalglobe-0CDBnfZsOnHyiJW_CQIO5A==/base.apk!/lib/arm64-v8a, permitted_path=/data:/mnt/expand:/data/user/0/com.earthengine.minimalglobe
06-11 10:35:11.316  6109 13337 D midasd  : PowerFactors is null 
06-11 10:35:11.316  1799  1799 I CameraMidasService: getExplorerInfo The size of ExplorerInfo is 240 ,The size of ExplorerInfo is 0, The memory size of ExplorerInfo is 0
06-11 10:35:11.316  6109 13337 D midasd  : getExplorerInfo is null 
06-11 10:35:11.319 30334 30334 I ne.minimalglobe: AssetManager2(0xb400007ad7991128) locale list changing from [] to [zh-CN]
06-11 10:35:11.319 12732 14058 I OplusObrain: OplusObrainClientInvoke.getAllTopAppInfos
06-11 10:35:11.320  3189  5016 D FlexibleTaskController: check task which not have enough child, isInSingleWhiteList:false isCloneTask:false
06-11 10:35:11.320 26764 30337 I WeatherS_WeatherProvider: query option: 1,callingUid: 10169,name: com.coloros.weather.service
06-11 10:35:11.322  8454  9164 I ContextAware_DaemonReceiver: handleBroadcast:android.intent.action.PACKAGE_REPLACED
06-11 10:35:11.326 30334 30334 V GraphicsEnvironment: Currently set values for:
06-11 10:35:11.326 30334 30334 V GraphicsEnvironment:   angle_gl_driver_selection_pkgs=[]
06-11 10:35:11.326 30334 30334 V GraphicsEnvironment:   angle_gl_driver_selection_values=[]
06-11 10:35:11.326 30334 30334 V GraphicsEnvironment: com.earthengine.minimalglobe is not listed in per-application setting
06-11 10:35:11.326 30334 30334 V GraphicsEnvironment: ANGLE allowlist from config: 
06-11 10:35:11.326 30334 30334 V GraphicsEnvironment: com.earthengine.minimalglobe is not listed in ANGLE allowlist or settings, returning default
06-11 10:35:11.326 26764 30337 I Weather_Location_LocationController: startLocationWithTimeOut, forceLocation:false, needCityFromNet:true
06-11 10:35:11.326 26764 30337 W Weather_Location_LocationController: start isStartPassiveLocation true
06-11 10:35:11.326 30334 30334 V GraphicsEnvironment: Updatable production driver is not supported on the device.
06-11 10:35:11.326 18957 14864 D ClockTag_DeviceUtils: isDisableWeatherTemperature false
06-11 10:35:11.327 18957 14864 D ClockTag_ClockWidget.BaseClockWidget: localWeatherInfo = 22‎°‎
06-11 10:35:11.327 18957 14864 D ClockTag_ClockWidget.BaseClockWidget: TextSize ratio:1.0;false
06-11 10:35:11.327 18957 14864 D ClockTag_WidgetUpdateHelper: relayoutAllWidgets widgetIds: [2] remoteView:android.widget.RemoteViews@f96b1b9
06-11 10:35:11.327 18957 14864 I AppWidgetManager: updateAppWidgetIds, mPackageName: com.coloros.alarmclock, appWidgetIds: [2], views:android.widget.RemoteViews@f96b1b9
06-11 10:35:11.327  6109 13341 I midasd  : app forground called:com.earthengine.minimalglobe
06-11 10:35:11.329 30334 30334 D ResourcesManagerExtImpl: applyConfigurationToAppResourcesLocked app.getDisplayId() return callback.displayId:-1
06-11 10:35:11.330  8454  8173 I ContextAware_AppCardProcessor: [breeno-launcher]Apps on same screen, apps=[com.android.contacts, com.android.mms, com.oplus.camera, com.alibaba.android.rimet, com.example.findmapbox, com.citiccard.mobilebank, com.chinamworld.bocmbci, com.kmxs.reader, com.ovital.ovitalMap, com.nqsky.rmad.dizhiyun, com.taobao.idlefish, cmb.pb, com.larus.nova]
06-11 10:35:11.330  1800  1924 D BatteryChargeControl: bcc get no support from charging protocol
06-11 10:35:11.330  8454  8173 I ContextAware_AdvertisementManager: [breeno-launcher]getCommerceAppsByCardName size:6
06-11 10:35:11.331  3189  5627 D AppWidgetServiceImpl: updateAppWidgetIds remoteViews = android.widget.RemoteViews@7e118f4
06-11 10:35:11.331  3189  5627 D AppWidgetServiceImpl: action size = 34
06-11 10:35:11.331  3189  5627 I AppWidgetServiceImpl: lookupWidgetLocked widgetId=2, uid=10295, packageName=com.coloros.alarmclock, mWidgets.size=1
06-11 10:35:11.331  3189  5627 I AppWidgetServiceImpl: isDifferentPackageFromProvider provider.id=ProviderId{user:0, app:10295, cmp:ComponentInfo{com.coloros.alarmclock/com.coloros.widget.smallweather.OnePlusWidget}}, provider.id.componentName=ComponentInfo{com.coloros.alarmclock/com.coloros.widget.smallweather.OnePlusWidget}, packageName=com.coloros.alarmclock, providerpackgename=com.coloros.alarmclock
06-11 10:35:11.333  8454  8173 I ContextAware_AppCardProcessor: [breeno-launcher]process fill ad apps: advApps: com.ss.android.ugc.aweme,com.aliyun.tongyi,com.jingdong.app.mall,com.eg.android.AlipayGphone,com.smile.gifmaker,com.sankuai.meituan
06-11 10:35:11.333  8454  8173 I ContextAware_AppFillAdsProcess: [breeno-launcher]Mix commerce app with commerceAlg=2 advs=[AppAdInfo[pkg=com.ss.android.ugc.aweme, finalScore=413.00003, timeWeight=0.0,  exposeWeight=0.0, habitWeight=0.0, habitHourWeight=0.0,finalWeight=0.0,weight=0.0, deepLink= 1506, routePage = 0, utrackClickUrl=3, utrackExposeUrl=3,iconUrl=null, icon=null, appType=5, expireTimeStamp:1781193599836,apiSource=5, typeCode=6, cpcScore=13.452769, ecpmScore=413.00003, ctrScore=0.0307,title=null, subTitle=null, adSize=71,algorithmScore=0.0, status=[]], AppAdInfo[pkg=com.aliyun.tongyi, finalScore=193.743, timeWeight=0.0,  exposeWeight=0.0, habitWeight=0.0, habitHourWeight=0.0,finalWeight=0.0,weight=0.0, deepLink= 259, routePage = 0, utrackClickUrl=2, utrackExposeUrl=2,iconUrl=null, icon=null, appType=3, expireTimeStamp:1781193599836,apiSource=9, typeCode=6, cpcScore=103.0, ecpmScore=193.743, ctrScore=0.0018798828,title=null, subTitle=null, adSize=71,algorithmScore=0.0, status=[]], AppAdInfo[pkg=com.jingdong.app.mall, finalScore=89.0, timeWeight=0.0,  exposeWeight=0.0, habitWeight=0.0, habitHourWeight=0.0,finalWeight=0.0,weight=0.0, deepLink= 746, routePage = 0, utrackClickUrl=4, utrackExposeUrl=4,iconUrl=null, icon=null, appType=5, expireTimeStamp:1781193599836,apiSource=5, typeCode=6, cpcScore=34.23077, ecpmScore=89.0, ctrScore=0.0026,title=null, subTitle=null, adSize=71,algorithmScore=0.0, status=[]], AppAdInfo[pkg=com.eg.android.AlipayGphone, finalScore=34.0, timeWeight=0.0,  exposeWeight=0.0, habitWeight=0.0, habitHourWeight=0.0,finalWeight=0.0,weight=0.0, deepLink= 1002, routePage = 0, utrackClickUrl=4, utrackExposeUrl=4,iconUrl=null, icon=null, appType=5, expireTimeStamp:1781193599836,apiSource=5, typeCode=6, cpcScore=5.230769, ecpmScore=34.0, ctrScore=0.0065,title=null, subTitle=null, adSize=71,algorithmScore=0.0, status=[]], AppAdInfo[pkg=com.smile.gifmaker, finalScore=30.0, timeWeight=0.0,  exposeWeight=0.0, habitWeight=0.0, habitHourWeight=0.0,finalWeight=0.0,weight=0.0, deepLink= 1132, routePage = 0, utrackClickUrl=3, utrackExposeUrl=3,iconUrl=null, icon=null, appType=5, expireTimeStamp:1781193599836,apiSource=5, typeCode=1, cpcScore=1.6393442, ecpmScore=30.0, ctrScore=0.0183,title=null, subTitle=null, adSize=71,algorithmScore=0.0, status=[]], AppAdInfo[pkg=com.sankuai.meituan, finalScore=26.433, timeWeight=0.0,  exposeWeight=0.0, habitWeight=0.0, habitHourWeight=0.0,finalWeight=0.0,weight=0.0, deepLink= 116, routePage = 0, utrackClickUrl=2, utrackExposeUrl=2,iconUrl=null, icon=null, appType=3, expireTimeStamp:1781193599836,apiSource=9, typeCode=1, cpcScore=9.0, ecpmScore=26.433, ctrScore=0.0029378256,title=null, subTitle=null, adSize=71,algorithmScore=0.0, status=[]]]
06-11 10:35:11.333  8454  8173 I ContextAware_AppFillAdsProcess: [breeno-launcher]:maxCount:4  adTakeCount:1  adLoadCount:2
06-11 10:35:11.333  8454  8173 I ContextAware_AppFillAdsProcess: current adv app com.ss.android.ugc.aweme in 4 with status 2
06-11 10:35:11.333  8454  8173 I ContextAware_AppFillAdsProcess: not adv app space.xinzhi.map in 5
06-11 10:35:11.333  8454  8173 I ContextAware_AppFillNewActiveProcess: [breeno-launcher]not support appSugNewAppSwitch
06-11 10:35:11.333  5227 30232 W download_su: localDownloadInfo is null
06-11 10:35:11.336  1861 27608 D GpuServiceExtImpl: getRUSWhiteList  size 0
06-11 10:35:11.336 30334 30334 I HWUI    : SupportApps size 0
06-11 10:35:11.336 30334 30334 D ExtensionsLoader: createInstance(64bit) : createExtendedFactory
06-11 10:35:11.336 30334 30334 D ExtensionsLoader: Opened libSchedAssistExtImpl.so
06-11 10:35:11.336 30334 30334 E SchedAssist: open sharedFd failed with error=Permission denied
06-11 10:35:11.336 30334 30334 E SchedAssist: open sharedFd failed with error=Permission denied
06-11 10:35:11.336 30334 30334 E SchedAssist: open sharedFd failed with error=Permission denied
06-11 10:35:11.336 30334 30334 E SchedAssist: open sharedFd failed with error=Permission denied
06-11 10:35:11.337  1460 23496 W SeedlingShare: (com.oplus.games, assistant_is_support_hide_game_icon_state) not in seeding shared white list.
06-11 10:35:11.338 30334 30384 D OplusGraphicsEvent: OplusGraphicsEventListener create now!
06-11 10:35:11.339 30334 30384 D OplusGraphicsEvent: addEventListener success!
06-11 10:35:11.339 30334 30384 D ExtensionsLoader: createInstance(64bit) : createExtendedFactory
06-11 10:35:11.339 30334 30384 D ExtensionsLoader: Opened libSchedAssistExtImpl.so
06-11 10:35:11.339 30334 30384 I DisplayManager: Choreographer implicitly registered for the refresh rate.
06-11 10:35:11.339  1460 23496 W AppInfo : AppInfo create Uri content://com.nearme.instant.platform.res/com.coloros.gamespaceui.quickapp.guide/manifest.json
06-11 10:35:11.340 30334 30334 I ne.minimalglobe: AssetManager2(0xb400007ad7991a28) locale list changing from [] to [zh-CN]
06-11 10:35:11.342 30334 30334 D ResourcesManagerExtImpl: applyConfigurationToAppResourcesLocked app.getDisplayId() return callback.displayId:0
06-11 10:35:11.342 30334 30384 I AdrenoGLES-0: QUALCOMM build                   : b82916be04, I507ba793b7
06-11 10:35:11.342 30334 30384 I AdrenoGLES-0: Build Date                       : 08/06/25
06-11 10:35:11.342 30334 30384 I AdrenoGLES-0: OpenGL ES Shader Compiler Version: EV031.36.08.34
06-11 10:35:11.342 30334 30384 I AdrenoGLES-0: Local Branch                     : 
06-11 10:35:11.342 30334 30384 I AdrenoGLES-0: Remote Branch                    : refs/tags/AU_LINUX_ANDROID_LA.VENDOR.1.0.R1.11.00.00.816.269
06-11 10:35:11.342 30334 30384 I AdrenoGLES-0: Remote Branch                    : NONE
06-11 10:35:11.342 30334 30384 I AdrenoGLES-0: Reconstruct Branch               : NOTHING
06-11 10:35:11.342 30334 30384 I AdrenoGLES-0: Build Config                     : S P 12.1.1 AArch64
06-11 10:35:11.342 30334 30384 I AdrenoGLES-0: Driver Path                      : /vendor/lib64/egl/libGLESv2_adreno.so
06-11 10:35:11.342 30334 30384 I AdrenoGLES-0: Driver Version                   : 0615.100
06-11 10:35:11.346  1667 15952 I sensors-hal: handle_oplus_wise_rgb_event:230, wise_rgb:algo_type = 3
06-11 10:35:11.346  1667 15952 I sensors-hal: handle_oplus_wise_rgb_event:285, wise_rgb: raw_lux 513.477417, raw_cct 6389.866211, r/g/b/c: 41019.238281/35861.765625/20205.978516/90834.437500, R/G/B: 0.000000/0.000000/0.000000, brl 1529.000000, lux: 513.477417, cct: 6389.866211, ts 242708664469790, cnt 4203
06-11 10:35:11.346 30334 30384 I AdrenoGLES-0: PFP: 0x01730181, ME: 0x00000000
06-11 10:35:11.347 30334 30334 E ashmem  : Pinning is deprecated since Android Q. Please use trim or other methods.
06-11 10:35:11.348  4323  6896 V OsAgent : broadcastSystemEvent - 7
06-11 10:35:11.349  1460 23496 W PackageFilesValidator: isInvalidResource: AppDistributionMeta is null
06-11 10:35:11.350 11083 29236 E PhoneManager.CloudScanManager:  queryTeeList() size = 1
06-11 10:35:11.352 30334 30334 E OplusPredictiveBackController:  NoSuchMethodException 
06-11 10:35:11.352 30334 30334 D OplusPredictiveBackController: should not HookOnBackInvokedCallbackEnabled for application com.earthengine.minimalglobe.MainActivity@bfd2d56 sdk: 36
06-11 10:35:11.352 30334 30334 D OplusPredictiveBackController: initPredictiveBackConfig for com.earthengine.minimalglobe.MainActivity@bfd2d56 initPredictiveBackConfig mShouldInterceptKeyEvent false
06-11 10:35:11.352 30334 30334 D WindowOnBackDispatcher:  predictive settings is disabled for com.earthengine.minimalglobe
06-11 10:35:11.353 30334 30334 I oplus.android.OplusFrameworkFactoryImpl: Unknow feature:IOplusTextViewRTLUtilForUG
06-11 10:35:11.353 18957 14864 D ClockTag_WidgetUpdateHelper: relayoutAllWidgets finished
06-11 10:35:11.353 18957 14864 D ClockTag_WidgetUpdateHelper: skip update widget (cached absent): class com.coloros.widget.smallweather.OppoWeatherInterimLunar
06-11 10:35:11.353 18957 14864 D ClockTag_WidgetUpdateHelper: end update all widgets
06-11 10:35:11.354 11083 29236 E ActivityThread: Failed to find provider info for com.oplus.phonemanager.RiskDetectDataProvider
06-11 10:35:11.360 30334 30334 D nativeloader: Load /data/app/~~IsQEilY6BDR2ti-XBGrP_Q==/com.earthengine.minimalglobe-0CDBnfZsOnHyiJW_CQIO5A==/base.apk!/lib/arm64-v8a/libminimal_globe_jni.so using class loader ns clns-9 (caller=/data/app/~~IsQEilY6BDR2ti-XBGrP_Q==/com.earthengine.minimalglobe-0CDBnfZsOnHyiJW_CQIO5A==/base.apk!classes2.dex): ok
06-11 10:35:11.361 30334 30384 D ExtensionsLoader: createInstance(64bit) : createExtendedFactory
06-11 10:35:11.361 30334 30384 D ExtensionsLoader: Opened libeglextimpl.so
06-11 10:35:11.361 30334 30384 D PreCache: [IPreCacheRus]loadRUSConfigs#102 failed to transact: -22 prc:com.earthengine.minimalglobe
06-11 10:35:11.364 30334 30334 D CompatChangeReporter: Compat change id reported: 376561342; UID 10602; state: ENABLED
06-11 10:35:11.369 30334 30334 E OplusCustomizeRestrictionManager: sInstance is null, start a new sInstance
06-11 10:35:11.370  4650  4650 D AppWidgetHostView: inflateAsync(rvToApply), appWidgetId: 2
06-11 10:35:11.372 19629 30672 I DMP-RemoteWorkProcessor: process:onReceivearg: android.intent.action.PACKAGE_REPLACEDextras:Bundle[mParcelledData.dataSize=100]
06-11 10:35:11.373  1877  2435 D VRR [OTI-HW]: isStateReady 0
06-11 10:35:11.373  1877  2435 D VRR [OTI-HW]: keep rate.
06-11 10:35:11.378  1460 23496 W AppInfo : app info parse uri fail. uri: content://com.nearme.instant.platform.res/com.coloros.gamespaceui.quickapp.guide/manifest.json##Throwable##java.io.FileNotFoundException: open failed: ENOENT (No such file or directory)
06-11 10:35:11.378  1460 23496 W AppInfo : 	at android.os.ParcelFileDescriptor.openInternal(ParcelFileDescriptor.java:356)
06-11 10:35:11.378  1460 23496 W AppInfo : 	at android.os.ParcelFileDescriptor.open(ParcelFileDescriptor.java:233)
06-11 10:35:11.378  1460 23496 W AppInfo : 	at org.hapjs.cache.CacheProvider.doOpenFile(SourceFile:56)
06-11 10:35:11.378  1460 23496 W AppInfo : 	at org.hapjs.AbstractContentProvider.openFile(SourceFile:4)
06-11 10:35:11.378  1460 23496 W AppInfo : 	at android.content.ContentProvider.openAssetFile(ContentProvider.java:2326)
06-11 10:35:11.378  1460 23496 W AppInfo : 	at org.hapjs.AbstractContentProvider.doOpenAssetFile(SourceFile:1)
06-11 10:35:11.378  1460 23496 W AppInfo : 	at org.hapjs.cache.CacheProvider.doOpenAssetFile(SourceFile:74)
06-11 10:35:11.378  1460 23496 W AppInfo : 	at org.hapjs.AbstractContentProvider.openAssetFile(SourceFile:4)
06-11 10:35:11.378  1460 23496 W AppInfo : 	at android.content.ContentProvider.openTypedAssetFile(ContentProvider.java:2504)
06-11 10:35:11.378  1460 23496 W AppInfo : 	at android.content.ContentProvider.openTypedAssetFile(ContentProvider.java:2571)
06-11 10:35:11.378  1460 23496 W AppInfo : 	at android.content.ContentProvider$Transport.openTypedAssetFile(ContentProvider.java:692)
06-11 10:35:11.378  1460 23496 W AppInfo : 	at android.content.ContentResolver.openTypedAssetFileDescriptor(ContentResolver.java:2097)
06-11 10:35:11.378  1460 23496 W AppInfo : 	at android.content.ContentResolver.openAssetFileDescriptor(ContentResolver.java:1912)
06-11 10:35:11.378  1460 23496 W AppInfo : 	at android.content.ContentResolver.openInputStream(ContentResolver.java:1582)
06-11 10:35:11.378  1460 23496 W AppInfo : 	at org.hapjs.model.AppInfo.fromUri(SourceFile:7)
06-11 10:35:11.378  1460 23496 W AppInfo : 	at org.hapjs.model.AppInfo.create(SourceFile:105)
06-11 10:35:11.378  1460 23496 W AppInfo : 	at org.hapjs.bridge.DefaultAppInfoProvider.create(SourceFile:1)
06-11 10:35:11.378  1460 23496 W AppInfo : 	at a.a.a.nl0.g(SourceFile:58)
06-11 10:35:11.378  1460 23496 W AppInfo : 	at a.a.a.nl0.e(SourceFile:2)
06-11 10:35:11.378  1460 23496 W AppInfo : 	at a.a.a.rp6.d(SourceFile:22)
06-11 10:35:11.378  1460 23496 W AppInfo : 	at a.a.a.rp6.c(SourceFile:52)
06-11 10:35:11.378  1460 23496 W AppInfo : 	at com.nearme.instant.card.SharedDataProvider.setOrUpdateSharedDataInner(SourceFile:48)
06-11 10:35:11.378  1460 23496 W AppInfo : 	at com.nearme.instant.card.SharedDataProvider.setOrUpdateSharedData(SourceFile:61)
06-11 10:35:11.378  1460 23496 W AppInfo : 	at com.nearme.instant.card.SharedDataProvider.doCall(SourceFile:46)
06-11 10:35:11.378  1460 23496 W AppInfo : 	at org.hapjs.AbstractContentProvider.call(SourceFile:4)
06-11 10:35:11.378  1460 23496 W AppInfo : 	at android.content.ContentProvider.call(ContentProvider.java:2773)
06-11 10:35:11.378  1460 23496 W AppInfo : 	at android.content.ContentProvider$Transport.call(ContentProvider.java:653)
06-11 10:35:11.378  1460 23496 W AppInfo : 	at android.content.ContentProviderNative.onTransact(ContentProviderNative.java:307)
06-11 10:35:11.378  1460 23496 W AppInfo : 	at android.os.Binder.execTransactInternal(Binder.java:1444)
06-11 10:35:11.378  1460 23496 W AppInfo : 	at android.os.Binder.execTransact(Binder.java:1378)
06-11 10:35:11.378  1460 23496 E PermissionVerifier: card rpk not exists
06-11 10:35:11.378  1460 23496 W PermissionVerifier: checkWritePermission writer: com.oplus.games not in rpk: com.coloros.gamespaceui.quickapp.guide allowed list
06-11 10:35:11.378  1460 23496 W SharedDataProvider: setOrUpdateSharedData no permissions!
06-11 10:35:11.379 27947  1358 W GameSpaceUI.gs_DesktopCardServiceImpl: set assistant_is_support_hide_game_icon_state = 1 success expire 86400000
06-11 10:35:11.379 19629 19687 I DMP-BusinessHandler: handleMessage:1
06-11 10:35:11.379 19629 19687 W DMP-BusinessHandler: in clearDMPExternalIndexData method, action is not clear or remove
06-11 10:35:11.382 27947  1358 I GameSpaceUI.TrackService: getPluginConfigAppId -1, currentPkgName: 
06-11 10:35:11.385 11631 29296 I UMS.SettingDataManager: refreshSettingsList [base|2.0.44-25e9612]
06-11 10:35:11.385 26764 30337 W Weather_Location_LocationController: isLocationPermissionGranted:true
06-11 10:35:11.385 26764 30337 W Weather_Location_LocationController: isPassiveLocationServiceEnable:true
06-11 10:35:11.385 26764 30337 W Weather_Location_LocationController: isStartPassiveLocation true
06-11 10:35:11.385 26764 30337 W Weather_Location_LocationController: not have permission not canPassiveLocation
06-11 10:35:11.385 26764 30337 I WeatherS_AutoGetLocationService: onLocationSdkCall for scene:[5] at step:[4] by extra:[check location environment start]
06-11 10:35:11.385 26764 30337 W Weather_Location_LocationController: isLocationServiceEnable:true
06-11 10:35:11.394 19629 19687 I DMP-IndexProvider: call, authority[com.oplus.dmp.index], method[onReceive], resource[null]
06-11 10:35:11.400  6109 13332 E midasd  : getTotalFlipsFromSf mCurFrameCount: 7861411
06-11 10:35:11.401  6109 13332 I midasd  : DisplayAgent updateDisplayDevInfo getRenderFps mFps:120 mRenderFps:120 mWidth:1240 mHeight:2772
06-11 10:35:11.402  8454  8173 I ContextAware_AppCardProcessor: [breeno-launcher]SEND_APP_MESSAGE: commerceAlg=2, resultApps=[AppInfo[pkg=com.earthengine.minimalglobe, appType=0,iconSource=system, recallType=algorithm, deepLink=0,utrackClickUrl=0, utrackExposeUrl=0,icon=0, apiSource=null, typeCode=null, mode=0, advFinalScore=null,  routePage=0,title=null, subTitle=null, adSize=null,probability=0], AppInfo[pkg=space.xinzhi.hiko, appType=0,iconSource=system, recallType=algorithm, deepLink=0,utrackClickUrl=0, utrackExposeUrl=0,icon=0, apiSource=null, typeCode=null, mode=0, advFinalScore=null,  routePage=0,title=null, subTitle=null, adSize=null,probability=0], AppInfo[pkg=com.tencent.mm, appType=0,iconSource=system, recallType=algorithm, deepLink=0,utrackClickUrl=0, utrackExposeUrl=0,icon=0, apiSource=null, typeCode=null, mode=0, advFinalScore=null,  routePage=0,title=null, subTitle=null, adSize=null,probability=0], AppInfo[pkg=com.ss.android.ugc.aweme, appType=5,iconSource=system, recallType=ad, deepLink=1506,utrackClickUrl=3, utrackExposeUrl=3,icon=0, apiSource=5, typeCode=6, mode=2, advFinalScore=413.00003,  routePage=0,title=null, subTitle=null, adSize=null,probability=0], AppInfo[pkg=space.xinzhi.map, appType=0,iconSource=system, recallType=algorithm, deepLink=0,utrackClickUrl=0, utrackExposeUrl=0,icon=0, apiSource=null, typeCode=null, mode=0, advFinalScore=null,  routePage=0,title=null, subTitle=null, adSize=null,probability=0], AppInfo[pkg=com.ss.android.lark, appType=0,iconSource=system, recallType=algorithm, deepLink=0,utrackClickUrl=0, utrackExposeUrl=0,icon=0, apiSource=null, typeCode=null, mode=0, advFinalScore=null,  routePage=0,title=null, subTitle=null, adSize=null,probability=0], AppInfo[pkg=com.phoenix.read, appType=0,iconSource=system, recallType=algorithm, deepLink=0,utrackClickUrl=0, utrackExposeUrl=0,icon=0, apiSource=null, typeCode=null, mode=0, advFinalScore=null,  routePage=0,title=null, subTitle=null, adSize=null,probability=0], AppInfo[pkg=com.github.metacubex.clash.meta, appType=0,iconSource=system, recallType=algorithm, deepLink=0,utrackClickUrl=0, utrackExposeUrl=0,icon=0, apiSource=null, typeCode=null, mode=0, advFinalScore=null,  routePage=0,title=null, subTitle=null, adSize=null,probability=0], AppInfo[pkg=com.lolaage.tbulu.tools, appType=0,iconSource=system, recallType=algorithm, deepLink=0,utrackClickUrl=0, utrackExposeUrl=0,icon=0, apiSource=null, typeCode=null, mode=0, advFinalScore=null,  routePage=0,title=null, subTitle=null, adSize=null,probability=0], AppInfo[pkg=com.heytap.browser, appType=0,iconSource=system, recallType=algorithm, deepLink=0,utrackClickUrl=0, utrackExposeUrl=0,icon=0, apiSource=null, typeCode=null, mode=0, advFinalScore=null,  routePage=0,title=null, subTitle=null, adSize=null,probability=0]], traceId: 4b5b5ab9fa1eb57bee43b590ed4fc7e1-274676063cf54e5a8686fcccdfac7019
06-11 10:35:11.404 30334 30334 D ScrollOptimizationHelper: can't find the config file for optimizaiton
06-11 10:35:11.405 30334 30334 D ScrollOptimizationHelper: will not debug for debug is false
06-11 10:35:11.406 11631 29348 I UMS.SettingDataManager: refreshSettingsList [base|2.0.44-25e9612]
06-11 10:35:11.408  4650 23082 W HapContentObserver: uri: content://appRecommend_data_storage/breeno-launcher/query
06-11 10:35:11.408  4650 23082 D HapContentObserver: key: 251540744 , task: 70838955
06-11 10:35:11.408  4650 23082 D ContentResolverTask: uri: content://appRecommend_data_storage/breeno-launcher/query contains: false task: 70838955
06-11 10:35:11.408  4650 23082 D HapContentObserver: key: 82000058 , task: 112544663
06-11 10:35:11.408  4650 23082 D ContentResolverTask: uri: content://appRecommend_data_storage/breeno-launcher/query contains: false task: 112544663
06-11 10:35:11.408  4650 23082 D HapContentObserver: find dispatch uri: content://appRecommend_data_storage/breeno-launcher/query
06-11 10:35:11.408  4650 23082 D ContentResolverTask: notifyChange: content://appRecommend_data_storage/breeno-launcher/query, mRequestMap contains: true mRequestMap.size: 1 task:112544663 instant:15
06-11 10:35:11.408  4650 23082 W ContentResolverTask: request callback: 247
06-11 10:35:11.409  4650 23595 D JsConsole: breeno2X2-launcher(rsUDrjLDfb7Y)::content_provider_channel: register success _channelStatus(subscribed
06-11 10:35:11.410 30334 30334 D CompatChangeReporter: Compat change id reported: 377864165; UID 10602; state: ENABLED
06-11 10:35:11.410 27413 27775 W SQLiteLog: (28) double-quoted string literal: "com.earthengine.minimalglobe"
06-11 10:35:11.412  1460 23496 W SeedlingShare: (com.oplus.games, assistant_is_support_hide_game_icon_state) not in seeding shared white list.
06-11 10:35:11.413 30334 30334 D DesktopModeFlags: Toggle override initialized to: OVERRIDE_UNSET
06-11 10:35:11.414 30334 30334 D OplusWindowManager: get WMS extension: android.os.BinderProxy@16a294e
06-11 10:35:11.414  1460 23496 W AppInfo : AppInfo create Uri content://com.nearme.instant.platform.res/com.coloros.gamespaceui.quickapp.library/manifest.json
06-11 10:35:11.415  1460 23496 W PackageFilesValidator: isInvalidResource: AppDistributionMeta is null
06-11 10:35:11.416 26764 30337 W Weather_Location_LocationController: isLocationPermissionGranted:true
06-11 10:35:11.421 26764 30337 W Weather_Location_LocationController: isNetAvailable:true
06-11 10:35:11.421 26764 30337 W Weather_Location_LocationController: meetLocationInterval:false
06-11 10:35:11.421 26764 30337 I WeatherS_AutoGetLocationService: onLocationSdkCall for scene:[5] at step:[4] by extra:[location interval no meet]
06-11 10:35:11.421 26764 30337 I WeatherS_AutoGetLocationService: location interval no meet,call update city weather.
06-11 10:35:11.421 30334 30334 D ActivityThread: ComponentInfo{com.earthengine.minimalglobe/com.earthengine.minimalglobe.MainActivity} checkFinished=false 2
06-11 10:35:11.421 26764 30337 I WeatherS_LocalUtils: notifyChange errorCode: 410000 uri: content://com.oplus.weather.provider.locationCallBack?errorCode=410000
06-11 10:35:11.421 30334 30334 D ResourcesManagerExtImpl: applyConfigurationToAppResourcesLocked app.getDisplayId() return callback.displayId:0
06-11 10:35:11.423 18957 27779 D ClockTag_ClockWidget.ClockWidgetWeatherService: locationResultNotifyObserver onChange
06-11 10:35:11.423 18957 27779 D ClockTag_ClockWidget.ClockWidgetWeatherService: locationResultNotifyObserver errorCode: 410000
06-11 10:35:11.423 18957 27779 D ClockTag_ClockWidget.BaseWidgetViewHelper: updateLocateResult new 410000 old: 410000
06-11 10:35:11.424 30334 30334 E [UAH_CLIENT]: uahInit enter
06-11 10:35:11.425 30334 30334 W ne.minimalglobe: AIBinder_linkToDeath is being called with a non-null cookie and no onUnlink callback set. This might not be intended. AIBinder_DeathRecipient_setOnUnlinked should be called first.
06-11 10:35:11.425 26764 30337 I WeatherS_AutoGetLocationService: onLocationResult, count:0
06-11 10:35:11.425 26764 30337 W WeatherS_AutoGetLocationService: onLocationResult, cityInfo is null!
06-11 10:35:11.425  1820  1820 I UrccFramework-halservice: Urcc::init is called 
06-11 10:35:11.425 30334 30334 I [UAH_CLIENT]: UahGetFeatureStatus enter
06-11 10:35:11.425  1820  1820 I UrccFramework-halservice: Urcc::urccResStateRequest ret_data_vec id 0xd value -1002
06-11 10:35:11.426 30334 30334 D OplusInputMethodUtil: init sDebug to false, init sDebugIme to false, init sAlwaysOn to false
06-11 10:35:11.426 30334 30334 D OplusInputMethodUtil: updateDebugToClass InputMethodManager.DEBUG = false
06-11 10:35:11.426 30334 30334 D OplusInputMethodUtil: updateDebugToClass ImeFocusController.DEBUG = false
06-11 10:35:11.427 30334 30334 D OplusInputMethodUtil: updateDebugToClass OnBackInvokedDispatcher.DEBUG = false
06-11 10:35:11.427 30334 30334 D OplusInputMethodUtil: updateDebugToClass InsetsController.DEBUG = false
06-11 10:35:11.427 30334 30334 D OplusInputMethodUtil: updateDebugToClass BaseInputConnection.DEBUG = false
06-11 10:35:11.429  5081  5179 W Battery : AppSwitchDetectorV2: OnAppSwitchObserver: onAppExit , info = OplusAppExitInfo = {  targetName = com.android.launcher hasResumingActivity = true resumingPackageName = com.earthengine.minimalglobe resumingActivityName = com.earthengine.minimalglobe.MainActivity resumingWindowMode = 1 isResumingMultiApp = false isResumingFirstStart = true extension = Bundle[mParcelledData.dataSize=604]} lastReg=1781141362882
06-11 10:35:11.430  5081  5179 W Battery : AppSwitchManager: onAppSwitch: [m4.o$d@5329dc2]
06-11 10:35:11.430  4033  4056 V DCSEX-AppSwitchManager: OnAppSwitchObserver: onAppExit, resuming = com.earthengine.minimalglobe, target = com.android.launcher, is ResumingFirstStart =  true, is ResumingMultiApp =  false, extensionInfo =  Bundle[mParcelledData.dataSize=604]
06-11 10:35:11.432  5081  5179 W Battery : ThermalControlUtils: mForegroundPkg=com.earthengine.minimalglobe mLastWindowMode=1
06-11 10:35:11.432  5081  5179 W Battery : StateManager: getAppType com.earthengine.minimalglobe, last=1781145121054
06-11 10:35:11.433  5081  5179 W Battery : ThermalControllerCenter: mSafetyState=10000,  mSafetyTestConfigList=01111,10111,11011,11101,11110,00111,01011,01101,01110,10011,10101,10110,11001,11010,11100,11111
06-11 10:35:11.433  5081  5179 W Battery : ThermalControllHandler: tempLevel=[5],userMode=2,gameUserMode=-1,appType=-1,envTempType=0,appStates=[],appSwitchSafetyMode=true,split=[],float={},full=[com.earthengine.minimalglobe], tempGear=[5],configItemName=common_config
06-11 10:35:11.433  5081  5179 W Battery : ThermalControllerCenter: MSG_THERMAL_CONTROL_CATEGORY_PROTECT_PERIOD enter.
06-11 10:35:11.434 12732 14058 I OplusObrain: OplusObrainClientInvoke.nativeGetTelephonyInfo
06-11 10:35:11.435  1800  1800 D vendor.oplus.hardware.charger-V10-service: set cooldown:5,  normalCoolDown:5
06-11 10:35:11.436  9703 11131 I Qsb-DBManager: call update:com.earthengine.minimalglobe
06-11 10:35:11.436 12732 12787 I OplusObrain: OplusObrainClientInvoke.nativeGetTrafficTypeInfoForNetworkType networkType 1
06-11 10:35:11.436  4033 29204 D DCSEX-AppLaunchEventRecorder: onAppSwitch from = com.android.launcher to = com.earthengine.minimalglobe
06-11 10:35:11.437 30334 30334 D WindowManager: Add to mViews: com.android.internal.policy.DecorView{2565867 I.E...... R.....ID 0,0-0,0 alpha=1.0 viewInfo = }[MainActivity],pkg= com.earthengine.minimalglobe
06-11 10:35:11.437  5081  5179 W Battery : ThermalControlUtils: not set the same wifi=0
06-11 10:35:11.438 11631 29833 I UMS.SettingDataManager: refreshSettingsList
06-11 10:35:11.439 30334 30384 D ExtensionsLoader: createInstance(64bit) : createExtendedFactory
06-11 10:35:11.440 30334 30384 D ExtensionsLoader: Opened libhwuiextimpl.so
06-11 10:35:11.440 30334 30384 D skia    : setRusSupported enable 1
06-11 10:35:11.438  5081 30723 W Battery : AppSceneCenter: PerfPolicy not enable!
06-11 10:35:11.441  4329  4329 I PluginSeedling--Origin: LiveAlertInteractorImpl-->notifyEntryDataChanged ENTRY_STATUS_BAR, result:, noe: false
06-11 10:35:11.442  4329  4329 I PluginSeedling--Origin: LiveAlertInteractorImpl-->notifyEntryDataChanged ENTRY_NOTIFICATION, result:, noe: false
06-11 10:35:11.442  4329  4329 I PluginSeedling--Notification: NotificationRepository-->onDataChanged, []
06-11 10:35:11.444  4639  8514 D NetworkService[1]: getIfIndexByNetid netId:194,ifName:wlan0,ifIndex:30
06-11 10:35:11.446 26764 30337 I WeatherS_AbsLocationHelper: getLocalId begin :service lct. 
06-11 10:35:11.446 26764 30337 I WeatherS_AbsLocationHelper: dealWithLocalCity same location city, onlyUpdateWeather
06-11 10:35:11.446 26764 30337 I WeatherS_AbsLocationHelper: endWithResult(): result=0null
06-11 10:35:11.447 12732 14058 I OplusObrain: OplusObrainClientInvoke.nativeGetTrafficTypeInfoForNetworkType networkType 0
06-11 10:35:11.451 30334 30334 D ViewRootImplExtImpl: onDisplayChanged -1 for VRI android.view.ViewRootImpl@8661403
06-11 10:35:11.452 19629 19687 I DMP-AppInitializer: isAppAvailable for indexCall, caller: com.oplus.dmp
06-11 10:35:11.453  4329  4424 D ShellTaskOrganizerExt: visibleFlexibleTaskInfos delete:1
06-11 10:35:11.453  4329  4424 D ShellTaskOrganizerExt: isOnCanvas size:0
06-11 10:35:11.453  4329  4424 D ShellTaskOrganizerExt: isOnThreeFlexibleCanvas size:0
06-11 10:35:11.453  4329  4424 D ShellTaskOrganizerExt: visibleFlexibleTaskInfos delete:2807
06-11 10:35:11.453  4329  4424 D ShellTaskOrganizerExt: isOnCanvas size:0
06-11 10:35:11.453  4329  4424 D ShellTaskOrganizerExt: isOnThreeFlexibleCanvas size:0
06-11 10:35:11.453 10084 30318 I SP.UsageAccessUtils: AppOp permission exists for package root but package doesn't exist or did not request UsageStats access
06-11 10:35:11.453 10084 30318 I SP.UsageAccessUtils: AppOp permission exists for package com.android.dynsystem but package doesn't exist or did not request UsageStats access
06-11 10:35:11.453 10084 30318 I SP.UsageAccessUtils: AppOp permission exists for package com.oplus.crashbox but package doesn't exist or did not request UsageStats access
06-11 10:35:11.453 10084 30318 I SP.UsageAccessUtils: AppOp permission exists for package com.oplus.olc but package doesn't exist or did not request UsageStats access
06-11 10:35:11.453 10084 30318 I SP.UsageAccessUtils: AppOp permission exists for package com.oplus.sau but package doesn't exist or did not request UsageStats access
06-11 10:35:11.453 10084 30318 I SP.UsageAccessUtils: AppOp permission exists for package com.wapi.wapicertmanage but package doesn't exist or did not request UsageStats access
06-11 10:35:11.453 10084 30318 I SP.UsageAccessUtils: AppOp permission exists for package com.oplus.notificationmanager but package doesn't exist or did not request UsageStats access
06-11 10:35:11.453 10084 30318 I SP.UsageAccessUtils: AppOp permission exists for package vendor.qti.qesdk.sysservice but package doesn't exist or did not request UsageStats access
06-11 10:35:11.453 10084 30318 I SP.UsageAccessUtils: AppOp permission exists for package com.qualcomm.qti.xrvd.service but package doesn't exist or did not request UsageStats access
06-11 10:35:11.453 10084 30318 I SP.UsageAccessUtils: AppOp permission exists for package com.android.inputdevices but package doesn't exist or did not request UsageStats access
06-11 10:35:11.453 10084 30318 I SP.UsageAccessUtils: AppOp permission exists for package vendor.qti.frameworks.utils but package doesn't exist or did not request UsageStats access
06-11 10:35:11.453 10084 30318 I SP.UsageAccessUtils: AppOp permission exists for package com.oplus.mediaturbo but package doesn't exist or did not request UsageStats access
06-11 10:35:11.453 10084 30318 I SP.UsageAccessUtils: AppOp permission exists for package oplus but package doesn't exist or did not request UsageStats access
06-11 10:35:11.453 10084 30318 I SP.UsageAccessUtils: AppOp permission exists for package com.android.server.telecom but package doesn't exist or did not request UsageStats access
06-11 10:35:11.453 10084 30318 I SP.UsageAccessUtils: AppOp permission exists for package com.android.keychain but package doesn't exist or did not request UsageStats access
06-11 10:35:11.453 10084 30318 I SP.UsageAccessUtils: AppOp permission exists for package com.oplus.wirelesssettings but package doesn't exist or did not request UsageStats access
06-11 10:35:11.453 10084 30318 I SP.UsageAccessUtils: AppOp permission exists for package com.android.DeviceAsWebcam but package doesn't exist or did not request UsageStats access
06-11 10:35:11.453 10084 30318 I SP.UsageAccessUtils: AppOp permission exists for package com.oplus.exsystemservice but package doesn't exist or did not request UsageStats access
06-11 10:35:11.453 10084 30318 I SP.UsageAccessUtils: AppOp permission exists for package com.oplus.sauhelper but package doesn't exist or did not request UsageStats access
06-11 10:35:11.453 10084 30318 I SP.UsageAccessUtils: AppOp permission exists for package com.oplus.trafficmonitor but package doesn't exist or did not request UsageStats access
06-11 10:35:11.453 10084 30318 I SP.UsageAccessUtils: AppOp permission exists for package com.oplus.wifibackuprestore but package doesn't exist or did not request UsageStats access
06-11 10:35:11.453 10084 30318 I SP.UsageAccessUtils: AppOp permission exists for package com.oplus.battery but package doesn't exist or did not request UsageStats access
06-11 10:35:11.453 10084 30318 I SP.UsageAccessUtils: AppOp permission exists for package com.oplus.postmanservice but package doesn't exist or did not request UsageStats access
06-11 10:35:11.453 10084 30318 I SP.UsageAccessUtils: AppOp permission exists for package com.oplus.securitypermission but package doesn't exist or did not request UsageStats access
06-11 10:35:11.454 10084 30318 I SP.UsageAccessUtils: AppOp permission exists for package com.oplus.athena but package doesn't exist or did not request UsageStats access
06-11 10:35:11.454 10084 30318 I SP.UsageAccessUtils: AppOp permission exists for package com.android.location.fused but package doesn't exist or did not request UsageStats access
06-11 10:35:11.454 10084 30318 I SP.UsageAccessUtils: AppOp permission exists for package com.oplus.logkit but package doesn't exist or did not request UsageStats access
06-11 10:35:11.454 10084 30318 I SP.UsageAccessUtils: AppOp permission exists for package com.oplus.engineermode but package doesn't exist or did not request UsageStats access
06-11 10:35:11.454 10084 30318 I SP.UsageAccessUtils: AppOp permission exists for package com.oplus.subsys but package doesn't exist or did not request UsageStats access
06-11 10:35:11.454 10084 30318 I SP.UsageAccessUtils: AppOp permission exists for package audioserver but package doesn't exist or did not request UsageStats access
06-11 10:35:11.454 10084 30318 I SP.UsageAccessUtils: AppOp permission exists for package com.ss.android.ugc.aweme.lite but package doesn't exist or did not request UsageStats access
06-11 10:35:11.454 10084 30318 I SP.UsageAccessUtils: AppOp permission exists for package com.lianjia.beike but package doesn't exist or did not request UsageStats access
06-11 10:35:11.454 10084 30318 I SP.UsageAccessUtils: AppOp permission exists for package com.oplus.ovoicemanager.wakeup but package doesn't exist or did not request UsageStats access
06-11 10:35:11.454 10084 30318 I SP.UsageAccessUtils: AppOp permission exists for package com.microsoft.appmanager but package doesn't exist or did not request UsageStats access
06-11 10:35:11.454 10084 30318 I SP.UsageAccessUtils: AppOp permission exists for package com.ss.android.yumme.video but package doesn't exist or did not request UsageStats access
06-11 10:35:11.454 10084 30318 I SP.UsageAccessUtils: AppOp permission exists for package com.heytap.pictorial but package doesn't exist or did not request UsageStats access
06-11 10:35:11.454 10084 30318 I SP.UsageAccessUtils: AppOp permission exists for package com.oplus.ota but package doesn't exist or did not request UsageStats access
06-11 10:35:11.454 10084 30318 I SP.UsageAccessUtils: AppOp permission exists for package com.dragon.read but package doesn't exist or did not request UsageStats access
06-11 10:35:11.454 10084 30318 I SP.UsageAccessUtils: AppOp permission exists for package com.ss.android.ugc.aweme but package doesn't exist or did not request UsageStats access
06-11 10:35:11.454 10084 30318 I SP.UsageAccessUtils: AppOp permission exists for package com.ss.android.article.news but package doesn't exist or did not request UsageStats access
06-11 10:35:11.454 10084 30318 I SP.UsageAccessUtils: AppOp permission exists for package com.eg.android.AlipayGphone but package doesn't exist or did not request UsageStats access
06-11 10:35:11.454 10084 30318 I SP.UsageAccessUtils: AppOp permission exists for package com.tencent.mm but package doesn't exist or did not request UsageStats access
06-11 10:35:11.454 10084 30318 I SP.UsageAccessUtils: AppOp permission exists for package com.tencent.mobileqq but package doesn't exist or did not request UsageStats access
06-11 10:35:11.454 10084 30318 I SP.UsageAccessUtils: AppOp permission exists for package com.larus.nova but package doesn't exist or did not request UsageStats access
06-11 10:35:11.454 10084 30318 I SP.UsageAccessUtils: AppOp permission exists for package com.ss.android.auto but package doesn't exist or did not request UsageStats access
06-11 10:35:11.454 10084 30318 I SP.UsageAccessUtils: AppOp permission exists for package com.sankuai.meituan but package doesn't exist or did not request UsageStats access
06-11 10:35:11.454 10084 30318 I SP.UsageAccessUtils: AppOp permission exists for package cn.soulapp.android but package doesn't exist or did not request UsageStats access
06-11 10:35:11.454 10084 30318 I SP.UsageAccessUtils: AppOp permission exists for package com.cat.readall but package doesn't exist or did not request UsageStats access
06-11 10:35:11.454  1460 23496 W AppInfo : app info parse uri fail. uri: content://com.nearme.instant.platform.res/com.coloros.gamespaceui.quickapp.library/manifest.json##Throwable##java.io.FileNotFoundException: open failed: ENOENT (No such file or directory)
06-11 10:35:11.454  1460 23496 W AppInfo : 	at android.os.ParcelFileDescriptor.openInternal(ParcelFileDescriptor.java:356)
06-11 10:35:11.454  1460 23496 W AppInfo : 	at android.os.ParcelFileDescriptor.open(ParcelFileDescriptor.java:233)
06-11 10:35:11.454  1460 23496 W AppInfo : 	at org.hapjs.cache.CacheProvider.doOpenFile(SourceFile:56)
06-11 10:35:11.454  1460 23496 W AppInfo : 	at org.hapjs.AbstractContentProvider.openFile(SourceFile:4)
06-11 10:35:11.454  1460 23496 W AppInfo : 	at android.content.ContentProvider.openAssetFile(ContentProvider.java:2326)
06-11 10:35:11.454  1460 23496 W AppInfo : 	at org.hapjs.AbstractContentProvider.doOpenAssetFile(SourceFile:1)
06-11 10:35:11.454  1460 23496 W AppInfo : 	at org.hapjs.cache.CacheProvider.doOpenAssetFile(SourceFile:74)
06-11 10:35:11.454  1460 23496 W AppInfo : 	at org.hapjs.AbstractContentProvider.openAssetFile(SourceFile:4)
06-11 10:35:11.454  1460 23496 W AppInfo : 	at android.content.ContentProvider.openTypedAssetFile(ContentProvider.java:2504)
06-11 10:35:11.454  1460 23496 W AppInfo : 	at android.content.ContentProvider.openTypedAssetFile(ContentProvider.java:2571)
06-11 10:35:11.454  1460 23496 W AppInfo : 	at android.content.ContentProvider$Transport.openTypedAssetFile(ContentProvider.java:692)
06-11 10:35:11.454  1460 23496 W AppInfo : 	at android.content.ContentResolver.openTypedAssetFileDescriptor(ContentResolver.java:2097)
06-11 10:35:11.454  1460 23496 W AppInfo : 	at android.content.ContentResolver.openAssetFileDescriptor(ContentResolver.java:1912)
06-11 10:35:11.454  1460 23496 W AppInfo : 	at android.content.ContentResolver.openInputStream(ContentResolver.java:1582)
06-11 10:35:11.454  1460 23496 W AppInfo : 	at org.hapjs.model.AppInfo.fromUri(SourceFile:7)
06-11 10:35:11.454  1460 23496 W AppInfo : 	at org.hapjs.model.AppInfo.create(SourceFile:105)
06-11 10:35:11.454  1460 23496 W AppInfo : 	at org.hapjs.bridge.DefaultAppInfoProvider.create(SourceFile:1)
06-11 10:35:11.454  1460 23496 W AppInfo : 	at a.a.a.nl0.g(SourceFile:58)
06-11 10:35:11.454  1460 23496 W AppInfo : 	at a.a.a.nl0.e(SourceFile:2)
06-11 10:35:11.454  1460 23496 W AppInfo : 	at a.a.a.rp6.d(SourceFile:22)
06-11 10:35:11.454  1460 23496 W AppInfo : 	at a.a.a.rp6.c(SourceFile:52)
06-11 10:35:11.454  1460 23496 W AppInfo : 	at com.nearme.instant.card.SharedDataProvider.setOrUpdateSharedDataInner(SourceFile:48)
06-11 10:35:11.454  1460 23496 W AppInfo : 	at com.nearme.instant.card.SharedDataProvider.setOrUpdateSharedData(SourceFile:61)
06-11 10:35:11.454  1460 23496 W AppInfo : 	at com.nearme.instant.card.SharedDataProvider.doCall(SourceFile:46)
06-11 10:35:11.454  1460 23496 W AppInfo : 	at org.hapjs.AbstractContentProvider.call(SourceFile:4)
06-11 10:35:11.454  1460 23496 W AppInfo : 	at android.content.ContentProvider.call(ContentProvider.java:2773)
06-11 10:35:11.454  1460 23496 W AppInfo : 	at android.content.ContentProvider$Transport.call(ContentProvider.java:653)
06-11 10:35:11.454  1460 23496 W AppInfo : 	at android.content.ContentProviderNative.onTransact(ContentProviderNative.java:307)
06-11 10:35:11.454  1460 23496 W AppInfo : 	at android.os.Binder.execTransactInternal(Binder.java:1444)
06-11 10:35:11.454  1460 23496 W AppInfo : 	at android.os.Binder.execTransact(Binder.java:1378)
06-11 10:35:11.454 10084 30318 I SP.UsageAccessUtils: AppOp permission exists for package com.luna.music but package doesn't exist or did not request UsageStats access
06-11 10:35:11.454 10084 30318 I SP.UsageAccessUtils: AppOp permission exists for package com.ss.android.lark but package doesn't exist or did not request UsageStats access
06-11 10:35:11.454 10084 30318 I SP.UsageAccessUtils: AppOp permission exists for package com.ss.android.ugc.sicily_cm but package doesn't exist or did not request UsageStats access
06-11 10:35:11.454 10084 30318 I SP.UsageAccessUtils: AppOp permission exists for package com.phoenix.read but package doesn't exist or did not request UsageStats access
06-11 10:35:11.454 10084 30318 I SP.UsageAccessUtils: AppOp permission exists for package com.ss.android.ugc.aweme.hubble but package doesn't exist or did not request UsageStats access
06-11 10:35:11.454 10084 30318 I SP.UsageAccessUtils: AppOp permission exists for package com.ss.android.ugc.livelite but package doesn't exist or did not request UsageStats access
06-11 10:35:11.454 10084 30318 I SP.UsageAccessUtils: AppOp permission exists for package com.ss.android.article.video but package doesn't exist or did not request UsageStats access
06-11 10:35:11.454  1460 23496 E PermissionVerifier: card rpk not exists
06-11 10:35:11.454  1460 23496 W PermissionVerifier: checkWritePermission writer: com.oplus.games not in rpk: com.coloros.gamespaceui.quickapp.library allowed list
06-11 10:35:11.454  1460 23496 W SharedDataProvider: setOrUpdateSharedData no permissions!
06-11 10:35:11.454  9703 11131 D Identity: nonceAndCounter: e50d86a2bbc8da0e0000000000000007
06-11 10:35:11.455 30334 30334 D ResourcesManagerExtImpl: applyConfigurationToAppResourcesLocked app.getDisplayId() return callback.displayId:0
06-11 10:35:11.455 27947  1358 W GameSpaceUI.gs_DesktopCardServiceImpl: set assistant_config_card_show_default = 0 success expire 86400000
06-11 10:35:11.456 27947  1358 I GameSpaceUI.TrackService: getPluginConfigAppId -1, currentPkgName: 
06-11 10:35:11.456 30334 30334 E OplusBracketLog: [OplusViewMirrorManager] updateHostViewRootIfNeeded, not support android.view.ViewRootImpl@8661403
06-11 10:35:11.457  5227 29245 W cdo_md5 : refresh app: md5 and sign: compute: Md5DbItem{pkgName='com.earthengine.minimalglobe', md5='86d98033e947628a6cbfc46e81cf7113', status='1_1781145310531_1781145310424', signList=[87a169cd8380ae8de14037243e79661c]} ,cost: 321
06-11 10:35:11.457 30334 30334 I SurfaceView: 182558592 onAttachedToWindow
06-11 10:35:11.457 25296 25865 I TeaLog  : s worked:true 60000
06-11 10:35:11.461  4329  4424 D OplusShellTransition: DefaultTransitionHandler#onAnimFinish=> transition=android.os.BinderProxy@f4f04b9, backAnimContinue=false
06-11 10:35:11.461  4329  4424 V WindowManagerShell: Transition animation finished (aborted=false), notifying core (#1453) android.os.BinderProxy@f4f04b9@0
06-11 10:35:11.461  4329  4424 D SplitScreen-->AppLockManager: setStartFromSafeControl mStartFromSafeControl=false
06-11 10:35:11.461  5227 29245 W market_check_upgrade: startCheckUpgrade: part app: [com.earthengine.minimalglobe] ,isCtaPass: true
06-11 10:35:11.462  4329  4424 D ShellTaskOrganizerExt: adjust change for exiting mini task: -1
06-11 10:35:11.463 30334 30334 D WindowOnBackDispatcher:  predictive settings is disabled for com.earthengine.minimalglobe
06-11 10:35:11.463 30334 30334 D WindowOnBackDispatcher:  predictive settings is disabled for com.earthengine.minimalglobe
06-11 10:35:11.466  4033  4056 V DCSEX-AppSwitchManager: OnAppSwitchObserver: onAppEnter, launchedFrom =  com.android.shell, target =  com.earthengine.minimalglobe, is firstStart =  true, is multiApp =  false, extensionInfo =  Bundle[mParcelledData.dataSize=996], launch_source_type =  , launch_source_traceid =  
06-11 10:35:11.466 19629 19687 I DMP-IndexProvider: Process index init succeed
06-11 10:35:11.467  1460 23496 W SeedlingShare: (com.oplus.games, assistant_config_card_show_default) not in seeding shared white list.
06-11 10:35:11.468 25296 26364 D VRI[]   : dispatchAppVisibility visible:false mUpcomingWindowFocus:false
06-11 10:35:11.468  4650 23082 D VRI[Launcher]: dispatchAppVisibility visible:false mUpcomingWindowFocus:false
06-11 10:35:11.468  1460 23496 W AppInfo : AppInfo create Uri content://com.nearme.instant.platform.res/com.coloros.gamespaceui.quickapp.guide/manifest.json
06-11 10:35:11.469  4650  4900 D HWUI    : SkiaOpenGLPipeline::setSurface: this=0xb40000791eb9bcc0, surface=NULL
06-11 10:35:11.469  4650  4900 D BufferQueueProducer: [VRI[Launcher]#85(BLAST Consumer)85](id:122a0000054e,api:1,p:4650,c:4650) disconnect: api 1
06-11 10:35:11.469  4650  4900 D HWUI    : createSurface new attribs array
06-11 10:35:11.469  4650  4900 D libEGL  : this is from skia gles
06-11 10:35:11.469  4650  4900 D BufferQueueProducer: [VRI[Launcher]#85(BLAST Consumer)85](id:122a0000054e,api:1,p:4650,c:4650) connect: api=1 producerControlledByApp=true
06-11 10:35:11.470  4329  4424 D ShellTaskOrganizer: onTransitionFinish, isRecent:false
06-11 10:35:11.470  4329  4424 V WindowManagerShell: Track 0 became idle
06-11 10:35:11.470  4329  4424 V WindowManagerShell: All active transition animations finished
06-11 10:35:11.470  4177  4177 D WallpaperChooser.BaseSignalWallpaperService: visibility change to false, creating?false
06-11 10:35:11.470  4177  4177 D WallpaperChooser.BaseSignalWallpaperService: onPause
06-11 10:35:11.471 12732 13406 I Quality-ScreenOnOffLogProcessor: withInScreenOnOffRange mIsScreenOn:true refTime:1781145310956 mRecentScreenOnTime:1781143521410 mRecentScreenOffTime:1781143324217
06-11 10:35:11.473  1877  1877 I DispPerfService: updateLayerMask 8
06-11 10:35:11.473  4329  4424 D ShellTaskOrganizerExt: visibleFlexibleTaskInfos delete:1
06-11 10:35:11.473  4329  4424 D ShellTaskOrganizerExt: isOnCanvas size:0
06-11 10:35:11.473  4329  4424 D ShellTaskOrganizerExt: isOnThreeFlexibleCanvas size:0
06-11 10:35:11.474  9703 11131 I TapHttp.:  RetryAndFollowUpInterceptor isEventListenerStub:true
06-11 10:35:11.474  9703 11131 D TapHttp.:  StreamAllocation isEventListenerStub:true
06-11 10:35:11.474  1663  1663 I QTI PowerHAL: Power setMode: 6 to: 0
06-11 10:35:11.475 30334 30334 D ViewRootImplExtImpl: wrapConfigInfoIntoFlags rotation=0, smallestScreenWidthDp=0, residentWS=false, scenario=0, bounds=Rect(0, 0 - 1240, 2772), relayoutAsync=false, flags=0, newFlags=1453326336, title=com.earthengine.minimalglobe/com.earthengine.minimalglobe.MainActivity
06-11 10:35:11.478 26764 30337 E WeatherS_PrivacyStatementExport: isAgreed1
06-11 10:35:11.479  4329  4424 D ShellTaskOrganizerExt: visibleFlexibleTaskInfos delete:2807
06-11 10:35:11.479  4329  4424 D ShellTaskOrganizerExt: isOnCanvas size:0
06-11 10:35:11.479  4329  4424 D ShellTaskOrganizerExt: isOnThreeFlexibleCanvas size:0
06-11 10:35:11.479 27413 27775 W SQLiteLog: (28) double-quoted string literal: "com.earthengine.minimalglobe"
06-11 10:35:11.479 26764 30337 W WeatherS_ApkSignedCheck: checkCertificateWhiteList: not in inWhiteListcom.coloros.weather.service
06-11 10:35:11.480  1460 23496 W PackageFilesValidator: isInvalidResource: AppDistributionMeta is null
06-11 10:35:11.481  1877  1877 I DispPerfService: updateLayerMask 0
06-11 10:35:11.485 30334 30334 D VRI[MainActivity]: relayoutWindow result, sizeChanged:true, surfaceControlChanged:true, transformHintChanged:false, mSurfaceSize:Point(1240, 2772), mLastSurfaceSize:Point(0, 0), mWidth:-1, mHeight:-1, requestedWidth:1240, requestedHeight:2772, transformHint:0, installOrientation:0, displayRotation:0, isSurfaceValid:true, attr.flag:-2122252032, tmpFrames:ClientWindowFrames{frame=[0,0][1240,2772] display=[0,0][1240,2772] parentFrame=[0,0][0,0]}, relayoutAsync:false, mSyncSeqId:0
06-11 10:35:11.485 30334 30334 W VRI[MainActivity]: updateBlastSurfaceIfNeeded, surfaceSize:Point(1240, 2772), lastSurfaceSize:Point(0, 0), format:-3, blastBufferQueue:null
06-11 10:35:11.485 30334 30334 W libc    : Access denied finding property "vendor.display.enable_optimal_refresh_rate"
06-11 10:35:11.486 30334 30334 D BufferQueueConsumer: [](id:767e00000000,api:0,p:-1,c:30334) connect: controlledByApp=false
06-11 10:35:11.486 30334 30334 D BufferQueueConsumer: [VRI[MainActivity]#0(BLAST Consumer)0](id:767e00000000,api:0,p:-1,c:30334) setMaxAcquiredBufferCount: 2
06-11 10:35:11.486 30334 30334 W libc    : Access denied finding property "vendor.display.enable_optimal_refresh_rate"
06-11 10:35:11.488 30334 30384 D HWUI    : createSurface new attribs array
06-11 10:35:11.490 30334 30384 D libEGL  : this is from skia gles
06-11 10:35:11.490 30334 30384 D BufferQueueProducer: [VRI[MainActivity]#0(BLAST Consumer)0](id:767e00000000,api:1,p:30334,c:30334) connect: api=1 producerControlledByApp=true
06-11 10:35:11.490 11083 11791 D CloudConfig_stgyHelper: mspVersionCanSupport mspKitVersion : 2021620
06-11 10:35:11.492 30334 30334 E OplusDisplayModeManager: has been initialized.
06-11 10:35:11.493  1460 23496 W AppInfo : app info parse uri fail. uri: content://com.nearme.instant.platform.res/com.coloros.gamespaceui.quickapp.guide/manifest.json##Throwable##java.io.FileNotFoundException: open failed: ENOENT (No such file or directory)
06-11 10:35:11.493  1460 23496 W AppInfo : 	at android.os.ParcelFileDescriptor.openInternal(ParcelFileDescriptor.java:356)
06-11 10:35:11.493  1460 23496 W AppInfo : 	at android.os.ParcelFileDescriptor.open(ParcelFileDescriptor.java:233)
06-11 10:35:11.493  1460 23496 W AppInfo : 	at org.hapjs.cache.CacheProvider.doOpenFile(SourceFile:56)
06-11 10:35:11.493  1460 23496 W AppInfo : 	at org.hapjs.AbstractContentProvider.openFile(SourceFile:4)
06-11 10:35:11.493  1460 23496 W AppInfo : 	at android.content.ContentProvider.openAssetFile(ContentProvider.java:2326)
06-11 10:35:11.493  1460 23496 W AppInfo : 	at org.hapjs.AbstractContentProvider.doOpenAssetFile(SourceFile:1)
06-11 10:35:11.493  1460 23496 W AppInfo : 	at org.hapjs.cache.CacheProvider.doOpenAssetFile(SourceFile:74)
06-11 10:35:11.493  1460 23496 W AppInfo : 	at org.hapjs.AbstractContentProvider.openAssetFile(SourceFile:4)
06-11 10:35:11.493  1460 23496 W AppInfo : 	at android.content.ContentProvider.openTypedAssetFile(ContentProvider.java:2504)
06-11 10:35:11.493  1460 23496 W AppInfo : 	at android.content.ContentProvider.openTypedAssetFile(ContentProvider.java:2571)
06-11 10:35:11.493  1460 23496 W AppInfo : 	at android.content.ContentProvider$Transport.openTypedAssetFile(ContentProvider.java:692)
06-11 10:35:11.493  1460 23496 W AppInfo : 	at android.content.ContentResolver.openTypedAssetFileDescriptor(ContentResolver.java:2097)
06-11 10:35:11.493  1460 23496 W AppInfo : 	at android.content.ContentResolver.openAssetFileDescriptor(ContentResolver.java:1912)
06-11 10:35:11.493  1460 23496 W AppInfo : 	at android.content.ContentResolver.openInputStream(ContentResolver.java:1582)
06-11 10:35:11.493  1460 23496 W AppInfo : 	at org.hapjs.model.AppInfo.fromUri(SourceFile:7)
06-11 10:35:11.493  1460 23496 W AppInfo : 	at org.hapjs.model.AppInfo.create(SourceFile:105)
06-11 10:35:11.493  1460 23496 W AppInfo : 	at org.hapjs.bridge.DefaultAppInfoProvider.create(SourceFile:1)
06-11 10:35:11.493  1460 23496 W AppInfo : 	at a.a.a.nl0.g(SourceFile:58)
06-11 10:35:11.493  1460 23496 W AppInfo : 	at a.a.a.nl0.e(SourceFile:2)
06-11 10:35:11.493  1460 23496 W AppInfo : 	at a.a.a.rp6.d(SourceFile:22)
06-11 10:35:11.493  1460 23496 W AppInfo : 	at a.a.a.rp6.c(SourceFile:52)
06-11 10:35:11.493  1460 23496 W AppInfo : 	at com.nearme.instant.card.SharedDataProvider.setOrUpdateSharedDataInner(SourceFile:48)
06-11 10:35:11.493  1460 23496 W AppInfo : 	at com.nearme.instant.card.SharedDataProvider.setOrUpdateSharedData(SourceFile:61)
06-11 10:35:11.493  1460 23496 W AppInfo : 	at com.nearme.instant.card.SharedDataProvider.doCall(SourceFile:46)
06-11 10:35:11.493  1460 23496 W AppInfo : 	at org.hapjs.AbstractContentProvider.call(SourceFile:4)
06-11 10:35:11.493  1460 23496 W AppInfo : 	at android.content.ContentProvider.call(ContentProvider.java:2773)
06-11 10:35:11.493  1460 23496 W AppInfo : 	at android.content.ContentProvider$Transport.call(ContentProvider.java:653)
06-11 10:35:11.493  1460 23496 W AppInfo : 	at android.content.ContentProviderNative.onTransact(ContentProviderNative.java:307)
06-11 10:35:11.493  1460 23496 W AppInfo : 	at android.os.Binder.execTransactInternal(Binder.java:1444)
06-11 10:35:11.493  1460 23496 W AppInfo : 	at android.os.Binder.execTransact(Binder.java:1378)
06-11 10:35:11.494  1877  5741 I SurfaceFlinger: [SF client] NEW(0xb4000075c880fcc0) for (30334:com.earthengine.minimalglobe)
06-11 10:35:11.495  1460 23496 E PermissionVerifier: card rpk not exists
06-11 10:35:11.495  1460 23496 W PermissionVerifier: checkWritePermission writer: com.oplus.games not in rpk: com.coloros.gamespaceui.quickapp.guide allowed list
06-11 10:35:11.496  1460 23496 W SharedDataProvider: setOrUpdateSharedData no permissions!
06-11 10:35:11.498  1667 15952 I sensors-hal: handle_oplus_wise_rgb_event:230, wise_rgb:algo_type = 3
06-11 10:35:11.498  1667 15952 I sensors-hal: get_brightness:1652, light_iface: get_brightness, brl 1529, pwm_turbo_on 0/0, hbm_dc 0
06-11 10:35:11.498  1667 15952 I sensors-hal: handle_oplus_wise_rgb_event:285, wise_rgb: raw_lux 508.032227, raw_cct 6312.444336, r/g/b/c: 40906.195312/35835.875000/20081.662109/90353.343750, R/G/B: 0.000000/0.000000/0.000000, brl 1529.000000, lux: 508.032227, cct: 6312.444336, ts 242708814284947, cnt 4204
06-11 10:35:11.498 27947  1358 W GameSpaceUI.gs_DesktopCardServiceImpl: set assistant_config_card_show_default = 0 success expire 86400000
06-11 10:35:11.499 27947  1358 I GameSpaceUI.TrackService: getPluginConfigAppId -1, currentPkgName: 
06-11 10:35:11.499  1877  2468 D SurfaceFlinger: updateWinowInfo=1, setFocusedWindow timestamp=200805214359177, windowName=4ae0de6 com.earthengine.minimalglobe/com.earthengine.minimalglobe.MainActivity
06-11 10:35:11.500  1460  1493 W SeedlingShare: (com.oplus.games, assistant_config_card_show_default) not in seeding shared white list.
06-11 10:35:11.500 30334 30334 D SurfaceView: 182558592, SurfaceView[com.earthengine.minimalglobe/com.earthengine.minimalglobe.MainActivity], layerid: 19268 createBlastSurfaceControls
06-11 10:35:11.501  1460  1493 W AppInfo : AppInfo create Uri content://com.nearme.instant.platform.res/com.coloros.gamespaceui.quickapp.library/manifest.json
06-11 10:35:11.501 30334 30334 W libc    : Access denied finding property "vendor.display.enable_optimal_refresh_rate"
06-11 10:35:11.501 30334 30334 D BufferQueueConsumer: [](id:767e00000001,api:0,p:-1,c:30334) connect: controlledByApp=false
06-11 10:35:11.501  1460  1493 W PackageFilesValidator: isInvalidResource: AppDistributionMeta is null
06-11 10:35:11.501 30334 30334 D BufferQueueConsumer: [ae19f80 SurfaceView[com.earthengine.minimalglobe/com.earthengine.minimalglobe.MainActivity]#1(BLAST Consumer)1](id:767e00000001,api:0,p:-1,c:30334) setMaxAcquiredBufferCount: 2
06-11 10:35:11.502 19629 19687 I DMP-Dispatcher: dispatchWork, method[onReceive], resource[null], extras[Bundle[{action=android.intent.action.PACKAGE_REPLACED, package=com.earthengine.minimalglobe}]]
06-11 10:35:11.503  8454  8173 I ContextAware_AppCardProcessor: [subscription2x4-launcher]no card, release not send
06-11 10:35:11.503  8454  8173 I ContextAware_AdvertisementManager: [sidebar]getCommerceAppsByCardName size:1
06-11 10:35:11.503  8454  8173 I ContextAware_AppSidebarProcessor: [sidebar]process advApps: com.ss.android.ugc.aweme
06-11 10:35:11.503  8454  8173 I ContextAware_AppSidebarProcessor: [sidebar]SEND_APP_MESSAGE: resultApps=[AppInfo[pkg=com.ss.android.ugc.aweme, appType=3,iconSource=system, recallType=, deepLink=578,utrackClickUrl=2, utrackExposeUrl=2,icon=0, apiSource=9, typeCode=null, mode=0, advFinalScore=null,  routePage=0,title=null, subTitle=null, adSize=null,probability=0]], traceId: 3f9973f27a9848cebd2ccc582473405e-417df6d5ebdf4e42af78b6ecf75983b8
06-11 10:35:11.503 30334 30334 W libc    : Access denied finding property "vendor.display.enable_optimal_refresh_rate"
06-11 10:35:11.504 30334 30334 I SurfaceView: 182558592 visibleChanged -- surfaceCreated 
06-11 10:35:11.504 30334 30334 D Surface : Surface::dispatchSetGameApi
06-11 10:35:11.504 30334 30334 D Surface : dispatchSetGameApi pid[30334] tid[30334] GameApi[0]
06-11 10:35:11.504 30334 30334 D Surface : dispatchSetGameApi res:0
06-11 10:35:11.504 30334 30334 D libEGL  : set game api gles successfully
06-11 10:35:11.504 30334 30334 D BufferQueueProducer: [ae19f80 SurfaceView[com.earthengine.minimalglobe/com.earthengine.minimalglobe.MainActivity]#1(BLAST Consumer)1](id:767e00000001,api:1,p:30334,c:30334) connect: api=1 producerControlledByApp=true
06-11 10:35:11.505  1808  1906 W gameoptHal: unknow message 163
06-11 10:35:11.505 30334 30334 I MinimalGlobe: EGL initialized: 1240x2772, GL: OpenGL ES 3.2 V@0615.100 (GIT@b82916be04, I507ba793b7, 1754480107) (Date:08/06/25), GLSL: OpenGL ES GLSL ES 3.20
06-11 10:35:11.506  1460  1493 W AppInfo : app info parse uri fail. uri: content://com.nearme.instant.platform.res/com.coloros.gamespaceui.quickapp.library/manifest.json##Throwable##java.io.FileNotFoundException: open failed: ENOENT (No such file or directory)
06-11 10:35:11.506  1460  1493 W AppInfo : 	at android.os.ParcelFileDescriptor.openInternal(ParcelFileDescriptor.java:356)
06-11 10:35:11.506  1460  1493 W AppInfo : 	at android.os.ParcelFileDescriptor.open(ParcelFileDescriptor.java:233)
06-11 10:35:11.506  1460  1493 W AppInfo : 	at org.hapjs.cache.CacheProvider.doOpenFile(SourceFile:56)
06-11 10:35:11.506  1460  1493 W AppInfo : 	at org.hapjs.AbstractContentProvider.openFile(SourceFile:4)
06-11 10:35:11.506  1460  1493 W AppInfo : 	at android.content.ContentProvider.openAssetFile(ContentProvider.java:2326)
06-11 10:35:11.506  1460  1493 W AppInfo : 	at org.hapjs.AbstractContentProvider.doOpenAssetFile(SourceFile:1)
06-11 10:35:11.506  1460  1493 W AppInfo : 	at org.hapjs.cache.CacheProvider.doOpenAssetFile(SourceFile:74)
06-11 10:35:11.506  1460  1493 W AppInfo : 	at org.hapjs.AbstractContentProvider.openAssetFile(SourceFile:4)
06-11 10:35:11.506  1460  1493 W AppInfo : 	at android.content.ContentProvider.openTypedAssetFile(ContentProvider.java:2504)
06-11 10:35:11.506  1460  1493 W AppInfo : 	at android.content.ContentProvider.openTypedAssetFile(ContentProvider.java:2571)
06-11 10:35:11.506  1460  1493 W AppInfo : 	at android.content.ContentProvider$Transport.openTypedAssetFile(ContentProvider.java:692)
06-11 10:35:11.506  1460  1493 W AppInfo : 	at android.content.ContentResolver.openTypedAssetFileDescriptor(ContentResolver.java:2097)
06-11 10:35:11.506  1460  1493 W AppInfo : 	at android.content.ContentResolver.openAssetFileDescriptor(ContentResolver.java:1912)
06-11 10:35:11.506  1460  1493 W AppInfo : 	at android.content.ContentResolver.openInputStream(ContentResolver.java:1582)
06-11 10:35:11.506  1460  1493 W AppInfo : 	at org.hapjs.model.AppInfo.fromUri(SourceFile:7)
06-11 10:35:11.506  1460  1493 W AppInfo : 	at org.hapjs.model.AppInfo.create(SourceFile:105)
06-11 10:35:11.506  1460  1493 W AppInfo : 	at org.hapjs.bridge.DefaultAppInfoProvider.create(SourceFile:1)
06-11 10:35:11.506  1460  1493 W AppInfo : 	at a.a.a.nl0.g(SourceFile:58)
06-11 10:35:11.506  1460  1493 W AppInfo : 	at a.a.a.nl0.e(SourceFile:2)
06-11 10:35:11.506  1460  1493 W AppInfo : 	at a.a.a.rp6.d(SourceFile:22)
06-11 10:35:11.506  1460  1493 W AppInfo : 	at a.a.a.rp6.c(SourceFile:52)
06-11 10:35:11.506  1460  1493 W AppInfo : 	at com.nearme.instant.card.SharedDataProvider.setOrUpdateSharedDataInner(SourceFile:48)
06-11 10:35:11.506  1460  1493 W AppInfo : 	at com.nearme.instant.card.SharedDataProvider.setOrUpdateSharedData(SourceFile:61)
06-11 10:35:11.506  1460  1493 W AppInfo : 	at com.nearme.instant.card.SharedDataProvider.doCall(SourceFile:46)
06-11 10:35:11.506  1460  1493 W AppInfo : 	at org.hapjs.AbstractContentProvider.call(SourceFile:4)
06-11 10:35:11.506  1460  1493 W AppInfo : 	at android.content.ContentProvider.call(ContentProvider.java:2773)
06-11 10:35:11.506  1460  1493 W AppInfo : 	at android.content.ContentProvider$Transport.call(ContentProvider.java:653)
06-11 10:35:11.506  1460  1493 W AppInfo : 	at android.content.ContentProviderNative.onTransact(ContentProviderNative.java:307)
06-11 10:35:11.506  1460  1493 W AppInfo : 	at android.os.Binder.execTransactInternal(Binder.java:1444)
06-11 10:35:11.506  1460  1493 W AppInfo : 	at android.os.Binder.execTransact(Binder.java:1378)
06-11 10:35:11.506  1460  1493 E PermissionVerifier: card rpk not exists
06-11 10:35:11.506  1460  1493 W PermissionVerifier: checkWritePermission writer: com.oplus.games not in rpk: com.coloros.gamespaceui.quickapp.library allowed list
06-11 10:35:11.506  1460  1493 W SharedDataProvider: setOrUpdateSharedData no permissions!
06-11 10:35:11.507 27947  1358 W GameSpaceUI.gs_DesktopCardServiceImpl: set assistant_config_card_new = {"key_desktop_card_default":"true","key_assistant_config_card_show_game_update":"true","key_assistant_config_card_show_game_boost":"true","key_assistant_config_card_show_game_hide":"true"} success expire 86400000
06-11 10:35:11.507 27947  1358 I GameSpaceUI.TrackService: getPluginConfigAppId -1, currentPkgName: 
06-11 10:35:11.509 30334 30334 I AtmosPass: initialize: creating shader...
06-11 10:35:11.510 30334 30334 I AtmosPass: initialize: shader created ok
06-11 10:35:11.510 30334 30334 I AtmosPass: initialize: buffer created ok, ready
06-11 10:35:11.510 30334 30334 I MinimalGlobe: Engine initialized successfully, camera pos: -1577217.2,5321867.2,3134277.0
06-11 10:35:11.510 30334 30334 I MinimalGlobe: Gaode satellite provider enabled: https://webst0{s}.is.autonavi.com/appmaptile?style=6&x={x}&y={y}&z={z}
06-11 10:35:11.510 30334 30334 I MinimalGlobe: Gaode/Amap tiles are GCJ-02 aligned; this demo is visual only, not WGS84 control-point acceptance
06-11 10:35:11.511 30334 30334 I MinimalGlobe: Basemap layer added; normal map debug disabled
06-11 10:35:11.511 30334 30334 I MinimalGlobe: Terrain provider: QuantizedMesh (http://192.168.1.6:8091/{z}/{x}/{y}.terrain)
06-11 10:35:11.511 30334 30334 I MinimalGlobe: Terrain layer added: http://192.168.1.4:8001/{z}/{x}/{y}.png
06-11 10:35:11.511 30334 30334 I MinimalGlobe: Debug overlay disabled
06-11 10:35:11.511 30334 30334 I MinimalGlobe: Simulation time set to fixed daytime JD 2461188.75 (2026-06-10 14:00 UTC+8)
06-11 10:35:11.511 30334 30334 D SurfaceView: 182558592 handleSyncNoBuffer
06-11 10:35:11.512 30334 30334 D SurfaceView: 182558592 finishedDrawing
06-11 10:35:11.512 30334 30334 D SurfaceView: 182558592 performDrawFinished mAttachedToWindow true
06-11 10:35:11.514 30334 30334 I SurfaceControl:  setExtendedRangeBrightness sc=Surface(name=com.earthengine.minimalglobe/com.earthengine.minimalglobe.MainActivity)/@0xbe866ae,currentBufferRatio=1.0,desiredRatio=1.0
06-11 10:35:11.514  4589  4678 I Athena  : AthenaDynamicReceiver: pre_app:com.android.launcher, next_app:com.earthengine.minimalglobe(10602|30334)
06-11 10:35:11.515 30334 30334 D SurfaceView: 182558592 dispatchDraw mDrawFinished true isAboveParent false (mPrivateFlags & PFLAG_SKIP_DRAW) 128
06-11 10:35:11.515 30334 30334 D SurfaceView: 182558592 clearSurfaceViewPort mCornerRadius 0.0
06-11 10:35:11.515  1460  1493 W SeedlingShare: (com.oplus.games, assistant_config_card_new) not in seeding shared white list.
06-11 10:35:11.516  1574  1616 W statsd  : StatsPullerManager: Unknown tagId 150146
06-11 10:35:11.516  1574  1616 E statsd  : Gauge Stats puller failed for tag: 150146 at 242708842610085
06-11 10:35:11.516  1574  1616 I statsd  : An anomaly (119840000001) (100198)0x10000->com.earthengine.minimalglobe[S] (100198)0x20000->10602[I]  has occurred! Informing subscribers.
06-11 10:35:11.517  1460  1493 W AppInfo : AppInfo create Uri content://com.nearme.instant.platform.res/com.coloros.gamespaceui.quickapp.guide/manifest.json
06-11 10:35:11.517  1460  1493 W PackageFilesValidator: isInvalidResource: AppDistributionMeta is null
06-11 10:35:11.522 11083 11732 I CloudConfig: tn: sdk-50351-ruc
06-11 10:35:11.522 11083 11732 I CloudConfig: ruc 1961 enter
06-11 10:35:11.524  4650  4650 I GCP.GroupCardWrapper[1781139090859]:  setRefreshable, refreshable: true[gcSdk:v1.3.130-5a024cf,gcPlugin:v16.56.0-ff09c7f3] [OplusLauncher|com.android.launcher|2.0.44-25e9612]
06-11 10:35:11.524  4650  4650 I GCP.SceneViewManager[1781139090859]:  setInternalRefresh:true[gcSdk:v1.3.130-5a024cf,gcPlugin:v16.56.0-ff09c7f3]
06-11 10:35:11.524  4650  4650 I PantaCard.Lnch.SeedlingSdkInterface:  notifyInterruptLoadingCard，enableInterrupt = false[sdk:v1.3.130-5a024cf,seed-plugin:v16.56.0-85a272db,app:v16.4.25]
06-11 10:35:11.524  4650  4650 I GCP.GroupChildCardWrapper[240900400_240900400][10001251&1888747522&3]:  needUsePreload currentState:STATE_LOAD_SUCCESS[gcSdk:v1.3.130-5a024cf,gcPlugin:v16.56.0-ff09c7f3]
06-11 10:35:11.524  4650  4650 D GCPLog  : isDebugOrOapm umsBuildType: release
06-11 10:35:11.524  4650  4650 I GCP.GroupChildCardWrapper[240900400_240900400][10001251&1888747522&3]:  needIgnoreRefreshable, isPreload: false, firstSuccess: false[gcSdk:v1.3.130-5a024cf,gcPlugin:v16.56.0-ff09c7f3]
06-11 10:35:11.524  4650  4650 I PantaCard.Lnch.InstantCard:  10001251&1888747522&3_sid=536879128_rk=2f8063,setAllowCardRefreshable refreshable:true[sdk:v1.3.130-5a024cf,seed-plugin:v16.56.0-85a272db,app:v16.4.25]
06-11 10:35:11.524  4650  4650 D CardView: 0xddaa251 com.oplus.pantanal.ums.weather.rain.chart setRefreshable true , completeRequestLayout false , completeRefresh false 
06-11 10:35:11.524  4650  4650 I GCP.GroupChildCardWrapper[210000000_210000000][666660111&1888747539&3]:  needUsePreload currentState:STATE_LOAD_SUCCESS[gcSdk:v1.3.130-5a024cf,gcPlugin:v16.56.0-ff09c7f3]
06-11 10:35:11.524  4650  4650 D GCPLog  : isDebugOrOapm umsBuildType: release
06-11 10:35:11.525  4650  4650 I GCP.GroupChildCardWrapper[210000000_210000000][666660111&1888747539&3]:  needIgnoreRefreshable, isPreload: true, firstSuccess: false[gcSdk:v1.3.130-5a024cf,gcPlugin:v16.56.0-ff09c7f3]
06-11 10:35:11.525  4650  4650 I SDP.Lnch.StandardSeedling:  666660111&1888747539&3_sid=536871060_rk=5dcbdc,setAllowCardRefreshable,refreshable = true[ssdk:v1.3.130-5a024cf,sdplugin:v16.56.0-85a272db] [SeedlingSdk|com.android.launcher|2.0.40-ebe132d]
06-11 10:35:11.525  4650  4650 I SDP.Lnch.EngineViewProxy:  666660111&1888747539&3_sid=536871060_rk=5dcbdc_1,uleView:EngineViewProxy(standard=b6.g{5ae23e2 VFED..... ........ 0,0-522,583 #c8 alpha=1.0 viewInfo = }, lite=null, remote=null),standard:b6.g{5ae23e2 VFED..... ........ 0,0-522,583 #c8 alpha=1.0 viewInfo = },refreshable:true[ssdk:v1.3.130-5a024cf,sdplugin:v16.56.0-85a272db]
06-11 10:35:11.525  4650  4650 I ULEView : panta-sugg-ULE:setAllowFlushData: true [view]: b6.g{5ae23e2 VFED..... ........ 0,0-522,583 #c8 alpha=1.0 viewInfo = }
06-11 10:35:11.525  4650  4650 I ULEView : shouldFlushPendingData: isSurfaceAvailable=true, isPaused=true, isVisible=true , isAllowFlush=true
06-11 10:35:11.525  4650  4650 I GCP.GroupChildCardWrapper[210000000_210000000][100281&1888747526&3]:  needUsePreload currentState:STATE_LOAD_SUCCESS[gcSdk:v1.3.130-5a024cf,gcPlugin:v16.56.0-ff09c7f3]
06-11 10:35:11.525  4650  4650 D GCPLog  : isDebugOrOapm umsBuildType: release
06-11 10:35:11.525  4650  4650 I GCP.GroupChildCardWrapper[210000000_210000000][100281&1888747526&3]:  needIgnoreRefreshable, isPreload: false, firstSuccess: false[gcSdk:v1.3.130-5a024cf,gcPlugin:v16.56.0-ff09c7f3]
06-11 10:35:11.525  4650  4650 I PantaCard.Lnch.InstantCard:  100281&1888747526&3_sid=536877097_rk=03cc59,setAllowCardRefreshable refreshable:true[sdk:v1.3.130-5a024cf,seed-plugin:v16.56.0-85a272db,app:v16.4.25]
06-11 10:35:11.525  4650  4650 D CardView: 0x94c52c com.oppoopen.apptipcard setRefreshable true , completeRequestLayout false , completeRefresh false 
06-11 10:35:11.525  4650  4650 I PantaCard.Lnch.InstantCard:  10000307&1000001&1_sid=536878910_rk=42f9f6,setAllowCardRefreshable refreshable:true[sdk:v1.3.130-5a024cf,seed-plugin:v16.56.0-85a272db,app:v16.4.25]
06-11 10:35:11.525  4650  4650 D CardView: 0x89c788f com.heytap.market.quickapp setRefreshable true , completeRequestLayout false , completeRefresh false 
06-11 10:35:11.525  4650  4650 E [OPLUS_AFS_CONFIG]: Failed to open AFS config file: /proc/oplus_afs_config/afs_config
06-11 10:35:11.525  4650  4650 E AFS_CONFIG: Failed to get scene config
06-11 10:35:11.525  4650  4650 E OplusAfsManager: afsConfigSceneConfigGet sceneType is null
06-11 10:35:11.525  4650  4650 E IJankManager: latencySceneEnd unknown scene 2 mScene:-1
06-11 10:35:11.525  4650  4650 I [UAH_CLIENT]: UahRelease, handle:180413
06-11 10:35:11.521  9018 11280 D OplusAppSwitchManager: observer =  mDefaultMatchActivity = false mDefaultMatchApp false
06-11 10:35:11.527  1877  5741 I ClientCache: add: Cache owner=0xb4000075db9be100
06-11 10:35:11.528 30334 30384 D BLASTBufferQueue: [VRI[MainActivity]#0](f:0,a:1) acquireNextBufferLocked size=1240x2772 mFrameNumber=1 applyTransaction=true mTimestamp=200805245034125(auto) mPendingTransactions.size=0 graphicBufferId=130283537956864 transform=0
06-11 10:35:11.528 30334 30384 D VRI[MainActivity]: Received frameCommittedCallback lastAttemptedDrawFrameNum=1 didProduceBuffer=true syncBuffer=false
06-11 10:35:11.528 30334 30384 D ExtensionsLoader: createInstance(64bit) : createExtendedFactory
06-11 10:35:11.528 30334 30384 D ExtensionsLoader: Opened libSchedAssistExtImpl.so
06-11 10:35:11.528 30334 30334 D VRI[MainActivity]: draw finished. seqId=0
06-11 10:35:11.529 26764 30337 I WeatherS_WeatherProvider: query option: 1,callingUid: 10169,name: com.coloros.weather.service
06-11 10:35:11.530  8852  9153 D SmartSidebar.MetisProviderObserver: (Sidebar_HandlerThread)onChange() selfChange = false
06-11 10:35:11.531 11083 11791 D CloudConfig_stgyHelper: getSupportKitMode strategyEntity : StrategyEntity(sdkInterval=1800000, strategyMode=1, minSDKVersion=1000, minKitVersion=2014122, validReqPeriod=7200000, maxReqProduct=100, forceKitIfKit=false, backoff=120000, enable=true, defaultLimit=RateLimitConfig{maxCalls=1, timeWindowSeconds=7200, callIntervalSeconds=0}, productLimits={global-domain_1281=RateLimitConfig{maxCalls=1, timeWindowSeconds=7200, callIntervalSeconds=0}, 50351=RateLimitConfig{maxCalls=1, timeWindowSeconds=7200, callIntervalSeconds=0}, compass_20092=RateLimitConfig{maxCalls=1, timeWindowSeconds=7200, callIntervalSeconds=0}, global-domain_1961=RateLimitConfig{maxCalls=1, timeWindowSeconds=7200, callIntervalSeconds=0}, compass_2=RateLimitConfig{maxCalls=1, timeWindowSeconds=7200, callIntervalSeconds=0}, mdp_2047=RateLimitConfig{maxCalls=1, timeWindowSeconds=7200, callIntervalSeconds=0}, mdp_2296=RateLimitConfig{maxCalls=1, timeWindowSeconds=7200, callIntervalSeconds=0}, compass_143100=RateLimitConfig{maxCalls=1, timeWindowSeconds=7200, callIntervalSeconds=0}})
06-11 10:35:11.531 11083 11791 D CloudConfig_stgyHelper: getSupportKitMode localSdkVersion : 1227
06-11 10:35:11.533 19629 19687 I DMP-Dispatcher: dispatchToMultiResource, method: onReceive, extras: Bundle[{action=android.intent.action.PACKAGE_REPLACED, package=com.earthengine.minimalglobe}], resourceList: [settings, localApp, standard_data#unified_service_invocation]
06-11 10:35:11.536 30334 30334 I TerrainLayer: processPendingUploads #1 queue=0 empty=0
06-11 10:35:11.536  4533 21771 I iopgp   : Iopgp: TRANSACTION_IOPGP_ON_ACTIVITY_LAUNCH_FINISHED sequence_id = 471 timestamp_nanos = 200805257860740
06-11 10:35:11.536 30334 30455 I AndroidBridge: androidHttpGet: env=0xb400007a6f9b0820 gJniHttpHelperClass=0x30a6 gHttpGetMethod=0x1 url=https://webst01.is.autonavi.com/appmaptile?style=6&x=0&y=0&z=0
06-11 10:35:11.536 30334 30455 I JniHttpHelper: httpGet called: https://webst01.is.autonavi.com/appmaptile?style=6&x=0&y=0&z=0
06-11 10:35:11.537 30334 30455 I DpmTcmClient: RegisterTcmMonitor from: $Proxy3
06-11 10:35:11.538 30334 30334 I TerrainLayer:   visible: Geographic-TMS/3/0/0
06-11 10:35:11.538 30334 30334 I TerrainLayer:   visible: Geographic-TMS/3/1/0
06-11 10:35:11.538 30334 30334 I TerrainLayer:   visible: Geographic-TMS/3/0/1
06-11 10:35:11.538 30334 30334 I TerrainLayer:   visible: Geographic-TMS/3/1/1
06-11 10:35:11.538 30334 30334 I TerrainLayer:   visible: Geographic-TMS/3/2/0
06-11 10:35:11.538 30334 30334 I TerrainLayer:   visible: Geographic-TMS/3/3/0
06-11 10:35:11.538 30334 30334 I TerrainLayer:   visible: Geographic-TMS/3/2/1
06-11 10:35:11.538 30334 30334 I TerrainLayer:   visible: Geographic-TMS/3/3/1
06-11 10:35:11.538 30334 30334 I TerrainLayer:   visible: Geographic-TMS/3/1/2
06-11 10:35:11.538 30334 30334 I TerrainLayer:   visible: Geographic-TMS/3/1/3
06-11 10:35:11.538 30334 30334 I TerrainLayer:   visible: Geographic-TMS/3/2/2
06-11 10:35:11.538 30334 30334 I TerrainLayer:   visible: Geographic-TMS/3/3/2
06-11 10:35:11.538 30334 30334 I TerrainLayer:   visible: Geographic-TMS/3/2/3
06-11 10:35:11.538 30334 30334 I TerrainLayer:   visible: Geographic-TMS/3/3/3
06-11 10:35:11.538 30334 30334 I TerrainLayer:   visible: Geographic-TMS/3/4/0
06-11 10:35:11.538 30334 30334 I TerrainLayer:   visible: Geographic-TMS/3/5/0
06-11 10:35:11.538 30334 30334 I TerrainLayer:   visible: Geographic-TMS/3/5/1
06-11 10:35:11.538 30334 30334 I TerrainLayer:   visible: Geographic-TMS/3/6/0
06-11 10:35:11.538 30334 30334 I TerrainLayer:   visible: Geographic-TMS/3/7/0
06-11 10:35:11.538 30334 30334 I TerrainLayer:   visible: Geographic-TMS/3/1/4
06-11 10:35:11.538 30334 30334 I TerrainLayer:   visible: Geographic-TMS/3/1/5
06-11 10:35:11.538 30334 30334 I TerrainLayer:   visible: Geographic-TMS/3/2/4
06-11 10:35:11.538 30334 30334 I TerrainLayer:   visible: Geographic-TMS/3/3/4
06-11 10:35:11.538 30334 30334 I TerrainLayer:   visible: Geographic-TMS/3/2/5
06-11 10:35:11.538 30334 30334 I TerrainLayer:   visible: Geographic-TMS/3/3/5
06-11 10:35:11.538 30334 30334 I TerrainLayer:   visible: Geographic-TMS/11/1629/1358
06-11 10:35:11.538 30334 30334 I TerrainLayer:   visible: Geographic-TMS/11/1629/1359
06-11 10:35:11.538 30334 30334 I TerrainLayer:   visible: Geographic-TMS/11/1630/1359
06-11 10:35:11.538 30334 30334 I TerrainLayer:   visible: Geographic-TMS/11/1629/1360
06-11 10:35:11.538 30334 30334 I TerrainLayer:   visible: Geographic-TMS/11/1629/1361
06-11 10:35:11.538 30334 30334 I TerrainLayer:   visible: Geographic-TMS/11/1630/1360
06-11 10:35:11.538 30334 30334 I TerrainLayer:   visible: Geographic-TMS/11/1630/1361
06-11 10:35:11.538 30334 30334 I TerrainLayer:   visible: Geographic-TMS/11/1629/1362
06-11 10:35:11.538 30334 30334 I TerrainLayer:   visible: Geographic-TMS/11/1630/1362
06-11 10:35:11.538 30334 30334 I TerrainLayer:   visible: Geographic-TMS/11/1630/1363
06-11 10:35:11.538  2362  2362 D tcmd    : DpmCom :there are 1 file descriptor(s) with events pending
06-11 10:35:11.538  2362  2362 D tcmd    : DpmCom : 1 events pending, handling 1 for 27
06-11 10:35:11.538  2362  2362 D tcmd    : DpmCom :fd '27' is processing events [callback:0x5f499dcb40, data:0xb400007864a65250]
06-11 10:35:11.538  2362  2362 D tcmd    : LipcTcmServerPollEventHandler fd 27 -> nfd 12
06-11 10:35:11.538  2362  2362 D tcmd    : DpmCom::addComEventHandler fd 12, ComEventCallback 0x0, void* 0xb400007864a65250, ComCloseCallback 0x5f499dcb48, events 1
06-11 10:35:11.538  2362  2362 D tcmd    : waiting on events (-1ms)
06-11 10:35:11.539 30334 30334 I GLES    : submit #1: 2 commands, glError=0
06-11 10:35:11.539 30334 30461 I QMTerrain: httpGet ENTER: http://192.168.1.6:8091/11/1629/688.terrain
06-11 10:35:11.539 30334 30458 I QMTerrain: httpGet ENTER: http://192.168.1.6:8091/11/1630/688.terrain
06-11 10:35:11.539 30334 30457 I QMTerrain: httpGet ENTER: http://192.168.1.6:8091/11/1629/687.terrain
06-11 10:35:11.539 30334 30459 I QMTerrain: httpGet ENTER: http://192.168.1.6:8091/11/1629/689.terrain
06-11 10:35:11.539 30334 30462 I QMTerrain: httpGet ENTER: http://192.168.1.6:8091/11/1629/686.terrain
06-11 10:35:11.539 30334 30463 I QMTerrain: httpGet ENTER: http://192.168.1.6:8091/11/1630/687.terrain
06-11 10:35:11.540 30334 30467 I QMTerrain: httpGet ENTER: http://192.168.1.6:8091/11/1630/686.terrain
06-11 10:35:11.540 30334 30465 I QMTerrain: httpGet ENTER: http://192.168.1.6:8091/11/1629/685.terrain
06-11 10:35:11.541 30334 30334 D BLASTBufferQueue: [ae19f80 SurfaceView[com.earthengine.minimalglobe/com.earthengine.minimalglobe.MainActivity]#1](f:0,a:1) acquireNextBufferLocked size=1240x2772 mFrameNumber=1 applyTransaction=true mTimestamp=200805263227042(auto) mPendingTransactions.size=0 graphicBufferId=130283537956865 transform=0
06-11 10:35:11.541 30334 30334 I MinimalGlobe: Frame 1 | tiles vis=41 cached=0 renderSurface=0 mesh=0 (terr=0 ellip=0 ready=0 terrParent=0 terrTrans=0) attach=0 exact=0 parent=0 stale=0 missingGen=0 | missing=25 unsupported=16 kicked=0 retained=0 visZ=2-11 targetZ=0-0 texZ=0-0 lod=512 eq=1 qRender=41 qWalk=64 qFrustum=79 qFade=0 qBal=0 qHz=35 qEq2=0 grp=25/0/16 gen=0 | sun=(0.03,0.93,0.36) | FPS=6.0 draw=2
06-11 10:35:11.541 30334 30459 I AndroidBridge: androidHttpGet: env=0xb400007a7da10c00 gJniHttpHelperClass=0x30a6 gHttpGetMethod=0x1 url=http://192.168.1.6:8091/11/1629/689.terrain
06-11 10:35:11.541 30334 30459 I JniHttpHelper: httpGet called: http://192.168.1.6:8091/11/1629/689.terrain
06-11 10:35:11.541 30334 30457 I AndroidBridge: androidHttpGet: env=0xb400007a6f9b0ba0 gJniHttpHelperClass=0x30a6 gHttpGetMethod=0x1 url=http://192.168.1.6:8091/11/1629/687.terrain
06-11 10:35:11.541 30334 30457 I JniHttpHelper: httpGet called: http://192.168.1.6:8091/11/1629/687.terrain
06-11 10:35:11.541  4650 32198 D CardView: refreshable postAtFrontOfQueue
06-11 10:35:11.542  4650 23603 D CardView: refreshable postAtFrontOfQueue
06-11 10:35:11.542  4650  4650 D Image   : ref:49, set image src: appicon://app/com.earthengine.minimalglobe?force_refresh=true&timestamp=1781145311084
06-11 10:35:11.542  4650  4650 D AppIconLoader: needReload, force_refresh is true
06-11 10:35:11.542  4650  4650 D AppIconLoader: getParamsSize: 0
06-11 10:35:11.542  4650 23663 W AppIconLoader: [cache remove] force refresh, skip cache: appicon://app/com.earthengine.minimalglobe?force_refresh=true&timestamp=1781145311084
06-11 10:35:11.542  4650 23663 W AppIconLoader: save new loadTask ,task: appicon://app/com.earthengine.minimalglobe
06-11 10:35:11.542  4650 23663 E AppIconLoader: getAppIconBitmap: appicon://app/com.earthengine.minimalglobe?force_refresh=true&timestamp=1781145311084 and targetW :210 targetH :210
06-11 10:35:11.542 30334 30462 I AndroidBridge: androidHttpGet: env=0xb400007a6f9b0f20 gJniHttpHelperClass=0x30a6 gHttpGetMethod=0x1 url=http://192.168.1.6:8091/11/1629/686.terrain
06-11 10:35:11.543 30334 30334 W VRI[MainActivity]: handleResized, msg:, frameChanged:false, configChanged:false, displayChanged:false, attachedFrameChanged:false, compatScaleChanged:false, pendingDragResizing=false
06-11 10:35:11.543 30334 30462 I JniHttpHelper: httpGet called: http://192.168.1.6:8091/11/1629/686.terrain
06-11 10:35:11.544 30334 30461 I AndroidBridge: androidHttpGet: env=0xb400007a087522a0 gJniHttpHelperClass=0x30a6 gHttpGetMethod=0x1 url=http://192.168.1.6:8091/11/1629/688.terrain
06-11 10:35:11.544 30334 30461 I JniHttpHelper: httpGet called: http://192.168.1.6:8091/11/1629/688.terrain
06-11 10:35:11.544 30334 30458 I AndroidBridge: androidHttpGet: env=0xb400007a7da10880 gJniHttpHelperClass=0x30a6 gHttpGetMethod=0x1 url=http://192.168.1.6:8091/11/1630/688.terrain
06-11 10:35:11.544 30334 30458 I JniHttpHelper: httpGet called: http://192.168.1.6:8091/11/1630/688.terrain
06-11 10:35:11.545 30334 30463 I AndroidBridge: androidHttpGet: env=0xb400007a7da10f80 gJniHttpHelperClass=0x30a6 gHttpGetMethod=0x1 url=http://192.168.1.6:8091/11/1630/687.terrain
06-11 10:35:11.545 30334 30463 I JniHttpHelper: httpGet called: http://192.168.1.6:8091/11/1630/687.terrain
06-11 10:35:11.546 30334 30334 I DynamicFramerate [FRTCConfigManager]: initFrameRateConfig: 
06-11 10:35:11.546 30334 30334 I DynamicFramerate [FRTCConfigManager]: 	levelsFor120hz: [120, 60]
06-11 10:35:11.546 30334 30334 I DynamicFramerate [FRTCConfigManager]: 	thresholdsFor120hz: [200]
06-11 10:35:11.546 30334 30334 I DynamicFramerate [FRTCConfigManager]: 	levelsFor90hz: [90]
06-11 10:35:11.546 30334 30334 I DynamicFramerate [FRTCConfigManager]: 	thresholdsFor90hz: []
06-11 10:35:11.546 30334 30334 I DynamicFramerate [FRTCConfigManager]: FRTCConfigManager: FRTC_CAPABILITY = 120, package name = com.earthengine.minimalglobe, WINDOW_ANIMATION_SPEED_RATE = 10, SCROLL_ANIMATION_SPEED_RATE = 20, PACKAGE_ENABLE = false
06-11 10:35:11.546 30334 30334 I DynamicFramerate [DynamicFrameRateController]: init info: mPackageName = com.earthengine.minimalglobe, mIsEnabled = false
06-11 10:35:11.546  1460  1493 W AppInfo : app info parse uri fail. uri: content://com.nearme.instant.platform.res/com.coloros.gamespaceui.quickapp.guide/manifest.json##Throwable##java.io.FileNotFoundException: open failed: ENOENT (No such file or directory)
06-11 10:35:11.546  1460  1493 W AppInfo : 	at android.os.ParcelFileDescriptor.openInternal(ParcelFileDescriptor.java:356)
06-11 10:35:11.546  1460  1493 W AppInfo : 	at android.os.ParcelFileDescriptor.open(ParcelFileDescriptor.java:233)
06-11 10:35:11.546  1460  1493 W AppInfo : 	at org.hapjs.cache.CacheProvider.doOpenFile(SourceFile:56)
06-11 10:35:11.546  1460  1493 W AppInfo : 	at org.hapjs.AbstractContentProvider.openFile(SourceFile:4)
06-11 10:35:11.546  1460  1493 W AppInfo : 	at android.content.ContentProvider.openAssetFile(ContentProvider.java:2326)
06-11 10:35:11.546  1460  1493 W AppInfo : 	at org.hapjs.AbstractContentProvider.doOpenAssetFile(SourceFile:1)
06-11 10:35:11.546  1460  1493 W AppInfo : 	at org.hapjs.cache.CacheProvider.doOpenAssetFile(SourceFile:74)
06-11 10:35:11.546  1460  1493 W AppInfo : 	at org.hapjs.AbstractContentProvider.openAssetFile(SourceFile:4)
06-11 10:35:11.546  1460  1493 W AppInfo : 	at android.content.ContentProvider.openTypedAssetFile(ContentProvider.java:2504)
06-11 10:35:11.546  1460  1493 W AppInfo : 	at android.content.ContentProvider.openTypedAssetFile(ContentProvider.java:2571)
06-11 10:35:11.546  1460  1493 W AppInfo : 	at android.content.ContentProvider$Transport.openTypedAssetFile(ContentProvider.java:692)
06-11 10:35:11.546  1460  1493 W AppInfo : 	at android.content.ContentResolver.openTypedAssetFileDescriptor(ContentResolver.java:2097)
06-11 10:35:11.546  1460  1493 W AppInfo : 	at android.content.ContentResolver.openAssetFileDescriptor(ContentResolver.java:1912)
06-11 10:35:11.546  1460  1493 W AppInfo : 	at android.content.ContentResolver.openInputStream(ContentResolver.java:1582)
06-11 10:35:11.546  1460  1493 W AppInfo : 	at org.hapjs.model.AppInfo.fromUri(SourceFile:7)
06-11 10:35:11.546  1460  1493 W AppInfo : 	at org.hapjs.model.AppInfo.create(SourceFile:105)
06-11 10:35:11.546  1460  1493 W AppInfo : 	at org.hapjs.bridge.DefaultAppInfoProvider.create(SourceFile:1)
06-11 10:35:11.546  1460  1493 W AppInfo : 	at a.a.a.nl0.g(SourceFile:58)
06-11 10:35:11.546  1460  1493 W AppInfo : 	at a.a.a.nl0.e(SourceFile:2)
06-11 10:35:11.546  1460  1493 W AppInfo : 	at a.a.a.rp6.d(SourceFile:22)
06-11 10:35:11.546  1460  1493 W AppInfo : 	at a.a.a.rp6.c(SourceFile:52)
06-11 10:35:11.546  1460  1493 W AppInfo : 	at com.nearme.instant.card.SharedDataProvider.setOrUpdateSharedDataInner(SourceFile:48)
06-11 10:35:11.546  1460  1493 W AppInfo : 	at com.nearme.instant.card.SharedDataProvider.setOrUpdateSharedData(SourceFile:61)
06-11 10:35:11.546  1460  1493 W AppInfo : 	at com.nearme.instant.card.SharedDataProvider.doCall(SourceFile:46)
06-11 10:35:11.546  1460  1493 W AppInfo : 	at org.hapjs.AbstractContentProvider.call(SourceFile:4)
06-11 10:35:11.546  1460  1493 W AppInfo : 	at android.content.ContentProvider.call(ContentProvider.java:2773)
06-11 10:35:11.546  1460  1493 W AppInfo : 	at android.content.ContentProvider$Transport.call(ContentProvider.java:653)
06-11 10:35:11.546  1460  1493 W AppInfo : 	at android.content.ContentProviderNative.onTransact(ContentProviderNative.java:307)
06-11 10:35:11.546  1460  1493 W AppInfo : 	at android.os.Binder.execTransactInternal(Binder.java:1444)
06-11 10:35:11.546  1460  1493 W AppInfo : 	at android.os.Binder.execTransact(Binder.java:1378)
06-11 10:35:11.546  1460  1493 E PermissionVerifier: card rpk not exists
06-11 10:35:11.546  1460  1493 W PermissionVerifier: checkWritePermission writer: com.oplus.games not in rpk: com.coloros.gamespaceui.quickapp.guide allowed list
06-11 10:35:11.546  1460  1493 W SharedDataProvider: setOrUpdateSharedData no permissions!
06-11 10:35:11.547 27947  1358 W GameSpaceUI.gs_DesktopCardServiceImpl: set assistant_config_card_new = {"key_desktop_card_default":"true","key_assistant_config_card_show_game_update":"true","key_assistant_config_card_show_game_boost":"true","key_assistant_config_card_show_game_hide":"true"} success expire 86400000
06-11 10:35:11.547 27947  1358 I GameSpaceUI.TrackService: getPluginConfigAppId -1, currentPkgName: 
06-11 10:35:11.549 30334 30334 I TerrainLayer: processPendingUploads #2 queue=0 empty=0
06-11 10:35:11.549  1699  1958 I SDM     : CommitProcessLayer():889 Checksum for layer 5480 is: 0
06-11 10:35:11.549  1699  1958 W SDM     : HDRIntfClient::GenerateLuts: Unsupported LUT type = 4 for game layer
06-11 10:35:11.549  1699  3230 I Dpps    : DppsServer::HandleDppsClientEvent():1193 Incoming message on client fd 126: 'Ltm:ConstantAls:Primary:0'
06-11 10:35:11.549  1699  3812 I Dpps    : DppsLtmClientImp::Reply():1142 Couldn't reply to client 126, ret Try again
06-11 10:35:11.550  1877  5082 I ComposerExtn: SmoMoImpl::InsertLayerBuffer: no record found for layer 19268
06-11 10:35:11.550  1877  5082 I ComposerExtn: SmoMoImpl::FrameIsLate: no layer record found for layer 19268
06-11 10:35:11.552 30334 30384 D VRI[MainActivity]: Received frameCommittedCallback lastAttemptedDrawFrameNum=2 didProduceBuffer=false syncBuffer=false
06-11 10:35:11.553 30334 30334 D VRI[MainActivity]: draw finished. seqId=0
06-11 10:35:11.553  9703 11131 I Qsb-FtsSearchAppManager: callWhenPackageAdd:com.earthengine.minimalglobe
06-11 10:35:11.553  9703 11131 D TapHttp.HeyConfig: HeyConfig start time:200805276
06-11 10:35:11.553  9703 11131 D TapHttp.OkHttpClient:  OkHttpClient(Builder builder) start
06-11 10:35:11.553 30334 30334 D VRI[MainActivity]: onFocusEvent true
06-11 10:35:11.554  9703 11131 D TapHttp.OkHttpClient:  OkHttpClient(Builder builder) end
06-11 10:35:11.555  1877  1877 I ComposerExtn: SmoMoImpl::FrameIsEarly: no layer record found for layer 19268
06-11 10:35:11.555  1877  1877 I ComposerExtn: SmoMoImpl::SetPresentTime: no record found for layer 19268
06-11 10:35:11.557 30334 30334 I TerrainLayer: processPendingUploads #3 queue=0 empty=0
06-11 10:35:11.558  1877  2189 I ComposerExtn: SmoMoImpl::FrameIsLate: no valid present time for layer 19268
06-11 10:35:11.559  9703 11131 D Identity: nonceAndCounter: 4db58443c0cdcd08000000000000000e
06-11 10:35:11.561  9703 11131 I TapHttp.:  RetryAndFollowUpInterceptor isEventListenerStub:true
06-11 10:35:11.561  9703 11131 D TapHttp.:  StreamAllocation isEventListenerStub:true
06-11 10:35:11.562  9703 11243 D CloudConfig_stgyHelper: mspVersionCanSupport mspKitVersion : 2021620
06-11 10:35:11.563  1032  1032 I hwservicemanager: getTransport: Cannot find entry vendor.qti.hardware.iop@2.0::IIop/default in either framework or device VINTF manifest.
06-11 10:35:11.563  1877  1877 I ComposerExtn: SmoMoImpl::FrameIsEarly: no valid present time for layer 19268
06-11 10:35:11.566  1574  1616 E statsd  : Gauge Stats puller failed for tag: 150134 at 242708879226023
06-11 10:35:11.566  1574  1616 I statsd  : An anomaly (104840000001) (48)0x10000->10602[I] (48)0x20000->com.earthengine.minimalglobe[S] (48)0x30000->3[I]  has occurred! Informing subscribers.
06-11 10:35:11.569  9206  9206 W bdoppoime_ImeService: onStartInput called, restarting = false, initialSelStart = -1, initialSelEnd = -1, inputType = 0, fieldId = 0, imeOptions = 0
06-11 10:35:11.569  9206  9558 W bdoppoime_ImeGlobalSettingsObserver: start init data statistics
06-11 10:35:11.569  9206  9558 W bdoppoime_ImeGlobalSettingsObserver: end init data statistics
06-11 10:35:11.569  9206  9206 W bdoppoime_ImeService: onEvaluateInputViewShownSuper, hardKeyboardHidden:2
06-11 10:35:11.569  9206  9206 W libc    : Access denied finding property "persist.sys.theme.status"
06-11 10:35:11.570  9206  9206 W bdoppoime_ImeService: onStartInput called
06-11 10:35:11.571  1032  1032 I hwservicemanager: getTransport: Cannot find entry vendor.qti.hardware.iop@2.0::IIop/default in either framework or device VINTF manifest.
06-11 10:35:11.571 30334 30334 D InsetsController: hide(ime(), fromIme=false)
06-11 10:35:11.571 30334 30334 I ImeTracker: com.earthengine.minimalglobe:44c33c45: onCancelled at PHASE_CLIENT_ALREADY_HIDDEN
06-11 10:35:11.571  9206  9206 I bdoppoime_KbModeManager: isDockMode = false, isPipMode = false , modeChanged = false
06-11 10:35:11.572  9206  9206 W bdoppoime_ImeService: onEvaluateInputViewShownSuper, hardKeyboardHidden:2
06-11 10:35:11.572  9206  9206 W bdoppoime_SysInfo: getSysParam screenW = 1240, needExpandKeyboardToNotchArea = true
06-11 10:35:11.572  9206  9206 W bdoppoime_SysInfo: SysInfo.getSysParam: orientation=1||config d=560,w=1240,h=2577||metrics d=3.5, densityDpi =560||sdk=36,stausH=139||appScale=3.6, selfScacle=3.6, sysScale=3.5,isPadMode=false, boardw=1240, boardH=688, candH=154, boardL=18, boardR=1222, ver=8.5.302.640, oplusApiVersion=37, virtualHeight=0, realW=1240, realH=2772, lang=zh, region=CN, split=false, miniMapMode: 0, splitScreenLeftRect=null, inputWay: 0, isFoldExpand: false, CUID: D8440C-7B84F5-E910F0-3G34D5-9DEE5D-EE, isLuXunDevice : false, resCheck : false, turbo : false, skinInfoskin info : default default 0
06-11 10:35:11.575 30334 30465 I AndroidBridge: androidHttpGet: env=0xb400007a7da11300 gJniHttpHelperClass=0x30a6 gHttpGetMethod=0x1 url=http://192.168.1.6:8091/11/1629/685.terrain
06-11 10:35:11.575 30334 30465 I JniHttpHelper: httpGet called: http://192.168.1.6:8091/11/1629/685.terrain
06-11 10:35:11.575 30334 30467 I AndroidBridge: androidHttpGet: env=0xb400007a08752620 gJniHttpHelperClass=0x30a6 gHttpGetMethod=0x1 url=http://192.168.1.6:8091/11/1630/686.terrain
06-11 10:35:11.575 30334 30467 I JniHttpHelper: httpGet called: http://192.168.1.6:8091/11/1630/686.terrain
06-11 10:35:11.576  4650 23600 D CardView: refreshable postAtFrontOfQueue
06-11 10:35:11.578  4650 23663 V OplusUXIconLoader: loadUxIcon drawable null, packageName = com.earthengine.minimalglobe,activityName =:com.earthengine.minimalglobe.MainActivity
06-11 10:35:11.578  4650 23663 V OplusUXIconLoader: loadUxIcon drawable null, packageName = com.earthengine.minimalglobe,activityName =:null
06-11 10:35:11.578  4650 23663 D UxIconLoaderUtil: scaleAction: 0
06-11 10:35:11.578  4650 23663 D UxIconLoaderUtil: com.android.launcher ignore scale drawable
06-11 10:35:11.575 12732 13406 I Quality-ScreenOnOffLogProcessor: withInScreenOnOffRange mIsScreenOn:true refTime:1781145311023 mRecentScreenOnTime:1781143521410 mRecentScreenOffTime:1781143324217
06-11 10:35:11.593  8852  9153 D SmartSidebar.MetisProviderObserver: (Sidebar_HandlerThread)MetisProviderObserver changed
06-11 10:35:11.594  8852  9153 D SmartSidebar.MetisDataManager: (Sidebar_HandlerThread)updateData: querying provider, dataType=2
06-11 10:35:11.594 19629 19687 I DMP-PermissionUtil: isPermissionGranted, resource: localApp, basic: false
06-11 10:35:11.594 19629 19687 I DMP-PermissionUtil: unsupported resource or no permission required for resource: localApp
06-11 10:35:11.594 19629 19687 I DMP-Create: canCreate canCreate resource : localApp method : onReceive workName: onReceiveWork
06-11 10:35:11.595 19629 19687 I DMP-Create: localApp isPersonaResourceOpen : false
06-11 10:35:11.595 19629 19687 I DMP-Create: IndexStatus CHECK: null
06-11 10:35:11.595 19629 19687 I DMP-SAUWorkConfigManager: sau work config not found
06-11 10:35:11.596  4650 23663 W AppIconLoader: save cache: appicon://app/com.earthengine.minimalglobe?force_refresh=true&timestamp=1781145311084
06-11 10:35:11.596  4650 23663 W AppIconLoader: [cache create]
06-11 10:35:11.596  4650 23663 W AppIconLoader: key=appicon://app/com.earthengine.minimalglobe
06-11 10:35:11.596  4650 23663 W AppIconLoader: curTime=1781145311596
06-11 10:35:11.596  4650 23663 W AppIconLoader: expireTime=1781188511596
06-11 10:35:11.596  4650  4650 D FlexImageView: ev0@0xa383244, ref:49, p:48 drawable.width: 210 drawable.height:210 view.height:196 view.width: 195, ConstantState: android.graphics.drawable.BitmapDrawable$BitmapState@119a5fd
06-11 10:35:11.596  4650  4650 E FlexImageView: ev0@0xa383244, ref:49, p:48,  appicon://app/com.earthengine.minimalglobe?force_refresh=true&timestamp=1781145311084 , onFinalImageSet 210 , 210
06-11 10:35:11.600  8454 28998 D SceneSDK.1.0.4-SNAPSHOT.8454.DeepThinkerAppSwitchAbility: onAppSwitchEvent: AppSwitchEvent(timeStamp=1781145311436, eventType=2, targetName=com.android.launcher, firstStart=false, multiApp=false, windowMode=0, resumingPackageName=com.earthengine.minimalglobe, resumingActivityName=com.earthengine.minimalglobe.MainActivity, isResumingMultiApp=false, isResumingFirstStart=true)
06-11 10:35:11.600  8454 28998 I metis_v2_AppSwitchDataCollector: AppExitEvent =  com.android.launcher, NextAppName = com.earthengine.minimalglobe
06-11 10:35:11.600  8454 13651 D SceneSDK.1.0.4-SNAPSHOT.8454.DeepThinkerAppSwitchAbility: onAppSwitchEvent: AppSwitchEvent(timeStamp=1781145311436, eventType=2, targetName=com.android.launcher, firstStart=false, multiApp=false, windowMode=0, resumingPackageName=com.earthengine.minimalglobe, resumingActivityName=com.earthengine.minimalglobe.MainActivity, isResumingMultiApp=false, isResumingFirstStart=true)
06-11 10:35:11.600  8454 13651 I ContextAware_AppRecommendAdapter: receive app recommend from AppSwitchEvent(eventId=2, switchInfo=AppSwitchInfo(targetName=com.android.launcher, firstStart=false, multiApp=false, windowMode=0, resumingPackageName=com.earthengine.minimalglobe, resumingActivityName=com.earthengine.minimalglobe.MainActivity, isResumingFirstStart=true, isResumingMultiApp=false))
06-11 10:35:11.600  8454 13651 I ContextAware_AppRecentAdapter: click enter:com.earthengine.minimalglobe
06-11 10:35:11.602  8454 13651 I ContextAware_AppRecommendAlgorithm: After sort is [AppOrder{pkg='com.earthengine.minimalglobe', score=4.6868243', hourWeight=0.02', dayWeight=0.1}, AppOrder{pkg='space.xinzhi.hiko', score=0.011247154', hourWeight=0.17171717', dayWeight=0.5}, AppOrder{pkg='com.tencent.mm', score=0.004171974', hourWeight=0.035714287', dayWeight=0.2}, AppOrder{pkg='space.xinzhi.map', score=0.0014237434', hourWeight=0.041666668', dayWeight=0.1}, AppOrder{pkg='com.ss.android.lark', score=5.2398513E-4', hourWeight=0.02', dayWeight=0.1}, AppOrder{pkg='com.phoenix.read', score=4.932652E-4', hourWeight=0.02247191', dayWeight=0.1}, AppOrder{pkg='com.earthmd', score=2.7959433E-4', hourWeight=0.02', dayWeight=0.1}, AppOrder{pkg='com.github.metacubex.clash.meta', score=2.6199257E-4', hourWeight=0.02', dayWeight=0.1}, AppOrder{pkg='com.lolaage.tbulu.tools', score=2.4605342E-4', hourWeight=0.02', dayWeight=0.1}, AppOrder{pkg='com.heytap.browser', score=2.0895337E-4', hourWeight=0.02', dayWeight=0.1}, AppOrder{pkg='com.future.landscape', score=2.0895337E-4', hourWeight=0.02', dayWeight=0.1}, AppOrder{pkg='cn.soulapp.android', score=9.623572E-5', hourWeight=0.02173913', dayWeight=0.1}, AppOrder{pkg='com.ss.android.ugc.aweme', score=4.4296794E-5', hourWeight=0.025', dayWeight=0.1}, AppOrder{pkg='cmb.pb', score=0.0', hourWeight=0.02', dayWeight=0.1}]
06-11 10:35:11.602  8454 13651 I ContextAware_AppRecommendDispatch: dispatch app event with app_recommend_event
06-11 10:35:11.604 19629 19687 I DMP-PowerUtils: getHoraeTemperature:36
06-11 10:35:11.604 19629 19687 I DMP-Dispatcher: create work Work{mWorkName=onReceiveWork, mWorkTerm=long, mReportId=false, mCreate=Create{mIndexStatus=null, mQueryTime=0, mInterval=0, mDeletedDocs=null, mNeedRebuildFlag=0, mIndexCheckFlag=false, mDrop=null, mHighTemperature=50, mMinPower=null, mScreen=null, mDeletedConditions=null}, mEntry=null, mMoreBatch=null, mChained=true, mInitialDelay=10, mWorkOneTimeLimit=0}, method = onReceive, create = 0
06-11 10:35:11.604 19629 19687 I DMP-Create: canCreate canCreate resource : localApp method : onReceive workName: completeKeywordIndexWork
06-11 10:35:11.607  8454 13651 I ContextAware_AppRecallManager: app recommend fire count:68
06-11 10:35:11.609  8454  8173 I ContextAware_AppCardProcessor: [subscription2x4-assistant]Apps on same screen, apps=[]
06-11 10:35:11.609 19629 19687 I DMP-Create: localApp isPersonaResourceOpen : false
06-11 10:35:11.609 19629 19687 I DMP-Create: IndexStatus CHECK: null
06-11 10:35:11.610  8454  8173 I ContextAware_AdvertisementManager: [subscription2x4-assistant]getCommerceAppsByCardName size:0
06-11 10:35:11.610  8454  8173 I ContextAware_AppCardProcessor: [subscription2x4-assistant]process fill ad apps: advApps: 
06-11 10:35:11.610  8454  8173 I ContextAware_AppFillAdsProcess: [subscription2x4-assistant]process fill ad apps: adv is null
06-11 10:35:11.612  8454  8173 I ContextAware_AppCardProcessor: [subscription2x4-assistant]SEND_APP_MESSAGE: commerceAlg=2, resultApps=[AppInfo[pkg=com.earthengine.minimalglobe, appType=0,iconSource=system, recallType=algorithm, deepLink=0,utrackClickUrl=0, utrackExposeUrl=0,icon=0, apiSource=null, typeCode=null, mode=0, advFinalScore=null,  routePage=0,title=null, subTitle=null, adSize=null,probability=0], AppInfo[pkg=space.xinzhi.hiko, appType=0,iconSource=system, recallType=algorithm, deepLink=0,utrackClickUrl=0, utrackExposeUrl=0,icon=0, apiSource=null, typeCode=null, mode=0, advFinalScore=null,  routePage=0,title=null, subTitle=null, adSize=null,probability=0], AppInfo[pkg=com.tencent.mm, appType=0,iconSource=system, recallType=algorithm, deepLink=0,utrackClickUrl=0, utrackExposeUrl=0,icon=0, apiSource=null, typeCode=null, mode=0, advFinalScore=null,  routePage=0,title=null, subTitle=null, adSize=null,probability=0], AppInfo[pkg=space.xinzhi.map, appType=0,iconSource=system, recallType=algorithm, deepLink=0,utrackClickUrl=0, utrackExposeUrl=0,icon=0, apiSource=null, typeCode=null, mode=0, advFinalScore=null,  routePage=0,title=null, subTitle=null, adSize=null,probability=0], AppInfo[pkg=com.ss.android.lark, appType=0,iconSource=system, recallType=algorithm, deepLink=0,utrackClickUrl=0, utrackExposeUrl=0,icon=0, apiSource=null, typeCode=null, mode=0, advFinalScore=null,  routePage=0,title=null, subTitle=null, adSize=null,probability=0], AppInfo[pkg=com.phoenix.read, appType=0,iconSource=system, recallType=algorithm, deepLink=0,utrackClickUrl=0, utrackExposeUrl=0,icon=0, apiSource=null, typeCode=null, mode=0, advFinalScore=null,  routePage=0,title=null, subTitle=null, adSize=null,probability=0], AppInfo[pkg=com.github.metacubex.clash.meta, appType=0,iconSource=system, recallType=algorithm, deepLink=0,utrackClickUrl=0, utrackExposeUrl=0,icon=0, apiSource=null, typeCode=null, mode=0, advFinalScore=null,  routePage=0,title=null, subTitle=null, adSize=null,probability=0], AppInfo[pkg=com.lolaage.tbulu.tools, appType=0,iconSource=system, recallType=algorithm, deepLink=0,utrackClickUrl=0, utrackExposeUrl=0,icon=0, apiSource=null, typeCode=null, mode=0, advFinalScore=null,  routePage=0,title=null, subTitle=null, adSize=null,probability=0], AppInfo[pkg=com.heytap.browser, appType=0,iconSource=system, recallType=algorithm, deepLink=0,utrackClickUrl=0, utrackExposeUrl=0,icon=0, apiSource=null, typeCode=null, mode=0, advFinalScore=null,  routePage=0,title=null, subTitle=null, adSize=null,probability=0], AppInfo[pkg=com.future.landscape, appType=0,iconSource=system, recallType=algorithm, deepLink=0,utrackClickUrl=0, utrackExposeUrl=0,icon=0, apiSource=null, typeCode=null, mode=0, advFinalScore=null,  routePage=0,title=null, subTitle=null, adSize=null,probability=0]], traceId: f48df78d2c8656e5f657596c8af8ac09-2fb54d5d3131450ab5f5ef550fa3adbd
06-11 10:35:11.613 19629 19687 I DMP-SAUWorkConfigManager: sau work config not found
06-11 10:35:11.614 19629 19687 I DMP-PowerUtils: getHoraeTemperature:36
06-11 10:35:11.614  5227 27332 W market_check_upgrade: type: 3 , checkUpgrade : old no ignore: 90
06-11 10:35:11.614 19629 19687 I DMP-Dispatcher: create work Work{mWorkName=completeKeywordIndexWork, mWorkTerm=long, mReportId=false, mCreate=Create{mIndexStatus=null, mQueryTime=0, mInterval=0, mDeletedDocs=null, mNeedRebuildFlag=0, mIndexCheckFlag=false, mDrop=Drop{mCount=4, mInterval=10000, mDelay=60000}, mHighTemperature=38, mMinPower=null, mScreen=null, mDeletedConditions=null}, mEntry=null, mMoreBatch=MoreBatch{mPowerConsumed=2, mHighTemperatureValue=0, mLowTemperatureValue=0, mPower=[full|charging], mScreen=null, mTemperatureConsumed=0}, mChained=true, mInitialDelay=10, mWorkOneTimeLimit=0}, method = onReceive, create = 0
06-11 10:35:11.614 19629 19687 I DMP-Dispatcher: addChainedWork, method[onReceive], resource[localApp], extras[Bundle[{action=android.intent.action.PACKAGE_REPLACED, package=com.earthengine.minimalglobe}]]
06-11 10:35:11.620  4650 23595 D JsConsole: breeno2X2-launcher(rsUDrjLDfb7Y)::appicon-1: onComplete $evt:{"ref":"49","type":"image","prop":{"_styleObjectId":4},"attr":{"forcePrecision":"true","id":"appicon-1-b","tag":"▼∩fcpmhmbnjojn.fojhofiusbf.npd▼∩","forcedark":"false","src":"appicon://app/▼∩fcpmhmbnjojn.fojhofiusbf.npd▼∩?force_refresh=true&timestamp=1781145311084","class":"app-icon "},"inlineStyle":{"height":"100%","width":"100%","borderRadiusWeight":0,"borderRadius":"0dp"},"event":["error","complete"]}
06-11 10:35:11.621  4639  8514 D NetworkService[1]: getIfIndexByNetid netId:194,ifName:wlan0,ifIndex:30
06-11 10:35:11.627  4639  8514 D NetworkService[1]: getIfIndexByNetid netId:194,ifName:wlan0,ifIndex:30
06-11 10:35:11.627  3189  3949 D JobSchedulerServiceExtImpl: updateOsenseRestrictMode for 1 false false
06-11 10:35:11.631  4650  4650 I SplitScreenManager: Attached Launcher#7e871e0 ON_STOP
06-11 10:35:11.634  3189  4691 I Quality : MonitorInfo:system_server,snapshotComputer,PackageManagerService.java_1259,59
06-11 10:35:11.634  4650  4650 I GCP.GroupCardWrapper[1781139090859]:  getView[gcSdk:v1.3.130-5a024cf,gcPlugin:v16.56.0-ff09c7f3] [OplusLauncher|com.android.launcher|2.0.44-25e9612]
06-11 10:35:11.634  4650  4650 D AnimSeqTimeStamp: resetLastLaunchTaskTime
06-11 10:35:11.634  1460  1493 W SeedlingShare: (com.oplus.games, assistant_config_card_new) not in seeding shared white list.
06-11 10:35:11.635  4650  4650 I ULEView : onVisibilityChanged : 4 [onVisibilityChanged view]: b6.g{5ae23e2 VFED..... ........ 0,0-522,583 #c8 alpha=1.0 viewInfo = } [SeedlingSdk|com.android.launcher|2.0.40-ebe132d]
06-11 10:35:11.635  1460  1493 W AppInfo : AppInfo create Uri content://com.nearme.instant.platform.res/com.coloros.gamespaceui.quickapp.library/manifest.json
06-11 10:35:11.636  3189  3215 D OplusStartingWindowManager: skip remove starting window for activity = ActivityRecord{6207955 u0 com.android.launcher/.Launcher t2} ,ar != topActivityContainsStartingWindow on activityStopped
06-11 10:35:11.637  4650  4856 I ImeTracker: com.android.launcher:d240d206: onRequestHide at ORIGIN_CLIENT reason HIDE_SOFT_INPUT fromUser false
06-11 10:35:11.637  9703 11243 D CloudConfig_stgyHelper: getSupportKitMode strategyEntity : StrategyEntity(sdkInterval=1800000, strategyMode=1, minSDKVersion=1000, minKitVersion=2014122, validReqPeriod=7200000, maxReqProduct=100, forceKitIfKit=false, backoff=120000, enable=true, defaultLimit=RateLimitConfig{maxCalls=1, timeWindowSeconds=7200, callIntervalSeconds=0}, productLimits={56589=RateLimitConfig{maxCalls=1, timeWindowSeconds=7200, callIntervalSeconds=0}, 50351=RateLimitConfig{maxCalls=1, timeWindowSeconds=7200, callIntervalSeconds=0}, safe-jsApi_2003=RateLimitConfig{maxCalls=1, timeWindowSeconds=7200, callIntervalSeconds=0}, compass_20214=RateLimitConfig{maxCalls=1, timeWindowSeconds=7200, callIntervalSeconds=0}, compass_20100=RateLimitConfig{maxCalls=1, timeWindowSeconds=7200, callIntervalSeconds=0}, 54883=RateLimitConfig{maxCalls=1, timeWindowSeconds=7200, callIntervalSeconds=0}, global-domain_1281=RateLimitConfig{maxCalls=1, timeWindowSeconds=7200, callIntervalSeconds=0}, compass_131500=RateLimitConfig{maxCalls=1, timeWindowSeconds=7200, callIntervalSeconds=0}, compass_134200=RateLimitConfig{maxCalls=1, timeWindowSeconds=7200, callIntervalSeconds=0}})
06-11 10:35:11.638  4650  4856 I ImeTracker: com.android.launcher:d240d206: onFailed at PHASE_CLIENT_VIEW_SERVED
06-11 10:35:11.638  9703 11243 D CloudConfig_stgyHelper: getSupportKitMode localSdkVersion : 1224
06-11 10:35:11.639 26764 30337 I WeatherS_AbsLocationHelper: endWithResult(): needFullWeatherData=false
06-11 10:35:11.640  3189  3265 I UserAwareMgr: handleAppChangedToBg, pkgName: com.android.launcher, pid: 4650
06-11 10:35:11.641  1460  1493 W PackageFilesValidator: isInvalidResource: AppDistributionMeta is null
06-11 10:35:11.642  3189  3251 D ActivityManager: Async freezing 20034 com.tencent.soter.soterserver
06-11 10:35:11.643  3189  8845 W SignedPackage: Cannot get ApplicationInfo for package: com.google.android.tts
06-11 10:35:11.644  1460  1493 W AppInfo : app info parse uri fail. uri: content://com.nearme.instant.platform.res/com.coloros.gamespaceui.quickapp.library/manifest.json##Throwable##java.io.FileNotFoundException: open failed: ENOENT (No such file or directory)
06-11 10:35:11.644  1460  1493 W AppInfo : 	at android.os.ParcelFileDescriptor.openInternal(ParcelFileDescriptor.java:356)
06-11 10:35:11.644  1460  1493 W AppInfo : 	at android.os.ParcelFileDescriptor.open(ParcelFileDescriptor.java:233)
06-11 10:35:11.644  1460  1493 W AppInfo : 	at org.hapjs.cache.CacheProvider.doOpenFile(SourceFile:56)
06-11 10:35:11.644  1460  1493 W AppInfo : 	at org.hapjs.AbstractContentProvider.openFile(SourceFile:4)
06-11 10:35:11.644  1460  1493 W AppInfo : 	at android.content.ContentProvider.openAssetFile(ContentProvider.java:2326)
06-11 10:35:11.644  1460  1493 W AppInfo : 	at org.hapjs.AbstractContentProvider.doOpenAssetFile(SourceFile:1)
06-11 10:35:11.644  1460  1493 W AppInfo : 	at org.hapjs.cache.CacheProvider.doOpenAssetFile(SourceFile:74)
06-11 10:35:11.644  1460  1493 W AppInfo : 	at org.hapjs.AbstractContentProvider.openAssetFile(SourceFile:4)
06-11 10:35:11.644  1460  1493 W AppInfo : 	at android.content.ContentProvider.openTypedAssetFile(ContentProvider.java:2504)
06-11 10:35:11.644  1460  1493 W AppInfo : 	at android.content.ContentProvider.openTypedAssetFile(ContentProvider.java:2571)
06-11 10:35:11.644  1460  1493 W AppInfo : 	at android.content.ContentProvider$Transport.openTypedAssetFile(ContentProvider.java:692)
06-11 10:35:11.644  1460  1493 W AppInfo : 	at android.content.ContentResolver.openTypedAssetFileDescriptor(ContentResolver.java:2097)
06-11 10:35:11.644  1460  1493 W AppInfo : 	at android.content.ContentResolver.openAssetFileDescriptor(ContentResolver.java:1912)
06-11 10:35:11.644  1460  1493 W AppInfo : 	at android.content.ContentResolver.openInputStream(ContentResolver.java:1582)
06-11 10:35:11.644  1460  1493 W AppInfo : 	at org.hapjs.model.AppInfo.fromUri(SourceFile:7)
06-11 10:35:11.644  1460  1493 W AppInfo : 	at org.hapjs.model.AppInfo.create(SourceFile:105)
06-11 10:35:11.644  1460  1493 W AppInfo : 	at org.hapjs.bridge.DefaultAppInfoProvider.create(SourceFile:1)
06-11 10:35:11.644  1460  1493 W AppInfo : 	at a.a.a.nl0.g(SourceFile:58)
06-11 10:35:11.644  1460  1493 W AppInfo : 	at a.a.a.nl0.e(SourceFile:2)
06-11 10:35:11.644  1460  1493 W AppInfo : 	at a.a.a.rp6.d(SourceFile:22)
06-11 10:35:11.644  1460  1493 W AppInfo : 	at a.a.a.rp6.c(SourceFile:52)
06-11 10:35:11.644  1460  1493 W AppInfo : 	at com.nearme.instant.card.SharedDataProvider.setOrUpdateSharedDataInner(SourceFile:48)
06-11 10:35:11.644  1460  1493 W AppInfo : 	at com.nearme.instant.card.SharedDataProvider.setOrUpdateSharedData(SourceFile:61)
06-11 10:35:11.644  1460  1493 W AppInfo : 	at com.nearme.instant.card.SharedDataProvider.doCall(SourceFile:46)
06-11 10:35:11.644  1460  1493 W AppInfo : 	at org.hapjs.AbstractContentProvider.call(SourceFile:4)
06-11 10:35:11.644  1460  1493 W AppInfo : 	at android.content.ContentProvider.call(ContentProvider.java:2773)
06-11 10:35:11.644  1460  1493 W AppInfo : 	at android.content.ContentProvider$Transport.call(ContentProvider.java:653)
06-11 10:35:11.644  1460  1493 W AppInfo : 	at android.content.ContentProviderNative.onTransact(ContentProviderNative.java:307)
06-11 10:35:11.644  1460  1493 W AppInfo : 	at android.os.Binder.execTransactInternal(Binder.java:1444)
06-11 10:35:11.644  1460  1493 W AppInfo : 	at android.os.Binder.execTransact(Binder.java:1378)
06-11 10:35:11.645  1460  1493 E PermissionVerifier: card rpk not exists
06-11 10:35:11.645  6967  8602 I DeepThinker: IntentManager: onIntentProduced 1
06-11 10:35:11.645  1460  1493 W PermissionVerifier: checkWritePermission writer: com.oplus.games not in rpk: com.coloros.gamespaceui.quickapp.library allowed list
06-11 10:35:11.645  6967  8602 I DeepThinker: IntentManager: dispatchIntents 1
06-11 10:35:11.645  1460  1493 W SharedDataProvider: setOrUpdateSharedData no permissions!
06-11 10:35:11.645  6967  8214 I DeepThinker: EventFountainDispatcher: dispatchSpecificIntents 1
06-11 10:35:11.645  6967  8214 I DeepThinker: EventFountainDispatcher: dispatchSpecificIntents com.pantanal.action.APPS_LIST
06-11 10:35:11.646  3189  3913 D BackgroundInstallControlService: Package event received: 0
06-11 10:35:11.646  1667 15952 I sensors-hal: handle_oplus_wise_rgb_event:230, wise_rgb:algo_type = 3
06-11 10:35:11.646  1667 15952 I sensors-hal: handle_oplus_wise_rgb_event:285, wise_rgb: raw_lux 513.950317, raw_cct 6360.686523, r/g/b/c: 40590.371094/35568.019531/20024.609375/90192.421875, R/G/B: 0.000000/0.000000/0.000000, brl 1529.000000, lux: 513.950317, cct: 6360.686523, ts 242708964074634, cnt 4205
06-11 10:35:11.646 27947  1358 W GameSpaceUI.gs_DesktopCardServiceImpl: set assistant_mini_game_red_envelopes_switch_state = 1 success expire 86400000
06-11 10:35:11.647 27947  1358 I GameSpaceUI.TrackService: getPluginConfigAppId -1, currentPkgName: 
06-11 10:35:11.649  3189  6099 I OStatsManager_Calc: add screen power pkgName = com.earthengine.minimalglobe, uid = 10602, power = 71.20530000329018, is Fg = true, fore size = 2, mScale = 1.0
06-11 10:35:11.649  3189  6099 I OStatsManager_Calc: noteBeforePkgSwitch change = false, curTime = 242708975, com.android.launcher, fg = true
06-11 10:35:11.649  3189  6099 I OStatsManager_OplusBatteryStatsManager: updateStateTime: PkgName = com.android.launcher, uid = 10196, state to bg, mForegroundCnt = 0, isFg = false
06-11 10:35:11.649  3189  6099 I OStatsManager_OplusBatteryStatsManager: notePkgBackground [com.earthengine.minimalglobe10602], uid = 10196, pid = 4650, pkgName = com.android.launcher
06-11 10:35:11.649  3189  8845 I system_server: AssetManager2(0xb40000786fbb1a28) locale list changing from [] to [zh-CN]
06-11 10:35:11.650  3189  4181 D OsenseCommonUtils: /dev/memcg/apps/uid_10196/memory.app_score not exist
06-11 10:35:11.651  4323  6896 V OsAgent : broadcastSystemEvent - 7
06-11 10:35:11.651  4323  6896 V OsAgent : broadcastSystemEvent - 7
06-11 10:35:11.651  4323  6896 V OsAgent : broadcastSystemEvent - 7
06-11 10:35:11.651  4323  6896 V OsAgent : broadcastSystemEvent - 7
06-11 10:35:11.651  4323  6896 V OsAgent : broadcastSystemEvent - 7
06-11 10:35:11.651  4323  6896 V OsAgent : broadcastSystemEvent - 7
06-11 10:35:11.651  4323  6896 V OsAgent : broadcastSystemEvent - 7
06-11 10:35:11.651  4323  6896 V OsAgent : broadcastSystemEvent - 7
06-11 10:35:11.651  4323  6896 V OsAgent : broadcastSystemEvent - 7
06-11 10:35:11.653 11083 11732 D CloudConfig_stgyHelper: mspVersionCanSupport mspKitVersion : 2021620
06-11 10:35:11.654  3189  3189 W AccessibilityManagerService:  wait for adding window timeout: 1672
06-11 10:35:11.655  6963  8762 D OplusAtlas.OplusAudioScene: callback success event:atlas_event_on_foreground_activities_changed eventInfo:pid:4650,uid:10196,hasForegroundActivities:0
06-11 10:35:11.656 19629 19687 I DMP-PowerUtils: isLowPower, battery:100, low power threshold:20
06-11 10:35:11.656  1699  1958 D IRIS_LOG_SERV: panelReadWrite: type 255 set color matrix
06-11 10:35:11.656 19629 19687 I DMP-AbstractWorkManager: createOneTimeWorkRequest for localApp, method: onReceive, workName: onReceiveWork done, workRequestId:675087d5-7bd7-4a03-b1ec-4fdab0fb571a, expedited:false
06-11 10:35:11.656  1699  2116 D IRIS_LOG_SERV: InternalConfig: 191 0
06-11 10:35:11.656  1699  2116 D IRIS_LOG_SERV: InternalConfig: 191 0 ret: 0
06-11 10:35:11.661 11083 11791 D CloudConfig_stgyHelper: mspVersionCanSupport mspKitVersion : 2021620
06-11 10:35:11.664 19629 19687 I DMP-AbstractWorkManager: createOneTimeWorkRequest for localApp, method: onReceive, workName: completeKeywordIndexWork done, workRequestId:7f4b60a9-d795-4ea0-9c94-7119070ac9c2, expedited:false
06-11 10:35:11.666 11083 11732 D CloudConfig_stgyHelper: getSupportKitMode strategyEntity : StrategyEntity(sdkInterval=1800000, strategyMode=1, minSDKVersion=1000, minKitVersion=2014122, validReqPeriod=7200000, maxReqProduct=100, forceKitIfKit=false, backoff=120000, enable=true, defaultLimit=RateLimitConfig{maxCalls=1, timeWindowSeconds=7200, callIntervalSeconds=0}, productLimits={global-domain_1281=RateLimitConfig{maxCalls=1, timeWindowSeconds=7200, callIntervalSeconds=0}, 50351=RateLimitConfig{maxCalls=1, timeWindowSeconds=7200, callIntervalSeconds=0}, compass_20092=RateLimitConfig{maxCalls=1, timeWindowSeconds=7200, callIntervalSeconds=0}, global-domain_1961=RateLimitConfig{maxCalls=1, timeWindowSeconds=7200, callIntervalSeconds=0}, compass_2=RateLimitConfig{maxCalls=1, timeWindowSeconds=7200, callIntervalSeconds=0}, mdp_2047=RateLimitConfig{maxCalls=1, timeWindowSeconds=7200, callIntervalSeconds=0}, mdp_2296=RateLimitConfig{maxCalls=1, timeWindowSeconds=7200, callIntervalSeconds=0}, compass_143100=RateLimitConfig{maxCalls=1, timeWindowSeconds=7200, callIntervalSeconds=0}})
06-11 10:35:11.666 11083 11732 D CloudConfig_stgyHelper: getSupportKitMode localSdkVersion : 1227
06-11 10:35:11.671  3189  8845 D Role    : not app enabled and not oplus freezed
06-11 10:35:11.671  3189  8845 E RoleControllerServiceImpl: Default/fallback role holder package doesn't qualify for the role, package: com.android.devicelockcontroller, role: android.app.role.SYSTEM_FINANCED_DEVICE_CONTROLLER
06-11 10:35:11.675  3189  4147 V Configuration: Updating configuration, locales updated from [] to [zh_CN]
06-11 10:35:11.676  3189  4147 V Configuration: Updating configuration, locales updated from [] to [zh_CN]
06-11 10:35:11.676  3189  4147 V Configuration: Updating configuration, locales updated from [] to [zh_CN]
06-11 10:35:11.676  3189  4147 V Configuration: Updating configuration, locales updated from [] to [zh_CN]
06-11 10:35:11.676  3189  4147 V Configuration: Updating configuration, locales updated from [] to [zh_CN]
06-11 10:35:11.676  3189  4147 V Configuration: Updating configuration, locales updated from [] to [zh_CN]
06-11 10:35:11.676  3189  4147 V Configuration: Updating configuration, locales updated from [] to [zh_CN]
06-11 10:35:11.676  3189  4147 V Configuration: Updating configuration, locales updated from [] to [zh_CN]
06-11 10:35:11.676  3189  4147 V Configuration: Updating configuration, locales updated from [] to [zh_CN]
06-11 10:35:11.676  3189  4147 V Configuration: Updating configuration, locales updated from [] to [zh_CN]
06-11 10:35:11.676  3189  4147 V Configuration: Updating configuration, locales updated from [] to [zh_CN]
06-11 10:35:11.676  3189  4147 V Configuration: Updating configuration, locales updated from [] to [zh_CN]
06-11 10:35:11.676  3189  4147 V Configuration: Updating configuration, locales updated from [] to [zh_CN]
06-11 10:35:11.676  3189  4147 V Configuration: Updating configuration, locales updated from [] to [zh_CN]
06-11 10:35:11.681 25296 26328 W HapContentObserver: uri: content://appRecommend_data_storage/subscription2x4-assistant/query
06-11 10:35:11.681 25296 26328 D HapContentObserver: key: 77112956 , task: 170344353
06-11 10:35:11.681 25296 26328 D ContentResolverTask: uri: content://appRecommend_data_storage/subscription2x4-assistant/query contains: false task: 170344353
06-11 10:35:11.681  3189  4147 V Configuration: Updating configuration, locales updated from [] to [zh_CN]
06-11 10:35:11.681  3189  4147 V Configuration: Updating configuration, locales updated from [] to [zh_CN]
06-11 10:35:11.681  3189  4147 V Configuration: Updating configuration, locales updated from [] to [zh_CN]
06-11 10:35:11.681  3189  4147 V Configuration: Updating configuration, locales updated from [] to [zh_CN]
06-11 10:35:11.681  3189  4147 V Configuration: Updating configuration, locales updated from [] to [zh_CN]
06-11 10:35:11.681  3189  4147 V Configuration: Updating configuration, locales updated from [] to [zh_CN]
06-11 10:35:11.681  3189  4147 V Configuration: Updating configuration, locales updated from [] to [zh_CN]
06-11 10:35:11.681  3189  4147 V Configuration: Updating configuration, locales updated from [] to [zh_CN]
06-11 10:35:11.681  3189  4147 V Configuration: Updating configuration, locales updated from [] to [zh_CN]
06-11 10:35:11.681  3189  4147 V Configuration: Updating configuration, locales updated from [] to [zh_CN]
06-11 10:35:11.682  3189  4147 D IntervalStats: Unable to parse usage stats packages: [44, 45, 85, 113, 242, 261, 265, 284, 350, 390, 410, 414, 419, 421, 438, 442, 450, 452, 455, 457, 464, 475, 492, 528, 558, 561, 562, 563, 564, 565, 566, 567, 568, 569, 570, 571, 572, 573, 574, 575, 576, 577, 578, 579, 580, 581, 582, 583, 584, 585, 586, 590, 591, 592, 593, 594, 596, 597, 599, 600, 601, 602, 606, 610, 614, 615, 621, 622, 623, 624, 625, 626, 627, 628, 629, 632, 636, 637, 638, 639, 643, 646, 648, 649, 651, 652, 653, 656, 658, 659, 662, 664, 665, 666, 668, 670, 677, 678, 679, 680, 683, 684, 685, 686, 688, 692, 693, 694, 696, 697, 701, 702, 703, 704, 705, 706, 707, 710, 714, 716, 717, 720, 721, 723, 725, 727, 728, 729, 730, 731, 734, 736, 738, 740, 741, 744, 745, 747, 802, 858, 875, 878, 880, 881, 882, 884, 889, 890, 892]
06-11 10:35:11.683  3189  4147 D UsageStatsService: User[0] type=3 b=1773369311673 e=1781145311673 cb=1780448780440 ce=1781145310092 disk=481 all=719
06-11 10:35:11.683 30334 30455 I JniHttpHelper: httpGet OK: https://webst01.is.autonavi.com/appmaptile?style=6&x=0&y=0&z=0 -> 4235 bytes
06-11 10:35:11.645  4329  4346 I ndroid.systemui: Background concurrent mark compact GC freed 8879KB AllocSpace bytes, 2(104KB) LOS objects, 49% free,63MB(M:61MB,L:2256KB)/127MB, paused 1.604ms,4.261ms total 925.292ms
06-11 10:35:11.685  1460  1493 W SeedlingShare: (com.oplus.games, assistant_mini_game_red_envelopes_switch_state) not in seeding shared white list.
06-11 10:35:11.686  1460  1493 W AppInfo : AppInfo create Uri content://com.nearme.instant.platform.res/com.coloros.gamespaceui.quickapp.guide/manifest.json
06-11 10:35:11.687  4329  4630 D HWUI    : SkiaOpenGLPipeline::setSurface: this=0xb4000079480e5a40, surface=NULL
06-11 10:35:11.687  1460  1493 W PackageFilesValidator: isInvalidResource: AppDistributionMeta is null
06-11 10:35:11.696 30334 30455 I AndroidBridge: Decoded image 256x256 from 4235 bytes
06-11 10:35:11.699 19629 19687 I DMP-PermissionUtil: isPermissionGranted, resource: standard_data#unified_service_invocation, basic: false
06-11 10:35:11.699 19629 19687 I DMP-PermissionUtil: unsupported resource or no permission required for resource: standard_data#unified_service_invocation
06-11 10:35:11.699 19629 19687 I DMP-Create: canCreate canCreate resource : standard_data#unified_service_invocation method : onReceive workName: onReceiveWork
06-11 10:35:11.699 19629 19687 I DMP-Create: standard_data#unified_service_invocation isPersonaResourceOpen : false
06-11 10:35:11.699 19629 19687 I DMP-Create: IndexStatus CHECK: null
06-11 10:35:11.699 19629 19687 I DMP-SAUWorkConfigManager: sau work config not found
06-11 10:35:11.700  4329  4348 W System  : A resource failed to call release. 
06-11 10:35:11.700  4329  4348 W System  : A resource failed to call release. 
06-11 10:35:11.700  4329  4348 W System  : A resource failed to call release. 
06-11 10:35:11.700  4329  4348 W System  : A resource failed to call release. 
06-11 10:35:11.700  4329  4348 W System  : A resource failed to call release. 
06-11 10:35:11.700  4329  4348 W System  : A resource failed to call release. 
06-11 10:35:11.700  4329  4348 W System  : A resource failed to call release. 
06-11 10:35:11.700  4329  4348 W System  : A resource failed to call release. 
06-11 10:35:11.700  4329  4348 W System  : A resource failed to call release. 
06-11 10:35:11.700  4329  4348 W System  : A resource failed to call release. 
06-11 10:35:11.700  4329  4348 W System  : A resource failed to call release. 
06-11 10:35:11.700  4329  4348 W System  : A resource failed to call release. 
06-11 10:35:11.703 11083 11732 D CloudConfig_stgyHelper: mspVersionCanSupport mspKitVersion : 2021620
06-11 10:35:11.704  5227 27332 W UpgradeCommonABHelp: queryUsageCostTime:31
06-11 10:35:11.704 30334 30334 I BasemapLayer: Tile uploaded: 0/0/0 256x256
06-11 10:35:11.705 11083 11732 D CloudConfig_stgyHelper: getSupportKitMode strategyEntity : StrategyEntity(sdkInterval=1800000, strategyMode=1, minSDKVersion=1000, minKitVersion=2014122, validReqPeriod=7200000, maxReqProduct=100, forceKitIfKit=false, backoff=120000, enable=true, defaultLimit=RateLimitConfig{maxCalls=1, timeWindowSeconds=7200, callIntervalSeconds=0}, productLimits={global-domain_1281=RateLimitConfig{maxCalls=1, timeWindowSeconds=7200, callIntervalSeconds=0}, 50351=RateLimitConfig{maxCalls=1, timeWindowSeconds=7200, callIntervalSeconds=0}, compass_20092=RateLimitConfig{maxCalls=1, timeWindowSeconds=7200, callIntervalSeconds=0}, global-domain_1961=RateLimitConfig{maxCalls=1, timeWindowSeconds=7200, callIntervalSeconds=0}, compass_2=RateLimitConfig{maxCalls=1, timeWindowSeconds=7200, callIntervalSeconds=0}, mdp_2047=RateLimitConfig{maxCalls=1, timeWindowSeconds=7200, callIntervalSeconds=0}, mdp_2296=RateLimitConfig{maxCalls=1, timeWindowSeconds=7200, callIntervalSeconds=0}, compass_143100=RateLimitConfig{maxCalls=1, timeWindowSeconds=7200, callIntervalSeconds=0}})
06-11 10:35:11.705 11083 11732 D CloudConfig_stgyHelper: getSupportKitMode localSdkVersion : 1227
06-11 10:35:11.705  3189  3886 D SyncManagerExtImpl: isSyncValid: 
06-11 10:35:11.705  3189  3253 D OplusWallpaperSurfaceAnimation: resetEnable curState: STARTED
06-11 10:35:11.705  3189  3253 D OplusWallpaperAnimationManager: onAnimationEnd
06-11 10:35:11.705  3189  3253 D OplusWallpaperAnimationManager: setSkipUpdateWallpaperPosition skip: false, wallpaper: Window{47b8a16 u0 com.android.wallpaper.livepicker.service.video.op.Udon1VideoWallpaper}
06-11 10:35:11.705  3189  3253 D OplusWallpaperSurfaceAnimation: setAnimationState curState: IDLE
06-11 10:35:11.705 26764 30337 E WeatherS_PrivacyStatementExport: isAgreed1
06-11 10:35:11.707 30334 30334 I BasemapLayer: getOrCreate: z=2 useTerr=0 cacheTerr=0
06-11 10:35:11.707 30334 30510 I AndroidBridge: androidHttpGet: env=0xb400007a6f9b0820 gJniHttpHelperClass=0x30a6 gHttpGetMethod=0x1 url=https://webst04.is.autonavi.com/appmaptile?style=6&x=1&y=2&z=3
06-11 10:35:11.707 30334 30510 I JniHttpHelper: httpGet called: https://webst04.is.autonavi.com/appmaptile?style=6&x=1&y=2&z=3
06-11 10:35:11.707 30334 30540 I AndroidBridge: androidHttpGet: env=0xb400007a087c6260 gJniHttpHelperClass=0x30a6 gHttpGetMethod=0x1 url=https://webst03.is.autonavi.com/appmaptile?style=6&x=1630&y=848&z=11
06-11 10:35:11.707 30334 30540 I JniHttpHelper: httpGet called: https://webst03.is.autonavi.com/appmaptile?style=6&x=1630&y=848&z=11
06-11 10:35:11.708 30334 30334 I BasemapLayer: getOrCreate: z=2 useTerr=0 cacheTerr=0
06-11 10:35:11.708 30334 30537 I AndroidBridge: androidHttpGet: env=0xb400007a7da0fee0 gJniHttpHelperClass=0x30a6 gHttpGetMethod=0x1 url=https://webst02.is.autonavi.com/appmaptile?style=6&x=1629&y=848&z=11
06-11 10:35:11.708 30334 30537 I JniHttpHelper: httpGet called: https://webst02.is.autonavi.com/appmaptile?style=6&x=1629&y=848&z=11
06-11 10:35:11.708 30334 30334 I BasemapLayer: getOrCreate: z=1 useTerr=0 cacheTerr=0
06-11 10:35:11.711 11083 11741 I MSP-LOG-SDK-MspSdk: Sdk has initialized! version:2.0.1.14
06-11 10:35:11.711 30334 30526 I AndroidBridge: androidHttpGet: env=0xb400007a7da12020 gJniHttpHelperClass=0x30a6 gHttpGetMethod=0x1 url=https://webst03.is.autonavi.com/appmaptile?style=6&x=3&y=3&z=3
06-11 10:35:11.712 30334 30526 I JniHttpHelper: httpGet called: https://webst03.is.autonavi.com/appmaptile?style=6&x=3&y=3&z=3
06-11 10:35:11.712 30334 30527 I AndroidBridge: androidHttpGet: env=0xb400007a087c65e0 gJniHttpHelperClass=0x30a6 gHttpGetMethod=0x1 url=https://webst04.is.autonavi.com/appmaptile?style=6&x=1629&y=846&z=11
06-11 10:35:11.712 11083 11741 E MSP-LOG-SDK-RateLimitManager: not_allow_invoke because of time_window_not_allow queue = [1781143255693], config = RateLimitConfig{maxCalls=1, timeWindowSeconds=7200, callIntervalSeconds=0}, ipcInvokeTimeQueueMapKey = com.heytap.nearx.tangramconfig.kit.client.ICloudCtrlServiceModule?@?global-domain_1961?@?4?@?com.coloros.phonemanager, has already call 1 times in 7200 seconds before
06-11 10:35:11.712 11083 11741 E MSP-LOG-SDK-: MspSdkException{code=3014,message=com.heytap.mspsdk.ratelimit.MspRateLimitExceededException: ipc rate limit exceeded in time window}
06-11 10:35:11.712 11083 11741 E MSP-LOG-SDK-: 	at com.heytap.mspsdk.ratelimit.b.a(RateLimitInterceptor.java:56)
06-11 10:35:11.712 11083 11741 E MSP-LOG-SDK-: 	at com.heytap.mspsdk.interceptor.c.a(StandardListChain.java:40)
06-11 10:35:11.712 11083 11741 E MSP-LOG-SDK-: 	at com.heytap.mspsdk.proxy.b.a(CompatCheckInterceptor.java:30)
06-11 10:35:11.712 11083 11741 E MSP-LOG-SDK-: 	at com.heytap.mspsdk.interceptor.c.a(StandardListChain.java:40)
06-11 10:35:11.712 11083 11741 E MSP-LOG-SDK-: 	at com.heytap.mspsdk.proxy.e.invoke(InnerInvocationHandler.java:202)
06-11 10:35:11.712 11083 11741 E MSP-LOG-SDK-: 	at java.lang.reflect.Proxy.invoke(Proxy.java:1006)
06-11 10:35:11.712 11083 11741 E MSP-LOG-SDK-: 	at $Proxy12.checkUpdateConfig(Unknown Source)
06-11 10:35:11.712 11083 11741 E MSP-LOG-SDK-: 	at com.heytap.nearx.tangramconfig.kit.client.KitProxy.checkUpdateConfig$lambda$3(KitProxy.kt:20)
06-11 10:35:11.712 11083 11741 E MSP-LOG-SDK-: 	at com.heytap.nearx.tangramconfig.kit.client.KitProxy.d(KitProxy.kt:1)
06-11 10:35:11.712 11083 11741 E MSP-LOG-SDK-: 	at com.heytap.nearx.tangramconfig.kit.client.e.run(R8$$SyntheticClass:9)
06-11 10:35:11.712 11083 11741 E MSP-LOG-SDK-: 	at java.util.concurrent.ThreadPoolExecutor.runWorker(ThreadPoolExecutor.java:1156)
06-11 10:35:11.712 11083 11741 E MSP-LOG-SDK-: 	at java.util.concurrent.ThreadPoolExecutor$Worker.run(ThreadPoolExecutor.java:651)
06-11 10:35:11.712 11083 11741 E MSP-LOG-SDK-: 	at java.lang.Thread.run(Thread.java:1119)
06-11 10:35:11.713 30334 30535 I AndroidBridge: androidHttpGet: env=0xb400007a7da123a0 gJniHttpHelperClass=0x30a6 gHttpGetMethod=0x1 url=https://webst01.is.autonavi.com/appmaptile?style=6&x=1630&y=846&z=11
06-11 10:35:11.713 30334 30536 I AndroidBridge: androidHttpGet: env=0xb400007a087c6960 gJniHttpHelperClass=0x30a6 gHttpGetMethod=0x1 url=https://webst02.is.autonavi.com/appmaptile?style=6&x=1630&y=847&z=11
06-11 10:35:11.714 30334 30542 I AndroidBridge: androidHttpGet: env=0xb400007a7da12720 gJniHttpHelperClass=0x30a6 gHttpGetMethod=0x1 url=https://webst02.is.autonavi.com/appmaptile?style=6&x=1&y=4&z=3
06-11 10:35:11.714 30334 30543 I AndroidBridge: androidHttpGet: env=0xb400007a087c6ce0 gJniHttpHelperClass=0x30a6 gHttpGetMethod=0x1 url=https://webst02.is.autonavi.com/appmaptile?style=6&x=0&y=5&z=3
06-11 10:35:11.714 30334 30511 I AndroidBridge: androidHttpGet: env=0xb400007a7da12aa0 gJniHttpHelperClass=0x30a6 gHttpGetMethod=0x1 url=https://webst01.is.autonavi.com/appmaptile?style=6&x=1&y=3&z=3
06-11 10:35:11.715 30334 30529 I AndroidBridge: androidHttpGet: env=0xb400007a087c7060 gJniHttpHelperClass=0x30a6 gHttpGetMethod=0x1 url=https://webst01.is.autonavi.com/appmaptile?style=6&x=1629&y=847&z=11
06-11 10:35:11.715 30334 30525 I AndroidBridge: androidHttpGet: env=0xb400007a7da12e20 gJniHttpHelperClass=0x30a6 gHttpGetMethod=0x1 url=https://webst02.is.autonavi.com/appmaptile?style=6&x=2&y=3&z=3
06-11 10:35:11.719  5227 30233 I m.heytap.market: Explicit concurrent mark compact GC freed 915KB AllocSpace bytes, 1(132KB) LOS objects, 26% free,10MB(M:9256KB,L:1968KB)/14MB, paused 1.957ms,58.969ms total 740.575ms
06-11 10:35:11.725 26764 30337 W WeatherS_ApkSignedCheck: checkCertificateWhiteList: not in inWhiteListcom.coloros.weather.service
06-11 10:35:11.726 28382 32312 D CosaServiceImpl: getABProjectName enter
06-11 10:35:11.726 28382 32312 D CosaServiceImpl: getABProjectName 
06-11 10:35:11.728 26764 30337 I WeatherS_WeatherProvider: query option: 1,callingUid: 10169,name: com.coloros.weather.service
06-11 10:35:11.728  5227 30234 I m.heytap.market: WaitForGcToComplete blocked Explicit on Explicit for 722.397ms
06-11 10:35:11.728  5227 30238 I m.heytap.market: Waiting for a blocking GC Explicit
06-11 10:35:11.728  5227 30239 I m.heytap.market: Waiting for a blocking GC Explicit
06-11 10:35:11.729  9703 11131 D RealConnection:: Platform.get().getSelectedProtocol(sslSocket):http/1.1
06-11 10:35:11.729  9703 11131 D RealConnection:: supportsTlsExtensions:true
06-11 10:35:11.729  9703 11131 D RealConnection:: maybeProtocol:http/1.1
06-11 10:35:11.729  9703 11131 D RealConnection:: protocol:http/1.1
06-11 10:35:11.729 11083 11732 I CloudConfig: ruc 1961 exit
06-11 10:35:11.729 11083 11779 I MSP-LOG-SDK-MspSdk: Sdk has initialized! version:2.0.1.14
06-11 10:35:11.729 11083 11732 I CloudConfig: tn: sdk-50351-ruc, dr: 231ms
06-11 10:35:11.729  4329  4348 W System  : A resource failed to call release. 
06-11 10:35:11.730  4329  4348 W System  : A resource failed to call release. 
06-11 10:35:11.730 11083 11779 E MSP-LOG-SDK-RateLimitManager: not_allow_invoke because of time_window_not_allow queue = [1781143251665], config = RateLimitConfig{maxCalls=1, timeWindowSeconds=21600, callIntervalSeconds=0}, ipcInvokeTimeQueueMapKey = com.heytap.nearx.tangramconfig.kit.client.ICloudCtrlServiceModule?@?global-domain_1961?@?1?@?com.coloros.phonemanager, has already call 1 times in 21600 seconds before
06-11 10:35:11.730 11083 11779 E MSP-LOG-SDK-: MspSdkException{code=3014,message=com.heytap.mspsdk.ratelimit.MspRateLimitExceededException: ipc rate limit exceeded in time window}
06-11 10:35:11.730 11083 11779 E MSP-LOG-SDK-: 	at com.heytap.mspsdk.ratelimit.b.a(RateLimitInterceptor.java:56)
06-11 10:35:11.730 11083 11779 E MSP-LOG-SDK-: 	at com.heytap.mspsdk.interceptor.c.a(StandardListChain.java:40)
06-11 10:35:11.730 11083 11779 E MSP-LOG-SDK-: 	at com.heytap.mspsdk.proxy.b.a(CompatCheckInterceptor.java:30)
06-11 10:35:11.730 11083 11779 E MSP-LOG-SDK-: 	at com.heytap.mspsdk.interceptor.c.a(StandardListChain.java:40)
06-11 10:35:11.730 11083 11779 E MSP-LOG-SDK-: 	at com.heytap.mspsdk.proxy.e.invoke(InnerInvocationHandler.java:202)
06-11 10:35:11.730 11083 11779 E MSP-LOG-SDK-: 	at java.lang.reflect.Proxy.invoke(Proxy.java:1006)
06-11 10:35:11.730 11083 11779 E MSP-LOG-SDK-: 	at $Proxy12.getDynamicCondition(Unknown Source)
06-11 10:35:11.730 11083 11779 E MSP-LOG-SDK-: 	at com.heytap.nearx.tangramconfig.kit.client.KitProxy.getDynamicCondition$lambda$0(KitProxy.kt:25)
06-11 10:35:11.730 11083 11779 E MSP-LOG-SDK-: 	at com.heytap.nearx.tangramconfig.kit.client.KitProxy.b(KitProxy.kt:1)
06-11 10:35:11.730 11083 11779 E MSP-LOG-SDK-: 	at com.heytap.nearx.tangramconfig.kit.client.b.run(R8$$SyntheticClass:9)
06-11 10:35:11.730 11083 11779 E MSP-LOG-SDK-: 	at java.util.concurrent.ThreadPoolExecutor.runWorker(ThreadPoolExecutor.java:1156)
06-11 10:35:11.730 11083 11779 E MSP-LOG-SDK-: 	at java.util.concurrent.ThreadPoolExecutor$Worker.run(ThreadPoolExecutor.java:651)
06-11 10:35:11.730 11083 11779 E MSP-LOG-SDK-: 	at java.lang.Thread.run(Thread.java:1119)
06-11 10:35:11.733  1460  1493 W AppInfo : app info parse uri fail. uri: content://com.nearme.instant.platform.res/com.coloros.gamespaceui.quickapp.guide/manifest.json##Throwable##java.io.FileNotFoundException: open failed: ENOENT (No such file or directory)
06-11 10:35:11.733  1460  1493 W AppInfo : 	at android.os.ParcelFileDescriptor.openInternal(ParcelFileDescriptor.java:356)
06-11 10:35:11.733  1460  1493 W AppInfo : 	at android.os.ParcelFileDescriptor.open(ParcelFileDescriptor.java:233)
06-11 10:35:11.733  1460  1493 W AppInfo : 	at org.hapjs.cache.CacheProvider.doOpenFile(SourceFile:56)
06-11 10:35:11.733  1460  1493 W AppInfo : 	at org.hapjs.AbstractContentProvider.openFile(SourceFile:4)
06-11 10:35:11.733  1460  1493 W AppInfo : 	at android.content.ContentProvider.openAssetFile(ContentProvider.java:2326)
06-11 10:35:11.733  1460  1493 W AppInfo : 	at org.hapjs.AbstractContentProvider.doOpenAssetFile(SourceFile:1)
06-11 10:35:11.733  1460  1493 W AppInfo : 	at org.hapjs.cache.CacheProvider.doOpenAssetFile(SourceFile:74)
06-11 10:35:11.733  1460  1493 W AppInfo : 	at org.hapjs.AbstractContentProvider.openAssetFile(SourceFile:4)
06-11 10:35:11.733  1460  1493 W AppInfo : 	at android.content.ContentProvider.openTypedAssetFile(ContentProvider.java:2504)
06-11 10:35:11.733  1460  1493 W AppInfo : 	at android.content.ContentProvider.openTypedAssetFile(ContentProvider.java:2571)
06-11 10:35:11.733  1460  1493 W AppInfo : 	at android.content.ContentProvider$Transport.openTypedAssetFile(ContentProvider.java:692)
06-11 10:35:11.733  1460  1493 W AppInfo : 	at android.content.ContentResolver.openTypedAssetFileDescriptor(ContentResolver.java:2097)
06-11 10:35:11.733  1460  1493 W AppInfo : 	at android.content.ContentResolver.openAssetFileDescriptor(ContentResolver.java:1912)
06-11 10:35:11.733  1460  1493 W AppInfo : 	at android.content.ContentResolver.openInputStream(ContentResolver.java:1582)
06-11 10:35:11.733  1460  1493 W AppInfo : 	at org.hapjs.model.AppInfo.fromUri(SourceFile:7)
06-11 10:35:11.733  1460  1493 W AppInfo : 	at org.hapjs.model.AppInfo.create(SourceFile:105)
06-11 10:35:11.733  1460  1493 W AppInfo : 	at org.hapjs.bridge.DefaultAppInfoProvider.create(SourceFile:1)
06-11 10:35:11.733  1460  1493 W AppInfo : 	at a.a.a.nl0.g(SourceFile:58)
06-11 10:35:11.733  1460  1493 W AppInfo : 	at a.a.a.nl0.e(SourceFile:2)
06-11 10:35:11.733  1460  1493 W AppInfo : 	at a.a.a.rp6.d(SourceFile:22)
06-11 10:35:11.733  1460  1493 W AppInfo : 	at a.a.a.rp6.c(SourceFile:52)
06-11 10:35:11.733  1460  1493 W AppInfo : 	at com.nearme.instant.card.SharedDataProvider.setOrUpdateSharedDataInner(SourceFile:48)
06-11 10:35:11.733  1460  1493 W AppInfo : 	at com.nearme.instant.card.SharedDataProvider.setOrUpdateSharedData(SourceFile:61)
06-11 10:35:11.733  1460  1493 W AppInfo : 	at com.nearme.instant.card.SharedDataProvider.doCall(SourceFile:46)
06-11 10:35:11.733  1460  1493 W AppInfo : 	at org.hapjs.AbstractContentProvider.call(SourceFile:4)
06-11 10:35:11.733  1460  1493 W AppInfo : 	at android.content.ContentProvider.call(ContentProvider.java:2773)
06-11 10:35:11.733  1460  1493 W AppInfo : 	at android.content.ContentProvider$Transport.call(ContentProvider.java:653)
06-11 10:35:11.733  1460  1493 W AppInfo : 	at android.content.ContentProviderNative.onTransact(ContentProviderNative.java:307)
06-11 10:35:11.733  1460  1493 W AppInfo : 	at android.os.Binder.execTransactInternal(Binder.java:1444)
06-11 10:35:11.733  1460  1493 W AppInfo : 	at android.os.Binder.execTransact(Binder.java:1378)
06-11 10:35:11.734  4329  4348 W System  : A resource failed to call release. 
06-11 10:35:11.734  4329  4348 W System  : A resource failed to call release. 
06-11 10:35:11.734  4329  4348 W System  : A resource failed to call release. 
06-11 10:35:11.734  1460  1493 E PermissionVerifier: card rpk not exists
06-11 10:35:11.734  4329  4348 W System  : A resource failed to call release. 
06-11 10:35:11.734  4329  4348 W System  : A resource failed to call release. 
06-11 10:35:11.735  1460  1493 W PermissionVerifier: checkWritePermission writer: com.oplus.games not in rpk: com.coloros.gamespaceui.quickapp.guide allowed list
06-11 10:35:11.735  1460  1493 W SharedDataProvider: setOrUpdateSharedData no permissions!
06-11 10:35:11.735 27947  1358 W GameSpaceUI.gs_DesktopCardServiceImpl: set assistant_mini_game_red_envelopes_switch_state = 1 success expire 86400000
06-11 10:35:11.735 27947  1358 I GameSpaceUI.TrackService: getPluginConfigAppId -1, currentPkgName: 
06-11 10:35:11.736 13041 13246 E FileStrategy: java.io.IOException: Read-only file system
06-11 10:35:11.737  1460 23496 W SeedlingShare: (com.oplus.games, assistant_mini_game_red_envelopes_switch_state) not in seeding shared white list.
06-11 10:35:11.737  3189  5610 I OplusAppSwitchManagerService: appswitch unregisterAppSwitchObserver pkgName = com.opos.ads_40375636 config = OplusAppSwitchConfig = {  observerFingerPrint = 197227827}
06-11 10:35:11.737  3189  5610 I OplusAppSwitchStateDispatcher: unregisterAppSwitchObserver ok, pkgName = com.opos.ads info = OplusAppSwitchRuleInfo = {  observer = null observerFingerPrint = 197227827}
06-11 10:35:11.740 19629 19687 I DMP-PowerUtils: getHoraeTemperature:36
06-11 10:35:11.741 19629 19687 I DMP-Dispatcher: create work Work{mWorkName=onReceiveWork, mWorkTerm=long, mReportId=false, mCreate=Create{mIndexStatus=null, mQueryTime=0, mInterval=0, mDeletedDocs=null, mNeedRebuildFlag=0, mIndexCheckFlag=false, mDrop=null, mHighTemperature=50, mMinPower=null, mScreen=null, mDeletedConditions=null}, mEntry=null, mMoreBatch=null, mChained=true, mInitialDelay=10, mWorkOneTimeLimit=0}, method = onReceive, create = 0
06-11 10:35:11.741 19629 19687 I DMP-Create: canCreate canCreate resource : standard_data#unified_service_invocation method : onReceive workName: completeKeywordIndexWork
06-11 10:35:11.741 19629 19687 I DMP-Create: standard_data#unified_service_invocation isPersonaResourceOpen : false
06-11 10:35:11.741 19629 19687 I DMP-Create: IndexStatus CHECK: null
06-11 10:35:11.743 11083 11791 D CloudConfig_stgyHelper: getSupportKitMode strategyEntity : StrategyEntity(sdkInterval=1800000, strategyMode=1, minSDKVersion=1000, minKitVersion=2014122, validReqPeriod=7200000, maxReqProduct=100, forceKitIfKit=false, backoff=120000, enable=true, defaultLimit=RateLimitConfig{maxCalls=1, timeWindowSeconds=7200, callIntervalSeconds=0}, productLimits={global-domain_1281=RateLimitConfig{maxCalls=1, timeWindowSeconds=7200, callIntervalSeconds=0}, 50351=RateLimitConfig{maxCalls=1, timeWindowSeconds=7200, callIntervalSeconds=0}, compass_20092=RateLimitConfig{maxCalls=1, timeWindowSeconds=7200, callIntervalSeconds=0}, global-domain_1961=RateLimitConfig{maxCalls=1, timeWindowSeconds=7200, callIntervalSeconds=0}, compass_2=RateLimitConfig{maxCalls=1, timeWindowSeconds=7200, callIntervalSeconds=0}, mdp_2047=RateLimitConfig{maxCalls=1, timeWindowSeconds=7200, callIntervalSeconds=0}, mdp_2296=RateLimitConfig{maxCalls=1, timeWindowSeconds=7200, callIntervalSeconds=0}, compass_143100=RateLimitConfig{maxCalls=1, timeWindowSeconds=7200, callIntervalSeconds=0}})
06-11 10:35:11.743 11083 11791 D CloudConfig_stgyHelper: getSupportKitMode localSdkVersion : 1227
06-11 10:35:11.744  3189  5854 I OplusAppSwitchManagerService: appswitch registerAppSwitchObserver pName = com@@opos@@ads_40375636 observer = com.oplus.app.IOplusAppSwitchObserver$Stub$Proxy@3451788 config = OplusAppSwitchConfig = {  observerFingerPrint = 2906027}
06-11 10:35:11.744  1460 23496 W AppInfo : AppInfo create Uri content://com.nearme.instant.platform.res/com.coloros.gamespaceui.quickapp.library/manifest.json
06-11 10:35:11.744  3189  5854 I OplusAppSwitchStateDispatcher: registerAppSwitchObserver addDynamicListener OK, info = OplusAppSwitchRuleInfo = {  observer = com.oplus.app.IOplusAppSwitchObserver$Stub$Proxy@3451788 observerFingerPrint = 2906027} rule size =1
06-11 10:35:11.746  9018 11280 D OplusAppSwitchManager: observer =  mDefaultMatchActivity = false mDefaultMatchApp false
06-11 10:35:11.746 11083 11738 I MSP-LOG-SDK-MspSdk: Sdk has initialized! version:2.0.1.14
06-11 10:35:11.747 11083 11738 E MSP-LOG-SDK-RateLimitManager: not_allow_invoke because of time_window_not_allow queue = [1781143252335], config = RateLimitConfig{maxCalls=1, timeWindowSeconds=7200, callIntervalSeconds=0}, ipcInvokeTimeQueueMapKey = com.heytap.nearx.tangramconfig.kit.client.ICloudCtrlServiceModule?@?compass_20092?@?3?@?com.coloros.phonemanager, has already call 1 times in 7200 seconds before
06-11 10:35:11.747 11083 11738 E MSP-LOG-SDK-: MspSdkException{code=3014,message=com.heytap.mspsdk.ratelimit.MspRateLimitExceededException: ipc rate limit exceeded in time window}
06-11 10:35:11.747 11083 11738 E MSP-LOG-SDK-: 	at com.heytap.mspsdk.ratelimit.b.a(RateLimitInterceptor.java:56)
06-11 10:35:11.747 11083 11738 E MSP-LOG-SDK-: 	at com.heytap.mspsdk.interceptor.c.a(StandardListChain.java:40)
06-11 10:35:11.747 11083 11738 E MSP-LOG-SDK-: 	at com.heytap.mspsdk.proxy.b.a(CompatCheckInterceptor.java:30)
06-11 10:35:11.747 11083 11738 E MSP-LOG-SDK-: 	at com.heytap.mspsdk.interceptor.c.a(StandardListChain.java:40)
06-11 10:35:11.747 11083 11738 E MSP-LOG-SDK-: 	at com.heytap.mspsdk.proxy.e.invoke(InnerInvocationHandler.java:202)
06-11 10:35:11.747 11083 11738 E MSP-LOG-SDK-: 	at java.lang.reflect.Proxy.invoke(Proxy.java:1006)
06-11 10:35:11.747 11083 11738 E MSP-LOG-SDK-: 	at $Proxy12.gatewayUpdate(Unknown Source)
06-11 10:35:11.747 11083 11738 E MSP-LOG-SDK-: 	at com.heytap.nearx.tangramconfig.kit.client.KitProxy.gatewayUpdate$lambda$2(KitProxy.kt:20)
06-11 10:35:11.747 11083 11738 E MSP-LOG-SDK-: 	at com.heytap.nearx.tangramconfig.kit.client.KitProxy.a(KitProxy.kt:1)
06-11 10:35:11.747 11083 11738 E MSP-LOG-SDK-: 	at com.heytap.nearx.tangramconfig.kit.client.a.run(R8$$SyntheticClass:9)
06-11 10:35:11.747 11083 11738 E MSP-LOG-SDK-: 	at java.util.concurrent.ThreadPoolExecutor.runWorker(ThreadPoolExecutor.java:1156)
06-11 10:35:11.747 11083 11738 E MSP-LOG-SDK-: 	at java.util.concurrent.ThreadPoolExecutor$Worker.run(ThreadPoolExecutor.java:651)
06-11 10:35:11.747 11083 11738 E MSP-LOG-SDK-: 	at java.lang.Thread.run(Thread.java:1119)
06-11 10:35:11.747 19629 19687 I DMP-SAUWorkConfigManager: sau work config not found
06-11 10:35:11.750  1460 23496 W PackageFilesValidator: isInvalidResource: AppDistributionMeta is null
06-11 10:35:11.751 19629 19687 I DMP-PowerUtils: getHoraeTemperature:36
06-11 10:35:11.751 19629 19687 I DMP-Dispatcher: create work Work{mWorkName=completeKeywordIndexWork, mWorkTerm=long, mReportId=false, mCreate=Create{mIndexStatus=null, mQueryTime=0, mInterval=0, mDeletedDocs=null, mNeedRebuildFlag=0, mIndexCheckFlag=false, mDrop=Drop{mCount=4, mInterval=10000, mDelay=60000}, mHighTemperature=38, mMinPower=null, mScreen=null, mDeletedConditions=null}, mEntry=null, mMoreBatch=MoreBatch{mPowerConsumed=2, mHighTemperatureValue=0, mLowTemperatureValue=0, mPower=[full|charging], mScreen=null, mTemperatureConsumed=0}, mChained=true, mInitialDelay=10, mWorkOneTimeLimit=0}, method = onReceive, create = 0
06-11 10:35:11.752  1460 23496 W AppInfo : app info parse uri fail. uri: content://com.nearme.instant.platform.res/com.coloros.gamespaceui.quickapp.library/manifest.json##Throwable##java.io.FileNotFoundException: open failed: ENOENT (No such file or directory)
06-11 10:35:11.752  1460 23496 W AppInfo : 	at android.os.ParcelFileDescriptor.openInternal(ParcelFileDescriptor.java:356)
06-11 10:35:11.752  1460 23496 W AppInfo : 	at android.os.ParcelFileDescriptor.open(ParcelFileDescriptor.java:233)
06-11 10:35:11.752  1460 23496 W AppInfo : 	at org.hapjs.cache.CacheProvider.doOpenFile(SourceFile:56)
06-11 10:35:11.752  1460 23496 W AppInfo : 	at org.hapjs.AbstractContentProvider.openFile(SourceFile:4)
06-11 10:35:11.752  1460 23496 W AppInfo : 	at android.content.ContentProvider.openAssetFile(ContentProvider.java:2326)
06-11 10:35:11.752  1460 23496 W AppInfo : 	at org.hapjs.AbstractContentProvider.doOpenAssetFile(SourceFile:1)
06-11 10:35:11.752  1460 23496 W AppInfo : 	at org.hapjs.cache.CacheProvider.doOpenAssetFile(SourceFile:74)
06-11 10:35:11.752  1460 23496 W AppInfo : 	at org.hapjs.AbstractContentProvider.openAssetFile(SourceFile:4)
06-11 10:35:11.752  1460 23496 W AppInfo : 	at android.content.ContentProvider.openTypedAssetFile(ContentProvider.java:2504)
06-11 10:35:11.752  1460 23496 W AppInfo : 	at android.content.ContentProvider.openTypedAssetFile(ContentProvider.java:2571)
06-11 10:35:11.752  1460 23496 W AppInfo : 	at android.content.ContentProvider$Transport.openTypedAssetFile(ContentProvider.java:692)
06-11 10:35:11.752  1460 23496 W AppInfo : 	at android.content.ContentResolver.openTypedAssetFileDescriptor(ContentResolver.java:2097)
06-11 10:35:11.752  1460 23496 W AppInfo : 	at android.content.ContentResolver.openAssetFileDescriptor(ContentResolver.java:1912)
06-11 10:35:11.752  1460 23496 W AppInfo : 	at android.content.ContentResolver.openInputStream(ContentResolver.java:1582)
06-11 10:35:11.752  1460 23496 W AppInfo : 	at org.hapjs.model.AppInfo.fromUri(SourceFile:7)
06-11 10:35:11.752  1460 23496 W AppInfo : 	at org.hapjs.model.AppInfo.create(SourceFile:105)
06-11 10:35:11.752  1460 23496 W AppInfo : 	at org.hapjs.bridge.DefaultAppInfoProvider.create(SourceFile:1)
06-11 10:35:11.752  1460 23496 W AppInfo : 	at a.a.a.nl0.g(SourceFile:58)
06-11 10:35:11.752  1460 23496 W AppInfo : 	at a.a.a.nl0.e(SourceFile:2)
06-11 10:35:11.752  1460 23496 W AppInfo : 	at a.a.a.rp6.d(SourceFile:22)
06-11 10:35:11.752  1460 23496 W AppInfo : 	at a.a.a.rp6.c(SourceFile:52)
06-11 10:35:11.752  1460 23496 W AppInfo : 	at com.nearme.instant.card.SharedDataProvider.setOrUpdateSharedDataInner(SourceFile:48)
06-11 10:35:11.752  1460 23496 W AppInfo : 	at com.nearme.instant.card.SharedDataProvider.setOrUpdateSharedData(SourceFile:61)
06-11 10:35:11.752  1460 23496 W AppInfo : 	at com.nearme.instant.card.SharedDataProvider.doCall(SourceFile:46)
06-11 10:35:11.752  1460 23496 W AppInfo : 	at org.hapjs.AbstractContentProvider.call(SourceFile:4)
06-11 10:35:11.752  1460 23496 W AppInfo : 	at android.content.ContentProvider.call(ContentProvider.java:2773)
06-11 10:35:11.752  1460 23496 W AppInfo : 	at android.content.ContentProvider$Transport.call(ContentProvider.java:653)
06-11 10:35:11.752  1460 23496 W AppInfo : 	at android.content.ContentProviderNative.onTransact(ContentProviderNative.java:307)
06-11 10:35:11.752  1460 23496 W AppInfo : 	at android.os.Binder.execTransactInternal(Binder.java:1444)
06-11 10:35:11.752  1460 23496 W AppInfo : 	at android.os.Binder.execTransact(Binder.java:1378)
06-11 10:35:11.752  1460 23496 E PermissionVerifier: card rpk not exists
06-11 10:35:11.752  1460 23496 W PermissionVerifier: checkWritePermission writer: com.oplus.games not in rpk: com.coloros.gamespaceui.quickapp.library allowed list
06-11 10:35:11.752  1460 23496 W SharedDataProvider: setOrUpdateSharedData no permissions!
06-11 10:35:11.754 27947  1358 W GameSpaceUI.gs_DesktopCardServiceImpl: set assistant_desktop_card_click_interact = 2 success expire 86400000
06-11 10:35:11.754  9703 11384 D CloudConfig_stgyHelper: mspVersionCanSupport mspKitVersion : 2021620
06-11 10:35:11.755 27947  1358 I GameSpaceUI.TrackService: getPluginConfigAppId -1, currentPkgName: 
06-11 10:35:11.755  9703 11384 D CloudConfig_stgyHelper: getSupportKitMode strategyEntity : StrategyEntity(sdkInterval=1800000, strategyMode=1, minSDKVersion=1000, minKitVersion=2014122, validReqPeriod=7200000, maxReqProduct=100, forceKitIfKit=false, backoff=120000, enable=true, defaultLimit=RateLimitConfig{maxCalls=1, timeWindowSeconds=7200, callIntervalSeconds=0}, productLimits={56589=RateLimitConfig{maxCalls=1, timeWindowSeconds=7200, callIntervalSeconds=0}, 50351=RateLimitConfig{maxCalls=1, timeWindowSeconds=7200, callIntervalSeconds=0}, safe-jsApi_2003=RateLimitConfig{maxCalls=1, timeWindowSeconds=7200, callIntervalSeconds=0}, compass_20214=RateLimitConfig{maxCalls=1, timeWindowSeconds=7200, callIntervalSeconds=0}, compass_20100=RateLimitConfig{maxCalls=1, timeWindowSeconds=7200, callIntervalSeconds=0}, 54883=RateLimitConfig{maxCalls=1, timeWindowSeconds=7200, callIntervalSeconds=0}, global-domain_1281=RateLimitConfig{maxCalls=1, timeWindowSeconds=7200, callIntervalSeconds=0}, compass_131500=RateLimitConfig{maxCalls=1, timeWindowSeconds=7200, callIntervalSeconds=0}, compass_134200=RateLimitConfig{maxCalls=1, timeWindowSeconds=7200, callIntervalSeconds=0}})
06-11 10:35:11.755  9703 11384 D CloudConfig_stgyHelper: getSupportKitMode localSdkVersion : 1224
06-11 10:35:11.756 19629 19687 I DMP-Dispatcher: addChainedWork, method[onReceive], resource[standard_data#unified_service_invocation], extras[Bundle[{action=android.intent.action.PACKAGE_REPLACED, package=com.earthengine.minimalglobe}]]
06-11 10:35:11.757  3189  4239 I OplusAppSwitchManagerService: appswitch unregisterAppSwitchObserver pkgName = com.opos.ads_40375636 config = OplusAppSwitchConfig = {  observerFingerPrint = 2906027}
06-11 10:35:11.757  3189  4239 I OplusAppSwitchStateDispatcher: unregisterAppSwitchObserver ok, pkgName = com.opos.ads info = OplusAppSwitchRuleInfo = {  observer = null observerFingerPrint = 2906027}
06-11 10:35:11.759 19629 19710 D WM-SystemJobScheduler: Scheduling work ID 675087d5-7bd7-4a03-b1ec-4fdab0fb571aJob ID 4795
06-11 10:35:11.760  4639  8514 D NetworkService[1]: getIfIndexByNetid netId:194,ifName:wlan0,ifIndex:30
06-11 10:35:11.761  9703 11384 D CloudConfig_stgyHelper: mspVersionCanSupport mspKitVersion : 2021620
06-11 10:35:11.763  8454 30489 I ContextAware_AppSortAlgorithmManager: sortForAppRecommendChange sendMessage, source=app_recommend_event
06-11 10:35:11.763  9703 11384 D CloudConfig_stgyHelper: getSupportKitMode strategyEntity : StrategyEntity(sdkInterval=1800000, strategyMode=1, minSDKVersion=1000, minKitVersion=2014122, validReqPeriod=7200000, maxReqProduct=100, forceKitIfKit=false, backoff=120000, enable=true, defaultLimit=RateLimitConfig{maxCalls=1, timeWindowSeconds=7200, callIntervalSeconds=0}, productLimits={56589=RateLimitConfig{maxCalls=1, timeWindowSeconds=7200, callIntervalSeconds=0}, 50351=RateLimitConfig{maxCalls=1, timeWindowSeconds=7200, callIntervalSeconds=0}, safe-jsApi_2003=RateLimitConfig{maxCalls=1, timeWindowSeconds=7200, callIntervalSeconds=0}, compass_20214=RateLimitConfig{maxCalls=1, timeWindowSeconds=7200, callIntervalSeconds=0}, compass_20100=RateLimitConfig{maxCalls=1, timeWindowSeconds=7200, callIntervalSeconds=0}, 54883=RateLimitConfig{maxCalls=1, timeWindowSeconds=7200, callIntervalSeconds=0}, global-domain_1281=RateLimitConfig{maxCalls=1, timeWindowSeconds=7200, callIntervalSeconds=0}, compass_131500=RateLimitConfig{maxCalls=1, timeWindowSeconds=7200, callIntervalSeconds=0}, compass_134200=RateLimitConfig{maxCalls=1, timeWindowSeconds=7200, callIntervalSeconds=0}})
06-11 10:35:11.763  9703 11384 D CloudConfig_stgyHelper: getSupportKitMode localSdkVersion : 1224
06-11 10:35:11.764  5227 27332 W market_check_upgrade: type: 3 , createRequest: installed count: 1 ,white count: 1 ,request md5 count: 1 ,no md5 count: 0 ,cost: 143
06-11 10:35:11.764  5227 27332 W market_check_upgrade: obits: [1, 5] , from: config
06-11 10:35:11.765  9715  9915 I AstScreen.WatchOverlayProxy: onStop 
06-11 10:35:11.766  9703 27343 I MSP-LOG-SDK-MspSdk: Sdk has initialized! version:2.0.1.14
06-11 10:35:11.766  3189  5854 I OplusAppSwitchManagerService: appswitch registerAppSwitchObserver pName = com@@opos@@ads_40375636 observer = com.oplus.app.IOplusAppSwitchObserver$Stub$Proxy@ed4fa0 config = OplusAppSwitchConfig = {  observerFingerPrint = 87996358}
06-11 10:35:11.766  3189  5854 I OplusAppSwitchStateDispatcher: registerAppSwitchObserver addDynamicListener OK, info = OplusAppSwitchRuleInfo = {  observer = com.oplus.app.IOplusAppSwitchObserver$Stub$Proxy@ed4fa0 observerFingerPrint = 87996358} rule size =1
06-11 10:35:11.766  9703 27343 E MSP-LOG-SDK-RateLimitManager: not_allow_invoke because of time_window_not_allow queue = [1781143250911], config = RateLimitConfig{maxCalls=1, timeWindowSeconds=7200, callIntervalSeconds=0}, ipcInvokeTimeQueueMapKey = com.heytap.nearx.tangramconfig.kit.client.ICloudCtrlServiceModule?@?56589?@?2?@?com.heytap.quicksearchbox, has already call 1 times in 7200 seconds before
06-11 10:35:11.766  9703 27343 E MSP-LOG-SDK-: MspSdkException{code=3014,message=com.heytap.mspsdk.ratelimit.MspRateLimitExceededException: ipc rate limit exceeded in time window}
06-11 10:35:11.766  9703 27343 E MSP-LOG-SDK-: 	at com.heytap.mspsdk.ratelimit.b.a(RateLimitInterceptor.java:54)
06-11 10:35:11.766  9703 27343 E MSP-LOG-SDK-: 	at com.heytap.mspsdk.interceptor.b.b(StandardListChain.java:32)
06-11 10:35:11.766  9703 27343 E MSP-LOG-SDK-: 	at com.heytap.mspsdk.proxy.b.a(CompatCheckInterceptor.java:182)
06-11 10:35:11.766  9703 27343 E MSP-LOG-SDK-: 	at com.heytap.mspsdk.interceptor.b.b(StandardListChain.java:32)
06-11 10:35:11.766  9703 27343 E MSP-LOG-SDK-: 	at com.heytap.mspsdk.proxy.e.invoke(InnerInvocationHandler.java:261)
06-11 10:35:11.766  9703 27343 E MSP-LOG-SDK-: 	at java.lang.reflect.Proxy.invoke(Proxy.java:1006)
06-11 10:35:11.766  9703 27343 E MSP-LOG-SDK-: 	at $Proxy31.getConfigData(Unknown Source)
06-11 10:35:11.766  9703 27343 E MSP-LOG-SDK-: 	at com.heytap.nearx.tangramconfig.kit.client.KitProxy.getConfigData$lambda$1(KitProxy.kt:29)
06-11 10:35:11.766  9703 27343 E MSP-LOG-SDK-: 	at com.heytap.nearx.tangramconfig.kit.client.KitProxy.c(KitProxy.kt:1)
06-11 10:35:11.766  9703 27343 E MSP-LOG-SDK-: 	at com.heytap.nearx.tangramconfig.kit.client.c.run(R8$$SyntheticClass:42)
06-11 10:35:11.766  9703 27343 E MSP-LOG-SDK-: 	at java.util.concurrent.ThreadPoolExecutor.runWorker(ThreadPoolExecutor.java:1156)
06-11 10:35:11.766  9703 27343 E MSP-LOG-SDK-: 	at java.util.concurrent.ThreadPoolExecutor$Worker.run(ThreadPoolExecutor.java:651)
06-11 10:35:11.766  9703 27343 E MSP-LOG-SDK-: 	at java.lang.Thread.run(Thread.java:1119)
06-11 10:35:11.769  5227 27332 W market_check_upgrade: req pkgs: {com.earthengine.minimalglobe: 1_86d98033e947628a6cbfc46e81cf7113}, 
06-11 10:35:11.772  9018 11280 D OplusAppSwitchManager: observer =  mDefaultMatchActivity = false mDefaultMatchApp false
06-11 10:35:11.774  1460  1493 W SeedlingShare: (com.oplus.games, assistant_desktop_card_click_interact) not in seeding shared white list.
06-11 10:35:11.774  4639  8514 D NetworkService[1]: getIfIndexByNetid netId:194,ifName:wlan0,ifIndex:30
06-11 10:35:11.775  1460  1493 W AppInfo : AppInfo create Uri content://com.nearme.instant.platform.res/com.coloros.gamespaceui.quickapp.guide/manifest.json
06-11 10:35:11.778 11083 11732 I CloudConfig: tn: sdk-50351-ruc
06-11 10:35:11.778 11083 11732 I CloudConfig: ruc 1961 enter
06-11 10:35:11.778  1460  1493 W PackageFilesValidator: isInvalidResource: AppDistributionMeta is null
06-11 10:35:11.778  8454  8173 I ContextAware_AppCardProcessor: [subscription2x2-launcher]no card, release not send
06-11 10:35:11.778  8454  8173 I metis_v2_BreenoSwitchSettingObserver: panta-sugg-getMasterSwitchStatus from cache:true
06-11 10:35:11.779  9715  9915 I AstScreen.DaemonMemoryManager: query providerClient success auth:com.oplus.assistantscreen.window.WATCH_WINDOW_PROVIDER method:query_window_state arg:arg_window_foreground extras:null
06-11 10:35:11.779 25296 26328 I AstScreen.WatchWindowProvider: call() query_window_state , arg_window_foreground
06-11 10:35:11.780  9715  9915 I AstScreen.DaemonMemoryManager: isForeground : false
06-11 10:35:11.780  9715  9915 I AstScreen.DaemonMemoryManager: use cache systemMemoryInfo android.app.ActivityManager$MemoryInfo@6180ec
06-11 10:35:11.780  9715  9915 I AstScreen.FeatureOption: isFullSystem = true
06-11 10:35:11.780  9715  9915 I AstScreen.DaemonMemoryManager: flagSysMem?false,cur ava6641744,mainPcsInitPss234793
06-11 10:35:11.781  9715  9915 I AstScreen.DaemonMemoryManager: use cache MainProcessPss : 355738
06-11 10:35:11.781  9715  9915 I AstScreen.DaemonMemoryManager: flagMainPcsMem? false, mainProcessCurrentPss355738
06-11 10:35:11.781 25296 26328 I AstScreen.LauncherOverlayBinder.Ht: onStop
06-11 10:35:11.781  9703 27353 I MSP-LOG-SDK-MspSdk: Sdk has initialized! version:2.0.1.14
06-11 10:35:11.782 25296 25296 I AstScreen.RxLauncherStateMonitor: setValue launcherState STOP value STOP
06-11 10:35:11.782 25296 25296 I AstScreen.AssistantScreen.EventProcessor: onStop
06-11 10:35:11.782  9703 27353 E MSP-LOG-SDK-RateLimitManager: not_allow_invoke because of time_window_not_allow queue = [1781143250916], config = RateLimitConfig{maxCalls=1, timeWindowSeconds=21600, callIntervalSeconds=0}, ipcInvokeTimeQueueMapKey = com.heytap.nearx.tangramconfig.kit.client.ICloudCtrlServiceModule?@?56589?@?1?@?com.heytap.quicksearchbox, has already call 1 times in 21600 seconds before
06-11 10:35:11.782  9703 27353 E MSP-LOG-SDK-: MspSdkException{code=3014,message=com.heytap.mspsdk.ratelimit.MspRateLimitExceededException: ipc rate limit exceeded in time window}
06-11 10:35:11.782  9703 27353 E MSP-LOG-SDK-: 	at com.heytap.mspsdk.ratelimit.b.a(RateLimitInterceptor.java:54)
06-11 10:35:11.782  9703 27353 E MSP-LOG-SDK-: 	at com.heytap.mspsdk.interceptor.b.b(StandardListChain.java:32)
06-11 10:35:11.782  9703 27353 E MSP-LOG-SDK-: 	at com.heytap.mspsdk.proxy.b.a(CompatCheckInterceptor.java:182)
06-11 10:35:11.782  9703 27353 E MSP-LOG-SDK-: 	at com.heytap.mspsdk.interceptor.b.b(StandardListChain.java:32)
06-11 10:35:11.782  9703 27353 E MSP-LOG-SDK-: 	at com.heytap.mspsdk.proxy.e.invoke(InnerInvocationHandler.java:261)
06-11 10:35:11.782  9703 27353 E MSP-LOG-SDK-: 	at java.lang.reflect.Proxy.invoke(Proxy.java:1006)
06-11 10:35:11.782  9703 27353 E MSP-LOG-SDK-: 	at $Proxy31.getDynamicCondition(Unknown Source)
06-11 10:35:11.782  9703 27353 E MSP-LOG-SDK-: 	at com.heytap.nearx.tangramconfig.kit.client.KitProxy.getDynamicCondition$lambda$0(KitProxy.kt:25)
06-11 10:35:11.782  9703 27353 E MSP-LOG-SDK-: 	at com.heytap.nearx.tangramconfig.kit.client.KitProxy.b(KitProxy.kt:1)
06-11 10:35:11.782  9703 27353 E MSP-LOG-SDK-: 	at com.heytap.nearx.tangramconfig.kit.client.b.run(R8$$SyntheticClass:28)
06-11 10:35:11.782  9703 27353 E MSP-LOG-SDK-: 	at java.util.concurrent.ThreadPoolExecutor.runWorker(ThreadPoolExecutor.java:1156)
06-11 10:35:11.782  9703 27353 E MSP-LOG-SDK-: 	at java.util.concurrent.ThreadPoolExecutor$Worker.run(ThreadPoolExecutor.java:651)
06-11 10:35:11.782  9703 27353 E MSP-LOG-SDK-: 	at java.lang.Thread.run(Thread.java:1119)
06-11 10:35:11.783  4639  8514 D NetworkService[1]: getIfIndexByNetid netId:194,ifName:wlan0,ifIndex:30
06-11 10:35:11.785  1460  1493 W AppInfo : app info parse uri fail. uri: content://com.nearme.instant.platform.res/com.coloros.gamespaceui.quickapp.guide/manifest.json##Throwable##java.io.FileNotFoundException: open failed: ENOENT (No such file or directory)
06-11 10:35:11.785  1460  1493 W AppInfo : 	at android.os.ParcelFileDescriptor.openInternal(ParcelFileDescriptor.java:356)
06-11 10:35:11.785  1460  1493 W AppInfo : 	at android.os.ParcelFileDescriptor.open(ParcelFileDescriptor.java:233)
06-11 10:35:11.785  1460  1493 W AppInfo : 	at org.hapjs.cache.CacheProvider.doOpenFile(SourceFile:56)
06-11 10:35:11.785  1460  1493 W AppInfo : 	at org.hapjs.AbstractContentProvider.openFile(SourceFile:4)
06-11 10:35:11.785  1460  1493 W AppInfo : 	at android.content.ContentProvider.openAssetFile(ContentProvider.java:2326)
06-11 10:35:11.785  1460  1493 W AppInfo : 	at org.hapjs.AbstractContentProvider.doOpenAssetFile(SourceFile:1)
06-11 10:35:11.785  1460  1493 W AppInfo : 	at org.hapjs.cache.CacheProvider.doOpenAssetFile(SourceFile:74)
06-11 10:35:11.785  1460  1493 W AppInfo : 	at org.hapjs.AbstractContentProvider.openAssetFile(SourceFile:4)
06-11 10:35:11.785  1460  1493 W AppInfo : 	at android.content.ContentProvider.openTypedAssetFile(ContentProvider.java:2504)
06-11 10:35:11.785  1460  1493 W AppInfo : 	at android.content.ContentProvider.openTypedAssetFile(ContentProvider.java:2571)
06-11 10:35:11.785  1460  1493 W AppInfo : 	at android.content.ContentProvider$Transport.openTypedAssetFile(ContentProvider.java:692)
06-11 10:35:11.785  1460  1493 W AppInfo : 	at android.content.ContentResolver.openTypedAssetFileDescriptor(ContentResolver.java:2097)
06-11 10:35:11.785  1460  1493 W AppInfo : 	at android.content.ContentResolver.openAssetFileDescriptor(ContentResolver.java:1912)
06-11 10:35:11.785  1460  1493 W AppInfo : 	at android.content.ContentResolver.openInputStream(ContentResolver.java:1582)
06-11 10:35:11.785  1460  1493 W AppInfo : 	at org.hapjs.model.AppInfo.fromUri(SourceFile:7)
06-11 10:35:11.785  1460  1493 W AppInfo : 	at org.hapjs.model.AppInfo.create(SourceFile:105)
06-11 10:35:11.785  1460  1493 W AppInfo : 	at org.hapjs.bridge.DefaultAppInfoProvider.create(SourceFile:1)
06-11 10:35:11.785  1460  1493 W AppInfo : 	at a.a.a.nl0.g(SourceFile:58)
06-11 10:35:11.785  1460  1493 W AppInfo : 	at a.a.a.nl0.e(SourceFile:2)
06-11 10:35:11.785  1460  1493 W AppInfo : 	at a.a.a.rp6.d(SourceFile:22)
06-11 10:35:11.785  1460  1493 W AppInfo : 	at a.a.a.rp6.c(SourceFile:52)
06-11 10:35:11.785  1460  1493 W AppInfo : 	at com.nearme.instant.card.SharedDataProvider.setOrUpdateSharedDataInner(SourceFile:48)
06-11 10:35:11.785  1460  1493 W AppInfo : 	at com.nearme.instant.card.SharedDataProvider.setOrUpdateSharedData(SourceFile:61)
06-11 10:35:11.785  1460  1493 W AppInfo : 	at com.nearme.instant.card.SharedDataProvider.doCall(SourceFile:46)
06-11 10:35:11.785  1460  1493 W AppInfo : 	at org.hapjs.AbstractContentProvider.call(SourceFile:4)
06-11 10:35:11.785  1460  1493 W AppInfo : 	at android.content.ContentProvider.call(ContentProvider.java:2773)
06-11 10:35:11.785  1460  1493 W AppInfo : 	at android.content.ContentProvider$Transport.call(ContentProvider.java:653)
06-11 10:35:11.785  1460  1493 W AppInfo : 	at android.content.ContentProviderNative.onTransact(ContentProviderNative.java:307)
06-11 10:35:11.785  1460  1493 W AppInfo : 	at android.os.Binder.execTransactInternal(Binder.java:1444)
06-11 10:35:11.785  1460  1493 W AppInfo : 	at android.os.Binder.execTransact(Binder.java:1378)
06-11 10:35:11.785  1460  1493 E PermissionVerifier: card rpk not exists
06-11 10:35:11.785  1460  1493 W PermissionVerifier: checkWritePermission writer: com.oplus.games not in rpk: com.coloros.gamespaceui.quickapp.guide allowed list
06-11 10:35:11.786  1460  1493 W SharedDataProvider: setOrUpdateSharedData no permissions!
06-11 10:35:11.786 27947  1358 W GameSpaceUI.gs_DesktopCardServiceImpl: set assistant_desktop_card_click_interact = 2 success expire 86400000
06-11 10:35:11.786 27947  1358 I GameSpaceUI.TrackService: getPluginConfigAppId -1, currentPkgName: 
06-11 10:35:11.788 19629 19687 I DMP-PowerUtils: isLowPower, battery:100, low power threshold:20
06-11 10:35:11.791  9703 27352 I MSP-LOG-SDK-MspSdk: Sdk has initialized! version:2.0.1.14
06-11 10:35:11.792  9703 27352 E MSP-LOG-SDK-RateLimitManager: not_allow_invoke because of time_window_not_allow queue = [1781143250917], config = RateLimitConfig{maxCalls=1, timeWindowSeconds=7200, callIntervalSeconds=0}, ipcInvokeTimeQueueMapKey = com.heytap.nearx.tangramconfig.kit.client.ICloudCtrlServiceModule?@?56589?@?4?@?com.heytap.quicksearchbox, has already call 1 times in 7200 seconds before
06-11 10:35:11.792  9703 27352 E MSP-LOG-SDK-: MspSdkException{code=3014,message=com.heytap.mspsdk.ratelimit.MspRateLimitExceededException: ipc rate limit exceeded in time window}
06-11 10:35:11.792  9703 27352 E MSP-LOG-SDK-: 	at com.heytap.mspsdk.ratelimit.b.a(RateLimitInterceptor.java:54)
06-11 10:35:11.792  9703 27352 E MSP-LOG-SDK-: 	at com.heytap.mspsdk.interceptor.b.b(StandardListChain.java:32)
06-11 10:35:11.792  9703 27352 E MSP-LOG-SDK-: 	at com.heytap.mspsdk.proxy.b.a(CompatCheckInterceptor.java:182)
06-11 10:35:11.792  9703 27352 E MSP-LOG-SDK-: 	at com.heytap.mspsdk.interceptor.b.b(StandardListChain.java:32)
06-11 10:35:11.792  9703 27352 E MSP-LOG-SDK-: 	at com.heytap.mspsdk.proxy.e.invoke(InnerInvocationHandler.java:261)
06-11 10:35:11.792  9703 27352 E MSP-LOG-SDK-: 	at java.lang.reflect.Proxy.invoke(Proxy.java:1006)
06-11 10:35:11.792  9703 27352 E MSP-LOG-SDK-: 	at $Proxy31.checkUpdateConfig(Unknown Source)
06-11 10:35:11.792  9703 27352 E MSP-LOG-SDK-: 	at com.heytap.nearx.tangramconfig.kit.client.KitProxy.checkUpdateConfig$lambda$3(KitProxy.kt:20)
06-11 10:35:11.792  9703 27352 E MSP-LOG-SDK-: 	at com.heytap.nearx.tangramconfig.kit.client.KitProxy.d(KitProxy.kt:1)
06-11 10:35:11.792  9703 27352 E MSP-LOG-SDK-: 	at com.heytap.nearx.tangramconfig.kit.client.e.run(R8$$SyntheticClass:30)
06-11 10:35:11.792  9703 27352 E MSP-LOG-SDK-: 	at java.util.concurrent.ThreadPoolExecutor.runWorker(ThreadPoolExecutor.java:1156)
06-11 10:35:11.792  9703 27352 E MSP-LOG-SDK-: 	at java.util.concurrent.ThreadPoolExecutor$Worker.run(ThreadPoolExecutor.java:651)
06-11 10:35:11.792  9703 27352 E MSP-LOG-SDK-: 	at java.lang.Thread.run(Thread.java:1119)
06-11 10:35:11.792  9703 27360 I MSP-LOG-SDK-MspSdk: Sdk has initialized! version:2.0.1.14
06-11 10:35:11.792 26764 30337 E WeatherS_PrivacyStatementExport: isAgreed1
06-11 10:35:11.792  9703 27360 E MSP-LOG-SDK-RateLimitManager: not_allow_invoke because of time_window_not_allow queue = [1781143250916], config = RateLimitConfig{maxCalls=1, timeWindowSeconds=21600, callIntervalSeconds=0}, ipcInvokeTimeQueueMapKey = com.heytap.nearx.tangramconfig.kit.client.ICloudCtrlServiceModule?@?56589?@?1?@?com.heytap.quicksearchbox, has already call 1 times in 21600 seconds before
06-11 10:35:11.792  9703 27360 E MSP-LOG-SDK-: MspSdkException{code=3014,message=com.heytap.mspsdk.ratelimit.MspRateLimitExceededException: ipc rate limit exceeded in time window}
06-11 10:35:11.792  9703 27360 E MSP-LOG-SDK-: 	at com.heytap.mspsdk.ratelimit.b.a(RateLimitInterceptor.java:54)
06-11 10:35:11.792  9703 27360 E MSP-LOG-SDK-: 	at com.heytap.mspsdk.interceptor.b.b(StandardListChain.java:32)
06-11 10:35:11.792  9703 27360 E MSP-LOG-SDK-: 	at com.heytap.mspsdk.proxy.b.a(CompatCheckInterceptor.java:182)
06-11 10:35:11.792  9703 27360 E MSP-LOG-SDK-: 	at com.heytap.mspsdk.interceptor.b.b(StandardListChain.java:32)
06-11 10:35:11.792  9703 27360 E MSP-LOG-SDK-: 	at com.heytap.mspsdk.proxy.e.invoke(InnerInvocationHandler.java:261)
06-11 10:35:11.792  9703 27360 E MSP-LOG-SDK-: 	at java.lang.reflect.Proxy.invoke(Proxy.java:1006)
06-11 10:35:11.792  9703 27360 E MSP-LOG-SDK-: 	at $Proxy31.getDynamicCondition(Unknown Source)
06-11 10:35:11.792  9703 27360 E MSP-LOG-SDK-: 	at com.heytap.nearx.tangramconfig.kit.client.KitProxy.getDynamicCondition$lambda$0(KitProxy.kt:25)
06-11 10:35:11.792  9703 27360 E MSP-LOG-SDK-: 	at com.heytap.nearx.tangramconfig.kit.client.KitProxy.b(KitProxy.kt:1)
06-11 10:35:11.792  9703 27360 E MSP-LOG-SDK-: 	at com.heytap.nearx.tangramconfig.kit.client.b.run(R8$$SyntheticClass:28)
06-11 10:35:11.792  9703 27360 E MSP-LOG-SDK-: 	at java.util.concurrent.ThreadPoolExecutor.runWorker(ThreadPoolExecutor.java:1156)
06-11 10:35:11.792  9703 27360 E MSP-LOG-SDK-: 	at java.util.concurrent.ThreadPoolExecutor$Worker.run(ThreadPoolExecutor.java:651)
06-11 10:35:11.792  9703 27360 E MSP-LOG-SDK-: 	at java.lang.Thread.run(Thread.java:1119)
06-11 10:35:11.793 11083 11791 D CloudConfig_stgyHelper: mspVersionCanSupport mspKitVersion : 2021620
06-11 10:35:11.797  1699  1958 D IRIS_LOG_SERV: panelReadWrite: type 255 set color matrix
06-11 10:35:11.799  1699  2116 D IRIS_LOG_SERV: InternalConfig: 191 0
06-11 10:35:11.799  1699  2116 D IRIS_LOG_SERV: InternalConfig: 191 0 ret: 0
06-11 10:35:11.800 26764 30337 W WeatherS_ApkSignedCheck: checkCertificateWhiteList: not in inWhiteListcom.coloros.weather.service
06-11 10:35:11.801 11083 11791 D CloudConfig_stgyHelper: getSupportKitMode strategyEntity : StrategyEntity(sdkInterval=1800000, strategyMode=1, minSDKVersion=1000, minKitVersion=2014122, validReqPeriod=7200000, maxReqProduct=100, forceKitIfKit=false, backoff=120000, enable=true, defaultLimit=RateLimitConfig{maxCalls=1, timeWindowSeconds=7200, callIntervalSeconds=0}, productLimits={global-domain_1281=RateLimitConfig{maxCalls=1, timeWindowSeconds=7200, callIntervalSeconds=0}, 50351=RateLimitConfig{maxCalls=1, timeWindowSeconds=7200, callIntervalSeconds=0}, compass_20092=RateLimitConfig{maxCalls=1, timeWindowSeconds=7200, callIntervalSeconds=0}, global-domain_1961=RateLimitConfig{maxCalls=1, timeWindowSeconds=7200, callIntervalSeconds=0}, compass_2=RateLimitConfig{maxCalls=1, timeWindowSeconds=7200, callIntervalSeconds=0}, mdp_2047=RateLimitConfig{maxCalls=1, timeWindowSeconds=7200, callIntervalSeconds=0}, mdp_2296=RateLimitConfig{maxCalls=1, timeWindowSeconds=7200, callIntervalSeconds=0}, compass_143100=RateLimitConfig{maxCalls=1, timeWindowSeconds=7200, callIntervalSeconds=0}})
06-11 10:35:11.801 11083 11791 D CloudConfig_stgyHelper: getSupportKitMode localSdkVersion : 1227
06-11 10:35:11.802  1460  1493 W SeedlingShare: (com.oplus.games, assistant_desktop_card_click_interact) not in seeding shared white list.
06-11 10:35:11.802  1667 15952 I sensors-hal: handle_oplus_wise_rgb_event:230, wise_rgb:algo_type = 3
06-11 10:35:11.802  1667 15952 I sensors-hal: handle_oplus_wise_rgb_event:285, wise_rgb: raw_lux 521.932739, raw_cct 6377.623047, r/g/b/c: 40505.324219/35705.285156/20035.849609/90430.546875, R/G/B: 0.000000/0.000000/0.000000, brl 1529.000000, lux: 521.932739, cct: 6377.623047, ts 242709113869009, cnt 4206
06-11 10:35:11.803  1460  1493 W AppInfo : AppInfo create Uri content://com.nearme.instant.platform.res/com.coloros.gamespaceui.quickapp.library/manifest.json
06-11 10:35:11.803  1460  1493 W PackageFilesValidator: isInvalidResource: AppDistributionMeta is null
06-11 10:35:11.804 26764 30337 I WeatherS_WeatherProvider: query option: 4,callingUid: 10169,name: com.coloros.weather.service
06-11 10:35:11.808  1460  1493 W AppInfo : app info parse uri fail. uri: content://com.nearme.instant.platform.res/com.coloros.gamespaceui.quickapp.library/manifest.json##Throwable##java.io.FileNotFoundException: open failed: ENOENT (No such file or directory)
06-11 10:35:11.808  1460  1493 W AppInfo : 	at android.os.ParcelFileDescriptor.openInternal(ParcelFileDescriptor.java:356)
06-11 10:35:11.808  1460  1493 W AppInfo : 	at android.os.ParcelFileDescriptor.open(ParcelFileDescriptor.java:233)
06-11 10:35:11.808  1460  1493 W AppInfo : 	at org.hapjs.cache.CacheProvider.doOpenFile(SourceFile:56)
06-11 10:35:11.808  1460  1493 W AppInfo : 	at org.hapjs.AbstractContentProvider.openFile(SourceFile:4)
06-11 10:35:11.808  1460  1493 W AppInfo : 	at android.content.ContentProvider.openAssetFile(ContentProvider.java:2326)
06-11 10:35:11.808  1460  1493 W AppInfo : 	at org.hapjs.AbstractContentProvider.doOpenAssetFile(SourceFile:1)
06-11 10:35:11.808  1460  1493 W AppInfo : 	at org.hapjs.cache.CacheProvider.doOpenAssetFile(SourceFile:74)
06-11 10:35:11.808  1460  1493 W AppInfo : 	at org.hapjs.AbstractContentProvider.openAssetFile(SourceFile:4)
06-11 10:35:11.808  1460  1493 W AppInfo : 	at android.content.ContentProvider.openTypedAssetFile(ContentProvider.java:2504)
06-11 10:35:11.808  1460  1493 W AppInfo : 	at android.content.ContentProvider.openTypedAssetFile(ContentProvider.java:2571)
06-11 10:35:11.808  1460  1493 W AppInfo : 	at android.content.ContentProvider$Transport.openTypedAssetFile(ContentProvider.java:692)
06-11 10:35:11.808  1460  1493 W AppInfo : 	at android.content.ContentResolver.openTypedAssetFileDescriptor(ContentResolver.java:2097)
06-11 10:35:11.808  1460  1493 W AppInfo : 	at android.content.ContentResolver.openAssetFileDescriptor(ContentResolver.java:1912)
06-11 10:35:11.808  1460  1493 W AppInfo : 	at android.content.ContentResolver.openInputStream(ContentResolver.java:1582)
06-11 10:35:11.808  1460  1493 W AppInfo : 	at org.hapjs.model.AppInfo.fromUri(SourceFile:7)
06-11 10:35:11.808  1460  1493 W AppInfo : 	at org.hapjs.model.AppInfo.create(SourceFile:105)
06-11 10:35:11.808  1460  1493 W AppInfo : 	at org.hapjs.bridge.DefaultAppInfoProvider.create(SourceFile:1)
06-11 10:35:11.808  1460  1493 W AppInfo : 	at a.a.a.nl0.g(SourceFile:58)
06-11 10:35:11.808  1460  1493 W AppInfo : 	at a.a.a.nl0.e(SourceFile:2)
06-11 10:35:11.808  1460  1493 W AppInfo : 	at a.a.a.rp6.d(SourceFile:22)
06-11 10:35:11.808  1460  1493 W AppInfo : 	at a.a.a.rp6.c(SourceFile:52)
06-11 10:35:11.808  1460  1493 W AppInfo : 	at com.nearme.instant.card.SharedDataProvider.setOrUpdateSharedDataInner(SourceFile:48)
06-11 10:35:11.808  1460  1493 W AppInfo : 	at com.nearme.instant.card.SharedDataProvider.setOrUpdateSharedData(SourceFile:61)
06-11 10:35:11.808  1460  1493 W AppInfo : 	at com.nearme.instant.card.SharedDataProvider.doCall(SourceFile:46)
06-11 10:35:11.808  1460  1493 W AppInfo : 	at org.hapjs.AbstractContentProvider.call(SourceFile:4)
06-11 10:35:11.808  1460  1493 W AppInfo : 	at android.content.ContentProvider.call(ContentProvider.java:2773)
06-11 10:35:11.808  1460  1493 W AppInfo : 	at android.content.ContentProvider$Transport.call(ContentProvider.java:653)
06-11 10:35:11.808  1460  1493 W AppInfo : 	at android.content.ContentProviderNative.onTransact(ContentProviderNative.java:307)
06-11 10:35:11.808  1460  1493 W AppInfo : 	at android.os.Binder.execTransactInternal(Binder.java:1444)
06-11 10:35:11.808  1460  1493 W AppInfo : 	at android.os.Binder.execTransact(Binder.java:1378)
06-11 10:35:11.808  1460  1493 E PermissionVerifier: card rpk not exists
06-11 10:35:11.808  1460  1493 W PermissionVerifier: checkWritePermission writer: com.oplus.games not in rpk: com.coloros.gamespaceui.quickapp.library allowed list
06-11 10:35:11.808  1460  1493 W SharedDataProvider: setOrUpdateSharedData no permissions!
06-11 10:35:11.809  6716  7357 I SG::UmsScanner: queryAccessPackages list.size 185,localApkSet = [com.android.incallui, com.oplus.linker, com.oplus.wirelesssettings, com.coloros.soundrecorder, com.heytap.mydevices, com.coloros.oshare, com.oplus.ipemanager, com.coloros.accessibilityassistant, com.oplus.screenrecorder, com.nearme.instant.platform, com.heytap.health, com.coloros.operationManual, com.coloros.sceneservice, com.coloros.weather2, com.oplus.secondaryhome, com.oplus.melody, com.oplus.dialer, com.coloros.alarmclock, com.oplus.padconnect, com.oneplus.soundrecorder, com.oneplus.deskclock, com.oplus.seedling.media, com.oplus.battery, com.oplus.gesture, com.redteamobile.roaming, com.oplus.safecenter, com.oplus.ocar, com.android.phone, com.oplus.mediacontroller, com.heytap.accessory, com.coloros.backuprestore, com.coloros.securepay, com.android.systemui, com.heytap.opluscarlink, com.coloros.floatassistant, com.finshell.wallet, com.oplus.pantanal.ums, com.oplus.seedlingdemomode, com.oplus.securitypermission, com.oplus.eyeprotect, com.coloros.gallery3d, com.oplus.remotecontrol, com.coloros.scenemode, com.coloros.codebook, com.oplus.exsystemservice, com.coloros.colordirectservice, com.oplus.matrix, com.oplus.smartmediacontroller, com.coloros.phonemanager, com.oplus.wallpapers, com.heytap.mcs, com.oplus.aimemory, com.oplus.camera, com.coloros.calendar, com.oplus.gleanerservice, com.heytap.speechassist, com.oplus.nas, com.oplus.aipaint, com.oplus.devicesettings, com.opos.ads, com.oplus.ebadge, com.coloros.translate, com.oplus.metis] [base|com.oplus.pantanal.ums|2.0.44-25e9612]
06-11 10:35:11.810 11083 11732 D CloudConfig_stgyHelper: mspVersionCanSupport mspKitVersion : 2021620
06-11 10:35:11.813 30334 30510 I JniHttpHelper: httpGet OK: https://webst04.is.autonavi.com/appmaptile?style=6&x=1&y=2&z=3 -> 11514 bytes
06-11 10:35:11.813 27947  1358 W GameSpaceUI.gs_DesktopCardServiceImpl: set assistant_cta_switch_state = 1 success expire 2592000000
06-11 10:35:11.814 30334 30527 I JniHttpHelper: httpGet called: https://webst04.is.autonavi.com/appmaptile?style=6&x=1629&y=846&z=11
06-11 10:35:11.818  6716  7357 I SG::UmsScanner: accessPackageInfos size:0
06-11 10:35:11.822 26764 30337 I WeatherS_AbsLocationHelper: endWithResult(): not need update weather,not arrive update time.
06-11 10:35:11.824 30334 30510 I AndroidBridge: Decoded image 256x256 from 11514 bytes
06-11 10:35:11.825 27947  1358 I GameSpaceUI.TrackService: getPluginConfigAppId -1, currentPkgName: 
06-11 10:35:11.826  6716 29458 I SG::StaticManager[RepositoryManager]: getCardInfoModifyTime.
06-11 10:35:11.828  1460  1493 W SeedlingShare: (com.oplus.games, assistant_cta_switch_state) not in seeding shared white list.
06-11 10:35:11.829  1460  1493 W AppInfo : AppInfo create Uri content://com.nearme.instant.platform.res/com.coloros.gamespaceui.quickapp.guide/manifest.json
06-11 10:35:11.829 30334 30334 I BasemapLayer: Tile uploaded: 3/1/2 256x256
06-11 10:35:11.830  1460  1493 W PackageFilesValidator: isInvalidResource: AppDistributionMeta is null
06-11 10:35:11.832  1460  1493 W AppInfo : app info parse uri fail. uri: content://com.nearme.instant.platform.res/com.coloros.gamespaceui.quickapp.guide/manifest.json##Throwable##java.io.FileNotFoundException: open failed: ENOENT (No such file or directory)
06-11 10:35:11.832  1460  1493 W AppInfo : 	at android.os.ParcelFileDescriptor.openInternal(ParcelFileDescriptor.java:356)
06-11 10:35:11.832  1460  1493 W AppInfo : 	at android.os.ParcelFileDescriptor.open(ParcelFileDescriptor.java:233)
06-11 10:35:11.832  1460  1493 W AppInfo : 	at org.hapjs.cache.CacheProvider.doOpenFile(SourceFile:56)
06-11 10:35:11.832  1460  1493 W AppInfo : 	at org.hapjs.AbstractContentProvider.openFile(SourceFile:4)
06-11 10:35:11.832  1460  1493 W AppInfo : 	at android.content.ContentProvider.openAssetFile(ContentProvider.java:2326)
06-11 10:35:11.832  1460  1493 W AppInfo : 	at org.hapjs.AbstractContentProvider.doOpenAssetFile(SourceFile:1)
06-11 10:35:11.832  1460  1493 W AppInfo : 	at org.hapjs.cache.CacheProvider.doOpenAssetFile(SourceFile:74)
06-11 10:35:11.832  1460  1493 W AppInfo : 	at org.hapjs.AbstractContentProvider.openAssetFile(SourceFile:4)
06-11 10:35:11.832  1460  1493 W AppInfo : 	at android.content.ContentProvider.openTypedAssetFile(ContentProvider.java:2504)
06-11 10:35:11.832  1460  1493 W AppInfo : 	at android.content.ContentProvider.openTypedAssetFile(ContentProvider.java:2571)
06-11 10:35:11.832  1460  1493 W AppInfo : 	at android.content.ContentProvider$Transport.openTypedAssetFile(ContentProvider.java:692)
06-11 10:35:11.832  1460  1493 W AppInfo : 	at android.content.ContentResolver.openTypedAssetFileDescriptor(ContentResolver.java:2097)
06-11 10:35:11.832  1460  1493 W AppInfo : 	at android.content.ContentResolver.openAssetFileDescriptor(ContentResolver.java:1912)
06-11 10:35:11.832  1460  1493 W AppInfo : 	at android.content.ContentResolver.openInputStream(ContentResolver.java:1582)
06-11 10:35:11.832  1460  1493 W AppInfo : 	at org.hapjs.model.AppInfo.fromUri(SourceFile:7)
06-11 10:35:11.832  1460  1493 W AppInfo : 	at org.hapjs.model.AppInfo.create(SourceFile:105)
06-11 10:35:11.832  1460  1493 W AppInfo : 	at org.hapjs.bridge.DefaultAppInfoProvider.create(SourceFile:1)
06-11 10:35:11.832  1460  1493 W AppInfo : 	at a.a.a.nl0.g(SourceFile:58)
06-11 10:35:11.832  1460  1493 W AppInfo : 	at a.a.a.nl0.e(SourceFile:2)
06-11 10:35:11.832  1460  1493 W AppInfo : 	at a.a.a.rp6.d(SourceFile:22)
06-11 10:35:11.832  1460  1493 W AppInfo : 	at a.a.a.rp6.c(SourceFile:52)
06-11 10:35:11.832  1460  1493 W AppInfo : 	at com.nearme.instant.card.SharedDataProvider.setOrUpdateSharedDataInner(SourceFile:48)
06-11 10:35:11.832  1460  1493 W AppInfo : 	at com.nearme.instant.card.SharedDataProvider.setOrUpdateSharedData(SourceFile:61)
06-11 10:35:11.832  1460  1493 W AppInfo : 	at com.nearme.instant.card.SharedDataProvider.doCall(SourceFile:46)
06-11 10:35:11.832  1460  1493 W AppInfo : 	at org.hapjs.AbstractContentProvider.call(SourceFile:4)
06-11 10:35:11.832  1460  1493 W AppInfo : 	at android.content.ContentProvider.call(ContentProvider.java:2773)
06-11 10:35:11.832  1460  1493 W AppInfo : 	at android.content.ContentProvider$Transport.call(ContentProvider.java:653)
06-11 10:35:11.832  1460  1493 W AppInfo : 	at android.content.ContentProviderNative.onTransact(ContentProviderNative.java:307)
06-11 10:35:11.832  1460  1493 W AppInfo : 	at android.os.Binder.execTransactInternal(Binder.java:1444)
06-11 10:35:11.832  1460  1493 W AppInfo : 	at android.os.Binder.execTransact(Binder.java:1378)
06-11 10:35:11.832  1460  1493 E PermissionVerifier: card rpk not exists
06-11 10:35:11.832  1460  1493 W PermissionVerifier: checkWritePermission writer: com.oplus.games not in rpk: com.coloros.gamespaceui.quickapp.guide allowed list
06-11 10:35:11.832  1460  1493 W SharedDataProvider: setOrUpdateSharedData no permissions!
06-11 10:35:11.833 30334 30584 I AndroidBridge: androidHttpGet: env=0xb400007a6f9b0820 gJniHttpHelperClass=0x30a6 gHttpGetMethod=0x1 url=https://webst03.is.autonavi.com/appmaptile?style=6&x=1&y=5&z=3
06-11 10:35:11.834 11083 11732 D CloudConfig_stgyHelper: getSupportKitMode strategyEntity : StrategyEntity(sdkInterval=1800000, strategyMode=1, minSDKVersion=1000, minKitVersion=2014122, validReqPeriod=7200000, maxReqProduct=100, forceKitIfKit=false, backoff=120000, enable=true, defaultLimit=RateLimitConfig{maxCalls=1, timeWindowSeconds=7200, callIntervalSeconds=0}, productLimits={global-domain_1281=RateLimitConfig{maxCalls=1, timeWindowSeconds=7200, callIntervalSeconds=0}, 50351=RateLimitConfig{maxCalls=1, timeWindowSeconds=7200, callIntervalSeconds=0}, compass_20092=RateLimitConfig{maxCalls=1, timeWindowSeconds=7200, callIntervalSeconds=0}, global-domain_1961=RateLimitConfig{maxCalls=1, timeWindowSeconds=7200, callIntervalSeconds=0}, compass_2=RateLimitConfig{maxCalls=1, timeWindowSeconds=7200, callIntervalSeconds=0}, mdp_2047=RateLimitConfig{maxCalls=1, timeWindowSeconds=7200, callIntervalSeconds=0}, mdp_2296=RateLimitConfig{maxCalls=1, timeWindowSeconds=7200, callIntervalSeconds=0}, compass_143100=RateLimitConfig{maxCalls=1, timeWindowSeconds=7200, callIntervalSeconds=0}})
06-11 10:35:11.834 11083 11732 D CloudConfig_stgyHelper: getSupportKitMode localSdkVersion : 1227
06-11 10:35:11.835 27947  1358 W GameSpaceUI.gs_DesktopCardServiceImpl: set assistant_cta_switch_state = 1 success expire 2592000000
06-11 10:35:11.835 27947  1358 I GameSpaceUI.TrackService: getPluginConfigAppId -1, currentPkgName: 
06-11 10:35:11.837  1460  1493 W SeedlingShare: (com.oplus.games, assistant_cta_switch_state) not in seeding shared white list.
06-11 10:35:11.838  1460  1493 W AppInfo : AppInfo create Uri content://com.nearme.instant.platform.res/com.coloros.gamespaceui.quickapp.library/manifest.json
06-11 10:35:11.838 19629 19687 I DMP-AbstractWorkManager: createOneTimeWorkRequest for standard_data#unified_service_invocation, method: onReceive, workName: onReceiveWork done, workRequestId:c5273a52-bcf6-411b-a5ec-14d8954e5259, expedited:false
06-11 10:35:11.838 19629 19687 I DMP-AbstractWorkManager: createOneTimeWorkRequest for standard_data#unified_service_invocation, method: onReceive, workName: completeKeywordIndexWork done, workRequestId:d00dd8f1-4510-4895-aad5-9066b7b51055, expedited:false
06-11 10:35:11.838  1460  1493 W PackageFilesValidator: isInvalidResource: AppDistributionMeta is null
06-11 10:35:11.838 19629 19687 I DMP-BusinessHandler: not file manager apk
06-11 10:35:11.843 11083 11732 D CloudConfig_stgyHelper: mspVersionCanSupport mspKitVersion : 2021620
06-11 10:35:11.844  1460  1493 W AppInfo : app info parse uri fail. uri: content://com.nearme.instant.platform.res/com.coloros.gamespaceui.quickapp.library/manifest.json##Throwable##java.io.FileNotFoundException: open failed: ENOENT (No such file or directory)
06-11 10:35:11.844  1460  1493 W AppInfo : 	at android.os.ParcelFileDescriptor.openInternal(ParcelFileDescriptor.java:356)
06-11 10:35:11.844  1460  1493 W AppInfo : 	at android.os.ParcelFileDescriptor.open(ParcelFileDescriptor.java:233)
06-11 10:35:11.844  1460  1493 W AppInfo : 	at org.hapjs.cache.CacheProvider.doOpenFile(SourceFile:56)
06-11 10:35:11.844  1460  1493 W AppInfo : 	at org.hapjs.AbstractContentProvider.openFile(SourceFile:4)
06-11 10:35:11.844  1460  1493 W AppInfo : 	at android.content.ContentProvider.openAssetFile(ContentProvider.java:2326)
06-11 10:35:11.844  1460  1493 W AppInfo : 	at org.hapjs.AbstractContentProvider.doOpenAssetFile(SourceFile:1)
06-11 10:35:11.844  1460  1493 W AppInfo : 	at org.hapjs.cache.CacheProvider.doOpenAssetFile(SourceFile:74)
06-11 10:35:11.844  1460  1493 W AppInfo : 	at org.hapjs.AbstractContentProvider.openAssetFile(SourceFile:4)
06-11 10:35:11.844  1460  1493 W AppInfo : 	at android.content.ContentProvider.openTypedAssetFile(ContentProvider.java:2504)
06-11 10:35:11.844  1460  1493 W AppInfo : 	at android.content.ContentProvider.openTypedAssetFile(ContentProvider.java:2571)
06-11 10:35:11.844  1460  1493 W AppInfo : 	at android.content.ContentProvider$Transport.openTypedAssetFile(ContentProvider.java:692)
06-11 10:35:11.844  1460  1493 W AppInfo : 	at android.content.ContentResolver.openTypedAssetFileDescriptor(ContentResolver.java:2097)
06-11 10:35:11.844  1460  1493 W AppInfo : 	at android.content.ContentResolver.openAssetFileDescriptor(ContentResolver.java:1912)
06-11 10:35:11.844  1460  1493 W AppInfo : 	at android.content.ContentResolver.openInputStream(ContentResolver.java:1582)
06-11 10:35:11.844  1460  1493 W AppInfo : 	at org.hapjs.model.AppInfo.fromUri(SourceFile:7)
06-11 10:35:11.844  1460  1493 W AppInfo : 	at org.hapjs.model.AppInfo.create(SourceFile:105)
06-11 10:35:11.844  1460  1493 W AppInfo : 	at org.hapjs.bridge.DefaultAppInfoProvider.create(SourceFile:1)
06-11 10:35:11.844  1460  1493 W AppInfo : 	at a.a.a.nl0.g(SourceFile:58)
06-11 10:35:11.844  1460  1493 W AppInfo : 	at a.a.a.nl0.e(SourceFile:2)
06-11 10:35:11.844  1460  1493 W AppInfo : 	at a.a.a.rp6.d(SourceFile:22)
06-11 10:35:11.844  1460  1493 W AppInfo : 	at a.a.a.rp6.c(SourceFile:52)
06-11 10:35:11.844  1460  1493 W AppInfo : 	at com.nearme.instant.card.SharedDataProvider.setOrUpdateSharedDataInner(SourceFile:48)
06-11 10:35:11.844  1460  1493 W AppInfo : 	at com.nearme.instant.card.SharedDataProvider.setOrUpdateSharedData(SourceFile:61)
06-11 10:35:11.844  1460  1493 W AppInfo : 	at com.nearme.instant.card.SharedDataProvider.doCall(SourceFile:46)
06-11 10:35:11.844  1460  1493 W AppInfo : 	at org.hapjs.AbstractContentProvider.call(SourceFile:4)
06-11 10:35:11.844  1460  1493 W AppInfo : 	at android.content.ContentProvider.call(ContentProvider.java:2773)
06-11 10:35:11.844  1460  1493 W AppInfo : 	at android.content.ContentProvider$Transport.call(ContentProvider.java:653)
06-11 10:35:11.844  1460  1493 W AppInfo : 	at android.content.ContentProviderNative.onTransact(ContentProviderNative.java:307)
06-11 10:35:11.844  1460  1493 W AppInfo : 	at android.os.Binder.execTransactInternal(Binder.java:1444)
06-11 10:35:11.844  1460  1493 W AppInfo : 	at android.os.Binder.execTransact(Binder.java:1378)
06-11 10:35:11.845  1460  1493 E PermissionVerifier: card rpk not exists
06-11 10:35:11.845  1460  1493 W PermissionVerifier: checkWritePermission writer: com.oplus.games not in rpk: com.coloros.gamespaceui.quickapp.library allowed list
06-11 10:35:11.845  1460  1493 W SharedDataProvider: setOrUpdateSharedData no permissions!
06-11 10:35:11.845 27947  1358 W GameSpaceUI.gs_DesktopCardServiceImpl: set assistant_game_icon_hide_switch_state = 0 success expire 86400000
06-11 10:35:11.846 27947  1358 I GameSpaceUI.TrackService: getPluginConfigAppId -1, currentPkgName: 
06-11 10:35:11.846 30334 30526 I JniHttpHelper: httpGet OK: https://webst03.is.autonavi.com/appmaptile?style=6&x=3&y=3&z=3 -> 4384 bytes
06-11 10:35:11.846 30334 30535 I JniHttpHelper: httpGet called: https://webst01.is.autonavi.com/appmaptile?style=6&x=1630&y=846&z=11
06-11 10:35:11.847 27947  6660 W GameSpaceUI.COSASDKManager: acquireCOSAAppInfoListFromCOSA: true,[n60.a@7509fa8, n60.a@1e95ac1, n60.a@c48a266, n60.a@d4c69a7, n60.a@fe40e54, n60.a@96fe1fd, n60.a@22c7ef2, n60.a@ccbf943, n60.a@59dbbc0, n60.a@9dda0f9, n60.a@3ff983e, n60.a@22ae69f, n60.a@c82d3ec, n60.a@4ce53b5, n60.a@c58fa4a, n60.a@d614dbb, n60.a@1bf42d8, n60.a@fdd7631, n60.a@6347116, n60.a@bcd0a97, n60.a@751b484, n60.a@4e2446d, n60.a@e7e88a2, n60.a@8cdb933, n60.a@e7794f0, n60.a@9ebba69, n60.a@2608cee, n60.a@c20b58f, n60.a@cd9101c, n60.a@cfc9425, n60.a@64c89fa, n60.a@1fd1bab, n60.a@8751208, n60.a@f874da1, n60.a@1c94bc6, n60.a@8efc787, n60.a@64d46b4, n60.a@daa22dd, n60.a@bfe5e52, n60.a@1775523, n60.a@7d21a20, n60.a@d2b0fd9, n60.a@5000d9e, n60.a@b60207f, n60.a@30eb84c, n60.a@33d095, n60.a@7db65aa, n60.a@ce0459b, n60.a@1950d38, n60.a@7cde111, n60.a@1623276, n60.a@f73a077, n60.a@229c4e4, n60.a@21e7d4d, n60.a@7b70002, n60.a@e77cd13, n60.a@9304b50, n60.a@62a149, n60.a@e991a4e, n60.a@388276f, n60.a@bd6cc7c, n60.a@ab0905, n60.a@4708d5a, n60.a@c99cb8b, n60.a@2023468, n60.a@7583081, n60.a@41a2526, n60.a@7d79567, n60.a@afa2f14, n60.a@45653bd, n60.a@7736db2, n60.a@13e2103, n60.a@d52880, n60.a@196eb9, n60.a@6a6b2fe, n60.a@df7ca5f, n60.a@6a44cac, n60.a@c593d75, n60.a@37010a, n60.a@178ad7b, n60.a@d5f8798, n60.a@48d3bf1, n60.a@5cc23d6, n60.a@85aa657, n60.a@b918544, n60.a@a28a62d, n60.a@9bea762, n60.a@4f950f3, n60.a@3c3b1b0, n60.a@8967829, n60.a@963d7ae, n60.a@9ce094f, n60.a@5aa38dc, n60.a@cf56de5, n60.a@19c0ba, n60.a@d8beb6b, n60.a@61006c8, n60.a@d940361, n60.a@f132e86]
06-11 10:35:11.848  3189  4441 I NativeFreezeManager: Get dex2oat pid more than 3 times
06-11 10:35:11.849 27947  6660 I GameSpaceUI.AccessControlHelper: getAccessControlAppsInfo Success  accessApps: null
06-11 10:35:11.850 27947  6660 I GameSpaceUI.COSASDKManager: getManagerInfoListNoTimeOut_1781145311849 getPrintAppInfoString AppInfo{mPackageName='com.quark.browser', mType=7, mUserMarkType=-1}
06-11 10:35:11.850 30334 30540 I JniHttpHelper: httpGet OK: https://webst03.is.autonavi.com/appmaptile?style=6&x=1630&y=848&z=11 -> 33567 bytes
06-11 10:35:11.850 27947  6660 I GameSpaceUI.COSASDKManager: getManagerInfoListNoTimeOut_1781145311849 getPrintAppInfoString AppInfo{mPackageName='com.wuba.zhuanzhuan', mType=7, mUserMarkType=-1}
06-11 10:35:11.850 27947  6660 I GameSpaceUI.COSASDKManager: getManagerInfoListNoTimeOut_1781145311849 getPrintAppInfoString AppInfo{mPackageName='com.ss.android.ugc.sicily_cm', mType=7, mUserMarkType=-1}
06-11 10:35:11.850 27947  6660 I GameSpaceUI.COSASDKManager: getManagerInfoListNoTimeOut_1781145311849 getPrintAppInfoString AppInfo{mPackageName='com.example.gnsssatdemo', mType=7, mUserMarkType=-1}
06-11 10:35:11.850 27947  6660 I GameSpaceUI.COSASDKManager: getManagerInfoListNoTimeOut_1781145311849 getPrintAppInfoString AppInfo{mPackageName='com.example.findmapbox', mType=7, mUserMarkType=-1}
06-11 10:35:11.850 27947  6660 I GameSpaceUI.COSASDKManager: getManagerInfoListNoTimeOut_1781145311849 getPrintAppInfoString AppInfo{mPackageName='com.finshell.wallet', mType=7, mUserMarkType=-1}
06-11 10:35:11.850 27947  6660 I GameSpaceUI.COSASDKManager: getManagerInfoListNoTimeOut_1781145311849 getPrintAppInfoString AppInfo{mPackageName='com.tmri.app.main', mType=7, mUserMarkType=-1}
06-11 10:35:11.850 30334 30536 I JniHttpHelper: httpGet called: https://webst02.is.autonavi.com/appmaptile?style=6&x=1630&y=847&z=11
06-11 10:35:11.850 27947  6660 I GameSpaceUI.COSASDKManager: getManagerInfoListNoTimeOut_1781145311849 getPrintAppInfoString AppInfo{mPackageName='com.sankuai.meituan', mType=7, mUserMarkType=-1}
06-11 10:35:11.850 27947  6660 I GameSpaceUI.COSASDKManager: getManagerInfoListNoTimeOut_1781145311849 getPrintAppInfoString AppInfo{mPackageName='com.youku.phone', mType=7, mUserMarkType=-1}
06-11 10:35:11.850 27947  6660 I GameSpaceUI.COSASDKManager: getManagerInfoListNoTimeOut_1781145311849 getPrintAppInfoString AppInfo{mPackageName='air.tv.douyu.android', mType=7, mUserMarkType=-1}
06-11 10:35:11.850 27947  6660 I GameSpaceUI.COSASDKManager: getManagerInfoListNoTimeOut_1781145311849 getPrintAppInfoString AppInfo{mPackageName='com.sinovatech.unicom.ui', mType=7, mUserMarkType=-1}
06-11 10:35:11.850 27947  6660 I GameSpaceUI.COSASDKManager: getManagerInfoListNoTimeOut_1781145311849 getPrintAppInfoString AppInfo{mPackageName='com.luna.music', mType=7, mUserMarkType=-1}
06-11 10:35:11.850 27947  6660 I GameSpaceUI.COSASDKManager: getManagerInfoListNoTimeOut_1781145311849 getPrintAppInfoString AppInfo{mPackageName='com.sohu.inputmethod.sogouoem', mType=7, mUserMarkType=-1}
06-11 10:35:11.850 27947  6660 I GameSpaceUI.COSASDKManager: getManagerInfoListNoTimeOut_1781145311849 getPrintAppInfoString AppInfo{mPackageName='com.future.landscape', mType=7, mUserMarkType=-1}
06-11 10:35:11.850 27947  6660 I GameSpaceUI.COSASDKManager: getManagerInfoListNoTimeOut_1781145311849 getPrintAppInfoString AppInfo{mPackageName='com.phoenix.read', mType=7, mUserMarkType=-1}
06-11 10:35:11.850 27947  6660 I GameSpaceUI.COSASDKManager: getManagerInfoListNoTimeOut_1781145311849 getPrintAppInfoString AppInfo{mPackageName='com.relax.calm.and', mType=7, mUserMarkType=-1}
06-11 10:35:11.850 27947  6660 I GameSpaceUI.COSASDKManager: getManagerInfoListNoTimeOut_1781145311849 getPrintAppInfoString AppInfo{mPackageName='com.ss.android.ugc.aweme.lite', mType=7, mUserMarkType=-1}
06-11 10:35:11.850 27947  6660 I GameSpaceUI.COSASDKManager: getManagerInfoListNoTimeOut_1781145311849 getPrintAppInfoString AppInfo{mPackageName='com.baidu.carlife.oppo', mType=7, mUserMarkType=-1}
06-11 10:35:11.850 27947  6660 I GameSpaceUI.COSASDKManager: getManagerInfoListNoTimeOut_1781145311849 getPrintAppInfoString AppInfo{mPackageName='space.xinzhi.flutterseek', mType=7, mUserMarkType=-1}
06-11 10:35:11.850 27947  6660 I GameSpaceUI.COSASDKManager: getManagerInfoListNoTimeOut_1781145311849 getPrintAppInfoString AppInfo{mPackageName='cmb.pb', mType=7, mUserMarkType=-1}
06-11 10:35:11.850 27947  6660 I GameSpaceUI.COSASDKManager: getManagerInfoListNoTimeOut_1781145311849 getPrintAppInfoString AppInfo{mPackageName='com.earth.bdspace', mType=7, mUserMarkType=-1}
06-11 10:35:11.850 27947  6660 I GameSpaceUI.COSASDKManager: getManagerInfoListNoTimeOut_1781145311849 getPrintAppInfoString AppInfo{mPackageName='com.aliyun.tongyi', mType=7, mUserMarkType=-1}
06-11 10:35:11.850 27947  6660 I GameSpaceUI.COSASDKManager: getManagerInfoListNoTimeOut_1781145311849 getPrintAppInfoString AppInfo{mPackageName='com.MobileTicket', mType=7, mUserMarkType=-1}
06-11 10:35:11.850 27947  6660 I GameSpaceUI.COSASDKManager: getManagerInfoListNoTimeOut_1781145311849 getPrintAppInfoString AppInfo{mPackageName='com.xingin.xhs', mType=7, mUserMarkType=-1}
06-11 10:35:11.850 27947  6660 I GameSpaceUI.COSASDKManager: getManagerInfoListNoTimeOut_1781145311849 getPrintAppInfoString AppInfo{mPackageName='com.tencent.mm', mType=7, mUserMarkType=-1}
06-11 10:35:11.850 11083 11732 D CloudConfig_stgyHelper: getSupportKitMode strategyEntity : StrategyEntity(sdkInterval=1800000, strategyMode=1, minSDKVersion=1000, minKitVersion=2014122, validReqPeriod=7200000, maxReqProduct=100, forceKitIfKit=false, backoff=120000, enable=true, defaultLimit=RateLimitConfig{maxCalls=1, timeWindowSeconds=7200, callIntervalSeconds=0}, productLimits={global-domain_1281=RateLimitConfig{maxCalls=1, timeWindowSeconds=7200, callIntervalSeconds=0}, 50351=RateLimitConfig{maxCalls=1, timeWindowSeconds=7200, callIntervalSeconds=0}, compass_20092=RateLimitConfig{maxCalls=1, timeWindowSeconds=7200, callIntervalSeconds=0}, global-domain_1961=RateLimitConfig{maxCalls=1, timeWindowSeconds=7200, callIntervalSeconds=0}, compass_2=RateLimitConfig{maxCalls=1, timeWindowSeconds=7200, callIntervalSeconds=0}, mdp_2047=RateLimitConfig{maxCalls=1, timeWindowSeconds=7200, callIntervalSeconds=0}, mdp_2296=RateLimitConfig{maxCalls=1, timeWindowSeconds=7200, callIntervalSeconds=0}, compass_143100=RateLimitConfig{maxCalls=1, timeWindowSeconds=7200, callIntervalSeconds=0}})
06-11 10:35:11.850 11083 11732 D CloudConfig_stgyHelper: getSupportKitMode localSdkVersion : 1227
06-11 10:35:11.850 27947  6660 I GameSpaceUI.COSASDKManager: getManagerInfoListNoTimeOut_1781145311849 getPrintAppInfoString AppInfo{mPackageName='com.chinamworld.bocmbci', mType=7, mUserMarkType=-1}
06-11 10:35:11.850 27947  6660 I GameSpaceUI.COSASDKManager: getManagerInfoListNoTimeOut_1781145311849 getPrintAppInfoString AppInfo{mPackageName='com.tencent.android.qqdownloader', mType=7, mUserMarkType=-1}
06-11 10:35:11.850 27947  6660 I GameSpaceUI.COSASDKManager: getManagerInfoListNoTimeOut_1781145311849 getPrintAppInfoString AppInfo{mPackageName='com.pingan.paces.ccms', mType=7, mUserMarkType=-1}
06-11 10:35:11.850 27947  6660 I GameSpaceUI.COSASDKManager: getManagerInfoListNoTimeOut_1781145311849 getPrintAppInfoString AppInfo{mPackageName='com.nqsky.rmad.dizhiyun', mType=7, mUserMarkType=-1}
06-11 10:35:11.850 27947  6660 I GameSpaceUI.COSASDKManager: getManagerInfoListNoTimeOut_1781145311849 getPrintAppInfoString AppInfo{mPackageName='com.mcswscdtnov.map', mType=7, mUserMarkType=-1}
06-11 10:35:11.850 27947  6660 I GameSpaceUI.COSASDKManager: getManagerInfoListNoTimeOut_1781145311849 getPrintAppInfoString AppInfo{mPackageName='com.baidu.searchbox', mType=7, mUserMarkType=-1}
06-11 10:35:11.850 27947  6660 I GameSpaceUI.COSASDKManager: getManagerInfoListNoTimeOut_1781145311849 getPrintAppInfoString AppInfo{mPackageName='com.wuba', mType=7, mUserMarkType=-1}
06-11 10:35:11.850 27947  6660 I GameSpaceUI.COSASDKManager: getManagerInfoListNoTimeOut_1781145311849 getPrintAppInfoString AppInfo{mPackageName='com.deepseek.chat', mType=7, mUserMarkType=-1}
06-11 10:35:11.851 27947  6660 I GameSpaceUI.COSASDKManager: getManagerInfoListNoTimeOut_1781145311849 getPrintAppInfoString AppInfo{mPackageName='com.cat.readall', mType=7, mUserMarkType=-1}
06-11 10:35:11.851 27947  6660 I GameSpaceUI.COSASDKManager: getManagerInfoListNoTimeOut_1781145311849 getPrintAppInfoString AppInfo{mPackageName='com.future.compass', mType=7, mUserMarkType=-1}
06-11 10:35:11.851 27947  6660 I GameSpaceUI.COSASDKManager: getManagerInfoListNoTimeOut_1781145311849 getPrintAppInfoString AppInfo{mPackageName='com.HaoTuBang.H3DBodyFree', mType=7, mUserMarkType=-1}
06-11 10:35:11.851 27947  6660 I GameSpaceUI.COSASDKManager: getManagerInfoListNoTimeOut_1781145311849 getPrintAppInfoString AppInfo{mPackageName='com.jdcar.jch', mType=7, mUserMarkType=-1}
06-11 10:35:11.851 27947  6660 I GameSpaceUI.COSASDKManager: getManagerInfoListNoTimeOut_1781145311849 getPrintAppInfoString AppInfo{mPackageName='cn.wps.moffice.lite', mType=7, mUserMarkType=-1}
06-11 10:35:11.851 27947  6660 I GameSpaceUI.COSASDKManager: getManagerInfoListNoTimeOut_1781145311849 getPrintAppInfoString AppInfo{mPackageName='com.redteamobile.roaming', mType=7, mUserMarkType=-1}
06-11 10:35:11.851 27947  6660 I GameSpaceUI.COSASDKManager: getManagerInfoListNoTimeOut_1781145311849 getPrintAppInfoString AppInfo{mPackageName='com.tencent.map', mType=7, mUserMarkType=-1}
06-11 10:35:11.851 27947  6660 I GameSpaceUI.COSASDKManager: getManagerInfoListNoTimeOut_1781145311849 getPrintAppInfoString AppInfo{mPackageName='com.xunmeng.pinduoduo', mType=7, mUserMarkType=-1}
06-11 10:35:11.851 27947  6660 I GameSpaceUI.COSASDKManager: getManagerInfoListNoTimeOut_1781145311849 getPrintAppInfoString AppInfo{mPackageName='com.lolaage.tbulu.tools', mType=7, mUserMarkType=-1}
06-11 10:35:11.851 27947  6660 I GameSpaceUI.COSASDKManager: getManagerInfoListNoTimeOut_1781145311849 getPrintAppInfoString AppInfo{mPackageName='com.tencent.wework', mType=7, mUserMarkType=-1}
06-11 10:35:11.851 27947  6660 I GameSpaceUI.COSASDKManager: getManagerInfoListNoTimeOut_1781145311849 getPrintAppInfoString AppInfo{mPackageName='com.ss.android.ugc.livelite', mType=7, mUserMarkType=-1}
06-11 10:35:11.851 27947  6660 I GameSpaceUI.COSASDKManager: getManagerInfoListNoTimeOut_1781145311849 getPrintAppInfoString AppInfo{mPackageName='cn.danatech.xingseapp', mType=7, mUserMarkType=-1}
06-11 10:35:11.851 27947  6660 I GameSpaceUI.COSASDKManager: getManagerInfoListNoTimeOut_1781145311849 getPrintAppInfoString AppInfo{mPackageName='com.ss.android.article.news', mType=7, mUserMarkType=-1}
06-11 10:35:11.851 27947  6660 I GameSpaceUI.COSASDKManager: getManagerInfoListNoTimeOut_1781145311849 getPrintAppInfoString AppInfo{mPackageName='com.android.chrome', mType=7, mUserMarkType=-1}
06-11 10:35:11.851 27947  6660 I GameSpaceUI.COSASDKManager: getManagerInfoListNoTimeOut_1781145311849 getPrintAppInfoString AppInfo{mPackageName='com.UCMobile', mType=7, mUserMarkType=-1}
06-11 10:35:11.851 27947  6660 I GameSpaceUI.COSASDKManager: getManagerInfoListNoTimeOut_1781145311849 getPrintAppInfoString AppInfo{mPackageName='com.yuanlue.sportnote', mType=7, mUserMarkType=-1}
06-11 10:35:11.851 27947  6660 I GameSpaceUI.COSASDKManager: getManagerInfoListNoTimeOut_1781145311849 getPrintAppInfoString AppInfo{mPackageName='com.earthengine.minimalglobe', mType=7, mUserMarkType=-1}
06-11 10:35:11.851 27947  6660 I GameSpaceUI.COSASDKManager: getManagerInfoListNoTimeOut_1781145311849 getPrintAppInfoString AppInfo{mPackageName='com.nearme.gamecenter', mType=7, mUserMarkType=-1}
06-11 10:35:11.851 27947  6660 I GameSpaceUI.COSASDKManager: getManagerInfoListNoTimeOut_1781145311849 getPrintAppInfoString AppInfo{mPackageName='com.ss.android.ugc.aweme', mType=7, mUserMarkType=-1}
06-11 10:35:11.851 27947  6660 I GameSpaceUI.COSASDKManager: getManagerInfoListNoTimeOut_1781145311849 getPrintAppInfoString AppInfo{mPackageName='com.tencent.mobileqq', mType=7, mUserMarkType=-1}
06-11 10:35:11.851 27947  6660 I GameSpaceUI.COSASDKManager: getManagerInfoListNoTimeOut_1781145311849 getPrintAppInfoString AppInfo{mPackageName='com.ss.android.auto', mType=7, mUserMarkType=-1}
06-11 10:35:11.851 27947  6660 I GameSpaceUI.COSASDKManager: getManagerInfoListNoTimeOut_1781145311849 getPrintAppInfoString AppInfo{mPackageName='com.ss.android.lark', mType=7, mUserMarkType=-1}
06-11 10:35:11.851 27947  6660 I GameSpaceUI.COSASDKManager: getManagerInfoListNoTimeOut_1781145311849 getPrintAppInfoString AppInfo{mPackageName='space.xinzhi.map', mType=7, mUserMarkType=-1}
06-11 10:35:11.851 27947  6660 I GameSpaceUI.COSASDKManager: getManagerInfoListNoTimeOut_1781145311849 getPrintAppInfoString AppInfo{mPackageName='com.ikang.official', mType=7, mUserMarkType=-1}
06-11 10:35:11.851 27947  6660 I GameSpaceUI.COSASDKManager: getManagerInfoListNoTimeOut_1781145311849 getPrintAppInfoString AppInfo{mPackageName='com.leihuokeji.qcshop_app', mType=7, mUserMarkType=-1}
06-11 10:35:11.851 27947  6660 I GameSpaceUI.COSASDKManager: getManagerInfoListNoTimeOut_1781145311849 getPrintAppInfoString AppInfo{mPackageName='com.ximalaya.ting.android', mType=7, mUserMarkType=-1}
06-11 10:35:11.851 27947  6660 I GameSpaceUI.COSASDKManager: getManagerInfoListNoTimeOut_1781145311849 getPrintAppInfoString AppInfo{mPackageName='cn.TuHu.android', mType=7, mUserMarkType=-1}
06-11 10:35:11.851 27947  6660 I GameSpaceUI.COSASDKManager: getManagerInfoListNoTimeOut_1781145311849 getPrintAppInfoString AppInfo{mPackageName='com.ovital.ovitalMap', mType=7, mUserMarkType=-1}
06-11 10:35:11.851 27947  6660 I GameSpaceUI.COSASDKManager: getManagerInfoListNoTimeOut_1781145311849 getPrintAppInfoString AppInfo{mPackageName='com.zhihu.android', mType=7, mUserMarkType=-1}
06-11 10:35:11.851 27947  6660 I GameSpaceUI.COSASDKManager: getManagerInfoListNoTimeOut_1781145311849 getPrintAppInfoString AppInfo{mPackageName='com.zsl.petalearth', mType=7, mUserMarkType=-1}
06-11 10:35:11.851 27947  6660 I GameSpaceUI.COSASDKManager: getManagerInfoListNoTimeOut_1781145311849 getPrintAppInfoString AppInfo{mPackageName='space.xinzhi.hiko', mType=7, mUserMarkType=-1}
06-11 10:35:11.851 27947  6660 I GameSpaceUI.COSASDKManager: getManagerInfoListNoTimeOut_1781145311849 getPrintAppInfoString AppInfo{mPackageName='com.dragon.read', mType=7, mUserMarkType=-1}
06-11 10:35:11.851 27947  6660 I GameSpaceUI.COSASDKManager: getManagerInfoListNoTimeOut_1781145311849 getPrintAppInfoString AppInfo{mPackageName='com.larus.nova', mType=7, mUserMarkType=-1}
06-11 10:35:11.851 27947  6660 I GameSpaceUI.COSASDKManager: getManagerInfoListNoTimeOut_1781145311849 getPrintAppInfoString AppInfo{mPackageName='com.coze.space', mType=7, mUserMarkType=-1}
06-11 10:35:11.851 27947  6660 I GameSpaceUI.COSASDKManager: getManagerInfoListNoTimeOut_1781145311849 getPrintAppInfoString AppInfo{mPackageName='com.jingdong.app.mall', mType=7, mUserMarkType=-1}
06-11 10:35:11.851 27947  6660 I GameSpaceUI.COSASDKManager: getManagerInfoListNoTimeOut_1781145311849 getPrintAppInfoString AppInfo{mPackageName='com.autonavi.minimap', mType=7, mUserMarkType=-1}
06-11 10:35:11.851 27947  6660 I GameSpaceUI.COSASDKManager: getManagerInfoListNoTimeOut_1781145311849 getPrintAppInfoString AppInfo{mPackageName='com.citiccard.mobilebank', mType=7, mUserMarkType=-1}
06-11 10:35:11.851 27947  6660 I GameSpaceUI.COSASDKManager: getManagerInfoListNoTimeOut_1781145311849 getPrintAppInfoString AppInfo{mPackageName='com.taobao.idlefish', mType=7, mUserMarkType=-1}
06-11 10:35:11.852 27947  6660 I GameSpaceUI.COSASDKManager: getManagerInfoListNoTimeOut_1781145311849 getPrintAppInfoString AppInfo{mPackageName='tech.xiaoxiang.emily', mType=7, mUserMarkType=-1}
06-11 10:35:11.852 27947  6660 I GameSpaceUI.COSASDKManager: getManagerInfoListNoTimeOut_1781145311849 getPrintAppInfoString AppInfo{mPackageName='com.sohu.newsclient', mType=7, mUserMarkType=-1}
06-11 10:35:11.852 27947  6660 I GameSpaceUI.COSASDKManager: getManagerInfoListNoTimeOut_1781145311849 getPrintAppInfoString AppInfo{mPackageName='space.xinzhi.cloud', mType=7, mUserMarkType=-1}
06-11 10:35:11.852 27947  6660 I GameSpaceUI.COSASDKManager: getManagerInfoListNoTimeOut_1781145311849 getPrintAppInfoString AppInfo{mPackageName='space.xinzhi.globe', mType=7, mUserMarkType=-1}
06-11 10:35:11.852 27947  6660 I GameSpaceUI.COSASDKManager: getManagerInfoListNoTimeOut_1781145311849 getPrintAppInfoString AppInfo{mPackageName='com.alibaba.android.rimet', mType=7, mUserMarkType=-1}
06-11 10:35:11.852 27947  6660 I GameSpaceUI.COSASDKManager: getManagerInfoListNoTimeOut_1781145311849 getPrintAppInfoString AppInfo{mPackageName='com.kmxs.reader', mType=7, mUserMarkType=-1}
06-11 10:35:11.852 27947  6660 I GameSpaceUI.COSASDKManager: getManagerInfoListNoTimeOut_1781145311849 getPrintAppInfoString AppInfo{mPackageName='com.autonavi.gxdtaojin', mType=7, mUserMarkType=-1}
06-11 10:35:11.852 27947  6660 I GameSpaceUI.COSASDKManager: getManagerInfoListNoTimeOut_1781145311849 getPrintAppInfoString AppInfo{mPackageName='space.xinzhi.fishing', mType=7, mUserMarkType=-1}
06-11 10:35:11.852 27947  6660 I GameSpaceUI.COSASDKManager: getManagerInfoListNoTimeOut_1781145311849 getPrintAppInfoString AppInfo{mPackageName='com.moji.mjweather', mType=7, mUserMarkType=-1}
06-11 10:35:11.852 27947  6660 I GameSpaceUI.COSASDKManager: getManagerInfoListNoTimeOut_1781145311849 getPrintAppInfoString AppInfo{mPackageName='com.android.email', mType=7, mUserMarkType=-1}
06-11 10:35:11.852 27947  6660 I GameSpaceUI.COSASDKManager: getManagerInfoListNoTimeOut_1781145311849 getPrintAppInfoString AppInfo{mPackageName='com.sina.weibo', mType=7, mUserMarkType=-1}
06-11 10:35:11.852 27947  6660 I GameSpaceUI.COSASDKManager: getManagerInfoListNoTimeOut_1781145311849 getPrintAppInfoString AppInfo{mPackageName='com.topgether.sixfoot', mType=7, mUserMarkType=-1}
06-11 10:35:11.852 27947  6660 I GameSpaceUI.COSASDKManager: getManagerInfoListNoTimeOut_1781145311849 getPrintAppInfoString AppInfo{mPackageName='com.lianjia.beike', mType=7, mUserMarkType=-1}
06-11 10:35:11.852 27947  6660 I GameSpaceUI.COSASDKManager: getManagerInfoListNoTimeOut_1781145311849 getPrintAppInfoString AppInfo{mPackageName='com.azure.authenticator', mType=7, mUserMarkType=-1}
06-11 10:35:11.852 27947  6660 I GameSpaceUI.COSASDKManager: getManagerInfoListNoTimeOut_1781145311849 getPrintAppInfoString AppInfo{mPackageName='com.smile.gifmaker', mType=7, mUserMarkType=-1}
06-11 10:35:11.852 27947  6660 I GameSpaceUI.COSASDKManager: getManagerInfoListNoTimeOut_1781145311849 getPrintAppInfoString AppInfo{mPackageName='cn.soulapp.android', mType=7, mUserMarkType=-1}
06-11 10:35:11.852 27947  6660 I GameSpaceUI.COSASDKManager: getManagerInfoListNoTimeOut_1781145311849 getPrintAppInfoString AppInfo{mPackageName='com.zdbq.ljtq.ljweather', mType=7, mUserMarkType=-1}
06-11 10:35:11.852 27947  6660 I GameSpaceUI.COSASDKManager: getManagerInfoListNoTimeOut_1781145311849 getPrintAppInfoString AppInfo{mPackageName='com.ss.android.article.video', mType=7, mUserMarkType=-1}
06-11 10:35:11.852 27947  6660 I GameSpaceUI.COSASDKManager: getManagerInfoListNoTimeOut_1781145311849 getPrintAppInfoString AppInfo{mPackageName='com.baidu.netdisk', mType=7, mUserMarkType=-1}
06-11 10:35:11.852 27947  6660 I GameSpaceUI.COSASDKManager: getManagerInfoListNoTimeOut_1781145311849 getPrintAppInfoString AppInfo{mPackageName='com.ss.android.ugc.aweme.hubble', mType=7, mUserMarkType=-1}
06-11 10:35:11.852 27947  6660 I GameSpaceUI.COSASDKManager: getManagerInfoListNoTimeOut_1781145311849 getPrintAppInfoString AppInfo{mPackageName='com.ss.android.yumme.video', mType=7, mUserMarkType=-1}
06-11 10:35:11.852 27947  6660 I GameSpaceUI.COSASDKManager: getManagerInfoListNoTimeOut_1781145311849 getPrintAppInfoString AppInfo{mPackageName='tv.danmaku.bili', mType=7, mUserMarkType=-1}
06-11 10:35:11.852 27947  6660 I GameSpaceUI.COSASDKManager: getManagerInfoListNoTimeOut_1781145311849 getPrintAppInfoString AppInfo{mPackageName='com.eg.android.AlipayGphone', mType=7, mUserMarkType=-1}
06-11 10:35:11.852 27947  6660 I GameSpaceUI.COSASDKManager: getManagerInfoListNoTimeOut_1781145311849 getPrintAppInfoString AppInfo{mPackageName='com.github.metacubex.clash.meta', mType=7, mUserMarkType=-1}
06-11 10:35:11.852 27947  6660 I GameSpaceUI.COSASDKManager: getManagerInfoListNoTimeOut_1781145311849 getPrintAppInfoString AppInfo{mPackageName='com.greenpoint.android.mc10086.activity', mType=7, mUserMarkType=-1}
06-11 10:35:11.852 27947  6660 I GameSpaceUI.COSASDKManager: getManagerInfoListNoTimeOut_1781145311849 getPrintAppInfoString AppInfo{mPackageName='com.achievo.vipshop', mType=7, mUserMarkType=-1}
06-11 10:35:11.853  1460  1493 W SeedlingShare: (com.oplus.games, assistant_game_icon_hide_switch_state) not in seeding shared white list.
06-11 10:35:11.854 30334 30540 I AndroidBridge: Decoded image 256x256 from 33567 bytes
06-11 10:35:11.854  1460  1493 W AppInfo : AppInfo create Uri content://com.nearme.instant.platform.res/com.coloros.gamespaceui.quickapp.guide/manifest.json
06-11 10:35:11.855 30334 30526 I AndroidBridge: Decoded image 256x256 from 4384 bytes
06-11 10:35:11.856  1460  1493 W PackageFilesValidator: isInvalidResource: AppDistributionMeta is null
06-11 10:35:11.857 26764 30337 I WeatherS_OplusFreezeUtil: cancelFreezeDelay result:true
06-11 10:35:11.857 26764 30337 W Weather_Location_LocationController: location condition not met, return!
06-11 10:35:11.858 30334 30537 I JniHttpHelper: httpGet OK: https://webst02.is.autonavi.com/appmaptile?style=6&x=1629&y=848&z=11 -> 36112 bytes
06-11 10:35:11.858 30334 30542 I JniHttpHelper: httpGet called: https://webst02.is.autonavi.com/appmaptile?style=6&x=1&y=4&z=3
06-11 10:35:11.858 27947  1541 W GameSpaceUI.COSASDKManager: acquireCOSAAppInfoListFromCOSA: true,[n60.a@4fbd347, n60.a@982c774, n60.a@d2c749d, n60.a@5e3ad12, n60.a@e985ce3, n60.a@dbee6e0, n60.a@5e0bd99, n60.a@7cb885e, n60.a@be9e43f, n60.a@ddb910c, n60.a@7f69a55, n60.a@9c3cc6a, n60.a@4a2855b, n60.a@d36b1f8, n60.a@85386d1, n60.a@54a4536, n60.a@f7a1c37, n60.a@520f5a4, n60.a@ab8bf0d, n60.a@bed7ec2, n60.a@cca44d3, n60.a@149c810, n60.a@3bf3f09, n60.a@798c50e, n60.a@eea5b2f, n60.a@6eb553c, n60.a@e93c2c5, n60.a@3a0241a, n60.a@c4b7b4b, n60.a@2b68928, n60.a@272c641, n60.a@a8c67e6, n60.a@7548127, n60.a@97f0fd4, n60.a@3e4857d, n60.a@4a71c72, n60.a@7fe08c3, n60.a@7a75540, n60.a@db8fc79, n60.a@3468dbe, n60.a@32e6e1f, n60.a@b4c856c, n60.a@dc3e735, n60.a@4d9c7ca, n60.a@bd5cd3b, n60.a@5328c58, n60.a@158c1b1, n60.a@db49696, n60.a@9ca0217, n60.a@c701604, n60.a@d86c7ed, n60.a@19b8622, n60.a@262a8b3, n60.a@da8e70, n60.a@f14f5e9, n60.a@a0fe26e, n60.a@ed51d0f, n60.a@832219c, n60.a@e3e07a5, n60.a@55bb77a, n60.a@c507b2b, n60.a@20dbb88, n60.a@22c7921, n60.a@a5dd146, n60.a@1d99f07, n60.a@e870834, n60.a@36865d, n60.a@d15bbd2, n60.a@7e724a3, n60.a@3a673a0, n60.a@2da2b59, n60.a@fefc31e, n60.a@dbd67ff, n60.a@d8f29cc, n60.a@4792415, n60.a@dd0f32a, n60.a@88a851b, n60.a@56b16b8, n60.a@9d4ec91, n60.a@8e317f6, n60.a@84257f7, n60.a@b16e664, n60.a@84ac0cd, n60.a@a20bd82, n60.a@e3a7c93, n60.a@d8e04d0, n60.a@3cf9cc9, n60.a@da12fce, n60.a@1864eef, n60.a@e169dfc, n60.a@ac3c85, n60.a@7a47ada, n60.a@d12eb0b, n60.a@a2d9de8, n60.a@4f91c01, n60.a@e5f6aa6, n60.a@3832ce7, n60.a@832b094, n60.a@5da773d]
06-11 10:35:11.859 27947  1541 I GameSpaceUI.AccessControlHelper: getAccessControlAppsInfo Success  accessApps: null
06-11 10:35:11.859 27947  1541 I GameSpaceUI.COSASDKManager: getManagerInfoListNoTimeOut_1781145311859 getPrintAppInfoString AppInfo{mPackageName='com.quark.browser', mType=7, mUserMarkType=-1}
06-11 10:35:11.859 27947  1541 I GameSpaceUI.COSASDKManager: getManagerInfoListNoTimeOut_1781145311859 getPrintAppInfoString AppInfo{mPackageName='com.wuba.zhuanzhuan', mType=7, mUserMarkType=-1}
06-11 10:35:11.859 27947  1541 I GameSpaceUI.COSASDKManager: getManagerInfoListNoTimeOut_1781145311859 getPrintAppInfoString AppInfo{mPackageName='com.ss.android.ugc.sicily_cm', mType=7, mUserMarkType=-1}
06-11 10:35:11.859 27947  1541 I GameSpaceUI.COSASDKManager: getManagerInfoListNoTimeOut_1781145311859 getPrintAppInfoString AppInfo{mPackageName='com.example.gnsssatdemo', mType=7, mUserMarkType=-1}
06-11 10:35:11.859 27947  1541 I GameSpaceUI.COSASDKManager: getManagerInfoListNoTimeOut_1781145311859 getPrintAppInfoString AppInfo{mPackageName='com.example.findmapbox', mType=7, mUserMarkType=-1}
06-11 10:35:11.859 27947  1541 I GameSpaceUI.COSASDKManager: getManagerInfoListNoTimeOut_1781145311859 getPrintAppInfoString AppInfo{mPackageName='com.finshell.wallet', mType=7, mUserMarkType=-1}
06-11 10:35:11.859  5227 27332 W ONET_NetMonitor: CallStart seq: 11750 retry: 0 method: POST url: https://api-cn.store.heytapmobi.com/update/global/v1/check port: 443 originDn: api-cn.store.heytapmobi.com clientIp: 113.249.239.165 httpDnsIp: 49.7.118.13
06-11 10:35:11.860  5227 27332 W ONET_NetMonitor: ConnAcquired seq: 11750 retry: 0 address: 49.7.118.13:443proxy[DIRECT] hashcode: 13589292 proto: h2 costtime: 0
06-11 10:35:11.860 27947  1541 I GameSpaceUI.COSASDKManager: getManagerInfoListNoTimeOut_1781145311859 getPrintAppInfoString AppInfo{mPackageName='com.tmri.app.main', mType=7, mUserMarkType=-1}
06-11 10:35:11.860 27947  1541 I GameSpaceUI.COSASDKManager: getManagerInfoListNoTimeOut_1781145311859 getPrintAppInfoString AppInfo{mPackageName='com.sankuai.meituan', mType=7, mUserMarkType=-1}
06-11 10:35:11.860 27947  1541 I GameSpaceUI.COSASDKManager: getManagerInfoListNoTimeOut_1781145311859 getPrintAppInfoString AppInfo{mPackageName='com.youku.phone', mType=7, mUserMarkType=-1}
06-11 10:35:11.861 27947  1541 I GameSpaceUI.COSASDKManager: getManagerInfoListNoTimeOut_1781145311859 getPrintAppInfoString AppInfo{mPackageName='air.tv.douyu.android', mType=7, mUserMarkType=-1}
06-11 10:35:11.861 27947  1541 I GameSpaceUI.COSASDKManager: getManagerInfoListNoTimeOut_1781145311859 getPrintAppInfoString AppInfo{mPackageName='com.sinovatech.unicom.ui', mType=7, mUserMarkType=-1}
06-11 10:35:11.861 27947  1541 I GameSpaceUI.COSASDKManager: getManagerInfoListNoTimeOut_1781145311859 getPrintAppInfoString AppInfo{mPackageName='com.luna.music', mType=7, mUserMarkType=-1}
06-11 10:35:11.861 27947  1541 I GameSpaceUI.COSASDKManager: getManagerInfoListNoTimeOut_1781145311859 getPrintAppInfoString AppInfo{mPackageName='com.sohu.inputmethod.sogouoem', mType=7, mUserMarkType=-1}
06-11 10:35:11.861 27947  1541 I GameSpaceUI.COSASDKManager: getManagerInfoListNoTimeOut_1781145311859 getPrintAppInfoString AppInfo{mPackageName='com.future.landscape', mType=7, mUserMarkType=-1}
06-11 10:35:11.862 27947  1541 I GameSpaceUI.COSASDKManager: getManagerInfoListNoTimeOut_1781145311859 getPrintAppInfoString AppInfo{mPackageName='com.phoenix.read', mType=7, mUserMarkType=-1}
06-11 10:35:11.862 27947  1541 I GameSpaceUI.COSASDKManager: getManagerInfoListNoTimeOut_1781145311859 getPrintAppInfoString AppInfo{mPackageName='com.relax.calm.and', mType=7, mUserMarkType=-1}
06-11 10:35:11.862 30334 30334 I BasemapLayer: Tile uploaded: 11/1630/848 256x256
06-11 10:35:11.862 27947  1541 I GameSpaceUI.COSASDKManager: getManagerInfoListNoTimeOut_1781145311859 getPrintAppInfoString AppInfo{mPackageName='com.ss.android.ugc.aweme.lite', mType=7, mUserMarkType=-1}
06-11 10:35:11.862 27947  1541 I GameSpaceUI.COSASDKManager: getManagerInfoListNoTimeOut_1781145311859 getPrintAppInfoString AppInfo{mPackageName='com.baidu.carlife.oppo', mType=7, mUserMarkType=-1}
06-11 10:35:11.862 30334 30334 I BasemapLayer: Tile uploaded: 3/3/3 256x256
06-11 10:35:11.862 27947  1541 I GameSpaceUI.COSASDKManager: getManagerInfoListNoTimeOut_1781145311859 getPrintAppInfoString AppInfo{mPackageName='space.xinzhi.flutterseek', mType=7, mUserMarkType=-1}
06-11 10:35:11.863 27947  1541 I GameSpaceUI.COSASDKManager: getManagerInfoListNoTimeOut_1781145311859 getPrintAppInfoString AppInfo{mPackageName='cmb.pb', mType=7, mUserMarkType=-1}
06-11 10:35:11.863 11083 11730 I MSP-LOG-SDK-MspSdk: Sdk has initialized! version:2.0.1.14
06-11 10:35:11.863 27947  1541 I GameSpaceUI.COSASDKManager: getManagerInfoListNoTimeOut_1781145311859 getPrintAppInfoString AppInfo{mPackageName='com.earth.bdspace', mType=7, mUserMarkType=-1}
06-11 10:35:11.863 30334 30537 I AndroidBridge: Decoded image 256x256 from 36112 bytes
06-11 10:35:11.863 27947  1541 I GameSpaceUI.COSASDKManager: getManagerInfoListNoTimeOut_1781145311859 getPrintAppInfoString AppInfo{mPackageName='com.aliyun.tongyi', mType=7, mUserMarkType=-1}
06-11 10:35:11.863 27947  1541 I GameSpaceUI.COSASDKManager: getManagerInfoListNoTimeOut_1781145311859 getPrintAppInfoString AppInfo{mPackageName='com.MobileTicket', mType=7, mUserMarkType=-1}
06-11 10:35:11.863 27947  1541 I GameSpaceUI.COSASDKManager: getManagerInfoListNoTimeOut_1781145311859 getPrintAppInfoString AppInfo{mPackageName='com.xingin.xhs', mType=7, mUserMarkType=-1}
06-11 10:35:11.863 27947  1541 I GameSpaceUI.COSASDKManager: getManagerInfoListNoTimeOut_1781145311859 getPrintAppInfoString AppInfo{mPackageName='com.tencent.mm', mType=7, mUserMarkType=-1}
06-11 10:35:11.863 27947  1541 I GameSpaceUI.COSASDKManager: getManagerInfoListNoTimeOut_1781145311859 getPrintAppInfoString AppInfo{mPackageName='com.chinamworld.bocmbci', mType=7, mUserMarkType=-1}
06-11 10:35:11.863 27947  1541 I GameSpaceUI.COSASDKManager: getManagerInfoListNoTimeOut_1781145311859 getPrintAppInfoString AppInfo{mPackageName='com.tencent.android.qqdownloader', mType=7, mUserMarkType=-1}
06-11 10:35:11.863 27947  1541 I GameSpaceUI.COSASDKManager: getManagerInfoListNoTimeOut_1781145311859 getPrintAppInfoString AppInfo{mPackageName='com.pingan.paces.ccms', mType=7, mUserMarkType=-1}
06-11 10:35:11.864 11083 11730 E MSP-LOG-SDK-RateLimitManager: not_allow_invoke because of time_window_not_allow queue = [1781143255693], config = RateLimitConfig{maxCalls=1, timeWindowSeconds=7200, callIntervalSeconds=0}, ipcInvokeTimeQueueMapKey = com.heytap.nearx.tangramconfig.kit.client.ICloudCtrlServiceModule?@?global-domain_1961?@?4?@?com.coloros.phonemanager, has already call 1 times in 7200 seconds before
06-11 10:35:11.864 27947  1541 I GameSpaceUI.COSASDKManager: getManagerInfoListNoTimeOut_1781145311859 getPrintAppInfoString AppInfo{mPackageName='com.nqsky.rmad.dizhiyun', mType=7, mUserMarkType=-1}
06-11 10:35:11.864 27947  1541 I GameSpaceUI.COSASDKManager: getManagerInfoListNoTimeOut_1781145311859 getPrintAppInfoString AppInfo{mPackageName='com.mcswscdtnov.map', mType=7, mUserMarkType=-1}
06-11 10:35:11.864 27947  1541 I GameSpaceUI.COSASDKManager: getManagerInfoListNoTimeOut_1781145311859 getPrintAppInfoString AppInfo{mPackageName='com.baidu.searchbox', mType=7, mUserMarkType=-1}
06-11 10:35:11.864 27947  1541 I GameSpaceUI.COSASDKManager: getManagerInfoListNoTimeOut_1781145311859 getPrintAppInfoString AppInfo{mPackageName='com.wuba', mType=7, mUserMarkType=-1}
06-11 10:35:11.864 27947  1541 I GameSpaceUI.COSASDKManager: getManagerInfoListNoTimeOut_1781145311859 getPrintAppInfoString AppInfo{mPackageName='com.deepseek.chat', mType=7, mUserMarkType=-1}
06-11 10:35:11.864 11083 11730 E MSP-LOG-SDK-: MspSdkException{code=3014,message=com.heytap.mspsdk.ratelimit.MspRateLimitExceededException: ipc rate limit exceeded in time window}
06-11 10:35:11.864 11083 11730 E MSP-LOG-SDK-: 	at com.heytap.mspsdk.ratelimit.b.a(RateLimitInterceptor.java:56)
06-11 10:35:11.864 11083 11730 E MSP-LOG-SDK-: 	at com.heytap.mspsdk.interceptor.c.a(StandardListChain.java:40)
06-11 10:35:11.864 11083 11730 E MSP-LOG-SDK-: 	at com.heytap.mspsdk.proxy.b.a(CompatCheckInterceptor.java:30)
06-11 10:35:11.864 11083 11730 E MSP-LOG-SDK-: 	at com.heytap.mspsdk.interceptor.c.a(StandardListChain.java:40)
06-11 10:35:11.864 11083 11730 E MSP-LOG-SDK-: 	at com.heytap.mspsdk.proxy.e.invoke(InnerInvocationHandler.java:202)
06-11 10:35:11.864 11083 11730 E MSP-LOG-SDK-: 	at java.lang.reflect.Proxy.invoke(Proxy.java:1006)
06-11 10:35:11.864 11083 11730 E MSP-LOG-SDK-: 	at $Proxy12.checkUpdateConfig(Unknown Source)
06-11 10:35:11.864 11083 11730 E MSP-LOG-SDK-: 	at com.heytap.nearx.tangramconfig.kit.client.KitProxy.checkUpdateConfig$lambda$3(KitProxy.kt:20)
06-11 10:35:11.864 11083 11730 E MSP-LOG-SDK-: 	at com.heytap.nearx.tangramconfig.kit.client.KitProxy.d(KitProxy.kt:1)
06-11 10:35:11.864 11083 11730 E MSP-LOG-SDK-: 	at com.heytap.nearx.tangramconfig.kit.client.e.run(R8$$SyntheticClass:9)
06-11 10:35:11.864 11083 11730 E MSP-LOG-SDK-: 	at java.util.concurrent.ThreadPoolExecutor.runWorker(ThreadPoolExecutor.java:1156)
06-11 10:35:11.864 11083 11730 E MSP-LOG-SDK-: 	at java.util.concurrent.ThreadPoolExecutor$Worker.run(ThreadPoolExecutor.java:651)
06-11 10:35:11.864 11083 11730 E MSP-LOG-SDK-: 	at java.lang.Thread.run(Thread.java:1119)
06-11 10:35:11.864 27947  1541 I GameSpaceUI.COSASDKManager: getManagerInfoListNoTimeOut_1781145311859 getPrintAppInfoString AppInfo{mPackageName='com.cat.readall', mType=7, mUserMarkType=-1}
06-11 10:35:11.864 27947  1541 I GameSpaceUI.COSASDKManager: getManagerInfoListNoTimeOut_1781145311859 getPrintAppInfoString AppInfo{mPackageName='com.future.compass', mType=7, mUserMarkType=-1}
06-11 10:35:11.864 27947  1541 I GameSpaceUI.COSASDKManager: getManagerInfoListNoTimeOut_1781145311859 getPrintAppInfoString AppInfo{mPackageName='com.HaoTuBang.H3DBodyFree', mType=7, mUserMarkType=-1}
06-11 10:35:11.864 27947  1541 I GameSpaceUI.COSASDKManager: getManagerInfoListNoTimeOut_1781145311859 getPrintAppInfoString AppInfo{mPackageName='com.jdcar.jch', mType=7, mUserMarkType=-1}
06-11 10:35:11.864 27947  1541 I GameSpaceUI.COSASDKManager: getManagerInfoListNoTimeOut_1781145311859 getPrintAppInfoString AppInfo{mPackageName='cn.wps.moffice.lite', mType=7, mUserMarkType=-1}
06-11 10:35:11.864 27947  1541 I GameSpaceUI.COSASDKManager: getManagerInfoListNoTimeOut_1781145311859 getPrintAppInfoString AppInfo{mPackageName='com.redteamobile.roaming', mType=7, mUserMarkType=-1}
06-11 10:35:11.864 27947  1541 I GameSpaceUI.COSASDKManager: getManagerInfoListNoTimeOut_1781145311859 getPrintAppInfoString AppInfo{mPackageName='com.tencent.map', mType=7, mUserMarkType=-1}
06-11 10:35:11.864 27947  1541 I GameSpaceUI.COSASDKManager: getManagerInfoListNoTimeOut_1781145311859 getPrintAppInfoString AppInfo{mPackageName='com.xunmeng.pinduoduo', mType=7, mUserMarkType=-1}
06-11 10:35:11.864 27947  1541 I GameSpaceUI.COSASDKManager: getManagerInfoListNoTimeOut_1781145311859 getPrintAppInfoString AppInfo{mPackageName='com.lolaage.tbulu.tools', mType=7, mUserMarkType=-1}
06-11 10:35:11.864 27947  1541 I GameSpaceUI.COSASDKManager: getManagerInfoListNoTimeOut_1781145311859 getPrintAppInfoString AppInfo{mPackageName='com.tencent.wework', mType=7, mUserMarkType=-1}
06-11 10:35:11.864 27947  1541 I GameSpaceUI.COSASDKManager: getManagerInfoListNoTimeOut_1781145311859 getPrintAppInfoString AppInfo{mPackageName='com.ss.android.ugc.livelite', mType=7, mUserMarkType=-1}
06-11 10:35:11.864 27947  1541 I GameSpaceUI.COSASDKManager: getManagerInfoListNoTimeOut_1781145311859 getPrintAppInfoString AppInfo{mPackageName='cn.danatech.xingseapp', mType=7, mUserMarkType=-1}
06-11 10:35:11.864 27947  1541 I GameSpaceUI.COSASDKManager: getManagerInfoListNoTimeOut_1781145311859 getPrintAppInfoString AppInfo{mPackageName='com.ss.android.article.news', mType=7, mUserMarkType=-1}
06-11 10:35:11.864 27947  1541 I GameSpaceUI.COSASDKManager: getManagerInfoListNoTimeOut_1781145311859 getPrintAppInfoString AppInfo{mPackageName='com.android.chrome', mType=7, mUserMarkType=-1}
06-11 10:35:11.864 27947  1541 I GameSpaceUI.COSASDKManager: getManagerInfoListNoTimeOut_1781145311859 getPrintAppInfoString AppInfo{mPackageName='com.UCMobile', mType=7, mUserMarkType=-1}
06-11 10:35:11.864 27947  1541 I GameSpaceUI.COSASDKManager: getManagerInfoListNoTimeOut_1781145311859 getPrintAppInfoString AppInfo{mPackageName='com.yuanlue.sportnote', mType=7, mUserMarkType=-1}
06-11 10:35:11.864 27947  1541 I GameSpaceUI.COSASDKManager: getManagerInfoListNoTimeOut_1781145311859 getPrintAppInfoString AppInfo{mPackageName='com.earthengine.minimalglobe', mType=7, mUserMarkType=-1}
06-11 10:35:11.864 27947  1541 I GameSpaceUI.COSASDKManager: getManagerInfoListNoTimeOut_1781145311859 getPrintAppInfoString AppInfo{mPackageName='com.nearme.gamecenter', mType=7, mUserMarkType=-1}
06-11 10:35:11.864 27947  1541 I GameSpaceUI.COSASDKManager: getManagerInfoListNoTimeOut_1781145311859 getPrintAppInfoString AppInfo{mPackageName='com.ss.android.ugc.aweme', mType=7, mUserMarkType=-1}
06-11 10:35:11.864 27947  1541 I GameSpaceUI.COSASDKManager: getManagerInfoListNoTimeOut_1781145311859 getPrintAppInfoString AppInfo{mPackageName='com.tencent.mobileqq', mType=7, mUserMarkType=-1}
06-11 10:35:11.864 27947  1541 I GameSpaceUI.COSASDKManager: getManagerInfoListNoTimeOut_1781145311859 getPrintAppInfoString AppInfo{mPackageName='com.ss.android.auto', mType=7, mUserMarkType=-1}
06-11 10:35:11.864 27947  1541 I GameSpaceUI.COSASDKManager: getManagerInfoListNoTimeOut_1781145311859 getPrintAppInfoString AppInfo{mPackageName='com.ss.android.lark', mType=7, mUserMarkType=-1}
06-11 10:35:11.864 27947  1541 I GameSpaceUI.COSASDKManager: getManagerInfoListNoTimeOut_1781145311859 getPrintAppInfoString AppInfo{mPackageName='space.xinzhi.map', mType=7, mUserMarkType=-1}
06-11 10:35:11.864 27947  1541 I GameSpaceUI.COSASDKManager: getManagerInfoListNoTimeOut_1781145311859 getPrintAppInfoString AppInfo{mPackageName='com.ikang.official', mType=7, mUserMarkType=-1}
06-11 10:35:11.864 27947  1541 I GameSpaceUI.COSASDKManager: getManagerInfoListNoTimeOut_1781145311859 getPrintAppInfoString AppInfo{mPackageName='com.leihuokeji.qcshop_app', mType=7, mUserMarkType=-1}
06-11 10:35:11.864 27947  1541 I GameSpaceUI.COSASDKManager: getManagerInfoListNoTimeOut_1781145311859 getPrintAppInfoString AppInfo{mPackageName='com.ximalaya.ting.android', mType=7, mUserMarkType=-1}
06-11 10:35:11.864 27947  1541 I GameSpaceUI.COSASDKManager: getManagerInfoListNoTimeOut_1781145311859 getPrintAppInfoString AppInfo{mPackageName='cn.TuHu.android', mType=7, mUserMarkType=-1}
06-11 10:35:11.865 27947  1541 I GameSpaceUI.COSASDKManager: getManagerInfoListNoTimeOut_1781145311859 getPrintAppInfoString AppInfo{mPackageName='com.ovital.ovitalMap', mType=7, mUserMarkType=-1}
06-11 10:35:11.865 27947  1541 I GameSpaceUI.COSASDKManager: getManagerInfoListNoTimeOut_1781145311859 getPrintAppInfoString AppInfo{mPackageName='com.zhihu.android', mType=7, mUserMarkType=-1}
06-11 10:35:11.870 30334 30589 I AndroidBridge: androidHttpGet: env=0xb400007a087c6260 gJniHttpHelperClass=0x30a6 gHttpGetMethod=0x1 url=https://webst04.is.autonavi.com/appmaptile?style=6&x=3&y=4&z=3
06-11 10:35:11.870 30334 30588 I AndroidBridge: androidHttpGet: env=0xb400007a7da0fee0 gJniHttpHelperClass=0x30a6 gHttpGetMethod=0x1 url=https://webst03.is.autonavi.com/appmaptile?style=6&x=2&y=4&z=3
06-11 10:35:11.871 30334 30527 I JniHttpHelper: httpGet OK: https://webst04.is.autonavi.com/appmaptile?style=6&x=1629&y=846&z=11 -> 36116 bytes
06-11 10:35:11.871 30334 30543 I JniHttpHelper: httpGet called: https://webst02.is.autonavi.com/appmaptile?style=6&x=0&y=5&z=3
06-11 10:35:11.871 11083 11791 D CloudConfig_stgyHelper: mspVersionCanSupport mspKitVersion : 2021620
06-11 10:35:11.871 11083 11732 I CloudConfig: ruc 1961 exit
06-11 10:35:11.871 11083 11732 I CloudConfig: tn: sdk-50351-ruc, dr: 93ms
06-11 10:35:11.872  5227 27332 W ONET_NetMonitor: SendReq seq: 11750 retry: 0 code: 1 contentLength: 221 msg: null
06-11 10:35:11.872 11083 11778 I MSP-LOG-SDK-MspSdk: Sdk has initialized! version:2.0.1.14
06-11 10:35:11.873 11083 11778 E MSP-LOG-SDK-RateLimitManager: not_allow_invoke because of time_window_not_allow queue = [1781143251665], config = RateLimitConfig{maxCalls=1, timeWindowSeconds=21600, callIntervalSeconds=0}, ipcInvokeTimeQueueMapKey = com.heytap.nearx.tangramconfig.kit.client.ICloudCtrlServiceModule?@?global-domain_1961?@?1?@?com.coloros.phonemanager, has already call 1 times in 21600 seconds before
06-11 10:35:11.874 11083 11778 E MSP-LOG-SDK-: MspSdkException{code=3014,message=com.heytap.mspsdk.ratelimit.MspRateLimitExceededException: ipc rate limit exceeded in time window}
06-11 10:35:11.874 11083 11778 E MSP-LOG-SDK-: 	at com.heytap.mspsdk.ratelimit.b.a(RateLimitInterceptor.java:56)
06-11 10:35:11.874 11083 11778 E MSP-LOG-SDK-: 	at com.heytap.mspsdk.interceptor.c.a(StandardListChain.java:40)
06-11 10:35:11.874 11083 11778 E MSP-LOG-SDK-: 	at com.heytap.mspsdk.proxy.b.a(CompatCheckInterceptor.java:30)
06-11 10:35:11.874 11083 11778 E MSP-LOG-SDK-: 	at com.heytap.mspsdk.interceptor.c.a(StandardListChain.java:40)
06-11 10:35:11.874 11083 11778 E MSP-LOG-SDK-: 	at com.heytap.mspsdk.proxy.e.invoke(InnerInvocationHandler.java:202)
06-11 10:35:11.874 11083 11778 E MSP-LOG-SDK-: 	at java.lang.reflect.Proxy.invoke(Proxy.java:1006)
06-11 10:35:11.874 11083 11778 E MSP-LOG-SDK-: 	at $Proxy12.getDynamicCondition(Unknown Source)
06-11 10:35:11.874 11083 11778 E MSP-LOG-SDK-: 	at com.heytap.nearx.tangramconfig.kit.client.KitProxy.getDynamicCondition$lambda$0(KitProxy.kt:25)
06-11 10:35:11.874 11083 11778 E MSP-LOG-SDK-: 	at com.heytap.nearx.tangramconfig.kit.client.KitProxy.b(KitProxy.kt:1)
06-11 10:35:11.874 11083 11778 E MSP-LOG-SDK-: 	at com.heytap.nearx.tangramconfig.kit.client.b.run(R8$$SyntheticClass:9)
06-11 10:35:11.874 11083 11778 E MSP-LOG-SDK-: 	at java.util.concurrent.ThreadPoolExecutor.runWorker(ThreadPoolExecutor.java:1156)
06-11 10:35:11.874 11083 11778 E MSP-LOG-SDK-: 	at java.util.concurrent.ThreadPoolExecutor$Worker.run(ThreadPoolExecutor.java:651)
06-11 10:35:11.874 11083 11778 E MSP-LOG-SDK-: 	at java.lang.Thread.run(Thread.java:1119)
06-11 10:35:11.875  3189  3998 I Quality : BitmapCompressInfo:868,1940,0,95,287662084
06-11 10:35:11.875 30334 30527 I AndroidBridge: Decoded image 256x256 from 36116 bytes
06-11 10:35:11.876 11083 11791 D CloudConfig_stgyHelper: getSupportKitMode strategyEntity : StrategyEntity(sdkInterval=1800000, strategyMode=1, minSDKVersion=1000, minKitVersion=2014122, validReqPeriod=7200000, maxReqProduct=100, forceKitIfKit=false, backoff=120000, enable=true, defaultLimit=RateLimitConfig{maxCalls=1, timeWindowSeconds=7200, callIntervalSeconds=0}, productLimits={global-domain_1281=RateLimitConfig{maxCalls=1, timeWindowSeconds=7200, callIntervalSeconds=0}, 50351=RateLimitConfig{maxCalls=1, timeWindowSeconds=7200, callIntervalSeconds=0}, compass_20092=RateLimitConfig{maxCalls=1, timeWindowSeconds=7200, callIntervalSeconds=0}, global-domain_1961=RateLimitConfig{maxCalls=1, timeWindowSeconds=7200, callIntervalSeconds=0}, compass_2=RateLimitConfig{maxCalls=1, timeWindowSeconds=7200, callIntervalSeconds=0}, mdp_2047=RateLimitConfig{maxCalls=1, timeWindowSeconds=7200, callIntervalSeconds=0}, mdp_2296=RateLimitConfig{maxCalls=1, timeWindowSeconds=7200, callIntervalSeconds=0}, compass_143100=RateLimitConfig{maxCalls=1, timeWindowSeconds=7200, callIntervalSeconds=0}})
06-11 10:35:11.876 11083 11791 D CloudConfig_stgyHelper: getSupportKitMode localSdkVersion : 1227
06-11 10:35:11.878 28382 28393 W com.oplus.cosa: Suspending all threads took: 5.658ms
06-11 10:35:11.879 30334 30334 I BasemapLayer: Tile uploaded: 11/1629/848 256x256
06-11 10:35:11.879 30334 30334 I BasemapLayer: Tile uploaded: 11/1629/846 256x256
06-11 10:35:11.879 30334 30542 I JniHttpHelper: httpGet OK: https://webst02.is.autonavi.com/appmaptile?style=6&x=1&y=4&z=3 -> 1679 bytes
06-11 10:35:11.880 30334 30511 I JniHttpHelper: httpGet called: https://webst01.is.autonavi.com/appmaptile?style=6&x=1&y=3&z=3
06-11 10:35:11.881  4639  8246 D CommonApp-194-10602: commonScoreStrategy scenarios 1
06-11 10:35:11.881  4639  8246 D CommonApp-194-10602: notifyScoreChange appScene COMMON score 100
06-11 10:35:11.881  4639  8246 D ScorePolicy: handleScoreChanged: []
06-11 10:35:11.881  4639  8246 D ScorePolicy: handleScoreChanged: []
06-11 10:35:11.881  4639  8246 D ScorePolicy: handleScoreChanged: []
06-11 10:35:11.886  3189  3886 W SyncManager: failed sync operation JobId=20 ***/com.tencent.android.qqdownloader.YYBLiveAccountProvider.account u0 [com.tencent.android.qqdownloader.YYBLiveAccountProvider] USER ExpectedIn=0s STANDBY-EXEMPTED Reason=10370, SyncResult: syncAlreadyInProgress: true stats []
06-11 10:35:11.889 30334 30592 I AndroidBridge: androidHttpGet: env=0xb400007a087c65e0 gJniHttpHelperClass=0x30a6 gHttpGetMethod=0x1 url=https://webst04.is.autonavi.com/appmaptile?style=6&x=2&y=5&z=3
06-11 10:35:11.889 30334 30597 I AndroidBridge: androidHttpGet: env=0xb400007a7da13440 gJniHttpHelperClass=0x30a6 gHttpGetMethod=0x1 url=https://webst01.is.autonavi.com/appmaptile?style=6&x=3&y=5&z=3
06-11 10:35:11.894  4329  4493 D HWUI    : RenderProxy::destroy: this=0xb400007ac1486d00, mContext=0xb4000079430ed8c0
06-11 10:35:11.894  4329  4630 D HWUI    : SkiaOpenGLPipeline::setSurface: this=0xb4000078f51e69c0, surface=NULL
06-11 10:35:11.894  4329  4630 D BufferQueueProducer: [VRI[minimalglobe]#1335(BLAST Consumer)1335](id:10e900000538,api:1,p:4329,c:4329) disconnect: api 1
06-11 10:35:11.895  4329  4493 D ViewRootImplExtImpl: wrapConfigInfoIntoFlags rotation=0, smallestScreenWidthDp=354, residentWS=false, scenario=0, bounds=Rect(0, 0 - 1240, 2772), relayoutAsync=false, flags=0, newFlags=1453337664, title=Splash Screen com.earthengine.minimalglobe
06-11 10:35:11.895  3189  4239 V WindowManager: Relayout Window{546d142 u0 Splash Screen com.earthengine.minimalglobe}: viewVisibility=8, oldvis=0, req=1240x2772 , apr = 8, vsysui=
06-11 10:35:11.896  3189  4239 D WindowManager: setFrameRateStart invalid typeId return!
06-11 10:35:11.896  3189  4239 D DisplayModeDirector: setAppRequest displayId : 4  modeId: 0  requestedRefreshRate: 0.0  requestedMinRefreshRateRange: 0.0  requestedMaxRefreshRateRange: 0.0
06-11 10:35:11.896  1460  1493 W AppInfo : app info parse uri fail. uri: content://com.nearme.instant.platform.res/com.coloros.gamespaceui.quickapp.guide/manifest.json##Throwable##java.io.FileNotFoundException: open failed: ENOENT (No such file or directory)
06-11 10:35:11.896  1460  1493 W AppInfo : 	at android.os.ParcelFileDescriptor.openInternal(ParcelFileDescriptor.java:356)
06-11 10:35:11.896  1460  1493 W AppInfo : 	at android.os.ParcelFileDescriptor.open(ParcelFileDescriptor.java:233)
06-11 10:35:11.896  1460  1493 W AppInfo : 	at org.hapjs.cache.CacheProvider.doOpenFile(SourceFile:56)
06-11 10:35:11.896  1460  1493 W AppInfo : 	at org.hapjs.AbstractContentProvider.openFile(SourceFile:4)
06-11 10:35:11.896  1460  1493 W AppInfo : 	at android.content.ContentProvider.openAssetFile(ContentProvider.java:2326)
06-11 10:35:11.896  1460  1493 W AppInfo : 	at org.hapjs.AbstractContentProvider.doOpenAssetFile(SourceFile:1)
06-11 10:35:11.896  1460  1493 W AppInfo : 	at org.hapjs.cache.CacheProvider.doOpenAssetFile(SourceFile:74)
06-11 10:35:11.896  1460  1493 W AppInfo : 	at org.hapjs.AbstractContentProvider.openAssetFile(SourceFile:4)
06-11 10:35:11.896  1460  1493 W AppInfo : 	at android.content.ContentProvider.openTypedAssetFile(ContentProvider.java:2504)
06-11 10:35:11.896  1460  1493 W AppInfo : 	at android.content.ContentProvider.openTypedAssetFile(ContentProvider.java:2571)
06-11 10:35:11.896  1460  1493 W AppInfo : 	at android.content.ContentProvider$Transport.openTypedAssetFile(ContentProvider.java:692)
06-11 10:35:11.896  1460  1493 W AppInfo : 	at android.content.ContentResolver.openTypedAssetFileDescriptor(ContentResolver.java:2097)
06-11 10:35:11.896  1460  1493 W AppInfo : 	at android.content.ContentResolver.openAssetFileDescriptor(ContentResolver.java:1912)
06-11 10:35:11.896  1460  1493 W AppInfo : 	at android.content.ContentResolver.openInputStream(ContentResolver.java:1582)
06-11 10:35:11.896  1460  1493 W AppInfo : 	at org.hapjs.model.AppInfo.fromUri(SourceFile:7)
06-11 10:35:11.896  1460  1493 W AppInfo : 	at org.hapjs.model.AppInfo.create(SourceFile:105)
06-11 10:35:11.896  1460  1493 W AppInfo : 	at org.hapjs.bridge.DefaultAppInfoProvider.create(SourceFile:1)
06-11 10:35:11.896  1460  1493 W AppInfo : 	at a.a.a.nl0.g(SourceFile:58)
06-11 10:35:11.896  1460  1493 W AppInfo : 	at a.a.a.nl0.e(SourceFile:2)
06-11 10:35:11.896  1460  1493 W AppInfo : 	at a.a.a.rp6.d(SourceFile:22)
06-11 10:35:11.896  1460  1493 W AppInfo : 	at a.a.a.rp6.c(SourceFile:52)
06-11 10:35:11.896  1460  1493 W AppInfo : 	at com.nearme.instant.card.SharedDataProvider.setOrUpdateSharedDataInner(SourceFile:48)
06-11 10:35:11.896  1460  1493 W AppInfo : 	at com.nearme.instant.card.SharedDataProvider.setOrUpdateSharedData(SourceFile:61)
06-11 10:35:11.896  1460  1493 W AppInfo : 	at com.nearme.instant.card.SharedDataProvider.doCall(SourceFile:46)
06-11 10:35:11.896  1460  1493 W AppInfo : 	at org.hapjs.AbstractContentProvider.call(SourceFile:4)
06-11 10:35:11.896  1460  1493 W AppInfo : 	at android.content.ContentProvider.call(ContentProvider.java:2773)
06-11 10:35:11.896  1460  1493 W AppInfo : 	at android.content.ContentProvider$Transport.call(ContentProvider.java:653)
06-11 10:35:11.896  1460  1493 W AppInfo : 	at android.content.ContentProviderNative.onTransact(ContentProviderNative.java:307)
06-11 10:35:11.896  1460  1493 W AppInfo : 	at android.os.Binder.execTransactInternal(Binder.java:1444)
06-11 10:35:11.896  1460  1493 W AppInfo : 	at android.os.Binder.execTransact(Binder.java:1378)
06-11 10:35:11.896  1460  1493 E PermissionVerifier: card rpk not exists
06-11 10:35:11.896  1460  1493 W PermissionVerifier: checkWritePermission writer: com.oplus.games not in rpk: com.coloros.gamespaceui.quickapp.guide allowed list
06-11 10:35:11.896 27947  6660 I GameSpaceUI.AppListUtil: getManagerInfoList appInfos [n60.a@7509fa8, n60.a@1e95ac1, n60.a@c48a266, n60.a@d4c69a7, n60.a@fe40e54, n60.a@96fe1fd, n60.a@22c7ef2, n60.a@ccbf943, n60.a@59dbbc0, n60.a@9dda0f9, n60.a@3ff983e, n60.a@22ae69f, n60.a@c82d3ec, n60.a@4ce53b5, n60.a@c58fa4a, n60.a@d614dbb, n60.a@1bf42d8, n60.a@fdd7631, n60.a@6347116, n60.a@bcd0a97, n60.a@751b484, n60.a@4e2446d, n60.a@e7e88a2, n60.a@8cdb933, n60.a@9ebba69, n60.a@2608cee, n60.a@c20b58f, n60.a@cd9101c, n60.a@cfc9425, n60.a@64c89fa, n60.a@1fd1bab, n60.a@8751208, n60.a@f874da1, n60.a@1c94bc6, n60.a@8efc787, n60.a@64d46b4, n60.a@daa22dd, n60.a@bfe5e52, n60.a@1775523, n60.a@7d21a20, n60.a@d2b0fd9, n60.a@5000d9e, n60.a@b60207f, n60.a@33d095, n60.a@7db65aa, n60.a@ce0459b, n60.a@1950d38, n60.a@7cde111, n60.a@1623276, n60.a@f73a077, n60.a@229c4e4, n60.a@21e7d4d, n60.a@7b70002, n60.a@e77cd13, n60.a@9304b50, n60.a@62a149, n60.a@e991a4e, n60.a@388276f, n60.a@bd6cc7c, n60.a@ab0905, n60.a@c99cb8b, n60.a@2023468, n60.a@7583081, n60.a@41a2526, n60.a@7d79567, n60.a@afa2f14, n60.a@45653bd, n60.a@7736db2, n60.a@13e2103, n60.a@d52880, n60.a@196eb9, n60.a@6a6b2fe, n60.a@df7ca5f, n60.a@6a44cac, n60.a@c593d75, n60.a@37010a, n60.a@178ad7b, n60.a@d5f8798, n60.a@48d3bf1, n60.a@5cc23d6, n60.a@85aa657, n60.a@b918544, n60.a@a28a62d, n60.a@9bea762, n60.a@4f950f3, n60.a@3c3b1b0, n60.a@8967829, n60.a@963d7ae, n60.a@9ce094f, n60.a@5aa38dc, n60.a@cf56de5, n60.a@19c0ba, n60.a@d8beb6b, n60.a@61006c8, n60.a@d940361, n60.a@f132e86]
06-11 10:35:11.896  1460  1493 W SharedDataProvider: setOrUpdateSharedData no permissions!
06-11 10:35:11.896 27947  6660 I GameSpaceUI.COSASDKManager: getManagerInfoListNoTimeOut 1781145311896 getPrintAppInfoString AppInfo{mPackageName='com.quark.browser', mType=7, mUserMarkType=-1}
06-11 10:35:11.897 27947  1541 I GameSpaceUI.COSASDKManager: getManagerInfoListNoTimeOut_1781145311859 getPrintAppInfoString AppInfo{mPackageName='com.eg.android.AlipayGphone', mType=7, mUserMarkType=-1}
06-11 10:35:11.897 27947  1541 I GameSpaceUI.COSASDKManager: getManagerInfoListNoTimeOut_1781145311859 getPrintAppInfoString AppInfo{mPackageName='com.github.metacubex.clash.meta', mType=7, mUserMarkType=-1}
06-11 10:35:11.897 27947  1541 I GameSpaceUI.COSASDKManager: getManagerInfoListNoTimeOut_1781145311859 getPrintAppInfoString AppInfo{mPackageName='com.greenpoint.android.mc10086.activity', mType=7, mUserMarkType=-1}
06-11 10:35:11.897 27947  1541 I GameSpaceUI.COSASDKManager: getManagerInfoListNoTimeOut_1781145311859 getPrintAppInfoString AppInfo{mPackageName='com.achievo.vipshop', mType=7, mUserMarkType=-1}
06-11 10:35:11.897 27947  1541 I GameSpaceUI.AppListUtil: getManagerInfoList appInfos [n60.a@4fbd347, n60.a@982c774, n60.a@d2c749d, n60.a@5e3ad12, n60.a@e985ce3, n60.a@dbee6e0, n60.a@5e0bd99, n60.a@7cb885e, n60.a@be9e43f, n60.a@ddb910c, n60.a@7f69a55, n60.a@9c3cc6a, n60.a@4a2855b, n60.a@d36b1f8, n60.a@85386d1, n60.a@54a4536, n60.a@f7a1c37, n60.a@520f5a4, n60.a@ab8bf0d, n60.a@bed7ec2, n60.a@cca44d3, n60.a@149c810, n60.a@3bf3f09, n60.a@798c50e, n60.a@6eb553c, n60.a@e93c2c5, n60.a@3a0241a, n60.a@c4b7b4b, n60.a@2b68928, n60.a@272c641, n60.a@a8c67e6, n60.a@7548127, n60.a@97f0fd4, n60.a@3e4857d, n60.a@4a71c72, n60.a@7fe08c3, n60.a@7a75540, n60.a@db8fc79, n60.a@3468dbe, n60.a@32e6e1f, n60.a@b4c856c, n60.a@dc3e735, n60.a@4d9c7ca, n60.a@5328c58, n60.a@158c1b1, n60.a@db49696, n60.a@9ca0217, n60.a@c701604, n60.a@d86c7ed, n60.a@19b8622, n60.a@262a8b3, n60.a@da8e70, n60.a@f14f5e9, n60.a@a0fe26e, n60.a@ed51d0f, n60.a@832219c, n60.a@e3e07a5, n60.a@55bb77a, n60.a@c507b2b, n60.a@20dbb88, n60.a@a5dd146, n60.a@1d99f07, n60.a@e870834, n60.a@36865d, n60.a@d15bbd2, n60.a@7e724a3, n60.a@3a673a0, n60.a@2da2b59, n60.a@fefc31e, n60.a@dbd67ff, n60.a@d8f29cc, n60.a@4792415, n60.a@dd0f32a, n60.a@88a851b, n60.a@56b16b8, n60.a@9d4ec91, n60.a@8e317f6, n60.a@84257f7, n60.a@b16e664, n60.a@84ac0cd, n60.a@a20bd82, n60.a@e3a7c93, n60.a@d8e04d0, n60.a@3cf9cc9, n60.a@da12fce, n60.a@1864eef, n60.a@e169dfc, n60.a@ac3c85, n60.a@7a47ada, n60.a@d12eb0b, n60.a@a2d9de8, n60.a@4f91c01, n60.a@e5f6aa6, n60.a@3832ce7, n60.a@832b094, n60.a@5da773d]
06-11 10:35:11.897 27947  1541 I GameSpaceUI.COSASDKManager: getManagerInfoListNoTimeOut 1781145311897 getPrintAppInfoString AppInfo{mPackageName='com.quark.browser', mType=7, mUserMarkType=-1}
06-11 10:35:11.898 27947  1358 W GameSpaceUI.gs_DesktopCardServiceImpl: set assistant_game_icon_hide_switch_state = 0 success expire 86400000
06-11 10:35:11.898  3189  4239 D DisplayModeDirector: setAppRequest displayId : 0  modeId: 1  requestedRefreshRate: 0.0  requestedMinRefreshRateRange: 0.0  requestedMaxRefreshRateRange: 120.00001
06-11 10:35:11.899  3189  4239 D WindowManager: NFW_findFocusedWindowIfNeeded:Window{4ae0de6 u0 com.earthengine.minimalglobe/com.earthengine.minimalglobe.MainActivity} mCurrentFocus:Window{4ae0de6 u0 com.earthengine.minimalglobe/com.earthengine.minimalglobe.MainActivity}
06-11 10:35:11.899  3189  4239 D WindowManager: NFW_findFocusedWindowIfNeeded:null mCurrentFocus:null
06-11 10:35:11.899 27947  1358 I GameSpaceUI.TrackService: getPluginConfigAppId -1, currentPkgName: 
06-11 10:35:11.900 27947  6660 I GameSpaceUI.COSASDKManager: getManagerInfoListNoTimeOut 1781145311896 getPrintAppInfoString AppInfo{mPackageName='com.wuba.zhuanzhuan', mType=7, mUserMarkType=-1}
06-11 10:35:11.900 27947  6660 I GameSpaceUI.COSASDKManager: getManagerInfoListNoTimeOut 1781145311896 getPrintAppInfoString AppInfo{mPackageName='com.ss.android.ugc.sicily_cm', mType=7, mUserMarkType=-1}
06-11 10:35:11.900 27947  6660 I GameSpaceUI.COSASDKManager: getManagerInfoListNoTimeOut 1781145311896 getPrintAppInfoString AppInfo{mPackageName='com.example.gnsssatdemo', mType=7, mUserMarkType=-1}
06-11 10:35:11.900 27947  6660 I GameSpaceUI.COSASDKManager: getManagerInfoListNoTimeOut 1781145311896 getPrintAppInfoString AppInfo{mPackageName='com.example.findmapbox', mType=7, mUserMarkType=-1}
06-11 10:35:11.901 30334 30542 I AndroidBridge: Decoded image 256x256 from 1679 bytes
06-11 10:35:11.900 27947  6660 I GameSpaceUI.COSASDKManager: getManagerInfoListNoTimeOut 1781145311896 getPrintAppInfoString AppInfo{mPackageName='com.finshell.wallet', mType=7, mUserMarkType=-1}
06-11 10:35:11.901  3189  5025 D WindowManager: NFW_findFocusedWindowIfNeeded:Window{4ae0de6 u0 com.earthengine.minimalglobe/com.earthengine.minimalglobe.MainActivity} mCurrentFocus:Window{4ae0de6 u0 com.earthengine.minimalglobe/com.earthengine.minimalglobe.MainActivity}
06-11 10:35:11.901  3189  5025 D WindowManager: NFW_findFocusedWindowIfNeeded:null mCurrentFocus:null
06-11 10:35:11.901  3189  5025 D DisplayModeDirector: setAppRequest displayId : 4  modeId: 0  requestedRefreshRate: 0.0  requestedMinRefreshRateRange: 0.0  requestedMaxRefreshRateRange: 0.0
06-11 10:35:11.901 27947  6660 I GameSpaceUI.COSASDKManager: getManagerInfoListNoTimeOut 1781145311896 getPrintAppInfoString AppInfo{mPackageName='com.tmri.app.main', mType=7, mUserMarkType=-1}
06-11 10:35:11.901 27947  6660 I GameSpaceUI.COSASDKManager: getManagerInfoListNoTimeOut 1781145311896 getPrintAppInfoString AppInfo{mPackageName='com.sankuai.meituan', mType=7, mUserMarkType=-1}
06-11 10:35:11.901 27947  6660 I GameSpaceUI.COSASDKManager: getManagerInfoListNoTimeOut 1781145311896 getPrintAppInfoString AppInfo{mPackageName='com.youku.phone', mType=7, mUserMarkType=-1}
06-11 10:35:11.901 27947  6660 I GameSpaceUI.COSASDKManager: getManagerInfoListNoTimeOut 1781145311896 getPrintAppInfoString AppInfo{mPackageName='air.tv.douyu.android', mType=7, mUserMarkType=-1}
06-11 10:35:11.901 27947  6660 I GameSpaceUI.COSASDKManager: getManagerInfoListNoTimeOut 1781145311896 getPrintAppInfoString AppInfo{mPackageName='com.sinovatech.unicom.ui', mType=7, mUserMarkType=-1}
06-11 10:35:11.901 27947  6660 I GameSpaceUI.COSASDKManager: getManagerInfoListNoTimeOut 1781145311896 getPrintAppInfoString AppInfo{mPackageName='com.luna.music', mType=7, mUserMarkType=-1}
06-11 10:35:11.901 27947  6660 I GameSpaceUI.COSASDKManager: getManagerInfoListNoTimeOut 1781145311896 getPrintAppInfoString AppInfo{mPackageName='com.sohu.inputmethod.sogouoem', mType=7, mUserMarkType=-1}
06-11 10:35:11.901 27947  6660 I GameSpaceUI.COSASDKManager: getManagerInfoListNoTimeOut 1781145311896 getPrintAppInfoString AppInfo{mPackageName='com.future.landscape', mType=7, mUserMarkType=-1}
06-11 10:35:11.901 27947  6660 I GameSpaceUI.COSASDKManager: getManagerInfoListNoTimeOut 1781145311896 getPrintAppInfoString AppInfo{mPackageName='com.phoenix.read', mType=7, mUserMarkType=-1}
06-11 10:35:11.901 27947  6660 I GameSpaceUI.COSASDKManager: getManagerInfoListNoTimeOut 1781145311896 getPrintAppInfoString AppInfo{mPackageName='com.relax.calm.and', mType=7, mUserMarkType=-1}
06-11 10:35:11.901 27947  6660 I GameSpaceUI.COSASDKManager: getManagerInfoListNoTimeOut 1781145311896 getPrintAppInfoString AppInfo{mPackageName='com.ss.android.ugc.aweme.lite', mType=7, mUserMarkType=-1}
06-11 10:35:11.902  3189  5025 D DisplayModeDirector: setAppRequest displayId : 0  modeId: 1  requestedRefreshRate: 0.0  requestedMinRefreshRateRange: 0.0  requestedMaxRefreshRateRange: 120.00001
06-11 10:35:11.902  3189  3252 D DisplayModeDirector: setAppRequest displayId : 4  modeId: 0  requestedRefreshRate: 0.0  requestedMinRefreshRateRange: 0.0  requestedMaxRefreshRateRange: 0.0
06-11 10:35:11.902  3189  3252 D DisplayModeDirector: setAppRequest displayId : 0  modeId: 1  requestedRefreshRate: 0.0  requestedMinRefreshRateRange: 0.0  requestedMaxRefreshRateRange: 120.00001
06-11 10:35:11.902 27947  6660 I GameSpaceUI.COSASDKManager: getManagerInfoListNoTimeOut 1781145311896 getPrintAppInfoString AppInfo{mPackageName='com.baidu.carlife.oppo', mType=7, mUserMarkType=-1}
06-11 10:35:11.902 27947  6660 I GameSpaceUI.COSASDKManager: getManagerInfoListNoTimeOut 1781145311896 getPrintAppInfoString AppInfo{mPackageName='space.xinzhi.flutterseek', mType=7, mUserMarkType=-1}
06-11 10:35:11.903 27947  6660 I GameSpaceUI.COSASDKManager: getManagerInfoListNoTimeOut 1781145311896 getPrintAppInfoString AppInfo{mPackageName='cmb.pb', mType=7, mUserMarkType=-1}
06-11 10:35:11.903 27947  6660 I GameSpaceUI.COSASDKManager: getManagerInfoListNoTimeOut 1781145311896 getPrintAppInfoString AppInfo{mPackageName='com.earth.bdspace', mType=7, mUserMarkType=-1}
06-11 10:35:11.903 27947  6660 I GameSpaceUI.COSASDKManager: getManagerInfoListNoTimeOut 1781145311896 getPrintAppInfoString AppInfo{mPackageName='com.aliyun.tongyi', mType=7, mUserMarkType=-1}
06-11 10:35:11.903 27947  6660 I GameSpaceUI.COSASDKManager: getManagerInfoListNoTimeOut 1781145311896 getPrintAppInfoString AppInfo{mPackageName='com.MobileTicket', mType=7, mUserMarkType=-1}
06-11 10:35:11.903 27947  6660 I GameSpaceUI.COSASDKManager: getManagerInfoListNoTimeOut 1781145311896 getPrintAppInfoString AppInfo{mPackageName='com.xingin.xhs', mType=7, mUserMarkType=-1}
06-11 10:35:11.903 27947  6660 I GameSpaceUI.COSASDKManager: getManagerInfoListNoTimeOut 1781145311896 getPrintAppInfoString AppInfo{mPackageName='com.chinamworld.bocmbci', mType=7, mUserMarkType=-1}
06-11 10:35:11.903 27947  6660 I GameSpaceUI.COSASDKManager: getManagerInfoListNoTimeOut 1781145311896 getPrintAppInfoString AppInfo{mPackageName='com.tencent.android.qqdownloader', mType=7, mUserMarkType=-1}
06-11 10:35:11.903 27947  6660 I GameSpaceUI.COSASDKManager: getManagerInfoListNoTimeOut 1781145311896 getPrintAppInfoString AppInfo{mPackageName='com.pingan.paces.ccms', mType=7, mUserMarkType=-1}
06-11 10:35:11.903 27947  6660 I GameSpaceUI.COSASDKManager: getManagerInfoListNoTimeOut 1781145311896 getPrintAppInfoString AppInfo{mPackageName='com.nqsky.rmad.dizhiyun', mType=7, mUserMarkType=-1}
06-11 10:35:11.903 27947  6660 I GameSpaceUI.COSASDKManager: getManagerInfoListNoTimeOut 1781145311896 getPrintAppInfoString AppInfo{mPackageName='com.mcswscdtnov.map', mType=7, mUserMarkType=-1}
06-11 10:35:11.903 27947  6660 I GameSpaceUI.COSASDKManager: getManagerInfoListNoTimeOut 1781145311896 getPrintAppInfoString AppInfo{mPackageName='com.baidu.searchbox', mType=7, mUserMarkType=-1}
06-11 10:35:11.903 27947  6660 I GameSpaceUI.COSASDKManager: getManagerInfoListNoTimeOut 1781145311896 getPrintAppInfoString AppInfo{mPackageName='com.wuba', mType=7, mUserMarkType=-1}
06-11 10:35:11.903 27947  6660 I GameSpaceUI.COSASDKManager: getManagerInfoListNoTimeOut 1781145311896 getPrintAppInfoString AppInfo{mPackageName='com.deepseek.chat', mType=7, mUserMarkType=-1}
06-11 10:35:11.903 27947  6660 I GameSpaceUI.COSASDKManager: getManagerInfoListNoTimeOut 1781145311896 getPrintAppInfoString AppInfo{mPackageName='com.cat.readall', mType=7, mUserMarkType=-1}
06-11 10:35:11.903 27947  6660 I GameSpaceUI.COSASDKManager: getManagerInfoListNoTimeOut 1781145311896 getPrintAppInfoString AppInfo{mPackageName='com.future.compass', mType=7, mUserMarkType=-1}
06-11 10:35:11.903 27947  6660 I GameSpaceUI.COSASDKManager: getManagerInfoListNoTimeOut 1781145311896 getPrintAppInfoString AppInfo{mPackageName='com.HaoTuBang.H3DBodyFree', mType=7, mUserMarkType=-1}
06-11 10:35:11.904 27947  6660 I GameSpaceUI.COSASDKManager: getManagerInfoListNoTimeOut 1781145311896 getPrintAppInfoString AppInfo{mPackageName='com.jdcar.jch', mType=7, mUserMarkType=-1}
06-11 10:35:11.904 27947  6660 I GameSpaceUI.COSASDKManager: getManagerInfoListNoTimeOut 1781145311896 getPrintAppInfoString AppInfo{mPackageName='cn.wps.moffice.lite', mType=7, mUserMarkType=-1}
06-11 10:35:11.904 27947  6660 I GameSpaceUI.COSASDKManager: getManagerInfoListNoTimeOut 1781145311896 getPrintAppInfoString AppInfo{mPackageName='com.redteamobile.roaming', mType=7, mUserMarkType=-1}
06-11 10:35:11.904 27947  6660 I GameSpaceUI.COSASDKManager: getManagerInfoListNoTimeOut 1781145311896 getPrintAppInfoString AppInfo{mPackageName='com.tencent.map', mType=7, mUserMarkType=-1}
06-11 10:35:11.904 27947  6660 I GameSpaceUI.COSASDKManager: getManagerInfoListNoTimeOut 1781145311896 getPrintAppInfoString AppInfo{mPackageName='com.xunmeng.pinduoduo', mType=7, mUserMarkType=-1}
06-11 10:35:11.904 27947  6660 I GameSpaceUI.COSASDKManager: getManagerInfoListNoTimeOut 1781145311896 getPrintAppInfoString AppInfo{mPackageName='com.lolaage.tbulu.tools', mType=7, mUserMarkType=-1}
06-11 10:35:11.904 27947  6660 I GameSpaceUI.COSASDKManager: getManagerInfoListNoTimeOut 1781145311896 getPrintAppInfoString AppInfo{mPackageName='com.tencent.wework', mType=7, mUserMarkType=-1}
06-11 10:35:11.904 27947  6660 I GameSpaceUI.COSASDKManager: getManagerInfoListNoTimeOut 1781145311896 getPrintAppInfoString AppInfo{mPackageName='com.ss.android.ugc.livelite', mType=7, mUserMarkType=-1}
06-11 10:35:11.904 27947  6660 I GameSpaceUI.COSASDKManager: getManagerInfoListNoTimeOut 1781145311896 getPrintAppInfoString AppInfo{mPackageName='cn.danatech.xingseapp', mType=7, mUserMarkType=-1}
06-11 10:35:11.904 30334 30535 I JniHttpHelper: httpGet OK: https://webst01.is.autonavi.com/appmaptile?style=6&x=1630&y=846&z=11 -> 36429 bytes
06-11 10:35:11.904 27947  6660 I GameSpaceUI.COSASDKManager: getManagerInfoListNoTimeOut 1781145311896 getPrintAppInfoString AppInfo{mPackageName='com.ss.android.article.news', mType=7, mUserMarkType=-1}
06-11 10:35:11.904 27947  6660 I GameSpaceUI.COSASDKManager: getManagerInfoListNoTimeOut 1781145311896 getPrintAppInfoString AppInfo{mPackageName='com.android.chrome', mType=7, mUserMarkType=-1}
06-11 10:35:11.904 27947  6660 I GameSpaceUI.COSASDKManager: getManagerInfoListNoTimeOut 1781145311896 getPrintAppInfoString AppInfo{mPackageName='com.UCMobile', mType=7, mUserMarkType=-1}
06-11 10:35:11.904 27947  6660 I GameSpaceUI.COSASDKManager: getManagerInfoListNoTimeOut 1781145311896 getPrintAppInfoString AppInfo{mPackageName='com.yuanlue.sportnote', mType=7, mUserMarkType=-1}
06-11 10:35:11.904 27947  6660 I GameSpaceUI.COSASDKManager: getManagerInfoListNoTimeOut 1781145311896 getPrintAppInfoString AppInfo{mPackageName='com.earthengine.minimalglobe', mType=7, mUserMarkType=-1}
06-11 10:35:11.904 30334 30529 I JniHttpHelper: httpGet called: https://webst01.is.autonavi.com/appmaptile?style=6&x=1629&y=847&z=11
06-11 10:35:11.904 27947  6660 I GameSpaceUI.COSASDKManager: getManagerInfoListNoTimeOut 1781145311896 getPrintAppInfoString AppInfo{mPackageName='com.nearme.gamecenter', mType=7, mUserMarkType=-1}
06-11 10:35:11.904 27947  6660 I GameSpaceUI.COSASDKManager: getManagerInfoListNoTimeOut 1781145311896 getPrintAppInfoString AppInfo{mPackageName='com.ss.android.ugc.aweme', mType=7, mUserMarkType=-1}
06-11 10:35:11.904 27947  6660 I GameSpaceUI.COSASDKManager: getManagerInfoListNoTimeOut 1781145311896 getPrintAppInfoString AppInfo{mPackageName='com.tencent.mobileqq', mType=7, mUserMarkType=-1}
06-11 10:35:11.904 27947  6660 I GameSpaceUI.COSASDKManager: getManagerInfoListNoTimeOut 1781145311896 getPrintAppInfoString AppInfo{mPackageName='com.ss.android.auto', mType=7, mUserMarkType=-1}
06-11 10:35:11.904 27947  6660 I GameSpaceUI.COSASDKManager: getManagerInfoListNoTimeOut 1781145311896 getPrintAppInfoString AppInfo{mPackageName='com.ss.android.lark', mType=7, mUserMarkType=-1}
06-11 10:35:11.904 27947  6660 I GameSpaceUI.COSASDKManager: getManagerInfoListNoTimeOut 1781145311896 getPrintAppInfoString AppInfo{mPackageName='space.xinzhi.map', mType=7, mUserMarkType=-1}
06-11 10:35:11.905 27947  6660 I GameSpaceUI.COSASDKManager: getManagerInfoListNoTimeOut 1781145311896 getPrintAppInfoString AppInfo{mPackageName='com.ikang.official', mType=7, mUserMarkType=-1}
06-11 10:35:11.905 27947  6660 I GameSpaceUI.COSASDKManager: getManagerInfoListNoTimeOut 1781145311896 getPrintAppInfoString AppInfo{mPackageName='com.leihuokeji.qcshop_app', mType=7, mUserMarkType=-1}
06-11 10:35:11.905 27947  6660 I GameSpaceUI.COSASDKManager: getManagerInfoListNoTimeOut 1781145311896 getPrintAppInfoString AppInfo{mPackageName='com.ximalaya.ting.android', mType=7, mUserMarkType=-1}
06-11 10:35:11.905  3189  3253 D SurfaceAnimationRunner: onAnimationStart:Surface(name=Surface(name=546d142 Splash Screen com.earthengine.minimalglobe)/@0xdaadaef - animation-leash of window_animation)/@0x44e39fc
06-11 10:35:11.907  4329  7959 D BLASTBufferQueue: [VRI[minimalglobe]#1335](f:0,a:1) destructor()
06-11 10:35:11.907  4329  7959 D BufferQueueConsumer: [VRI[minimalglobe]#1335(BLAST Consumer)1335](id:10e900000538,api:0,p:-1,c:4329) disconnect
06-11 10:35:11.908  3189  4239 I system_server: _Desupression native alloc gc_urgency: 75652 native bytes: 196999904
06-11 10:35:11.909 27947  1541 I GameSpaceUI.COSASDKManager: getManagerInfoListNoTimeOut 1781145311897 getPrintAppInfoString AppInfo{mPackageName='com.wuba.zhuanzhuan', mType=7, mUserMarkType=-1}
06-11 10:35:11.909  1460  1493 W SeedlingShare: (com.oplus.games, assistant_game_icon_hide_switch_state) not in seeding shared white list.
06-11 10:35:11.911 27947  6660 I GameSpaceUI.COSASDKManager: getManagerInfoListNoTimeOut 1781145311896 getPrintAppInfoString AppInfo{mPackageName='cn.TuHu.android', mType=7, mUserMarkType=-1}
06-11 10:35:11.911 27947  6660 I GameSpaceUI.COSASDKManager: getManagerInfoListNoTimeOut 1781145311896 getPrintAppInfoString AppInfo{mPackageName='com.ovital.ovitalMap', mType=7, mUserMarkType=-1}
06-11 10:35:11.911 27947  6660 I GameSpaceUI.COSASDKManager: getManagerInfoListNoTimeOut 1781145311896 getPrintAppInfoString AppInfo{mPackageName='com.zhihu.android', mType=7, mUserMarkType=-1}
06-11 10:35:11.911 27947  6660 I GameSpaceUI.COSASDKManager: getManagerInfoListNoTimeOut 1781145311896 getPrintAppInfoString AppInfo{mPackageName='com.zsl.petalearth', mType=7, mUserMarkType=-1}
06-11 10:35:11.911 27947  6660 I GameSpaceUI.COSASDKManager: getManagerInfoListNoTimeOut 1781145311896 getPrintAppInfoString AppInfo{mPackageName='space.xinzhi.hiko', mType=7, mUserMarkType=-1}
06-11 10:35:11.911 27947  6660 I GameSpaceUI.COSASDKManager: getManagerInfoListNoTimeOut 1781145311896 getPrintAppInfoString AppInfo{mPackageName='com.dragon.read', mType=7, mUserMarkType=-1}
06-11 10:35:11.911 27947  6660 I GameSpaceUI.COSASDKManager: getManagerInfoListNoTimeOut 1781145311896 getPrintAppInfoString AppInfo{mPackageName='com.larus.nova', mType=7, mUserMarkType=-1}
06-11 10:35:11.911 27947  6660 I GameSpaceUI.COSASDKManager: getManagerInfoListNoTimeOut 1781145311896 getPrintAppInfoString AppInfo{mPackageName='com.coze.space', mType=7, mUserMarkType=-1}
06-11 10:35:11.911 27947  6660 I GameSpaceUI.COSASDKManager: getManagerInfoListNoTimeOut 1781145311896 getPrintAppInfoString AppInfo{mPackageName='com.jingdong.app.mall', mType=7, mUserMarkType=-1}
06-11 10:35:11.911  1460  1493 W AppInfo : AppInfo create Uri content://com.nearme.instant.platform.res/com.coloros.gamespaceui.quickapp.library/manifest.json
06-11 10:35:11.911 27947  6660 I GameSpaceUI.COSASDKManager: getManagerInfoListNoTimeOut 1781145311896 getPrintAppInfoString AppInfo{mPackageName='com.autonavi.minimap', mType=7, mUserMarkType=-1}
06-11 10:35:11.911 27947  6660 I GameSpaceUI.COSASDKManager: getManagerInfoListNoTimeOut 1781145311896 getPrintAppInfoString AppInfo{mPackageName='com.citiccard.mobilebank', mType=7, mUserMarkType=-1}
06-11 10:35:11.911 27947  6660 I GameSpaceUI.COSASDKManager: getManagerInfoListNoTimeOut 1781145311896 getPrintAppInfoString AppInfo{mPackageName='com.taobao.idlefish', mType=7, mUserMarkType=-1}
06-11 10:35:11.911 27947  6660 I GameSpaceUI.COSASDKManager: getManagerInfoListNoTimeOut 1781145311896 getPrintAppInfoString AppInfo{mPackageName='tech.xiaoxiang.emily', mType=7, mUserMarkType=-1}
06-11 10:35:11.911 27947  6660 I GameSpaceUI.COSASDKManager: getManagerInfoListNoTimeOut 1781145311896 getPrintAppInfoString AppInfo{mPackageName='com.sohu.newsclient', mType=7, mUserMarkType=-1}
06-11 10:35:11.911 27947  6660 I GameSpaceUI.COSASDKManager: getManagerInfoListNoTimeOut 1781145311896 getPrintAppInfoString AppInfo{mPackageName='space.xinzhi.cloud', mType=7, mUserMarkType=-1}
06-11 10:35:11.911 27947  6660 I GameSpaceUI.COSASDKManager: getManagerInfoListNoTimeOut 1781145311896 getPrintAppInfoString AppInfo{mPackageName='space.xinzhi.globe', mType=7, mUserMarkType=-1}
06-11 10:35:11.911 27947  6660 I GameSpaceUI.COSASDKManager: getManagerInfoListNoTimeOut 1781145311896 getPrintAppInfoString AppInfo{mPackageName='com.alibaba.android.rimet', mType=7, mUserMarkType=-1}
06-11 10:35:11.911 27947  6660 I GameSpaceUI.COSASDKManager: getManagerInfoListNoTimeOut 1781145311896 getPrintAppInfoString AppInfo{mPackageName='com.kmxs.reader', mType=7, mUserMarkType=-1}
06-11 10:35:11.912 27947  6660 I GameSpaceUI.COSASDKManager: getManagerInfoListNoTimeOut 1781145311896 getPrintAppInfoString AppInfo{mPackageName='com.autonavi.gxdtaojin', mType=7, mUserMarkType=-1}
06-11 10:35:11.912 27947  6660 I GameSpaceUI.COSASDKManager: getManagerInfoListNoTimeOut 1781145311896 getPrintAppInfoString AppInfo{mPackageName='space.xinzhi.fishing', mType=7, mUserMarkType=-1}
06-11 10:35:11.912 27947  6660 I GameSpaceUI.COSASDKManager: getManagerInfoListNoTimeOut 1781145311896 getPrintAppInfoString AppInfo{mPackageName='com.moji.mjweather', mType=7, mUserMarkType=-1}
06-11 10:35:11.912 27947  6660 I GameSpaceUI.COSASDKManager: getManagerInfoListNoTimeOut 1781145311896 getPrintAppInfoString AppInfo{mPackageName='com.android.email', mType=7, mUserMarkType=-1}
06-11 10:35:11.912 27947  6660 I GameSpaceUI.COSASDKManager: getManagerInfoListNoTimeOut 1781145311896 getPrintAppInfoString AppInfo{mPackageName='com.sina.weibo', mType=7, mUserMarkType=-1}
06-11 10:35:11.912 27947  6660 I GameSpaceUI.COSASDKManager: getManagerInfoListNoTimeOut 1781145311896 getPrintAppInfoString AppInfo{mPackageName='com.topgether.sixfoot', mType=7, mUserMarkType=-1}
06-11 10:35:11.912 27947  6660 I GameSpaceUI.COSASDKManager: getManagerInfoListNoTimeOut 1781145311896 getPrintAppInfoString AppInfo{mPackageName='com.lianjia.beike', mType=7, mUserMarkType=-1}
06-11 10:35:11.912 27947  6660 I GameSpaceUI.COSASDKManager: getManagerInfoListNoTimeOut 1781145311896 getPrintAppInfoString AppInfo{mPackageName='com.azure.authenticator', mType=7, mUserMarkType=-1}
06-11 10:35:11.912 27947  6660 I GameSpaceUI.COSASDKManager: getManagerInfoListNoTimeOut 1781145311896 getPrintAppInfoString AppInfo{mPackageName='com.smile.gifmaker', mType=7, mUserMarkType=-1}
06-11 10:35:11.912 30334 30334 I BasemapLayer: Tile uploaded: 3/1/4 256x256
06-11 10:35:11.912 30334 30535 I AndroidBridge: Decoded image 256x256 from 36429 bytes
06-11 10:35:11.914  1460  1493 W PackageFilesValidator: isInvalidResource: AppDistributionMeta is null
06-11 10:35:11.915  1460  1493 W AppInfo : app info parse uri fail. uri: content://com.nearme.instant.platform.res/com.coloros.gamespaceui.quickapp.library/manifest.json##Throwable##java.io.FileNotFoundException: open failed: ENOENT (No such file or directory)
06-11 10:35:11.915  1460  1493 W AppInfo : 	at android.os.ParcelFileDescriptor.openInternal(ParcelFileDescriptor.java:356)
06-11 10:35:11.915  1460  1493 W AppInfo : 	at android.os.ParcelFileDescriptor.open(ParcelFileDescriptor.java:233)
06-11 10:35:11.915  1460  1493 W AppInfo : 	at org.hapjs.cache.CacheProvider.doOpenFile(SourceFile:56)
06-11 10:35:11.915  1460  1493 W AppInfo : 	at org.hapjs.AbstractContentProvider.openFile(SourceFile:4)
06-11 10:35:11.915  1460  1493 W AppInfo : 	at android.content.ContentProvider.openAssetFile(ContentProvider.java:2326)
06-11 10:35:11.915  1460  1493 W AppInfo : 	at org.hapjs.AbstractContentProvider.doOpenAssetFile(SourceFile:1)
06-11 10:35:11.915  1460  1493 W AppInfo : 	at org.hapjs.cache.CacheProvider.doOpenAssetFile(SourceFile:74)
06-11 10:35:11.915  1460  1493 W AppInfo : 	at org.hapjs.AbstractContentProvider.openAssetFile(SourceFile:4)
06-11 10:35:11.915  1460  1493 W AppInfo : 	at android.content.ContentProvider.openTypedAssetFile(ContentProvider.java:2504)
06-11 10:35:11.915  1460  1493 W AppInfo : 	at android.content.ContentProvider.openTypedAssetFile(ContentProvider.java:2571)
06-11 10:35:11.915  1460  1493 W AppInfo : 	at android.content.ContentProvider$Transport.openTypedAssetFile(ContentProvider.java:692)
06-11 10:35:11.915  1460  1493 W AppInfo : 	at android.content.ContentResolver.openTypedAssetFileDescriptor(ContentResolver.java:2097)
06-11 10:35:11.915  1460  1493 W AppInfo : 	at android.content.ContentResolver.openAssetFileDescriptor(ContentResolver.java:1912)
06-11 10:35:11.915  1460  1493 W AppInfo : 	at android.content.ContentResolver.openInputStream(ContentResolver.java:1582)
06-11 10:35:11.915  1460  1493 W AppInfo : 	at org.hapjs.model.AppInfo.fromUri(SourceFile:7)
06-11 10:35:11.915  1460  1493 W AppInfo : 	at org.hapjs.model.AppInfo.create(SourceFile:105)
06-11 10:35:11.915  1460  1493 W AppInfo : 	at org.hapjs.bridge.DefaultAppInfoProvider.create(SourceFile:1)
06-11 10:35:11.915  1460  1493 W AppInfo : 	at a.a.a.nl0.g(SourceFile:58)
06-11 10:35:11.915  1460  1493 W AppInfo : 	at a.a.a.nl0.e(SourceFile:2)
06-11 10:35:11.915  1460  1493 W AppInfo : 	at a.a.a.rp6.d(SourceFile:22)
06-11 10:35:11.915  1460  1493 W AppInfo : 	at a.a.a.rp6.c(SourceFile:52)
06-11 10:35:11.915  1460  1493 W AppInfo : 	at com.nearme.instant.card.SharedDataProvider.setOrUpdateSharedDataInner(SourceFile:48)
06-11 10:35:11.915  1460  1493 W AppInfo : 	at com.nearme.instant.card.SharedDataProvider.setOrUpdateSharedData(SourceFile:61)
06-11 10:35:11.915  1460  1493 W AppInfo : 	at com.nearme.instant.card.SharedDataProvider.doCall(SourceFile:46)
06-11 10:35:11.915  1460  1493 W AppInfo : 	at org.hapjs.AbstractContentProvider.call(SourceFile:4)
06-11 10:35:11.915  1460  1493 W AppInfo : 	at android.content.ContentProvider.call(ContentProvider.java:2773)
06-11 10:35:11.915  1460  1493 W AppInfo : 	at android.content.ContentProvider$Transport.call(ContentProvider.java:653)
06-11 10:35:11.915  1460  1493 W AppInfo : 	at android.content.ContentProviderNative.onTransact(ContentProviderNative.java:307)
06-11 10:35:11.915  1460  1493 W AppInfo : 	at android.os.Binder.execTransactInternal(Binder.java:1444)
06-11 10:35:11.915  1460  1493 W AppInfo : 	at android.os.Binder.execTransact(Binder.java:1378)
06-11 10:35:11.916  1460  1493 E PermissionVerifier: card rpk not exists
06-11 10:35:11.916  1460  1493 W PermissionVerifier: checkWritePermission writer: com.oplus.games not in rpk: com.coloros.gamespaceui.quickapp.library allowed list
06-11 10:35:11.916  1460  1493 W SharedDataProvider: setOrUpdateSharedData no permissions!
06-11 10:35:11.916  3189  3251 I AccessibilityWindowsPopulator: getInsensibleFlag flag = 0
06-11 10:35:11.918  1460 23496 W SeedlingShare: (com.oplus.games, assistant_is_support_hide_game_icon_state) not in seeding shared white list.
06-11 10:35:11.919  1460 23496 W AppInfo : AppInfo create Uri content://com.nearme.instant.platform.res/com.coloros.gamespaceui.quickapp.guide/manifest.json
06-11 10:35:11.920  8454  8173 I ContextAware_AppCardProcessor: [breeno-launcher_2x4]Apps on same screen, apps=[com.android.contacts, com.android.mms, com.oplus.camera, com.alibaba.android.rimet, com.example.findmapbox, com.citiccard.mobilebank, com.chinamworld.bocmbci, com.kmxs.reader, com.ovital.ovitalMap, com.nqsky.rmad.dizhiyun, com.taobao.idlefish, cmb.pb, com.larus.nova]
06-11 10:35:11.920  8454  8173 I ContextAware_AdvertisementManager: [breeno-launcher_2x4]getCommerceAppsByCardName size:6
06-11 10:35:11.920 30334 30334 I BasemapLayer: Tile uploaded: 11/1630/846 256x256
06-11 10:35:11.920 30334 30601 I AndroidBridge: androidHttpGet: env=0xb400007a7da123a0 gJniHttpHelperClass=0x30a6 gHttpGetMethod=0x1 url=https://webst04.is.autonavi.com/appmaptile?style=6&x=0&y=3&z=2
06-11 10:35:11.921  5227 27332 W ONET_NetMonitor: RecvResp seq: 11750 retry: 0 code: 1 httpCode: 200 contentLength: 479 costtime: 49 msg: null
06-11 10:35:11.923 30334 30602 I AndroidBridge: androidHttpGet: env=0xb400007a7da12720 gJniHttpHelperClass=0x30a6 gHttpGetMethod=0x1 url=https://webst01.is.autonavi.com/appmaptile?style=6&x=1&y=3&z=2
06-11 10:35:11.924  1800  1800 D ChargerInfo: getInfo: type: 0x1, update: 1
06-11 10:35:11.925  1800  1875 D ChargerInfo: chargerInfoUpdateThread: update start
06-11 10:35:11.925  8454  8173 I ContextAware_AppCardProcessor: [breeno-launcher_2x4]process fill ad apps: advApps: com.ss.android.ugc.aweme,com.aliyun.tongyi,com.jingdong.app.mall,com.eg.android.AlipayGphone,com.smile.gifmaker,com.sankuai.meituan
06-11 10:35:11.925  8454  8173 I ContextAware_AppFillAdsProcess: [breeno-launcher_2x4]Mix commerce app with commerceAlg=2 advs=[AppAdInfo[pkg=com.ss.android.ugc.aweme, finalScore=413.00003, timeWeight=0.0,  exposeWeight=0.0, habitWeight=0.0, habitHourWeight=0.0,finalWeight=0.0,weight=0.0, deepLink= 1506, routePage = 0, utrackClickUrl=3, utrackExposeUrl=3,iconUrl=null, icon=null, appType=5, expireTimeStamp:1781193599836,apiSource=5, typeCode=6, cpcScore=13.452769, ecpmScore=413.00003, ctrScore=0.0307,title=null, subTitle=null, adSize=71,algorithmScore=0.0, status=[]], AppAdInfo[pkg=com.aliyun.tongyi, finalScore=193.743, timeWeight=0.0,  exposeWeight=0.0, habitWeight=0.0, habitHourWeight=0.0,finalWeight=0.0,weight=0.0, deepLink= 259, routePage = 0, utrackClickUrl=2, utrackExposeUrl=2,iconUrl=null, icon=null, appType=3, expireTimeStamp:1781193599836,apiSource=9, typeCode=6, cpcScore=103.0, ecpmScore=193.743, ctrScore=0.0018798828,title=null, subTitle=null, adSize=71,algorithmScore=0.0, status=[]], AppAdInfo[pkg=com.jingdong.app.mall, finalScore=89.0, timeWeight=0.0,  exposeWeight=0.0, habitWeight=0.0, habitHourWeight=0.0,finalWeight=0.0,weight=0.0, deepLink= 746, routePage = 0, utrackClickUrl=4, utrackExposeUrl=4,iconUrl=null, icon=null, appType=5, expireTimeStamp:1781193599836,apiSource=5, typeCode=6, cpcScore=34.23077, ecpmScore=89.0, ctrScore=0.0026,title=null, subTitle=null, adSize=71,algorithmScore=0.0, status=[]], AppAdInfo[pkg=com.eg.android.AlipayGphone, finalScore=34.0, timeWeight=0.0,  exposeWeight=0.0, habitWeight=0.0, habitHourWeight=0.0,finalWeight=0.0,weight=0.0, deepLink= 1002, routePage = 0, utrackClickUrl=4, utrackExposeUrl=4,iconUrl=null, icon=null, appType=5, expireTimeStamp:1781193599836,apiSource=5, typeCode=6, cpcScore=5.230769, ecpmScore=34.0, ctrScore=0.0065,title=null, subTitle=null, adSize=71,algorithmScore=0.0, status=[]], AppAdInfo[pkg=com.smile.gifmaker, finalScore=30.0, timeWeight=0.0,  exposeWeight=0.0, habitWeight=0.0, habitHourWeight=0.0,finalWeight=0.0,weight=0.0, deepLink= 1132, routePage = 0, utrackClickUrl=3, utrackExposeUrl=3,iconUrl=null, icon=null, appType=5, expireTimeStamp:1781193599836,apiSource=5, typeCode=1, cpcScore=1.6393442, ecpmScore=30.0, ctrScore=0.0183,title=null, subTitle=null, adSize=71,algorithmScore=0.0, status=[]], AppAdInfo[pkg=com.sankuai.meituan, finalScore=26.433, timeWeight=0.0,  exposeWeight=0.0, habitWeight=0.0, habitHourWeight=0.0,finalWeight=0.0,weight=0.0, deepLink= 116, routePage = 0, utrackClickUrl=2, utrackExposeUrl=2,iconUrl=null, icon=null, appType=3, expireTimeStamp:1781193599836,apiSource=9, typeCode=1, cpcScore=9.0, ecpmScore=26.433, ctrScore=0.0029378256,title=null, subTitle=null, adSize=71,algorithmScore=0.0, status=[]]]
06-11 10:35:11.925  8454  8173 I ContextAware_AppFillAdsProcess: [breeno-launcher_2x4]:maxCount:8  adTakeCount:2  adLoadCount:4
06-11 10:35:11.926  8454  8173 I ContextAware_AppFillAdsProcess: current adv app com.ss.android.ugc.aweme in 7 with status 2
06-11 10:35:11.926  8454  8173 I ContextAware_AppFillAdsProcess: current adv app com.aliyun.tongyi in 8 with status 2
06-11 10:35:11.926  8454  8173 I ContextAware_AppFillAdsProcess: not adv app com.github.metacubex.clash.meta in 9
06-11 10:35:11.926  8454  8173 I ContextAware_AppFillAdsProcess: not adv app com.lolaage.tbulu.tools in 10
06-11 10:35:11.926  8454  8173 I ContextAware_AppFillNewActiveProcess: [breeno-launcher_2x4]not support appSugNewAppSwitch
06-11 10:35:11.926  1800  1875 D ChargerInfo: enableTx: path(/proc/wireless/enable_tx): not exist
06-11 10:35:11.926  8454  8173 I ContextAware_AppCardProcessor: [breeno-launcher_2x4]SEND_APP_MESSAGE: commerceAlg=2, resultApps=[AppInfo[pkg=com.earthengine.minimalglobe, appType=0,iconSource=system, recallType=algorithm, deepLink=0,utrackClickUrl=0, utrackExposeUrl=0,icon=0, apiSource=null, typeCode=null, mode=0, advFinalScore=null,  routePage=0,title=null, subTitle=null, adSize=null,probability=0], AppInfo[pkg=space.xinzhi.hiko, appType=0,iconSource=system, recallType=algorithm, deepLink=0,utrackClickUrl=0, utrackExposeUrl=0,icon=0, apiSource=null, typeCode=null, mode=0, advFinalScore=null,  routePage=0,title=null, subTitle=null, adSize=null,probability=0], AppInfo[pkg=com.tencent.mm, appType=0,iconSource=system, recallType=algorithm, deepLink=0,utrackClickUrl=0, utrackExposeUrl=0,icon=0, apiSource=null, typeCode=null, mode=0, advFinalScore=null,  routePage=0,title=null, subTitle=null, adSize=null,probability=0], AppInfo[pkg=space.xinzhi.map, appType=0,iconSource=system, recallType=algorithm, deepLink=0,utrackClickUrl=0, utrackExposeUrl=0,icon=0, apiSource=null, typeCode=null, mode=0, advFinalScore=null,  routePage=0,title=null, subTitle=null, adSize=null,probability=0], AppInfo[pkg=com.ss.android.lark, appType=0,iconSource=system, recallType=algorithm, deepLink=0,utrackClickUrl=0, utrackExposeUrl=0,icon=0, apiSource=null, typeCode=null, mode=0, advFinalScore=null,  routePage=0,title=null, subTitle=null, adSize=null,probability=0], AppInfo[pkg=com.phoenix.read, appType=0,iconSource=system, recallType=algorithm, deepLink=0,utrackClickUrl=0, utrackExposeUrl=0,icon=0, apiSource=null, typeCode=null, mode=0, advFinalScore=null,  routePage=0,title=null, subTitle=null, adSize=null,probability=0], AppInfo[pkg=com.ss.android.ugc.aweme, appType=5,iconSource=system, recallType=ad, deepLink=1506,utrackClickUrl=3, utrackExposeUrl=3,icon=0, apiSource=5, typeCode=6, mode=2, advFinalScore=413.00003,  routePage=0,title=null, subTitle=null, adSize=null,probability=0], AppInfo[pkg=com.aliyun.tongyi, appType=3,iconSource=system, recallType=ad, deepLink=259,utrackClickUrl=2, utrackExposeUrl=2,icon=0, apiSource=9, typeCode=6, mode=2, advFinalScore=193.743,  routePage=0,title=null, subTitle=null, adSize=null,probability=0], AppInfo[pkg=com.github.metacubex.clash.meta, appType=0,iconSource=system, recallType=algorithm, deepLink=0,utrackClickUrl=0, utrackExposeUrl=0,icon=0, apiSource=null, typeCode=null, mode=0, advFinalScore=null,  routePage=0,title=null, subTitle=null, adSize=null,probability=0], AppInfo[pkg=com.lolaage.tbulu.tools, appType=0,iconSource=system, recallType=algorithm, deepLink=0,utrackClickUrl=0, utrackExposeUrl=0,icon=0, apiSource=null, typeCode=null, mode=0, advFinalScore=null,  routePage=0,title=null, subTitle=null, adSize=null,probability=0]], traceId: 4b5b5ab9fa1eb57bee43b590ed4fc7e1-7f36a39df15a405094c9eb901c87dea6
06-11 10:35:11.927  1800  1875 D ChargerInfo: get_ui_charge_icon_type: [0 0] [0 0] 1
06-11 10:35:11.927  1800  1875 E ChargerInfo: SingleHyperPath not found
06-11 10:35:11.927  1800  1875 D ChargerInfo: CarC: path(/sys/class/oplus_chg/battery/gauge_car_c): not exist
06-11 10:35:11.927  1800  1875 D ChargerInfo: chargerInfoUpdateThread: update end
06-11 10:35:11.927  1800  1875 D ChargerInfo: chargerInfoUpdateThread: update wait
06-11 10:35:11.927  1800  1800 D ChargerInfo: enableTx: path(/proc/wireless/enable_tx): not exist
06-11 10:35:11.927  1800  1800 D ChargerInfo: getInfo: {"Update":{"batteryFcc":3942,"batteryRm":3942,"bddLeakCurr":0,"bmsStatus":0,"bypassChgStatus":0,"chargeTimeRemaining":0,"cpaPower":0,"enableTx":true,"fastCharge":0,"isSupportSpeedCharge":0,"notifyCode":1048704,"otgOnline":1,"ppsChargePower":0,"ppsCharging":0,"shortCHwStatus":0,"shortIcOtpStatus":0,"uiIconType":0,"uiPower":0,"usbStatus":0,"wlsAdapterPower":0}}
06-11 10:35:11.927  3189  3251 W SettingsProvider: notifyForSettingsChange delay for eyeprotect_display_cct, value: 6801, delta: 9, lastNotifyTimestamp: 200805641, minInterval: 10
06-11 10:35:11.927  5227 27332 W market_check_upgrade: type: 3 ,request: cost: 156
06-11 10:35:11.927  5227 27332 W market_check_upgrade: type: 3 , response: size: 0
06-11 10:35:11.927  3189  3251 W SettingsProvider: notifyForSettingsChange ignore for eyeprotect_display_cct, value: 6801, delta: -1, lastNotifyTimestamp: 200805651, minInterval: 10
06-11 10:35:11.929  4650 23082 W HapContentObserver: uri: content://appRecommend_data_storage/breeno-launcher_2x4/query
06-11 10:35:11.929  4650 23082 D HapContentObserver: key: 251540744 , task: 70838955
06-11 10:35:11.929  4650 23082 D ContentResolverTask: uri: content://appRecommend_data_storage/breeno-launcher_2x4/query contains: false task: 70838955
06-11 10:35:11.929  4650 23082 D HapContentObserver: key: 82000058 , task: 112544663
06-11 10:35:11.929  4650 23082 D ContentResolverTask: uri: content://appRecommend_data_storage/breeno-launcher_2x4/query contains: false task: 112544663
06-11 10:35:11.930  5227 27332 W market_check_upgrade: type: 3 ,saveUpgradeInfo: 0 ,insert: 0 ,update: 0 ,filter: 0 ,invalid: 0 ,delList: 0 ,patchType: {} ,cost: 2
06-11 10:35:11.930  5227 27332 W market_check_upgrade: type: 3 ,checkUpgrade: cost: 330
06-11 10:35:11.930  1699  1958 D IRIS_LOG_SERV: panelReadWrite: type 255 set color matrix
06-11 10:35:11.931  1699  2116 D IRIS_LOG_SERV: InternalConfig: 191 0
06-11 10:35:11.931  1699  2116 D IRIS_LOG_SERV: InternalConfig: 191 0 ret: 0
06-11 10:35:11.932  1460 23496 W PackageFilesValidator: isInvalidResource: AppDistributionMeta is null
06-11 10:35:11.933 30334 30529 I JniHttpHelper: httpGet OK: https://webst01.is.autonavi.com/appmaptile?style=6&x=1629&y=847&z=11 -> 36178 bytes
06-11 10:35:11.933  8454 13803 D SceneSDK.1.0.4-SNAPSHOT.8454.DeepThinkerAppSwitchAbility: onAppSwitchEvent: AppSwitchEvent(timeStamp=1781145311923, eventType=1, targetName=com.earthengine.minimalglobe, firstStart=true, multiApp=false, windowMode=1, resumingPackageName=, resumingActivityName=, isResumingMultiApp=false, isResumingFirstStart=false)
06-11 10:35:11.933  8454 13803 I metis_v2_AppSwitchDataCollector: AppEnterEvent =  com.earthengine.minimalglobe, windowMode = 1,firstStart = true
06-11 10:35:11.934 30334 30525 I JniHttpHelper: httpGet called: https://webst02.is.autonavi.com/appmaptile?style=6&x=2&y=3&z=3
06-11 10:35:11.934 30334 30536 I JniHttpHelper: httpGet OK: https://webst02.is.autonavi.com/appmaptile?style=6&x=1630&y=847&z=11 -> 33637 bytes
06-11 10:35:11.936  1460 23496 W AppInfo : app info parse uri fail. uri: content://com.nearme.instant.platform.res/com.coloros.gamespaceui.quickapp.guide/manifest.json##Throwable##java.io.FileNotFoundException: open failed: ENOENT (No such file or directory)
06-11 10:35:11.936  1460 23496 W AppInfo : 	at android.os.ParcelFileDescriptor.openInternal(ParcelFileDescriptor.java:356)
06-11 10:35:11.936  1460 23496 W AppInfo : 	at android.os.ParcelFileDescriptor.open(ParcelFileDescriptor.java:233)
06-11 10:35:11.936  1460 23496 W AppInfo : 	at org.hapjs.cache.CacheProvider.doOpenFile(SourceFile:56)
06-11 10:35:11.936  1460 23496 W AppInfo : 	at org.hapjs.AbstractContentProvider.openFile(SourceFile:4)
06-11 10:35:11.936  1460 23496 W AppInfo : 	at android.content.ContentProvider.openAssetFile(ContentProvider.java:2326)
06-11 10:35:11.936  1460 23496 W AppInfo : 	at org.hapjs.AbstractContentProvider.doOpenAssetFile(SourceFile:1)
06-11 10:35:11.936  1460 23496 W AppInfo : 	at org.hapjs.cache.CacheProvider.doOpenAssetFile(SourceFile:74)
06-11 10:35:11.936  1460 23496 W AppInfo : 	at org.hapjs.AbstractContentProvider.openAssetFile(SourceFile:4)
06-11 10:35:11.936  1460 23496 W AppInfo : 	at android.content.ContentProvider.openTypedAssetFile(ContentProvider.java:2504)
06-11 10:35:11.936  1460 23496 W AppInfo : 	at android.content.ContentProvider.openTypedAssetFile(ContentProvider.java:2571)
06-11 10:35:11.936  1460 23496 W AppInfo : 	at android.content.ContentProvider$Transport.openTypedAssetFile(ContentProvider.java:692)
06-11 10:35:11.936  1460 23496 W AppInfo : 	at android.content.ContentResolver.openTypedAssetFileDescriptor(ContentResolver.java:2097)
06-11 10:35:11.936  1460 23496 W AppInfo : 	at android.content.ContentResolver.openAssetFileDescriptor(ContentResolver.java:1912)
06-11 10:35:11.936  1460 23496 W AppInfo : 	at android.content.ContentResolver.openInputStream(ContentResolver.java:1582)
06-11 10:35:11.936  1460 23496 W AppInfo : 	at org.hapjs.model.AppInfo.fromUri(SourceFile:7)
06-11 10:35:11.936  1460 23496 W AppInfo : 	at org.hapjs.model.AppInfo.create(SourceFile:105)
06-11 10:35:11.936  1460 23496 W AppInfo : 	at org.hapjs.bridge.DefaultAppInfoProvider.create(SourceFile:1)
06-11 10:35:11.936  1460 23496 W AppInfo : 	at a.a.a.nl0.g(SourceFile:58)
06-11 10:35:11.936  1460 23496 W AppInfo : 	at a.a.a.nl0.e(SourceFile:2)
06-11 10:35:11.936  1460 23496 W AppInfo : 	at a.a.a.rp6.d(SourceFile:22)
06-11 10:35:11.936  1460 23496 W AppInfo : 	at a.a.a.rp6.c(SourceFile:52)
06-11 10:35:11.936  1460 23496 W AppInfo : 	at com.nearme.instant.card.SharedDataProvider.setOrUpdateSharedDataInner(SourceFile:48)
06-11 10:35:11.936  1460 23496 W AppInfo : 	at com.nearme.instant.card.SharedDataProvider.setOrUpdateSharedData(SourceFile:61)
06-11 10:35:11.936  1460 23496 W AppInfo : 	at com.nearme.instant.card.SharedDataProvider.doCall(SourceFile:46)
06-11 10:35:11.936  1460 23496 W AppInfo : 	at org.hapjs.AbstractContentProvider.call(SourceFile:4)
06-11 10:35:11.936  1460 23496 W AppInfo : 	at android.content.ContentProvider.call(ContentProvider.java:2773)
06-11 10:35:11.936  1460 23496 W AppInfo : 	at android.content.ContentProvider$Transport.call(ContentProvider.java:653)
06-11 10:35:11.936  1460 23496 W AppInfo : 	at android.content.ContentProviderNative.onTransact(ContentProviderNative.java:307)
06-11 10:35:11.936  1460 23496 W AppInfo : 	at android.os.Binder.execTransactInternal(Binder.java:1444)
06-11 10:35:11.936  1460 23496 W AppInfo : 	at android.os.Binder.execTransact(Binder.java:1378)
06-11 10:35:11.936 30334 30584 I JniHttpHelper: httpGet called: https://webst03.is.autonavi.com/appmaptile?style=6&x=1&y=5&z=3
06-11 10:35:11.936  1460 23496 E PermissionVerifier: card rpk not exists
06-11 10:35:11.936  1460 23496 W PermissionVerifier: checkWritePermission writer: com.oplus.games not in rpk: com.coloros.gamespaceui.quickapp.guide allowed list
06-11 10:35:11.937  1460 23496 W SharedDataProvider: setOrUpdateSharedData no permissions!
06-11 10:35:11.937 30334 30529 I AndroidBridge: Decoded image 256x256 from 36178 bytes
06-11 10:35:11.939  8454 17027 D SceneSDK.1.0.4-SNAPSHOT.8454.DeepThinkerAppSwitchAbility: onAppSwitchEvent: AppSwitchEvent(timeStamp=1781145311923, eventType=1, targetName=com.earthengine.minimalglobe, firstStart=true, multiApp=false, windowMode=1, resumingPackageName=, resumingActivityName=, isResumingMultiApp=false, isResumingFirstStart=false)
06-11 10:35:11.939  8454 17027 I ContextAware_AppRecommendAdapter: receive app recommend from AppSwitchEvent(eventId=1, switchInfo=AppSwitchInfo(targetName=com.earthengine.minimalglobe, firstStart=true, multiApp=false, windowMode=1, resumingPackageName=, resumingActivityName=, isResumingFirstStart=false, isResumingMultiApp=false))
06-11 10:35:11.939  1460  1493 W SeedlingShare: (com.oplus.games, assistant_is_support_hide_game_icon_state) not in seeding shared white list.
06-11 10:35:11.940  8454  8173 I metis_v2_BreenoSwitchSettingObserver: panta-sugg-getMasterSwitchStatus from cache:true
06-11 10:35:11.941  1460  1493 W AppInfo : AppInfo create Uri content://com.nearme.instant.platform.res/com.coloros.gamespaceui.quickapp.library/manifest.json
06-11 10:35:11.942  1460  1493 W PackageFilesValidator: isInvalidResource: AppDistributionMeta is null
06-11 10:35:11.943  8454 13803 W metis_v2_AppSwitchDataCollector: fenceKey = com.oplus.metis:TOP_APPLICATION, getExits = [], getEnters = [] packageName = com.earthengine.minimalglobe
06-11 10:35:11.943  8454 13803 W metis_v2_AppSwitchDataCollector: pid = 30334, cachePid=29795
06-11 10:35:11.944  4639  8721 D AppSenseConfig: getIgnoreAppList: [com.android.launcher, com.android.contacts, com.oplus.wirelesssettings, com.coloros.alarmclock, com.coloros.calculator, com.coloros.calendar, com.coloros.phonemanager, com.android.settings, com.android.phone, com.oplus.nas, com.oplus.nhs, com.oplus.appdetail, com.android.permissioncontroller, com.oplus.pscanvas, com.oplus.autotest.test.ctp, com.android.systemui, com.android.systemui.overlay.fingerprint.anim.fy, com.android.systemui.overlay.fingerprint.anim.qy, com.android.systemui.overlay.fingerprint.anim.sw, com.android.systemui.overlay.fingerprint.anim.xw, com.android.systemui.overlay.fingerprint.anim.ccyh, com.android.systemui.overlay.fingerprint.anim.halo, com.android.systemui.overlay.fingerprint.anim.jslz, com.android.systemui.overlay.fingerprint.anim.none, com.android.systemui.overlay.fingerprint.anim.xklc]
06-11 10:35:11.944  4639  8721 D AppSenseConfig: getIgnoreAppList: [com.android.launcher, com.android.contacts, com.oplus.wirelesssettings, com.coloros.alarmclock, com.coloros.calculator, com.coloros.calendar, com.coloros.phonemanager, com.android.settings, com.android.phone, com.oplus.nas, com.oplus.nhs, com.oplus.appdetail, com.android.permissioncontroller, com.oplus.pscanvas, com.oplus.autotest.test.ctp, com.android.systemui, com.android.systemui.overlay.fingerprint.anim.fy, com.android.systemui.overlay.fingerprint.anim.qy, com.android.systemui.overlay.fingerprint.anim.sw, com.android.systemui.overlay.fingerprint.anim.xw, com.android.systemui.overlay.fingerprint.anim.ccyh, com.android.systemui.overlay.fingerprint.anim.halo, com.android.systemui.overlay.fingerprint.anim.jslz, com.android.systemui.overlay.fingerprint.anim.none, com.android.systemui.overlay.fingerprint.anim.xklc]
06-11 10:35:11.944  4639  8721 D ActivityAdapter: taskChange: pre: 1, cur: 1, changed:false
06-11 10:35:11.945  1667 15952 I sensors-hal: handle_oplus_wise_rgb_event:230, wise_rgb:algo_type = 3
06-11 10:35:11.945  1667 15952 I sensors-hal: handle_oplus_wise_rgb_event:285, wise_rgb: raw_lux 517.918823, raw_cct 6407.896973, r/g/b/c: 40697.960938/36043.601562/20271.794922/90640.804688, R/G/B: 0.000000/0.000000/0.000000, brl 1529.000000, lux: 517.918823, cct: 6407.896973, ts 242709263727655, cnt 4207
06-11 10:35:11.946 30334 30334 I BasemapLayer: Tile uploaded: 11/1629/847 256x256
06-11 10:35:11.948 30334 30606 I AndroidBridge: androidHttpGet: env=0xb400007a087c7060 gJniHttpHelperClass=0x30a6 gHttpGetMethod=0x1 url=https://webst03.is.autonavi.com/appmaptile?style=6&x=5&y=5&z=3
06-11 10:35:11.948  8454 13803 I metis_v2_AppSwitchDataCollector:  set isNotifiedTVCast
06-11 10:35:11.950  8852  9153 D SmartSidebar.MetisDataManager: (Sidebar_HandlerThread)updateData: traceId changed to 3f9973f27a9848cebd2ccc582473405e-417df6d5ebdf4e42af78b6ecf75983b8, reported sets cleared
06-11 10:35:11.951  8852  9153 D SmartSidebar.MetisDataManager: (Sidebar_HandlerThread)updateData: success, appList.size=1, traceId=3f9973f27a9848cebd2ccc582473405e-417df6d5ebdf4e42af78b6ecf75983b8
06-11 10:35:11.952  8454 13803 E metis_v2_FactManager: There is no subModel: com.oplus.linker
06-11 10:35:11.952  8454 13803 I metis_v2_AppSwitchDataCollector: Skip call fire
06-11 10:35:11.952 11083 11741 I MSP-LOG-SDK-MspSdk: Sdk has initialized! version:2.0.1.14
06-11 10:35:11.953 30334 30536 I AndroidBridge: Decoded image 256x256 from 33637 bytes
06-11 10:35:11.954  1460  1493 W AppInfo : app info parse uri fail. uri: content://com.nearme.instant.platform.res/com.coloros.gamespaceui.quickapp.library/manifest.json##Throwable##java.io.FileNotFoundException: open failed: ENOENT (No such file or directory)
06-11 10:35:11.954  1460  1493 W AppInfo : 	at android.os.ParcelFileDescriptor.openInternal(ParcelFileDescriptor.java:356)
06-11 10:35:11.954  1460  1493 W AppInfo : 	at android.os.ParcelFileDescriptor.open(ParcelFileDescriptor.java:233)
06-11 10:35:11.954  1460  1493 W AppInfo : 	at org.hapjs.cache.CacheProvider.doOpenFile(SourceFile:56)
06-11 10:35:11.954  1460  1493 W AppInfo : 	at org.hapjs.AbstractContentProvider.openFile(SourceFile:4)
06-11 10:35:11.954  1460  1493 W AppInfo : 	at android.content.ContentProvider.openAssetFile(ContentProvider.java:2326)
06-11 10:35:11.954  1460  1493 W AppInfo : 	at org.hapjs.AbstractContentProvider.doOpenAssetFile(SourceFile:1)
06-11 10:35:11.954  1460  1493 W AppInfo : 	at org.hapjs.cache.CacheProvider.doOpenAssetFile(SourceFile:74)
06-11 10:35:11.954  1460  1493 W AppInfo : 	at org.hapjs.AbstractContentProvider.openAssetFile(SourceFile:4)
06-11 10:35:11.954  1460  1493 W AppInfo : 	at android.content.ContentProvider.openTypedAssetFile(ContentProvider.java:2504)
06-11 10:35:11.954  1460  1493 W AppInfo : 	at android.content.ContentProvider.openTypedAssetFile(ContentProvider.java:2571)
06-11 10:35:11.954  1460  1493 W AppInfo : 	at android.content.ContentProvider$Transport.openTypedAssetFile(ContentProvider.java:692)
06-11 10:35:11.954  1460  1493 W AppInfo : 	at android.content.ContentResolver.openTypedAssetFileDescriptor(ContentResolver.java:2097)
06-11 10:35:11.954  1460  1493 W AppInfo : 	at android.content.ContentResolver.openAssetFileDescriptor(ContentResolver.java:1912)
06-11 10:35:11.954  1460  1493 W AppInfo : 	at android.content.ContentResolver.openInputStream(ContentResolver.java:1582)
06-11 10:35:11.954  1460  1493 W AppInfo : 	at org.hapjs.model.AppInfo.fromUri(SourceFile:7)
06-11 10:35:11.954  1460  1493 W AppInfo : 	at org.hapjs.model.AppInfo.create(SourceFile:105)
06-11 10:35:11.954  1460  1493 W AppInfo : 	at org.hapjs.bridge.DefaultAppInfoProvider.create(SourceFile:1)
06-11 10:35:11.954  1460  1493 W AppInfo : 	at a.a.a.nl0.g(SourceFile:58)
06-11 10:35:11.954  1460  1493 W AppInfo : 	at a.a.a.nl0.e(SourceFile:2)
06-11 10:35:11.954  1460  1493 W AppInfo : 	at a.a.a.rp6.d(SourceFile:22)
06-11 10:35:11.954  1460  1493 W AppInfo : 	at a.a.a.rp6.c(SourceFile:52)
06-11 10:35:11.954  1460  1493 W AppInfo : 	at com.nearme.instant.card.SharedDataProvider.setOrUpdateSharedDataInner(SourceFile:48)
06-11 10:35:11.954  1460  1493 W AppInfo : 	at com.nearme.instant.card.SharedDataProvider.setOrUpdateSharedData(SourceFile:61)
06-11 10:35:11.954  1460  1493 W AppInfo : 	at com.nearme.instant.card.SharedDataProvider.doCall(SourceFile:46)
06-11 10:35:11.954  1460  1493 W AppInfo : 	at org.hapjs.AbstractContentProvider.call(SourceFile:4)
06-11 10:35:11.954  1460  1493 W AppInfo : 	at android.content.ContentProvider.call(ContentProvider.java:2773)
06-11 10:35:11.954  1460  1493 W AppInfo : 	at android.content.ContentProvider$Transport.call(ContentProvider.java:653)
06-11 10:35:11.954  1460  1493 W AppInfo : 	at android.content.ContentProviderNative.onTransact(ContentProviderNative.java:307)
06-11 10:35:11.954  1460  1493 W AppInfo : 	at android.os.Binder.execTransactInternal(Binder.java:1444)
06-11 10:35:11.954  1460  1493 W AppInfo : 	at android.os.Binder.execTransact(Binder.java:1378)
06-11 10:35:11.954  1460  1493 E PermissionVerifier: card rpk not exists
06-11 10:35:11.954  1460  1493 W PermissionVerifier: checkWritePermission writer: com.oplus.games not in rpk: com.coloros.gamespaceui.quickapp.library allowed list
06-11 10:35:11.954  1460  1493 W SharedDataProvider: setOrUpdateSharedData no permissions!
06-11 10:35:11.955 30334 30584 I JniHttpHelper: httpGet OK: https://webst03.is.autonavi.com/appmaptile?style=6&x=1&y=5&z=3 -> 1652 bytes
06-11 10:35:11.955 30334 30588 I JniHttpHelper: httpGet called: https://webst03.is.autonavi.com/appmaptile?style=6&x=2&y=4&z=3
06-11 10:35:11.957  4329  4329 D ZenModeController: Added callback class com.oplus.systemui.qs.tiles.OplusDndTile$1
06-11 10:35:11.957 30334 30543 I JniHttpHelper: httpGet OK: https://webst02.is.autonavi.com/appmaptile?style=6&x=0&y=5&z=3 -> 1668 bytes
06-11 10:35:11.958 30334 30589 I JniHttpHelper: httpGet called: https://webst04.is.autonavi.com/appmaptile?style=6&x=3&y=4&z=3
06-11 10:35:11.958  4329  5643 V OplusCustomizeCacheManager: queryCache name: cache_key.system_server.common_customize_cache11009 param: null
06-11 10:35:11.959 30334 30584 I AndroidBridge: Decoded image 256x256 from 1652 bytes
06-11 10:35:11.960 30334 30525 I JniHttpHelper: httpGet OK: https://webst02.is.autonavi.com/appmaptile?style=6&x=2&y=3&z=3 -> 5336 bytes
06-11 10:35:11.962  1460  1493 W SeedlingShare: (com.oplus.games, assistant_config_card_show_default) not in seeding shared white list.
06-11 10:35:11.962 30334 30334 I BasemapLayer: Tile uploaded: 11/1630/847 256x256
06-11 10:35:11.962 30334 30334 I BasemapLayer: Tile uploaded: 3/1/5 256x256
06-11 10:35:11.963  1460  1493 W AppInfo : AppInfo create Uri content://com.nearme.instant.platform.res/com.coloros.gamespaceui.quickapp.guide/manifest.json
06-11 10:35:11.964  1877  2435 D VRR [OTI-HW]: isStateReady 0
06-11 10:35:11.964  1877  2435 D VRR [OTI-HW]: keep rate.
06-11 10:35:11.965  4329  5643 V OplusCustomizeCacheManager: queryCache name: cache_key.system_server.common_customize_cache18027 param: null
06-11 10:35:11.965  4329  4329 D ZenModeController: Removed callback class com.oplus.systemui.qs.tiles.OplusDndTile$1
06-11 10:35:11.968  1460  1493 W PackageFilesValidator: isInvalidResource: AppDistributionMeta is null
06-11 10:35:11.968  5227 30629 I m.heytap.market: Waiting for a blocking GC Explicit
06-11 10:35:11.970  5227 30632 I m.heytap.market: Waiting for a blocking GC Explicit
06-11 10:35:11.970 30334 30588 I JniHttpHelper: httpGet OK: https://webst03.is.autonavi.com/appmaptile?style=6&x=2&y=4&z=3 -> 6856 bytes
06-11 10:35:11.971  1460  1493 W AppInfo : app info parse uri fail. uri: content://com.nearme.instant.platform.res/com.coloros.gamespaceui.quickapp.guide/manifest.json##Throwable##java.io.FileNotFoundException: open failed: ENOENT (No such file or directory)
06-11 10:35:11.971  1460  1493 W AppInfo : 	at android.os.ParcelFileDescriptor.openInternal(ParcelFileDescriptor.java:356)
06-11 10:35:11.971  1460  1493 W AppInfo : 	at android.os.ParcelFileDescriptor.open(ParcelFileDescriptor.java:233)
06-11 10:35:11.971  1460  1493 W AppInfo : 	at org.hapjs.cache.CacheProvider.doOpenFile(SourceFile:56)
06-11 10:35:11.971  1460  1493 W AppInfo : 	at org.hapjs.AbstractContentProvider.openFile(SourceFile:4)
06-11 10:35:11.971  1460  1493 W AppInfo : 	at android.content.ContentProvider.openAssetFile(ContentProvider.java:2326)
06-11 10:35:11.971  1460  1493 W AppInfo : 	at org.hapjs.AbstractContentProvider.doOpenAssetFile(SourceFile:1)
06-11 10:35:11.971  1460  1493 W AppInfo : 	at org.hapjs.cache.CacheProvider.doOpenAssetFile(SourceFile:74)
06-11 10:35:11.971  1460  1493 W AppInfo : 	at org.hapjs.AbstractContentProvider.openAssetFile(SourceFile:4)
06-11 10:35:11.971  1460  1493 W AppInfo : 	at android.content.ContentProvider.openTypedAssetFile(ContentProvider.java:2504)
06-11 10:35:11.971  1460  1493 W AppInfo : 	at android.content.ContentProvider.openTypedAssetFile(ContentProvider.java:2571)
06-11 10:35:11.971  1460  1493 W AppInfo : 	at android.content.ContentProvider$Transport.openTypedAssetFile(ContentProvider.java:692)
06-11 10:35:11.971  1460  1493 W AppInfo : 	at android.content.ContentResolver.openTypedAssetFileDescriptor(ContentResolver.java:2097)
06-11 10:35:11.971  1460  1493 W AppInfo : 	at android.content.ContentResolver.openAssetFileDescriptor(ContentResolver.java:1912)
06-11 10:35:11.971  1460  1493 W AppInfo : 	at android.content.ContentResolver.openInputStream(ContentResolver.java:1582)
06-11 10:35:11.971  1460  1493 W AppInfo : 	at org.hapjs.model.AppInfo.fromUri(SourceFile:7)
06-11 10:35:11.971  1460  1493 W AppInfo : 	at org.hapjs.model.AppInfo.create(SourceFile:105)
06-11 10:35:11.971  1460  1493 W AppInfo : 	at org.hapjs.bridge.DefaultAppInfoProvider.create(SourceFile:1)
06-11 10:35:11.971  1460  1493 W AppInfo : 	at a.a.a.nl0.g(SourceFile:58)
06-11 10:35:11.971  1460  1493 W AppInfo : 	at a.a.a.nl0.e(SourceFile:2)
06-11 10:35:11.971  1460  1493 W AppInfo : 	at a.a.a.rp6.d(SourceFile:22)
06-11 10:35:11.971  1460  1493 W AppInfo : 	at a.a.a.rp6.c(SourceFile:52)
06-11 10:35:11.971  1460  1493 W AppInfo : 	at com.nearme.instant.card.SharedDataProvider.setOrUpdateSharedDataInner(SourceFile:48)
06-11 10:35:11.971  1460  1493 W AppInfo : 	at com.nearme.instant.card.SharedDataProvider.setOrUpdateSharedData(SourceFile:61)
06-11 10:35:11.971  1460  1493 W AppInfo : 	at com.nearme.instant.card.SharedDataProvider.doCall(SourceFile:46)
06-11 10:35:11.971  1460  1493 W AppInfo : 	at org.hapjs.AbstractContentProvider.call(SourceFile:4)
06-11 10:35:11.971  1460  1493 W AppInfo : 	at android.content.ContentProvider.call(ContentProvider.java:2773)
06-11 10:35:11.971  1460  1493 W AppInfo : 	at android.content.ContentProvider$Transport.call(ContentProvider.java:653)
06-11 10:35:11.971  1460  1493 W AppInfo : 	at android.content.ContentProviderNative.onTransact(ContentProviderNative.java:307)
06-11 10:35:11.971  1460  1493 W AppInfo : 	at android.os.Binder.execTransactInternal(Binder.java:1444)
06-11 10:35:11.971  1460  1493 W AppInfo : 	at android.os.Binder.execTransact(Binder.java:1378)
06-11 10:35:11.971  1460  1493 E PermissionVerifier: card rpk not exists
06-11 10:35:11.971  1460  1493 W PermissionVerifier: checkWritePermission writer: com.oplus.games not in rpk: com.coloros.gamespaceui.quickapp.guide allowed list
06-11 10:35:11.971 30334 30592 I JniHttpHelper: httpGet called: https://webst04.is.autonavi.com/appmaptile?style=6&x=2&y=5&z=3
06-11 10:35:11.971  1460  1493 W SharedDataProvider: setOrUpdateSharedData no permissions!
06-11 10:35:11.971 30334 30597 I JniHttpHelper: httpGet called: https://webst01.is.autonavi.com/appmaptile?style=6&x=3&y=5&z=3
06-11 10:35:11.979 30334 30511 I JniHttpHelper: httpGet OK: https://webst01.is.autonavi.com/appmaptile?style=6&x=1&y=3&z=3 -> 5650 bytes
06-11 10:35:11.979 30334 30601 I JniHttpHelper: httpGet called: https://webst04.is.autonavi.com/appmaptile?style=6&x=0&y=3&z=2
06-11 10:35:11.983  8454  8173 I ContextAware_AppCardProcessor: [breeno-launcher]Apps on same screen, apps=[com.android.contacts, com.android.mms, com.oplus.camera, com.alibaba.android.rimet, com.example.findmapbox, com.citiccard.mobilebank, com.chinamworld.bocmbci, com.kmxs.reader, com.ovital.ovitalMap, com.nqsky.rmad.dizhiyun, com.taobao.idlefish, cmb.pb, com.larus.nova]
06-11 10:35:11.983  8454  8173 I ContextAware_AdvertisementManager: [breeno-launcher]getCommerceAppsByCardName size:6
06-11 10:35:11.983  8454  8173 I ContextAware_AppCardProcessor: [breeno-launcher]process fill ad apps: advApps: com.ss.android.ugc.aweme,com.aliyun.tongyi,com.jingdong.app.mall,com.eg.android.AlipayGphone,com.smile.gifmaker,com.sankuai.meituan
06-11 10:35:11.983  8454  8173 I ContextAware_AppFillAdsProcess: [breeno-launcher]Mix commerce app with commerceAlg=2 advs=[AppAdInfo[pkg=com.ss.android.ugc.aweme, finalScore=413.00003, timeWeight=0.0,  exposeWeight=0.0, habitWeight=0.0, habitHourWeight=0.0,finalWeight=0.0,weight=0.0, deepLink= 1506, routePage = 0, utrackClickUrl=3, utrackExposeUrl=3,iconUrl=null, icon=null, appType=5, expireTimeStamp:1781193599836,apiSource=5, typeCode=6, cpcScore=13.452769, ecpmScore=413.00003, ctrScore=0.0307,title=null, subTitle=null, adSize=71,algorithmScore=0.0, status=[]], AppAdInfo[pkg=com.aliyun.tongyi, finalScore=193.743, timeWeight=0.0,  exposeWeight=0.0, habitWeight=0.0, habitHourWeight=0.0,finalWeight=0.0,weight=0.0, deepLink= 259, routePage = 0, utrackClickUrl=2, utrackExposeUrl=2,iconUrl=null, icon=null, appType=3, expireTimeStamp:1781193599836,apiSource=9, typeCode=6, cpcScore=103.0, ecpmScore=193.743, ctrScore=0.0018798828,title=null, subTitle=null, adSize=71,algorithmScore=0.0, status=[]], AppAdInfo[pkg=com.jingdong.app.mall, finalScore=89.0, timeWeight=0.0,  exposeWeight=0.0, habitWeight=0.0, habitHourWeight=0.0,finalWeight=0.0,weight=0.0, deepLink= 746, routePage = 0, utrackClickUrl=4, utrackExposeUrl=4,iconUrl=null, icon=null, appType=5, expireTimeStamp:1781193599836,apiSource=5, typeCode=6, cpcScore=34.23077, ecpmScore=89.0, ctrScore=0.0026,title=null, subTitle=null, adSize=71,algorithmScore=0.0, status=[]], AppAdInfo[pkg=com.eg.android.AlipayGphone, finalScore=34.0, timeWeight=0.0,  exposeWeight=0.0, habitWeight=0.0, habitHourWeight=0.0,finalWeight=0.0,weight=0.0, deepLink= 1002, routePage = 0, utrackClickUrl=4, utrackExposeUrl=4,iconUrl=null, icon=null, appType=5, expireTimeStamp:1781193599836,apiSource=5, typeCode=6, cpcScore=5.230769, ecpmScore=34.0, ctrScore=0.0065,title=null, subTitle=null, adSize=71,algorithmScore=0.0, status=[]], AppAdInfo[pkg=com.smile.gifmaker, finalScore=30.0, timeWeight=0.0,  exposeWeight=0.0, habitWeight=0.0, habitHourWeight=0.0,finalWeight=0.0,weight=0.0, deepLink= 1132, routePage = 0, utrackClickUrl=3, utrackExposeUrl=3,iconUrl=null, icon=null, appType=5, expireTimeStamp:1781193599836,apiSource=5, typeCode=1, cpcScore=1.6393442, ecpmScore=30.0, ctrScore=0.0183,title=null, subTitle=null, adSize=71,algorithmScore=0.0, status=[]], AppAdInfo[pkg=com.sankuai.meituan, finalScore=26.433, timeWeight=0.0,  exposeWeight=0.0, habitWeight=0.0, habitHourWeight=0.0,finalWeight=0.0,weight=0.0, deepLink= 116, routePage = 0, utrackClickUrl=2, utrackExposeUrl=2,iconUrl=null, icon=null, appType=3, expireTimeStamp:1781193599836,apiSource=9, typeCode=1, cpcScore=9.0, ecpmScore=26.433, ctrScore=0.0029378256,title=null, subTitle=null, adSize=71,algorithmScore=0.0, status=[]]]
06-11 10:35:11.983  8454  8173 I ContextAware_AppFillAdsProcess: [breeno-launcher]:maxCount:4  adTakeCount:1  adLoadCount:2
06-11 10:35:11.983  8454  8173 I ContextAware_AppFillAdsProcess: current adv app com.ss.android.ugc.aweme in 4 with status 2
06-11 10:35:11.983  8454  8173 I ContextAware_AppFillAdsProcess: not adv app space.xinzhi.map in 5
06-11 10:35:11.983  8454  8173 I ContextAware_AppFillNewActiveProcess: [breeno-launcher]not support appSugNewAppSwitch
06-11 10:35:11.985 30334 30633 I AndroidBridge: androidHttpGet: env=0xb400007ad79f4860 gJniHttpHelperClass=0x30a6 gHttpGetMethod=0x1 url=https://webst03.is.autonavi.com/appmaptile?style=6&x=4&y=6&z=3
06-11 10:35:11.985 30334 30639 I AndroidBridge: androidHttpGet: env=0xb400007a087c74c0 gJniHttpHelperClass=0x30a6 gHttpGetMethod=0x1 url=https://webst04.is.autonavi.com/appmaptile?style=6&x=5&y=6&z=3
06-11 10:35:11.987  8454  8173 I ContextAware_AppCardProcessor: [breeno-launcher]SEND_APP_MESSAGE: commerceAlg=2, resultApps=[AppInfo[pkg=com.earthengine.minimalglobe, appType=0,iconSource=system, recallType=algorithm, deepLink=0,utrackClickUrl=0, utrackExposeUrl=0,icon=0, apiSource=null, typeCode=null, mode=0, advFinalScore=null,  routePage=0,title=null, subTitle=null, adSize=null,probability=0], AppInfo[pkg=space.xinzhi.hiko, appType=0,iconSource=system, recallType=algorithm, deepLink=0,utrackClickUrl=0, utrackExposeUrl=0,icon=0, apiSource=null, typeCode=null, mode=0, advFinalScore=null,  routePage=0,title=null, subTitle=null, adSize=null,probability=0], AppInfo[pkg=com.tencent.mm, appType=0,iconSource=system, recallType=algorithm, deepLink=0,utrackClickUrl=0, utrackExposeUrl=0,icon=0, apiSource=null, typeCode=null, mode=0, advFinalScore=null,  routePage=0,title=null, subTitle=null, adSize=null,probability=0], AppInfo[pkg=com.ss.android.ugc.aweme, appType=5,iconSource=system, recallType=ad, deepLink=1506,utrackClickUrl=3, utrackExposeUrl=3,icon=0, apiSource=5, typeCode=6, mode=2, advFinalScore=413.00003,  routePage=0,title=null, subTitle=null, adSize=null,probability=0], AppInfo[pkg=space.xinzhi.map, appType=0,iconSource=system, recallType=algorithm, deepLink=0,utrackClickUrl=0, utrackExposeUrl=0,icon=0, apiSource=null, typeCode=null, mode=0, advFinalScore=null,  routePage=0,title=null, subTitle=null, adSize=null,probability=0], AppInfo[pkg=com.ss.android.lark, appType=0,iconSource=system, recallType=algorithm, deepLink=0,utrackClickUrl=0, utrackExposeUrl=0,icon=0, apiSource=null, typeCode=null, mode=0, advFinalScore=null,  routePage=0,title=null, subTitle=null, adSize=null,probability=0], AppInfo[pkg=com.phoenix.read, appType=0,iconSource=system, recallType=algorithm, deepLink=0,utrackClickUrl=0, utrackExposeUrl=0,icon=0, apiSource=null, typeCode=null, mode=0, advFinalScore=null,  routePage=0,title=null, subTitle=null, adSize=null,probability=0], AppInfo[pkg=com.github.metacubex.clash.meta, appType=0,iconSource=system, recallType=algorithm, deepLink=0,utrackClickUrl=0, utrackExposeUrl=0,icon=0, apiSource=null, typeCode=null, mode=0, advFinalScore=null,  routePage=0,title=null, subTitle=null, adSize=null,probability=0], AppInfo[pkg=com.lolaage.tbulu.tools, appType=0,iconSource=system, recallType=algorithm, deepLink=0,utrackClickUrl=0, utrackExposeUrl=0,icon=0, apiSource=null, typeCode=null, mode=0, advFinalScore=null,  routePage=0,title=null, subTitle=null, adSize=null,probability=0], AppInfo[pkg=com.heytap.browser, appType=0,iconSource=system, recallType=algorithm, deepLink=0,utrackClickUrl=0, utrackExposeUrl=0,icon=0, apiSource=null, typeCode=null, mode=0, advFinalScore=null,  routePage=0,title=null, subTitle=null, adSize=null,probability=0]], traceId: 4b5b5ab9fa1eb57bee43b590ed4fc7e1-068ee91f0f0d446297d61c207f1a45e1
06-11 10:35:11.992  6128  6185 I ostats_tpd: stats_write, records atomId:100100, event_id:860, cpu:3, values: 860-0-1-175-(cpu-1-1)-30-0-1
06-11 10:35:11.992  6140  6279 I ThermalEngine: VIRTUAL-CPU-NSP, Update received trip sensor cpu-1-1 70000
06-11 10:35:11.992 30334 30588 I AndroidBridge: Decoded image 256x256 from 6856 bytes
06-11 10:35:11.993 30334 30511 I AndroidBridge: Decoded image 256x256 from 5650 bytes
06-11 10:35:11.995  4650 23082 W HapContentObserver: uri: content://appRecommend_data_storage/breeno-launcher/query
06-11 10:35:11.995  4650 23082 D HapContentObserver: key: 251540744 , task: 70838955
06-11 10:35:11.995  4650 23082 D ContentResolverTask: uri: content://appRecommend_data_storage/breeno-launcher/query contains: false task: 70838955
06-11 10:35:11.995  4650 23082 D HapContentObserver: key: 82000058 , task: 112544663
06-11 10:35:11.995  4650 23082 D ContentResolverTask: uri: content://appRecommend_data_storage/breeno-launcher/query contains: false task: 112544663
06-11 10:35:11.995  4650 23082 D HapContentObserver: find dispatch uri: content://appRecommend_data_storage/breeno-launcher/query
06-11 10:35:11.995  4650 23082 D ContentResolverTask: notifyChange: content://appRecommend_data_storage/breeno-launcher/query, mRequestMap contains: true mRequestMap.size: 1 task:112544663 instant:15
06-11 10:35:11.995  4650 23082 W ContentResolverTask: request callback: 247
06-11 10:35:11.995 30334 30334 I BasemapLayer: Tile uploaded: 3/2/4 256x256
06-11 10:35:11.996 30334 30334 I BasemapLayer: Tile uploaded: 3/1/3 256x256
06-11 10:35:11.997 30334 30543 I AndroidBridge: Decoded image 256x256 from 1668 bytes
06-11 10:35:11.998 30334 30525 I AndroidBridge: Decoded image 256x256 from 5336 bytes
06-11 10:35:11.998 30334 30597 I JniHttpHelper: httpGet OK: https://webst01.is.autonavi.com/appmaptile?style=6&x=3&y=5&z=3 -> 1893 bytes
06-11 10:35:11.956 11083 11741 E MSP-LOG-SDK-RateLimitManager: not_allow_invoke because of time_window_not_allow queue = [1781143252335], config = RateLimitConfig{maxCalls=1, timeWindowSeconds=7200, callIntervalSeconds=0}, ipcInvokeTimeQueueMapKey = com.heytap.nearx.tangramconfig.kit.client.ICloudCtrlServiceModule?@?compass_143100?@?3?@?com.coloros.phonemanager, has already call 1 times in 7200 seconds before
06-11 10:35:12.000 11083 11741 E MSP-LOG-SDK-: MspSdkException{code=3014,message=com.heytap.mspsdk.ratelimit.MspRateLimitExceededException: ipc rate limit exceeded in time window}
06-11 10:35:12.000 11083 11741 E MSP-LOG-SDK-: 	at com.heytap.mspsdk.ratelimit.b.a(RateLimitInterceptor.java:56)
06-11 10:35:12.000 11083 11741 E MSP-LOG-SDK-: 	at com.heytap.mspsdk.interceptor.c.a(StandardListChain.java:40)
06-11 10:35:12.000 11083 11741 E MSP-LOG-SDK-: 	at com.heytap.mspsdk.proxy.b.a(CompatCheckInterceptor.java:30)
06-11 10:35:12.000 11083 11741 E MSP-LOG-SDK-: 	at com.heytap.mspsdk.interceptor.c.a(StandardListChain.java:40)
06-11 10:35:12.000 11083 11741 E MSP-LOG-SDK-: 	at com.heytap.mspsdk.proxy.e.invoke(InnerInvocationHandler.java:202)
06-11 10:35:12.000 11083 11741 E MSP-LOG-SDK-: 	at java.lang.reflect.Proxy.invoke(Proxy.java:1006)
06-11 10:35:12.000 11083 11741 E MSP-LOG-SDK-: 	at $Proxy12.gatewayUpdate(Unknown Source)
06-11 10:35:12.000 11083 11741 E MSP-LOG-SDK-: 	at com.heytap.nearx.tangramconfig.kit.client.KitProxy.gatewayUpdate$lambda$2(KitProxy.kt:20)
06-11 10:35:12.000 11083 11741 E MSP-LOG-SDK-: 	at com.heytap.nearx.tangramconfig.kit.client.KitProxy.a(KitProxy.kt:1)
06-11 10:35:12.000 11083 11741 E MSP-LOG-SDK-: 	at com.heytap.nearx.tangramconfig.kit.client.a.run(R8$$SyntheticClass:9)
06-11 10:35:12.000 11083 11741 E MSP-LOG-SDK-: 	at java.util.concurrent.ThreadPoolExecutor.runWorker(ThreadPoolExecutor.java:1156)
06-11 10:35:12.000 11083 11741 E MSP-LOG-SDK-: 	at java.util.concurrent.ThreadPoolExecutor$Worker.run(ThreadPoolExecutor.java:651)
06-11 10:35:12.000 11083 11741 E MSP-LOG-SDK-: 	at java.lang.Thread.run(Thread.java:1119)
06-11 10:35:12.000 30334 30641 I AndroidBridge: androidHttpGet: env=0xb400007a7da0fee0 gJniHttpHelperClass=0x30a6 gHttpGetMethod=0x1 url=https://webst04.is.autonavi.com/appmaptile?style=6&x=4&y=7&z=3
06-11 10:35:12.000 30334 30641 I JniHttpHelper: httpGet called: https://webst04.is.autonavi.com/appmaptile?style=6&x=4&y=7&z=3
06-11 10:35:12.000  1460 23496 W SeedlingShare: (com.oplus.games, assistant_config_card_show_default) not in seeding shared white list.
06-11 10:35:12.002 30334 30597 I AndroidBridge: Decoded image 256x256 from 1893 bytes
06-11 10:35:12.003 30334 30645 I AndroidBridge: androidHttpGet: env=0xb400007a7da12f00 gJniHttpHelperClass=0x30a6 gHttpGetMethod=0x1 url=https://webst01.is.autonavi.com/appmaptile?style=6&x=5&y=7&z=3
06-11 10:35:12.003 25958 26007 I MMKV    : <MMKV_IO.cpp:456::writeActualSize> [mmkv.default] increase sequence to 350516, crc 3393425432, actualSize 769
06-11 10:35:12.007  4650 23595 D JsConsole: breeno2X2-launcher(rsUDrjLDfb7Y)::content_provider_channel: register success _channelStatus(subscribed
06-11 10:35:12.012 30334 30334 I BasemapLayer: Tile uploaded: 3/0/5 256x256
06-11 10:35:12.012 30334 30334 I BasemapLayer: Tile uploaded: 3/2/3 256x256
06-11 10:35:12.016  1460 23496 W AppInfo : AppInfo create Uri content://com.nearme.instant.platform.res/com.coloros.gamespaceui.quickapp.library/manifest.json
06-11 10:35:12.018 30334 30647 I AndroidBridge: androidHttpGet: env=0xb400007a7da13360 gJniHttpHelperClass=0x30a6 gHttpGetMethod=0x1 url=https://webst03.is.autonavi.com/appmaptile?style=6&x=7&y=7&z=3
06-11 10:35:12.018  8454  8173 I ContextAware_AppCardProcessor: [subscription2x4-launcher]no card, release not send
06-11 10:35:12.018  1460 23496 W PackageFilesValidator: isInvalidResource: AppDistributionMeta is null
06-11 10:35:12.028  8454  8173 I ContextAware_AppCardProcessor: [subscription2x4-assistant]Apps on same screen, apps=[]
06-11 10:35:12.028  1708  8308 E ANDR-PERF-LM: VmRssMeter:: start() 358: Could not find pid, can not collect vmrss data
06-11 10:35:12.028  1708  8308 E ANDR-PERF-LM: AdaptiveLaunch: writeToDataBase() 64: Meter aborted or could not get meter data for this run
06-11 10:35:12.028  8454  8173 I ContextAware_AdvertisementManager: [subscription2x4-assistant]getCommerceAppsByCardName size:0
06-11 10:35:12.028  8454  8173 I ContextAware_AppCardProcessor: [subscription2x4-assistant]process fill ad apps: advApps: 
06-11 10:35:12.028  8454  8173 I ContextAware_AppFillAdsProcess: [subscription2x4-assistant]process fill ad apps: adv is null
06-11 10:35:12.028  8454  8173 I ContextAware_AppCardProcessor: [subscription2x4-assistant]SEND_APP_MESSAGE: commerceAlg=2, resultApps=[AppInfo[pkg=com.earthengine.minimalglobe, appType=0,iconSource=system, recallType=algorithm, deepLink=0,utrackClickUrl=0, utrackExposeUrl=0,icon=0, apiSource=null, typeCode=null, mode=0, advFinalScore=null,  routePage=0,title=null, subTitle=null, adSize=null,probability=0], AppInfo[pkg=space.xinzhi.hiko, appType=0,iconSource=system, recallType=algorithm, deepLink=0,utrackClickUrl=0, utrackExposeUrl=0,icon=0, apiSource=null, typeCode=null, mode=0, advFinalScore=null,  routePage=0,title=null, subTitle=null, adSize=null,probability=0], AppInfo[pkg=com.tencent.mm, appType=0,iconSource=system, recallType=algorithm, deepLink=0,utrackClickUrl=0, utrackExposeUrl=0,icon=0, apiSource=null, typeCode=null, mode=0, advFinalScore=null,  routePage=0,title=null, subTitle=null, adSize=null,probability=0], AppInfo[pkg=space.xinzhi.map, appType=0,iconSource=system, recallType=algorithm, deepLink=0,utrackClickUrl=0, utrackExposeUrl=0,icon=0, apiSource=null, typeCode=null, mode=0, advFinalScore=null,  routePage=0,title=null, subTitle=null, adSize=null,probability=0], AppInfo[pkg=com.ss.android.lark, appType=0,iconSource=system, recallType=algorithm, deepLink=0,utrackClickUrl=0, utrackExposeUrl=0,icon=0, apiSource=null, typeCode=null, mode=0, advFinalScore=null,  routePage=0,title=null, subTitle=null, adSize=null,probability=0], AppInfo[pkg=com.phoenix.read, appType=0,iconSource=system, recallType=algorithm, deepLink=0,utrackClickUrl=0, utrackExposeUrl=0,icon=0, apiSource=null, typeCode=null, mode=0, advFinalScore=null,  routePage=0,title=null, subTitle=null, adSize=null,probability=0], AppInfo[pkg=com.github.metacubex.clash.meta, appType=0,iconSource=system, recallType=algorithm, deepLink=0,utrackClickUrl=0, utrackExposeUrl=0,icon=0, apiSource=null, typeCode=null, mode=0, advFinalScore=null,  routePage=0,title=null, subTitle=null, adSize=null,probability=0], AppInfo[pkg=com.lolaage.tbulu.tools, appType=0,iconSource=system, recallType=algorithm, deepLink=0,utrackClickUrl=0, utrackExposeUrl=0,icon=0, apiSource=null, typeCode=null, mode=0, advFinalScore=null,  routePage=0,title=null, subTitle=null, adSize=null,probability=0], AppInfo[pkg=com.heytap.browser, appType=0,iconSource=system, recallType=algorithm, deepLink=0,utrackClickUrl=0, utrackExposeUrl=0,icon=0, apiSource=null, typeCode=null, mode=0, advFinalScore=null,  routePage=0,title=null, subTitle=null, adSize=null,probability=0], AppInfo[pkg=com.future.landscape, appType=0,iconSource=system, recallType=algorithm, deepLink=0,utrackClickUrl=0, utrackExposeUrl=0,icon=0, apiSource=null, typeCode=null, mode=0, advFinalScore=null,  routePage=0,title=null, subTitle=null, adSize=null,probability=0]], traceId: f48df78d2c8656e5f657596c8af8ac09-889a8b07e78145b4bd00ff22f05420c4
06-11 10:35:12.029 30334 30334 I BasemapLayer: Tile uploaded: 3/3/5 256x256
06-11 10:35:12.032  4639  8514 D NetworkService[1]: getIfIndexByNetid netId:194,ifName:wlan0,ifIndex:30
06-11 10:35:12.033 19629 19710 D WM-SystemJobScheduler: Scheduling work ID c5273a52-bcf6-411b-a5ec-14d8954e5259Job ID 4796
06-11 10:35:12.036 30334 30589 I JniHttpHelper: httpGet OK: https://webst04.is.autonavi.com/appmaptile?style=6&x=3&y=4&z=3 -> 2621 bytes
06-11 10:35:12.037 30334 30602 I JniHttpHelper: httpGet called: https://webst01.is.autonavi.com/appmaptile?style=6&x=1&y=3&z=2
06-11 10:35:12.040 25296 26328 W HapContentObserver: uri: content://appRecommend_data_storage/subscription2x4-assistant/query
06-11 10:35:12.040 25296 26328 D HapContentObserver: key: 77112956 , task: 170344353
06-11 10:35:12.040 25296 26328 D ContentResolverTask: uri: content://appRecommend_data_storage/subscription2x4-assistant/query contains: false task: 170344353
06-11 10:35:12.046 30334 30601 I JniHttpHelper: httpGet OK: https://webst04.is.autonavi.com/appmaptile?style=6&x=0&y=3&z=2 -> 3476 bytes
06-11 10:35:12.047  3189  5025 W PackageManager: package com.oplus.dmp uid 10125 pid 19629 call SetEnabledSetting(com.oplus.dmp component = androidx.work.impl.background.systemalarm.RescheduleReceiver, 1, 0)
06-11 10:35:12.048 19629 19731 D WM-PackageManagerHelper: androidx.work.impl.background.systemalarm.RescheduleReceiver enabled
06-11 10:35:12.048 30334 30606 I JniHttpHelper: httpGet called: https://webst03.is.autonavi.com/appmaptile?style=6&x=5&y=5&z=3
06-11 10:35:12.052 30334 30602 I JniHttpHelper: httpGet OK: https://webst01.is.autonavi.com/appmaptile?style=6&x=1&y=3&z=2 -> 4401 bytes
06-11 10:35:12.052 30334 30633 I JniHttpHelper: httpGet called: https://webst03.is.autonavi.com/appmaptile?style=6&x=4&y=6&z=3
06-11 10:35:12.053 30334 30589 I AndroidBridge: Decoded image 256x256 from 2621 bytes
06-11 10:35:12.055  3189  3253 D SurfaceAnimationRunner: onAnimationEnd:Surface(name=Surface(name=546d142 Splash Screen com.earthengine.minimalglobe)/@0xdaadaef - animation-leash of window_animation)/@0x44e39fc
06-11 10:35:12.055  3189  3252 I WindowStateExtImpl: onSurfaceShowChange show = false mPackageName = com.earthengine.minimalglobe parentPkgName = com.earthengine.minimalglobe
06-11 10:35:12.055  3189  3252 I WindowManager: Window{546d142 u0 Splash Screen com.earthengine.minimalglobe EXITING} state from HAS_DRAWN to NO_SURFACE; reason: destroySurface
06-11 10:35:12.056  3189  3252 D DisplayModeDirector: setAppRequest displayId : 4  modeId: 0  requestedRefreshRate: 0.0  requestedMinRefreshRateRange: 0.0  requestedMaxRefreshRateRange: 0.0
06-11 10:35:12.057  3189  3252 D VRR [OPlusRefreshRatePolicy]: setRefreshRatePolicy policy=POLICY_SYSTEM, refreshRate=120, statusOn=false
06-11 10:35:12.057  3189  3252 D VRR [OPlusRefreshRatePolicy]: setRefreshRatePolicy policy=POLICY_SYSTEM, refreshRate=60, statusOn=true
06-11 10:35:12.057  3189  3252 W SettingsProvider: notifyForSettingsChange delay for adfr_policy_change, value: 1904, delta: 0, lastNotifyTimestamp: 200805780, minInterval: 10
06-11 10:35:12.057  3189  3252 D RefreshRate: Refresh rate changing from 120.00001 to 60.000004,maxRefreshRate=60.000004 FOR:{
06-11 10:35:12.057  3189  3252 D RefreshRate:     | COURSE[; Win preferred rateId=2, appReqFirst=false, data= RateData{,mWindowOverrideRateId:2} ;win name:com.earthengine.minimalglobe/com.earthengine.minimalglobe.MainActivity]
06-11 10:35:12.057  3189  3252 D RefreshRate:     | VOTES[PRIORITY_WINDOW_REQUEST -> Vote{mRefreshRate=60.0, mMinRefreshRate=60.0, mRequestSource=null};]
06-11 10:35:12.057  3189  3252 D RefreshRate:     | TIME:2026-06-11 02:35:12}
06-11 10:35:12.057  3189  3252 D DisplayModeDirector: setAppRequest displayId : 0  modeId: 2  requestedRefreshRate: 0.0  requestedMinRefreshRateRange: 0.0  requestedMaxRefreshRateRange: 60.000004
06-11 10:35:12.058  3189  3251 D DisplayManagerServiceExtImpl: scheduleTraversalLocked intraversal=false
06-11 10:35:12.058  3189  3251 D DisplayManagerService: MSG_REQUEST_TRAVERSAL pendingCompleted=false
06-11 10:35:12.059  3189  3252 D DisplayModeDirector: setAppRequest displayId : 4  modeId: 0  requestedRefreshRate: 0.0  requestedMinRefreshRateRange: 0.0  requestedMaxRefreshRateRange: 0.0
06-11 10:35:12.059  3189  3252 D DisplayModeDirector: setAppRequest displayId : 0  modeId: 2  requestedRefreshRate: 0.0  requestedMinRefreshRateRange: 0.0  requestedMaxRefreshRateRange: 60.000004
06-11 10:35:12.059  3189  3252 D DisplayManagerService: performTraversalInternal pendingTraversal
06-11 10:35:12.059  3189  3252 D DisplayDevice: setLayerStackLocked id=local:4630946283567114626 token=android.os.BinderProxy@39b679e stack=0->0
06-11 10:35:12.059  3189  3252 D DisplayDevice: setLayerStackLocked id=virtual:com.tencent.android.qqdownloader,10370,install_display_yyb,1 token=android.os.BinderProxy@9fc52aa stack=-1->-1
06-11 10:35:12.059  3189  3338 D LocalDisplayAdapter: setDesiredDisplayModeSpecsAsync: display unique id = local:4630946283567114626, display mode specs = defaultMode=1 allowGroupSwitching=false primaryRanges=physical: (0.0 120.00001) render:  (0.0 60.000004) appRequestRanges=physical: (0.0 120.00001) render:  (0.0 60.000004) idleScreenRefreshRate=null
06-11 10:35:12.060  1877  2189 D SurfaceFlinger: VRR [SurfaceFlinger] setDesiredDisplayModeSpecs, from process 3189, 1, 0, primaryRanges = [ 0.000000, 120.000008, 0.000000, 60.000004 ], appRequestRanges = [ 0.000000, 120.000008, 0.000000 60.000004 ]
06-11 10:35:12.060  1877  1877 I RefreshRateSelector: Display 4630946283567114626 policy changed
06-11 10:35:12.060  1877  1877 I RefreshRateSelector: Previous: {defaultModeId=0, allowGroupSwitching=false, primaryRanges={physical=[0.00 Hz, 120.00 Hz], render=[0.00 Hz, 120.00 Hz]}, appRequestRanges={physical=[0.00 Hz, 120.00 Hz], render=[0.00 Hz, 120.00 Hz]} idleScreenConfig=nullptr}
06-11 10:35:12.060  1877  1877 I RefreshRateSelector: Current:  DisplayManagerPolicy{defaultModeId=1, allowGroupSwitching=false, primaryRanges={physical=[0.00 Hz, 120.00 Hz], render=[0.00 Hz, 60.00 Hz]}, appRequestRanges={physical=[0.00 Hz, 120.00 Hz], render=[0.00 Hz, 60.00 Hz]} idleScreenConfig=nullptr}
06-11 10:35:12.060  1877  1877 I RefreshRateSelector: 0 mode changes were performed under the previous policy
06-11 10:35:12.060  1877  1877 D SurfaceFlinger: VRR [SurfaceFlinger] applyRefreshRateSelectorPolicy: 1 (60.00 Hz), policy: {defaultModeId=1, allowGroupSwitching=false, primaryRanges={physical=[0.00 Hz, 120.00 Hz], render=[0.00 Hz, 60.00 Hz]}, appRequestRanges={physical=[0.00 Hz, 120.00 Hz], render=[0.00 Hz, 60.00 Hz]} idleScreenConfig=nullptr}
06-11 10:35:12.060  1877  1877 D SurfaceFlinger: VRR [SurfaceFlinger] setDesiredActiveMode: displayId: 4630946283567114626, renderRate: 60, vsyncRate: 60, event: 1
06-11 10:35:12.060  1877  1877 D DisplayModeController: setDesiredMode 4630946283567114626 {mode={fps=60.00 Hz, modePtr={id=1, vsyncRate=60.00 Hz, peakRefreshRate=60.00 Hz}}, emitEvent=true, force=false}
06-11 10:35:12.060  1877  2435 D VRR [OTI]: handleIdle from 0 to 0
06-11 10:35:12.060  1877  2435 D VRR [OTI-HW]: isStateReady 0
06-11 10:35:12.060  1877  2435 D VRR [OTI-HW]: keep rate.
06-11 10:35:12.060  3189  3336 D OplusFeatureDMR[display=0]: onConfigChanged threadId=71 threadName=OplusDisplayWorkHandler physicalDisplayId=4630946283567114626 modeId=0  
06-11 10:35:12.063  1877  1877 I HWC2    : [0] setActiveConfigWithConstraints[1]
06-11 10:35:12.063  1699  1958 D SDM     : IRIS_LOG_HWC::SetActiveConfigWithConstraints:355: 01
06-11 10:35:12.063  1699  1958 I SDM     : HWCDisplay::SetActiveConfigToIrisWrapper: SetActiveConfigToIrisWrapper on id_: 0
06-11 10:35:12.063  1699  1958 I IRIS_LOG_SERV: SetActiveConfig: 1240x2772@60, mAwlaysInBypassMode: 0
06-11 10:35:12.064  3189  3252 D DisplayModeDirector: setAppRequest displayId : 4  modeId: 0  requestedRefreshRate: 0.0  requestedMinRefreshRateRange: 0.0  requestedMaxRefreshRateRange: 0.0
06-11 10:35:12.064  1699  1958 D SDM     : IRIS_LOG_HWC::SendDisplayConfigStatusToIrisWrapper:2833: num_configs1 4(0), num_configs2 4(0), selected 0,(memc_cfg 0, emv_cfg 1), states 0x1c100404
06-11 10:35:12.064  1699  1958 E IRIS_LOG_SERV: Received mMainNumConfigs 4(0), mAuxNumConfigs 4(0), mImvConfigIndex 0, mEmvConfigIndex 1
06-11 10:35:12.064  1699  1958 I SDM     : HWCDisplay::IsContextReadyToSubmitActiveConfig: pending config_ 1, state 0, on display id_= 0
06-11 10:35:12.064  1699  1958 W SDM     : HWDeviceDRM::GetSupportedBitClkRate: Requested rate not supported: 1094400000
06-11 10:35:12.064  1699  1958 I SDM     : HWDeviceDRM::UpdateMixerAttributes: Mixer WxH 1240x2772-1 for Peripheral
06-11 10:35:12.064  1699  1958 I SDM     : HWCDisplay::SubmitDisplayConfig: HWC SetActiveConfig [0,1], cur_resolution is (1240, 2772), new_resolution is (1240, 2772)
06-11 10:35:12.064  1699  1958 I SDM     : HWCDisplay::SubmitDisplayConfig: Active configuration changed from config 0 to 1
06-11 10:35:12.065  3189  3252 D DisplayModeDirector: setAppRequest displayId : 0  modeId: 2  requestedRefreshRate: 0.0  requestedMinRefreshRateRange: 0.0  requestedMaxRefreshRateRange: 60.000004
06-11 10:35:12.068  3189  3251 I DisplayDeviceRepository: Display device changed render timings: "内置屏幕", renderFrameRate=60.000004, presentationDeadlineNanos=16666666, appVsyncOffsetNanos=1000000, frameRateOverrides=[]
06-11 10:35:12.068  3189  3251 D LogicalDisplayExt: set displayInfo flag FLAG_ROTATES_WITH_CONTENT
06-11 10:35:12.068  3189  3336 D OplusFeatureDMR[display=0]: onConfigChanged threadId=71 threadName=OplusDisplayWorkHandler physicalDisplayId=4630946283567114626 modeId=1  
06-11 10:35:12.069  3189  3251 D DisplayManagerService: Delivering display event: displayId=0, event=EVENT_DISPLAY_REFRESH_RATE_CHANGED
06-11 10:35:12.069  1877  2435 D VRR [OTI-HW]: isStateReady 0
06-11 10:35:12.069  1877  2435 D VRR [OTI-HW]: keep rate.
06-11 10:35:12.070  3189  3189 E OplusGestureAnimationManagerPolicy: mScreenHeight:2772 mScreenWidth:1240 mRotation:0
06-11 10:35:12.074  8454  8173 I ContextAware_AppCardProcessor: [subscription2x2-launcher]no card, release not send
06-11 10:35:12.075  8454  8173 I metis_v2_BreenoSwitchSettingObserver: panta-sugg-getMasterSwitchStatus from cache:true
06-11 10:35:12.078  3189  3249 D WindowManager: DeferredDisplayUpdater: partially applying DisplayInfo(1240 x 2772) immediately
06-11 10:35:12.078  3189  3249 D OplusVFXScreenEffectFeature: notifySFCompatWindowStateChange entered false
06-11 10:35:12.078  3189  3249 D FSS_FoldScreenBlackCoverController: displayChangeToOn, dc:Display{#0 state=ON size=1240x2772 ROTATION_0}
06-11 10:35:12.078  3189  3249 D DisplayModeDirector: setAppRequest displayId : 4  modeId: 0  requestedRefreshRate: 0.0  requestedMinRefreshRateRange: 0.0  requestedMaxRefreshRateRange: 0.0
06-11 10:35:12.078  1877  2465 D [PREVIEW]: SF obtain preview_adapter: 0
06-11 10:35:12.078  1877  2465 D [PREVIEW]: TabletPreviewAdapter::parallel world 0
06-11 10:35:12.079  3189  3249 D DisplayModeDirector: setAppRequest displayId : 0  modeId: 2  requestedRefreshRate: 0.0  requestedMinRefreshRateRange: 0.0  requestedMaxRefreshRateRange: 60.000004
06-11 10:35:12.081  4650 23577 I PantaCard.Lnch.InstantCardEngine:  100281&1888747526&3_sid=536877097_rk=03cc59,sendMessageToCard, cardTag:100281&1888747526&3, false, newData.size = 34, code = 0, hasLoaded: true[sdk:v1.3.130-5a024cf,seed-plugin:v16.56.0-85a272db,app:v16.4.25] [OplusLauncher|com.android.launcher|2.0.44-25e9612]
06-11 10:35:12.081  1855 23984 D AudioBoost: audioSchedBoost, pid=1855, tid=23984, enable=1, ret=0
06-11 10:35:12.081  1855 23984 D AudioFlingerExtImpl: AudioFlingerExtImpl oplusSetParameters: keyvalue screen_state=on
06-11 10:35:12.081  1655  1702 D AHAL: AudioDevice: SetParameters: 1715: enter: screen_state=on
06-11 10:35:12.081  1655  1702 D AHAL: AudioDevice: SetParameters: 1784:  - screen = on
06-11 10:35:12.081  1655  1702 D PAL: ResourceManager: setParameter: 8426: Enter param id: 8
06-11 10:35:12.081  1655  1702 I PAL: ResourceManager: setParameter: 8449: Screen State:1
06-11 10:35:12.081  1655  1702 D PAL: ResourceManager: setParameter: 9169: Exit status: 0
06-11 10:35:12.081  1655  1702 D AHAL: AudioDevice: SetParameters: 2336: exit
06-11 10:35:12.082  1855 23984 D AudioBoost: audioSchedBoost, pid=1855, tid=23984, enable=0, ret=0
06-11 10:35:12.085  1460 23496 W AppInfo : app info parse uri fail. uri: content://com.nearme.instant.platform.res/com.coloros.gamespaceui.quickapp.library/manifest.json##Throwable##java.io.FileNotFoundException: open failed: ENOENT (No such file or directory)
06-11 10:35:12.085  1460 23496 W AppInfo : 	at android.os.ParcelFileDescriptor.openInternal(ParcelFileDescriptor.java:356)
06-11 10:35:12.085  1460 23496 W AppInfo : 	at android.os.ParcelFileDescriptor.open(ParcelFileDescriptor.java:233)
06-11 10:35:12.085  1460 23496 W AppInfo : 	at org.hapjs.cache.CacheProvider.doOpenFile(SourceFile:56)
06-11 10:35:12.085  1460 23496 W AppInfo : 	at org.hapjs.AbstractContentProvider.openFile(SourceFile:4)
06-11 10:35:12.085  1460 23496 W AppInfo : 	at android.content.ContentProvider.openAssetFile(ContentProvider.java:2326)
06-11 10:35:12.085  1460 23496 W AppInfo : 	at org.hapjs.AbstractContentProvider.doOpenAssetFile(SourceFile:1)
06-11 10:35:12.085  1460 23496 W AppInfo : 	at org.hapjs.cache.CacheProvider.doOpenAssetFile(SourceFile:74)
06-11 10:35:12.085  1460 23496 W AppInfo : 	at org.hapjs.AbstractContentProvider.openAssetFile(SourceFile:4)
06-11 10:35:12.085  1460 23496 W AppInfo : 	at android.content.ContentProvider.openTypedAssetFile(ContentProvider.java:2504)
06-11 10:35:12.085  1460 23496 W AppInfo : 	at android.content.ContentProvider.openTypedAssetFile(ContentProvider.java:2571)
06-11 10:35:12.085  1460 23496 W AppInfo : 	at android.content.ContentProvider$Transport.openTypedAssetFile(ContentProvider.java:692)
06-11 10:35:12.085  1460 23496 W AppInfo : 	at android.content.ContentResolver.openTypedAssetFileDescriptor(ContentResolver.java:2097)
06-11 10:35:12.085  1460 23496 W AppInfo : 	at android.content.ContentResolver.openAssetFileDescriptor(ContentResolver.java:1912)
06-11 10:35:12.085  1460 23496 W AppInfo : 	at android.content.ContentResolver.openInputStream(ContentResolver.java:1582)
06-11 10:35:12.085  1460 23496 W AppInfo : 	at org.hapjs.model.AppInfo.fromUri(SourceFile:7)
06-11 10:35:12.085  1460 23496 W AppInfo : 	at org.hapjs.model.AppInfo.create(SourceFile:105)
06-11 10:35:12.085  1460 23496 W AppInfo : 	at org.hapjs.bridge.DefaultAppInfoProvider.create(SourceFile:1)
06-11 10:35:12.085  1460 23496 W AppInfo : 	at a.a.a.nl0.g(SourceFile:58)
06-11 10:35:12.085  1460 23496 W AppInfo : 	at a.a.a.nl0.e(SourceFile:2)
06-11 10:35:12.085  1460 23496 W AppInfo : 	at a.a.a.rp6.d(SourceFile:22)
06-11 10:35:12.085  1460 23496 W AppInfo : 	at a.a.a.rp6.c(SourceFile:52)
06-11 10:35:12.085  1460 23496 W AppInfo : 	at com.nearme.instant.card.SharedDataProvider.setOrUpdateSharedDataInner(SourceFile:48)
06-11 10:35:12.085  1460 23496 W AppInfo : 	at com.nearme.instant.card.SharedDataProvider.setOrUpdateSharedData(SourceFile:61)
06-11 10:35:12.085  1460 23496 W AppInfo : 	at com.nearme.instant.card.SharedDataProvider.doCall(SourceFile:46)
06-11 10:35:12.085  1460 23496 W AppInfo : 	at org.hapjs.AbstractContentProvider.call(SourceFile:4)
06-11 10:35:12.085  1460 23496 W AppInfo : 	at android.content.ContentProvider.call(ContentProvider.java:2773)
06-11 10:35:12.085  1460 23496 W AppInfo : 	at android.content.ContentProvider$Transport.call(ContentProvider.java:653)
06-11 10:35:12.085  1460 23496 W AppInfo : 	at android.content.ContentProviderNative.onTransact(ContentProviderNative.java:307)
06-11 10:35:12.085  1460 23496 W AppInfo : 	at android.os.Binder.execTransactInternal(Binder.java:1444)
06-11 10:35:12.085  1460 23496 W AppInfo : 	at android.os.Binder.execTransact(Binder.java:1378)
06-11 10:35:12.086  1460 23496 E PermissionVerifier: card rpk not exists
06-11 10:35:12.086  1460 23496 W PermissionVerifier: checkWritePermission writer: com.oplus.games not in rpk: com.coloros.gamespaceui.quickapp.library allowed list
06-11 10:35:12.086  1460 23496 W SharedDataProvider: setOrUpdateSharedData no permissions!
06-11 10:35:12.086  1667  1845 I sensors-hal: get_display_brightness:690, light_iface: get_brightness ret = 1, fifo_fm[0].type = 7, data = 1
06-11 10:35:12.089  1460  1493 W SeedlingShare: (com.oplus.games, assistant_config_card_new) not in seeding shared white list.
06-11 10:35:12.089  4650  6739 D ExtensionManager: system.localconnection :1:registerCallback tid:5275
06-11 10:35:12.090  4650 23595 D JsConsole: breeno2X2-launcher(rsUDrjLDfb7Y)::card_content: onCurrentScreenDataChange, form: onChangeMessage
06-11 10:35:12.090  3189  3998 E ListServiceUtils: getListValueByUid module:image-processing uid:1000 cost 98621us return 0
06-11 10:35:12.090  4650 23595 D JsConsole: breeno2X2-launcher(rsUDrjLDfb7Y)::TimerManager: tag：debounce setTimeout id：ZdT1YZxinH
06-11 10:35:12.090  1460  1493 W AppInfo : AppInfo create Uri content://com.nearme.instant.platform.res/com.coloros.gamespaceui.quickapp.guide/manifest.json
06-11 10:35:12.091  1460  1493 W PackageFilesValidator: isInvalidResource: AppDistributionMeta is null
06-11 10:35:12.092  1877  2447 D skia    : findCacheMissInfo vsync 146035931, result 0
06-11 10:35:12.093  1460  1493 W AppInfo : app info parse uri fail. uri: content://com.nearme.instant.platform.res/com.coloros.gamespaceui.quickapp.guide/manifest.json##Throwable##java.io.FileNotFoundException: open failed: ENOENT (No such file or directory)
06-11 10:35:12.093  1460  1493 W AppInfo : 	at android.os.ParcelFileDescriptor.openInternal(ParcelFileDescriptor.java:356)
06-11 10:35:12.093  1460  1493 W AppInfo : 	at android.os.ParcelFileDescriptor.open(ParcelFileDescriptor.java:233)
06-11 10:35:12.093  1460  1493 W AppInfo : 	at org.hapjs.cache.CacheProvider.doOpenFile(SourceFile:56)
06-11 10:35:12.093  1460  1493 W AppInfo : 	at org.hapjs.AbstractContentProvider.openFile(SourceFile:4)
06-11 10:35:12.093  1460  1493 W AppInfo : 	at android.content.ContentProvider.openAssetFile(ContentProvider.java:2326)
06-11 10:35:12.093  1460  1493 W AppInfo : 	at org.hapjs.AbstractContentProvider.doOpenAssetFile(SourceFile:1)
06-11 10:35:12.093  1460  1493 W AppInfo : 	at org.hapjs.cache.CacheProvider.doOpenAssetFile(SourceFile:74)
06-11 10:35:12.093  1460  1493 W AppInfo : 	at org.hapjs.AbstractContentProvider.openAssetFile(SourceFile:4)
06-11 10:35:12.093  1460  1493 W AppInfo : 	at android.content.ContentProvider.openTypedAssetFile(ContentProvider.java:2504)
06-11 10:35:12.093  1460  1493 W AppInfo : 	at android.content.ContentProvider.openTypedAssetFile(ContentProvider.java:2571)
06-11 10:35:12.093  1460  1493 W AppInfo : 	at android.content.ContentProvider$Transport.openTypedAssetFile(ContentProvider.java:692)
06-11 10:35:12.093  1460  1493 W AppInfo : 	at android.content.ContentResolver.openTypedAssetFileDescriptor(ContentResolver.java:2097)
06-11 10:35:12.093  1460  1493 W AppInfo : 	at android.content.ContentResolver.openAssetFileDescriptor(ContentResolver.java:1912)
06-11 10:35:12.093  1460  1493 W AppInfo : 	at android.content.ContentResolver.openInputStream(ContentResolver.java:1582)
06-11 10:35:12.093  1460  1493 W AppInfo : 	at org.hapjs.model.AppInfo.fromUri(SourceFile:7)
06-11 10:35:12.093  1460  1493 W AppInfo : 	at org.hapjs.model.AppInfo.create(SourceFile:105)
06-11 10:35:12.093  1460  1493 W AppInfo : 	at org.hapjs.bridge.DefaultAppInfoProvider.create(SourceFile:1)
06-11 10:35:12.093  1460  1493 W AppInfo : 	at a.a.a.nl0.g(SourceFile:58)
06-11 10:35:12.093  1460  1493 W AppInfo : 	at a.a.a.nl0.e(SourceFile:2)
06-11 10:35:12.093  1460  1493 W AppInfo : 	at a.a.a.rp6.d(SourceFile:22)
06-11 10:35:12.093  1460  1493 W AppInfo : 	at a.a.a.rp6.c(SourceFile:52)
06-11 10:35:12.093  1460  1493 W AppInfo : 	at com.nearme.instant.card.SharedDataProvider.setOrUpdateSharedDataInner(SourceFile:48)
06-11 10:35:12.093  1460  1493 W AppInfo : 	at com.nearme.instant.card.SharedDataProvider.setOrUpdateSharedData(SourceFile:61)
06-11 10:35:12.093  1460  1493 W AppInfo : 	at com.nearme.instant.card.SharedDataProvider.doCall(SourceFile:46)
06-11 10:35:12.093  1460  1493 W AppInfo : 	at org.hapjs.AbstractContentProvider.call(SourceFile:4)
06-11 10:35:12.093  1460  1493 W AppInfo : 	at android.content.ContentProvider.call(ContentProvider.java:2773)
06-11 10:35:12.093  1460  1493 W AppInfo : 	at android.content.ContentProvider$Transport.call(ContentProvider.java:653)
06-11 10:35:12.093  1460  1493 W AppInfo : 	at android.content.ContentProviderNative.onTransact(ContentProviderNative.java:307)
06-11 10:35:12.093  1460  1493 W AppInfo : 	at android.os.Binder.execTransactInternal(Binder.java:1444)
06-11 10:35:12.093  1460  1493 W AppInfo : 	at android.os.Binder.execTransact(Binder.java:1378)
06-11 10:35:12.094  1460  1493 E PermissionVerifier: card rpk not exists
06-11 10:35:12.094  1460  1493 W PermissionVerifier: checkWritePermission writer: com.oplus.games not in rpk: com.coloros.gamespaceui.quickapp.guide allowed list
06-11 10:35:12.095  1708  8307 E ANDR-PERF-LM: VmRssMeter:: start() 358: Could not find pid, can not collect vmrss data
06-11 10:35:12.095  1667 15952 I sensors-hal: handle_oplus_wise_rgb_event:230, wise_rgb:algo_type = 3
06-11 10:35:12.095  1667 15952 I sensors-hal: handle_oplus_wise_rgb_event:285, wise_rgb: raw_lux 496.343018, raw_cct 6356.225586, r/g/b/c: 41110.585938/36109.777344/20374.361328/90611.882812, R/G/B: 0.000000/0.000000/0.000000, brl 1529.000000, lux: 496.343018, cct: 6356.225586, ts 242709413549947, cnt 4208
06-11 10:35:12.097  1460  1493 W SharedDataProvider: setOrUpdateSharedData no permissions!
06-11 10:35:12.100  1460 23496 W SeedlingShare: (com.oplus.games, assistant_config_card_new) not in seeding shared white list.
06-11 10:35:12.102  1460 23496 W AppInfo : AppInfo create Uri content://com.nearme.instant.platform.res/com.coloros.gamespaceui.quickapp.library/manifest.json
06-11 10:35:12.102  4329  4329 I KeyguardDisplayManager: onDisplayChanged displayId: 0
06-11 10:35:12.102  4329  4329 I SystemUi--Keyguard: KeyguardDisplayManagerExImpl-->orientationChanged=false, presentationDisplayChanged=false, lastPresentationWidth=0, lastPresentationHeight=0, lastPresentationDensity=0
06-11 10:35:12.102  1460 23496 W PackageFilesValidator: isInvalidResource: AppDistributionMeta is null
06-11 10:35:12.104  1460 23496 W AppInfo : app info parse uri fail. uri: content://com.nearme.instant.platform.res/com.coloros.gamespaceui.quickapp.library/manifest.json##Throwable##java.io.FileNotFoundException: open failed: ENOENT (No such file or directory)
06-11 10:35:12.104  1460 23496 W AppInfo : 	at android.os.ParcelFileDescriptor.openInternal(ParcelFileDescriptor.java:356)
06-11 10:35:12.104  1460 23496 W AppInfo : 	at android.os.ParcelFileDescriptor.open(ParcelFileDescriptor.java:233)
06-11 10:35:12.104  1460 23496 W AppInfo : 	at org.hapjs.cache.CacheProvider.doOpenFile(SourceFile:56)
06-11 10:35:12.104  1460 23496 W AppInfo : 	at org.hapjs.AbstractContentProvider.openFile(SourceFile:4)
06-11 10:35:12.104  1460 23496 W AppInfo : 	at android.content.ContentProvider.openAssetFile(ContentProvider.java:2326)
06-11 10:35:12.104  1460 23496 W AppInfo : 	at org.hapjs.AbstractContentProvider.doOpenAssetFile(SourceFile:1)
06-11 10:35:12.104  1460 23496 W AppInfo : 	at org.hapjs.cache.CacheProvider.doOpenAssetFile(SourceFile:74)
06-11 10:35:12.104  1460 23496 W AppInfo : 	at org.hapjs.AbstractContentProvider.openAssetFile(SourceFile:4)
06-11 10:35:12.104  1460 23496 W AppInfo : 	at android.content.ContentProvider.openTypedAssetFile(ContentProvider.java:2504)
06-11 10:35:12.104  1460 23496 W AppInfo : 	at android.content.ContentProvider.openTypedAssetFile(ContentProvider.java:2571)
06-11 10:35:12.104  1460 23496 W AppInfo : 	at android.content.ContentProvider$Transport.openTypedAssetFile(ContentProvider.java:692)
06-11 10:35:12.104  1460 23496 W AppInfo : 	at android.content.ContentResolver.openTypedAssetFileDescriptor(ContentResolver.java:2097)
06-11 10:35:12.104  1460 23496 W AppInfo : 	at android.content.ContentResolver.openAssetFileDescriptor(ContentResolver.java:1912)
06-11 10:35:12.104  1460 23496 W AppInfo : 	at android.content.ContentResolver.openInputStream(ContentResolver.java:1582)
06-11 10:35:12.104  1460 23496 W AppInfo : 	at org.hapjs.model.AppInfo.fromUri(SourceFile:7)
06-11 10:35:12.104  1460 23496 W AppInfo : 	at org.hapjs.model.AppInfo.create(SourceFile:105)
06-11 10:35:12.104  1460 23496 W AppInfo : 	at org.hapjs.bridge.DefaultAppInfoProvider.create(SourceFile:1)
06-11 10:35:12.104  1460 23496 W AppInfo : 	at a.a.a.nl0.g(SourceFile:58)
06-11 10:35:12.104  1460 23496 W AppInfo : 	at a.a.a.nl0.e(SourceFile:2)
06-11 10:35:12.104  1460 23496 W AppInfo : 	at a.a.a.rp6.d(SourceFile:22)
06-11 10:35:12.104  1460 23496 W AppInfo : 	at a.a.a.rp6.c(SourceFile:52)
06-11 10:35:12.104  1460 23496 W AppInfo : 	at com.nearme.instant.card.SharedDataProvider.setOrUpdateSharedDataInner(SourceFile:48)
06-11 10:35:12.104  1460 23496 W AppInfo : 	at com.nearme.instant.card.SharedDataProvider.setOrUpdateSharedData(SourceFile:61)
06-11 10:35:12.104  1460 23496 W AppInfo : 	at com.nearme.instant.card.SharedDataProvider.doCall(SourceFile:46)
06-11 10:35:12.104  1460 23496 W AppInfo : 	at org.hapjs.AbstractContentProvider.call(SourceFile:4)
06-11 10:35:12.104  1460 23496 W AppInfo : 	at android.content.ContentProvider.call(ContentProvider.java:2773)
06-11 10:35:12.104  1460 23496 W AppInfo : 	at android.content.ContentProvider$Transport.call(ContentProvider.java:653)
06-11 10:35:12.104  1460 23496 W AppInfo : 	at android.content.ContentProviderNative.onTransact(ContentProviderNative.java:307)
06-11 10:35:12.104  1460 23496 W AppInfo : 	at android.os.Binder.execTransactInternal(Binder.java:1444)
06-11 10:35:12.104  1460 23496 W AppInfo : 	at android.os.Binder.execTransact(Binder.java:1378)
06-11 10:35:12.104  1460 23496 E PermissionVerifier: card rpk not exists
06-11 10:35:12.104  1460 23496 W PermissionVerifier: checkWritePermission writer: com.oplus.games not in rpk: com.coloros.gamespaceui.quickapp.library allowed list
06-11 10:35:12.104  1460 23496 W SharedDataProvider: setOrUpdateSharedData no permissions!
06-11 10:35:12.107  1460  1493 W SeedlingShare: (com.oplus.games, assistant_mini_game_red_envelopes_switch_state) not in seeding shared white list.
06-11 10:35:12.108  1460  1493 W AppInfo : AppInfo create Uri content://com.nearme.instant.platform.res/com.coloros.gamespaceui.quickapp.guide/manifest.json
06-11 10:35:12.108  1460  1493 W PackageFilesValidator: isInvalidResource: AppDistributionMeta is null
06-11 10:35:12.110  8454  8173 I ContextAware_AppCardProcessor: [breeno-launcher_2x4]Apps on same screen, apps=[com.android.contacts, com.android.mms, com.oplus.camera, com.alibaba.android.rimet, com.example.findmapbox, com.citiccard.mobilebank, com.chinamworld.bocmbci, com.kmxs.reader, com.ovital.ovitalMap, com.nqsky.rmad.dizhiyun, com.taobao.idlefish, cmb.pb, com.larus.nova]
06-11 10:35:12.111  8454  8173 I ContextAware_AdvertisementManager: [breeno-launcher_2x4]getCommerceAppsByCardName size:6
06-11 10:35:12.111  8454  8173 I ContextAware_AppCardProcessor: [breeno-launcher_2x4]process fill ad apps: advApps: com.ss.android.ugc.aweme,com.aliyun.tongyi,com.jingdong.app.mall,com.eg.android.AlipayGphone,com.smile.gifmaker,com.sankuai.meituan
06-11 10:35:12.111  8454  8173 I ContextAware_AppFillAdsProcess: [breeno-launcher_2x4]Mix commerce app with commerceAlg=2 advs=[AppAdInfo[pkg=com.ss.android.ugc.aweme, finalScore=413.00003, timeWeight=0.0,  exposeWeight=0.0, habitWeight=0.0, habitHourWeight=0.0,finalWeight=0.0,weight=0.0, deepLink= 1506, routePage = 0, utrackClickUrl=3, utrackExposeUrl=3,iconUrl=null, icon=null, appType=5, expireTimeStamp:1781193599836,apiSource=5, typeCode=6, cpcScore=13.452769, ecpmScore=413.00003, ctrScore=0.0307,title=null, subTitle=null, adSize=71,algorithmScore=0.0, status=[]], AppAdInfo[pkg=com.aliyun.tongyi, finalScore=193.743, timeWeight=0.0,  exposeWeight=0.0, habitWeight=0.0, habitHourWeight=0.0,finalWeight=0.0,weight=0.0, deepLink= 259, routePage = 0, utrackClickUrl=2, utrackExposeUrl=2,iconUrl=null, icon=null, appType=3, expireTimeStamp:1781193599836,apiSource=9, typeCode=6, cpcScore=103.0, ecpmScore=193.743, ctrScore=0.0018798828,title=null, subTitle=null, adSize=71,algorithmScore=0.0, status=[]], AppAdInfo[pkg=com.jingdong.app.mall, finalScore=89.0, timeWeight=0.0,  exposeWeight=0.0, habitWeight=0.0, habitHourWeight=0.0,finalWeight=0.0,weight=0.0, deepLink= 746, routePage = 0, utrackClickUrl=4, utrackExposeUrl=4,iconUrl=null, icon=null, appType=5, expireTimeStamp:1781193599836,apiSource=5, typeCode=6, cpcScore=34.23077, ecpmScore=89.0, ctrScore=0.0026,title=null, subTitle=null, adSize=71,algorithmScore=0.0, status=[]], AppAdInfo[pkg=com.eg.android.AlipayGphone, finalScore=34.0, timeWeight=0.0,  exposeWeight=0.0, habitWeight=0.0, habitHourWeight=0.0,finalWeight=0.0,weight=0.0, deepLink= 1002, routePage = 0, utrackClickUrl=4, utrackExposeUrl=4,iconUrl=null, icon=null, appType=5, expireTimeStamp:1781193599836,apiSource=5, typeCode=6, cpcScore=5.230769, ecpmScore=34.0, ctrScore=0.0065,title=null, subTitle=null, adSize=71,algorithmScore=0.0, status=[]], AppAdInfo[pkg=com.smile.gifmaker, finalScore=30.0, timeWeight=0.0,  exposeWeight=0.0, habitWeight=0.0, habitHourWeight=0.0,finalWeight=0.0,weight=0.0, deepLink= 1132, routePage = 0, utrackClickUrl=3, utrackExposeUrl=3,iconUrl=null, icon=null, appType=5, expireTimeStamp:1781193599836,apiSource=5, typeCode=1, cpcScore=1.6393442, ecpmScore=30.0, ctrScore=0.0183,title=null, subTitle=null, adSize=71,algorithmScore=0.0, status=[]], AppAdInfo[pkg=com.sankuai.meituan, finalScore=26.433, timeWeight=0.0,  exposeWeight=0.0, habitWeight=0.0, habitHourWeight=0.0,finalWeight=0.0,weight=0.0, deepLink= 116, routePage = 0, utrackClickUrl=2, utrackExposeUrl=2,iconUrl=null, icon=null, appType=3, expireTimeStamp:1781193599836,apiSource=9, typeCode=1, cpcScore=9.0, ecpmScore=26.433, ctrScore=0.0029378256,title=null, subTitle=null, adSize=71,algorithmScore=0.0, status=[]]]
06-11 10:35:12.111  8454  8173 I ContextAware_AppFillAdsProcess: [breeno-launcher_2x4]:maxCount:8  adTakeCount:2  adLoadCount:4
06-11 10:35:12.111  8454  8173 I ContextAware_AppFillAdsProcess: current adv app com.ss.android.ugc.aweme in 7 with status 2
06-11 10:35:12.111  8454  8173 I ContextAware_AppFillAdsProcess: current adv app com.aliyun.tongyi in 8 with status 2
06-11 10:35:12.111  8454  8173 I ContextAware_AppFillAdsProcess: not adv app com.github.metacubex.clash.meta in 9
06-11 10:35:12.111  8454  8173 I ContextAware_AppFillAdsProcess: not adv app com.lolaage.tbulu.tools in 10
06-11 10:35:12.111  8454  8173 I ContextAware_AppFillNewActiveProcess: [breeno-launcher_2x4]not support appSugNewAppSwitch
06-11 10:35:12.111  8454  8173 I ContextAware_AppCardProcessor: [breeno-launcher_2x4]SEND_APP_MESSAGE: commerceAlg=2, resultApps=[AppInfo[pkg=com.earthengine.minimalglobe, appType=0,iconSource=system, recallType=algorithm, deepLink=0,utrackClickUrl=0, utrackExposeUrl=0,icon=0, apiSource=null, typeCode=null, mode=0, advFinalScore=null,  routePage=0,title=null, subTitle=null, adSize=null,probability=0], AppInfo[pkg=space.xinzhi.hiko, appType=0,iconSource=system, recallType=algorithm, deepLink=0,utrackClickUrl=0, utrackExposeUrl=0,icon=0, apiSource=null, typeCode=null, mode=0, advFinalScore=null,  routePage=0,title=null, subTitle=null, adSize=null,probability=0], AppInfo[pkg=com.tencent.mm, appType=0,iconSource=system, recallType=algorithm, deepLink=0,utrackClickUrl=0, utrackExposeUrl=0,icon=0, apiSource=null, typeCode=null, mode=0, advFinalScore=null,  routePage=0,title=null, subTitle=null, adSize=null,probability=0], AppInfo[pkg=space.xinzhi.map, appType=0,iconSource=system, recallType=algorithm, deepLink=0,utrackClickUrl=0, utrackExposeUrl=0,icon=0, apiSource=null, typeCode=null, mode=0, advFinalScore=null,  routePage=0,title=null, subTitle=null, adSize=null,probability=0], AppInfo[pkg=com.ss.android.lark, appType=0,iconSource=system, recallType=algorithm, deepLink=0,utrackClickUrl=0, utrackExposeUrl=0,icon=0, apiSource=null, typeCode=null, mode=0, advFinalScore=null,  routePage=0,title=null, subTitle=null, adSize=null,probability=0], AppInfo[pkg=com.phoenix.read, appType=0,iconSource=system, recallType=algorithm, deepLink=0,utrackClickUrl=0, utrackExposeUrl=0,icon=0, apiSource=null, typeCode=null, mode=0, advFinalScore=null,  routePage=0,title=null, subTitle=null, adSize=null,probability=0], AppInfo[pkg=com.ss.android.ugc.aweme, appType=5,iconSource=system, recallType=ad, deepLink=1506,utrackClickUrl=3, utrackExposeUrl=3,icon=0, apiSource=5, typeCode=6, mode=2, advFinalScore=413.00003,  routePage=0,title=null, subTitle=null, adSize=null,probability=0], AppInfo[pkg=com.aliyun.tongyi, appType=3,iconSource=system, recallType=ad, deepLink=259,utrackClickUrl=2, utrackExposeUrl=2,icon=0, apiSource=9, typeCode=6, mode=2, advFinalScore=193.743,  routePage=0,title=null, subTitle=null, adSize=null,probability=0], AppInfo[pkg=com.github.metacubex.clash.meta, appType=0,iconSource=system, recallType=algorithm, deepLink=0,utrackClickUrl=0, utrackExposeUrl=0,icon=0, apiSource=null, typeCode=null, mode=0, advFinalScore=null,  routePage=0,title=null, subTitle=null, adSize=null,probability=0], AppInfo[pkg=com.lolaage.tbulu.tools, appType=0,iconSource=system, recallType=algorithm, deepLink=0,utrackClickUrl=0, utrackExposeUrl=0,icon=0, apiSource=null, typeCode=null, mode=0, advFinalScore=null,  routePage=0,title=null, subTitle=null, adSize=null,probability=0]], traceId: 4b5b5ab9fa1eb57bee43b590ed4fc7e1-f00bb6ad229349b595160f04acbdf5b2
06-11 10:35:12.112  1460  1493 W AppInfo : app info parse uri fail. uri: content://com.nearme.instant.platform.res/com.coloros.gamespaceui.quickapp.guide/manifest.json##Throwable##java.io.FileNotFoundException: open failed: ENOENT (No such file or directory)
06-11 10:35:12.112  1460  1493 W AppInfo : 	at android.os.ParcelFileDescriptor.openInternal(ParcelFileDescriptor.java:356)
06-11 10:35:12.112  1460  1493 W AppInfo : 	at android.os.ParcelFileDescriptor.open(ParcelFileDescriptor.java:233)
06-11 10:35:12.112  1460  1493 W AppInfo : 	at org.hapjs.cache.CacheProvider.doOpenFile(SourceFile:56)
06-11 10:35:12.112  1460  1493 W AppInfo : 	at org.hapjs.AbstractContentProvider.openFile(SourceFile:4)
06-11 10:35:12.112  1460  1493 W AppInfo : 	at android.content.ContentProvider.openAssetFile(ContentProvider.java:2326)
06-11 10:35:12.112  1460  1493 W AppInfo : 	at org.hapjs.AbstractContentProvider.doOpenAssetFile(SourceFile:1)
06-11 10:35:12.112  1460  1493 W AppInfo : 	at org.hapjs.cache.CacheProvider.doOpenAssetFile(SourceFile:74)
06-11 10:35:12.112  1460  1493 W AppInfo : 	at org.hapjs.AbstractContentProvider.openAssetFile(SourceFile:4)
06-11 10:35:12.112  1460  1493 W AppInfo : 	at android.content.ContentProvider.openTypedAssetFile(ContentProvider.java:2504)
06-11 10:35:12.112  1460  1493 W AppInfo : 	at android.content.ContentProvider.openTypedAssetFile(ContentProvider.java:2571)
06-11 10:35:12.112  1460  1493 W AppInfo : 	at android.content.ContentProvider$Transport.openTypedAssetFile(ContentProvider.java:692)
06-11 10:35:12.112  1460  1493 W AppInfo : 	at android.content.ContentResolver.openTypedAssetFileDescriptor(ContentResolver.java:2097)
06-11 10:35:12.112  1460  1493 W AppInfo : 	at android.content.ContentResolver.openAssetFileDescriptor(ContentResolver.java:1912)
06-11 10:35:12.112  1460  1493 W AppInfo : 	at android.content.ContentResolver.openInputStream(ContentResolver.java:1582)
06-11 10:35:12.112  1460  1493 W AppInfo : 	at org.hapjs.model.AppInfo.fromUri(SourceFile:7)
06-11 10:35:12.112  1460  1493 W AppInfo : 	at org.hapjs.model.AppInfo.create(SourceFile:105)
06-11 10:35:12.112  1460  1493 W AppInfo : 	at org.hapjs.bridge.DefaultAppInfoProvider.create(SourceFile:1)
06-11 10:35:12.112  1460  1493 W AppInfo : 	at a.a.a.nl0.g(SourceFile:58)
06-11 10:35:12.112  1460  1493 W AppInfo : 	at a.a.a.nl0.e(SourceFile:2)
06-11 10:35:12.112  1460  1493 W AppInfo : 	at a.a.a.rp6.d(SourceFile:22)
06-11 10:35:12.112  1460  1493 W AppInfo : 	at a.a.a.rp6.c(SourceFile:52)
06-11 10:35:12.112  1460  1493 W AppInfo : 	at com.nearme.instant.card.SharedDataProvider.setOrUpdateSharedDataInner(SourceFile:48)
06-11 10:35:12.112  1460  1493 W AppInfo : 	at com.nearme.instant.card.SharedDataProvider.setOrUpdateSharedData(SourceFile:61)
06-11 10:35:12.112  1460  1493 W AppInfo : 	at com.nearme.instant.card.SharedDataProvider.doCall(SourceFile:46)
06-11 10:35:12.112  1460  1493 W AppInfo : 	at org.hapjs.AbstractContentProvider.call(SourceFile:4)
06-11 10:35:12.112  1460  1493 W AppInfo : 	at android.content.ContentProvider.call(ContentProvider.java:2773)
06-11 10:35:12.112  1460  1493 W AppInfo : 	at android.content.ContentProvider$Transport.call(ContentProvider.java:653)
06-11 10:35:12.112  1460  1493 W AppInfo : 	at android.content.ContentProviderNative.onTransact(ContentProviderNative.java:307)
06-11 10:35:12.112  1460  1493 W AppInfo : 	at android.os.Binder.execTransactInternal(Binder.java:1444)
06-11 10:35:12.112  1460  1493 W AppInfo : 	at android.os.Binder.execTransact(Binder.java:1378)
06-11 10:35:12.112  1460  1493 E PermissionVerifier: card rpk not exists
06-11 10:35:12.117  1877  2447 D skia    : findCacheMissInfo vsync 146035946, result 0
06-11 10:35:12.117  4650 23082 W HapContentObserver: uri: content://appRecommend_data_storage/breeno-launcher_2x4/query
06-11 10:35:12.118  4650 23082 D HapContentObserver: key: 251540744 , task: 70838955
06-11 10:35:12.118  4650 23082 D ContentResolverTask: uri: content://appRecommend_data_storage/breeno-launcher_2x4/query contains: false task: 70838955
06-11 10:35:12.118  4650 23082 D HapContentObserver: key: 82000058 , task: 112544663
06-11 10:35:12.118  4650 23082 D ContentResolverTask: uri: content://appRecommend_data_storage/breeno-launcher_2x4/query contains: false task: 112544663
06-11 10:35:12.119  3189  3338 D VRR [OPlusRefreshRateService]: handleConfigIdChange physicalDisplayId: 4630946283567114626 configId: 1 renderPeriod: 16666666
06-11 10:35:12.120  3189  3338 D VRR [OPlusGameStatusManager]: updateGameState mOSyncFeatureSwitch: false mIsGamePolicy: false
06-11 10:35:12.120  3189  3338 D VRR [OPlusGameStatusManager]: updateGameAccelerationStatus pkgName: com.earthengine.minimalglobe mOSyncFeatureSwitch: false mIsGamePolicy: false mHeartStop: false mHasFlickerRisk: false mForceAcceleration: false mToastReady: false enable: false
06-11 10:35:12.123  1460  1493 W PermissionVerifier: checkWritePermission writer: com.oplus.games not in rpk: com.coloros.gamespaceui.quickapp.guide allowed list
06-11 10:35:12.124  1460  1493 W SharedDataProvider: setOrUpdateSharedData no permissions!
06-11 10:35:12.133  3189  3998 I Quality : BitmapCompressInfo:620,1385,0,95,141964063
06-11 10:35:12.135  1460 23496 W SeedlingShare: (com.oplus.games, assistant_mini_game_red_envelopes_switch_state) not in seeding shared white list.
06-11 10:35:12.136  1460 23496 W AppInfo : AppInfo create Uri content://com.nearme.instant.platform.res/com.coloros.gamespaceui.quickapp.library/manifest.json
06-11 10:35:12.136  1460 23496 W PackageFilesValidator: isInvalidResource: AppDistributionMeta is null
06-11 10:35:12.138  1460 23496 W AppInfo : app info parse uri fail. uri: content://com.nearme.instant.platform.res/com.coloros.gamespaceui.quickapp.library/manifest.json##Throwable##java.io.FileNotFoundException: open failed: ENOENT (No such file or directory)
06-11 10:35:12.138  1460 23496 W AppInfo : 	at android.os.ParcelFileDescriptor.openInternal(ParcelFileDescriptor.java:356)
06-11 10:35:12.138  1460 23496 W AppInfo : 	at android.os.ParcelFileDescriptor.open(ParcelFileDescriptor.java:233)
06-11 10:35:12.138  1460 23496 W AppInfo : 	at org.hapjs.cache.CacheProvider.doOpenFile(SourceFile:56)
06-11 10:35:12.138  1460 23496 W AppInfo : 	at org.hapjs.AbstractContentProvider.openFile(SourceFile:4)
06-11 10:35:12.138  1460 23496 W AppInfo : 	at android.content.ContentProvider.openAssetFile(ContentProvider.java:2326)
06-11 10:35:12.138  1460 23496 W AppInfo : 	at org.hapjs.AbstractContentProvider.doOpenAssetFile(SourceFile:1)
06-11 10:35:12.138  1460 23496 W AppInfo : 	at org.hapjs.cache.CacheProvider.doOpenAssetFile(SourceFile:74)
06-11 10:35:12.138  1460 23496 W AppInfo : 	at org.hapjs.AbstractContentProvider.openAssetFile(SourceFile:4)
06-11 10:35:12.138  1460 23496 W AppInfo : 	at android.content.ContentProvider.openTypedAssetFile(ContentProvider.java:2504)
06-11 10:35:12.138  1460 23496 W AppInfo : 	at android.content.ContentProvider.openTypedAssetFile(ContentProvider.java:2571)
06-11 10:35:12.138  1460 23496 W AppInfo : 	at android.content.ContentProvider$Transport.openTypedAssetFile(ContentProvider.java:692)
06-11 10:35:12.138  1460 23496 W AppInfo : 	at android.content.ContentResolver.openTypedAssetFileDescriptor(ContentResolver.java:2097)
06-11 10:35:12.138  1460 23496 W AppInfo : 	at android.content.ContentResolver.openAssetFileDescriptor(ContentResolver.java:1912)
06-11 10:35:12.138  1460 23496 W AppInfo : 	at android.content.ContentResolver.openInputStream(ContentResolver.java:1582)
06-11 10:35:12.138  1460 23496 W AppInfo : 	at org.hapjs.model.AppInfo.fromUri(SourceFile:7)
06-11 10:35:12.138  1460 23496 W AppInfo : 	at org.hapjs.model.AppInfo.create(SourceFile:105)
06-11 10:35:12.138  1460 23496 W AppInfo : 	at org.hapjs.bridge.DefaultAppInfoProvider.create(SourceFile:1)
06-11 10:35:12.138  1460 23496 W AppInfo : 	at a.a.a.nl0.g(SourceFile:58)
06-11 10:35:12.138  1460 23496 W AppInfo : 	at a.a.a.nl0.e(SourceFile:2)
06-11 10:35:12.138  1460 23496 W AppInfo : 	at a.a.a.rp6.d(SourceFile:22)
06-11 10:35:12.138  1460 23496 W AppInfo : 	at a.a.a.rp6.c(SourceFile:52)
06-11 10:35:12.138  1460 23496 W AppInfo : 	at com.nearme.instant.card.SharedDataProvider.setOrUpdateSharedDataInner(SourceFile:48)
06-11 10:35:12.138  1460 23496 W AppInfo : 	at com.nearme.instant.card.SharedDataProvider.setOrUpdateSharedData(SourceFile:61)
06-11 10:35:12.138  1460 23496 W AppInfo : 	at com.nearme.instant.card.SharedDataProvider.doCall(SourceFile:46)
06-11 10:35:12.138  1460 23496 W AppInfo : 	at org.hapjs.AbstractContentProvider.call(SourceFile:4)
06-11 10:35:12.138  1460 23496 W AppInfo : 	at android.content.ContentProvider.call(ContentProvider.java:2773)
06-11 10:35:12.138  1460 23496 W AppInfo : 	at android.content.ContentProvider$Transport.call(ContentProvider.java:653)
06-11 10:35:12.138  1460 23496 W AppInfo : 	at android.content.ContentProviderNative.onTransact(ContentProviderNative.java:307)
06-11 10:35:12.138  1460 23496 W AppInfo : 	at android.os.Binder.execTransactInternal(Binder.java:1444)
06-11 10:35:12.138  1460 23496 W AppInfo : 	at android.os.Binder.execTransact(Binder.java:1378)
06-11 10:35:12.138  1460 23496 E PermissionVerifier: card rpk not exists
06-11 10:35:12.138  1460 23496 W PermissionVerifier: checkWritePermission writer: com.oplus.games not in rpk: com.coloros.gamespaceui.quickapp.library allowed list
06-11 10:35:12.138  1460 23496 W SharedDataProvider: setOrUpdateSharedData no permissions!
06-11 10:35:12.139  4650 23595 D JsBridgeTimer: com.oppoopen.apptipcard setTimeoutCallback id:685
06-11 10:35:12.140  1460  1493 W SeedlingShare: (com.oplus.games, assistant_desktop_card_click_interact) not in seeding shared white list.
06-11 10:35:12.140  4650 23595 D JsConsole: breeno2X2-launcher(rsUDrjLDfb7Y)::TimerManager: invoke real timeout callback by JS thread,id：ZdT1YZxinH
06-11 10:35:12.140 26764 26764 I WeatherS_AutoGetLocationService: AutoGetLctService onReceive: com.oplus.weather.action.deal_location
06-11 10:35:12.140  1460  1493 W AppInfo : AppInfo create Uri content://com.nearme.instant.platform.res/com.coloros.gamespaceui.quickapp.guide/manifest.json
06-11 10:35:12.141  4650  4685 D OplusScrollToTopManager: com.android.launcher/com.android.launcher.Launcher,This com.android.internal.policy.DecorView{29f82bb I.E...... R.....ID 0,0-1240,2772 aid=2 alpha=1.0 viewInfo = }[Launcher] change focus to false
06-11 10:35:12.142 26764 26764 I WeatherS_AutoGetLocationService: onReceive:AutoGetLctService.stopSelf() end
06-11 10:35:12.142 26764 26764 I WeatherS_AutoGetLocationService: onDestroy
06-11 10:35:12.143 26764 26764 I Weather_Location_LocationController: stopAndClear
06-11 10:35:12.143 26764 26764 I Weather_Location_SystemLocation: stopLocalLocation remove listener:224447924
06-11 10:35:12.144  1460  1493 W PackageFilesValidator: isInvalidResource: AppDistributionMeta is null
06-11 10:35:12.146  1460  1493 W AppInfo : app info parse uri fail. uri: content://com.nearme.instant.platform.res/com.coloros.gamespaceui.quickapp.guide/manifest.json##Throwable##java.io.FileNotFoundException: open failed: ENOENT (No such file or directory)
06-11 10:35:12.146  1460  1493 W AppInfo : 	at android.os.ParcelFileDescriptor.openInternal(ParcelFileDescriptor.java:356)
06-11 10:35:12.146  1460  1493 W AppInfo : 	at android.os.ParcelFileDescriptor.open(ParcelFileDescriptor.java:233)
06-11 10:35:12.146  1460  1493 W AppInfo : 	at org.hapjs.cache.CacheProvider.doOpenFile(SourceFile:56)
06-11 10:35:12.146  1460  1493 W AppInfo : 	at org.hapjs.AbstractContentProvider.openFile(SourceFile:4)
06-11 10:35:12.146  1460  1493 W AppInfo : 	at android.content.ContentProvider.openAssetFile(ContentProvider.java:2326)
06-11 10:35:12.146  1460  1493 W AppInfo : 	at org.hapjs.AbstractContentProvider.doOpenAssetFile(SourceFile:1)
06-11 10:35:12.146  1460  1493 W AppInfo : 	at org.hapjs.cache.CacheProvider.doOpenAssetFile(SourceFile:74)
06-11 10:35:12.146  1460  1493 W AppInfo : 	at org.hapjs.AbstractContentProvider.openAssetFile(SourceFile:4)
06-11 10:35:12.146  1460  1493 W AppInfo : 	at android.content.ContentProvider.openTypedAssetFile(ContentProvider.java:2504)
06-11 10:35:12.146  1460  1493 W AppInfo : 	at android.content.ContentProvider.openTypedAssetFile(ContentProvider.java:2571)
06-11 10:35:12.146  1460  1493 W AppInfo : 	at android.content.ContentProvider$Transport.openTypedAssetFile(ContentProvider.java:692)
06-11 10:35:12.146  1460  1493 W AppInfo : 	at android.content.ContentResolver.openTypedAssetFileDescriptor(ContentResolver.java:2097)
06-11 10:35:12.146  1460  1493 W AppInfo : 	at android.content.ContentResolver.openAssetFileDescriptor(ContentResolver.java:1912)
06-11 10:35:12.146  1460  1493 W AppInfo : 	at android.content.ContentResolver.openInputStream(ContentResolver.java:1582)
06-11 10:35:12.146  1460  1493 W AppInfo : 	at org.hapjs.model.AppInfo.fromUri(SourceFile:7)
06-11 10:35:12.146  1460  1493 W AppInfo : 	at org.hapjs.model.AppInfo.create(SourceFile:105)
06-11 10:35:12.146  1460  1493 W AppInfo : 	at org.hapjs.bridge.DefaultAppInfoProvider.create(SourceFile:1)
06-11 10:35:12.146  1460  1493 W AppInfo : 	at a.a.a.nl0.g(SourceFile:58)
06-11 10:35:12.146  1460  1493 W AppInfo : 	at a.a.a.nl0.e(SourceFile:2)
06-11 10:35:12.146  1460  1493 W AppInfo : 	at a.a.a.rp6.d(SourceFile:22)
06-11 10:35:12.146  1460  1493 W AppInfo : 	at a.a.a.rp6.c(SourceFile:52)
06-11 10:35:12.146  1460  1493 W AppInfo : 	at com.nearme.instant.card.SharedDataProvider.setOrUpdateSharedDataInner(SourceFile:48)
06-11 10:35:12.146  1460  1493 W AppInfo : 	at com.nearme.instant.card.SharedDataProvider.setOrUpdateSharedData(SourceFile:61)
06-11 10:35:12.146  1460  1493 W AppInfo : 	at com.nearme.instant.card.SharedDataProvider.doCall(SourceFile:46)
06-11 10:35:12.146  1460  1493 W AppInfo : 	at org.hapjs.AbstractContentProvider.call(SourceFile:4)
06-11 10:35:12.146  1460  1493 W AppInfo : 	at android.content.ContentProvider.call(ContentProvider.java:2773)
06-11 10:35:12.146  1460  1493 W AppInfo : 	at android.content.ContentProvider$Transport.call(ContentProvider.java:653)
06-11 10:35:12.146  1460  1493 W AppInfo : 	at android.content.ContentProviderNative.onTransact(ContentProviderNative.java:307)
06-11 10:35:12.146  1460  1493 W AppInfo : 	at android.os.Binder.execTransactInternal(Binder.java:1444)
06-11 10:35:12.146  1460  1493 W AppInfo : 	at android.os.Binder.execTransact(Binder.java:1378)
06-11 10:35:12.146  1460  1493 E PermissionVerifier: card rpk not exists
06-11 10:35:12.146  1460  1493 W PermissionVerifier: checkWritePermission writer: com.oplus.games not in rpk: com.coloros.gamespaceui.quickapp.guide allowed list
06-11 10:35:12.146  1460  1493 W SharedDataProvider: setOrUpdateSharedData no permissions!
06-11 10:35:12.147  3189  4464 D TheiaCpuHighLoad: Not cpu high load:95
06-11 10:35:12.147  3189  4464 I OplusCpuLimitManager: OplusCpuHighLoad: newLoadLevel=1, newMngLevel=1, (nl_load=1, nl_thermal=1, nl_scene=1), curMngLevel=1, CL=0, curWinCL=0, curShortWinCL= 0, latestCL=95, latestThermalLevel=5, expHlScene=false
06-11 10:35:12.147  1460 23496 W SeedlingShare: (com.oplus.games, assistant_desktop_card_click_interact) not in seeding shared white list.
06-11 10:35:12.148  1460 23496 W AppInfo : AppInfo create Uri content://com.nearme.instant.platform.res/com.coloros.gamespaceui.quickapp.library/manifest.json
06-11 10:35:12.149  1460 23496 W PackageFilesValidator: isInvalidResource: AppDistributionMeta is null
06-11 10:35:12.150  1460 23496 W AppInfo : app info parse uri fail. uri: content://com.nearme.instant.platform.res/com.coloros.gamespaceui.quickapp.library/manifest.json##Throwable##java.io.FileNotFoundException: open failed: ENOENT (No such file or directory)
06-11 10:35:12.150  1460 23496 W AppInfo : 	at android.os.ParcelFileDescriptor.openInternal(ParcelFileDescriptor.java:356)
06-11 10:35:12.150  1460 23496 W AppInfo : 	at android.os.ParcelFileDescriptor.open(ParcelFileDescriptor.java:233)
06-11 10:35:12.150  1460 23496 W AppInfo : 	at org.hapjs.cache.CacheProvider.doOpenFile(SourceFile:56)
06-11 10:35:12.150  1460 23496 W AppInfo : 	at org.hapjs.AbstractContentProvider.openFile(SourceFile:4)
06-11 10:35:12.150  1460 23496 W AppInfo : 	at android.content.ContentProvider.openAssetFile(ContentProvider.java:2326)
06-11 10:35:12.150  1460 23496 W AppInfo : 	at org.hapjs.AbstractContentProvider.doOpenAssetFile(SourceFile:1)
06-11 10:35:12.150  1460 23496 W AppInfo : 	at org.hapjs.cache.CacheProvider.doOpenAssetFile(SourceFile:74)
06-11 10:35:12.150  1460 23496 W AppInfo : 	at org.hapjs.AbstractContentProvider.openAssetFile(SourceFile:4)
06-11 10:35:12.150  1460 23496 W AppInfo : 	at android.content.ContentProvider.openTypedAssetFile(ContentProvider.java:2504)
06-11 10:35:12.150  1460 23496 W AppInfo : 	at android.content.ContentProvider.openTypedAssetFile(ContentProvider.java:2571)
06-11 10:35:12.150  1460 23496 W AppInfo : 	at android.content.ContentProvider$Transport.openTypedAssetFile(ContentProvider.java:692)
06-11 10:35:12.150  1460 23496 W AppInfo : 	at android.content.ContentResolver.openTypedAssetFileDescriptor(ContentResolver.java:2097)
06-11 10:35:12.150  1460 23496 W AppInfo : 	at android.content.ContentResolver.openAssetFileDescriptor(ContentResolver.java:1912)
06-11 10:35:12.150  1460 23496 W AppInfo : 	at android.content.ContentResolver.openInputStream(ContentResolver.java:1582)
06-11 10:35:12.150  1460 23496 W AppInfo : 	at org.hapjs.model.AppInfo.fromUri(SourceFile:7)
06-11 10:35:12.150  1460 23496 W AppInfo : 	at org.hapjs.model.AppInfo.create(SourceFile:105)
06-11 10:35:12.150  1460 23496 W AppInfo : 	at org.hapjs.bridge.DefaultAppInfoProvider.create(SourceFile:1)
06-11 10:35:12.150  1460 23496 W AppInfo : 	at a.a.a.nl0.g(SourceFile:58)
06-11 10:35:12.150  1460 23496 W AppInfo : 	at a.a.a.nl0.e(SourceFile:2)
06-11 10:35:12.150  1460 23496 W AppInfo : 	at a.a.a.rp6.d(SourceFile:22)
06-11 10:35:12.150  1460 23496 W AppInfo : 	at a.a.a.rp6.c(SourceFile:52)
06-11 10:35:12.150  1460 23496 W AppInfo : 	at com.nearme.instant.card.SharedDataProvider.setOrUpdateSharedDataInner(SourceFile:48)
06-11 10:35:12.150  1460 23496 W AppInfo : 	at com.nearme.instant.card.SharedDataProvider.setOrUpdateSharedData(SourceFile:61)
06-11 10:35:12.150  1460 23496 W AppInfo : 	at com.nearme.instant.card.SharedDataProvider.doCall(SourceFile:46)
06-11 10:35:12.150  1460 23496 W AppInfo : 	at org.hapjs.AbstractContentProvider.call(SourceFile:4)
06-11 10:35:12.150  1460 23496 W AppInfo : 	at android.content.ContentProvider.call(ContentProvider.java:2773)
06-11 10:35:12.150  1460 23496 W AppInfo : 	at android.content.ContentProvider$Transport.call(ContentProvider.java:653)
06-11 10:35:12.150  1460 23496 W AppInfo : 	at android.content.ContentProviderNative.onTransact(ContentProviderNative.java:307)
06-11 10:35:12.150  1460 23496 W AppInfo : 	at android.os.Binder.execTransactInternal(Binder.java:1444)
06-11 10:35:12.150  1460 23496 W AppInfo : 	at android.os.Binder.execTransact(Binder.java:1378)
06-11 10:35:12.150  1460 23496 E PermissionVerifier: card rpk not exists
06-11 10:35:12.150  1460 23496 W PermissionVerifier: checkWritePermission writer: com.oplus.games not in rpk: com.coloros.gamespaceui.quickapp.library allowed list
06-11 10:35:12.150  1460 23496 W SharedDataProvider: setOrUpdateSharedData no permissions!
06-11 10:35:12.152  1460  1493 W SeedlingShare: (com.oplus.games, assistant_update_game_infos) not in seeding shared white list.
06-11 10:35:12.153  1460  1493 W AppInfo : AppInfo create Uri content://com.nearme.instant.platform.res/com.coloros.gamespaceui.quickapp.guide/manifest.json
06-11 10:35:12.154  1460  1493 W PackageFilesValidator: isInvalidResource: AppDistributionMeta is null
06-11 10:35:12.162  1460  1493 W AppInfo : app info parse uri fail. uri: content://com.nearme.instant.platform.res/com.coloros.gamespaceui.quickapp.guide/manifest.json##Throwable##java.io.FileNotFoundException: open failed: ENOENT (No such file or directory)
06-11 10:35:12.162  1460  1493 W AppInfo : 	at android.os.ParcelFileDescriptor.openInternal(ParcelFileDescriptor.java:356)
06-11 10:35:12.162  1460  1493 W AppInfo : 	at android.os.ParcelFileDescriptor.open(ParcelFileDescriptor.java:233)
06-11 10:35:12.162  1460  1493 W AppInfo : 	at org.hapjs.cache.CacheProvider.doOpenFile(SourceFile:56)
06-11 10:35:12.162  1460  1493 W AppInfo : 	at org.hapjs.AbstractContentProvider.openFile(SourceFile:4)
06-11 10:35:12.162  1460  1493 W AppInfo : 	at android.content.ContentProvider.openAssetFile(ContentProvider.java:2326)
06-11 10:35:12.162  1460  1493 W AppInfo : 	at org.hapjs.AbstractContentProvider.doOpenAssetFile(SourceFile:1)
06-11 10:35:12.162  1460  1493 W AppInfo : 	at org.hapjs.cache.CacheProvider.doOpenAssetFile(SourceFile:74)
06-11 10:35:12.162  1460  1493 W AppInfo : 	at org.hapjs.AbstractContentProvider.openAssetFile(SourceFile:4)
06-11 10:35:12.162  1460  1493 W AppInfo : 	at android.content.ContentProvider.openTypedAssetFile(ContentProvider.java:2504)
06-11 10:35:12.162  1460  1493 W AppInfo : 	at android.content.ContentProvider.openTypedAssetFile(ContentProvider.java:2571)
06-11 10:35:12.162  1460  1493 W AppInfo : 	at android.content.ContentProvider$Transport.openTypedAssetFile(ContentProvider.java:692)
06-11 10:35:12.162  1460  1493 W AppInfo : 	at android.content.ContentResolver.openTypedAssetFileDescriptor(ContentResolver.java:2097)
06-11 10:35:12.162  1460  1493 W AppInfo : 	at android.content.ContentResolver.openAssetFileDescriptor(ContentResolver.java:1912)
06-11 10:35:12.162  1460  1493 W AppInfo : 	at android.content.ContentResolver.openInputStream(ContentResolver.java:1582)
06-11 10:35:12.162  1460  1493 W AppInfo : 	at org.hapjs.model.AppInfo.fromUri(SourceFile:7)
06-11 10:35:12.162  1460  1493 W AppInfo : 	at org.hapjs.model.AppInfo.create(SourceFile:105)
06-11 10:35:12.162  1460  1493 W AppInfo : 	at org.hapjs.bridge.DefaultAppInfoProvider.create(SourceFile:1)
06-11 10:35:12.162  1460  1493 W AppInfo : 	at a.a.a.nl0.g(SourceFile:58)
06-11 10:35:12.162  1460  1493 W AppInfo : 	at a.a.a.nl0.e(SourceFile:2)
06-11 10:35:12.162  1460  1493 W AppInfo : 	at a.a.a.rp6.d(SourceFile:22)
06-11 10:35:12.162  1460  1493 W AppInfo : 	at a.a.a.rp6.c(SourceFile:52)
06-11 10:35:12.162  1460  1493 W AppInfo : 	at com.nearme.instant.card.SharedDataProvider.setOrUpdateSharedDataInner(SourceFile:48)
06-11 10:35:12.162  1460  1493 W AppInfo : 	at com.nearme.instant.card.SharedDataProvider.setOrUpdateSharedData(SourceFile:61)
06-11 10:35:12.162  1460  1493 W AppInfo : 	at com.nearme.instant.card.SharedDataProvider.doCall(SourceFile:46)
06-11 10:35:12.162  1460  1493 W AppInfo : 	at org.hapjs.AbstractContentProvider.call(SourceFile:4)
06-11 10:35:12.162  1460  1493 W AppInfo : 	at android.content.ContentProvider.call(ContentProvider.java:2773)
06-11 10:35:12.162  1460  1493 W AppInfo : 	at android.content.ContentProvider$Transport.call(ContentProvider.java:653)
06-11 10:35:12.162  1460  1493 W AppInfo : 	at android.content.ContentProviderNative.onTransact(ContentProviderNative.java:307)
06-11 10:35:12.162  1460  1493 W AppInfo : 	at android.os.Binder.execTransactInternal(Binder.java:1444)
06-11 10:35:12.162  1460  1493 W AppInfo : 	at android.os.Binder.execTransact(Binder.java:1378)
06-11 10:35:12.162  1460  1493 E PermissionVerifier: card rpk not exists
06-11 10:35:12.162  1460  1493 W PermissionVerifier: checkWritePermission writer: com.oplus.games not in rpk: com.coloros.gamespaceui.quickapp.guide allowed list
06-11 10:35:12.162  1460  1493 W SharedDataProvider: setOrUpdateSharedData no permissions!
06-11 10:35:12.164  1460 23496 W SeedlingShare: (com.oplus.games, assistant_update_game_infos) not in seeding shared white list.
06-11 10:35:12.164 25296 26448 E AstScreen.ShortcutDAOV2: shortcutDataManager updateLegalStatusMap, legalStatusCache:{14=0, 15=0, 16=0, 18=0, 19=0, 20=0, 21=0, -1721645705=0, 1977694710=0, 24=0, 25=0, 27=0, 28=0, 55255895=0, 29=0, 30=0, 31=0, 32=0, -845193793=0, 33=0, 922111699=0, 331884525=0, 832615816=0, 42=0, 43=0, 44=0, 46=0, 47=0, 48=0, 49=0, 50=0, -1031558479=0, 51=0, 53=0, 56=0, 154133778=0, 1409950772=0, -1709882794=0, 72=0, 1536737232=0, 1692578987=0, 80=0, -1293286733=0, 101=0, 102=0, 703863186=0, -1558926477=0, 105=0, -1292231023=0, 108=0, 111=0, 112=0, -1763354987=0, 118=0, 124=0, 125=0, 1174097286=0, 126=0, 127=0, 313184810=0, -1667428321=0, 132=0, 134=0, 136=0, 140=0, 141=0, 142=0, 144=0, 145=0, 146=0, 147=0, -2096096381=0, 148=0, 1897569679=0, 156=0, -104850075=0, 173=0, 1880698029=0, 1488133239=0, 197=0, 207=0, 219=0, 220=0, 223=0, 227=0, 230=0, 231=0, 232=0, 195266379=0, 233=0, 234=0, 235=0, 236=0, 237=0, 238=0, 239=0, 240=0, 242=0, -159637874=0, 243=0, 244=0, 245=0, 246=0, 247=0, 248=4, 249=0, 251=0, 252=0, 253=0, 254=0, 255=0, 256=0, -262597285=0, -1606001344=0, 779490160=0, 1620159901=0, 277=0, 278=0, 279=4, 280=0, 282=0, 582398868=0, 1609454281=0, -1943382780=0, 1330658925=0, -1917041533=0, -491738124=0, 340=0, 1361780860=0, -1357050264=0, 1178046286=0, 1156888975=0, 1051878348=0, 277973278=0, -589493946=0, 1254578009=0, -819805508=0, 1334352421=0, 256457446=0, 301247579=0, -1664115334=0, 1967896714=0, 1659293491=0, 575541165=0, 1266951777=0, 1116722044=0, 1730484946=0, -1803751815=0, 361910168=0, -1848306725=0, -1186720938=0, -192889194=0, -1040394275=0, 682022528=0, 1319538838=0, -1605005728=0, 713993394=0, 1765779203=0, 2091464343=0, -1829134147=0, -1414602254=0, 1276497535=0, -1902438159=0, 1366626055=0, -860300598=0, 379189486=0, -644965387=0, -973170826=0, 673527470=0, -1635319800=0, 2056029204=0, -228864773=0, 2027416160=0, 378881071=0, 1654990951=0, 1442911426=0, 752555548=0, -1284596293=0, -54547863=0, -2086095549=0, 874354413=0, 1318294930=0, 2123438483=0, -69877540=0, 724574267=0, 1423017949=0, 949069732=0, 1661249612=0, 720897457=0, -1565432350=0, 320673862=0, 282428340=0, -505910608=0, -912745742=0, -695601689=0, 908623192=0, -30315083=0, -103524794=0, -1387139380=0, 633261597=0, -1046965711=0, 1591529847=0, -1565576931=0, 1994036591=0, 535446614=0, 2049668591=0, -859962506=0, -781612358=7, 1335515207=0, 1238325805=0}
06-11 10:35:12.165 25296 26448 I AstScreen.ShortcutVisualMessageManager: requestUpdateVisualDataCache,originUnExecutedVisualDataList:[],newVisualMessageCache:[]
06-11 10:35:12.165 25296 26448 I AstScreen.ShortcutRouterCacheHelper: isAnyUrlAvailableFromCache 279, title:腾讯元宝 has no legal url, dependentPackage:*o*.*e*c*n*.*u*y*a*.*p*.*h*t
06-11 10:35:12.165  1460 23496 W AppInfo : AppInfo create Uri content://com.nearme.instant.platform.res/com.coloros.gamespaceui.quickapp.library/manifest.json
06-11 10:35:12.165  1460 23496 W PackageFilesValidator: isInvalidResource: AppDistributionMeta is null
06-11 10:35:12.168  1460 23496 W AppInfo : app info parse uri fail. uri: content://com.nearme.instant.platform.res/com.coloros.gamespaceui.quickapp.library/manifest.json##Throwable##java.io.FileNotFoundException: open failed: ENOENT (No such file or directory)
06-11 10:35:12.168  1460 23496 W AppInfo : 	at android.os.ParcelFileDescriptor.openInternal(ParcelFileDescriptor.java:356)
06-11 10:35:12.168  1460 23496 W AppInfo : 	at android.os.ParcelFileDescriptor.open(ParcelFileDescriptor.java:233)
06-11 10:35:12.168  1460 23496 W AppInfo : 	at org.hapjs.cache.CacheProvider.doOpenFile(SourceFile:56)
06-11 10:35:12.168  1460 23496 W AppInfo : 	at org.hapjs.AbstractContentProvider.openFile(SourceFile:4)
06-11 10:35:12.168  1460 23496 W AppInfo : 	at android.content.ContentProvider.openAssetFile(ContentProvider.java:2326)
06-11 10:35:12.168  1460 23496 W AppInfo : 	at org.hapjs.AbstractContentProvider.doOpenAssetFile(SourceFile:1)
06-11 10:35:12.168  1460 23496 W AppInfo : 	at org.hapjs.cache.CacheProvider.doOpenAssetFile(SourceFile:74)
06-11 10:35:12.168  1460 23496 W AppInfo : 	at org.hapjs.AbstractContentProvider.openAssetFile(SourceFile:4)
06-11 10:35:12.168  1460 23496 W AppInfo : 	at android.content.ContentProvider.openTypedAssetFile(ContentProvider.java:2504)
06-11 10:35:12.168  1460 23496 W AppInfo : 	at android.content.ContentProvider.openTypedAssetFile(ContentProvider.java:2571)
06-11 10:35:12.168  1460 23496 W AppInfo : 	at android.content.ContentProvider$Transport.openTypedAssetFile(ContentProvider.java:692)
06-11 10:35:12.168  1460 23496 W AppInfo : 	at android.content.ContentResolver.openTypedAssetFileDescriptor(ContentResolver.java:2097)
06-11 10:35:12.168  1460 23496 W AppInfo : 	at android.content.ContentResolver.openAssetFileDescriptor(ContentResolver.java:1912)
06-11 10:35:12.168  1460 23496 W AppInfo : 	at android.content.ContentResolver.openInputStream(ContentResolver.java:1582)
06-11 10:35:12.168  1460 23496 W AppInfo : 	at org.hapjs.model.AppInfo.fromUri(SourceFile:7)
06-11 10:35:12.168  1460 23496 W AppInfo : 	at org.hapjs.model.AppInfo.create(SourceFile:105)
06-11 10:35:12.168  1460 23496 W AppInfo : 	at org.hapjs.bridge.DefaultAppInfoProvider.create(SourceFile:1)
06-11 10:35:12.168  1460 23496 W AppInfo : 	at a.a.a.nl0.g(SourceFile:58)
06-11 10:35:12.168  1460 23496 W AppInfo : 	at a.a.a.nl0.e(SourceFile:2)
06-11 10:35:12.168  1460 23496 W AppInfo : 	at a.a.a.rp6.d(SourceFile:22)
06-11 10:35:12.168  1460 23496 W AppInfo : 	at a.a.a.rp6.c(SourceFile:52)
06-11 10:35:12.168  1460 23496 W AppInfo : 	at com.nearme.instant.card.SharedDataProvider.setOrUpdateSharedDataInner(SourceFile:48)
06-11 10:35:12.168  1460 23496 W AppInfo : 	at com.nearme.instant.card.SharedDataProvider.setOrUpdateSharedData(SourceFile:61)
06-11 10:35:12.168  1460 23496 W AppInfo : 	at com.nearme.instant.card.SharedDataProvider.doCall(SourceFile:46)
06-11 10:35:12.168  1460 23496 W AppInfo : 	at org.hapjs.AbstractContentProvider.call(SourceFile:4)
06-11 10:35:12.168  1460 23496 W AppInfo : 	at android.content.ContentProvider.call(ContentProvider.java:2773)
06-11 10:35:12.168  1460 23496 W AppInfo : 	at android.content.ContentProvider$Transport.call(ContentProvider.java:653)
06-11 10:35:12.168  1460 23496 W AppInfo : 	at android.content.ContentProviderNative.onTransact(ContentProviderNative.java:307)
06-11 10:35:12.168  1460 23496 W AppInfo : 	at android.os.Binder.execTransactInternal(Binder.java:1444)
06-11 10:35:12.168  1460 23496 W AppInfo : 	at android.os.Binder.execTransact(Binder.java:1378)
06-11 10:35:12.168  1460 23496 E PermissionVerifier: card rpk not exists
06-11 10:35:12.168  1460 23496 W PermissionVerifier: checkWritePermission writer: com.oplus.games not in rpk: com.coloros.gamespaceui.quickapp.library allowed list
06-11 10:35:12.168  1460 23496 W SharedDataProvider: setOrUpdateSharedData no permissions!
06-11 10:35:12.169  3189  3338 D VRR [OPlusSAManager]: updateAutoMinfps for 4630946283567114626 with nits: 139.33551, mHistOK true, mAmbientOK true, mCctOK true, mIrOK true, mBrightnessOK true, isPkgOK true, SA min fps: 2
06-11 10:35:12.169  1877  2465 I VRR-[OPlusRefreshRateSelector]: updateAutoMode success, display 0, mode 0, fakeframe 0, min fps: 2
06-11 10:35:12.170  3189  3251 I AccessibilityWindowsPopulator: getInsensibleFlag flag = 0
06-11 10:35:12.174  1460  1493 W SeedlingShare: (com.oplus.games, assistant_played_game_infos) not in seeding shared white list.
06-11 10:35:12.175  1460  1493 W AppInfo : AppInfo create Uri content://com.nearme.instant.platform.res/com.coloros.gamespaceui.quickapp.guide/manifest.json
06-11 10:35:12.176  1460  1493 W PackageFilesValidator: isInvalidResource: AppDistributionMeta is null
06-11 10:35:12.184  1699  2174 I SDM     : DisplayBuiltIn::SetQSyncMode: VRR + qsync minfps change to: 12615810 00C08082
06-11 10:35:12.184  1699  2174 I SDM     : HWDeviceDRM::OPlusSetQSyncMinFps: VRR +  OPlusSetQSyncMinFps: 12615810
06-11 10:35:12.184  1699  2174 I SDM     : HWDeviceDRM::OPlusSetQSyncMinFpsUpdate: VRR +  OPlusSetQSyncMinFpsUpdate: 1
06-11 10:35:12.184  1699  2174 I SDM     : HWDeviceDRM::OPlusGetQSyncMinFps: VRR +  OPlusGetQSyncMinFps: 12615810
06-11 10:35:12.184  1699  2174 I SDM     : DisplayBuiltIn::SetQSyncMode: VRR + update qsync mode 0 minfps 00C08082
06-11 10:35:12.184  1699  2174 I SDM     : HWDeviceDRM::OPlusIsQSyncMinFpsForAuto: VRR +  OPlusIsQSyncMinFpsForAuto: 1
06-11 10:35:12.184  1699  2174 I SDM     : DisplayBuiltIn::SetQSyncMode: VRR + needs_avr_update_ 0
06-11 10:35:12.184  1699  2174 I SDM     : DisplayBuiltIn::SetQSyncMode: Qsync mode set to 0 successfully
06-11 10:35:12.186  1460  1493 W AppInfo : app info parse uri fail. uri: content://com.nearme.instant.platform.res/com.coloros.gamespaceui.quickapp.guide/manifest.json##Throwable##java.io.FileNotFoundException: open failed: ENOENT (No such file or directory)
06-11 10:35:12.186  1460  1493 W AppInfo : 	at android.os.ParcelFileDescriptor.openInternal(ParcelFileDescriptor.java:356)
06-11 10:35:12.186  1460  1493 W AppInfo : 	at android.os.ParcelFileDescriptor.open(ParcelFileDescriptor.java:233)
06-11 10:35:12.186  1460  1493 W AppInfo : 	at org.hapjs.cache.CacheProvider.doOpenFile(SourceFile:56)
06-11 10:35:12.186  1460  1493 W AppInfo : 	at org.hapjs.AbstractContentProvider.openFile(SourceFile:4)
06-11 10:35:12.186  1460  1493 W AppInfo : 	at android.content.ContentProvider.openAssetFile(ContentProvider.java:2326)
06-11 10:35:12.186  1460  1493 W AppInfo : 	at org.hapjs.AbstractContentProvider.doOpenAssetFile(SourceFile:1)
06-11 10:35:12.186  1460  1493 W AppInfo : 	at org.hapjs.cache.CacheProvider.doOpenAssetFile(SourceFile:74)
06-11 10:35:12.186  1460  1493 W AppInfo : 	at org.hapjs.AbstractContentProvider.openAssetFile(SourceFile:4)
06-11 10:35:12.186  1460  1493 W AppInfo : 	at android.content.ContentProvider.openTypedAssetFile(ContentProvider.java:2504)
06-11 10:35:12.186  1460  1493 W AppInfo : 	at android.content.ContentProvider.openTypedAssetFile(ContentProvider.java:2571)
06-11 10:35:12.186  1460  1493 W AppInfo : 	at android.content.ContentProvider$Transport.openTypedAssetFile(ContentProvider.java:692)
06-11 10:35:12.186  1460  1493 W AppInfo : 	at android.content.ContentResolver.openTypedAssetFileDescriptor(ContentResolver.java:2097)
06-11 10:35:12.186  1460  1493 W AppInfo : 	at android.content.ContentResolver.openAssetFileDescriptor(ContentResolver.java:1912)
06-11 10:35:12.186  1460  1493 W AppInfo : 	at android.content.ContentResolver.openInputStream(ContentResolver.java:1582)
06-11 10:35:12.186  1460  1493 W AppInfo : 	at org.hapjs.model.AppInfo.fromUri(SourceFile:7)
06-11 10:35:12.186  1460  1493 W AppInfo : 	at org.hapjs.model.AppInfo.create(SourceFile:105)
06-11 10:35:12.186  1460  1493 W AppInfo : 	at org.hapjs.bridge.DefaultAppInfoProvider.create(SourceFile:1)
06-11 10:35:12.186  1460  1493 W AppInfo : 	at a.a.a.nl0.g(SourceFile:58)
06-11 10:35:12.186  1460  1493 W AppInfo : 	at a.a.a.nl0.e(SourceFile:2)
06-11 10:35:12.186  1460  1493 W AppInfo : 	at a.a.a.rp6.d(SourceFile:22)
06-11 10:35:12.186  1460  1493 W AppInfo : 	at a.a.a.rp6.c(SourceFile:52)
06-11 10:35:12.186  1460  1493 W AppInfo : 	at com.nearme.instant.card.SharedDataProvider.setOrUpdateSharedDataInner(SourceFile:48)
06-11 10:35:12.186  1460  1493 W AppInfo : 	at com.nearme.instant.card.SharedDataProvider.setOrUpdateSharedData(SourceFile:61)
06-11 10:35:12.186  1460  1493 W AppInfo : 	at com.nearme.instant.card.SharedDataProvider.doCall(SourceFile:46)
06-11 10:35:12.186  1460  1493 W AppInfo : 	at org.hapjs.AbstractContentProvider.call(SourceFile:4)
06-11 10:35:12.186  1460  1493 W AppInfo : 	at android.content.ContentProvider.call(ContentProvider.java:2773)
06-11 10:35:12.186  1460  1493 W AppInfo : 	at android.content.ContentProvider$Transport.call(ContentProvider.java:653)
06-11 10:35:12.186  1460  1493 W AppInfo : 	at android.content.ContentProviderNative.onTransact(ContentProviderNative.java:307)
06-11 10:35:12.186  1460  1493 W AppInfo : 	at android.os.Binder.execTransactInternal(Binder.java:1444)
06-11 10:35:12.186  1460  1493 W AppInfo : 	at android.os.Binder.execTransact(Binder.java:1378)
06-11 10:35:12.187  1460  1493 E PermissionVerifier: card rpk not exists
06-11 10:35:12.187  1460  1493 W PermissionVerifier: checkWritePermission writer: com.oplus.games not in rpk: com.coloros.gamespaceui.quickapp.guide allowed list
06-11 10:35:12.187  1460  1493 W SharedDataProvider: setOrUpdateSharedData no permissions!
06-11 10:35:12.188  1460 23496 W SeedlingShare: (com.oplus.games, assistant_played_game_infos) not in seeding shared white list.
06-11 10:35:12.189  1460 23496 W AppInfo : AppInfo create Uri content://com.nearme.instant.platform.res/com.coloros.gamespaceui.quickapp.library/manifest.json
06-11 10:35:12.190  1460 23496 W PackageFilesValidator: isInvalidResource: AppDistributionMeta is null
06-11 10:35:12.191  1460 23496 W AppInfo : app info parse uri fail. uri: content://com.nearme.instant.platform.res/com.coloros.gamespaceui.quickapp.library/manifest.json##Throwable##java.io.FileNotFoundException: open failed: ENOENT (No such file or directory)
06-11 10:35:12.191  1460 23496 W AppInfo : 	at android.os.ParcelFileDescriptor.openInternal(ParcelFileDescriptor.java:356)
06-11 10:35:12.191  1460 23496 W AppInfo : 	at android.os.ParcelFileDescriptor.open(ParcelFileDescriptor.java:233)
06-11 10:35:12.191  1460 23496 W AppInfo : 	at org.hapjs.cache.CacheProvider.doOpenFile(SourceFile:56)
06-11 10:35:12.191  1460 23496 W AppInfo : 	at org.hapjs.AbstractContentProvider.openFile(SourceFile:4)
06-11 10:35:12.191  1460 23496 W AppInfo : 	at android.content.ContentProvider.openAssetFile(ContentProvider.java:2326)
06-11 10:35:12.191  1460 23496 W AppInfo : 	at org.hapjs.AbstractContentProvider.doOpenAssetFile(SourceFile:1)
06-11 10:35:12.191  1460 23496 W AppInfo : 	at org.hapjs.cache.CacheProvider.doOpenAssetFile(SourceFile:74)
06-11 10:35:12.191  1460 23496 W AppInfo : 	at org.hapjs.AbstractContentProvider.openAssetFile(SourceFile:4)
06-11 10:35:12.191  1460 23496 W AppInfo : 	at android.content.ContentProvider.openTypedAssetFile(ContentProvider.java:2504)
06-11 10:35:12.191  1460 23496 W AppInfo : 	at android.content.ContentProvider.openTypedAssetFile(ContentProvider.java:2571)
06-11 10:35:12.191  1460 23496 W AppInfo : 	at android.content.ContentProvider$Transport.openTypedAssetFile(ContentProvider.java:692)
06-11 10:35:12.191  1460 23496 W AppInfo : 	at android.content.ContentResolver.openTypedAssetFileDescriptor(ContentResolver.java:2097)
06-11 10:35:12.191  1460 23496 W AppInfo : 	at android.content.ContentResolver.openAssetFileDescriptor(ContentResolver.java:1912)
06-11 10:35:12.191  1460 23496 W AppInfo : 	at android.content.ContentResolver.openInputStream(ContentResolver.java:1582)
06-11 10:35:12.191  1460 23496 W AppInfo : 	at org.hapjs.model.AppInfo.fromUri(SourceFile:7)
06-11 10:35:12.191  1460 23496 W AppInfo : 	at org.hapjs.model.AppInfo.create(SourceFile:105)
06-11 10:35:12.191  1460 23496 W AppInfo : 	at org.hapjs.bridge.DefaultAppInfoProvider.create(SourceFile:1)
06-11 10:35:12.191  1460 23496 W AppInfo : 	at a.a.a.nl0.g(SourceFile:58)
06-11 10:35:12.191  1460 23496 W AppInfo : 	at a.a.a.nl0.e(SourceFile:2)
06-11 10:35:12.191  1460 23496 W AppInfo : 	at a.a.a.rp6.d(SourceFile:22)
06-11 10:35:12.191  1460 23496 W AppInfo : 	at a.a.a.rp6.c(SourceFile:52)
06-11 10:35:12.191  1460 23496 W AppInfo : 	at com.nearme.instant.card.SharedDataProvider.setOrUpdateSharedDataInner(SourceFile:48)
06-11 10:35:12.191  1460 23496 W AppInfo : 	at com.nearme.instant.card.SharedDataProvider.setOrUpdateSharedData(SourceFile:61)
06-11 10:35:12.191  1460 23496 W AppInfo : 	at com.nearme.instant.card.SharedDataProvider.doCall(SourceFile:46)
06-11 10:35:12.191  1460 23496 W AppInfo : 	at org.hapjs.AbstractContentProvider.call(SourceFile:4)
06-11 10:35:12.191  1460 23496 W AppInfo : 	at android.content.ContentProvider.call(ContentProvider.java:2773)
06-11 10:35:12.191  1460 23496 W AppInfo : 	at android.content.ContentProvider$Transport.call(ContentProvider.java:653)
06-11 10:35:12.191  1460 23496 W AppInfo : 	at android.content.ContentProviderNative.onTransact(ContentProviderNative.java:307)
06-11 10:35:12.191  1460 23496 W AppInfo : 	at android.os.Binder.execTransactInternal(Binder.java:1444)
06-11 10:35:12.191  1460 23496 W AppInfo : 	at android.os.Binder.execTransact(Binder.java:1378)
06-11 10:35:12.192  1460 23496 E PermissionVerifier: card rpk not exists
06-11 10:35:12.192  1460 23496 W PermissionVerifier: checkWritePermission writer: com.oplus.games not in rpk: com.coloros.gamespaceui.quickapp.library allowed list
06-11 10:35:12.192  1460 23496 W SharedDataProvider: setOrUpdateSharedData no permissions!
06-11 10:35:12.196  1460  1493 W SeedlingShare: (com.oplus.games, assistant_played_game_infos) not in seeding shared white list.
06-11 10:35:12.197  1460  1493 W AppInfo : AppInfo create Uri content://com.nearme.instant.platform.res/com.coloros.gamespaceui.quickapp.guide/manifest.json
06-11 10:35:12.198  1460  1493 W PackageFilesValidator: isInvalidResource: AppDistributionMeta is null
06-11 10:35:12.200  1699  1966 I SDM     : HWDeviceDRM::OPlusGetQSyncMinFpsUpdate: VRR +  OPlusGetQSyncMinFpsUpdate: 1
06-11 10:35:12.200  1699  1966 I SDM     : HWDeviceDRM::OPlusIsQSyncMinFpsForAuto: VRR +  OPlusIsQSyncMinFpsForAuto: 1
06-11 10:35:12.200  1699  1966 I SDM     : HWDeviceDRM::OPlusGetQSyncMinFps: VRR +  OPlusGetQSyncMinFps: 12615810
06-11 10:35:12.206  1667  1845 I sensors-hal: get_display_brightness:690, light_iface: get_brightness ret = 1, fifo_fm[0].type = 7, data = 2
06-11 10:35:12.206  1667  1845 I sensors-hal: send_brightness:889, light_iface: send_cfg, br 1529, dc 0, power on 1, val 1181177, pwm turbo 0, freq 2
06-11 10:35:12.215  1460  1493 W AppInfo : app info parse uri fail. uri: content://com.nearme.instant.platform.res/com.coloros.gamespaceui.quickapp.guide/manifest.json##Throwable##java.io.FileNotFoundException: open failed: ENOENT (No such file or directory)
06-11 10:35:12.215  1460  1493 W AppInfo : 	at android.os.ParcelFileDescriptor.openInternal(ParcelFileDescriptor.java:356)
06-11 10:35:12.215  1460  1493 W AppInfo : 	at android.os.ParcelFileDescriptor.open(ParcelFileDescriptor.java:233)
06-11 10:35:12.215  1460  1493 W AppInfo : 	at org.hapjs.cache.CacheProvider.doOpenFile(SourceFile:56)
06-11 10:35:12.215  1460  1493 W AppInfo : 	at org.hapjs.AbstractContentProvider.openFile(SourceFile:4)
06-11 10:35:12.215  1460  1493 W AppInfo : 	at android.content.ContentProvider.openAssetFile(ContentProvider.java:2326)
06-11 10:35:12.215  1460  1493 W AppInfo : 	at org.hapjs.AbstractContentProvider.doOpenAssetFile(SourceFile:1)
06-11 10:35:12.215  1460  1493 W AppInfo : 	at org.hapjs.cache.CacheProvider.doOpenAssetFile(SourceFile:74)
06-11 10:35:12.215  1460  1493 W AppInfo : 	at org.hapjs.AbstractContentProvider.openAssetFile(SourceFile:4)
06-11 10:35:12.215  1460  1493 W AppInfo : 	at android.content.ContentProvider.openTypedAssetFile(ContentProvider.java:2504)
06-11 10:35:12.215  1460  1493 W AppInfo : 	at android.content.ContentProvider.openTypedAssetFile(ContentProvider.java:2571)
06-11 10:35:12.215  1460  1493 W AppInfo : 	at android.content.ContentProvider$Transport.openTypedAssetFile(ContentProvider.java:692)
06-11 10:35:12.215  1460  1493 W AppInfo : 	at android.content.ContentResolver.openTypedAssetFileDescriptor(ContentResolver.java:2097)
06-11 10:35:12.215  1460  1493 W AppInfo : 	at android.content.ContentResolver.openAssetFileDescriptor(ContentResolver.java:1912)
06-11 10:35:12.215  1460  1493 W AppInfo : 	at android.content.ContentResolver.openInputStream(ContentResolver.java:1582)
06-11 10:35:12.215  1460  1493 W AppInfo : 	at org.hapjs.model.AppInfo.fromUri(SourceFile:7)
06-11 10:35:12.215  1460  1493 W AppInfo : 	at org.hapjs.model.AppInfo.create(SourceFile:105)
06-11 10:35:12.215  1460  1493 W AppInfo : 	at org.hapjs.bridge.DefaultAppInfoProvider.create(SourceFile:1)
06-11 10:35:12.215  1460  1493 W AppInfo : 	at a.a.a.nl0.g(SourceFile:58)
06-11 10:35:12.215  1460  1493 W AppInfo : 	at a.a.a.nl0.e(SourceFile:2)
06-11 10:35:12.215  1460  1493 W AppInfo : 	at a.a.a.rp6.d(SourceFile:22)
06-11 10:35:12.215  1460  1493 W AppInfo : 	at a.a.a.rp6.c(SourceFile:52)
06-11 10:35:12.215  1460  1493 W AppInfo : 	at com.nearme.instant.card.SharedDataProvider.setOrUpdateSharedDataInner(SourceFile:48)
06-11 10:35:12.215  1460  1493 W AppInfo : 	at com.nearme.instant.card.SharedDataProvider.setOrUpdateSharedData(SourceFile:61)
06-11 10:35:12.215  1460  1493 W AppInfo : 	at com.nearme.instant.card.SharedDataProvider.doCall(SourceFile:46)
06-11 10:35:12.215  1460  1493 W AppInfo : 	at org.hapjs.AbstractContentProvider.call(SourceFile:4)
06-11 10:35:12.215  1460  1493 W AppInfo : 	at android.content.ContentProvider.call(ContentProvider.java:2773)
06-11 10:35:12.215  1460  1493 W AppInfo : 	at android.content.ContentProvider$Transport.call(ContentProvider.java:653)
06-11 10:35:12.215  1460  1493 W AppInfo : 	at android.content.ContentProviderNative.onTransact(ContentProviderNative.java:307)
06-11 10:35:12.215  1460  1493 W AppInfo : 	at android.os.Binder.execTransactInternal(Binder.java:1444)
06-11 10:35:12.215  1460  1493 W AppInfo : 	at android.os.Binder.execTransact(Binder.java:1378)
06-11 10:35:12.215  1460  1493 E PermissionVerifier: card rpk not exists
06-11 10:35:12.216  1460  1493 W PermissionVerifier: checkWritePermission writer: com.oplus.games not in rpk: com.coloros.gamespaceui.quickapp.guide allowed list
06-11 10:35:12.216  1460  1493 W SharedDataProvider: setOrUpdateSharedData no permissions!
06-11 10:35:12.218  1460 23496 W SeedlingShare: (com.oplus.games, assistant_played_game_infos) not in seeding shared white list.
06-11 10:35:12.219  1460 23496 W AppInfo : AppInfo create Uri content://com.nearme.instant.platform.res/com.coloros.gamespaceui.quickapp.library/manifest.json
06-11 10:35:12.220  1460 23496 W PackageFilesValidator: isInvalidResource: AppDistributionMeta is null
06-11 10:35:12.221  1460 23496 W AppInfo : app info parse uri fail. uri: content://com.nearme.instant.platform.res/com.coloros.gamespaceui.quickapp.library/manifest.json##Throwable##java.io.FileNotFoundException: open failed: ENOENT (No such file or directory)
06-11 10:35:12.221  1460 23496 W AppInfo : 	at android.os.ParcelFileDescriptor.openInternal(ParcelFileDescriptor.java:356)
06-11 10:35:12.221  1460 23496 W AppInfo : 	at android.os.ParcelFileDescriptor.open(ParcelFileDescriptor.java:233)
06-11 10:35:12.221  1460 23496 W AppInfo : 	at org.hapjs.cache.CacheProvider.doOpenFile(SourceFile:56)
06-11 10:35:12.221  1460 23496 W AppInfo : 	at org.hapjs.AbstractContentProvider.openFile(SourceFile:4)
06-11 10:35:12.221  1460 23496 W AppInfo : 	at android.content.ContentProvider.openAssetFile(ContentProvider.java:2326)
06-11 10:35:12.221  1460 23496 W AppInfo : 	at org.hapjs.AbstractContentProvider.doOpenAssetFile(SourceFile:1)
06-11 10:35:12.221  1460 23496 W AppInfo : 	at org.hapjs.cache.CacheProvider.doOpenAssetFile(SourceFile:74)
06-11 10:35:12.221  1460 23496 W AppInfo : 	at org.hapjs.AbstractContentProvider.openAssetFile(SourceFile:4)
06-11 10:35:12.221  1460 23496 W AppInfo : 	at android.content.ContentProvider.openTypedAssetFile(ContentProvider.java:2504)
06-11 10:35:12.221  1460 23496 W AppInfo : 	at android.content.ContentProvider.openTypedAssetFile(ContentProvider.java:2571)
06-11 10:35:12.221  1460 23496 W AppInfo : 	at android.content.ContentProvider$Transport.openTypedAssetFile(ContentProvider.java:692)
06-11 10:35:12.221  1460 23496 W AppInfo : 	at android.content.ContentResolver.openTypedAssetFileDescriptor(ContentResolver.java:2097)
06-11 10:35:12.221  1460 23496 W AppInfo : 	at android.content.ContentResolver.openAssetFileDescriptor(ContentResolver.java:1912)
06-11 10:35:12.221  1460 23496 W AppInfo : 	at android.content.ContentResolver.openInputStream(ContentResolver.java:1582)
06-11 10:35:12.221  1460 23496 W AppInfo : 	at org.hapjs.model.AppInfo.fromUri(SourceFile:7)
06-11 10:35:12.221  1460 23496 W AppInfo : 	at org.hapjs.model.AppInfo.create(SourceFile:105)
06-11 10:35:12.221  1460 23496 W AppInfo : 	at org.hapjs.bridge.DefaultAppInfoProvider.create(SourceFile:1)
06-11 10:35:12.221  1460 23496 W AppInfo : 	at a.a.a.nl0.g(SourceFile:58)
06-11 10:35:12.221  1460 23496 W AppInfo : 	at a.a.a.nl0.e(SourceFile:2)
06-11 10:35:12.221  1460 23496 W AppInfo : 	at a.a.a.rp6.d(SourceFile:22)
06-11 10:35:12.221  1460 23496 W AppInfo : 	at a.a.a.rp6.c(SourceFile:52)
06-11 10:35:12.221  1460 23496 W AppInfo : 	at com.nearme.instant.card.SharedDataProvider.setOrUpdateSharedDataInner(SourceFile:48)
06-11 10:35:12.221  1460 23496 W AppInfo : 	at com.nearme.instant.card.SharedDataProvider.setOrUpdateSharedData(SourceFile:61)
06-11 10:35:12.221  1460 23496 W AppInfo : 	at com.nearme.instant.card.SharedDataProvider.doCall(SourceFile:46)
06-11 10:35:12.221  1460 23496 W AppInfo : 	at org.hapjs.AbstractContentProvider.call(SourceFile:4)
06-11 10:35:12.221  1460 23496 W AppInfo : 	at android.content.ContentProvider.call(ContentProvider.java:2773)
06-11 10:35:12.221  1460 23496 W AppInfo : 	at android.content.ContentProvider$Transport.call(ContentProvider.java:653)
06-11 10:35:12.221  1460 23496 W AppInfo : 	at android.content.ContentProviderNative.onTransact(ContentProviderNative.java:307)
06-11 10:35:12.221  1460 23496 W AppInfo : 	at android.os.Binder.execTransactInternal(Binder.java:1444)
06-11 10:35:12.221  1460 23496 W AppInfo : 	at android.os.Binder.execTransact(Binder.java:1378)
06-11 10:35:12.221  1460 23496 E PermissionVerifier: card rpk not exists
06-11 10:35:12.221  1460 23496 W PermissionVerifier: checkWritePermission writer: com.oplus.games not in rpk: com.coloros.gamespaceui.quickapp.library allowed list
06-11 10:35:12.221  1460 23496 W SharedDataProvider: setOrUpdateSharedData no permissions!
06-11 10:35:12.223  1460  1493 W SeedlingShare: (com.oplus.games, assistant_played_and_mini_game_infos) not in seeding shared white list.
06-11 10:35:12.224  1460  1493 W AppInfo : AppInfo create Uri content://com.nearme.instant.platform.res/com.coloros.gamespaceui.quickapp.guide/manifest.json
06-11 10:35:12.225  1460  1493 W PackageFilesValidator: isInvalidResource: AppDistributionMeta is null
06-11 10:35:12.228 25296 26448 E AstScreen.ShortcutDAOV2: shortcutDataManager updateLegalStatusMap, legalStatusCache:{14=0, 15=0, 16=0, 18=0, 19=0, 20=0, 21=0, -1721645705=0, 1977694710=0, 24=0, 25=0, 27=0, 28=0, 55255895=0, 29=0, 30=0, 31=0, 32=0, -845193793=0, 33=0, 922111699=0, 331884525=0, 832615816=0, 42=0, 43=0, 44=0, 46=0, 47=0, 48=0, 49=0, 50=0, -1031558479=0, 51=0, 53=0, 56=0, 154133778=0, 1409950772=0, -1709882794=0, 72=0, 1536737232=0, 1692578987=0, 80=0, -1293286733=0, 101=0, 102=0, 703863186=0, -1558926477=0, 105=0, -1292231023=0, 108=0, 111=0, 112=0, -1763354987=0, 118=0, 124=0, 125=0, 1174097286=0, 126=0, 127=0, 313184810=0, -1667428321=0, 132=0, 134=0, 136=0, 140=0, 141=0, 142=0, 144=0, 145=0, 146=0, 147=0, -2096096381=0, 148=0, 1897569679=0, 156=0, -104850075=0, 173=0, 1880698029=0, 1488133239=0, 197=0, 207=0, 219=0, 220=0, 223=0, 227=0, 230=0, 231=0, 232=0, 195266379=0, 233=0, 234=0, 235=0, 236=0, 237=0, 238=0, 239=0, 240=0, 242=0, -159637874=0, 243=0, 244=0, 245=0, 246=0, 247=0, 248=4, 249=0, 251=0, 252=0, 253=0, 254=0, 255=0, 256=0, -262597285=0, -1606001344=0, 779490160=0, 1620159901=0, 277=0, 278=0, 279=4, 280=0, 282=0, 582398868=0, 1609454281=0, -1943382780=0, 1330658925=0, -1917041533=0, -491738124=0, 340=0, 1361780860=0, -1357050264=0, 1178046286=0, 1156888975=0, 1051878348=0, 277973278=0, -589493946=0, 1254578009=0, -819805508=0, 1334352421=0, 256457446=0, 301247579=0, -1664115334=0, 1967896714=0, 1659293491=0, 575541165=0, 1266951777=0, 1116722044=0, 1730484946=0, -1803751815=0, 361910168=0, -1848306725=0, -1186720938=0, -192889194=0, -1040394275=0, 682022528=0, 1319538838=0, -1605005728=0, 713993394=0, 1765779203=0, 2091464343=0, -1829134147=0, -1414602254=0, 1276497535=0, -1902438159=0, 1366626055=0, -860300598=0, 379189486=0, -644965387=0, -973170826=0, 673527470=0, -1635319800=0, 2056029204=0, -228864773=0, 2027416160=0, 378881071=0, 1654990951=0, 1442911426=0, 752555548=0, -1284596293=0, -54547863=0, -2086095549=0, 874354413=0, 1318294930=0, 2123438483=0, -69877540=0, 724574267=0, 1423017949=0, 949069732=0, 1661249612=0, 720897457=0, -1565432350=0, 320673862=0, 282428340=0, -505910608=0, -912745742=0, -695601689=0, 908623192=0, -30315083=0, -103524794=0, -1387139380=0, 633261597=0, -1046965711=0, 1591529847=0, -1565576931=0, 1994036591=0, 535446614=0, 2049668591=0, -859962506=0, -781612358=7, 1335515207=0, 1238325805=0}
06-11 10:35:12.228 25296 26448 I AstScreen.ShortcutVisualMessageManager: requestUpdateVisualDataCache,originUnExecutedVisualDataList:[],newVisualMessageCache:[]
06-11 10:35:12.228 25296 26448 I AstScreen.ShortcutRouterCacheHelper: isAnyUrlAvailableFromCache 279, title:腾讯元宝 has no legal url, dependentPackage:*o*.*e*c*n*.*u*y*a*.*p*.*h*t
06-11 10:35:12.228 28382 28479 D COSA->GameServiceSyncUtil: [m] syncGameListToGMS
06-11 10:35:12.229  1460  1493 W AppInfo : app info parse uri fail. uri: content://com.nearme.instant.platform.res/com.coloros.gamespaceui.quickapp.guide/manifest.json##Throwable##java.io.FileNotFoundException: open failed: ENOENT (No such file or directory)
06-11 10:35:12.229  1460  1493 W AppInfo : 	at android.os.ParcelFileDescriptor.openInternal(ParcelFileDescriptor.java:356)
06-11 10:35:12.229  1460  1493 W AppInfo : 	at android.os.ParcelFileDescriptor.open(ParcelFileDescriptor.java:233)
06-11 10:35:12.229  1460  1493 W AppInfo : 	at org.hapjs.cache.CacheProvider.doOpenFile(SourceFile:56)
06-11 10:35:12.229  1460  1493 W AppInfo : 	at org.hapjs.AbstractContentProvider.openFile(SourceFile:4)
06-11 10:35:12.229  1460  1493 W AppInfo : 	at android.content.ContentProvider.openAssetFile(ContentProvider.java:2326)
06-11 10:35:12.229  1460  1493 W AppInfo : 	at org.hapjs.AbstractContentProvider.doOpenAssetFile(SourceFile:1)
06-11 10:35:12.229  1460  1493 W AppInfo : 	at org.hapjs.cache.CacheProvider.doOpenAssetFile(SourceFile:74)
06-11 10:35:12.229  1460  1493 W AppInfo : 	at org.hapjs.AbstractContentProvider.openAssetFile(SourceFile:4)
06-11 10:35:12.229  1460  1493 W AppInfo : 	at android.content.ContentProvider.openTypedAssetFile(ContentProvider.java:2504)
06-11 10:35:12.229  1460  1493 W AppInfo : 	at android.content.ContentProvider.openTypedAssetFile(ContentProvider.java:2571)
06-11 10:35:12.229  1460  1493 W AppInfo : 	at android.content.ContentProvider$Transport.openTypedAssetFile(ContentProvider.java:692)
06-11 10:35:12.229  1460  1493 W AppInfo : 	at android.content.ContentResolver.openTypedAssetFileDescriptor(ContentResolver.java:2097)
06-11 10:35:12.229  1460  1493 W AppInfo : 	at android.content.ContentResolver.openAssetFileDescriptor(ContentResolver.java:1912)
06-11 10:35:12.229  1460  1493 W AppInfo : 	at android.content.ContentResolver.openInputStream(ContentResolver.java:1582)
06-11 10:35:12.229  1460  1493 W AppInfo : 	at org.hapjs.model.AppInfo.fromUri(SourceFile:7)
06-11 10:35:12.229  1460  1493 W AppInfo : 	at org.hapjs.model.AppInfo.create(SourceFile:105)
06-11 10:35:12.229  1460  1493 W AppInfo : 	at org.hapjs.bridge.DefaultAppInfoProvider.create(SourceFile:1)
06-11 10:35:12.229  1460  1493 W AppInfo : 	at a.a.a.nl0.g(SourceFile:58)
06-11 10:35:12.229  1460  1493 W AppInfo : 	at a.a.a.nl0.e(SourceFile:2)
06-11 10:35:12.229  1460  1493 W AppInfo : 	at a.a.a.rp6.d(SourceFile:22)
06-11 10:35:12.229  1460  1493 W AppInfo : 	at a.a.a.rp6.c(SourceFile:52)
06-11 10:35:12.229  1460  1493 W AppInfo : 	at com.nearme.instant.card.SharedDataProvider.setOrUpdateSharedDataInner(SourceFile:48)
06-11 10:35:12.229  1460  1493 W AppInfo : 	at com.nearme.instant.card.SharedDataProvider.setOrUpdateSharedData(SourceFile:61)
06-11 10:35:12.229  1460  1493 W AppInfo : 	at com.nearme.instant.card.SharedDataProvider.doCall(SourceFile:46)
06-11 10:35:12.229  1460  1493 W AppInfo : 	at org.hapjs.AbstractContentProvider.call(SourceFile:4)
06-11 10:35:12.229  1460  1493 W AppInfo : 	at android.content.ContentProvider.call(ContentProvider.java:2773)
06-11 10:35:12.229  1460  1493 W AppInfo : 	at android.content.ContentProvider$Transport.call(ContentProvider.java:653)
06-11 10:35:12.229  1460  1493 W AppInfo : 	at android.content.ContentProviderNative.onTransact(ContentProviderNative.java:307)
06-11 10:35:12.229  1460  1493 W AppInfo : 	at android.os.Binder.execTransactInternal(Binder.java:1444)
06-11 10:35:12.229  1460  1493 W AppInfo : 	at android.os.Binder.execTransact(Binder.java:1378)
06-11 10:35:12.231  1460  1493 E PermissionVerifier: card rpk not exists
06-11 10:35:12.232  1460  1493 W PermissionVerifier: checkWritePermission writer: com.oplus.games not in rpk: com.coloros.gamespaceui.quickapp.guide allowed list
06-11 10:35:12.232  1460  1493 W SharedDataProvider: setOrUpdateSharedData no permissions!
06-11 10:35:12.238  1460 23496 W SeedlingShare: (com.oplus.games, assistant_played_and_mini_game_infos) not in seeding shared white list.
06-11 10:35:12.239  1460 23496 W AppInfo : AppInfo create Uri content://com.nearme.instant.platform.res/com.coloros.gamespaceui.quickapp.library/manifest.json
06-11 10:35:12.240  1460 23496 W PackageFilesValidator: isInvalidResource: AppDistributionMeta is null
06-11 10:35:12.246  1460 23496 W AppInfo : app info parse uri fail. uri: content://com.nearme.instant.platform.res/com.coloros.gamespaceui.quickapp.library/manifest.json##Throwable##java.io.FileNotFoundException: open failed: ENOENT (No such file or directory)
06-11 10:35:12.246  1460 23496 W AppInfo : 	at android.os.ParcelFileDescriptor.openInternal(ParcelFileDescriptor.java:356)
06-11 10:35:12.246  1460 23496 W AppInfo : 	at android.os.ParcelFileDescriptor.open(ParcelFileDescriptor.java:233)
06-11 10:35:12.246  1460 23496 W AppInfo : 	at org.hapjs.cache.CacheProvider.doOpenFile(SourceFile:56)
06-11 10:35:12.246  1460 23496 W AppInfo : 	at org.hapjs.AbstractContentProvider.openFile(SourceFile:4)
06-11 10:35:12.246  1460 23496 W AppInfo : 	at android.content.ContentProvider.openAssetFile(ContentProvider.java:2326)
06-11 10:35:12.246  1460 23496 W AppInfo : 	at org.hapjs.AbstractContentProvider.doOpenAssetFile(SourceFile:1)
06-11 10:35:12.246  1460 23496 W AppInfo : 	at org.hapjs.cache.CacheProvider.doOpenAssetFile(SourceFile:74)
06-11 10:35:12.246  1460 23496 W AppInfo : 	at org.hapjs.AbstractContentProvider.openAssetFile(SourceFile:4)
06-11 10:35:12.246  1460 23496 W AppInfo : 	at android.content.ContentProvider.openTypedAssetFile(ContentProvider.java:2504)
06-11 10:35:12.246  1460 23496 W AppInfo : 	at android.content.ContentProvider.openTypedAssetFile(ContentProvider.java:2571)
06-11 10:35:12.246  1460 23496 W AppInfo : 	at android.content.ContentProvider$Transport.openTypedAssetFile(ContentProvider.java:692)
06-11 10:35:12.246  1460 23496 W AppInfo : 	at android.content.ContentResolver.openTypedAssetFileDescriptor(ContentResolver.java:2097)
06-11 10:35:12.246  1460 23496 W AppInfo : 	at android.content.ContentResolver.openAssetFileDescriptor(ContentResolver.java:1912)
06-11 10:35:12.246  1460 23496 W AppInfo : 	at android.content.ContentResolver.openInputStream(ContentResolver.java:1582)
06-11 10:35:12.246  1460 23496 W AppInfo : 	at org.hapjs.model.AppInfo.fromUri(SourceFile:7)
06-11 10:35:12.246  1460 23496 W AppInfo : 	at org.hapjs.model.AppInfo.create(SourceFile:105)
06-11 10:35:12.246  1460 23496 W AppInfo : 	at org.hapjs.bridge.DefaultAppInfoProvider.create(SourceFile:1)
06-11 10:35:12.246  1460 23496 W AppInfo : 	at a.a.a.nl0.g(SourceFile:58)
06-11 10:35:12.246  1460 23496 W AppInfo : 	at a.a.a.nl0.e(SourceFile:2)
06-11 10:35:12.246  1460 23496 W AppInfo : 	at a.a.a.rp6.d(SourceFile:22)
06-11 10:35:12.246  1460 23496 W AppInfo : 	at a.a.a.rp6.c(SourceFile:52)
06-11 10:35:12.246  1460 23496 W AppInfo : 	at com.nearme.instant.card.SharedDataProvider.setOrUpdateSharedDataInner(SourceFile:48)
06-11 10:35:12.246  1460 23496 W AppInfo : 	at com.nearme.instant.card.SharedDataProvider.setOrUpdateSharedData(SourceFile:61)
06-11 10:35:12.246  1460 23496 W AppInfo : 	at com.nearme.instant.card.SharedDataProvider.doCall(SourceFile:46)
06-11 10:35:12.246  1460 23496 W AppInfo : 	at org.hapjs.AbstractContentProvider.call(SourceFile:4)
06-11 10:35:12.246  1460 23496 W AppInfo : 	at android.content.ContentProvider.call(ContentProvider.java:2773)
06-11 10:35:12.246  1460 23496 W AppInfo : 	at android.content.ContentProvider$Transport.call(ContentProvider.java:653)
06-11 10:35:12.246  1460 23496 W AppInfo : 	at android.content.ContentProviderNative.onTransact(ContentProviderNative.java:307)
06-11 10:35:12.246  1460 23496 W AppInfo : 	at android.os.Binder.execTransactInternal(Binder.java:1444)
06-11 10:35:12.246  1460 23496 W AppInfo : 	at android.os.Binder.execTransact(Binder.java:1378)
06-11 10:35:12.246  1460 23496 E PermissionVerifier: card rpk not exists
06-11 10:35:12.247  1460 23496 W PermissionVerifier: checkWritePermission writer: com.oplus.games not in rpk: com.coloros.gamespaceui.quickapp.library allowed list
06-11 10:35:12.247  1460 23496 W SharedDataProvider: setOrUpdateSharedData no permissions!
06-11 10:35:12.248  1460  1493 W SeedlingShare: (com.oplus.games, assistant_played_and_mini_game_infos) not in seeding shared white list.
06-11 10:35:12.249  1460  1493 W AppInfo : AppInfo create Uri content://com.nearme.instant.platform.res/com.coloros.gamespaceui.quickapp.guide/manifest.json
06-11 10:35:12.250  1460  1493 W PackageFilesValidator: isInvalidResource: AppDistributionMeta is null
06-11 10:35:12.252  1460  1493 W AppInfo : app info parse uri fail. uri: content://com.nearme.instant.platform.res/com.coloros.gamespaceui.quickapp.guide/manifest.json##Throwable##java.io.FileNotFoundException: open failed: ENOENT (No such file or directory)
06-11 10:35:12.252  1460  1493 W AppInfo : 	at android.os.ParcelFileDescriptor.openInternal(ParcelFileDescriptor.java:356)
06-11 10:35:12.252  1460  1493 W AppInfo : 	at android.os.ParcelFileDescriptor.open(ParcelFileDescriptor.java:233)
06-11 10:35:12.252  1460  1493 W AppInfo : 	at org.hapjs.cache.CacheProvider.doOpenFile(SourceFile:56)
06-11 10:35:12.252  1460  1493 W AppInfo : 	at org.hapjs.AbstractContentProvider.openFile(SourceFile:4)
06-11 10:35:12.252  1460  1493 W AppInfo : 	at android.content.ContentProvider.openAssetFile(ContentProvider.java:2326)
06-11 10:35:12.252  1460  1493 W AppInfo : 	at org.hapjs.AbstractContentProvider.doOpenAssetFile(SourceFile:1)
06-11 10:35:12.252  1460  1493 W AppInfo : 	at org.hapjs.cache.CacheProvider.doOpenAssetFile(SourceFile:74)
06-11 10:35:12.252  1460  1493 W AppInfo : 	at org.hapjs.AbstractContentProvider.openAssetFile(SourceFile:4)
06-11 10:35:12.252  1460  1493 W AppInfo : 	at android.content.ContentProvider.openTypedAssetFile(ContentProvider.java:2504)
06-11 10:35:12.252  1460  1493 W AppInfo : 	at android.content.ContentProvider.openTypedAssetFile(ContentProvider.java:2571)
06-11 10:35:12.252  1460  1493 W AppInfo : 	at android.content.ContentProvider$Transport.openTypedAssetFile(ContentProvider.java:692)
06-11 10:35:12.252  1460  1493 W AppInfo : 	at android.content.ContentResolver.openTypedAssetFileDescriptor(ContentResolver.java:2097)
06-11 10:35:12.252  1460  1493 W AppInfo : 	at android.content.ContentResolver.openAssetFileDescriptor(ContentResolver.java:1912)
06-11 10:35:12.252  1460  1493 W AppInfo : 	at android.content.ContentResolver.openInputStream(ContentResolver.java:1582)
06-11 10:35:12.252  1460  1493 W AppInfo : 	at org.hapjs.model.AppInfo.fromUri(SourceFile:7)
06-11 10:35:12.252  1460  1493 W AppInfo : 	at org.hapjs.model.AppInfo.create(SourceFile:105)
06-11 10:35:12.252  1460  1493 W AppInfo : 	at org.hapjs.bridge.DefaultAppInfoProvider.create(SourceFile:1)
06-11 10:35:12.252  1460  1493 W AppInfo : 	at a.a.a.nl0.g(SourceFile:58)
06-11 10:35:12.252  1460  1493 W AppInfo : 	at a.a.a.nl0.e(SourceFile:2)
06-11 10:35:12.252  1460  1493 W AppInfo : 	at a.a.a.rp6.d(SourceFile:22)
06-11 10:35:12.252  1460  1493 W AppInfo : 	at a.a.a.rp6.c(SourceFile:52)
06-11 10:35:12.252  1460  1493 W AppInfo : 	at com.nearme.instant.card.SharedDataProvider.setOrUpdateSharedDataInner(SourceFile:48)
06-11 10:35:12.252  1460  1493 W AppInfo : 	at com.nearme.instant.card.SharedDataProvider.setOrUpdateSharedData(SourceFile:61)
06-11 10:35:12.252  1460  1493 W AppInfo : 	at com.nearme.instant.card.SharedDataProvider.doCall(SourceFile:46)
06-11 10:35:12.252  1460  1493 W AppInfo : 	at org.hapjs.AbstractContentProvider.call(SourceFile:4)
06-11 10:35:12.252  1460  1493 W AppInfo : 	at android.content.ContentProvider.call(ContentProvider.java:2773)
06-11 10:35:12.252  1460  1493 W AppInfo : 	at android.content.ContentProvider$Transport.call(ContentProvider.java:653)
06-11 10:35:12.252  1460  1493 W AppInfo : 	at android.content.ContentProviderNative.onTransact(ContentProviderNative.java:307)
06-11 10:35:12.252  1460  1493 W AppInfo : 	at android.os.Binder.execTransactInternal(Binder.java:1444)
06-11 10:35:12.252  1460  1493 W AppInfo : 	at android.os.Binder.execTransact(Binder.java:1378)
06-11 10:35:12.256  1460  1493 E PermissionVerifier: card rpk not exists
06-11 10:35:12.256  1460  1493 W PermissionVerifier: checkWritePermission writer: com.oplus.games not in rpk: com.coloros.gamespaceui.quickapp.guide allowed list
06-11 10:35:12.256  1460  1493 W SharedDataProvider: setOrUpdateSharedData no permissions!
06-11 10:35:12.258  1460 23496 W SeedlingShare: (com.oplus.games, assistant_played_and_mini_game_infos) not in seeding shared white list.
06-11 10:35:12.259  1460 23496 W AppInfo : AppInfo create Uri content://com.nearme.instant.platform.res/com.coloros.gamespaceui.quickapp.library/manifest.json
06-11 10:35:12.259  1460 23496 W PackageFilesValidator: isInvalidResource: AppDistributionMeta is null
06-11 10:35:12.266 11083 11791 D CloudConfig_stgyHelper: mspVersionCanSupport mspKitVersion : 2021620
06-11 10:35:12.267  1460 23496 W AppInfo : app info parse uri fail. uri: content://com.nearme.instant.platform.res/com.coloros.gamespaceui.quickapp.library/manifest.json##Throwable##java.io.FileNotFoundException: open failed: ENOENT (No such file or directory)
06-11 10:35:12.267  1460 23496 W AppInfo : 	at android.os.ParcelFileDescriptor.openInternal(ParcelFileDescriptor.java:356)
06-11 10:35:12.267  1460 23496 W AppInfo : 	at android.os.ParcelFileDescriptor.open(ParcelFileDescriptor.java:233)
06-11 10:35:12.267  1460 23496 W AppInfo : 	at org.hapjs.cache.CacheProvider.doOpenFile(SourceFile:56)
06-11 10:35:12.267  1460 23496 W AppInfo : 	at org.hapjs.AbstractContentProvider.openFile(SourceFile:4)
06-11 10:35:12.267  1460 23496 W AppInfo : 	at android.content.ContentProvider.openAssetFile(ContentProvider.java:2326)
06-11 10:35:12.267  1460 23496 W AppInfo : 	at org.hapjs.AbstractContentProvider.doOpenAssetFile(SourceFile:1)
06-11 10:35:12.267  1460 23496 W AppInfo : 	at org.hapjs.cache.CacheProvider.doOpenAssetFile(SourceFile:74)
06-11 10:35:12.267  1460 23496 W AppInfo : 	at org.hapjs.AbstractContentProvider.openAssetFile(SourceFile:4)
06-11 10:35:12.267  1460 23496 W AppInfo : 	at android.content.ContentProvider.openTypedAssetFile(ContentProvider.java:2504)
06-11 10:35:12.267  1460 23496 W AppInfo : 	at android.content.ContentProvider.openTypedAssetFile(ContentProvider.java:2571)
06-11 10:35:12.267  1460 23496 W AppInfo : 	at android.content.ContentProvider$Transport.openTypedAssetFile(ContentProvider.java:692)
06-11 10:35:12.267  1460 23496 W AppInfo : 	at android.content.ContentResolver.openTypedAssetFileDescriptor(ContentResolver.java:2097)
06-11 10:35:12.267  1460 23496 W AppInfo : 	at android.content.ContentResolver.openAssetFileDescriptor(ContentResolver.java:1912)
06-11 10:35:12.267  1460 23496 W AppInfo : 	at android.content.ContentResolver.openInputStream(ContentResolver.java:1582)
06-11 10:35:12.267  1460 23496 W AppInfo : 	at org.hapjs.model.AppInfo.fromUri(SourceFile:7)
06-11 10:35:12.267  1460 23496 W AppInfo : 	at org.hapjs.model.AppInfo.create(SourceFile:105)
06-11 10:35:12.267  1460 23496 W AppInfo : 	at org.hapjs.bridge.DefaultAppInfoProvider.create(SourceFile:1)
06-11 10:35:12.267  1460 23496 W AppInfo : 	at a.a.a.nl0.g(SourceFile:58)
06-11 10:35:12.267  1460 23496 W AppInfo : 	at a.a.a.nl0.e(SourceFile:2)
06-11 10:35:12.267  1460 23496 W AppInfo : 	at a.a.a.rp6.d(SourceFile:22)
06-11 10:35:12.267  1460 23496 W AppInfo : 	at a.a.a.rp6.c(SourceFile:52)
06-11 10:35:12.267  1460 23496 W AppInfo : 	at com.nearme.instant.card.SharedDataProvider.setOrUpdateSharedDataInner(SourceFile:48)
06-11 10:35:12.267  1460 23496 W AppInfo : 	at com.nearme.instant.card.SharedDataProvider.setOrUpdateSharedData(SourceFile:61)
06-11 10:35:12.267  1460 23496 W AppInfo : 	at com.nearme.instant.card.SharedDataProvider.doCall(SourceFile:46)
06-11 10:35:12.267  1460 23496 W AppInfo : 	at org.hapjs.AbstractContentProvider.call(SourceFile:4)
06-11 10:35:12.267  1460 23496 W AppInfo : 	at android.content.ContentProvider.call(ContentProvider.java:2773)
06-11 10:35:12.267  1460 23496 W AppInfo : 	at android.content.ContentProvider$Transport.call(ContentProvider.java:653)
06-11 10:35:12.267  1460 23496 W AppInfo : 	at android.content.ContentProviderNative.onTransact(ContentProviderNative.java:307)
06-11 10:35:12.267  1460 23496 W AppInfo : 	at android.os.Binder.execTransactInternal(Binder.java:1444)
06-11 10:35:12.267  1460 23496 W AppInfo : 	at android.os.Binder.execTransact(Binder.java:1378)
06-11 10:35:12.267  1460 23496 E PermissionVerifier: card rpk not exists
06-11 10:35:12.267  1460 23496 W PermissionVerifier: checkWritePermission writer: com.oplus.games not in rpk: com.coloros.gamespaceui.quickapp.library allowed list
06-11 10:35:12.267  1460 23496 W SharedDataProvider: setOrUpdateSharedData no permissions!
06-11 10:35:12.298 11083 11791 D CloudConfig_stgyHelper: getSupportKitMode strategyEntity : StrategyEntity(sdkInterval=1800000, strategyMode=1, minSDKVersion=1000, minKitVersion=2014122, validReqPeriod=7200000, maxReqProduct=100, forceKitIfKit=false, backoff=120000, enable=true, defaultLimit=RateLimitConfig{maxCalls=1, timeWindowSeconds=7200, callIntervalSeconds=0}, productLimits={global-domain_1281=RateLimitConfig{maxCalls=1, timeWindowSeconds=7200, callIntervalSeconds=0}, 50351=RateLimitConfig{maxCalls=1, timeWindowSeconds=7200, callIntervalSeconds=0}, compass_20092=RateLimitConfig{maxCalls=1, timeWindowSeconds=7200, callIntervalSeconds=0}, global-domain_1961=RateLimitConfig{maxCalls=1, timeWindowSeconds=7200, callIntervalSeconds=0}, compass_2=RateLimitConfig{maxCalls=1, timeWindowSeconds=7200, callIntervalSeconds=0}, mdp_2047=RateLimitConfig{maxCalls=1, timeWindowSeconds=7200, callIntervalSeconds=0}, mdp_2296=RateLimitConfig{maxCalls=1, timeWindowSeconds=7200, callIntervalSeconds=0}, compass_143100=RateLimitConfig{maxCalls=1, timeWindowSeconds=7200, callIntervalSeconds=0}})
06-11 10:35:12.298 11083 11791 D CloudConfig_stgyHelper: getSupportKitMode localSdkVersion : 1227
06-11 10:35:12.307  1460 23496 W SeedlingShare: (com.oplus.games, assistant_update_game_infos) not in seeding shared white list.
06-11 10:35:12.308  1460 23496 W AppInfo : AppInfo create Uri content://com.nearme.instant.platform.res/com.coloros.gamespaceui.quickapp.guide/manifest.json
06-11 10:35:12.309  1460 23496 W PackageFilesValidator: isInvalidResource: AppDistributionMeta is null
06-11 10:35:12.310 25296 26448 E AstScreen.ShortcutDAOV2: shortcutDataManager updateLegalStatusMap, legalStatusCache:{14=0, 15=0, 16=0, 18=0, 19=0, 20=0, 21=0, -1721645705=0, 1977694710=0, 24=0, 25=0, 27=0, 28=0, 55255895=0, 29=0, 30=0, 31=0, 32=0, -845193793=0, 33=0, 922111699=0, 331884525=0, 832615816=0, 42=0, 43=0, 44=0, 46=0, 47=0, 48=0, 49=0, 50=0, -1031558479=0, 51=0, 53=0, 56=0, 154133778=0, 1409950772=0, -1709882794=0, 72=0, 1536737232=0, 1692578987=0, 80=0, -1293286733=0, 101=0, 102=0, 703863186=0, -1558926477=0, 105=0, -1292231023=0, 108=0, 111=0, 112=0, -1763354987=0, 118=0, 124=0, 125=0, 1174097286=0, 126=0, 127=0, 313184810=0, -1667428321=0, 132=0, 134=0, 136=0, 140=0, 141=0, 142=0, 144=0, 145=0, 146=0, 147=0, -2096096381=0, 148=0, 1897569679=0, 156=0, -104850075=0, 173=0, 1880698029=0, 1488133239=0, 197=0, 207=0, 219=0, 220=0, 223=0, 227=0, 230=0, 231=0, 232=0, 195266379=0, 233=0, 234=0, 235=0, 236=0, 237=0, 238=0, 239=0, 240=0, 242=0, -159637874=0, 243=0, 244=0, 245=0, 246=0, 247=0, 248=4, 249=0, 251=0, 252=0, 253=0, 254=0, 255=0, 256=0, -262597285=0, -1606001344=0, 779490160=0, 1620159901=0, 277=0, 278=0, 279=4, 280=0, 282=0, 582398868=0, 1609454281=0, -1943382780=0, 1330658925=0, -1917041533=0, -491738124=0, 340=0, 1361780860=0, -1357050264=0, 1178046286=0, 1156888975=0, 1051878348=0, 277973278=0, -589493946=0, 1254578009=0, -819805508=0, 1334352421=0, 256457446=0, 301247579=0, -1664115334=0, 1967896714=0, 1659293491=0, 575541165=0, 1266951777=0, 1116722044=0, 1730484946=0, -1803751815=0, 361910168=0, -1848306725=0, -1186720938=0, -192889194=0, -1040394275=0, 682022528=0, 1319538838=0, -1605005728=0, 713993394=0, 1765779203=0, 2091464343=0, -1829134147=0, -1414602254=0, 1276497535=0, -1902438159=0, 1366626055=0, -860300598=0, 379189486=0, -644965387=0, -973170826=0, 673527470=0, -1635319800=0, 2056029204=0, -228864773=0, 2027416160=0, 378881071=0, 1654990951=0, 1442911426=0, 752555548=0, -1284596293=0, -54547863=0, -2086095549=0, 874354413=0, 1318294930=0, 2123438483=0, -69877540=0, 724574267=0, 1423017949=0, 949069732=0, 1661249612=0, 720897457=0, -1565432350=0, 320673862=0, 282428340=0, -505910608=0, -912745742=0, -695601689=0, 908623192=0, -30315083=0, -103524794=0, -1387139380=0, 633261597=0, -1046965711=0, 1591529847=0, -1565576931=0, 1994036591=0, 535446614=0, 2049668591=0, -859962506=0, -781612358=7, 1335515207=0, 1238325805=0}
06-11 10:35:12.326  4454  5101 I TcpSyn  : updateFrontUidsToKernel, uids = [10602]
06-11 10:35:12.326  1460 23496 W AppInfo : app info parse uri fail. uri: content://com.nearme.instant.platform.res/com.coloros.gamespaceui.quickapp.guide/manifest.json##Throwable##java.io.FileNotFoundException: open failed: ENOENT (No such file or directory)
06-11 10:35:12.326  1460 23496 W AppInfo : 	at android.os.ParcelFileDescriptor.openInternal(ParcelFileDescriptor.java:356)
06-11 10:35:12.326  1460 23496 W AppInfo : 	at android.os.ParcelFileDescriptor.open(ParcelFileDescriptor.java:233)
06-11 10:35:12.326  1460 23496 W AppInfo : 	at org.hapjs.cache.CacheProvider.doOpenFile(SourceFile:56)
06-11 10:35:12.326  1460 23496 W AppInfo : 	at org.hapjs.AbstractContentProvider.openFile(SourceFile:4)
06-11 10:35:12.326  1460 23496 W AppInfo : 	at android.content.ContentProvider.openAssetFile(ContentProvider.java:2326)
06-11 10:35:12.326  1460 23496 W AppInfo : 	at org.hapjs.AbstractContentProvider.doOpenAssetFile(SourceFile:1)
06-11 10:35:12.326  1460 23496 W AppInfo : 	at org.hapjs.cache.CacheProvider.doOpenAssetFile(SourceFile:74)
06-11 10:35:12.326  1460 23496 W AppInfo : 	at org.hapjs.AbstractContentProvider.openAssetFile(SourceFile:4)
06-11 10:35:12.326  1460 23496 W AppInfo : 	at android.content.ContentProvider.openTypedAssetFile(ContentProvider.java:2504)
06-11 10:35:12.326  1460 23496 W AppInfo : 	at android.content.ContentProvider.openTypedAssetFile(ContentProvider.java:2571)
06-11 10:35:12.326  1460 23496 W AppInfo : 	at android.content.ContentProvider$Transport.openTypedAssetFile(ContentProvider.java:692)
06-11 10:35:12.326  1460 23496 W AppInfo : 	at android.content.ContentResolver.openTypedAssetFileDescriptor(ContentResolver.java:2097)
06-11 10:35:12.326  1460 23496 W AppInfo : 	at android.content.ContentResolver.openAssetFileDescriptor(ContentResolver.java:1912)
06-11 10:35:12.326  1460 23496 W AppInfo : 	at android.content.ContentResolver.openInputStream(ContentResolver.java:1582)
06-11 10:35:12.326  1460 23496 W AppInfo : 	at org.hapjs.model.AppInfo.fromUri(SourceFile:7)
06-11 10:35:12.326  1460 23496 W AppInfo : 	at org.hapjs.model.AppInfo.create(SourceFile:105)
06-11 10:35:12.326  1460 23496 W AppInfo : 	at org.hapjs.bridge.DefaultAppInfoProvider.create(SourceFile:1)
06-11 10:35:12.326  1460 23496 W AppInfo : 	at a.a.a.nl0.g(SourceFile:58)
06-11 10:35:12.326  1460 23496 W AppInfo : 	at a.a.a.nl0.e(SourceFile:2)
06-11 10:35:12.326  1460 23496 W AppInfo : 	at a.a.a.rp6.d(SourceFile:22)
06-11 10:35:12.326  1460 23496 W AppInfo : 	at a.a.a.rp6.c(SourceFile:52)
06-11 10:35:12.326  1460 23496 W AppInfo : 	at com.nearme.instant.card.SharedDataProvider.setOrUpdateSharedDataInner(SourceFile:48)
06-11 10:35:12.326  1460 23496 W AppInfo : 	at com.nearme.instant.card.SharedDataProvider.setOrUpdateSharedData(SourceFile:61)
06-11 10:35:12.326  1460 23496 W AppInfo : 	at com.nearme.instant.card.SharedDataProvider.doCall(SourceFile:46)
06-11 10:35:12.326  1460 23496 W AppInfo : 	at org.hapjs.AbstractContentProvider.call(SourceFile:4)
06-11 10:35:12.326  1460 23496 W AppInfo : 	at android.content.ContentProvider.call(ContentProvider.java:2773)
06-11 10:35:12.326  1460 23496 W AppInfo : 	at android.content.ContentProvider$Transport.call(ContentProvider.java:653)
06-11 10:35:12.326  1460 23496 W AppInfo : 	at android.content.ContentProviderNative.onTransact(ContentProviderNative.java:307)
06-11 10:35:12.326  1460 23496 W AppInfo : 	at android.os.Binder.execTransactInternal(Binder.java:1444)
06-11 10:35:12.326  1460 23496 W AppInfo : 	at android.os.Binder.execTransact(Binder.java:1378)
06-11 10:35:12.327  1460 23496 E PermissionVerifier: card rpk not exists
06-11 10:35:12.327  1460 23496 W PermissionVerifier: checkWritePermission writer: com.oplus.games not in rpk: com.coloros.gamespaceui.quickapp.guide allowed list
06-11 10:35:12.328  1460 23496 W SharedDataProvider: setOrUpdateSharedData no permissions!
06-11 10:35:12.328  3189  3841 D WifiStaIfaceHidlImpl: getCachedScanData is not implemented by HIDL
06-11 10:35:12.333  1460  1493 W SeedlingShare: (com.oplus.games, assistant_update_game_infos) not in seeding shared white list.
06-11 10:35:12.336  1460  1493 W AppInfo : AppInfo create Uri content://com.nearme.instant.platform.res/com.coloros.gamespaceui.quickapp.library/manifest.json
06-11 10:35:12.336  1800  1924 D BatteryChargeControl: bcc get no support from charging protocol
06-11 10:35:12.337  1460  1493 W PackageFilesValidator: isInvalidResource: AppDistributionMeta is null
06-11 10:35:12.344  1460  1493 W AppInfo : app info parse uri fail. uri: content://com.nearme.instant.platform.res/com.coloros.gamespaceui.quickapp.library/manifest.json##Throwable##java.io.FileNotFoundException: open failed: ENOENT (No such file or directory)
06-11 10:35:12.344  1460  1493 W AppInfo : 	at android.os.ParcelFileDescriptor.openInternal(ParcelFileDescriptor.java:356)
06-11 10:35:12.344  1460  1493 W AppInfo : 	at android.os.ParcelFileDescriptor.open(ParcelFileDescriptor.java:233)
06-11 10:35:12.344  1460  1493 W AppInfo : 	at org.hapjs.cache.CacheProvider.doOpenFile(SourceFile:56)
06-11 10:35:12.344  1460  1493 W AppInfo : 	at org.hapjs.AbstractContentProvider.openFile(SourceFile:4)
06-11 10:35:12.344  1460  1493 W AppInfo : 	at android.content.ContentProvider.openAssetFile(ContentProvider.java:2326)
06-11 10:35:12.344  1460  1493 W AppInfo : 	at org.hapjs.AbstractContentProvider.doOpenAssetFile(SourceFile:1)
06-11 10:35:12.344  1460  1493 W AppInfo : 	at org.hapjs.cache.CacheProvider.doOpenAssetFile(SourceFile:74)
06-11 10:35:12.344  1460  1493 W AppInfo : 	at org.hapjs.AbstractContentProvider.openAssetFile(SourceFile:4)
06-11 10:35:12.344  1460  1493 W AppInfo : 	at android.content.ContentProvider.openTypedAssetFile(ContentProvider.java:2504)
06-11 10:35:12.344  1460  1493 W AppInfo : 	at android.content.ContentProvider.openTypedAssetFile(ContentProvider.java:2571)
06-11 10:35:12.344  1460  1493 W AppInfo : 	at android.content.ContentProvider$Transport.openTypedAssetFile(ContentProvider.java:692)
06-11 10:35:12.344  1460  1493 W AppInfo : 	at android.content.ContentResolver.openTypedAssetFileDescriptor(ContentResolver.java:2097)
06-11 10:35:12.344  1460  1493 W AppInfo : 	at android.content.ContentResolver.openAssetFileDescriptor(ContentResolver.java:1912)
06-11 10:35:12.344  1460  1493 W AppInfo : 	at android.content.ContentResolver.openInputStream(ContentResolver.java:1582)
06-11 10:35:12.344  1460  1493 W AppInfo : 	at org.hapjs.model.AppInfo.fromUri(SourceFile:7)
06-11 10:35:12.344  1460  1493 W AppInfo : 	at org.hapjs.model.AppInfo.create(SourceFile:105)
06-11 10:35:12.344  1460  1493 W AppInfo : 	at org.hapjs.bridge.DefaultAppInfoProvider.create(SourceFile:1)
06-11 10:35:12.344  1460  1493 W AppInfo : 	at a.a.a.nl0.g(SourceFile:58)
06-11 10:35:12.344  1460  1493 W AppInfo : 	at a.a.a.nl0.e(SourceFile:2)
06-11 10:35:12.344  1460  1493 W AppInfo : 	at a.a.a.rp6.d(SourceFile:22)
06-11 10:35:12.344  1460  1493 W AppInfo : 	at a.a.a.rp6.c(SourceFile:52)
06-11 10:35:12.344  1460  1493 W AppInfo : 	at com.nearme.instant.card.SharedDataProvider.setOrUpdateSharedDataInner(SourceFile:48)
06-11 10:35:12.344  1460  1493 W AppInfo : 	at com.nearme.instant.card.SharedDataProvider.setOrUpdateSharedData(SourceFile:61)
06-11 10:35:12.344  1460  1493 W AppInfo : 	at com.nearme.instant.card.SharedDataProvider.doCall(SourceFile:46)
06-11 10:35:12.344  1460  1493 W AppInfo : 	at org.hapjs.AbstractContentProvider.call(SourceFile:4)
06-11 10:35:12.344  1460  1493 W AppInfo : 	at android.content.ContentProvider.call(ContentProvider.java:2773)
06-11 10:35:12.344  1460  1493 W AppInfo : 	at android.content.ContentProvider$Transport.call(ContentProvider.java:653)
06-11 10:35:12.344  1460  1493 W AppInfo : 	at android.content.ContentProviderNative.onTransact(ContentProviderNative.java:307)
06-11 10:35:12.344  1460  1493 W AppInfo : 	at android.os.Binder.execTransactInternal(Binder.java:1444)
06-11 10:35:12.344  1460  1493 W AppInfo : 	at android.os.Binder.execTransact(Binder.java:1378)
06-11 10:35:12.344  1460  1493 E PermissionVerifier: card rpk not exists
06-11 10:35:12.344  1460  1493 W PermissionVerifier: checkWritePermission writer: com.oplus.games not in rpk: com.coloros.gamespaceui.quickapp.library allowed list
06-11 10:35:12.344  1460  1493 W SharedDataProvider: setOrUpdateSharedData no permissions!
06-11 10:35:12.344  4639  4639 D VendorWifiService: onEvent event:9,action:1
06-11 10:35:12.349  3189  3960 D OplusWifiPower_TriggerCenter: mComponentCallback: wifistat
06-11 10:35:12.356  1460  1482 W atform:provider: Reducing the number of considered missed Gc histogram windows from 184 to 100
06-11 10:35:12.366 11083 11791 D CloudConfig_stgyHelper: mspVersionCanSupport mspKitVersion : 2021620
06-11 10:35:12.371 11083 11791 D CloudConfig_stgyHelper: getSupportKitMode strategyEntity : StrategyEntity(sdkInterval=1800000, strategyMode=1, minSDKVersion=1000, minKitVersion=2014122, validReqPeriod=7200000, maxReqProduct=100, forceKitIfKit=false, backoff=120000, enable=true, defaultLimit=RateLimitConfig{maxCalls=1, timeWindowSeconds=7200, callIntervalSeconds=0}, productLimits={global-domain_1281=RateLimitConfig{maxCalls=1, timeWindowSeconds=7200, callIntervalSeconds=0}, 50351=RateLimitConfig{maxCalls=1, timeWindowSeconds=7200, callIntervalSeconds=0}, compass_20092=RateLimitConfig{maxCalls=1, timeWindowSeconds=7200, callIntervalSeconds=0}, global-domain_1961=RateLimitConfig{maxCalls=1, timeWindowSeconds=7200, callIntervalSeconds=0}, compass_2=RateLimitConfig{maxCalls=1, timeWindowSeconds=7200, callIntervalSeconds=0}, mdp_2047=RateLimitConfig{maxCalls=1, timeWindowSeconds=7200, callIntervalSeconds=0}, mdp_2296=RateLimitConfig{maxCalls=1, timeWindowSeconds=7200, callIntervalSeconds=0}, compass_143100=RateLimitConfig{maxCalls=1, timeWindowSeconds=7200, callIntervalSeconds=0}})
06-11 10:35:12.371 11083 11791 D CloudConfig_stgyHelper: getSupportKitMode localSdkVersion : 1227
06-11 10:35:12.374 11083 11779 I MSP-LOG-SDK-MspSdk: Sdk has initialized! version:2.0.1.14
06-11 10:35:12.376 11083 11779 E MSP-LOG-SDK-RateLimitManager: not_allow_invoke because of time_window_not_allow queue = [1781143252335], config = RateLimitConfig{maxCalls=1, timeWindowSeconds=7200, callIntervalSeconds=0}, ipcInvokeTimeQueueMapKey = com.heytap.nearx.tangramconfig.kit.client.ICloudCtrlServiceModule?@?compass_20092?@?3?@?com.coloros.phonemanager, has already call 1 times in 7200 seconds before
06-11 10:35:12.377 11083 11779 E MSP-LOG-SDK-: MspSdkException{code=3014,message=com.heytap.mspsdk.ratelimit.MspRateLimitExceededException: ipc rate limit exceeded in time window}
06-11 10:35:12.377 11083 11779 E MSP-LOG-SDK-: 	at com.heytap.mspsdk.ratelimit.b.a(RateLimitInterceptor.java:56)
06-11 10:35:12.377 11083 11779 E MSP-LOG-SDK-: 	at com.heytap.mspsdk.interceptor.c.a(StandardListChain.java:40)
06-11 10:35:12.377 11083 11779 E MSP-LOG-SDK-: 	at com.heytap.mspsdk.proxy.b.a(CompatCheckInterceptor.java:30)
06-11 10:35:12.377 11083 11779 E MSP-LOG-SDK-: 	at com.heytap.mspsdk.interceptor.c.a(StandardListChain.java:40)
06-11 10:35:12.377 11083 11779 E MSP-LOG-SDK-: 	at com.heytap.mspsdk.proxy.e.invoke(InnerInvocationHandler.java:202)
06-11 10:35:12.377 11083 11779 E MSP-LOG-SDK-: 	at java.lang.reflect.Proxy.invoke(Proxy.java:1006)
06-11 10:35:12.377 11083 11779 E MSP-LOG-SDK-: 	at $Proxy12.gatewayUpdate(Unknown Source)
06-11 10:35:12.377 11083 11779 E MSP-LOG-SDK-: 	at com.heytap.nearx.tangramconfig.kit.client.KitProxy.gatewayUpdate$lambda$2(KitProxy.kt:20)
06-11 10:35:12.377 11083 11779 E MSP-LOG-SDK-: 	at com.heytap.nearx.tangramconfig.kit.client.KitProxy.a(KitProxy.kt:1)
06-11 10:35:12.377 11083 11779 E MSP-LOG-SDK-: 	at com.heytap.nearx.tangramconfig.kit.client.a.run(R8$$SyntheticClass:9)
06-11 10:35:12.377 11083 11779 E MSP-LOG-SDK-: 	at java.util.concurrent.ThreadPoolExecutor.runWorker(ThreadPoolExecutor.java:1156)
06-11 10:35:12.377 11083 11779 E MSP-LOG-SDK-: 	at java.util.concurrent.ThreadPoolExecutor$Worker.run(ThreadPoolExecutor.java:651)
06-11 10:35:12.377 11083 11779 E MSP-LOG-SDK-: 	at java.lang.Thread.run(Thread.java:1119)
06-11 10:35:12.398  3189  4147 D ActivityManager: Async freezing 27947 com.oplus.games
06-11 10:35:12.399 11083 11791 D CloudConfig_stgyHelper: mspVersionCanSupport mspKitVersion : 2021620
06-11 10:35:12.400  1460  1460 W FrescoUtils: Fresco clear Memory
06-11 10:35:12.404  5227 30234 I m.heytap.market: Explicit concurrent mark compact GC freed 1672KB AllocSpace bytes, 0(0B) LOS objects, 28% free,10MB(M:8384KB,L:1968KB)/14MB, paused 2.211ms,12.749ms total 675.251ms
06-11 10:35:12.404  5227 30238 I m.heytap.market: WaitForGcToComplete blocked Explicit on Explicit for 1.379s
06-11 10:35:12.404  3189  4239 W ContentProviderHelper: Permission Denial: opening provider androidx.core.content.FileProvider from ProcessRecord{ddf9226 24785:com.tencent.android.qqdownloader/u0a370} (pid=24785, uid=10370) that is not exported from UID 1027
06-11 10:35:12.407 11083 11791 D CloudConfig_stgyHelper: getSupportKitMode strategyEntity : StrategyEntity(sdkInterval=1800000, strategyMode=1, minSDKVersion=1000, minKitVersion=2014122, validReqPeriod=7200000, maxReqProduct=100, forceKitIfKit=false, backoff=120000, enable=true, defaultLimit=RateLimitConfig{maxCalls=1, timeWindowSeconds=7200, callIntervalSeconds=0}, productLimits={global-domain_1281=RateLimitConfig{maxCalls=1, timeWindowSeconds=7200, callIntervalSeconds=0}, 50351=RateLimitConfig{maxCalls=1, timeWindowSeconds=7200, callIntervalSeconds=0}, compass_20092=RateLimitConfig{maxCalls=1, timeWindowSeconds=7200, callIntervalSeconds=0}, global-domain_1961=RateLimitConfig{maxCalls=1, timeWindowSeconds=7200, callIntervalSeconds=0}, compass_2=RateLimitConfig{maxCalls=1, timeWindowSeconds=7200, callIntervalSeconds=0}, mdp_2047=RateLimitConfig{maxCalls=1, timeWindowSeconds=7200, callIntervalSeconds=0}, mdp_2296=RateLimitConfig{maxCalls=1, timeWindowSeconds=7200, callIntervalSeconds=0}, compass_143100=RateLimitConfig{maxCalls=1, timeWindowSeconds=7200, callIntervalSeconds=0}})
06-11 10:35:12.407 11083 11791 D CloudConfig_stgyHelper: getSupportKitMode localSdkVersion : 1227
06-11 10:35:12.407  5227 30239 I m.heytap.market: Waiting for a blocking GC Explicit
06-11 10:35:12.407  5227 30629 I m.heytap.market: Waiting for a blocking GC Explicit
06-11 10:35:12.407  5227 30632 I m.heytap.market: Waiting for a blocking GC Explicit
06-11 10:35:12.433 11083 11791 D CloudConfig_stgyHelper: mspVersionCanSupport mspKitVersion : 2021620
06-11 10:35:12.435 11083 11791 D CloudConfig_stgyHelper: getSupportKitMode strategyEntity : StrategyEntity(sdkInterval=1800000, strategyMode=1, minSDKVersion=1000, minKitVersion=2014122, validReqPeriod=7200000, maxReqProduct=100, forceKitIfKit=false, backoff=120000, enable=true, defaultLimit=RateLimitConfig{maxCalls=1, timeWindowSeconds=7200, callIntervalSeconds=0}, productLimits={global-domain_1281=RateLimitConfig{maxCalls=1, timeWindowSeconds=7200, callIntervalSeconds=0}, 50351=RateLimitConfig{maxCalls=1, timeWindowSeconds=7200, callIntervalSeconds=0}, compass_20092=RateLimitConfig{maxCalls=1, timeWindowSeconds=7200, callIntervalSeconds=0}, global-domain_1961=RateLimitConfig{maxCalls=1, timeWindowSeconds=7200, callIntervalSeconds=0}, compass_2=RateLimitConfig{maxCalls=1, timeWindowSeconds=7200, callIntervalSeconds=0}, mdp_2047=RateLimitConfig{maxCalls=1, timeWindowSeconds=7200, callIntervalSeconds=0}, mdp_2296=RateLimitConfig{maxCalls=1, timeWindowSeconds=7200, callIntervalSeconds=0}, compass_143100=RateLimitConfig{maxCalls=1, timeWindowSeconds=7200, callIntervalSeconds=0}})
06-11 10:35:12.436 11083 11791 D CloudConfig_stgyHelper: getSupportKitMode localSdkVersion : 1227
06-11 10:35:12.437  1667 15952 I sensors-hal: handle_oplus_wise_rgb_event:230, wise_rgb:algo_type = 3
06-11 10:35:12.437  1667 15952 I sensors-hal: get_brightness:1652, light_iface: get_brightness, brl 1529, pwm_turbo_on 0/0, hbm_dc 0
06-11 10:35:12.437  1667 15952 I sensors-hal: handle_oplus_wise_rgb_event:285, wise_rgb: raw_lux 503.120483, raw_cct 6391.209961, r/g/b/c: 41461.363281/36191.898438/20527.449219/91339.984375, R/G/B: 0.000000/0.000000/0.000000, brl 1529.000000, lux: 503.120483, cct: 6391.209961, ts 242709754818540, cnt 4209
06-11 10:35:12.439 11083 11738 I MSP-LOG-SDK-MspSdk: Sdk has initialized! version:2.0.1.14
06-11 10:35:12.439 11083 11738 E MSP-LOG-SDK-RateLimitManager: not_allow_invoke because of time_window_not_allow queue = [1781143252335], config = RateLimitConfig{maxCalls=1, timeWindowSeconds=7200, callIntervalSeconds=0}, ipcInvokeTimeQueueMapKey = com.heytap.nearx.tangramconfig.kit.client.ICloudCtrlServiceModule?@?compass_143100?@?3?@?com.coloros.phonemanager, has already call 1 times in 7200 seconds before
06-11 10:35:12.439 11083 11738 E MSP-LOG-SDK-: MspSdkException{code=3014,message=com.heytap.mspsdk.ratelimit.MspRateLimitExceededException: ipc rate limit exceeded in time window}
06-11 10:35:12.439 11083 11738 E MSP-LOG-SDK-: 	at com.heytap.mspsdk.ratelimit.b.a(RateLimitInterceptor.java:56)
06-11 10:35:12.439 11083 11738 E MSP-LOG-SDK-: 	at com.heytap.mspsdk.interceptor.c.a(StandardListChain.java:40)
06-11 10:35:12.439 11083 11738 E MSP-LOG-SDK-: 	at com.heytap.mspsdk.proxy.b.a(CompatCheckInterceptor.java:30)
06-11 10:35:12.439 11083 11738 E MSP-LOG-SDK-: 	at com.heytap.mspsdk.interceptor.c.a(StandardListChain.java:40)
06-11 10:35:12.439 11083 11738 E MSP-LOG-SDK-: 	at com.heytap.mspsdk.proxy.e.invoke(InnerInvocationHandler.java:202)
06-11 10:35:12.439 11083 11738 E MSP-LOG-SDK-: 	at java.lang.reflect.Proxy.invoke(Proxy.java:1006)
06-11 10:35:12.439 11083 11738 E MSP-LOG-SDK-: 	at $Proxy12.gatewayUpdate(Unknown Source)
06-11 10:35:12.439 11083 11738 E MSP-LOG-SDK-: 	at com.heytap.nearx.tangramconfig.kit.client.KitProxy.gatewayUpdate$lambda$2(KitProxy.kt:20)
06-11 10:35:12.439 11083 11738 E MSP-LOG-SDK-: 	at com.heytap.nearx.tangramconfig.kit.client.KitProxy.a(KitProxy.kt:1)
06-11 10:35:12.439 11083 11738 E MSP-LOG-SDK-: 	at com.heytap.nearx.tangramconfig.kit.client.a.run(R8$$SyntheticClass:9)
06-11 10:35:12.439 11083 11738 E MSP-LOG-SDK-: 	at java.util.concurrent.ThreadPoolExecutor.runWorker(ThreadPoolExecutor.java:1156)
06-11 10:35:12.439 11083 11738 E MSP-LOG-SDK-: 	at java.util.concurrent.ThreadPoolExecutor$Worker.run(ThreadPoolExecutor.java:651)
06-11 10:35:12.439 11083 11738 E MSP-LOG-SDK-: 	at java.lang.Thread.run(Thread.java:1119)
06-11 10:35:12.462  3189  3210 I system_server: Background concurrent mark compact GC freed 103MB AllocSpace bytes, 81(2784KB) LOS objects, 40% free,143MB(M:136MB,L:6820KB)/239MB, paused 4.009ms,5.911ms total 1.750s
06-11 10:35:12.466  3189  3211 I BpBinder: onLastStrongRef automatically unlinking death recipients: 
06-11 10:35:12.485  3189  3212 W System  : A resource failed to call close. 
06-11 10:35:12.487  3189  3212 W System  : A resource failed to call release. 
06-11 10:35:12.518 28382 28479 D COSA->COSADBHolder: uni.UNI8E1957F - t: 7 - ut: -1
06-11 10:35:12.518 28382 28479 D COSA->COSADBHolder: tv.danmaku.bili - t: 7 - ut: -1
06-11 10:35:12.518 28382 28479 D COSA->COSADBHolder: tech.xiaoxiang.emily - t: 7 - ut: -1
06-11 10:35:12.518 28382 28479 D COSA->COSADBHolder: space.xinzhi.map - t: 7 - ut: -1
06-11 10:35:12.518 28382 28479 D COSA->COSADBHolder: space.xinzhi.hiko - t: 7 - ut: -1
06-11 10:35:12.518 28382 28479 D COSA->COSADBHolder: space.xinzhi.globe - t: 7 - ut: -1
06-11 10:35:12.518 28382 28479 D COSA->COSADBHolder: space.xinzhi.flutterseek - t: -1 - ut: -1
06-11 10:35:12.518 28382 28479 D COSA->COSADBHolder: space.xinzhi.fishing - t: 7 - ut: -1
06-11 10:35:12.518 28382 28479 D COSA->COSADBHolder: space.xinzhi.cloud - t: 7 - ut: -1
06-11 10:35:12.518 28382 28479 D COSA->COSADBHolder: org.osgearth.androidmvp.test - t: -1 - ut: -1
06-11 10:35:12.518 28382 28479 D COSA->COSADBHolder: org.osgearth.androidmvp - t: -1 - ut: -1
06-11 10:35:12.518 28382 28479 D COSA->COSADBHolder: null - t: -1 - ut: -1
06-11 10:35:12.518 28382 28479 D COSA->COSADBHolder: li.songe.gkd - t: -1 - ut: -1
06-11 10:35:12.518 28382 28479 D COSA->COSADBHolder: im.xingzhe - t: 7 - ut: -1
06-11 10:35:12.518 28382 28479 D COSA->COSADBHolder: im.xingyecamp.mm - t: 7 - ut: -1
06-11 10:35:12.518 28382 28479 D COSA->COSADBHolder: com.zsl.petalearth - t: 7 - ut: -1
06-11 10:35:12.518 28382 28479 D COSA->COSADBHolder: com.zhituxing.yxk - t: 7 - ut: -1
06-11 10:35:12.518 28382 28479 D COSA->COSADBHolder: com.zhihu.android - t: 7 - ut: -1
06-11 10:35:12.518 28382 28479 D COSA->COSADBHolder: com.zdbq.ljtq.ljweather - t: 7 - ut: -1
06-11 10:35:12.518 28382 28479 D COSA->COSADBHolder: com.yuanlue.sportnote - t: 7 - ut: -1
06-11 10:35:12.518 28382 28479 D COSA->COSADBHolder: com.youxiake - t: 7 - ut: -1
06-11 10:35:12.518 28382 28479 D COSA->COSADBHolder: com.youku.phone - t: 7 - ut: -1
06-11 10:35:12.518 28382 28479 D COSA->COSADBHolder: com.ykshengshi.yldr.nearme.gamecenter - t: 8 - ut: -1
06-11 10:35:12.518 28382 28479 D COSA->COSADBHolder: com.yc.knot - t: 7 - ut: -1
06-11 10:35:12.518 28382 28479 D COSA->COSADBHolder: com.xunmeng.pinduoduo - t: 7 - ut: -1
06-11 10:35:12.518 28382 28479 D COSA->COSADBHolder: com.xingin.xhs - t: 7 - ut: -1
06-11 10:35:12.518 28382 28479 D COSA->COSADBHolder: com.ximalaya.ting.android - t: 7 - ut: -1
06-11 10:35:12.518 28382 28479 D COSA->COSADBHolder: com.wuba.zhuanzhuan - t: 7 - ut: -1
06-11 10:35:12.518 28382 28479 D COSA->COSADBHolder: com.wuba - t: 7 - ut: -1
06-11 10:35:12.518 28382 28479 D COSA->COSADBHolder: com.wepie.ivy - t: 7 - ut: -1
06-11 10:35:12.521 28382 28479 D COSA->COSADBHolder: com.unionpay.tsmservice - t: 7 - ut: -1
06-11 10:35:12.521 28382 28479 D COSA->COSADBHolder: com.topgether.sixfoot - t: 7 - ut: -1
06-11 10:35:12.521 28382 28479 D COSA->COSADBHolder: com.tmri.app.main - t: 7 - ut: -1
06-11 10:35:12.521 28382 28479 D COSA->COSADBHolder: com.tencent.wework - t: 7 - ut: -1
06-11 10:35:12.521 28382 28479 D COSA->COSADBHolder: com.tencent.mobileqq - t: 7 - ut: -1
06-11 10:35:12.521 28382 28479 D COSA->COSADBHolder: com.tencent.mm - t: 7 - ut: -1
06-11 10:35:12.521 28382 28479 D COSA->COSADBHolder: com.tencent.map - t: 7 - ut: -1
06-11 10:35:12.521 28382 28479 D COSA->COSADBHolder: com.tencent.android.qqdownloader - t: 7 - ut: -1
06-11 10:35:12.521 28382 28479 D COSA->COSADBHolder: com.ted.number - t: -1 - ut: -1
06-11 10:35:12.521 28382 28479 D COSA->COSADBHolder: com.taptap - t: 7 - ut: -1
06-11 10:35:12.521 28382 28479 D COSA->COSADBHolder: com.taobao.idlefish - t: 7 - ut: -1
06-11 10:35:12.521 28382 28479 D COSA->COSADBHolder: com.ss.android.yumme.video - t: 7 - ut: -1
06-11 10:35:12.521 28382 28479 D COSA->COSADBHolder: com.ss.android.ugc.sicily_cm - t: 7 - ut: -1
06-11 10:35:12.521 28382 28479 D COSA->COSADBHolder: com.ss.android.ugc.livelite - t: 7 - ut: -1
06-11 10:35:12.521 28382 28479 D COSA->COSADBHolder: com.ss.android.ugc.aweme.lite - t: 7 - ut: -1
06-11 10:35:12.522 28382 28479 D COSA->COSADBHolder: com.ss.android.ugc.aweme.hubble - t: 7 - ut: -1
06-11 10:35:12.522 28382 28479 D COSA->COSADBHolder: com.ss.android.ugc.aweme - t: 7 - ut: -1
06-11 10:35:12.522 28382 28479 D COSA->COSADBHolder: com.ss.android.lark - t: 7 - ut: -1
06-11 10:35:12.522 28382 28479 D COSA->COSADBHolder: com.ss.android.auto - t: 7 - ut: -1
06-11 10:35:12.522 28382 28479 D COSA->COSADBHolder: com.ss.android.article.video - t: 7 - ut: -1
06-11 10:35:12.522 28382 28479 D COSA->COSADBHolder: com.ss.android.article.news - t: 7 - ut: -1
06-11 10:35:12.522 28382 28479 D COSA->COSADBHolder: com.sohu.newsclient - t: 7 - ut: -1
06-11 10:35:12.522 28382 28479 D COSA->COSADBHolder: com.sohu.inputmethod.sogouoem - t: 7 - ut: -1
06-11 10:35:12.522 28382 28479 D COSA->COSADBHolder: com.smile.gifmaker - t: 7 - ut: -1
06-11 10:35:12.522 28382 28479 D COSA->COSADBHolder: com.sinovatech.unicom.ui - t: 7 - ut: -1
06-11 10:35:12.522 28382 28479 D COSA->COSADBHolder: com.sina.weibo - t: 7 - ut: -1
06-11 10:35:12.522 28382 28479 D COSA->COSADBHolder: com.shoujihaodwsszr.gkh - t: 7 - ut: -1
06-11 10:35:12.522 28382 28479 D COSA->COSADBHolder: com.sankuai.meituan - t: 7 - ut: -1
06-11 10:35:12.522 28382 28479 D COSA->COSADBHolder: com.roveover.wowo - t: 7 - ut: -1
06-11 10:35:12.522 28382 28479 D COSA->COSADBHolder: com.relax.calm.and - t: 7 - ut: -1
06-11 10:35:12.522 28382 28479 D COSA->COSADBHolder: com.redteamobile.roaming - t: 7 - ut: -1
06-11 10:35:12.522 28382 28479 D COSA->COSADBHolder: com.quark.browser - t: 7 - ut: -1
06-11 10:35:12.522 28382 28479 D COSA->COSADBHolder: com.pingan.paces.ccms - t: 7 - ut: -1
06-11 10:35:12.522 28382 28479 D COSA->COSADBHolder: com.phoenix.read - t: 7 - ut: -1
06-11 10:35:12.522 28382 28479 D COSA->COSADBHolder: com.peachhdplayer.player - t: 7 - ut: -1
06-11 10:35:12.522 28382 28479 D COSA->COSADBHolder: com.ovital.ovitalMap - t: 7 - ut: -1
06-11 10:35:12.522 28382 28479 D COSA->COSADBHolder: com.oppo.store - t: 7 - ut: -1
06-11 10:35:12.522 28382 28479 D COSA->COSADBHolder: com.oppo.instant.local.service - t: -1 - ut: -1
06-11 10:35:12.522 28382 28479 D COSA->COSADBHolder: com.opos.ads - t: 7 - ut: -1
06-11 10:35:12.522 28382 28479 D COSA->COSADBHolder: com.oplus.uiengine - t: 7 - ut: -1
06-11 10:35:12.522 28382 28479 D COSA->COSADBHolder: com.oplus.ttsaccessibilityengine - t: -1 - ut: -1
06-11 10:35:12.522 28382 28479 D COSA->COSADBHolder: com.oplus.tips - t: 7 - ut: -1
06-11 10:35:12.522 28382 28479 D COSA->COSADBHolder: com.oplus.thirdkit - t: 7 - ut: -1
06-11 10:35:12.522 28382 28479 D COSA->COSADBHolder: com.oplus.statistics.rom - t: 7 - ut: -1
06-11 10:35:12.522 28382 28479 D COSA->COSADBHolder: com.oplus.screenshot - t: 7 - ut: -1
06-11 10:35:12.522 28382 28479 D COSA->COSADBHolder: com.oplus.screenrecorder - t: 7 - ut: -1
06-11 10:35:12.522 28382 28479 D COSA->COSADBHolder: com.oplus.sauhelper - t: -1 - ut: -1
06-11 10:35:12.522 28382 28479 D COSA->COSADBHolder: com.oplus.remotecontrol - t: 7 - ut: -1
06-11 10:35:12.522 28382 28479 D COSA->COSADBHolder: com.oplus.play - t: 7 - ut: -1
06-11 10:35:12.522 28382 28479 D COSA->COSADBHolder: com.oplus.phonenoareainquire - t: 7 - ut: -1
06-11 10:35:12.522 28382 28479 D COSA->COSADBHolder: com.oplus.pay - t: 7 - ut: -1
06-11 10:35:12.522 28382 28479 D COSA->COSADBHolder: com.oplus.pantanal.ums - t: 7 - ut: -1
06-11 10:35:12.522 28382 28479 D COSA->COSADBHolder: com.oplus.owork - t: 7 - ut: -1
06-11 10:35:12.522 28382 28479 D COSA->COSADBHolder: com.oplus.ota - t: -1 - ut: -1
06-11 10:35:12.522 28382 28479 D COSA->COSADBHolder: com.oplus.ocar - t: -1 - ut: -1
06-11 10:35:12.522 28382 28479 D COSA->COSADBHolder: com.oplus.metis - t: 7 - ut: -1
06-11 10:35:12.522 28382 28479 D COSA->COSADBHolder: com.oplus.melody - t: 7 - ut: -1
06-11 10:35:12.522 28382 28479 D COSA->COSADBHolder: com.oplus.mediaturbo - t: 7 - ut: -1
06-11 10:35:12.522 28382 28479 D COSA->COSADBHolder: com.oplus.matrix - t: 7 - ut: -1
06-11 10:35:12.522 28382 28479 D COSA->COSADBHolder: com.oplus.linker - t: 7 - ut: -1
06-11 10:35:12.522 28382 28479 D COSA->COSADBHolder: com.oplus.games - t: 7 - ut: -1
06-11 10:35:12.522 28382 28479 D COSA->COSADBHolder: com.oplus.ether - t: 7 - ut: -1
06-11 10:35:12.522 28382 28479 D COSA->COSADBHolder: com.oplus.dmp - t: 7 - ut: -1
06-11 10:35:12.522 28382 28479 D COSA->COSADBHolder: com.oplus.deepthinker - t: 7 - ut: -1
06-11 10:35:12.522 28382 28479 D COSA->COSADBHolder: com.oplus.contentportal - t: 7 - ut: -1
06-11 10:35:12.522 28382 28479 D COSA->COSADBHolder: com.oplus.consumerIRApp - t: 7 - ut: -1
06-11 10:35:12.522 28382 28479 D COSA->COSADBHolder: com.oplus.colorx - t: 7 - ut: -1
06-11 10:35:12.522 28382 28479 D COSA->COSADBHolder: com.oplus.cardigitalkey - t: -1 - ut: -1
06-11 10:35:12.522 28382 28479 D COSA->COSADBHolder: com.oplus.appdetail - t: 7 - ut: -1
06-11 10:35:12.522 28382 28479 D COSA->COSADBHolder: com.oplus.aiwriter - t: 7 - ut: -1
06-11 10:35:12.522 28382 28479 D COSA->COSADBHolder: com.oplus.aiunit - t: 7 - ut: -1
06-11 10:35:12.522 28382 28479 D COSA->COSADBHolder: com.oplus.aimemory - t: 7 - ut: -1
06-11 10:35:12.522 28382 28479 D COSA->COSADBHolder: com.oplus.account - t: 7 - ut: -1
06-11 10:35:12.523 28382 28479 D COSA->COSADBHolder: com.oplus.acc.gac - t: 7 - ut: -1
06-11 10:35:12.523 28382 28479 D COSA->COSADBHolder: com.oneplus.member - t: 7 - ut: -1
06-11 10:35:12.523 28382 28479 D COSA->COSADBHolder: com.oneplus.brickmode - t: 7 - ut: -1
06-11 10:35:12.523 28382 28479 D COSA->COSADBHolder: com.oneplus.bbs - t: 7 - ut: -1
06-11 10:35:12.523 28382 28479 D COSA->COSADBHolder: com.oceansecondnum - t: -1 - ut: -1
06-11 10:35:12.523 28382 28479 D COSA->COSADBHolder: com.oasis.jltx.nearme.gamecenter - t: 8 - ut: -1
06-11 10:35:12.523 28382 28479 D COSA->COSADBHolder: com.nqsky.rmad.dizhiyun - t: 7 - ut: -1
06-11 10:35:12.523 28382 28479 D COSA->COSADBHolder: com.netease.stzb.nearme.gamecenter - t: 8 - ut: -1
06-11 10:35:12.523 28382 28479 D COSA->COSADBHolder: com.netease.dhxy.nearme.gamecenter - t: 8 - ut: -1
06-11 10:35:12.523 28382 28479 D COSA->COSADBHolder: com.nearme.instant.platform - t: 7 - ut: -1
06-11 10:35:12.523 28382 28479 D COSA->COSADBHolder: com.nearme.gamecenter - t: 7 - ut: -1
06-11 10:35:12.523 28382 28479 D COSA->COSADBHolder: com.mss.fire - t: 7 - ut: -1
06-11 10:35:12.523 28382 28479 D COSA->COSADBHolder: com.moji.mjweather - t: 7 - ut: -1
06-11 10:35:12.523 28382 28479 D COSA->COSADBHolder: com.microsoft.appmanager - t: 7 - ut: -1
06-11 10:35:12.523 28382 28479 D COSA->COSADBHolder: com.mcswscdtnov.map - t: 7 - ut: -1
06-11 10:35:12.523 28382 28479 D COSA->COSADBHolder: com.luna.music - t: 7 - ut: -1
06-11 10:35:12.523 28382 28479 D COSA->COSADBHolder: com.lolaage.tbulu.tools - t: 7 - ut: -1
06-11 10:35:12.523 28382 28479 D COSA->COSADBHolder: com.lianjia.beike - t: 7 - ut: -1
06-11 10:35:12.523 28382 28479 D COSA->COSADBHolder: com.lemurbrowser.exts - t: 7 - ut: -1
06-11 10:35:12.523 28382 28479 D COSA->COSADBHolder: com.leihuokeji.qcshop_app - t: 7 - ut: -1
06-11 10:35:12.523 28382 28479 D COSA->COSADBHolder: com.larus.nova - t: 7 - ut: -1
06-11 10:35:12.523 28382 28479 D COSA->COSADBHolder: com.kmxs.reader - t: 7 - ut: -1
06-11 10:35:12.523 28382 28479 D COSA->COSADBHolder: com.jingdong.app.mall - t: 7 - ut: -1
06-11 10:35:12.523 28382 28479 D COSA->COSADBHolder: com.jdcar.jch - t: 7 - ut: -1
06-11 10:35:12.523 28382 28479 D COSA->COSADBHolder: com.immomo.momo - t: 7 - ut: -1
06-11 10:35:12.523 28382 28479 D COSA->COSADBHolder: com.ikang.official - t: 7 - ut: -1
06-11 10:35:12.523 28382 28479 D COSA->COSADBHolder: com.heytap.yoli - t: 7 - ut: -1
06-11 10:35:12.523 28382 28479 D COSA->COSADBHolder: com.heytap.themestore - t: 7 - ut: -1
06-11 10:35:12.523 28382 28479 D COSA->COSADBHolder: com.heytap.speechassist - t: 7 - ut: -1
06-11 10:35:12.523 28382 28479 D COSA->COSADBHolder: com.heytap.reader - t: 7 - ut: -1
06-11 10:35:12.523 28382 28479 D COSA->COSADBHolder: com.heytap.quicksearchbox - t: 7 - ut: -1
06-11 10:35:12.523 28382 28479 D COSA->COSADBHolder: com.heytap.pictorial - t: 7 - ut: -1
06-11 10:35:12.523 28382 28479 D COSA->COSADBHolder: com.heytap.opluscarlink - t: 7 - ut: -1
06-11 10:35:12.523 28382 28479 D COSA->COSADBHolder: com.heytap.openid - t: 7 - ut: -1
06-11 10:35:12.523 28382 28479 D COSA->COSADBHolder: com.heytap.music - t: 7 - ut: -1
06-11 10:35:12.523 28382 28479 D COSA->COSADBHolder: com.heytap.mcs - t: 7 - ut: -1
06-11 10:35:12.523 28382 28479 D COSA->COSADBHolder: com.heytap.market - t: 7 - ut: -1
06-11 10:35:12.523 28382 28479 D COSA->COSADBHolder: com.heytap.htms - t: 7 - ut: -1
06-11 10:35:12.523 28382 28479 D COSA->COSADBHolder: com.heytap.health - t: 7 - ut: -1
06-11 10:35:12.523 28382 28479 D COSA->COSADBHolder: com.heytap.cloud - t: 7 - ut: -1
06-11 10:35:12.523 28382 28479 D COSA->COSADBHolder: com.heytap.browser - t: 7 - ut: -1
06-11 10:35:12.523 28382 28479 D COSA->COSADBHolder: com.heytap.accessory - t: 7 - ut: -1
06-11 10:35:12.523 28382 28479 D COSA->COSADBHolder: com.heweather.weatherapp - t: 7 - ut: -1
06-11 10:35:12.523 28382 28479 D COSA->COSADBHolder: com.hero.dna.nearme.gamecenter - t: 8 - ut: -1
06-11 10:35:12.523 28382 28479 D COSA->COSADBHolder: com.gzhg.sgwdsh.nearme.gamecenter - t: 8 - ut: -1
06-11 10:35:12.523 28382 28479 D COSA->COSADBHolder: com.greenpoint.android.mc10086.activity - t: 7 - ut: -1
06-11 10:35:12.523 28382 28479 D COSA->COSADBHolder: com.google.ar.core - t: 7 - ut: -1
06-11 10:35:12.523 28382 28479 D COSA->COSADBHolder: com.google.android.webview - t: 7 - ut: -1
06-11 10:35:12.523 28382 28479 D COSA->COSADBHolder: com.google.android.marvin.talkback - t: 7 - ut: -1
06-11 10:35:12.523 28382 28479 D COSA->COSADBHolder: com.google.android.gms - t: 7 - ut: -1
06-11 10:35:12.523 28382 28479 D COSA->COSADBHolder: com.globe.poc - t: -1 - ut: -1
06-11 10:35:12.526 28382 28479 D COSA->COSADBHolder: com.github.metacubex.clash.meta - t: -1 - ut: -1
06-11 10:35:12.526 28382 28479 D COSA->COSADBHolder: com.github.kr328.clash - t: 7 - ut: -1
06-11 10:35:12.526 28382 28479 D COSA->COSADBHolder: com.future.landscape - t: 7 - ut: -1
06-11 10:35:12.526 28382 28479 D COSA->COSADBHolder: com.future.compass - t: 7 - ut: -1
06-11 10:35:12.526 28382 28479 D COSA->COSADBHolder: com.finshell.wallet - t: 7 - ut: -1
06-11 10:35:12.526 28382 28479 D COSA->COSADBHolder: com.fido.fido2client - t: 7 - ut: -1
06-11 10:35:12.526 28382 28479 D COSA->COSADBHolder: com.example.webview_demo - t: -1 - ut: -1
06-11 10:35:12.526 28382 28479 D COSA->COSADBHolder: com.example.gnsssatdemo - t: -1 - ut: -1
06-11 10:35:12.526 28382 28479 D COSA->COSADBHolder: com.example.findmapbox - t: 7 - ut: -1
06-11 10:35:12.526 28382 28479 D COSA->COSADBHolder: com.example.cesiumpoc.native_demo - t: -1 - ut: -1
06-11 10:35:12.526 28382 28479 D COSA->COSADBHolder: com.example.cesiumpoc.cesium_native_android_poc - t: -1 - ut: -1
06-11 10:35:12.526 28382 28479 D COSA->COSADBHolder: com.eg.android.AlipayGphone - t: 7 - ut: -1
06-11 10:35:12.526 28382 28479 D COSA->COSADBHolder: com.earthmd - t: -1 - ut: -1
06-11 10:35:12.526 28382 28479 D COSA->COSADBHolder: com.earthengine.minimalglobe - t: -1 - ut: -1
06-11 10:35:12.526 28382 28479 D COSA->COSADBHolder: com.earth.bdspace - t: 7 - ut: -1
06-11 10:35:12.526 28382 28479 D COSA->COSADBHolder: com.dz.hmjc - t: 7 - ut: -1
06-11 10:35:12.526 28382 28479 D COSA->COSADBHolder: com.dragon.read - t: 7 - ut: -1
06-11 10:35:12.526 28382 28479 D COSA->COSADBHolder: com.deepseek.chat - t: 7 - ut: -1
06-11 10:35:12.526 28382 28479 D COSA->COSADBHolder: com.coze.space - t: 7 - ut: -1
06-11 10:35:12.526 28382 28479 D COSA->COSADBHolder: com.coloros.weather2 - t: 7 - ut: -1
06-11 10:35:12.526 28382 28479 D COSA->COSADBHolder: com.coloros.weather.service - t: 7 - ut: -1
06-11 10:35:12.526  4650  4650 W GCP.CarouselAnimator:  animation list empty[gcSdk:v1.3.130-5a024cf,gcPlugin:v16.56.0-ff09c7f3] [OplusLauncher|com.android.launcher|2.0.44-25e9612]
06-11 10:35:12.526 28382 28479 D COSA->COSADBHolder: com.coloros.translate.engine - t: 7 - ut: -1
06-11 10:35:12.526 28382 28479 D COSA->COSADBHolder: com.coloros.translate - t: 7 - ut: -1
06-11 10:35:12.526 28382 28479 D COSA->COSADBHolder: com.coloros.soundrecorder - t: 7 - ut: -1
06-11 10:35:12.526 28382 28479 D COSA->COSADBHolder: com.coloros.smartsidebar - t: 7 - ut: -1
06-11 10:35:12.526 28382 28479 D COSA->COSADBHolder: com.coloros.shortcuts - t: 7 - ut: -1
06-11 10:35:12.526 28382 28479 D COSA->COSADBHolder: com.coloros.sceneservice - t: 7 - ut: -1
06-11 10:35:12.526 28382 28479 D COSA->COSADBHolder: com.coloros.phonemanager - t: 7 - ut: -1
06-11 10:35:12.526 28382 28479 D COSA->COSADBHolder: com.coloros.oshare - t: 7 - ut: -1
06-11 10:35:12.526 28382 28479 D COSA->COSADBHolder: com.coloros.operationManual - t: 7 - ut: -1
06-11 10:35:12.526 28382 28479 D COSA->COSADBHolder: com.coloros.ocrscanner - t: 7 - ut: -1
06-11 10:35:12.526 28382 28479 D COSA->COSADBHolder: com.coloros.note - t: 7 - ut: -1
06-11 10:35:12.526 28382 28479 D COSA->COSADBHolder: com.coloros.gallery3d - t: 7 - ut: -1
06-11 10:35:12.526 28382 28479 D COSA->COSADBHolder: com.coloros.findmyphone - t: 7 - ut: -1
06-11 10:35:12.526 28382 28479 D COSA->COSADBHolder: com.coloros.filemanager - t: 7 - ut: -1
06-11 10:35:12.526 28382 28479 D COSA->COSADBHolder: com.coloros.favorite - t: 7 - ut: -1
06-11 10:35:12.526 28382 28479 D COSA->COSADBHolder: com.coloros.familyguard - t: 7 - ut: -1
06-11 10:35:12.526 28382 28479 D COSA->COSADBHolder: com.coloros.directui - t: 7 - ut: -1
06-11 10:35:12.526 28382 28479 D COSA->COSADBHolder: com.coloros.digitalwellbeing - t: 7 - ut: -1
06-11 10:35:12.526 28382 28479 D COSA->COSADBHolder: com.coloros.compass2 - t: 7 - ut: -1
06-11 10:35:12.526 28382 28479 D COSA->COSADBHolder: com.coloros.colordirectservice - t: 7 - ut: -1
06-11 10:35:12.526 28382 28479 D COSA->COSADBHolder: com.coloros.codebook - t: 7 - ut: -1
06-11 10:35:12.526 28382 28479 D COSA->COSADBHolder: com.coloros.calendar - t: 7 - ut: -1
06-11 10:35:12.526 28382 28479 D COSA->COSADBHolder: com.coloros.calculator - t: 7 - ut: -1
06-11 10:35:12.526 28382 28479 D COSA->COSADBHolder: com.coloros.backuprestore - t: 7 - ut: -1
06-11 10:35:12.526 28382 28479 D COSA->COSADBHolder: com.coloros.assistantscreen - t: 7 - ut: -1
06-11 10:35:12.526 28382 28479 D COSA->COSADBHolder: com.coloros.alarmclock - t: 7 - ut: -1
06-11 10:35:12.527 28382 28479 D COSA->COSADBHolder: com.coloros.accessibilityassistant - t: 7 - ut: -1
06-11 10:35:12.527 28382 28479 D COSA->COSADBHolder: com.cmlink.esim - t: -1 - ut: -1
06-11 10:35:12.527 28382 28479 D COSA->COSADBHolder: com.citiccard.mobilebank - t: 7 - ut: -1
06-11 10:35:12.527 28382 28479 D COSA->COSADBHolder: com.chinamworld.bocmbci - t: 7 - ut: -1
06-11 10:35:12.527 28382 28479 D COSA->COSADBHolder: com.cat.readall - t: 7 - ut: -1
06-11 10:35:12.527 28382 28479 D COSA->COSADBHolder: com.bendibao - t: 7 - ut: -1
06-11 10:35:12.527 28382 28479 D COSA->COSADBHolder: com.baidu.searchbox - t: 7 - ut: -1
06-11 10:35:12.527 28382 28479 D COSA->COSADBHolder: com.baidu.netdisk - t: 7 - ut: -1
06-11 10:35:12.527 28382 28479 D COSA->COSADBHolder: com.baidu.input_oppo - t: 7 - ut: -1
06-11 10:35:12.527 28382 28479 D COSA->COSADBHolder: com.baidu.carlife.oppo - t: 7 - ut: -1
06-11 10:35:12.527 28382 28479 D COSA->COSADBHolder: com.azure.authenticator - t: 7 - ut: -1
06-11 10:35:12.527 28382 28479 D COSA->COSADBHolder: com.autonavi.minimap - t: 7 - ut: -1
06-11 10:35:12.527 28382 28479 D COSA->COSADBHolder: com.autonavi.gxdtaojin - t: 7 - ut: -1
06-11 10:35:12.527 28382 28479 D COSA->COSADBHolder: com.android.vending - t: 7 - ut: -1
06-11 10:35:12.527 28382 28479 D COSA->COSADBHolder: com.android.mms.service - t: -1 - ut: -1
06-11 10:35:12.527 28382 28479 D COSA->COSADBHolder: com.android.mms - t: 7 - ut: -1
06-11 10:35:12.527 28382 28479 D COSA->COSADBHolder: com.android.email - t: 7 - ut: -1
06-11 10:35:12.527 28382 28479 D COSA->COSADBHolder: com.android.contacts - t: 7 - ut: -1
06-11 10:35:12.527 28382 28479 D COSA->COSADBHolder: com.android.chrome - t: 7 - ut: -1
06-11 10:35:12.527 28382 28479 D COSA->COSADBHolder: com.aliyun.tongyi - t: 7 - ut: -1
06-11 10:35:12.527 28382 28479 D COSA->COSADBHolder: com.alibaba.android.rimet - t: 7 - ut: -1
06-11 10:35:12.527 28382 28479 D COSA->COSADBHolder: com.achievo.vipshop - t: 7 - ut: -1
06-11 10:35:12.527 28382 28479 D COSA->COSADBHolder: com.aaron.grabredpacket - t: 7 - ut: -1
06-11 10:35:12.527 28382 28479 D COSA->COSADBHolder: com.UCMobile - t: 7 - ut: -1
06-11 10:35:12.527 28382 28479 D COSA->COSADBHolder: com.MobileTicket - t: 7 - ut: -1
06-11 10:35:12.527 28382 28479 D COSA->COSADBHolder: com.HaoTuBang.H3DBodyFree - t: 7 - ut: -1
06-11 10:35:12.527 28382 28479 D COSA->COSADBHolder: cn.wps.moffice.lite - t: 7 - ut: -1
06-11 10:35:12.527 28382 28479 D COSA->COSADBHolder: cn.soulapp.android - t: 7 - ut: -1
06-11 10:35:12.527 28382 28479 D COSA->COSADBHolder: cn.happy.heartbeat - t: 7 - ut: -1
06-11 10:35:12.527 28382 28479 D COSA->COSADBHolder: cn.danatech.xingseapp - t: 7 - ut: -1
06-11 10:35:12.527 28382 28479 D COSA->COSADBHolder: cn.TuHu.android - t: 7 - ut: -1
06-11 10:35:12.527 28382 28479 D COSA->COSADBHolder: cmb.pb - t: 7 - ut: -1
06-11 10:35:12.527 28382 28479 D COSA->COSADBHolder: andes.oplus.documentsreader - t: 7 - ut: -1
06-11 10:35:12.527 28382 28479 D COSA->COSADBHolder: air.tv.douyu.android - t: 7 - ut: -1
06-11 10:35:12.546 28382 28479 D COSA->COSADBHolder: DB update size = 235
06-11 10:35:12.561 30334 30363 W LOG_FLOWCTRL: ==LOGS OVER PROC QUOTA(300), rows(29) bytes(1492) com.earthengine.minimalglobe u(0) l(0) t(0) c(0) DROPPED==
06-11 10:35:12.561 30334 30363 D OplusScrollToTopManager: com.earthengine.minimalglobe/com.earthengine.minimalglobe.MainActivity,This com.android.internal.policy.DecorView{2565867 V.E...... R....... 0,0-1240,2772 alpha=1.0 viewInfo = }[MainActivity] change focus to true
06-11 10:35:12.561 28382 28463 I COSA->COSADBHolder: set game list to oiface , com.ykshengshi.yldr.nearme.gamecenter, com.oasis.jltx.nearme.gamecenter, com.netease.stzb.nearme.gamecenter, com.netease.dhxy.nearme.gamecenter, com.hero.dna.nearme.gamecenter, com.gzhg.sgwdsh.nearme.gamecenter
06-11 10:35:12.563 28382 28463 D COSA->COSADBHolder: setOpenGameListToFW OpenGameListConfig [com.ykshengshi.yldr.nearme.gamecenter, com.oasis.jltx.nearme.gamecenter, com.netease.stzb.nearme.gamecenter, com.netease.dhxy.nearme.gamecenter, com.hero.dna.nearme.gamecenter, com.gzhg.sgwdsh.nearme.gamecenter]
06-11 10:35:12.564  5227 30238 I m.heytap.market: Explicit concurrent mark compact GC freed 324KB AllocSpace bytes, 0(0B) LOS objects, 28% free,10124KB(M:8156KB,L:1968KB)/13MB, paused 1.413ms,3.094ms total 160.119ms
06-11 10:35:12.564  5227 30239 I m.heytap.market: WaitForGcToComplete blocked Explicit on Explicit for 1.425s
06-11 10:35:12.565  5227 30629 I m.heytap.market: Waiting for a blocking GC Explicit
06-11 10:35:12.566  5227 30632 I m.heytap.market: Waiting for a blocking GC Explicit
06-11 10:35:12.581 28382 28463 D COSA->GameServiceSyncUtil: [m] syncGameListToGMS
06-11 10:35:12.636  1667 15952 I sensors-hal: handle_oplus_wise_rgb_event:230, wise_rgb:algo_type = 3
06-11 10:35:12.636  1667 15952 I sensors-hal: handle_oplus_wise_rgb_event:285, wise_rgb: raw_lux 521.265625, raw_cct 6368.892578, r/g/b/c: 41542.906250/36249.925781/20397.847656/92274.289062, R/G/B: 0.000000/0.000000/0.000000, brl 1529.000000, lux: 521.265625, cct: 6368.892578, ts 242709954594634, cnt 4210
06-11 10:35:12.670  3189  3338 D VRR [OPlusSAManager]: updateAutoMinfps for 4630946283567114626 with nits: 139.33551, mHistOK true, mAmbientOK true, mCctOK true, mIrOK true, mBrightnessOK true, isPkgOK true, SA min fps: 2
06-11 10:35:12.670  1877  5741 I VRR-[OPlusRefreshRateSelector]: updateAutoMode success, display 0, mode 0, fakeframe 0, min fps: 2
06-11 10:35:12.683  1699  1958 I SDM     : DisplayBuiltIn::SetQSyncMode: VRR + qsync minfps change to: 12615810 00C08082
06-11 10:35:12.683  1699  1958 I SDM     : HWDeviceDRM::OPlusSetQSyncMinFps: VRR +  OPlusSetQSyncMinFps: 12615810
06-11 10:35:12.683  1699  1958 I SDM     : HWDeviceDRM::OPlusSetQSyncMinFpsUpdate: VRR +  OPlusSetQSyncMinFpsUpdate: 1
06-11 10:35:12.683  1699  1958 I SDM     : HWDeviceDRM::OPlusGetQSyncMinFps: VRR +  OPlusGetQSyncMinFps: 12615810
06-11 10:35:12.683  1699  1958 I SDM     : DisplayBuiltIn::SetQSyncMode: VRR + update qsync mode 0 minfps 00C08082
06-11 10:35:12.683  1699  1958 I SDM     : HWDeviceDRM::OPlusIsQSyncMinFpsForAuto: VRR +  OPlusIsQSyncMinFpsForAuto: 1
06-11 10:35:12.683  1699  1958 I SDM     : DisplayBuiltIn::SetQSyncMode: VRR + needs_avr_update_ 0
06-11 10:35:12.683  1699  1958 I SDM     : DisplayBuiltIn::SetQSyncMode: Qsync mode set to 0 successfully
06-11 10:35:12.685  1699  1966 I SDM     : HWDeviceDRM::OPlusGetQSyncMinFpsUpdate: VRR +  OPlusGetQSyncMinFpsUpdate: 1
06-11 10:35:12.685  1699  1966 I SDM     : HWDeviceDRM::OPlusIsQSyncMinFpsForAuto: VRR +  OPlusIsQSyncMinFpsForAuto: 1
06-11 10:35:12.685  1699  1966 I SDM     : HWDeviceDRM::OPlusGetQSyncMinFps: VRR +  OPlusGetQSyncMinFps: 12615810
06-11 10:35:12.690  3189  4464 I OplusCpuLimitManager: OplusDex2oatCpuset: Get dex2oat pid more than limit times
06-11 10:35:12.703  5227 30239 I m.heytap.market: Explicit concurrent mark compact GC freed 68KB AllocSpace bytes, 0(0B) LOS objects, 28% free,10120KB(M:8152KB,L:1968KB)/13MB, paused 1.456ms,3.142ms total 137.938ms
06-11 10:35:12.703  5227 30629 I m.heytap.market: WaitForGcToComplete blocked Explicit on Explicit for 734.667ms
06-11 10:35:12.703  5227 30632 I m.heytap.market: Waiting for a blocking GC Explicit
06-11 10:35:12.722  3189  3642 E JobScheduler.Background: Couldn't determine stopped state for unknown package: com.oplus.onet
06-11 10:35:12.745  6140  6279 I ThermalEngine: VIRTUAL-CPU-NSP, Update received trip sensor cpu-1-1 59700
06-11 10:35:12.832  5227 30629 I m.heytap.market: Explicit concurrent mark compact GC freed 64KB AllocSpace bytes, 0(0B) LOS objects, 28% free,10120KB(M:8152KB,L:1968KB)/13MB, paused 1.439ms,3.548ms total 129.543ms
06-11 10:35:12.833  5227 30632 I m.heytap.market: WaitForGcToComplete blocked Explicit on Explicit for 862.871ms
06-11 10:35:12.836  1667 15952 I sensors-hal: handle_oplus_wise_rgb_event:230, wise_rgb:algo_type = 3
06-11 10:35:12.836  1667 15952 I sensors-hal: handle_oplus_wise_rgb_event:285, wise_rgb: raw_lux 531.316284, raw_cct 6313.373047, r/g/b/c: 41388.105469/36390.593750/20262.171875/91985.414062, R/G/B: 0.000000/0.000000/0.000000, brl 1529.000000, lux: 531.316284, cct: 6313.373047, ts 242710154354478, cnt 4211
06-11 10:35:12.844 27947 30682 W LOG_FLOWCTRL: ==LOGS OVER PROC QUOTA(300), rows(1040) bytes(140361) com.oplus.games u(0) l(0) t(0) c(0) DROPPED==
06-11 10:35:12.844 27947 30682 I com.oplus.games: Explicit concurrent mark compact GC freed 64KB AllocSpace bytes, 0(0B) LOS objects, 33% free,8208KB(M:6204KB,L:2004KB)/12MB, paused 1.591ms,4.563ms total 131.436ms
06-11 10:35:12.844 27947 30680 I com.oplus.games: WaitForGcToComplete blocked Explicit on Explicit for 418.282ms
06-11 10:35:12.880  4380  4380 E SmsApplication: com.android.mms lost android:read_cell_broadcasts:  (fixing)
06-11 10:35:12.881  3189  5610 W AppOpService: Ignored setUidMode call for runtime permission app op: uid = 10249, code = READ_CELL_BROADCASTS, mode = allow, callingUid = 1001, oldMode = allow
06-11 10:35:12.883  3189  5610 W AppOpService: Ignored setUidMode call for runtime permission app op: uid = 1001, code = READ_SMS, mode = allow, callingUid = 1001, oldMode = allow
06-11 10:35:12.884  3189  5610 W AppOpService: Ignored setUidMode call for runtime permission app op: uid = 1001, code = RECEIVE_SMS, mode = allow, callingUid = 1001, oldMode = allow
06-11 10:35:12.884  3189  5610 W AppOpService: Ignored setUidMode call for runtime permission app op: uid = 1001, code = RECEIVE_WAP_PUSH, mode = allow, callingUid = 1001, oldMode = allow
06-11 10:35:12.884  3189  5610 W AppOpService: Ignored setUidMode call for runtime permission app op: uid = 1001, code = SEND_SMS, mode = allow, callingUid = 1001, oldMode = allow
06-11 10:35:12.885  3189  5610 W AppOpService: Ignored setUidMode call for runtime permission app op: uid = 1001, code = READ_CELL_BROADCASTS, mode = allow, callingUid = 1001, oldMode = allow
06-11 10:35:12.897  4639  8246 D CommonApp-194-10602: commonScoreStrategy scenarios 1
06-11 10:35:12.898  4639  8246 D CommonApp-194-10602: notifyScoreChange appScene COMMON score 96
06-11 10:35:12.898  4639  8246 D ScorePolicy: handleScoreChanged: []
06-11 10:35:12.898  4639  8246 D ScorePolicy: handleScoreChanged: []
06-11 10:35:12.898  4639  8246 D ScorePolicy: handleScoreChanged: []
06-11 10:35:12.899 30334 30348 I ne.minimalglobe: Compiler allocated 7246KB to compile void android.view.ViewRootImpl.performTraversals()
06-11 10:35:12.942 27947 30680 I com.oplus.games: Explicit concurrent mark compact GC freed 0B AllocSpace bytes, 0(0B) LOS objects, 33% free,8208KB(M:6204KB,L:2004KB)/12MB, paused 1.599ms total 97.796ms
06-11 10:35:12.962  5227 30632 I m.heytap.market: Explicit concurrent mark compact GC freed 64KB AllocSpace bytes, 0(0B) LOS objects, 28% free,10120KB(M:8152KB,L:1968KB)/13MB, paused 1.467ms,3.285ms total 128.869ms
06-11 10:35:13.036  1667 15988 I sensors-hal: handle_oplus_wise_rgb_event:301, oplus wise_rgb sample: (4212)(cct, lux, ir_ratio, r, g, b, c)[6333, 545, 29, 41419, 36469, 20351, 92718]
06-11 10:35:13.036  1667 15952 I sensors-hal: handle_oplus_wise_rgb_event:230, wise_rgb:algo_type = 3
06-11 10:35:13.036  1667 15952 I sensors-hal: handle_oplus_wise_rgb_event:285, wise_rgb: raw_lux 545.499756, raw_cct 6333.412109, r/g/b/c: 41419.542969/36469.496094/20351.984375/92718.710938, R/G/B: 0.000000/0.000000/0.000000, brl 1529.000000, lux: 545.499756, cct: 6333.412109, ts 242710354149686, cnt 4212
06-11 10:35:13.048  3189  3348 I AppsFilter: interaction: PackageSetting{94e903e com.android.microdroid.empty_payload/10392} -> PackageSetting{9b3e51 com.oplus.dmp/10125} BLOCKED
06-11 10:35:13.048  3189  3348 I AppsFilter: interaction: PackageSetting{dc7de36 com.earthengine.minimalglobe/10602} -> PackageSetting{9b3e51 com.oplus.dmp/10125} BLOCKED
06-11 10:35:13.048  3189  3348 I AppsFilter: interaction: PackageSetting{b168bec com.oplus.locationproxy/10372} -> PackageSetting{9b3e51 com.oplus.dmp/10125} BLOCKED
06-11 10:35:13.048  3189  3348 I AppsFilter: interaction: PackageSetting{bc3abb5 com.android.certinstaller/10211} -> PackageSetting{9b3e51 com.oplus.dmp/10125} BLOCKED
06-11 10:35:13.048  3189  3348 I AppsFilter: interaction: PackageSetting{39f724a com.oplus.location/10224} -> PackageSetting{9b3e51 com.oplus.dmp/10125} BLOCKED
06-11 10:35:13.048  3189  3348 I AppsFilter: interaction: PackageSetting{ef265bb com.example.gnsssatdemo/10588} -> PackageSetting{9b3e51 com.oplus.dmp/10125} BLOCKED
06-11 10:35:13.053  3189  3818 I system_server: AssetManager2(0xb4000079274c0528) locale list changing from [] to [zh-CN]
06-11 10:35:13.054  3189  3642 I system_server: AssetManager2(0xb400007a7ba7d828) locale list changing from [] to [zh-CN]
06-11 10:35:13.056  3189  3818 I system_server: AssetManager2(0xb4000079274c0828) locale list changing from [] to [zh-CN]
06-11 10:35:13.058  3189  3825 I system_server: AssetManager2(0xb4000078f0d3ef28) locale list changing from [] to [zh-CN]
06-11 10:35:13.058  3189  3818 I system_server: AssetManager2(0xb4000079274c1128) locale list changing from [] to [zh-CN]
06-11 10:35:13.058  3189  3263 W Searchables: No web search activity found
06-11 10:35:13.059  3189  3825 I system_server: AssetManager2(0xb400007a7da94e28) locale list changing from [] to [zh-CN]
06-11 10:35:13.060  3189  3817 I VibrationEffectConvertor: onInputMethodListUpdated received, info.size = 3
06-11 10:35:13.060  3189  3817 I VibrationEffectConvertor: userid = 0, packageName = com.sohu.inputmethod.sogouoem
06-11 10:35:13.060  3189  3817 I VibrationEffectConvertor: userid = 0, packageName = com.baidu.input_oppo
06-11 10:35:13.060  3189  3817 I VibrationEffectConvertor: userid = 0, packageName = com.oplus.securitykeyboard
06-11 10:35:13.060  3189  3825 I system_server: AssetManager2(0xb400007a7dab2428) locale list changing from [] to [zh-CN]
06-11 10:35:13.062  3189  3825 I system_server: AssetManager2(0xb40000791621dd28) locale list changing from [] to [zh-CN]
06-11 10:35:13.063  3189  3825 I system_server: AssetManager2(0xb4000079162f8c28) locale list changing from [] to [zh-CN]
06-11 10:35:13.064  3189  3825 I system_server: AssetManager2(0xb4000079162fa128) locale list changing from [] to [zh-CN]
06-11 10:35:13.065  3189  3263 I system_server: AssetManager2(0xb4000078f0d3f528) locale list changing from [] to [zh-CN]
06-11 10:35:13.067  3189  3825 I system_server: AssetManager2(0xb4000079162fad28) locale list changing from [] to [zh-CN]
06-11 10:35:13.069  3189  3263 I system_server: AssetManager2(0xb4000078f0d3e028) locale list changing from [] to [zh-CN]
06-11 10:35:13.070  3189  3825 I system_server: AssetManager2(0xb400007915ac0328) locale list changing from [] to [zh-CN]
06-11 10:35:13.072  3189  3825 I system_server: AssetManager2(0xb400007915ac0628) locale list changing from [] to [zh-CN]
06-11 10:35:13.073  3189  3825 I system_server: AssetManager2(0xb400007915ac0928) locale list changing from [] to [zh-CN]
06-11 10:35:13.074  3189  3825 I system_server: AssetManager2(0xb400007915ac1b28) locale list changing from [] to [zh-CN]
06-11 10:35:13.075  3189  3825 I system_server: AssetManager2(0xb400007915ac1e28) locale list changing from [] to [zh-CN]
06-11 10:35:13.076  6140  6279 I ThermalEngine: VIRTUAL-CPU-NSP, Update received trip sensor cpu-1-1 70000
06-11 10:35:13.076  3189  3825 I system_server: AssetManager2(0xb400007915ac2128) locale list changing from [] to [zh-CN]
06-11 10:35:13.076  6128  6185 I ostats_tpd: stats_write, records atomId:100100, event_id:860, cpu:3, values: 860-0-1-175-(cpu-1-1)-30-0-1
06-11 10:35:13.077  3189  3825 I system_server: AssetManager2(0xb400007915af9828) locale list changing from [] to [zh-CN]
06-11 10:35:13.078  3189  3825 I system_server: AssetManager2(0xb400007915b06028) locale list changing from [] to [zh-CN]
06-11 10:35:13.079  3189  3263 I system_server: AssetManager2(0xb4000078f0d3e928) locale list changing from [] to [zh-CN]
06-11 10:35:13.081  3189  3825 I system_server: AssetManager2(0xb400007915b06f28) locale list changing from [] to [zh-CN]
06-11 10:35:13.082  3189  3825 I system_server: AssetManager2(0xb400007915b07528) locale list changing from [] to [zh-CN]
06-11 10:35:13.086  3189  3825 I system_server: AssetManager2(0xb400007915b07828) locale list changing from [] to [zh-CN]
06-11 10:35:13.087  6732 28982 I PTC.DISC.AndroidMultiLanServer: Watcher sysNif=[wlan0, tun0], userNif=[wlan0 state=(LISTEN JOIN(A3613A|52025)), , tun0 state=(LISTEN JOIN(A3613A|52025))], clientNif=[wlan0 state=(LISTEN), , tun0 state=(LISTEN)], tcpServer state=LISTEN, ipv4=**.100.150
06-11 10:35:13.087  3189  3263 I system_server: AssetManager2(0xb400007874e6ef28) locale list changing from [] to [zh-CN]
06-11 10:35:13.088  3189  3825 I system_server: AssetManager2(0xb400007915b07e28) locale list changing from [] to [zh-CN]
06-11 10:35:13.092  3189  4046 D OAppNetControlService: Hans update:[10307=false][0|0] blackList:[10237, 99910237, 10244]
06-11 10:35:13.092  3189  3623 I OplusHansManager : unfreeze uid: 10307 com.coloros.shortcuts pids: [12138] reason: Provider scene: |StrictMode-1|LcdOn
06-11 10:35:13.093  3189  3825 I system_server: AssetManager2(0xb400007915b08728) locale list changing from [] to [zh-CN]
06-11 10:35:13.093  3189  6099 I OStatsManager_OplusBatteryStatsManager: updateStateTime: PkgName = com.coloros.shortcuts, uid = 10307, state to bg, mForegroundCnt = 0, isFg = false
06-11 10:35:13.093  3189  4433 I OplusHansManager : uid=10307, pkg=com.coloros.shortcuts F exit(), F stay=39, reason=Provider, FrozenActionKeepProxy=false
06-11 10:35:13.096 12138 12138 D Shortcut.BaseApplication: onTrimMemory level: 40
06-11 10:35:13.096  3189  3825 I system_server: AssetManager2(0xb400007915b08a28) locale list changing from [] to [zh-CN]
06-11 10:35:13.097 12138 12138 D ActivityThread: Package [com.earthengine.minimalglobe] reported as REPLACED, but missing application info. Assuming REMOVED.
06-11 10:35:13.097 12138 29476 D Shortcut.AppDataProvider: query: uri:content://com.coloros.shortcuts.provider/search_suggest_query?limit=2147483647&oplus_query=true&query_all=true projection:null selection:null selectionArgs:null
06-11 10:35:13.097  3189  4441 I OplusHansManager : ua_alarm 10307
06-11 10:35:13.098  3189  4441 D OplusAlarmAdjustment: unalignAlarmsByUid(), uid=10307, pkgName=com.coloros.shortcuts, actions=null, procs=null, requester=1
06-11 10:35:13.098 12138 12138 D ActivityThread: Package [com.earthengine.minimalglobe] reported as REPLACED, but missing application info. Assuming REMOVED.
06-11 10:35:13.098 12138 29476 I Shortcut.AppDataProvider: query printCallPackageLog matchCode:7 package:com.heytap.quicksearchbox
06-11 10:35:13.098 12138 29476 D Shortcut.BackgroundMemoryHelper: postKillBackgroundDelay() isForeground: false serviceForeground: false  isOverlay:false  delay:180000
06-11 10:35:13.098 12138 29476 D Shortcut.BackgroundMemoryHelper: canKill:true
06-11 10:35:13.099  3189  4441 I OplusHansManager : up_BtScan: uid 10307 isUnProxy true
06-11 10:35:13.099  3189  3825 I system_server: AssetManager2(0xb4000078f0cc0528) locale list changing from [] to [zh-CN]
06-11 10:35:13.100  3189  3763 D OplusAlarmAdjustMap: removeAlignUid, uid=10307, requester=1
06-11 10:35:13.100  3189  3263 I system_server: AssetManager2(0xb400007874e6fe28) locale list changing from [] to [zh-CN]
06-11 10:35:13.101 12138 29476 D Shortcut.SearchShortcutPresenter: query: 
06-11 10:35:13.101 12138 29476 D Shortcut.SearchShortcutPresenter: checkPermission: 
06-11 10:35:13.101 12138 29476 D Shortcut.SearchShortcutPresenter: queryAll: 
06-11 10:35:13.102  3189  3825 I system_server: AssetManager2(0xb4000078f0cc0828) locale list changing from [] to [zh-CN]
06-11 10:35:13.103 12138 29476 D Shortcut.ShortcutTaskRepo: findByShortcutId: 1
06-11 10:35:13.103 12138 29476 D Shortcut.TaskSpecRepo: findById: 24001
06-11 10:35:13.104 12138 29476 D Shortcut.ShortcutTriggerRepo: findByShortcutId: 1
06-11 10:35:13.104 12138 29476 D Shortcut.CardRepo: findById
06-11 10:35:13.105  3189  3825 I system_server: AssetManager2(0xb4000078f0cc0228) locale list changing from [] to [zh-CN]
06-11 10:35:13.105 12138 29476 D Shortcut.ShortcutTaskRepo: findByShortcutId: 2
06-11 10:35:13.105 12138 29476 D Shortcut.TaskSpecRepo: findById: 24002
06-11 10:35:13.105 12138 29476 D Shortcut.ShortcutTriggerRepo: findByShortcutId: 2
06-11 10:35:13.105  3189  3263 I system_server: AssetManager2(0xb400007874e70428) locale list changing from [] to [zh-CN]
06-11 10:35:13.106 12138 29476 D Shortcut.CardRepo: findById
06-11 10:35:13.106 12138 29476 D Shortcut.ShortcutTaskRepo: findByShortcutId: 3
06-11 10:35:13.106 12138 29476 D Shortcut.TaskSpecRepo: findById: 21009
06-11 10:35:13.106 12138 29476 D Shortcut.ShortcutTriggerRepo: findByShortcutId: 3
06-11 10:35:13.106 12138 29476 D Shortcut.TriggerSpecRepo: findById: 10001
06-11 10:35:13.107 12138 29476 D Shortcut.CardRepo: findById
06-11 10:35:13.107 12138 29476 D Shortcut.ShortcutRepo: getAllShortcuts done
06-11 10:35:13.107 12138 29476 D Shortcut.SearchShortcutPresenter: injectShortcutToCursor: 
06-11 10:35:13.108  3189  3263 I system_server: AssetManager2(0xb400007874e6e328) locale list changing from [] to [zh-CN]
06-11 10:35:13.111 25296 26328 I AstScreen.PrefUtil: getHasCheckWithGuider 1
06-11 10:35:13.112  3189  3263 I system_server: AssetManager2(0xb4000079275a8828) locale list changing from [] to [zh-CN]
06-11 10:35:13.114  3189  3825 I system_server: AssetManager2(0xb4000078f0cc0e28) locale list changing from [] to [zh-CN]
06-11 10:35:13.116  3189  3825 I system_server: AssetManager2(0xb4000078f0cc1a28) locale list changing from [] to [zh-CN]
06-11 10:35:13.118  3189  3825 V AccessibilityManagerService: onUserStateChangedLocked for user 0 with forceUpdate: false mEnabledServices = [ComponentInfo{com.oplus.travelengine/com.oplus.travelengine.travelaccessibilityservice.EngineAccessibilityService}] mCrashedServices = [] hasMagnificationConnection=false
06-11 10:35:13.119  3189  3825 W MagnificationConnectionManager: requestConnection duplicated request: connect=false, mConnectionState=DISCONNECTED
06-11 10:35:13.126  3189  3263 I system_server: AssetManager2(0xb4000079275a8b28) locale list changing from [] to [zh-CN]
06-11 10:35:13.137  3189  3263 I system_server: AssetManager2(0xb4000079275a9128) locale list changing from [] to [zh-CN]
06-11 10:35:13.142  3189  3263 I system_server: AssetManager2(0xb4000079275a8e28) locale list changing from [] to [zh-CN]
06-11 10:35:13.151  3189  3263 I system_server: AssetManager2(0xb400007926976928) locale list changing from [] to [zh-CN]
06-11 10:35:13.157  3189  3263 I system_server: AssetManager2(0xb400007926977228) locale list changing from [] to [zh-CN]
06-11 10:35:13.158  6140  6279 I ThermalEngine: VIRTUAL-CPU-NSP, Update received trip sensor cpu-1-1 59700
06-11 10:35:13.166  3189  4242 D Osense-BaseDecisionMaker: notifyDelayedSceneToPolicy
06-11 10:35:13.167  3189  3263 I system_server: AssetManager2(0xb4000079164c1328) locale list changing from [] to [zh-CN]
06-11 10:35:13.175  3189  3263 I system_server: AssetManager2(0xb4000079164c1f28) locale list changing from [] to [zh-CN]
06-11 10:35:13.178 11083 27441 I PhoneManager.VirusSelfDetectScanner: [filterByAdIdentifyTrustedApp] use cache
06-11 10:35:13.185  3189  3263 I system_server: AssetManager2(0xb4000079164c2228) locale list changing from [] to [zh-CN]
06-11 10:35:13.190  3189  3263 I system_server: AssetManager2(0xb4000079164c3d28) locale list changing from [] to [zh-CN]
06-11 10:35:13.199  3189  3263 I system_server: AssetManager2(0xb4000079275a9d28) locale list changing from [] to [zh-CN]
06-11 10:35:13.209  3189  3263 I system_server: AssetManager2(0xb4000079160c4128) locale list changing from [] to [zh-CN]
06-11 10:35:13.216  3189  3263 I system_server: AssetManager2(0xb4000079160c4728) locale list changing from [] to [zh-CN]
06-11 10:35:13.223  3189  3263 I system_server: AssetManager2(0xb4000078c7a2d328) locale list changing from [] to [zh-CN]
06-11 10:35:13.236  1667 15952 I sensors-hal: handle_oplus_wise_rgb_event:230, wise_rgb:algo_type = 3
06-11 10:35:13.236  1667 15952 I sensors-hal: handle_oplus_wise_rgb_event:285, wise_rgb: raw_lux 533.174561, raw_cct 6332.355469, r/g/b/c: 41467.566406/36516.523438/20367.316406/92322.445312, R/G/B: 0.000000/0.000000/0.000000, brl 1529.000000, lux: 533.174561, cct: 6332.355469, ts 242710553905468, cnt 4213
06-11 10:35:13.244  3189  3263 I system_server: AssetManager2(0xb4000078c7a2ee28) locale list changing from [] to [zh-CN]
06-11 10:35:13.246  4329  4513 I SystemUi--Statusbar: OplusNetworkSpeedControllExImpl-->updateNetworkSpeed: isConnected:true,isSwitchOn:true,isSuspend:false,isPause:false
06-11 10:35:13.247  4329  4513 I SystemUi--Statusbar: OplusNetworkSpeedControllExImpl-->getTotalByte: totalRxBytes:11578150777,totalTxBytes:3541667239,loopbackTxBytes:2982613887,loopbackRxBytes:2982613407 ,totalBytes:9154590722
06-11 10:35:13.260  3189  3263 I system_server: AssetManager2(0xb4000078c7b0c928) locale list changing from [] to [zh-CN]
06-11 10:35:13.275  3189  3263 I system_server: AssetManager2(0xb4000078c7b0d528) locale list changing from [] to [zh-CN]
06-11 10:35:13.286  3189  3263 I system_server: AssetManager2(0xb4000078c7b0db28) locale list changing from [] to [zh-CN]
06-11 10:35:13.289  3189  3263 W LoadedApk: System took : 229ms in onReceive of class android.content.pm.RegisteredServicesCache$1 for action : android.intent.action.PACKAGE_CHANGED
06-11 10:35:13.307  3189  3263 W RecognitionServiceInfo: Parse error in getAvailableServices: No android.speech meta-data for com.tencent.android.qqdownloader
06-11 10:35:13.307  3189  3263 W VoiceInteractionManager: no auto selectable voice recognition services found for user 0
06-11 10:35:13.339  1800  1924 D BatteryChargeControl: bcc get no support from charging protocol
06-11 10:35:13.413  3189  3765 V AlarmManager: sending alarm Alarm{7daf26b type 1 origWhen 1781145313411 whenElapsed 242710738 android} uid 1000 whenElapsed 242710738 windowLength 0 maxWhenElapsed 242710738 repeatInterval 0 action null component null tag StorgaeBandInfoAlarmTag flags 0x9 procName system_server
06-11 10:35:13.414  3189 27614 E OplusStorageUFSBandwidth: storage_io_metrics_path is /proc/oplus_storage/io_metrics/forever/
06-11 10:35:13.414  3189 27614 E OplusStorageUFSBandwidth: Bandwidth - Read: 2.50 MB/s, Write: 6.99 MB/s
06-11 10:35:13.414  3189 27614 E OplusStorageUFSBandwidth: Task time: 0ms
06-11 10:35:13.420  3189 27614 E OplusStorageUFSBandwidth: Alarm set to trigger in 10 seconds
06-11 10:35:13.436  1667 15952 I sensors-hal: handle_oplus_wise_rgb_event:230, wise_rgb:algo_type = 3
06-11 10:35:13.436  1667 15988 I sensors-hal: get_brightness:1652, light_iface: get_brightness, brl 1529, pwm_turbo_on 0/0, hbm_dc 0
06-11 10:35:13.436  1667 15952 I sensors-hal: handle_oplus_wise_rgb_event:285, wise_rgb: raw_lux 531.593628, raw_cct 6320.450195, r/g/b/c: 41437.078125/36359.609375/20336.056641/91986.210938, R/G/B: 0.000000/0.000000/0.000000, brl 1529.000000, lux: 531.593628, cct: 6320.450195, ts 242710753660988, cnt 4214
06-11 10:35:13.438  3189  6314 I AICCTModule: SensorFilter: findSecondNearestValue, sensorValue: 6312.4443 nearestMaxValue:6313.373 secondNearestValue: 6320.45
06-11 10:35:13.438  3189  6314 I AICCTModule: SensorFilter: findSecondNearestValue, sensorValue: 522.1743 nearestMaxValue:531.5936 secondNearestValue: 533.17456
06-11 10:35:13.438  3189  6314 I AICCTModule: AICurveModel: findPointByX x:13.350126, rightPoint:Point:(13.36, 6810.5835, 6810.5835)
06-11 10:35:13.439  3189  6314 I AICCTModule: AICurveModel: StablePoints has no dragSplineLine
06-11 10:35:13.439  3189  6314 I AICCTModule: AICurveModel: findPointByY y:6801.339, rightPoint:Point:(13.349999, 6801.339, 6801.339)
06-11 10:35:13.439  3189  6314 I AICCTModule: AICurveModel: findPointByY y:6801.339, rightPoint:Point:(13.349999, 6801.339, 6801.339)
06-11 10:35:13.439  3189  6314 I AICCTModule: AICurveModel: findPointByY y:6801.339, rightPoint:Point:(13.349999, 6801.339, 6801.339)
06-11 10:35:13.439  3189  6314 I AICCTModule: AICurveModel: StablePoints y1Left:6801.339, y2Left:0.0, leftY:6801.339
06-11 10:35:13.439  3189  6314 I AICCTModule: AICurveModel: findPointByY y:6801.339, rightPoint:Point:(13.349999, 6801.339, 6801.339)
06-11 10:35:13.440  3189  6314 I AICCTModule: AICurveModel: findPointByY y:6801.339, rightPoint:Point:(13.349999, 6801.339, 6801.339)
06-11 10:35:13.440  3189  6314 I AICCTModule: AICurveModel: getNextPoint isLargeChange, 6336.1587, 6810.5835
06-11 10:35:13.440  3189  6314 I AICCTModule: AICurveModel: handleUpdateCCT cct change from:(6320.250000,6801.338867)->(6336.158691,6810.583496),curPoint(6336.158691,6810.583496),stablePoint=LeftLarge(6320.25,6801.339)-RightLarge(6320.25,6801.339),LeftSmall(6320.25,6801.339)-RightSmall(6320.25,6801.339),TLSmall(6320.25,6801.339)-TRSmall(6320.25,6801.339)
06-11 10:35:13.440  3189  6314 I AICCTModule: AICurveModel: onTargetCCTChange cct change to 6810.5835
06-11 10:35:13.467  1699  1958 D IRIS_LOG_SERV: panelReadWrite: type 255 set color matrix
06-11 10:35:13.470  1699  2116 D IRIS_LOG_SERV: InternalConfig: 191 0
06-11 10:35:13.470  1699  2116 D IRIS_LOG_SERV: InternalConfig: 191 0 ret: 0
06-11 10:35:13.601  3189  3251 W SettingsProvider: notifyForSettingsChange delay for eyeprotect_display_cct, value: 6811, delta: 1, lastNotifyTimestamp: 200807323, minInterval: 10
06-11 10:35:13.620  1572 18752 E TetherController: property_get sys.radio.data.modem_share_flag return 0, 1!
06-11 10:35:13.635  1667 15952 I sensors-hal: handle_oplus_wise_rgb_event:230, wise_rgb:algo_type = 3
06-11 10:35:13.635  1667 15952 I sensors-hal: handle_oplus_wise_rgb_event:285, wise_rgb: raw_lux 534.037964, raw_cct 6375.190430, r/g/b/c: 41360.394531/36171.152344/20351.191406/92216.804688, R/G/B: 0.000000/0.000000/0.000000, brl 1529.000000, lux: 534.037964, cct: 6375.190430, ts 242710953440311, cnt 4215
06-11 10:35:13.645  3189  3839 V NetworkPolicy: updateNetworkEnabledNL() return
06-11 10:35:13.645  3189  3839 V NetworkPolicy: updateNotificationsNL not process
06-11 10:35:13.649  4454  5101 V MonthTrafficAlert: getWarningNotification subId:2 numWarningNotificaion:0
06-11 10:35:13.836  1667 15952 I sensors-hal: handle_oplus_wise_rgb_event:230, wise_rgb:algo_type = 3
06-11 10:35:13.836  1667 15952 I sensors-hal: handle_oplus_wise_rgb_event:285, wise_rgb: raw_lux 536.136108, raw_cct 6451.804199, r/g/b/c: 41252.273438/36232.843750/20487.134766/92247.203125, R/G/B: 0.000000/0.000000/0.000000, brl 1529.000000, lux: 536.136108, cct: 6451.804199, ts 242711153254270, cnt 4216
06-11 10:35:13.922  4639  8246 D CommonApp-194-10602: transport layer data is invalid
06-11 10:35:13.923  4639  8246 D ScorePolicy: handleScoreChanged: []
06-11 10:35:13.923  4639  8246 D ScorePolicy: handleScoreChanged: []
06-11 10:35:13.923  4639  8246 D ScorePolicy: handleScoreChanged: []
06-11 10:35:13.956  3189  3606 D KEYLOG_KeyCombinationManager: down true downTime 200807679 action 0 count 0 isDefaultDisplayInteractive true eventTime 200807679 mDownTimes: {}
06-11 10:35:13.957  3189  3606 D KEYLOG_PhoneWindowManagerExtImpl: overrideInterceptKeyBeforeQueueing:KeyEvent { action=ACTION_DOWN, keyCode=KEYCODE_VOLUME_DOWN, scanCode=0, metaState=0, flags=0x0, repeatCount=0, eventTime=200807679000000, downTime=200807679000000, deviceId=-1, source=0x0, displayId=-1 },  keyguardOn = false,  screenOn = true,  policyFlags = 721420288,  SosPowerKeyEnabled = true,  WalletSwitchState = 1,  IsQuickLaunchSupport = true,  IsDoubleCheckAppSupport = false,  isQuickAppOn=false,  canceled = false
06-11 10:35:13.957  3189  3606 D KEYLOG_OplusKeyCombinationManager: down true keyCode 25 count 0 interactive true eventTime 200807679 mDownTimes: {}
06-11 10:35:13.957  3189  3606 D OplusScreenOffTorchHelper: not handle with onVolumeKey,mFlashLightEnable = false,mFlashLightAvailable=true,mCameraId = 0 mVolumeDownPressEnabled=false
06-11 10:35:13.957  3189  3606 I OplusJoystickManager: read game pad state for game manager -> false
06-11 10:35:13.957  3189  3606 W OplusJoystickManager: mInterceptGamepadKey is false
06-11 10:35:13.957  3189  3606 D OplusCustomizeRestrictionManagerService: isLongPressVolumeUpDisabled start
06-11 10:35:13.957  3189  3606 I STKeyLog_StrategyDisableBottomKey: onBeforeQueueing : mIsUpGestureMode=false,mDisableBottomKeyMode0
06-11 10:35:13.957  3189  3606 D STKeyLog_StrategyBlackscreenshot: notifyKeyBeforeQueueing, downTime200807679, action=0, interactive=true
06-11 10:35:13.957  3189  3606 D KEYLOG_PhoneWindowManager: interceptKeyBeforeQueueing downTime=200807679 action = 0 interactive=true keyguardActive=false policyFlags=2b000000 isInjected=true isWakeKey=false isKeyGestureTriggered=false
06-11 10:35:13.958  3189  3606 I VibratorManagerServiceExtImpl: cancelVibrate uid=1000, pid=3189, usageFilter=-15, token=193946947
06-11 10:35:13.958  4329  6465 D RingtonePlayer: stopAsync()
06-11 10:35:13.958  4329  6465 D RingtonePlayer: stop
06-11 10:35:13.958  3189  3606 D AS.AudioService: uid 1000, callingApp = android.uid.system:1000
06-11 10:35:13.959  3189  3332 D PowerManagerService: userActivityNoUpdateLocked: groupId=0, eventTime=200807679, event=button, flags=0x0, uid=1000
06-11 10:35:13.959 12732 13406 D ShellSubscriberWorkerThread: the first 8 bytes empty, and RestData length > 8 
06-11 10:35:13.960 25958 27470 D TapHttp.CallTrackHelper 136: callStart:https://dc-dragate-cn.heytapmobi.com/v1/stat/install?appid=21000&logtag=0&nonce=8452&timestamp=1781145313&sign=e5838e91166b98f21e5f9b38c2f351cc connectMode:TCP reUseMode:ALL isZeroRtt:true
06-11 10:35:13.961 25958 27470 V TapHttp.StatRateHelper: ignore record by sample ratio is 1
06-11 10:35:13.961 25958 27470 D TapHttp.CallTrackHelper 136: newSteam:https://dc-dragate-cn.heytapmobi.com/v1/stat/install?appid=21000&logtag=0&nonce=8452&timestamp=1781145313&sign=e5838e91166b98f21e5f9b38c2f351cc
06-11 10:35:13.961 25958 27470 D TapHttp.Event Dispatcher: dns start
06-11 10:35:13.961 25958 27470 D TapHttp.CallTrackHelper 136: dnsStart https://dc-dragate-cn.heytapmobi.com/v1/stat/install?appid=21000&logtag=0&nonce=8452&timestamp=1781145313&sign=e5838e91166b98f21e5f9b38c2f351cc
06-11 10:35:13.962 25958 27470 D TapHttp.RealDnsInterceptor: start use default local dns lookup dc-dragate-cn.heytapmobi.com
06-11 10:35:13.965 25958 27470 D TapHttp.RealDnsInterceptor: use default local dns lookup dc-dragate-cn.heytapmobi.com:IpInfo(host='dc-dragate-cn.heytapmobi.com', dnsType=0, ttl=0, carrier=, ip='', port=0, weight=0, dnUnitSet=, failCount=0, failTime=0, failMsg=, expire=1781145313965)
06-11 10:35:13.966 25958 27470 D TapHttp.WrapperInterceptor: result ip list is [IpInfo(host='dc-dragate-cn.heytapmobi.com', dnsType=0, ttl=0, carrier=, ip='', port=0, weight=0, dnUnitSet=, failCount=0, failTime=0, failMsg=, expire=1781145313965)]
06-11 10:35:13.966 25958 27470 D TapHttp.CallTrackHelper 136: dnsEnd https://dc-dragate-cn.heytapmobi.com/v1/stat/install?appid=21000&logtag=0&nonce=8452&timestamp=1781145313&sign=e5838e91166b98f21e5f9b38c2f351cc
06-11 10:35:13.966 25958 27470 D TapHttp.CallTrackHelper 136: connect_protocol =tcp_tcp connectTimeout=10000 retryCount=0  route=Route{dc-dragate-cn.heytapmobi.com/49.7.252.44:443}
06-11 10:35:13.966 25958 27470 D TapHttp.Event Dispatcher: connect start: 49.7.252.44
06-11 10:35:13.966 25958 27470 D TapHttp.CallTrackHelper 136: connectStart https://dc-dragate-cn.heytapmobi.com/v1/stat/install?appid=21000&logtag=0&nonce=8452&timestamp=1781145313&sign=e5838e91166b98f21e5f9b38c2f351cc
06-11 10:35:14.008 25958 27470 D TapHttp.CallTrackHelper 136: connectSocketEnd https://dc-dragate-cn.heytapmobi.com/v1/stat/install?appid=21000&logtag=0&nonce=8452&timestamp=1781145313&sign=e5838e91166b98f21e5f9b38c2f351cc
06-11 10:35:14.008 25958 27470 D TapHttp.CallTrackHelper 136: secureConnectStart https://dc-dragate-cn.heytapmobi.com/v1/stat/install?appid=21000&logtag=0&nonce=8452&timestamp=1781145313&sign=e5838e91166b98f21e5f9b38c2f351cc
06-11 10:35:14.036  1667 15952 I sensors-hal: handle_oplus_wise_rgb_event:230, wise_rgb:algo_type = 3
06-11 10:35:14.036  1667 15952 I sensors-hal: handle_oplus_wise_rgb_event:285, wise_rgb: raw_lux 526.985596, raw_cct 6396.256836, r/g/b/c: 41467.429688/36311.335938/20442.324219/91986.273438, R/G/B: 0.000000/0.000000/0.000000, brl 1529.000000, lux: 526.985596, cct: 6396.256836, ts 242711353031978, cnt 4217
06-11 10:35:14.052 25958 27470 I ConscryptEngineSocket: dc-dragate-cn.heytapmobi.com:443,tls_reused:true
06-11 10:35:14.053 25958 27470 D RealConnection:: Platform.getOplatform().getSelectedProtocol(sslSocket):h2
06-11 10:35:14.053 25958 27470 D RealConnection:: supportsTlsExtensions:true
06-11 10:35:14.053 25958 27470 D RealConnection:: maybeProtocol:h2
06-11 10:35:14.053 25958 27470 D RealConnection:: protocol:h2
06-11 10:35:14.053 25958 27470 D TapHttp.CallTrackHelper 136: secureConnectEnd https://dc-dragate-cn.heytapmobi.com/v1/stat/install?appid=21000&logtag=0&nonce=8452&timestamp=1781145313&sign=e5838e91166b98f21e5f9b38c2f351cc
06-11 10:35:14.054 25958 27470 D TapHttp.CallTrackHelper 136: connectEnd https://dc-dragate-cn.heytapmobi.com/v1/stat/install?appid=21000&logtag=0&nonce=8452&timestamp=1781145313&sign=e5838e91166b98f21e5f9b38c2f351cc
06-11 10:35:14.054 25958 27470 D TapHttp.Event Dispatcher: connect acquired 49.7.252.44
06-11 10:35:14.054 25958 27470 D TapHttp.CallTrackHelper 136: connectionAcquired https://dc-dragate-cn.heytapmobi.com/v1/stat/install?appid=21000&logtag=0&nonce=8452&timestamp=1781145313&sign=e5838e91166b98f21e5f9b38c2f351cc
06-11 10:35:14.054 25958 27470 D TapHttp.CallTrackHelper 136: request_protocol =tcp readTimeout=10000 writeTimeout=10000 retryCount=0  route=Route{dc-dragate-cn.heytapmobi.com/49.7.252.44:443}
06-11 10:35:14.054 25958 27470 I TapHttp.SpecialCallServerStub: request online : url:https://dc-dragate-cn.heytapmobi.com/v1/stat/install?appid=21000&logtag=0&nonce=8452&timestamp=1781145313&sign=e5838e91166b98f21e5f9b38c2f351cc,
06-11 10:35:14.054 25958 27470 I TapHttp.SpecialCallServerStub:  
06-11 10:35:14.055 25958 27470 I TapHttp.SpecialCallServerStub: request online:hostdc-dragate-cn.heytapmobi.com 
06-11 10:35:14.055 25958 27470 I TapHttp.SpecialCallServerStub:  headers Content-Encoding: gzip
06-11 10:35:14.055 25958 27470 I TapHttp.SpecialCallServerStub: Content-Type: text/json; charset=UTF-8
06-11 10:35:14.055 25958 27470 I TapHttp.SpecialCallServerStub: TAP-APP-CONF-VER: compass_dcs:463,dcc_124200:1612,dcc_fe_cursor_cn:29,dcc_20158:1,dcc_module_switch:7,dcc_2:8
06-11 10:35:14.055 25958 27470 I TapHttp.SpecialCallServerStub: Content-Length: 728
06-11 10:35:14.055 25958 27470 I TapHttp.SpecialCallServerStub: Host: dc-dragate-cn.heytapmobi.com
06-11 10:35:14.055 25958 27470 I TapHttp.SpecialCallServerStub: Connection: Keep-Alive
06-11 10:35:14.055 25958 27470 I TapHttp.SpecialCallServerStub: Accept-Encoding: gzip
06-11 10:35:14.055 25958 27470 I TapHttp.SpecialCallServerStub: User-Agent: okhttp/3.12.12.342
06-11 10:35:14.055 25958 27470 I TapHttp.SpecialCallServerStub: 
06-11 10:35:14.055 25958 27470 D TapHttp.CallTrackHelper 136: requestHeadersStart https://dc-dragate-cn.heytapmobi.com/v1/stat/install?appid=21000&logtag=0&nonce=8452&timestamp=1781145313&sign=e5838e91166b98f21e5f9b38c2f351cc
06-11 10:35:14.055 25958 27470 D TapHttp.CallTrackHelper 136: requestHeadersEnd https://dc-dragate-cn.heytapmobi.com/v1/stat/install?appid=21000&logtag=0&nonce=8452&timestamp=1781145313&sign=e5838e91166b98f21e5f9b38c2f351cc
06-11 10:35:14.055 25958 27470 D TapHttp.CallTrackHelper 136: requestBodyStart https://dc-dragate-cn.heytapmobi.com/v1/stat/install?appid=21000&logtag=0&nonce=8452&timestamp=1781145313&sign=e5838e91166b98f21e5f9b38c2f351cc
06-11 10:35:14.055 25958 27470 D TapHttp.CallTrackHelper 136: requestBodyEnd https://dc-dragate-cn.heytapmobi.com/v1/stat/install?appid=21000&logtag=0&nonce=8452&timestamp=1781145313&sign=e5838e91166b98f21e5f9b38c2f351cc
06-11 10:35:14.055 25958 27470 D TapHttp.CallTrackHelper 136: requestEnd https://dc-dragate-cn.heytapmobi.com/v1/stat/install?appid=21000&logtag=0&nonce=8452&timestamp=1781145313&sign=e5838e91166b98f21e5f9b38c2f351cc
06-11 10:35:14.055 25958 27470 D TapHttp.CallTrackHelper 136: responseHeadersStart https://dc-dragate-cn.heytapmobi.com/v1/stat/install?appid=21000&logtag=0&nonce=8452&timestamp=1781145313&sign=e5838e91166b98f21e5f9b38c2f351cc
06-11 10:35:14.107  3189  3806 E OplusInputDeviceUtil: api level < 36 or inputDevice is null, return false
06-11 10:35:14.107  3189  3806 D KEYLOG_KeyGestureControllerExtlmpl: interceptOldShortcuts, mIsShortCutMenuShow = false mPendingMetaActionForOld = false mLongPressHandled = false
06-11 10:35:14.107  3189  3806 D STKeyLog_StrategyPadKeyBoardShortcut: excuteShortCut, interactive = true
06-11 10:35:14.108  3189  3806 D OplusCustomizeRestrictionManagerService: isLongPressVolumeUpDisabled start
06-11 10:35:14.110  3189  3332 D PowerManagerService: userActivityNoUpdateLocked: groupId=0, eventTime=200807679, event=button, flags=0x0, uid=1000
06-11 10:35:14.117  9206  9206 I GlobalHandwriting: onUpdateEditorToolType = 0
06-11 10:35:14.128 30334 30334 I MinimalGlobe: Debug high tilt | ellAlt=10212.55 slope=0.200 tiles vis=41 cached=26 renderSurface=25 exact=25 parent=0 z=2-11 eq=1 qRender=41 qWalk=64 qFrustum=79 qHz=35 qEq2=0 FPS=59.3 draw=27
06-11 10:35:14.130  3189  3606 D KEYLOG_KeyCombinationManager: down false downTime 200807679 action 1 count 2 isDefaultDisplayInteractive true eventTime 200807852 mDownTimes: {25=200807679}
06-11 10:35:14.130  3189  3606 D KEYLOG_PhoneWindowManagerExtImpl: overrideInterceptKeyBeforeQueueing:KeyEvent { action=ACTION_UP, keyCode=KEYCODE_VOLUME_DOWN, scanCode=0, metaState=0, flags=0x0, repeatCount=0, eventTime=200807852000000, downTime=200807679000000, deviceId=-1, source=0x0, displayId=-1 },  keyguardOn = false,  screenOn = true,  policyFlags = 721420288,  SosPowerKeyEnabled = true,  WalletSwitchState = 1,  IsQuickLaunchSupport = true,  IsDoubleCheckAppSupport = false,  isQuickAppOn=false,  canceled = false
06-11 10:35:14.130  3189  3606 D KEYLOG_OplusKeyCombinationManager: down false keyCode 25 count 0 interactive true eventTime 200807852 mDownTimes: {25=200807679}
06-11 10:35:14.131  3189  3606 I OplusJoystickManager: read game pad state for game manager -> false
06-11 10:35:14.131  3189  3606 W OplusJoystickManager: mInterceptGamepadKey is false
06-11 10:35:14.131  3189  3606 D OplusCustomizeRestrictionManagerService: isLongPressVolumeUpDisabled start
06-11 10:35:14.131  3189  3606 I STKeyLog_StrategyDisableBottomKey: onBeforeQueueing : mIsUpGestureMode=false,mDisableBottomKeyMode0
06-11 10:35:14.131  3189  3606 D STKeyLog_StrategyBlackscreenshot: notifyKeyBeforeQueueing, downTime200807679, action=1, interactive=true
06-11 10:35:14.131  3189  3606 D KEYLOG_PhoneWindowManager: interceptKeyBeforeQueueing downTime=200807679 action = 1 interactive=true keyguardActive=false policyFlags=2b000000 isInjected=true isWakeKey=false isKeyGestureTriggered=false
06-11 10:35:14.132  3189  3806 E OplusInputDeviceUtil: api level < 36 or inputDevice is null, return false
06-11 10:35:14.132  3189  3332 D PowerManagerService: userActivityNoUpdateLocked: groupId=0, eventTime=200807852, event=button, flags=0x0, uid=1000
06-11 10:35:14.132  3189  3806 D STKeyLog_StrategyPadKeyBoardShortcut: excuteShortCut, interactive = true
06-11 10:35:14.132  3189  3806 D OplusCustomizeRestrictionManagerService: isLongPressVolumeUpDisabled start
06-11 10:35:14.134  3189  3332 D PowerManagerService: userActivityNoUpdateLocked: groupId=0, eventTime=200807852, event=button, flags=0x0, uid=1000
06-11 10:35:14.142 30334 30702 I AndroidBridge: androidHttpGet: env=0xb400007a087c8d40 gJniHttpHelperClass=0x30a6 gHttpGetMethod=0x1 url=https://webst01.is.autonavi.com/appmaptile?style=6&x=0&y=0&z=2
06-11 10:35:14.142 30334 30702 I JniHttpHelper: httpGet called: https://webst01.is.autonavi.com/appmaptile?style=6&x=0&y=0&z=2
06-11 10:35:14.143 30334 30706 I AndroidBridge: androidHttpGet: env=0xb400007a7da0fee0 gJniHttpHelperClass=0x30a6 gHttpGetMethod=0x1 url=https://webst04.is.autonavi.com/appmaptile?style=6&x=3&y=0&z=2
06-11 10:35:14.143 30334 30706 I JniHttpHelper: httpGet called: https://webst04.is.autonavi.com/appmaptile?style=6&x=3&y=0&z=2
06-11 10:35:14.143 30334 30715 I AndroidBridge: androidHttpGet: env=0xb400007a087c91a0 gJniHttpHelperClass=0x30a6 gHttpGetMethod=0x1 url=https://webst02.is.autonavi.com/appmaptile?style=6&x=12&y=5&z=4
06-11 10:35:14.144 30334 30720 I AndroidBridge: androidHttpGet: env=0xb400007a087c9520 gJniHttpHelperClass=0x30a6 gHttpGetMethod=0x1 url=https://webst02.is.autonavi.com/appmaptile?style=6&x=7&y=2&z=3
06-11 10:35:14.144 30334 30715 I JniHttpHelper: httpGet called: https://webst02.is.autonavi.com/appmaptile?style=6&x=12&y=5&z=4
06-11 10:35:14.144 30334 30720 I JniHttpHelper: httpGet called: https://webst02.is.autonavi.com/appmaptile?style=6&x=7&y=2&z=3
06-11 10:35:14.144 30334 30705 I AndroidBridge: androidHttpGet: env=0xb400007a087c98a0 gJniHttpHelperClass=0x30a6 gHttpGetMethod=0x1 url=https://webst03.is.autonavi.com/appmaptile?style=6&x=2&y=0&z=2
06-11 10:35:14.144 30334 30719 I AndroidBridge: androidHttpGet: env=0xb400007a7da128e0 gJniHttpHelperClass=0x30a6 gHttpGetMethod=0x1 url=https://webst03.is.autonavi.com/appmaptile?style=6&x=13&y=5&z=4
06-11 10:35:14.144 30334 30721 I AndroidBridge: androidHttpGet: env=0xb400007a7da130c0 gJniHttpHelperClass=0x30a6 gHttpGetMethod=0x1 url=https://webst04.is.autonavi.com/appmaptile?style=6&x=50&y=25&z=6
06-11 10:35:14.144 30334 30703 I AndroidBridge: androidHttpGet: env=0xb400007a087c9c20 gJniHttpHelperClass=0x30a6 gHttpGetMethod=0x1 url=https://webst02.is.autonavi.com/appmaptile?style=6&x=1&y=0&z=2
06-11 10:35:14.144 30334 30713 I AndroidBridge: androidHttpGet: env=0xb400007a087c9fa0 gJniHttpHelperClass=0x30a6 gHttpGetMethod=0x1 url=https://webst02.is.autonavi.com/appmaptile?style=6&x=13&y=4&z=4
06-11 10:35:14.144 30334 30704 I AndroidBridge: androidHttpGet: env=0xb400007a7da13600 gJniHttpHelperClass=0x30a6 gHttpGetMethod=0x1 url=https://webst03.is.autonavi.com/appmaptile?style=6&x=1&y=1&z=2
06-11 10:35:14.144 30334 30711 I AndroidBridge: androidHttpGet: env=0xb400007a7da13b40 gJniHttpHelperClass=0x30a6 gHttpGetMethod=0x1 url=https://webst04.is.autonavi.com/appmaptile?style=6&x=5&y=2&z=3
06-11 10:35:14.144 30334 30712 I AndroidBridge: androidHttpGet: env=0xb400007a7da13fa0 gJniHttpHelperClass=0x30a6 gHttpGetMethod=0x1 url=https://webst01.is.autonavi.com/appmaptile?style=6&x=12&y=4&z=4
06-11 10:35:14.159 30334 30706 I JniHttpHelper: httpGet OK: https://webst04.is.autonavi.com/appmaptile?style=6&x=3&y=0&z=2 -> 8184 bytes
06-11 10:35:14.159 30334 30705 I JniHttpHelper: httpGet called: https://webst03.is.autonavi.com/appmaptile?style=6&x=2&y=0&z=2
06-11 10:35:14.160 30334 30702 I JniHttpHelper: httpGet OK: https://webst01.is.autonavi.com/appmaptile?style=6&x=0&y=0&z=2 -> 7729 bytes
06-11 10:35:14.160 25958 27470 D TapHttp.CallTrackHelper 136: responseHeadersEnd https://dc-dragate-cn.heytapmobi.com/v1/stat/install?appid=21000&logtag=0&nonce=8452&timestamp=1781145313&sign=e5838e91166b98f21e5f9b38c2f351cc
06-11 10:35:14.160 25958 27470 D TapHttp.CallTrackHelper 136: responseBodyStart https://dc-dragate-cn.heytapmobi.com/v1/stat/install?appid=21000&logtag=0&nonce=8452&timestamp=1781145313&sign=e5838e91166b98f21e5f9b38c2f351cc
06-11 10:35:14.160 25958 27470 D TapHttp.CallTrackHelper 136: responseEnd https://dc-dragate-cn.heytapmobi.com/v1/stat/install?appid=21000&logtag=0&nonce=8452&timestamp=1781145313&sign=e5838e91166b98f21e5f9b38c2f351cc
06-11 10:35:14.160 25958 27470 I TapHttp.SpecialCallServerStub: response online : protocol: h2, code:200 ,url:https://dc-dragate-cn.heytapmobi.com/v1/stat/install?appid=21000&logtag=0&nonce=8452&timestamp=1781145313&sign=e5838e91166b98f21e5f9b38c2f351cc
06-11 10:35:14.160 25958 27470 I TapHttp.SpecialCallServerStub: response online: host:dc-dragate-cn.heytapmobi.com,headers:server: nginx
06-11 10:35:14.160 25958 27470 I TapHttp.SpecialCallServerStub: date: Thu, 11 Jun 2026 02:35:14 GMT
06-11 10:35:14.160 25958 27470 I TapHttp.SpecialCallServerStub: content-type: application/json;charset=UTF-8
06-11 10:35:14.160 25958 27470 I TapHttp.SpecialCallServerStub: content-length: 23
06-11 10:35:14.160 25958 27470 I TapHttp.SpecialCallServerStub: access-control-allow-credentials: true
06-11 10:35:14.160 25958 27470 I TapHttp.SpecialCallServerStub: access-control-allow-origin: *
06-11 10:35:14.160 25958 27470 I TapHttp.SpecialCallServerStub: access-control-allow-methods: GET, POST, OPTIONS
06-11 10:35:14.160 25958 27470 I TapHttp.SpecialCallServerStub: access-control-allow-headers: content-type, Origin, X-Requested-With
06-11 10:35:14.160 25958 27470 I TapHttp.SpecialCallServerStub: access-control-expose-headers: Content-Length
06-11 10:35:14.160 25958 27470 I TapHttp.SpecialCallServerStub: access-control-max-age: 86400
06-11 10:35:14.160 25958 27470 I TapHttp.SpecialCallServerStub: tap-app-conf-dim: compass_dcs:0,dcc_124200:0,dcc_fe_cursor_cn:0,dcc_20158:0,dcc_module_switch:0,dcc_2:0
06-11 10:35:14.160 25958 27470 I TapHttp.SpecialCallServerStub: x-backend-host: 0167:8081
06-11 10:35:14.160 25958 27470 I TapHttp.SpecialCallServerStub: x-gateway-host: 68c16cc413eeb696f8c86129b8fd26d25eb4523ceae6af616a99b7b71728704f7305b76bd04138e0c333119448529342
06-11 10:35:14.160 25958 27470 I TapHttp.SpecialCallServerStub: 
06-11 10:35:14.161 25958 27470 D TapHttp.CallTrackHelper 136: responseBodyEnd https://dc-dragate-cn.heytapmobi.com/v1/stat/install?appid=21000&logtag=0&nonce=8452&timestamp=1781145313&sign=e5838e91166b98f21e5f9b38c2f351cc
06-11 10:35:14.161 25958 27470 D TapHttp.CallTrackHelper 136: connectionReleased https://dc-dragate-cn.heytapmobi.com/v1/stat/install?appid=21000&logtag=0&nonce=8452&timestamp=1781145313&sign=e5838e91166b98f21e5f9b38c2f351cc
06-11 10:35:14.161 25958 27470 D TapHttp.CallTrackHelper 136: callEnd https://dc-dragate-cn.heytapmobi.com/v1/stat/install?appid=21000&logtag=0&nonce=8452&timestamp=1781145313&sign=e5838e91166b98f21e5f9b38c2f351cc
06-11 10:35:14.161 25958 27470 D TapHttp.CallTrackHelper 136: call_time : 201
06-11 10:35:14.161 25958 27470 D TapHttp.CallTrackHelper 136: callEnd https://dc-dragate-cn.heytapmobi.com/v1/stat/install?appid=21000&logtag=0&nonce=8452&timestamp=1781145313&sign=e5838e91166b98f21e5f9b38c2f351cc
06-11 10:35:14.161 25958 27470 V TapHttp.StatRateHelper: ignore record by sample ratio is 1
06-11 10:35:14.162 30334 30719 I JniHttpHelper: httpGet called: https://webst03.is.autonavi.com/appmaptile?style=6&x=13&y=5&z=4
06-11 10:35:14.163 30334 30706 I AndroidBridge: Decoded image 256x256 from 8184 bytes
06-11 10:35:14.164  3189  4338 D MediaSessionService: dispatchVolumeKeyEvent, pkg=com.earthengine.minimalglobe, opPkg=com.earthengine.minimalglobe, pid=30334, uid=10602, asSystem=true, event=KeyEvent { action=ACTION_UP, keyCode=KEYCODE_VOLUME_DOWN, scanCode=0, metaState=0, flags=0x0, repeatCount=0, eventTime=200807852000000, downTime=200807679000000, deviceId=-1, source=0x0, displayId=-1 }, stream=-2147483648, musicOnly=false
06-11 10:35:14.164  3189  4338 D MediaSessionService: Adjusting suggestedStream=-2147483648 by 0. flags=4116, preferSuggestedStream=false, session=null, musicOnly false
06-11 10:35:14.164 30334 30702 I AndroidBridge: Decoded image 256x256 from 7729 bytes
06-11 10:35:14.164  3189  3189 E MediaSessionService: sPid is 3189 sTid:3189
06-11 10:35:14.167  3189  3189 D AudioServiceExtImpl: ringVolumeDefault :0
06-11 10:35:14.168  3189  3189 V AudioServiceExtImpl: oplusGetParameters() keyValuePairs:OPLUS_AUDIO_GET_ADJUSTVOLUME_FORBID, uid: 1000
06-11 10:35:14.168  3189  3189 D AS.AudioService: sendVolumeUpdate streamType=3, index=800, flags=4112
06-11 10:35:14.168  3189  3189 D VolumeController: postVolumeChanged streamType=3, flags=4112
06-11 10:35:14.169  4329  5186 I SystemUi--Volume: vol.VolumeDialogControl-->shouldShowUI wakefulness:2 ,mDeviceInteractive:true ,mShowVolumeDialog:true
06-11 10:35:14.170 30334 30334 I BasemapLayer: Tile uploaded: 2/3/0 256x256
06-11 10:35:14.170  4329  5186 I SystemUi--Volume: vol.VolumeDialogControl-->onVolumeChangedW stream:3,flags:4112 ,showUI:false ,fromKey:true ,showVibrateHint:false ,showSilentHint:false ,changed:false
06-11 10:35:14.170  4329  5186 I SystemUi--Volume: vol.VolumeDialogControl-->shouldShowUI wakefulness:2 ,mDeviceInteractive:true ,mShowVolumeDialog:true
06-11 10:35:14.170 30334 30334 I BasemapLayer: Tile uploaded: 2/0/0 256x256
06-11 10:35:14.170  4329  4329 I SystemUi--Volume: OplusVolumeDialogImpl-->onVolumeKeyStateChange isMultiMediaSettingsEnable:false,screenState:2
06-11 10:35:14.171 30334 30705 I JniHttpHelper: httpGet OK: https://webst03.is.autonavi.com/appmaptile?style=6&x=2&y=0&z=2 -> 7067 bytes
06-11 10:35:14.171 30334 30721 I JniHttpHelper: httpGet called: https://webst04.is.autonavi.com/appmaptile?style=6&x=50&y=25&z=6
06-11 10:35:14.172 30334 30719 I JniHttpHelper: httpGet OK: https://webst03.is.autonavi.com/appmaptile?style=6&x=13&y=5&z=4 -> 7668 bytes
06-11 10:35:14.174 30334 30703 I JniHttpHelper: httpGet called: https://webst02.is.autonavi.com/appmaptile?style=6&x=1&y=0&z=2
06-11 10:35:14.174 30334 30705 I AndroidBridge: Decoded image 256x256 from 7067 bytes
06-11 10:35:14.176 30334 30719 I AndroidBridge: Decoded image 256x256 from 7668 bytes
06-11 10:35:14.177 30334 30728 I AndroidBridge: androidHttpGet: env=0xb400007a087c98a0 gJniHttpHelperClass=0x30a6 gHttpGetMethod=0x1 url=https://webst01.is.autonavi.com/appmaptile?style=6&x=51&y=25&z=6
06-11 10:35:14.177 30334 30732 I AndroidBridge: androidHttpGet: env=0xb400007a7da0fee0 gJniHttpHelperClass=0x30a6 gHttpGetMethod=0x1 url=https://webst04.is.autonavi.com/appmaptile?style=6&x=203&y=104&z=8
06-11 10:35:14.185 30334 30721 I JniHttpHelper: httpGet OK: https://webst04.is.autonavi.com/appmaptile?style=6&x=50&y=25&z=6 -> 10372 bytes
06-11 10:35:14.185 30334 30713 I JniHttpHelper: httpGet called: https://webst02.is.autonavi.com/appmaptile?style=6&x=13&y=4&z=4
06-11 10:35:14.187 30334 30334 I BasemapLayer: Tile uploaded: 2/2/0 256x256
06-11 10:35:14.187 30334 30334 I BasemapLayer: Tile uploaded: 4/13/5 256x256
06-11 10:35:14.189 30334 30721 I AndroidBridge: Decoded image 256x256 from 10372 bytes
06-11 10:35:14.193 30334 30715 I JniHttpHelper: httpGet OK: https://webst02.is.autonavi.com/appmaptile?style=6&x=12&y=5&z=4 -> 10847 bytes
06-11 10:35:14.193 30334 30704 I JniHttpHelper: httpGet called: https://webst03.is.autonavi.com/appmaptile?style=6&x=1&y=1&z=2
06-11 10:35:14.194 30334 30739 I AndroidBridge: androidHttpGet: env=0xb400007a7da121e0 gJniHttpHelperClass=0x30a6 gHttpGetMethod=0x1 url=https://webst02.is.autonavi.com/appmaptile?style=6&x=407&y=210&z=9
06-11 10:35:14.194 30334 30737 I AndroidBridge: androidHttpGet: env=0xb400007a087ca940 gJniHttpHelperClass=0x30a6 gHttpGetMethod=0x1 url=https://webst01.is.autonavi.com/appmaptile?style=6&x=406&y=210&z=9
06-11 10:35:14.196 30334 30715 I AndroidBridge: Decoded image 256x256 from 10847 bytes
06-11 10:35:14.203 30334 30334 I BasemapLayer: Tile uploaded: 6/50/25 256x256
06-11 10:35:14.204 30334 30704 I JniHttpHelper: httpGet OK: https://webst03.is.autonavi.com/appmaptile?style=6&x=1&y=1&z=2 -> 6871 bytes
06-11 10:35:14.204 30334 30334 I BasemapLayer: Tile uploaded: 4/12/5 256x256
06-11 10:35:14.204 30334 30711 I JniHttpHelper: httpGet called: https://webst04.is.autonavi.com/appmaptile?style=6&x=5&y=2&z=3
06-11 10:35:14.208 30334 30704 I AndroidBridge: Decoded image 256x256 from 6871 bytes
06-11 10:35:14.211 30334 30741 I AndroidBridge: androidHttpGet: env=0xb400007a7da12fe0 gJniHttpHelperClass=0x30a6 gHttpGetMethod=0x1 url=https://webst03.is.autonavi.com/appmaptile?style=6&x=407&y=211&z=9
06-11 10:35:14.211 30334 30742 I AndroidBridge: androidHttpGet: env=0xb400007a087ca780 gJniHttpHelperClass=0x30a6 gHttpGetMethod=0x1 url=https://webst03.is.autonavi.com/appmaptile?style=6&x=1629&y=849&z=11
06-11 10:35:14.218 30334 30703 I JniHttpHelper: httpGet OK: https://webst02.is.autonavi.com/appmaptile?style=6&x=1&y=0&z=2 -> 10279 bytes
06-11 10:35:14.218 30334 30712 I JniHttpHelper: httpGet called: https://webst01.is.autonavi.com/appmaptile?style=6&x=12&y=4&z=4
06-11 10:35:14.219 30334 30334 I BasemapLayer: Tile uploaded: 2/1/1 256x256
06-11 10:35:14.222 30334 30703 I AndroidBridge: Decoded image 256x256 from 10279 bytes
06-11 10:35:14.224 30334 30743 I AndroidBridge: androidHttpGet: env=0xb400007a087c5fc0 gJniHttpHelperClass=0x30a6 gHttpGetMethod=0x1 url=https://webst04.is.autonavi.com/appmaptile?style=6&x=1630&y=849&z=11
06-11 10:35:14.235  1667 15952 I sensors-hal: handle_oplus_wise_rgb_event:230, wise_rgb:algo_type = 3
06-11 10:35:14.235  1667 15952 I sensors-hal: handle_oplus_wise_rgb_event:285, wise_rgb: raw_lux 520.639893, raw_cct 6410.305664, r/g/b/c: 41513.855469/36379.339844/20565.972656/92097.882812, R/G/B: 0.000000/0.000000/0.000000, brl 1529.000000, lux: 520.639893, cct: 6410.305664, ts 242711552733957, cnt 4218
06-11 10:35:14.237 30334 30334 I BasemapLayer: Tile uploaded: 2/1/0 256x256
06-11 10:35:14.244 30334 30744 I AndroidBridge: androidHttpGet: env=0xb400007a7da13440 gJniHttpHelperClass=0x30a6 gHttpGetMethod=0x1 url=https://webst04.is.autonavi.com/appmaptile?style=6&x=1629&y=850&z=11
06-11 10:35:14.247 30334 30712 I JniHttpHelper: httpGet OK: https://webst01.is.autonavi.com/appmaptile?style=6&x=12&y=4&z=4 -> 11866 bytes
06-11 10:35:14.248 30334 30728 I JniHttpHelper: httpGet called: https://webst01.is.autonavi.com/appmaptile?style=6&x=51&y=25&z=6
06-11 10:35:14.248 30334 30711 I JniHttpHelper: httpGet OK: https://webst04.is.autonavi.com/appmaptile?style=6&x=5&y=2&z=3 -> 10751 bytes
06-11 10:35:14.248 30334 30732 I JniHttpHelper: httpGet called: https://webst04.is.autonavi.com/appmaptile?style=6&x=203&y=104&z=8
06-11 10:35:14.252 30334 30712 I AndroidBridge: Decoded image 256x256 from 11866 bytes
06-11 10:35:14.254 30334 30711 I AndroidBridge: Decoded image 256x256 from 10751 bytes
06-11 10:35:14.254 30334 30334 I BasemapLayer: Tile uploaded: 4/12/4 256x256
06-11 10:35:14.258 30334 30745 I AndroidBridge: androidHttpGet: env=0xb400007a7da13a60 gJniHttpHelperClass=0x30a6 gHttpGetMethod=0x1 url=https://webst01.is.autonavi.com/appmaptile?style=6&x=204&y=104&z=8
06-11 10:35:14.262 30334 30728 I JniHttpHelper: httpGet OK: https://webst01.is.autonavi.com/appmaptile?style=6&x=51&y=25&z=6 -> 9398 bytes
06-11 10:35:14.262 30334 30739 I JniHttpHelper: httpGet called: https://webst02.is.autonavi.com/appmaptile?style=6&x=407&y=210&z=9
06-11 10:35:14.263 30334 30713 I JniHttpHelper: httpGet OK: https://webst02.is.autonavi.com/appmaptile?style=6&x=13&y=4&z=4 -> 12173 bytes
06-11 10:35:14.263 30334 30737 I JniHttpHelper: httpGet called: https://webst01.is.autonavi.com/appmaptile?style=6&x=406&y=210&z=9
06-11 10:35:14.263 30334 30732 I JniHttpHelper: httpGet OK: https://webst04.is.autonavi.com/appmaptile?style=6&x=203&y=104&z=8 -> 27895 bytes
06-11 10:35:14.267 30334 30732 I AndroidBridge: Decoded image 256x256 from 27895 bytes
06-11 10:35:14.268 30334 30713 I AndroidBridge: Decoded image 256x256 from 12173 bytes
06-11 10:35:14.269 30334 30741 I JniHttpHelper: httpGet called: https://webst03.is.autonavi.com/appmaptile?style=6&x=407&y=211&z=9
06-11 10:35:14.271 30334 30728 I AndroidBridge: Decoded image 256x256 from 9398 bytes
06-11 10:35:14.271 30334 30334 I BasemapLayer: Tile uploaded: 3/5/2 256x256
06-11 10:35:14.272 30334 30334 I BasemapLayer: Tile uploaded: 8/203/104 256x256
06-11 10:35:14.274 30334 30739 I JniHttpHelper: httpGet OK: https://webst02.is.autonavi.com/appmaptile?style=6&x=407&y=210&z=9 -> 27612 bytes
06-11 10:35:14.274 30334 30742 I JniHttpHelper: httpGet called: https://webst03.is.autonavi.com/appmaptile?style=6&x=1629&y=849&z=11
06-11 10:35:14.278 30334 30739 I AndroidBridge: Decoded image 256x256 from 27612 bytes
06-11 10:35:14.279 30334 30750 I AndroidBridge: androidHttpGet: env=0xb400007a7da0fee0 gJniHttpHelperClass=0x30a6 gHttpGetMethod=0x1 url=https://webst02.is.autonavi.com/appmaptile?style=6&x=204&y=105&z=8
06-11 10:35:14.279 30334 30752 I AndroidBridge: androidHttpGet: env=0xb400007a087c91a0 gJniHttpHelperClass=0x30a6 gHttpGetMethod=0x1 url=https://webst03.is.autonavi.com/appmaptile?style=6&x=0&y=2&z=2
06-11 10:35:14.283 30334 30737 I JniHttpHelper: httpGet OK: https://webst01.is.autonavi.com/appmaptile?style=6&x=406&y=210&z=9 -> 31437 bytes
06-11 10:35:14.283 30334 30743 I JniHttpHelper: httpGet called: https://webst04.is.autonavi.com/appmaptile?style=6&x=1630&y=849&z=11
06-11 10:35:14.286 30334 30741 I JniHttpHelper: httpGet OK: https://webst03.is.autonavi.com/appmaptile?style=6&x=407&y=211&z=9 -> 30681 bytes
06-11 10:35:14.287 30334 30744 I JniHttpHelper: httpGet called: https://webst04.is.autonavi.com/appmaptile?style=6&x=1629&y=850&z=11
06-11 10:35:14.288 30334 30720 I JniHttpHelper: httpGet OK: https://webst02.is.autonavi.com/appmaptile?style=6&x=7&y=2&z=3 -> 8289 bytes
06-11 10:35:14.288 30334 30737 I AndroidBridge: Decoded image 256x256 from 31437 bytes
06-11 10:35:14.288 30334 30745 I JniHttpHelper: httpGet called: https://webst01.is.autonavi.com/appmaptile?style=6&x=204&y=104&z=8
06-11 10:35:14.292 30334 30741 I AndroidBridge: Decoded image 256x256 from 30681 bytes
06-11 10:35:14.292 30334 30720 I AndroidBridge: Decoded image 256x256 from 8289 bytes
06-11 10:35:14.294 30334 30743 I JniHttpHelper: httpGet OK: https://webst04.is.autonavi.com/appmaptile?style=6&x=1630&y=849&z=11 -> 31229 bytes
06-11 10:35:14.294 30334 30750 I JniHttpHelper: httpGet called: https://webst02.is.autonavi.com/appmaptile?style=6&x=204&y=105&z=8
06-11 10:35:14.298 30334 30743 I AndroidBridge: Decoded image 256x256 from 31229 bytes
06-11 10:35:14.303 30334 30334 I BasemapLayer: Tile uploaded: 4/13/4 256x256
06-11 10:35:14.304 30334 30334 I BasemapLayer: Tile uploaded: 6/51/25 256x256
06-11 10:35:14.309 30334 30745 I JniHttpHelper: httpGet OK: https://webst01.is.autonavi.com/appmaptile?style=6&x=204&y=104&z=8 -> 28288 bytes
06-11 10:35:14.309 30334 30752 I JniHttpHelper: httpGet called: https://webst03.is.autonavi.com/appmaptile?style=6&x=0&y=2&z=2
06-11 10:35:14.310 30334 30750 I JniHttpHelper: httpGet OK: https://webst02.is.autonavi.com/appmaptile?style=6&x=204&y=105&z=8 -> 28947 bytes
06-11 10:35:14.311 30334 30757 I AndroidBridge: androidHttpGet: env=0xb400007a087c5fc0 gJniHttpHelperClass=0x30a6 gHttpGetMethod=0x1 url=https://webst04.is.autonavi.com/appmaptile?style=6&x=1&y=2&z=2
06-11 10:35:14.311 30334 30757 I JniHttpHelper: httpGet called: https://webst04.is.autonavi.com/appmaptile?style=6&x=1&y=2&z=2
06-11 10:35:14.312 30334 30758 I AndroidBridge: androidHttpGet: env=0xb400007a087caa20 gJniHttpHelperClass=0x30a6 gHttpGetMethod=0x1 url=https://webst02.is.autonavi.com/appmaptile?style=6&x=2&y=3&z=2
06-11 10:35:14.313 30334 30745 I AndroidBridge: Decoded image 256x256 from 28288 bytes
06-11 10:35:14.315 30334 30750 I AndroidBridge: Decoded image 256x256 from 28947 bytes
06-11 10:35:14.320 30334 30334 I BasemapLayer: Tile uploaded: 9/407/210 256x256
06-11 10:35:14.320 30334 30334 I BasemapLayer: Tile uploaded: 9/406/210 256x256
06-11 10:35:14.324 30334 30752 I JniHttpHelper: httpGet OK: https://webst03.is.autonavi.com/appmaptile?style=6&x=0&y=2&z=2 -> 1679 bytes
06-11 10:35:14.324 30334 30758 I JniHttpHelper: httpGet called: https://webst02.is.autonavi.com/appmaptile?style=6&x=2&y=3&z=2
06-11 10:35:14.327 30334 30759 I AndroidBridge: androidHttpGet: env=0xb400007a7da0fee0 gJniHttpHelperClass=0x30a6 gHttpGetMethod=0x1 url=https://webst03.is.autonavi.com/appmaptile?style=6&x=3&y=3&z=2
06-11 10:35:14.327 30334 30760 I AndroidBridge: androidHttpGet: env=0xb400007a7da12fe0 gJniHttpHelperClass=0x30a6 gHttpGetMethod=0x1 url=https://webst01.is.autonavi.com/appmaptile?style=6&x=4&y=0&z=3
06-11 10:35:14.327 30334 30752 I AndroidBridge: Decoded image 256x256 from 1679 bytes
06-11 10:35:14.337 30334 30334 I BasemapLayer: Tile uploaded: 9/407/211 256x256
06-11 10:35:14.337 30334 30334 I BasemapLayer: Tile uploaded: 3/7/2 256x256
06-11 10:35:14.338 30334 30758 I JniHttpHelper: httpGet OK: https://webst02.is.autonavi.com/appmaptile?style=6&x=2&y=3&z=2 -> 2982 bytes
06-11 10:35:14.338 30334 30744 I JniHttpHelper: httpGet OK: https://webst04.is.autonavi.com/appmaptile?style=6&x=1629&y=850&z=11 -> 29341 bytes
06-11 10:35:14.338 30334 30759 I JniHttpHelper: httpGet called: https://webst03.is.autonavi.com/appmaptile?style=6&x=3&y=3&z=2
06-11 10:35:14.339 30334 30760 I JniHttpHelper: httpGet called: https://webst01.is.autonavi.com/appmaptile?style=6&x=4&y=0&z=3
06-11 10:35:14.341  1800  1924 D BatteryChargeControl: bcc get no support from charging protocol
06-11 10:35:14.342 30334 30758 I AndroidBridge: Decoded image 256x256 from 2982 bytes
06-11 10:35:14.342 30334 30744 I AndroidBridge: Decoded image 256x256 from 29341 bytes
06-11 10:35:14.344 30334 30762 I AndroidBridge: androidHttpGet: env=0xb400007a087caa20 gJniHttpHelperClass=0x30a6 gHttpGetMethod=0x1 url=https://webst02.is.autonavi.com/appmaptile?style=6&x=5&y=0&z=3
06-11 10:35:14.344 30334 30763 I AndroidBridge: androidHttpGet: env=0xb400007a7da128e0 gJniHttpHelperClass=0x30a6 gHttpGetMethod=0x1 url=https://webst02.is.autonavi.com/appmaptile?style=6&x=4&y=1&z=3
06-11 10:35:14.350 30334 30759 I JniHttpHelper: httpGet OK: https://webst03.is.autonavi.com/appmaptile?style=6&x=3&y=3&z=2 -> 3789 bytes
06-11 10:35:14.350 30334 30762 I JniHttpHelper: httpGet called: https://webst02.is.autonavi.com/appmaptile?style=6&x=5&y=0&z=3
06-11 10:35:14.351 30334 30760 I JniHttpHelper: httpGet OK: https://webst01.is.autonavi.com/appmaptile?style=6&x=4&y=0&z=3 -> 3655 bytes
06-11 10:35:14.351 30334 30763 I JniHttpHelper: httpGet called: https://webst02.is.autonavi.com/appmaptile?style=6&x=4&y=1&z=3
06-11 10:35:14.353 30334 30334 I BasemapLayer: Tile uploaded: 11/1630/849 256x256
06-11 10:35:14.354 30334 30334 I BasemapLayer: Tile uploaded: 8/204/104 256x256
06-11 10:35:14.354 30334 30759 I AndroidBridge: Decoded image 256x256 from 3789 bytes
06-11 10:35:14.355 30334 30760 I AndroidBridge: Decoded image 256x256 from 3655 bytes
06-11 10:35:14.357 30334 30757 I JniHttpHelper: httpGet OK: https://webst04.is.autonavi.com/appmaptile?style=6&x=1&y=2&z=2 -> 4747 bytes
06-11 10:35:14.360 30334 30757 I AndroidBridge: Decoded image 256x256 from 4747 bytes
06-11 10:35:14.360 30334 30762 I JniHttpHelper: httpGet OK: https://webst02.is.autonavi.com/appmaptile?style=6&x=5&y=0&z=3 -> 4269 bytes
06-11 10:35:14.360 30334 30765 I AndroidBridge: androidHttpGet: env=0xb400007a7da0fee0 gJniHttpHelperClass=0x30a6 gHttpGetMethod=0x1 url=https://webst03.is.autonavi.com/appmaptile?style=6&x=5&y=1&z=3
06-11 10:35:14.360 30334 30768 I AndroidBridge: androidHttpGet: env=0xb400007a087c5fc0 gJniHttpHelperClass=0x30a6 gHttpGetMethod=0x1 url=https://webst03.is.autonavi.com/appmaptile?style=6&x=6&y=0&z=3
06-11 10:35:14.361 30334 30765 I JniHttpHelper: httpGet called: https://webst03.is.autonavi.com/appmaptile?style=6&x=5&y=1&z=3
06-11 10:35:14.361 30334 30768 I JniHttpHelper: httpGet called: https://webst03.is.autonavi.com/appmaptile?style=6&x=6&y=0&z=3
06-11 10:35:14.363 30334 30762 I AndroidBridge: Decoded image 256x256 from 4269 bytes
06-11 10:35:14.369 30334 30763 I JniHttpHelper: httpGet OK: https://webst02.is.autonavi.com/appmaptile?style=6&x=4&y=1&z=3 -> 6191 bytes
06-11 10:35:14.370 30334 30765 I JniHttpHelper: httpGet OK: https://webst03.is.autonavi.com/appmaptile?style=6&x=5&y=1&z=3 -> 10258 bytes
06-11 10:35:14.370 30334 30334 I BasemapLayer: Tile uploaded: 8/204/105 256x256
06-11 10:35:14.370 30334 30334 I BasemapLayer: Tile uploaded: 2/0/2 256x256
06-11 10:35:14.373 30334 30763 I AndroidBridge: Decoded image 256x256 from 6191 bytes
06-11 10:35:14.374 30334 30765 I AndroidBridge: Decoded image 256x256 from 10258 bytes
06-11 10:35:14.378 30334 30769 I AndroidBridge: androidHttpGet: env=0xb400007a7da0fee0 gJniHttpHelperClass=0x30a6 gHttpGetMethod=0x1 url=https://webst04.is.autonavi.com/appmaptile?style=6&x=7&y=0&z=3
06-11 10:35:14.378 30334 30770 I AndroidBridge: androidHttpGet: env=0xb400007a7da12560 gJniHttpHelperClass=0x30a6 gHttpGetMethod=0x1 url=https://webst04.is.autonavi.com/appmaptile?style=6&x=6&y=1&z=3
06-11 10:35:14.378 30334 30769 I JniHttpHelper: httpGet called: https://webst04.is.autonavi.com/appmaptile?style=6&x=7&y=0&z=3
06-11 10:35:14.378 30334 30770 I JniHttpHelper: httpGet called: https://webst04.is.autonavi.com/appmaptile?style=6&x=6&y=1&z=3
06-11 10:35:14.380 30334 30742 I JniHttpHelper: httpGet OK: https://webst03.is.autonavi.com/appmaptile?style=6&x=1629&y=849&z=11 -> 33068 bytes
06-11 10:35:14.385 30334 30742 I AndroidBridge: Decoded image 256x256 from 33068 bytes
06-11 10:35:14.390 30334 30770 I JniHttpHelper: httpGet OK: https://webst04.is.autonavi.com/appmaptile?style=6&x=6&y=1&z=3 -> 12033 bytes
06-11 10:35:14.393 30334 30770 I AndroidBridge: Decoded image 256x256 from 12033 bytes
06-11 10:35:14.403 30334 30768 I JniHttpHelper: httpGet OK: https://webst03.is.autonavi.com/appmaptile?style=6&x=6&y=0&z=3 -> 2774 bytes
06-11 10:35:14.404 30334 30334 I BasemapLayer: Tile uploaded: 2/2/3 256x256
06-11 10:35:14.404 30334 30334 I BasemapLayer: Tile uploaded: 11/1629/850 256x256
06-11 10:35:14.408 30334 30768 I AndroidBridge: Decoded image 256x256 from 2774 bytes
06-11 10:35:14.411 30334 30772 I AndroidBridge: androidHttpGet: env=0xb400007a087c5fc0 gJniHttpHelperClass=0x30a6 gHttpGetMethod=0x1 url=https://webst01.is.autonavi.com/appmaptile?style=6&x=7&y=1&z=3
06-11 10:35:14.411 30334 30773 I AndroidBridge: androidHttpGet: env=0xb400007a087ca780 gJniHttpHelperClass=0x30a6 gHttpGetMethod=0x1 url=https://webst03.is.autonavi.com/appmaptile?style=6&x=100&y=50&z=7
06-11 10:35:14.411 30334 30772 I JniHttpHelper: httpGet called: https://webst01.is.autonavi.com/appmaptile?style=6&x=7&y=1&z=3
06-11 10:35:14.411 30334 30773 I JniHttpHelper: httpGet called: https://webst03.is.autonavi.com/appmaptile?style=6&x=100&y=50&z=7
06-11 10:35:14.426 30334 30769 I JniHttpHelper: httpGet OK: https://webst04.is.autonavi.com/appmaptile?style=6&x=7&y=0&z=3 -> 2067 bytes
06-11 10:35:14.426 30334 30773 I JniHttpHelper: httpGet OK: https://webst03.is.autonavi.com/appmaptile?style=6&x=100&y=50&z=7 -> 15259 bytes
06-11 10:35:14.434 30334 30773 I AndroidBridge: Decoded image 256x256 from 15259 bytes
06-11 10:35:14.434 30334 30769 I AndroidBridge: Decoded image 256x256 from 2067 bytes
06-11 10:35:14.435  1667 15952 I sensors-hal: handle_oplus_wise_rgb_event:230, wise_rgb:algo_type = 3
06-11 10:35:14.435  1667 15952 I sensors-hal: get_brightness:1652, light_iface: get_brightness, brl 1529, pwm_turbo_on 0/0, hbm_dc 0
06-11 10:35:14.435  1667 15952 I sensors-hal: handle_oplus_wise_rgb_event:285, wise_rgb: raw_lux 514.525024, raw_cct 6416.941406, r/g/b/c: 41437.007812/36468.925781/20605.613281/91914.031250, R/G/B: 0.000000/0.000000/0.000000, brl 1529.000000, lux: 514.525024, cct: 6416.941406, ts 242711752457290, cnt 4219
06-11 10:35:14.437 30334 30334 I BasemapLayer: Tile uploaded: 2/3/3 256x256
06-11 10:35:14.438 30334 30334 I BasemapLayer: Tile uploaded: 3/4/0 256x256
06-11 10:35:14.444 30334 30777 I AndroidBridge: androidHttpGet: env=0xb400007a7da0fee0 gJniHttpHelperClass=0x30a6 gHttpGetMethod=0x1 url=https://webst04.is.autonavi.com/appmaptile?style=6&x=101&y=50&z=7
06-11 10:35:14.444 30334 30778 I AndroidBridge: androidHttpGet: env=0xb400007a087cbd60 gJniHttpHelperClass=0x30a6 gHttpGetMethod=0x1 url=https://webst04.is.autonavi.com/appmaptile?style=6&x=100&y=51&z=7
06-11 10:35:14.444 30334 30778 I JniHttpHelper: httpGet called: https://webst04.is.autonavi.com/appmaptile?style=6&x=100&y=51&z=7
06-11 10:35:14.444 30334 30777 I JniHttpHelper: httpGet called: https://webst04.is.autonavi.com/appmaptile?style=6&x=101&y=50&z=7
06-11 10:35:14.453 30334 30334 I BasemapLayer: Tile uploaded: 2/1/2 256x256
06-11 10:35:14.453 30334 30334 I BasemapLayer: Tile uploaded: 3/5/0 256x256
06-11 10:35:14.455 30334 30777 I JniHttpHelper: httpGet OK: https://webst04.is.autonavi.com/appmaptile?style=6&x=101&y=50&z=7 -> 14014 bytes
06-11 10:35:14.456 30334 30778 I JniHttpHelper: httpGet OK: https://webst04.is.autonavi.com/appmaptile?style=6&x=100&y=51&z=7 -> 16015 bytes
06-11 10:35:14.459 30334 30777 I AndroidBridge: Decoded image 256x256 from 14014 bytes
06-11 10:35:14.460 30334 30778 I AndroidBridge: Decoded image 256x256 from 16015 bytes
06-11 10:35:14.461 30334 30779 I AndroidBridge: androidHttpGet: env=0xb400007a7da0fee0 gJniHttpHelperClass=0x30a6 gHttpGetMethod=0x1 url=https://webst01.is.autonavi.com/appmaptile?style=6&x=101&y=51&z=7
06-11 10:35:14.461 30334 30780 I AndroidBridge: androidHttpGet: env=0xb400007a087cbd60 gJniHttpHelperClass=0x30a6 gHttpGetMethod=0x1 url=https://webst01.is.autonavi.com/appmaptile?style=6&x=102&y=50&z=7
06-11 10:35:14.461 30334 30779 I JniHttpHelper: httpGet called: https://webst01.is.autonavi.com/appmaptile?style=6&x=101&y=51&z=7
06-11 10:35:14.461 30334 30780 I JniHttpHelper: httpGet called: https://webst01.is.autonavi.com/appmaptile?style=6&x=102&y=50&z=7
06-11 10:35:14.470 30334 30334 I BasemapLayer: Tile uploaded: 3/4/1 256x256
06-11 10:35:14.470 30334 30334 I BasemapLayer: Tile uploaded: 3/5/1 256x256
06-11 10:35:14.478 30334 30781 I AndroidBridge: androidHttpGet: env=0xb400007a7da12f00 gJniHttpHelperClass=0x30a6 gHttpGetMethod=0x1 url=https://webst02.is.autonavi.com/appmaptile?style=6&x=103&y=50&z=7
06-11 10:35:14.478 30334 30783 I AndroidBridge: androidHttpGet: env=0xb4000079791ed460 gJniHttpHelperClass=0x30a6 gHttpGetMethod=0x1 url=https://webst02.is.autonavi.com/appmaptile?style=6&x=102&y=51&z=7
06-11 10:35:14.478 30334 30781 I JniHttpHelper: httpGet called: https://webst02.is.autonavi.com/appmaptile?style=6&x=103&y=50&z=7
06-11 10:35:14.483 30334 30772 I JniHttpHelper: httpGet OK: https://webst01.is.autonavi.com/appmaptile?style=6&x=7&y=1&z=3 -> 12139 bytes
06-11 10:35:14.483 30334 30783 I JniHttpHelper: httpGet called: https://webst02.is.autonavi.com/appmaptile?style=6&x=102&y=51&z=7
06-11 10:35:14.487 30334 30772 I AndroidBridge: Decoded image 256x256 from 12139 bytes
06-11 10:35:14.505 30334 30334 I BasemapLayer: Tile uploaded: 11/1629/849 256x256
06-11 10:35:14.505 30334 30334 I BasemapLayer: Tile uploaded: 3/6/1 256x256
06-11 10:35:14.513 30334 30784 I AndroidBridge: androidHttpGet: env=0xb400007a087c5fc0 gJniHttpHelperClass=0x30a6 gHttpGetMethod=0x1 url=https://webst03.is.autonavi.com/appmaptile?style=6&x=103&y=51&z=7
06-11 10:35:14.513 30334 30785 I AndroidBridge: androidHttpGet: env=0xb400007a7da13fa0 gJniHttpHelperClass=0x30a6 gHttpGetMethod=0x1 url=https://webst01.is.autonavi.com/appmaptile?style=6&x=814&y=422&z=10
06-11 10:35:14.534 30334 30779 I JniHttpHelper: httpGet OK: https://webst01.is.autonavi.com/appmaptile?style=6&x=101&y=51&z=7 -> 15101 bytes
06-11 10:35:14.534 30334 30784 I JniHttpHelper: httpGet called: https://webst03.is.autonavi.com/appmaptile?style=6&x=103&y=51&z=7
06-11 10:35:14.535 30334 30780 I JniHttpHelper: httpGet OK: https://webst01.is.autonavi.com/appmaptile?style=6&x=102&y=50&z=7 -> 12933 bytes
06-11 10:35:14.536 30334 30785 I JniHttpHelper: httpGet called: https://webst01.is.autonavi.com/appmaptile?style=6&x=814&y=422&z=10
06-11 10:35:14.537 30334 30781 I JniHttpHelper: httpGet OK: https://webst02.is.autonavi.com/appmaptile?style=6&x=103&y=50&z=7 -> 13542 bytes
06-11 10:35:14.538 30334 30334 I BasemapLayer: Tile uploaded: 3/6/0 256x256
06-11 10:35:14.538 30334 30334 I BasemapLayer: Tile uploaded: 7/100/50 256x256
06-11 10:35:14.539 30334 30779 I AndroidBridge: Decoded image 256x256 from 15101 bytes
06-11 10:35:14.539 30334 30780 I AndroidBridge: Decoded image 256x256 from 12933 bytes
06-11 10:35:14.541 30334 30781 I AndroidBridge: Decoded image 256x256 from 13542 bytes
06-11 10:35:14.542 30334 30783 I JniHttpHelper: httpGet OK: https://webst02.is.autonavi.com/appmaptile?style=6&x=102&y=51&z=7 -> 13632 bytes
06-11 10:35:14.545 30334 30786 I AndroidBridge: androidHttpGet: env=0xb400007a7da0fee0 gJniHttpHelperClass=0x30a6 gHttpGetMethod=0x1 url=https://webst02.is.autonavi.com/appmaptile?style=6&x=815&y=422&z=10
06-11 10:35:14.545 30334 30787 I AndroidBridge: androidHttpGet: env=0xb400007a087c9de0 gJniHttpHelperClass=0x30a6 gHttpGetMethod=0x1 url=https://webst02.is.autonavi.com/appmaptile?style=6&x=814&y=423&z=10
06-11 10:35:14.545 30334 30786 I JniHttpHelper: httpGet called: https://webst02.is.autonavi.com/appmaptile?style=6&x=815&y=422&z=10
06-11 10:35:14.545 30334 30787 I JniHttpHelper: httpGet called: https://webst02.is.autonavi.com/appmaptile?style=6&x=814&y=423&z=10
06-11 10:35:14.546 30334 30783 I AndroidBridge: Decoded image 256x256 from 13632 bytes
06-11 10:35:14.550 30334 30784 I JniHttpHelper: httpGet OK: https://webst03.is.autonavi.com/appmaptile?style=6&x=103&y=51&z=7 -> 13041 bytes
06-11 10:35:14.554 30334 30784 I AndroidBridge: Decoded image 256x256 from 13041 bytes
06-11 10:35:14.560 30334 30786 I JniHttpHelper: httpGet OK: https://webst02.is.autonavi.com/appmaptile?style=6&x=815&y=422&z=10 -> 26987 bytes
06-11 10:35:14.561 30334 30785 I JniHttpHelper: httpGet OK: https://webst01.is.autonavi.com/appmaptile?style=6&x=814&y=422&z=10 -> 30238 bytes
06-11 10:35:14.566 30334 30786 I AndroidBridge: Decoded image 256x256 from 26987 bytes
06-11 10:35:14.567 30334 30787 I JniHttpHelper: httpGet OK: https://webst02.is.autonavi.com/appmaptile?style=6&x=814&y=423&z=10 -> 34269 bytes
06-11 10:35:14.567 30334 30785 I AndroidBridge: Decoded image 256x256 from 30238 bytes
06-11 10:35:14.572 30334 30334 I BasemapLayer: Tile uploaded: 3/7/0 256x256
06-11 10:35:14.572 30334 30787 I AndroidBridge: Decoded image 256x256 from 34269 bytes
06-11 10:35:14.572 30334 30334 I BasemapLayer: Tile uploaded: 7/101/50 256x256
06-11 10:35:14.579 30334 30788 I AndroidBridge: androidHttpGet: env=0xb400007a087c5fc0 gJniHttpHelperClass=0x30a6 gHttpGetMethod=0x1 url=https://webst03.is.autonavi.com/appmaptile?style=6&x=815&y=423&z=10
06-11 10:35:14.579 30334 30788 I JniHttpHelper: httpGet called: https://webst03.is.autonavi.com/appmaptile?style=6&x=815&y=423&z=10
06-11 10:35:14.592 30334 30788 I JniHttpHelper: httpGet OK: https://webst03.is.autonavi.com/appmaptile?style=6&x=815&y=423&z=10 -> 32690 bytes
06-11 10:35:14.601 30334 30788 I AndroidBridge: Decoded image 256x256 from 32690 bytes
06-11 10:35:14.604 30334 30334 I BasemapLayer: Tile uploaded: 7/100/51 256x256
06-11 10:35:14.605 30334 30334 I BasemapLayer: Tile uploaded: 3/7/1 256x256
06-11 10:35:14.636  1667 15952 I sensors-hal: handle_oplus_wise_rgb_event:230, wise_rgb:algo_type = 3
06-11 10:35:14.636  1667 15952 I sensors-hal: handle_oplus_wise_rgb_event:285, wise_rgb: raw_lux 527.546997, raw_cct 6378.065430, r/g/b/c: 41229.710938/36569.812500/20404.568359/92042.789062, R/G/B: 0.000000/0.000000/0.000000, brl 1529.000000, lux: 527.546997, cct: 6378.065430, ts 242711952197915, cnt 4220
06-11 10:35:14.639 30334 30334 I BasemapLayer: Tile uploaded: 7/101/51 256x256
06-11 10:35:14.639 30334 30334 I BasemapLayer: Tile uploaded: 7/102/50 256x256
06-11 10:35:14.672 30334 30334 I BasemapLayer: Tile uploaded: 7/103/50 256x256
06-11 10:35:14.672 30334 30334 I BasemapLayer: Tile uploaded: 7/102/51 256x256
06-11 10:35:14.705 30334 30334 I BasemapLayer: Tile uploaded: 7/103/51 256x256
06-11 10:35:14.706 30334 30334 I BasemapLayer: Tile uploaded: 10/815/422 256x256
06-11 10:35:14.739 30334 30334 I BasemapLayer: Tile uploaded: 10/814/422 256x256
06-11 10:35:14.739 30334 30334 I BasemapLayer: Tile uploaded: 10/814/423 256x256
06-11 10:35:14.755 30334 30461 E JniHttpHelper: HTTP GET failed: http://192.168.1.6:8091/11/1629/688.terrain
06-11 10:35:14.755 30334 30461 E JniHttpHelper: java.net.ConnectException: Failed to connect to /192.168.1.6:8091
06-11 10:35:14.755 30334 30461 E JniHttpHelper: 	at com.android.okhttp.internal.io.RealConnection.connectSocket(RealConnection.java:147)
06-11 10:35:14.755 30334 30461 E JniHttpHelper: 	at com.android.okhttp.internal.io.RealConnection.connect(RealConnection.java:116)
06-11 10:35:14.755 30334 30461 E JniHttpHelper: 	at com.android.okhttp.internal.http.StreamAllocation.findConnection(StreamAllocation.java:186)
06-11 10:35:14.755 30334 30461 E JniHttpHelper: 	at com.android.okhttp.internal.http.StreamAllocation.findHealthyConnection(StreamAllocation.java:128)
06-11 10:35:14.755 30334 30461 E JniHttpHelper: 	at com.android.okhttp.internal.http.StreamAllocation.newStream(StreamAllocation.java:97)
06-11 10:35:14.755 30334 30461 E JniHttpHelper: 	at com.android.okhttp.internal.http.HttpEngine.connect(HttpEngine.java:289)
06-11 10:35:14.755 30334 30461 E JniHttpHelper: 	at com.android.okhttp.internal.http.HttpEngine.sendRequest(HttpEngine.java:232)
06-11 10:35:14.755 30334 30461 E JniHttpHelper: 	at com.android.okhttp.internal.huc.HttpURLConnectionImpl.execute(HttpURLConnectionImpl.java:465)
06-11 10:35:14.755 30334 30461 E JniHttpHelper: 	at com.android.okhttp.internal.huc.HttpURLConnectionImpl.connect(HttpURLConnectionImpl.java:131)
06-11 10:35:14.755 30334 30461 E JniHttpHelper: 	at com.earthengine.minimalglobe.JniHttpHelper.httpGet(JniHttpHelper.java:52)
06-11 10:35:14.755 30334 30461 I QMTerrain: httpGet bridge: 0 bytes
06-11 10:35:14.755 30334 30461 I QMTerrain: requestTile: z=11 x=1629 y=1359 body=0 canceled=0
06-11 10:35:14.755 30334 30461 I QMTerrain: httpGet ENTER: http://192.168.1.6:8091/11/1630/685.terrain
06-11 10:35:14.755 30334 30461 I AndroidBridge: androidHttpGet: env=0xb400007a087522a0 gJniHttpHelperClass=0x30a6 gHttpGetMethod=0x1 url=http://192.168.1.6:8091/11/1630/685.terrain
06-11 10:35:14.755 30334 30457 E JniHttpHelper: HTTP GET failed: http://192.168.1.6:8091/11/1629/687.terrain
06-11 10:35:14.755 30334 30457 E JniHttpHelper: java.net.ConnectException: Failed to connect to /192.168.1.6:8091
06-11 10:35:14.755 30334 30457 E JniHttpHelper: 	at com.android.okhttp.internal.io.RealConnection.connectSocket(RealConnection.java:147)
06-11 10:35:14.755 30334 30457 E JniHttpHelper: 	at com.android.okhttp.internal.io.RealConnection.connect(RealConnection.java:116)
06-11 10:35:14.755 30334 30457 E JniHttpHelper: 	at com.android.okhttp.internal.http.StreamAllocation.findConnection(StreamAllocation.java:186)
06-11 10:35:14.755 30334 30457 E JniHttpHelper: 	at com.android.okhttp.internal.http.StreamAllocation.findHealthyConnection(StreamAllocation.java:128)
06-11 10:35:14.755 30334 30457 E JniHttpHelper: 	at com.android.okhttp.internal.http.StreamAllocation.newStream(StreamAllocation.java:97)
06-11 10:35:14.755 30334 30457 E JniHttpHelper: 	at com.android.okhttp.internal.http.HttpEngine.connect(HttpEngine.java:289)
06-11 10:35:14.755 30334 30457 E JniHttpHelper: 	at com.android.okhttp.internal.http.HttpEngine.sendRequest(HttpEngine.java:232)
06-11 10:35:14.755 30334 30457 E JniHttpHelper: 	at com.android.okhttp.internal.huc.HttpURLConnectionImpl.execute(HttpURLConnectionImpl.java:465)
06-11 10:35:14.755 30334 30457 E JniHttpHelper: 	at com.android.okhttp.internal.huc.HttpURLConnectionImpl.connect(HttpURLConnectionImpl.java:131)
06-11 10:35:14.755 30334 30457 E JniHttpHelper: 	at com.earthengine.minimalglobe.JniHttpHelper.httpGet(JniHttpHelper.java:52)
06-11 10:35:14.755 30334 30461 I JniHttpHelper: httpGet called: http://192.168.1.6:8091/11/1630/685.terrain
06-11 10:35:14.756 30334 30462 E JniHttpHelper: HTTP GET failed: http://192.168.1.6:8091/11/1629/686.terrain
06-11 10:35:14.756 30334 30462 E JniHttpHelper: java.net.ConnectException: Failed to connect to /192.168.1.6:8091
06-11 10:35:14.756 30334 30462 E JniHttpHelper: 	at com.android.okhttp.internal.io.RealConnection.connectSocket(RealConnection.java:147)
06-11 10:35:14.756 30334 30462 E JniHttpHelper: 	at com.android.okhttp.internal.io.RealConnection.connect(RealConnection.java:116)
06-11 10:35:14.756 30334 30462 E JniHttpHelper: 	at com.android.okhttp.internal.http.StreamAllocation.findConnection(StreamAllocation.java:186)
06-11 10:35:14.756 30334 30462 E JniHttpHelper: 	at com.android.okhttp.internal.http.StreamAllocation.findHealthyConnection(StreamAllocation.java:128)
06-11 10:35:14.756 30334 30462 E JniHttpHelper: 	at com.android.okhttp.internal.http.StreamAllocation.newStream(StreamAllocation.java:97)
06-11 10:35:14.756 30334 30462 E JniHttpHelper: 	at com.android.okhttp.internal.http.HttpEngine.connect(HttpEngine.java:289)
06-11 10:35:14.756 30334 30462 E JniHttpHelper: 	at com.android.okhttp.internal.http.HttpEngine.sendRequest(HttpEngine.java:232)
06-11 10:35:14.756 30334 30462 E JniHttpHelper: 	at com.android.okhttp.internal.huc.HttpURLConnectionImpl.execute(HttpURLConnectionImpl.java:465)
06-11 10:35:14.756 30334 30462 E JniHttpHelper: 	at com.android.okhttp.internal.huc.HttpURLConnectionImpl.connect(HttpURLConnectionImpl.java:131)
06-11 10:35:14.756 30334 30462 E JniHttpHelper: 	at com.earthengine.minimalglobe.JniHttpHelper.httpGet(JniHttpHelper.java:52)
06-11 10:35:14.756 30334 30462 I QMTerrain: httpGet bridge: 0 bytes
06-11 10:35:14.756 30334 30462 I QMTerrain: requestTile: z=11 x=1629 y=1361 body=0 canceled=0
06-11 10:35:14.756 30334 30462 I QMTerrain: httpGet ENTER: http://192.168.1.6:8091/11/1630/684.terrain
06-11 10:35:14.756 30334 30462 I AndroidBridge: androidHttpGet: env=0xb400007a6f9b0f20 gJniHttpHelperClass=0x30a6 gHttpGetMethod=0x1 url=http://192.168.1.6:8091/11/1630/684.terrain
06-11 10:35:14.756 30334 30462 I JniHttpHelper: httpGet called: http://192.168.1.6:8091/11/1630/684.terrain
06-11 10:35:14.756 30334 30465 E JniHttpHelper: HTTP GET failed: http://192.168.1.6:8091/11/1629/685.terrain
06-11 10:35:14.756 30334 30465 E JniHttpHelper: java.net.ConnectException: Failed to connect to /192.168.1.6:8091
06-11 10:35:14.756 30334 30465 E JniHttpHelper: 	at com.android.okhttp.internal.io.RealConnection.connectSocket(RealConnection.java:147)
06-11 10:35:14.756 30334 30465 E JniHttpHelper: 	at com.android.okhttp.internal.io.RealConnection.connect(RealConnection.java:116)
06-11 10:35:14.756 30334 30465 E JniHttpHelper: 	at com.android.okhttp.internal.http.StreamAllocation.findConnection(StreamAllocation.java:186)
06-11 10:35:14.756 30334 30465 E JniHttpHelper: 	at com.android.okhttp.internal.http.StreamAllocation.findHealthyConnection(StreamAllocation.java:128)
06-11 10:35:14.756 30334 30465 E JniHttpHelper: 	at com.android.okhttp.internal.http.StreamAllocation.newStream(StreamAllocation.java:97)
06-11 10:35:14.756 30334 30465 E JniHttpHelper: 	at com.android.okhttp.internal.http.HttpEngine.connect(HttpEngine.java:289)
06-11 10:35:14.756 30334 30465 E JniHttpHelper: 	at com.android.okhttp.internal.http.HttpEngine.sendRequest(HttpEngine.java:232)
06-11 10:35:14.756 30334 30465 E JniHttpHelper: 	at com.android.okhttp.internal.huc.HttpURLConnectionImpl.execute(HttpURLConnectionImpl.java:465)
06-11 10:35:14.756 30334 30465 E JniHttpHelper: 	at com.android.okhttp.internal.huc.HttpURLConnectionImpl.connect(HttpURLConnectionImpl.java:131)
06-11 10:35:14.756 30334 30465 E JniHttpHelper: 	at com.earthengine.minimalglobe.JniHttpHelper.httpGet(JniHttpHelper.java:52)
06-11 10:35:14.756 30334 30465 I QMTerrain: httpGet bridge: 0 bytes
06-11 10:35:14.756 30334 30465 I QMTerrain: requestTile: z=11 x=1629 y=1362 body=0 canceled=0
06-11 10:35:14.756 30334 30465 I QMTerrain: httpGet ENTER: http://192.168.1.6:8091/11/1629/692.terrain
06-11 10:35:14.756 30334 30467 E JniHttpHelper: HTTP GET failed: http://192.168.1.6:8091/11/1630/686.terrain
06-11 10:35:14.756 30334 30467 E JniHttpHelper: java.net.ConnectException: Failed to connect to /192.168.1.6:8091
06-11 10:35:14.756 30334 30467 E JniHttpHelper: 	at com.android.okhttp.internal.io.RealConnection.connectSocket(RealConnection.java:147)
06-11 10:35:14.756 30334 30467 E JniHttpHelper: 	at com.android.okhttp.internal.io.RealConnection.connect(RealConnection.java:116)
06-11 10:35:14.756 30334 30467 E JniHttpHelper: 	at com.android.okhttp.internal.http.StreamAllocation.findConnection(StreamAllocation.java:186)
06-11 10:35:14.756 30334 30467 E JniHttpHelper: 	at com.android.okhttp.internal.http.StreamAllocation.findHealthyConnection(StreamAllocation.java:128)
06-11 10:35:14.756 30334 30467 E JniHttpHelper: 	at com.android.okhttp.internal.http.StreamAllocation.newStream(StreamAllocation.java:97)
06-11 10:35:14.756 30334 30467 E JniHttpHelper: 	at com.android.okhttp.internal.http.HttpEngine.connect(HttpEngine.java:289)
06-11 10:35:14.756 30334 30467 E JniHttpHelper: 	at com.android.okhttp.internal.http.HttpEngine.sendRequest(HttpEngine.java:232)
06-11 10:35:14.756 30334 30467 E JniHttpHelper: 	at com.android.okhttp.internal.huc.HttpURLConnectionImpl.execute(HttpURLConnectionImpl.java:465)
06-11 10:35:14.756 30334 30467 E JniHttpHelper: 	at com.android.okhttp.internal.huc.HttpURLConnectionImpl.connect(HttpURLConnectionImpl.java:131)
06-11 10:35:14.756 30334 30467 E JniHttpHelper: 	at com.earthengine.minimalglobe.JniHttpHelper.httpGet(JniHttpHelper.java:52)
06-11 10:35:14.756 30334 30465 I AndroidBridge: androidHttpGet: env=0xb400007a7da11300 gJniHttpHelperClass=0x30a6 gHttpGetMethod=0x1 url=http://192.168.1.6:8091/11/1629/692.terrain
06-11 10:35:14.756 30334 30465 I JniHttpHelper: httpGet called: http://192.168.1.6:8091/11/1629/692.terrain
06-11 10:35:14.756 30334 30467 I QMTerrain: httpGet bridge: 0 bytes
06-11 10:35:14.756 30334 30467 I QMTerrain: requestTile: z=11 x=1630 y=1361 body=0 canceled=0
06-11 10:35:14.756 30334 30467 I QMTerrain: httpGet ENTER: http://192.168.1.6:8091/11/1629/691.terrain
06-11 10:35:14.757 30334 30467 I AndroidBridge: androidHttpGet: env=0xb400007a08752620 gJniHttpHelperClass=0x30a6 gHttpGetMethod=0x1 url=http://192.168.1.6:8091/11/1629/691.terrain
06-11 10:35:14.757 30334 30467 I JniHttpHelper: httpGet called: http://192.168.1.6:8091/11/1629/691.terrain
06-11 10:35:14.757 30334 30457 I QMTerrain: httpGet bridge: 0 bytes
06-11 10:35:14.757 30334 30463 E JniHttpHelper: HTTP GET failed: http://192.168.1.6:8091/11/1630/687.terrain
06-11 10:35:14.757 30334 30463 E JniHttpHelper: java.net.ConnectException: Failed to connect to /192.168.1.6:8091
06-11 10:35:14.757 30334 30463 E JniHttpHelper: 	at com.android.okhttp.internal.io.RealConnection.connectSocket(RealConnection.java:147)
06-11 10:35:14.757 30334 30463 E JniHttpHelper: 	at com.android.okhttp.internal.io.RealConnection.connect(RealConnection.java:116)
06-11 10:35:14.757 30334 30463 E JniHttpHelper: 	at com.android.okhttp.internal.http.StreamAllocation.findConnection(StreamAllocation.java:186)
06-11 10:35:14.757 30334 30463 E JniHttpHelper: 	at com.android.okhttp.internal.http.StreamAllocation.findHealthyConnection(StreamAllocation.java:128)
06-11 10:35:14.757 30334 30463 E JniHttpHelper: 	at com.android.okhttp.internal.http.StreamAllocation.newStream(StreamAllocation.java:97)
06-11 10:35:14.757 30334 30463 E JniHttpHelper: 	at com.android.okhttp.internal.http.HttpEngine.connect(HttpEngine.java:289)
06-11 10:35:14.757 30334 30463 E JniHttpHelper: 	at com.android.okhttp.internal.http.HttpEngine.sendRequest(HttpEngine.java:232)
06-11 10:35:14.757 30334 30463 E JniHttpHelper: 	at com.android.okhttp.internal.huc.HttpURLConnectionImpl.execute(HttpURLConnectionImpl.java:465)
06-11 10:35:14.757 30334 30463 E JniHttpHelper: 	at com.android.okhttp.internal.huc.HttpURLConnectionImpl.connect(HttpURLConnectionImpl.java:131)
06-11 10:35:14.757 30334 30463 E JniHttpHelper: 	at com.earthengine.minimalglobe.JniHttpHelper.httpGet(JniHttpHelper.java:52)
06-11 10:35:14.757 30334 30463 I QMTerrain: httpGet bridge: 0 bytes
06-11 10:35:14.757 30334 30463 I QMTerrain: requestTile: z=11 x=1630 y=1360 body=0 canceled=0
06-11 10:35:14.757 30334 30463 I QMTerrain: httpGet ENTER: http://192.168.1.6:8091/11/1629/690.terrain
06-11 10:35:14.757 30334 30463 I AndroidBridge: androidHttpGet: env=0xb400007a7da10f80 gJniHttpHelperClass=0x30a6 gHttpGetMethod=0x1 url=http://192.168.1.6:8091/11/1629/690.terrain
06-11 10:35:14.757 30334 30463 I JniHttpHelper: httpGet called: http://192.168.1.6:8091/11/1629/690.terrain
06-11 10:35:14.757 30334 30459 E JniHttpHelper: HTTP GET failed: http://192.168.1.6:8091/11/1629/689.terrain
06-11 10:35:14.757 30334 30459 E JniHttpHelper: java.net.ConnectException: Failed to connect to /192.168.1.6:8091
06-11 10:35:14.757 30334 30459 E JniHttpHelper: 	at com.android.okhttp.internal.io.RealConnection.connectSocket(RealConnection.java:147)
06-11 10:35:14.757 30334 30459 E JniHttpHelper: 	at com.android.okhttp.internal.io.RealConnection.connect(RealConnection.java:116)
06-11 10:35:14.757 30334 30459 E JniHttpHelper: 	at com.android.okhttp.internal.http.StreamAllocation.findConnection(StreamAllocation.java:186)
06-11 10:35:14.757 30334 30459 E JniHttpHelper: 	at com.android.okhttp.internal.http.StreamAllocation.findHealthyConnection(StreamAllocation.java:128)
06-11 10:35:14.757 30334 30459 E JniHttpHelper: 	at com.android.okhttp.internal.http.StreamAllocation.newStream(StreamAllocation.java:97)
06-11 10:35:14.757 30334 30459 E JniHttpHelper: 	at com.android.okhttp.internal.http.HttpEngine.connect(HttpEngine.java:289)
06-11 10:35:14.757 30334 30459 E JniHttpHelper: 	at com.android.okhttp.internal.http.HttpEngine.sendRequest(HttpEngine.java:232)
06-11 10:35:14.757 30334 30459 E JniHttpHelper: 	at com.android.okhttp.internal.huc.HttpURLConnectionImpl.execute(HttpURLConnectionImpl.java:465)
06-11 10:35:14.757 30334 30459 E JniHttpHelper: 	at com.android.okhttp.internal.huc.HttpURLConnectionImpl.connect(HttpURLConnectionImpl.java:131)
06-11 10:35:14.757 30334 30459 E JniHttpHelper: 	at com.earthengine.minimalglobe.JniHttpHelper.httpGet(JniHttpHelper.java:52)
06-11 10:35:14.757 30334 30457 I QMTerrain: requestTile: z=11 x=1629 y=1360 body=0 canceled=0
06-11 10:35:14.757 30334 30457 I QMTerrain: httpGet ENTER: http://192.168.1.6:8091/11/1630/691.terrain
06-11 10:35:14.758 30334 30459 I QMTerrain: httpGet bridge: 0 bytes
06-11 10:35:14.758 30334 30459 I QMTerrain: requestTile: z=11 x=1629 y=1358 body=0 canceled=0
06-11 10:35:14.758 30334 30457 I AndroidBridge: androidHttpGet: env=0xb400007a6f9b0ba0 gJniHttpHelperClass=0x30a6 gHttpGetMethod=0x1 url=http://192.168.1.6:8091/11/1630/691.terrain
06-11 10:35:14.758 30334 30457 I JniHttpHelper: httpGet called: http://192.168.1.6:8091/11/1630/691.terrain
06-11 10:35:14.758 30334 30459 I QMTerrain: httpGet ENTER: http://192.168.1.6:8091/11/1630/690.terrain
06-11 10:35:14.758 30334 30459 I AndroidBridge: androidHttpGet: env=0xb400007a7da10c00 gJniHttpHelperClass=0x30a6 gHttpGetMethod=0x1 url=http://192.168.1.6:8091/11/1630/690.terrain
06-11 10:35:14.758 30334 30459 I JniHttpHelper: httpGet called: http://192.168.1.6:8091/11/1630/690.terrain
06-11 10:35:14.760 30334 30458 E JniHttpHelper: HTTP GET failed: http://192.168.1.6:8091/11/1630/688.terrain
06-11 10:35:14.760 30334 30458 E JniHttpHelper: java.net.ConnectException: Failed to connect to /192.168.1.6:8091
06-11 10:35:14.760 30334 30458 E JniHttpHelper: 	at com.android.okhttp.internal.io.RealConnection.connectSocket(RealConnection.java:147)
06-11 10:35:14.760 30334 30458 E JniHttpHelper: 	at com.android.okhttp.internal.io.RealConnection.connect(RealConnection.java:116)
06-11 10:35:14.760 30334 30458 E JniHttpHelper: 	at com.android.okhttp.internal.http.StreamAllocation.findConnection(StreamAllocation.java:186)
06-11 10:35:14.760 30334 30458 E JniHttpHelper: 	at com.android.okhttp.internal.http.StreamAllocation.findHealthyConnection(StreamAllocation.java:128)
06-11 10:35:14.760 30334 30458 E JniHttpHelper: 	at com.android.okhttp.internal.http.StreamAllocation.newStream(StreamAllocation.java:97)
06-11 10:35:14.760 30334 30458 E JniHttpHelper: 	at com.android.okhttp.internal.http.HttpEngine.connect(HttpEngine.java:289)
06-11 10:35:14.760 30334 30458 E JniHttpHelper: 	at com.android.okhttp.internal.http.HttpEngine.sendRequest(HttpEngine.java:232)
06-11 10:35:14.760 30334 30458 E JniHttpHelper: 	at com.android.okhttp.internal.huc.HttpURLConnectionImpl.execute(HttpURLConnectionImpl.java:465)
06-11 10:35:14.760 30334 30458 E JniHttpHelper: 	at com.android.okhttp.internal.huc.HttpURLConnectionImpl.connect(HttpURLConnectionImpl.java:131)
06-11 10:35:14.760 30334 30458 E JniHttpHelper: 	at com.earthengine.minimalglobe.JniHttpHelper.httpGet(JniHttpHelper.java:52)
06-11 10:35:14.760 30334 30458 I QMTerrain: httpGet bridge: 0 bytes
06-11 10:35:14.760 30334 30458 I QMTerrain: requestTile: z=11 x=1630 y=1359 body=0 canceled=0
06-11 10:35:14.772 30334 30334 I BasemapLayer: Tile uploaded: 10/815/423 256x256
06-11 10:35:14.835  1667 15952 I sensors-hal: handle_oplus_wise_rgb_event:230, wise_rgb:algo_type = 3
06-11 10:35:14.836  1667 15952 I sensors-hal: handle_oplus_wise_rgb_event:285, wise_rgb: raw_lux 529.641357, raw_cct 6365.813965, r/g/b/c: 41085.605469/36413.578125/20360.621094/91961.937500, R/G/B: 0.000000/0.000000/0.000000, brl 1529.000000, lux: 529.641357, cct: 6365.813965, ts 242712151921874, cnt 4221
06-11 10:35:14.946  4639  8246 D CommonApp-194-10602: commonScoreStrategy scenarios 1
06-11 10:35:14.946  4639  8246 D CommonApp-194-10602: notifyScoreChange appScene COMMON score 98
06-11 10:35:14.947  4639  8246 D ScorePolicy: handleScoreChanged: []
06-11 10:35:14.947  4639  8246 D ScorePolicy: handleScoreChanged: []
06-11 10:35:14.947  4639  8246 D ScorePolicy: handleScoreChanged: []
06-11 10:35:15.035  1667 15952 I sensors-hal: handle_oplus_wise_rgb_event:230, wise_rgb:algo_type = 3
06-11 10:35:15.035  1667 15988 I sensors-hal: handle_oplus_wise_rgb_event:301, oplus wise_rgb sample: (4222)(cct, lux, ir_ratio, r, g, b, c)[6427, 532, 32, 41050, 36365, 20496, 91900]
06-11 10:35:15.035  1667 15952 I sensors-hal: handle_oplus_wise_rgb_event:285, wise_rgb: raw_lux 532.777222, raw_cct 6427.217773, r/g/b/c: 41050.031250/36365.277344/20496.167969/91900.460938, R/G/B: 0.000000/0.000000/0.000000, brl 1529.000000, lux: 532.777222, cct: 6427.217773, ts 242712351694270, cnt 4222
06-11 10:35:15.069  3189  3336 D OplusFeatureHDREnhanceBrightness: checkIsPlayingHDR isPlayingHDR=0 rotation=0 whiteApp=false battery=100
06-11 10:35:15.097  3189  4433 I OplusHansManager : uid=10307, pkg=com.coloros.shortcuts can not transition from M to F. reason: Provider
06-11 10:35:15.234  1667 15952 I sensors-hal: handle_oplus_wise_rgb_event:230, wise_rgb:algo_type = 3
06-11 10:35:15.235  1667 15952 I sensors-hal: handle_oplus_wise_rgb_event:285, wise_rgb: raw_lux 525.572021, raw_cct 6457.333984, r/g/b/c: 41182.136719/36254.410156/20495.904297/91723.234375, R/G/B: 0.000000/0.000000/0.000000, brl 1529.000000, lux: 525.572021, cct: 6457.333984, ts 242712551502343, cnt 4223
06-11 10:35:15.304  3189  4433 I OplusHansManager : uid=10136, pkg=com.baidu.input_oppo cannot transition from R to M, importance=input
06-11 10:35:15.306  3189  4433 I OplusHansManager : uid=10370, pkg=com.tencent.android.qqdownloader cannot transition from R to M, importance=screenRecorder
06-11 10:35:15.344  1800  1924 D BatteryChargeControl: bcc get no support from charging protocol
06-11 10:35:15.348  3189  3841 D WifiStaIfaceHidlImpl: getCachedScanData is not implemented by HIDL
06-11 10:35:15.354  4639  4639 D VendorWifiService: onEvent event:9,action:1
06-11 10:35:15.367  3189  3960 D OplusWifiPower_TriggerCenter: mComponentCallback: wifistat
06-11 10:35:15.414  3189  3765 V AlarmManager: sending alarm Alarm{dd8671a type 1 origWhen 1781145315414 whenElapsed 242712740 android} uid 1000 whenElapsed 242712740 windowLength 0 maxWhenElapsed 242712740 repeatInterval 0 action null component null tag StorgaeBandInfoAlarmTag flags 0x9 procName system_server
06-11 10:35:15.414  3189 27614 E OplusStorageUFSBandwidth: storage_io_metrics_path is /proc/oplus_storage/io_metrics/forever/
06-11 10:35:15.415  3189 27614 E OplusStorageUFSBandwidth: Bandwidth - Read: 0.00 MB/s, Write: 2.00 MB/s
06-11 10:35:15.415  3189 27614 E OplusStorageUFSBandwidth: Task time: 1ms
06-11 10:35:15.419  3189 27614 E OplusStorageUFSBandwidth: Alarm set to trigger in 10 seconds
06-11 10:35:15.434  1667 15952 I sensors-hal: handle_oplus_wise_rgb_event:230, wise_rgb:algo_type = 3
06-11 10:35:15.434  1667 15988 I sensors-hal: get_brightness:1652, light_iface: get_brightness, brl 1529, pwm_turbo_on 0/0, hbm_dc 0
06-11 10:35:15.435  1667 15952 I sensors-hal: handle_oplus_wise_rgb_event:285, wise_rgb: raw_lux 530.169312, raw_cct 6387.512695, r/g/b/c: 41146.292969/36216.750000/20270.876953/91842.195312, R/G/B: 0.000000/0.000000/0.000000, brl 1529.000000, lux: 530.169312, cct: 6387.512695, ts 242712751322863, cnt 4224
06-11 10:35:15.437  3189  6314 I AICCTModule: SensorFilter: findSecondNearestValue, sensorValue: 6320.45 nearestMaxValue:6365.814 secondNearestValue: 6375.1904
06-11 10:35:15.437  3189  6314 I AICCTModule: SensorFilter: findSecondNearestValue, sensorValue: 533.17456 nearestMaxValue:532.7772 secondNearestValue: 530.1693
06-11 10:35:15.438  3189  6314 I AICCTModule: AICurveModel: findPointByX x:13.384479, rightPoint:Point:(13.389999, 6837.9985, 6837.9985)
06-11 10:35:15.438  3189  6314 I AICCTModule: AICurveModel: StablePoints has no dragSplineLine
06-11 10:35:15.438  3189  6314 I AICCTModule: AICurveModel: findPointByY y:6810.5835, rightPoint:Point:(13.36, 6810.5835, 6810.5835)
06-11 10:35:15.439  3189  6314 I AICCTModule: AICurveModel: findPointByY y:6810.5835, rightPoint:Point:(13.36, 6810.5835, 6810.5835)
06-11 10:35:15.439  3189  6314 I AICCTModule: AICurveModel: findPointByY y:6810.5835, rightPoint:Point:(13.36, 6810.5835, 6810.5835)
06-11 10:35:15.439  3189  6314 I AICCTModule: AICurveModel: StablePoints y1Left:6810.5835, y2Left:0.0, leftY:6810.5835
06-11 10:35:15.439  3189  6314 I AICCTModule: AICurveModel: findPointByY y:6810.5835, rightPoint:Point:(13.36, 6810.5835, 6810.5835)
06-11 10:35:15.440  3189  6314 I AICCTModule: AICurveModel: findPointByY y:6810.5835, rightPoint:Point:(13.36, 6810.5835, 6810.5835)
06-11 10:35:15.440  3189  6314 I AICCTModule: AICurveModel: getNextPoint isLargeChange, 6384.009, 6837.9985
06-11 10:35:15.440  3189  6314 I AICCTModule: AICurveModel: handleUpdateCCT cct change from:(6336.158691,6810.583496)->(6384.008789,6837.998535),curPoint(6384.008789,6837.998535),stablePoint=LeftLarge(6336.1587,6810.5835)-RightLarge(6336.1587,6810.5835),LeftSmall(6336.1587,6810.5835)-RightSmall(6336.1587,6810.5835),TLSmall(6336.1587,6810.5835)-TRSmall(6336.1587,6810.5835)
06-11 10:35:15.440  3189  6314 I AICCTModule: AICurveModel: onTargetCCTChange cct change to 6837.9985
06-11 10:35:15.561  1877  2435 D VRR [OTI]: handleIdle from 0 to 1
06-11 10:35:15.562  1877  2435 D VRR [OTI-HW]: isStateReady 1
06-11 10:35:15.562  1877  2435 D VRR [OTI-HW]: keep rate.
06-11 10:35:15.565  1699  1958 D IRIS_LOG_SERV: panelReadWrite: type 255 set color matrix
06-11 10:35:15.565  1699  2116 D IRIS_LOG_SERV: InternalConfig: 191 0
06-11 10:35:15.565  1699  2116 D IRIS_LOG_SERV: InternalConfig: 191 0 ret: 0
06-11 10:35:15.634  1667 15952 I sensors-hal: handle_oplus_wise_rgb_event:230, wise_rgb:algo_type = 3
06-11 10:35:15.634  1667 15952 I sensors-hal: handle_oplus_wise_rgb_event:285, wise_rgb: raw_lux 538.397705, raw_cct 6338.513672, r/g/b/c: 41086.218750/36313.753906/20210.535156/92020.750000, R/G/B: 0.000000/0.000000/0.000000, brl 1529.000000, lux: 538.397705, cct: 6338.513672, ts 242712951123593, cnt 4225
06-11 10:35:15.679  3189  3263 D AppProfilerExtImpl: Skipped pss collection for bg CPU busy
06-11 10:35:15.819  6858  8079 D gaia-GaiaConnectChecker: start connect check++
06-11 10:35:15.834  1667 15952 I sensors-hal: handle_oplus_wise_rgb_event:230, wise_rgb:algo_type = 3
06-11 10:35:15.834  1667 15952 I sensors-hal: handle_oplus_wise_rgb_event:285, wise_rgb: raw_lux 539.602783, raw_cct 6403.691406, r/g/b/c: 40917.726562/36202.957031/20286.406250/91865.687500, R/G/B: 0.000000/0.000000/0.000000, brl 1529.000000, lux: 539.602783, cct: 6403.691406, ts 242713150879947, cnt 4226
06-11 10:35:15.847  1699  1958 D IRIS_LOG_SERV: panelReadWrite: type 255 set color matrix
06-11 10:35:15.847  1699  2116 D IRIS_LOG_SERV: InternalConfig: 191 0
06-11 10:35:15.847  1699  2116 D IRIS_LOG_SERV: InternalConfig: 191 0 ret: 0
06-11 10:35:15.883  3189  3251 W SettingsProvider: notifyForSettingsChange delay for eyeprotect_display_cct, value: 6838, delta: 2, lastNotifyTimestamp: 200809604, minInterval: 10
06-11 10:35:15.974  4639  8246 D CommonApp-194-10602: commonScoreStrategy scenarios low package
06-11 10:35:15.974  4639  8246 D ScorePolicy: handleScoreChanged: []
06-11 10:35:15.975  4639  8246 D ScorePolicy: handleScoreChanged: []
06-11 10:35:15.975  4639  8246 D ScorePolicy: handleScoreChanged: []
06-11 10:35:16.034  1667 15952 I sensors-hal: handle_oplus_wise_rgb_event:230, wise_rgb:algo_type = 3
06-11 10:35:16.034  1667 15952 I sensors-hal: handle_oplus_wise_rgb_event:285, wise_rgb: raw_lux 524.081787, raw_cct 6461.340820, r/g/b/c: 40965.312500/36289.058594/20527.156250/91651.609375, R/G/B: 0.000000/0.000000/0.000000, brl 1529.000000, lux: 524.081787, cct: 6461.340820, ts 242713350707343, cnt 4227
06-11 10:35:16.043  6732 30266 W PTC.DATATRANS.d: [com.earthengine.minimalglobe] removed. Stop sending intent
06-11 10:35:16.234  1667 15952 I sensors-hal: handle_oplus_wise_rgb_event:230, wise_rgb:algo_type = 3
06-11 10:35:16.234  1667 15952 I sensors-hal: handle_oplus_wise_rgb_event:285, wise_rgb: raw_lux 515.712402, raw_cct 6487.961914, r/g/b/c: 41134.414062/36278.355469/20541.894531/91544.609375, R/G/B: 0.000000/0.000000/0.000000, brl 1529.000000, lux: 515.712402, cct: 6487.961914, ts 242713550481874, cnt 4228
06-11 10:35:16.254  6089  6168 E horae   : 0: back:34542,frame:36049,front:36841, 24 5, +(-3741), 1 ,33100,41741,40706,41495,41941, target_temp:36841, algo:0
06-11 10:35:16.255 12732 13406 D ShellSubscriberWorkerThread: the first 8 bytes empty, and RestData length > 8 
06-11 10:35:16.259  4454  5373 D AMC     : [TriggerForeground] handle temp changed:36841
06-11 10:35:16.347  1800  1924 D BatteryChargeControl: bcc get no support from charging protocol
06-11 10:35:16.401  6109 13332 E midasd  : getTotalFlipsFromSf mCurFrameCount: 7861698
06-11 10:35:16.402  6109 13332 I midasd  : DisplayAgent updateDisplayDevInfo getRenderFps mFps:60 mRenderFps:57 mWidth:1240 mHeight:2772
06-11 10:35:16.402  6109 13332 E midasd  : getTotalFlipsFromSf mCurFrameCount: 7861698
06-11 10:35:16.403  6109 13332 I midasd  : DisplayAgent updateDisplayDevInfo getRenderFps mFps:60 mRenderFps:0 mWidth:1240 mHeight:2772
06-11 10:35:16.433  1667 15952 I sensors-hal: handle_oplus_wise_rgb_event:230, wise_rgb:algo_type = 3
06-11 10:35:16.433  1667 15988 I sensors-hal: get_brightness:1652, light_iface: get_brightness, brl 1529, pwm_turbo_on 0/0, hbm_dc 0
06-11 10:35:16.434  1667 15952 I sensors-hal: handle_oplus_wise_rgb_event:285, wise_rgb: raw_lux 521.658081, raw_cct 6492.190918, r/g/b/c: 41001.699219/36229.230469/20555.839844/91784.515625, R/G/B: 0.000000/0.000000/0.000000, brl 1529.000000, lux: 521.658081, cct: 6492.190918, ts 242713750300624, cnt 4229
06-11 10:35:16.441  5081  5970 W Battery : ThermalControllHandler: MSG_THERMAL_CONTROL_CATEGORY_PROTECT_PERIOD quit.
06-11 10:35:16.441  5081  5970 W Battery : StateManager: getAppType com.earthengine.minimalglobe, last=1781145121054
06-11 10:35:16.442  5081  5970 W Battery : ThermalControllerCenter: mSafetyState=10000,  mSafetyTestConfigList=01111,10111,11011,11101,11110,00111,01011,01101,01110,10011,10101,10110,11001,11010,11100,11111
06-11 10:35:16.442  5081  5970 W Battery : ThermalControllHandler: tempLevel=[5],userMode=2,gameUserMode=-1,appType=-1,envTempType=0,appStates=[],appSwitchSafetyMode=true,split=[],float={},full=[com.earthengine.minimalglobe], tempGear=[5],configItemName=common_config
06-11 10:35:16.443  5081  5970 W Battery : ThermalControllerCenter: startCollingMethods,thermalPolicy=Policy info
06-11 10:35:16.443  5081  5970 W Battery : {
06-11 10:35:16.443  5081  5970 W Battery :  categoryName: common_config
06-11 10:35:16.443  5081  5970 W Battery :  configItemName: gear_config 
06-11 10:35:16.443  5081  5970 W Battery :  gearVal:[5], cpuVal:1, gpuVal:-1, restrictVal:0, brightnessVal:13, chargeVal:5, modemVal:0, disFlashVal:0, stopCameraVideoVal:0, cameraBrightnessVal:255, disCameraVal:0, disWifiHotSpotVal:0, disTorchVal:0, disFrameInsertVal:0, fpsVal:0, refreshRateVal:0, cpuPowerVal:-2, disVideoSRVal:0, thermalSerious:-2, speedChargeAdd:-2, ipaweight:-2,-2,-2, boostBreak1:-2, boostBreak2:-2, heatoffPolicy:-2, freezer:-2 
06-11 10:35:16.443  5081  5970 W Battery : } 
06-11 10:35:16.443  5081  5970 W Battery : ThermalControlUtils: not set the same modem=0
06-11 10:35:16.444  3189  3606 D OplusBatteryServiceFeature: setSmartCoolDown: coolDown = 5, normalCoolDown = 5, pkgName = com.earthengine.minimalglobe
06-11 10:35:16.447  1800  1800 D vendor.oplus.hardware.charger-V10-service: set cooldown:5,  normalCoolDown:5
06-11 10:35:16.448  5081  5970 W Battery : ThermalControlUtils: not set the same wifi=0
06-11 10:35:16.449  5081  5970 I [UAH_CLIENT]: uahRuleCtl, ruleId:4, status:1
06-11 10:35:16.451  5081  5970 W Battery : ThermalControllHandler: MSG_THERMAL_CONTROL_TRACEINFO_UPLOAD. isTraceMonitorOn:false, hasTraceAidl:false
06-11 10:35:16.451  5081  5970 W Battery : ThermalControllHandler: ZoomWindowsInfo=[],PipWindowsInfo=[],AppFloatingWindowsInfo=[]
06-11 10:35:16.598  4650  8849 W AppIconLoader: remove task for appicon://app/com.earthengine.minimalglobe
06-11 10:35:16.633  1667 15952 I sensors-hal: handle_oplus_wise_rgb_event:230, wise_rgb:algo_type = 3
06-11 10:35:16.633  1667 15952 I sensors-hal: handle_oplus_wise_rgb_event:285, wise_rgb: raw_lux 522.462769, raw_cct 6451.926758, r/g/b/c: 41048.542969/36363.011719/20435.230469/91628.984375, R/G/B: 0.000000/0.000000/0.000000, brl 1529.000000, lux: 522.462769, cct: 6451.926758, ts 242713950048384, cnt 4230
06-11 10:35:16.728 28382 28479 D COSA->GameServiceSyncUtil: [m] sync config to GMS
06-11 10:35:16.736 28382 28479 E AppFeatureProviderUtils: getString: getStringForFeature return null
06-11 10:35:16.741 28382 28479 E AppFeatureProviderUtils: getString: getStringForFeature return null
06-11 10:35:16.747 28382 28479 E AppFeatureProviderUtils: getString: getStringForFeature return null
06-11 10:35:16.750 28382 28479 E AppFeatureProviderUtils: getString: getStringForFeature return null
06-11 10:35:16.753 28382 28479 E AppFeatureProviderUtils: getString: getStringForFeature return null
06-11 10:35:16.756 28382 28479 E AppFeatureProviderUtils: getString: getStringForFeature return null
06-11 10:35:16.759 28382 28479 E AppFeatureProviderUtils: getString: getStringForFeature return null
06-11 10:35:16.763 28382 28479 E AppFeatureProviderUtils: getString: getStringForFeature return null
06-11 10:35:16.766 28382 28479 E AppFeatureProviderUtils: getString: getStringForFeature return null
06-11 10:35:16.771 28382 28479 E AppFeatureProviderUtils: getString: getStringForFeature return null
06-11 10:35:16.773 28382 28479 E AppFeatureProviderUtils: getString: getStringForFeature return null
06-11 10:35:16.776 28382 28479 E AppFeatureProviderUtils: getString: getStringForFeature return null
06-11 10:35:16.779 28382 28479 E AppFeatureProviderUtils: getString: getStringForFeature return null
06-11 10:35:16.782 28382 28479 E AppFeatureProviderUtils: getString: getStringForFeature return null
06-11 10:35:16.785 28382 28479 E AppFeatureProviderUtils: getString: getStringForFeature return null
06-11 10:35:16.789 28382 28479 E AppFeatureProviderUtils: getString: getStringForFeature return null
06-11 10:35:16.792 28382 28479 E AppFeatureProviderUtils: getString: getStringForFeature return null
06-11 10:35:16.796 28382 28479 E AppFeatureProviderUtils: getString: getStringForFeature return null
06-11 10:35:16.799 28382 28479 E AppFeatureProviderUtils: getString: getStringForFeature return null
06-11 10:35:16.803 28382 28479 E AppFeatureProviderUtils: getString: getStringForFeature return null
06-11 10:35:16.806 28382 28479 E AppFeatureProviderUtils: getString: getStringForFeature return null
06-11 10:35:16.809 28382 28479 E AppFeatureProviderUtils: getString: getStringForFeature return null
06-11 10:35:16.821 28382 28479 E AppFeatureProviderUtils: getString: getStringForFeature return null
06-11 10:35:16.825 28382 28479 E AppFeatureProviderUtils: getString: getStringForFeature return null
06-11 10:35:16.828 28382 28479 E AppFeatureProviderUtils: getString: getStringForFeature return null
06-11 10:35:16.832 28382 28479 E AppFeatureProviderUtils: getString: getStringForFeature return null
06-11 10:35:16.832  1667 15952 I sensors-hal: handle_oplus_wise_rgb_event:230, wise_rgb:algo_type = 3
06-11 10:35:16.832  1667 15952 I sensors-hal: handle_oplus_wise_rgb_event:285, wise_rgb: raw_lux 523.850830, raw_cct 6399.309570, r/g/b/c: 41000.003906/36252.554688/20344.425781/91508.960938, R/G/B: 0.000000/0.000000/0.000000, brl 1529.000000, lux: 523.850830, cct: 6399.309570, ts 242714149797082, cnt 4231
06-11 10:35:16.837 28382 28479 E AppFeatureProviderUtils: getString: getStringForFeature return null
06-11 10:35:16.840 28382 28479 E AppFeatureProviderUtils: getString: getStringForFeature return null
06-11 10:35:16.850 28382 28479 E AppFeatureProviderUtils: getString: getStringForFeature return null
06-11 10:35:16.856 28382 28479 E AppFeatureProviderUtils: getString: getStringForFeature return null
06-11 10:35:16.864 28382 28479 E AppFeatureProviderUtils: getString: getStringForFeature return null
06-11 10:35:16.869 28382 28479 E AppFeatureProviderUtils: getString: getStringForFeature return null
06-11 10:35:16.872 28382 28479 E AppFeatureProviderUtils: getString: getStringForFeature return null
06-11 10:35:16.875 28382 28479 E AppFeatureProviderUtils: getString: getStringForFeature return null
06-11 10:35:16.878 28382 28479 E AppFeatureProviderUtils: getString: getStringForFeature return null
06-11 10:35:16.880 28382 28479 E AppFeatureProviderUtils: getString: getStringForFeature return null
06-11 10:35:16.883 28382 28479 E AppFeatureProviderUtils: getString: getStringForFeature return null
06-11 10:35:16.886 28382 28479 E AppFeatureProviderUtils: getString: getStringForFeature return null
06-11 10:35:16.890 28382 28479 E AppFeatureProviderUtils: getString: getStringForFeature return null
06-11 10:35:16.895 28382 28479 E AppFeatureProviderUtils: getString: getStringForFeature return null
06-11 10:35:16.898 28382 28479 E AppFeatureProviderUtils: getString: getStringForFeature return null
06-11 10:35:16.901 28382 28479 E AppFeatureProviderUtils: getString: getStringForFeature return null
06-11 10:35:16.904 28382 28479 E AppFeatureProviderUtils: getString: getStringForFeature return null
06-11 10:35:16.908 28382 28479 E AppFeatureProviderUtils: getString: getStringForFeature return null
06-11 10:35:16.993  4639  8246 D CommonApp-194-10602: transport layer data is invalid
06-11 10:35:16.994  4639  8246 D ScorePolicy: handleScoreChanged: []
06-11 10:35:16.994  4639  8246 D ScorePolicy: handleScoreChanged: []
06-11 10:35:16.994  4639  8246 D ScorePolicy: handleScoreChanged: []
06-11 10:35:17.033  1667 15952 I sensors-hal: handle_oplus_wise_rgb_event:230, wise_rgb:algo_type = 3
06-11 10:35:17.033  1667 15952 I sensors-hal: handle_oplus_wise_rgb_event:285, wise_rgb: raw_lux 526.346558, raw_cct 6378.509766, r/g/b/c: 41060.828125/36337.761719/20344.365234/91699.000000, R/G/B: 0.000000/0.000000/0.000000, brl 1529.000000, lux: 526.346558, cct: 6378.509766, ts 242714349558124, cnt 4232
06-11 10:35:17.033  1667 15988 I sensors-hal: handle_oplus_wise_rgb_event:301, oplus wise_rgb sample: (4232)(cct, lux, ir_ratio, r, g, b, c)[6378, 526, 32, 41060, 36337, 20344, 91699]
06-11 10:35:17.104  4650 23595 W HapBridge: [quickjs_runtime.cpp][RunGC][235]: RunGC
06-11 10:35:17.104  3189  4433 I OplusHansManager : uid=10307, pkg=com.coloros.shortcuts F enter(), M stay=4
06-11 10:35:17.107  3189  4433 I OplusHansManager : freeze uid: 10307 com.coloros.shortcuts pids: [12138] scene: |StrictMode-1|LcdOn
06-11 10:35:17.108  3189  6099 I OStatsManager_OplusBatteryStatsManager: updateStateTime: PkgName = com.coloros.shortcuts, uid = 10307, state to em, mForegroundCnt = 0, isFg = false
06-11 10:35:17.109  1572 18752 E         : destroyAllSocketForUid:10307
06-11 10:35:17.109  3189  4441 I OplusHansManager : a_alarm 10307
06-11 10:35:17.109  3189  4441 D OplusAlarmAdjustment: alignAlarmsByUid(), uid=10307, pkgName=com.coloros.shortcuts, actions=null, procs=null, requester=1
06-11 10:35:17.109  3189  4441 I LocationFreezeProc: will freezeLocationProcess for com.coloros.shortcuts, 10307, true, false
06-11 10:35:17.109  3189  3763 D OplusAlarmAdjustMap: addAlignUid, uid=10307, pkgName=com.coloros.shortcuts, requester=1, mode=1
06-11 10:35:17.109  3189  4441 I LocationFreezeProc: Executing freeze operation for com.coloros.shortcuts, 10307, true, false
06-11 10:35:17.109  3189  4441 W LocationFreezeProc: Do nothing for the app is not record!
06-11 10:35:17.109  3189  4441 I OplusHansManager : p_gps: uid 10307 result false
06-11 10:35:17.110  3189  4441 I OplusHansManager : p_BtScan: uid 10307 isProxy true
06-11 10:35:17.113  3189  4046 D OAppNetControlService: Hans update:[10307=true][0|0] blackList:[10237, 99910237, 10244, 10307]
06-11 10:35:17.232  1667 15952 I sensors-hal: handle_oplus_wise_rgb_event:230, wise_rgb:algo_type = 3
06-11 10:35:17.232  1667 15952 I sensors-hal: handle_oplus_wise_rgb_event:285, wise_rgb: raw_lux 527.013184, raw_cct 6479.836914, r/g/b/c: 40941.140625/36154.859375/20479.644531/91638.914062, R/G/B: 0.000000/0.000000/0.000000, brl 1529.000000, lux: 527.013184, cct: 6479.836914, ts 242714549347082, cnt 4233
06-11 10:35:17.248  4329  4513 I SystemUi--Statusbar: OplusNetworkSpeedControllExImpl-->updateNetworkSpeed: isConnected:true,isSwitchOn:true,isSuspend:false,isPause:false
06-11 10:35:17.250  3189  4464 W OPLUS_LOG_LOAD: ==LOGS PROG INFO, prog(system_server) ==
06-11 10:35:17.250  3189  4464 I OplusCpuLimitManager: OplusCpuHighLoad: newLoadLevel=1, newMngLevel=1, (nl_load=1, nl_thermal=1, nl_scene=1), curMngLevel=1, CL=0, curWinCL=0, curShortWinCL= 0, latestCL=0, latestThermalLevel=5, expHlScene=false
06-11 10:35:17.252  4329  4513 I SystemUi--Statusbar: OplusNetworkSpeedControllExImpl-->getTotalByte: totalRxBytes:11578935115,totalTxBytes:3541705940,loopbackTxBytes:2982614303,loopbackRxBytes:2982613823 ,totalBytes:9155412929
06-11 10:35:17.277  3189  3248 D SensorServiceExtImpl: notifyApplicationLaunchStage processName=com.earthengine.minimalglobe, uid=10602, pid=30334, stage=0
06-11 10:35:17.350  1800  1924 D BatteryChargeControl: bcc get no support from charging protocol
06-11 10:35:17.415  3189  3765 V AlarmManager: sending alarm Alarm{f44bf72 type 1 origWhen 1781145317415 whenElapsed 242714741 android} uid 1000 whenElapsed 242714741 windowLength 0 maxWhenElapsed 242714741 repeatInterval 0 action null component null tag StorgaeBandInfoAlarmTag flags 0x9 procName system_server
06-11 10:35:17.416  3189 27614 E OplusStorageUFSBandwidth: storage_io_metrics_path is /proc/oplus_storage/io_metrics/forever/
06-11 10:35:17.417  3189 27614 E OplusStorageUFSBandwidth: Bandwidth - Read: 0.00 MB/s, Write: 0.00 MB/s
06-11 10:35:17.417  3189 27614 E OplusStorageUFSBandwidth: Task time: 1ms
06-11 10:35:17.421  3189 27614 E OplusStorageUFSBandwidth: Alarm set to trigger in 10 seconds
06-11 10:35:17.432  1667 15952 I sensors-hal: handle_oplus_wise_rgb_event:230, wise_rgb:algo_type = 3
06-11 10:35:17.432  1667 15952 I sensors-hal: get_brightness:1652, light_iface: get_brightness, brl 1529, pwm_turbo_on 0/0, hbm_dc 0
06-11 10:35:17.432  1667 15952 I sensors-hal: handle_oplus_wise_rgb_event:285, wise_rgb: raw_lux 517.360962, raw_cct 6445.127930, r/g/b/c: 41060.828125/36180.039062/20479.710938/91199.546875, R/G/B: 0.000000/0.000000/0.000000, brl 1529.000000, lux: 517.360962, cct: 6445.127930, ts 242714749164530, cnt 4234
06-11 10:35:17.632  1667 15952 I sensors-hal: handle_oplus_wise_rgb_event:230, wise_rgb:algo_type = 3
06-11 10:35:17.632  1667 15952 I sensors-hal: handle_oplus_wise_rgb_event:285, wise_rgb: raw_lux 519.721313, raw_cct 6421.858887, r/g/b/c: 41204.953125/36167.070312/20374.960938/91637.507812, R/G/B: 0.000000/0.000000/0.000000, brl 1529.000000, lux: 519.721313, cct: 6421.858887, ts 242714948958020, cnt 4235
06-11 10:35:17.832  1667 15952 I sensors-hal: handle_oplus_wise_rgb_event:230, wise_rgb:algo_type = 3
06-11 10:35:17.832  1667 15952 I sensors-hal: handle_oplus_wise_rgb_event:285, wise_rgb: raw_lux 533.374512, raw_cct 6391.896484, r/g/b/c: 41036.597656/36004.359375/20239.289062/91829.492188, R/G/B: 0.000000/0.000000/0.000000, brl 1529.000000, lux: 533.374512, cct: 6391.896484, ts 242715148724322, cnt 4236
06-11 10:35:17.834  3189  6314 I AICCTModule: SensorFilter: findSecondNearestValue, sensorValue: 6375.1904 nearestMaxValue:6378.51 secondNearestValue: 6391.8965
06-11 10:35:17.834  3189  6314 I AICCTModule: SensorFilter: findSecondNearestValue, sensorValue: 530.1693 nearestMaxValue:527.0132 secondNearestValue: 526.34656
06-11 10:35:17.835  3189  6314 I AICCTModule: AICurveModel: findPointByX x:13.394934, rightPoint:Point:(13.4, 6847.0044, 6847.0044)
06-11 10:35:17.835  3189  6314 I AICCTModule: AICurveModel: StablePoints has no dragSplineLine
06-11 10:35:17.835  3189  6314 I AICCTModule: AICurveModel: findPointByY y:6837.9985, rightPoint:Point:(13.389999, 6837.9985, 6837.9985)
06-11 10:35:17.835  3189  6314 I AICCTModule: AICurveModel: findPointByY y:6837.9985, rightPoint:Point:(13.389999, 6837.9985, 6837.9985)
06-11 10:35:17.836  3189  6314 I AICCTModule: AICurveModel: findPointByY y:6837.9985, rightPoint:Point:(13.389999, 6837.9985, 6837.9985)
06-11 10:35:17.836  3189  6314 I AICCTModule: AICurveModel: StablePoints y1Left:6837.9985, y2Left:0.0, leftY:6837.9985
06-11 10:35:17.836  3189  6314 I AICCTModule: AICurveModel: findPointByY y:6837.9985, rightPoint:Point:(13.389999, 6837.9985, 6837.9985)
06-11 10:35:17.836  3189  6314 I AICCTModule: AICurveModel: findPointByY y:6837.9985, rightPoint:Point:(13.389999, 6837.9985, 6837.9985)
06-11 10:35:17.836  3189  6314 I AICCTModule: AICurveModel: getNextPoint isLargeChange, 6400.0, 6847.0044
06-11 10:35:17.837  3189  6314 I AICCTModule: AICurveModel: handleUpdateCCT cct change from:(6384.008789,6837.998535)->(6400.000000,6847.004395),curPoint(6400.000000,6847.004395),stablePoint=LeftLarge(6384.009,6837.9985)-RightLarge(6384.009,6837.9985),LeftSmall(6384.009,6837.9985)-RightSmall(6384.009,6837.9985),TLSmall(6384.009,6837.9985)-TRSmall(6384.009,6837.9985)
06-11 10:35:17.837  3189  6314 I AICCTModule: AICurveModel: onTargetCCTChange cct change to 6847.0044
06-11 10:35:17.980  3189  3251 W SettingsProvider: notifyForSettingsChange delay for eyeprotect_display_cct, value: 6847, delta: 1, lastNotifyTimestamp: 200811702, minInterval: 10
06-11 10:35:17.981 30334 30334 I GLES    : submit #300: 53 commands, glError=0
06-11 10:35:17.983 30334 30334 I MinimalGlobe: Frame 300 | tiles vis=83 cached=72 renderSurface=51 mesh=51 (terr=0 ellip=51 ready=0 terrParent=0 terrTrans=0) attach=51 exact=51 parent=0 stale=0 missingGen=0 | missing=0 unsupported=32 kicked=0 retained=0 visZ=2-11 targetZ=2-11 texZ=2-11 lod=307 eq=0 qRender=83 qWalk=37 qFrustum=69 qFade=0 qBal=20 qHz=0 qEq2=0 grp=51/16/16 gen=2 | sun=(0.03,0.93,0.36) | FPS=30.0 draw=53
06-11 10:35:18.018  4639  8246 D CommonApp-194-10602: commonScoreStrategy scenarios low package
06-11 10:35:18.021  4639  8246 D ScorePolicy: handleScoreChanged: []
06-11 10:35:18.021  4639  8246 D ScorePolicy: handleScoreChanged: []
06-11 10:35:18.021  4639  8246 D ScorePolicy: handleScoreChanged: []
06-11 10:35:18.032  1667 15952 I sensors-hal: handle_oplus_wise_rgb_event:230, wise_rgb:algo_type = 3
06-11 10:35:18.032  1667 15952 I sensors-hal: handle_oplus_wise_rgb_event:285, wise_rgb: raw_lux 536.610229, raw_cct 6399.900391, r/g/b/c: 41048.476562/35878.429688/20178.685547/91605.351562, R/G/B: 0.000000/0.000000/0.000000, brl 1529.000000, lux: 536.610229, cct: 6399.900391, ts 242715348449113, cnt 4237
06-11 10:35:18.046  1800  1800 D ChargerInfo: getInfo: type: 0x1, update: 1
06-11 10:35:18.046  1800  1875 D ChargerInfo: chargerInfoUpdateThread: update start
06-11 10:35:18.047  1800  1875 D ChargerInfo: enableTx: path(/proc/wireless/enable_tx): not exist
06-11 10:35:18.048  1800  1875 D ChargerInfo: get_ui_charge_icon_type: [0 0] [0 0] 1
06-11 10:35:18.048  1800  1875 E ChargerInfo: SingleHyperPath not found
06-11 10:35:18.048  1800  1875 D ChargerInfo: CarC: path(/sys/class/oplus_chg/battery/gauge_car_c): not exist
06-11 10:35:18.048  1800  1875 D ChargerInfo: chargerInfoUpdateThread: update end
06-11 10:35:18.048  1800  1875 D ChargerInfo: chargerInfoUpdateThread: update wait
06-11 10:35:18.048  1800  1800 D ChargerInfo: enableTx: path(/proc/wireless/enable_tx): not exist
06-11 10:35:18.048  1800  1800 D ChargerInfo: getInfo: {"Update":{"batteryFcc":3942,"batteryRm":3942,"bddLeakCurr":0,"bmsStatus":0,"bypassChgStatus":0,"chargeTimeRemaining":0,"cpaPower":0,"enableTx":true,"fastCharge":0,"isSupportSpeedCharge":0,"notifyCode":1048704,"otgOnline":1,"ppsChargePower":0,"ppsCharging":0,"shortCHwStatus":0,"shortIcOtpStatus":0,"uiIconType":0,"uiPower":0,"usbStatus":0,"wlsAdapterPower":0}}
06-11 10:35:18.050  3189  3311 D OplusThermalStats: REPORT_UPDATE_CPU  ->  phoneTemp:360  preHeatThreshold:400
06-11 10:35:18.057 30334 30457 E JniHttpHelper: HTTP GET failed: http://192.168.1.6:8091/11/1630/691.terrain
06-11 10:35:18.057 30334 30457 E JniHttpHelper: java.net.ConnectException: Failed to connect to /192.168.1.6:8091
06-11 10:35:18.057 30334 30457 E JniHttpHelper: 	at com.android.okhttp.internal.io.RealConnection.connectSocket(RealConnection.java:147)
06-11 10:35:18.057 30334 30457 E JniHttpHelper: 	at com.android.okhttp.internal.io.RealConnection.connect(RealConnection.java:116)
06-11 10:35:18.057 30334 30457 E JniHttpHelper: 	at com.android.okhttp.internal.http.StreamAllocation.findConnection(StreamAllocation.java:186)
06-11 10:35:18.057 30334 30457 E JniHttpHelper: 	at com.android.okhttp.internal.http.StreamAllocation.findHealthyConnection(StreamAllocation.java:128)
06-11 10:35:18.057 30334 30457 E JniHttpHelper: 	at com.android.okhttp.internal.http.StreamAllocation.newStream(StreamAllocation.java:97)
06-11 10:35:18.057 30334 30457 E JniHttpHelper: 	at com.android.okhttp.internal.http.HttpEngine.connect(HttpEngine.java:289)
06-11 10:35:18.057 30334 30457 E JniHttpHelper: 	at com.android.okhttp.internal.http.HttpEngine.sendRequest(HttpEngine.java:232)
06-11 10:35:18.057 30334 30457 E JniHttpHelper: 	at com.android.okhttp.internal.huc.HttpURLConnectionImpl.execute(HttpURLConnectionImpl.java:465)
06-11 10:35:18.057 30334 30457 E JniHttpHelper: 	at com.android.okhttp.internal.huc.HttpURLConnectionImpl.connect(HttpURLConnectionImpl.java:131)
06-11 10:35:18.057 30334 30457 E JniHttpHelper: 	at com.earthengine.minimalglobe.JniHttpHelper.httpGet(JniHttpHelper.java:52)
06-11 10:35:18.058 30334 30457 I QMTerrain: httpGet bridge: 0 bytes
06-11 10:35:18.058 30334 30457 I QMTerrain: requestTile: z=11 x=1630 y=1356 body=0 canceled=0
06-11 10:35:18.058 30334 30462 E JniHttpHelper: HTTP GET failed: http://192.168.1.6:8091/11/1630/684.terrain
06-11 10:35:18.058 30334 30462 E JniHttpHelper: java.net.ConnectException: Failed to connect to /192.168.1.6:8091
06-11 10:35:18.058 30334 30462 E JniHttpHelper: 	at com.android.okhttp.internal.io.RealConnection.connectSocket(RealConnection.java:147)
06-11 10:35:18.058 30334 30462 E JniHttpHelper: 	at com.android.okhttp.internal.io.RealConnection.connect(RealConnection.java:116)
06-11 10:35:18.058 30334 30462 E JniHttpHelper: 	at com.android.okhttp.internal.http.StreamAllocation.findConnection(StreamAllocation.java:186)
06-11 10:35:18.058 30334 30462 E JniHttpHelper: 	at com.android.okhttp.internal.http.StreamAllocation.findHealthyConnection(StreamAllocation.java:128)
06-11 10:35:18.058 30334 30462 E JniHttpHelper: 	at com.android.okhttp.internal.http.StreamAllocation.newStream(StreamAllocation.java:97)
06-11 10:35:18.058 30334 30462 E JniHttpHelper: 	at com.android.okhttp.internal.http.HttpEngine.connect(HttpEngine.java:289)
06-11 10:35:18.058 30334 30462 E JniHttpHelper: 	at com.android.okhttp.internal.http.HttpEngine.sendRequest(HttpEngine.java:232)
06-11 10:35:18.058 30334 30462 E JniHttpHelper: 	at com.android.okhttp.internal.huc.HttpURLConnectionImpl.execute(HttpURLConnectionImpl.java:465)
06-11 10:35:18.058 30334 30462 E JniHttpHelper: 	at com.android.okhttp.internal.huc.HttpURLConnectionImpl.connect(HttpURLConnectionImpl.java:131)
06-11 10:35:18.058 30334 30462 E JniHttpHelper: 	at com.earthengine.minimalglobe.JniHttpHelper.httpGet(JniHttpHelper.java:52)
06-11 10:35:18.058 30334 30465 E JniHttpHelper: HTTP GET failed: http://192.168.1.6:8091/11/1629/692.terrain
06-11 10:35:18.058 30334 30465 E JniHttpHelper: java.net.ConnectException: Failed to connect to /192.168.1.6:8091
06-11 10:35:18.058 30334 30465 E JniHttpHelper: 	at com.android.okhttp.internal.io.RealConnection.connectSocket(RealConnection.java:147)
06-11 10:35:18.058 30334 30465 E JniHttpHelper: 	at com.android.okhttp.internal.io.RealConnection.connect(RealConnection.java:116)
06-11 10:35:18.058 30334 30465 E JniHttpHelper: 	at com.android.okhttp.internal.http.StreamAllocation.findConnection(StreamAllocation.java:186)
06-11 10:35:18.058 30334 30465 E JniHttpHelper: 	at com.android.okhttp.internal.http.StreamAllocation.findHealthyConnection(StreamAllocation.java:128)
06-11 10:35:18.058 30334 30465 E JniHttpHelper: 	at com.android.okhttp.internal.http.StreamAllocation.newStream(StreamAllocation.java:97)
06-11 10:35:18.058 30334 30465 E JniHttpHelper: 	at com.android.okhttp.internal.http.HttpEngine.connect(HttpEngine.java:289)
06-11 10:35:18.058 30334 30465 E JniHttpHelper: 	at com.android.okhttp.internal.http.HttpEngine.sendRequest(HttpEngine.java:232)
06-11 10:35:18.058 30334 30465 E JniHttpHelper: 	at com.android.okhttp.internal.huc.HttpURLConnectionImpl.execute(HttpURLConnectionImpl.java:465)
06-11 10:35:18.058 30334 30465 E JniHttpHelper: 	at com.android.okhttp.internal.huc.HttpURLConnectionImpl.connect(HttpURLConnectionImpl.java:131)
06-11 10:35:18.058 30334 30465 E JniHttpHelper: 	at com.earthengine.minimalglobe.JniHttpHelper.httpGet(JniHttpHelper.java:52)
06-11 10:35:18.058 30334 30462 I QMTerrain: httpGet bridge: 0 bytes
06-11 10:35:18.058 30334 30465 I QMTerrain: httpGet bridge: 0 bytes
06-11 10:35:18.058 30334 30462 I QMTerrain: requestTile: z=11 x=1630 y=1363 body=0 canceled=0
06-11 10:35:18.058 30334 30465 I QMTerrain: requestTile: z=11 x=1629 y=1355 body=0 canceled=0
06-11 10:35:18.058 30334 30459 E JniHttpHelper: HTTP GET failed: http://192.168.1.6:8091/11/1630/690.terrain
06-11 10:35:18.058 30334 30459 E JniHttpHelper: java.net.ConnectException: Failed to connect to /192.168.1.6:8091
06-11 10:35:18.058 30334 30459 E JniHttpHelper: 	at com.android.okhttp.internal.io.RealConnection.connectSocket(RealConnection.java:147)
06-11 10:35:18.058 30334 30459 E JniHttpHelper: 	at com.android.okhttp.internal.io.RealConnection.connect(RealConnection.java:116)
06-11 10:35:18.058 30334 30459 E JniHttpHelper: 	at com.android.okhttp.internal.http.StreamAllocation.findConnection(StreamAllocation.java:186)
06-11 10:35:18.058 30334 30459 E JniHttpHelper: 	at com.android.okhttp.internal.http.StreamAllocation.findHealthyConnection(StreamAllocation.java:128)
06-11 10:35:18.058 30334 30459 E JniHttpHelper: 	at com.android.okhttp.internal.http.StreamAllocation.newStream(StreamAllocation.java:97)
06-11 10:35:18.058 30334 30459 E JniHttpHelper: 	at com.android.okhttp.internal.http.HttpEngine.connect(HttpEngine.java:289)
06-11 10:35:18.058 30334 30459 E JniHttpHelper: 	at com.android.okhttp.internal.http.HttpEngine.sendRequest(HttpEngine.java:232)
06-11 10:35:18.058 30334 30459 E JniHttpHelper: 	at com.android.okhttp.internal.huc.HttpURLConnectionImpl.execute(HttpURLConnectionImpl.java:465)
06-11 10:35:18.058 30334 30459 E JniHttpHelper: 	at com.android.okhttp.internal.huc.HttpURLConnectionImpl.connect(HttpURLConnectionImpl.java:131)
06-11 10:35:18.058 30334 30459 E JniHttpHelper: 	at com.earthengine.minimalglobe.JniHttpHelper.httpGet(JniHttpHelper.java:52)
06-11 10:35:18.058 30334 30463 E JniHttpHelper: HTTP GET failed: http://192.168.1.6:8091/11/1629/690.terrain
06-11 10:35:18.058 30334 30463 E JniHttpHelper: java.net.ConnectException: Failed to connect to /192.168.1.6:8091
06-11 10:35:18.058 30334 30463 E JniHttpHelper: 	at com.android.okhttp.internal.io.RealConnection.connectSocket(RealConnection.java:147)
06-11 10:35:18.058 30334 30463 E JniHttpHelper: 	at com.android.okhttp.internal.io.RealConnection.connect(RealConnection.java:116)
06-11 10:35:18.058 30334 30463 E JniHttpHelper: 	at com.android.okhttp.internal.http.StreamAllocation.findConnection(StreamAllocation.java:186)
06-11 10:35:18.058 30334 30463 E JniHttpHelper: 	at com.android.okhttp.internal.http.StreamAllocation.findHealthyConnection(StreamAllocation.java:128)
06-11 10:35:18.058 30334 30463 E JniHttpHelper: 	at com.android.okhttp.internal.http.StreamAllocation.newStream(StreamAllocation.java:97)
06-11 10:35:18.058 30334 30463 E JniHttpHelper: 	at com.android.okhttp.internal.http.HttpEngine.connect(HttpEngine.java:289)
06-11 10:35:18.058 30334 30463 E JniHttpHelper: 	at com.android.okhttp.internal.http.HttpEngine.sendRequest(HttpEngine.java:232)
06-11 10:35:18.058 30334 30463 E JniHttpHelper: 	at com.android.okhttp.internal.huc.HttpURLConnectionImpl.execute(HttpURLConnectionImpl.java:465)
06-11 10:35:18.058 30334 30463 E JniHttpHelper: 	at com.android.okhttp.internal.huc.HttpURLConnectionImpl.connect(HttpURLConnectionImpl.java:131)
06-11 10:35:18.058 30334 30463 E JniHttpHelper: 	at com.earthengine.minimalglobe.JniHttpHelper.httpGet(JniHttpHelper.java:52)
06-11 10:35:18.058 30334 30459 I QMTerrain: httpGet bridge: 0 bytes
06-11 10:35:18.058 30334 30459 I QMTerrain: requestTile: z=11 x=1630 y=1357 body=0 canceled=0
06-11 10:35:18.058 30334 30463 I QMTerrain: httpGet bridge: 0 bytes
06-11 10:35:18.058 30334 30463 I QMTerrain: requestTile: z=11 x=1629 y=1357 body=0 canceled=0
06-11 10:35:18.058 30334 30461 E JniHttpHelper: HTTP GET failed: http://192.168.1.6:8091/11/1630/685.terrain
06-11 10:35:18.058 30334 30461 E JniHttpHelper: java.net.ConnectException: Failed to connect to /192.168.1.6:8091
06-11 10:35:18.058 30334 30461 E JniHttpHelper: 	at com.android.okhttp.internal.io.RealConnection.connectSocket(RealConnection.java:147)
06-11 10:35:18.058 30334 30461 E JniHttpHelper: 	at com.android.okhttp.internal.io.RealConnection.connect(RealConnection.java:116)
06-11 10:35:18.058 30334 30461 E JniHttpHelper: 	at com.android.okhttp.internal.http.StreamAllocation.findConnection(StreamAllocation.java:186)
06-11 10:35:18.058 30334 30461 E JniHttpHelper: 	at com.android.okhttp.internal.http.StreamAllocation.findHealthyConnection(StreamAllocation.java:128)
06-11 10:35:18.058 30334 30461 E JniHttpHelper: 	at com.android.okhttp.internal.http.StreamAllocation.newStream(StreamAllocation.java:97)
06-11 10:35:18.058 30334 30461 E JniHttpHelper: 	at com.android.okhttp.internal.http.HttpEngine.connect(HttpEngine.java:289)
06-11 10:35:18.058 30334 30461 E JniHttpHelper: 	at com.android.okhttp.internal.http.HttpEngine.sendRequest(HttpEngine.java:232)
06-11 10:35:18.058 30334 30461 E JniHttpHelper: 	at com.android.okhttp.internal.huc.HttpURLConnectionImpl.execute(HttpURLConnectionImpl.java:465)
06-11 10:35:18.058 30334 30461 E JniHttpHelper: 	at com.android.okhttp.internal.huc.HttpURLConnectionImpl.connect(HttpURLConnectionImpl.java:131)
06-11 10:35:18.058 30334 30461 E JniHttpHelper: 	at com.earthengine.minimalglobe.JniHttpHelper.httpGet(JniHttpHelper.java:52)
06-11 10:35:18.058 30334 30461 I QMTerrain: httpGet bridge: 0 bytes
06-11 10:35:18.058 30334 30461 I QMTerrain: requestTile: z=11 x=1630 y=1362 body=0 canceled=0
06-11 10:35:18.059 30334 30467 E JniHttpHelper: HTTP GET failed: http://192.168.1.6:8091/11/1629/691.terrain
06-11 10:35:18.059 30334 30467 E JniHttpHelper: java.net.ConnectException: Failed to connect to /192.168.1.6:8091
06-11 10:35:18.059 30334 30467 E JniHttpHelper: 	at com.android.okhttp.internal.io.RealConnection.connectSocket(RealConnection.java:147)
06-11 10:35:18.059 30334 30467 E JniHttpHelper: 	at com.android.okhttp.internal.io.RealConnection.connect(RealConnection.java:116)
06-11 10:35:18.059 30334 30467 E JniHttpHelper: 	at com.android.okhttp.internal.http.StreamAllocation.findConnection(StreamAllocation.java:186)
06-11 10:35:18.059 30334 30467 E JniHttpHelper: 	at com.android.okhttp.internal.http.StreamAllocation.findHealthyConnection(StreamAllocation.java:128)
06-11 10:35:18.059 30334 30467 E JniHttpHelper: 	at com.android.okhttp.internal.http.StreamAllocation.newStream(StreamAllocation.java:97)
06-11 10:35:18.059 30334 30467 E JniHttpHelper: 	at com.android.okhttp.internal.http.HttpEngine.connect(HttpEngine.java:289)
06-11 10:35:18.059 30334 30467 E JniHttpHelper: 	at com.android.okhttp.internal.http.HttpEngine.sendRequest(HttpEngine.java:232)
06-11 10:35:18.059 30334 30467 E JniHttpHelper: 	at com.android.okhttp.internal.huc.HttpURLConnectionImpl.execute(HttpURLConnectionImpl.java:465)
06-11 10:35:18.059 30334 30467 E JniHttpHelper: 	at com.android.okhttp.internal.huc.HttpURLConnectionImpl.connect(HttpURLConnectionImpl.java:131)
06-11 10:35:18.059 30334 30467 E JniHttpHelper: 	at com.earthengine.minimalglobe.JniHttpHelper.httpGet(JniHttpHelper.java:52)
06-11 10:35:18.059 30334 30467 I QMTerrain: httpGet bridge: 0 bytes
06-11 10:35:18.059 30334 30467 I QMTerrain: requestTile: z=11 x=1629 y=1356 body=0 canceled=0
06-11 10:35:18.110 13659 13659 D IHansComunication: HANS sendMessageToKernel: threadId = 492371426368, netLinkSetup = 1, type = FROZEN_TRANS, targetUid = 10307, pkgCmd = PKG_CMD_MAX
06-11 10:35:18.113  3189  3311 D ProcessCpuTrackerExtImpl: mContext is already set, return now! 
06-11 10:35:18.231  1667 15952 I sensors-hal: handle_oplus_wise_rgb_event:230, wise_rgb:algo_type = 3
06-11 10:35:18.232  1667 15952 I sensors-hal: handle_oplus_wise_rgb_event:285, wise_rgb: raw_lux 529.825195, raw_cct 6377.395508, r/g/b/c: 41060.421875/36096.699219/20253.957031/91507.757812, R/G/B: 0.000000/0.000000/0.000000, brl 1529.000000, lux: 529.825195, cct: 6377.395508, ts 242715548212186, cnt 4238
06-11 10:35:18.353  1800  1924 D BatteryChargeControl: bcc get no support from charging protocol
06-11 10:35:18.367  3189  3841 D WifiStaIfaceHidlImpl: getCachedScanData is not implemented by HIDL
06-11 10:35:18.374  4639  4639 D VendorWifiService: onEvent event:9,action:1
06-11 10:35:18.388  3189  3960 D ScorerUtils: isLowTraffic: txTputKBps=0, rxTputKBps=2
06-11 10:35:18.390  3189  3960 D OplusWifiPower_TriggerCenter: mComponentCallback: wifistat
06-11 10:35:18.431  1667 15952 I sensors-hal: handle_oplus_wise_rgb_event:230, wise_rgb:algo_type = 3
06-11 10:35:18.431  1667 15952 I sensors-hal: get_brightness:1652, light_iface: get_brightness, brl 1529, pwm_turbo_on 0/0, hbm_dc 0
06-11 10:35:18.431  1667 15952 I sensors-hal: handle_oplus_wise_rgb_event:285, wise_rgb: raw_lux 517.038574, raw_cct 6364.870117, r/g/b/c: 41072.371094/36254.613281/20314.099609/91349.570312, R/G/B: 0.000000/0.000000/0.000000, brl 1529.000000, lux: 517.038574, cct: 6364.870117, ts 242715747975311, cnt 4239
06-11 10:35:18.632  1667 15952 I sensors-hal: handle_oplus_wise_rgb_event:230, wise_rgb:algo_type = 3
06-11 10:35:18.632  1667 15952 I sensors-hal: handle_oplus_wise_rgb_event:285, wise_rgb: raw_lux 526.202393, raw_cct 6338.026855, r/g/b/c: 41037.000000/36168.859375/20224.152344/91511.312500, R/G/B: 0.000000/0.000000/0.000000, brl 1529.000000, lux: 526.202393, cct: 6338.026855, ts 242715947749738, cnt 4240
06-11 10:35:18.831  1667 15952 I sensors-hal: handle_oplus_wise_rgb_event:230, wise_rgb:algo_type = 3
06-11 10:35:18.831  1667 15952 I sensors-hal: handle_oplus_wise_rgb_event:285, wise_rgb: raw_lux 526.505737, raw_cct 6420.991211, r/g/b/c: 41050.835938/36144.023438/20419.835938/91632.398438, R/G/B: 0.000000/0.000000/0.000000, brl 1529.000000, lux: 526.505737, cct: 6420.991211, ts 242716147468593, cnt 4241
06-11 10:35:18.892  3189  4438 I OplusHansManager : unfreeze uid: 10333 com.tencent.mm pids: [16703, 16806] reason: Packet scene: |StrictMode-1|LcdOn
06-11 10:35:18.894  3189  6099 I OStatsManager_OplusBatteryStatsManager: updateStateTime: PkgName = com.tencent.mm, uid = 10333, state to bg, mForegroundCnt = 0, isFg = false
06-11 10:35:18.897  3189  4433 I OplusHansManager : uid=10333, pkg=com.tencent.mm F exit(), F stay=27, reason=Packet, FrozenActionKeepProxy=false
06-11 10:35:18.898  3189  4441 I OplusHansManager : up_BtScan: uid 10333 isUnProxy true
06-11 10:35:18.921 16806 16812 W tencent.mm:push: Suspending all threads took: 5.147ms
06-11 10:35:18.922 16703 16709 W com.tencent.mm: Suspending all threads took: 8.114ms
06-11 10:35:18.924 16806 16806 D ActivityThread: Package [com.earthengine.minimalglobe] reported as REPLACED, but missing application info. Assuming REMOVED.
06-11 10:35:18.933 16806 16806 D ActivityThread: Package [com.earthengine.minimalglobe] reported as REPLACED, but missing application info. Assuming REMOVED.
06-11 10:35:18.933  1572 18752 E TetherController: property_get sys.radio.data.modem_share_flag return 0, 1!
06-11 10:35:18.941  1656  5403 I vendor.qti.bluetooth@1.0-ibs_handler: [ibs_handler.cpp:778] ProcessIbsCmd: Received IBS_WAKE_IND: 0xFD
06-11 10:35:18.941  1656  5403 D vendor.qti.bluetooth@1.0-ibs_handler: [ibs_handler.cpp:372] SerialClockVote: vote for UART CLK ON
06-11 10:35:18.941  1656  5403 D vendor.qti.bluetooth@1.0-wake_lock: [wake_lock.cpp:135] Acquire wakelock is acquired 
06-11 10:35:18.941  1656  5403 I vendor.qti.bluetooth@1.0-ibs_handler: [ibs_handler.cpp:795] ProcessIbsCmd: Writing IBS_WAKE_ACK
06-11 10:35:18.943 16703 16703 D ActivityThread: Package [com.earthengine.minimalglobe] reported as REPLACED, but missing application info. Assuming REMOVED.
06-11 10:35:18.951 16703 16703 D ActivityThread: Package [com.earthengine.minimalglobe] reported as REPLACED, but missing application info. Assuming REMOVED.
06-11 10:35:18.957  4454  5101 V MonthTrafficAlert: getWarningNotification subId:2 numWarningNotificaion:0
06-11 10:35:18.983  1656  5403 I vendor.qti.bluetooth@1.0-ibs_handler: [ibs_handler.cpp:825] ProcessIbsCmd: Received IBS_SLEEP_IND: 0xFE
06-11 10:35:18.983  1656  5403 D vendor.qti.bluetooth@1.0-ibs_handler: [ibs_handler.cpp:391] SerialClockVote: vote for UART CLK OFF
06-11 10:35:18.989 18957 18957 D ClockTag_ClockWidget.ClockWidgetWeatherService: stop refresh service self
06-11 10:35:18.993 18957 18957 D ClockTag_ClockWidget.ClockWidgetWeatherService: ClockWidgetWeatherService onDestroy
06-11 10:35:19.006  3189  3623 D ActivityManager: Async freezing 18957 com.coloros.alarmclock:clockWidget
06-11 10:35:19.006 18957 18957 D ClockTag_AlarmClockApplication: onTrimMemory: 40
06-11 10:35:19.029  1667 15952 I sensors-hal: handle_oplus_wise_rgb_event:230, wise_rgb:algo_type = 3
06-11 10:35:19.029  1667 15952 I sensors-hal: handle_oplus_wise_rgb_event:285, wise_rgb: raw_lux 529.713989, raw_cct 6476.040527, r/g/b/c: 41147.105469/36242.679688/20601.179688/92024.773438, R/G/B: 0.000000/0.000000/0.000000, brl 1529.000000, lux: 529.713989, cct: 6476.040527, ts 242716347228488, cnt 4242
06-11 10:35:19.030  1667 15988 I sensors-hal: handle_oplus_wise_rgb_event:301, oplus wise_rgb sample: (4242)(cct, lux, ir_ratio, r, g, b, c)[6476, 529, 32, 41147, 36242, 20601, 92024]
06-11 10:35:19.042  4639  8246 D CommonApp-194-10602: transport layer data is invalid
06-11 10:35:19.042  4639  8246 D ScorePolicy: handleScoreChanged: []
06-11 10:35:19.042  4639  8246 D ScorePolicy: handleScoreChanged: []
06-11 10:35:19.042  4639  8246 D ScorePolicy: handleScoreChanged: []
06-11 10:35:19.131 16806 24527 I mars::stn: [longlink_connect_monitor.cc:538, OnHeartbeatAlarmSet]:longlink_progress on_heartbeat_set, time: 242716457, time interval:210000
06-11 10:35:19.133  1656  5071 D vendor.qti.bluetooth@1.0-wake_lock: [wake_lock.cpp:158] Release wakelock is released 
06-11 10:35:19.225 16703 30799 I mars::cdn: [connection_factory.cc:2143, __ReorderIPv6Address]:QUIC ipv6 move ahead (ipstack 1 reason 0) 8:183.66.106.213:443|183.66.106.213:8000|183.66.106.227:443|183.66.106.227:8000|180.102.97.38:443|180.102.97.38:8000|180.109.53.171:443|180.109.53.171:8000|
06-11 10:35:19.233  1667 15952 I sensors-hal: handle_oplus_wise_rgb_event:230, wise_rgb:algo_type = 3
06-11 10:35:19.233  1667 15952 I sensors-hal: handle_oplus_wise_rgb_event:285, wise_rgb: raw_lux 529.046631, raw_cct 6468.641113, r/g/b/c: 41218.992188/36402.257812/20540.115234/92109.546875, R/G/B: 0.000000/0.000000/0.000000, brl 1529.000000, lux: 529.046631, cct: 6468.641113, ts 242716547069999, cnt 4243
06-11 10:35:19.247 16703 30799 I mars::cdn: [connection_factory.cc:1088, _GetOrCreateQUICConnection]:cdntask 157 create conn 0x750948d058(65626)@QUIC
06-11 10:35:19.247 16703 30799 I mars::cdn: [taskbase.cc:1630, OnMainConnectionEnstablished]:cdntask 157 connect ok 183.66.106.213:443 *0x750948d058(65626)@QUIC* source NEW overvpn false, prev addr:0.0.0.0:0, proxyaddr:0.0.0.0:0, cost:(19,19)
06-11 10:35:19.278 16703 30799 I mars::cdn: [netchannel_base.cc:84, _HandleReuseableConnections]:cdntask 157 putback conn 0x750948d058(65626)@QUIC *183.66.106.213:443@QUIC* to cache.
06-11 10:35:19.357  1800  1924 D BatteryChargeControl: bcc get no support from charging protocol
06-11 10:35:19.405  6858 14684 D gaia-GaiaConnectChecker: start connect check++
06-11 10:35:19.417  3189  3765 V AlarmManager: sending alarm Alarm{8611607 type 1 origWhen 1781145319417 whenElapsed 242716743 android} uid 1000 whenElapsed 242716743 windowLength 0 maxWhenElapsed 242716743 repeatInterval 0 action null component null tag StorgaeBandInfoAlarmTag flags 0x9 procName system_server
06-11 10:35:19.418  3189 27614 E OplusStorageUFSBandwidth: storage_io_metrics_path is /proc/oplus_storage/io_metrics/forever/
06-11 10:35:19.418  3189 27614 E OplusStorageUFSBandwidth: Bandwidth - Read: 0.00 MB/s, Write: 1.50 MB/s
06-11 10:35:19.418  3189 27614 E OplusStorageUFSBandwidth: Task time: 0ms
06-11 10:35:19.423  3189 27614 E OplusStorageUFSBandwidth: Alarm set to trigger in 10 seconds
06-11 10:35:19.430  1667 15952 I sensors-hal: handle_oplus_wise_rgb_event:230, wise_rgb:algo_type = 3
06-11 10:35:19.430  1667 15952 I sensors-hal: get_brightness:1652, light_iface: get_brightness, brl 1529, pwm_turbo_on 0/0, hbm_dc 0
06-11 10:35:19.430  1667 15952 I sensors-hal: handle_oplus_wise_rgb_event:285, wise_rgb: raw_lux 522.391846, raw_cct 6428.612305, r/g/b/c: 41206.437500/36585.500000/20615.123047/91931.734375, R/G/B: 0.000000/0.000000/0.000000, brl 1529.000000, lux: 522.391846, cct: 6428.612305, ts 242716746980624, cnt 4244
06-11 10:35:19.630  1667 15952 I sensors-hal: handle_oplus_wise_rgb_event:230, wise_rgb:algo_type = 3
06-11 10:35:19.630  1667 15952 I sensors-hal: handle_oplus_wise_rgb_event:285, wise_rgb: raw_lux 505.199951, raw_cct 6400.431152, r/g/b/c: 41290.343750/36657.812500/20615.189453/91454.054688, R/G/B: 0.000000/0.000000/0.000000, brl 1529.000000, lux: 505.199951, cct: 6400.431152, ts 242716946859530, cnt 4245
06-11 10:35:19.647 12732 14058 E MIDASApplication: MIDASPullAtomManager: onPullAtom 150122
06-11 10:35:19.674  3189  4338 W Settings: Setting notification_bubbles has moved from android.provider.Settings.Global to android.provider.Settings.Secure, returning read-only value.
06-11 10:35:19.675  3189  4338 W Settings: Setting apply_ramping_ringer has moved from android.provider.Settings.Global to android.provider.Settings.System, returning read-only value.
06-11 10:35:19.680  3189  4338 W SettingsStatsUtil: Can not parse value to float: +network
06-11 10:35:19.687  3189  4338 W SettingsStatsUtil: Can not parse value to float: +network
06-11 10:35:19.761 25296 26328 W HapContentObserver: uri: content://com.android.launcher.OplusFavoritesProvider
06-11 10:35:19.761 25296 26328 D HapContentObserver: key: 77112956 , task: 170344353
06-11 10:35:19.761 25296 26328 D ContentResolverTask: uri: content://com.android.launcher.OplusFavoritesProvider contains: false task: 170344353
06-11 10:35:19.762  8852  9153 D SmartSidebar.LauncherTableObserver: (Sidebar_HandlerThread)onChange() selfChange = false
06-11 10:35:19.762  8852  9153 D SmartSidebar.LauncherTableObserver: (Sidebar_HandlerThread)LauncherTableObserver changed
06-11 10:35:19.763  4650 23458 I PantaCard.Lnch.InstantCardEngine:  100281&1888747526&3_sid=536877097_rk=03cc59,sendMessageToCard, cardTag:100281&1888747526&3, false, newData.size = 115, code = 0, hasLoaded: true[sdk:v1.3.130-5a024cf,seed-plugin:v16.56.0-85a272db,app:v16.4.25] [OplusLauncher|com.android.launcher|2.0.44-25e9612]
06-11 10:35:19.764  4650  6739 D ExtensionManager: system.localconnection :1:registerCallback tid:5275
06-11 10:35:19.764  4650 23595 D JsConsole: breeno2X2-launcher(rsUDrjLDfb7Y)::TimerManager: tag：TimerManager::replaceGlobalTimer setTimeout id：F5JrIYEcWl
06-11 10:35:19.764  4650 23595 D JsConsole: breeno2X2-launcher(rsUDrjLDfb7Y)::TimerManager: tag：debounce setTimeout id：twDN4RfDWq
06-11 10:35:19.782  8454 15046 I ContextAware_SameScreenUtil: curScreenApps size:13
06-11 10:35:19.815  4650 23595 D JsBridgeTimer: com.oppoopen.apptipcard setTimeoutCallback id:686
06-11 10:35:19.815  4650 23595 D JsConsole: breeno2X2-launcher(rsUDrjLDfb7Y)::TimerManager: invoke real timeout callback by JS thread,id：twDN4RfDWq
06-11 10:35:19.816  4650 23595 D JsConsole: breeno2X2-launcher(rsUDrjLDfb7Y)::app_badge_observer: get badge result(globalBadgeType:1),LauncherSupportBadgeNum(true),EngineSupportBadgeNum(true),UmsSupportBadgeNum(true) : {"▼∩plji.jiaojy.fdbqt▼∩":{"value":0,"badgeType":1},"▼∩fcpmhmbnjojn.fojhofiusbf.npd▼∩":{"value":0,"badgeType":0},"▼∩fnfxb.dhv.ejpseob.tt.npd▼∩":{"value":1000,"badgeType":1},"▼∩nn.uofdofu.npd▼∩":{"value":622,"badgeType":1}}
06-11 10:35:19.820  4650  4650 W UxColorist: isGlobalForceInspiration key: 9749804 , forceTheme : false
06-11 10:35:19.820  4650  4650 D Component: isGlobalAllowed:false
06-11 10:35:19.820  4650  4650 D UxColorist: forceInspiration: false, mode: 0, coloristAttribute: att(c=#ffffffff,bgC=#ffeb3b2f,tC=,tBgC=,fT=true ,bgIM=) , cardview : 9749804
06-11 10:35:19.820  4650  4650 D UxColorist: generateNormalResult result: result(color=#FFFFFFFF,bgColor=#FFEB3B2F})
06-11 10:35:19.822  4650  4650 D TextLayoutView:  lineMax:78.0 lineCount:1 borderWidth: 78
06-11 10:35:19.822  4650  4650 D TextLayoutView: onLayout mText: 622, mIsTruncated:false
06-11 10:35:19.822  4650  4650 W ViewUtils: childView no Component
06-11 10:35:19.822  4650  4650 D LayoutHelper: bq@0x94c52c scheduleMeasureLayout   8
06-11 10:35:19.830  1667 15952 I sensors-hal: handle_oplus_wise_rgb_event:230, wise_rgb:algo_type = 3
06-11 10:35:19.830  1667 15952 I sensors-hal: handle_oplus_wise_rgb_event:285, wise_rgb: raw_lux 511.401123, raw_cct 6424.034668, r/g/b/c: 41032.667969/36349.902344/20496.562500/91408.164062, R/G/B: 0.000000/0.000000/0.000000, brl 1529.000000, lux: 511.401123, cct: 6424.034668, ts 242717146730207, cnt 4246
06-11 10:35:19.831  4650  4650 W ViewUtils: childView no Component
06-11 10:35:19.831  4650  4650 W LayoutHelper: bq@0x94c52c do measure layout inner
06-11 10:35:19.831  4650  4650 D CardView: 0x94c52c onMeasure: w(522, EXACTLY), h(583, EXACTLY)
06-11 10:35:19.833  4650  4650 D SizeContentQuery: paddingLeft: 0.0 paddingRight: 0.0 paddingTop: 0.0 paddingBottom: 0.0 parentNode.layoutWidth: 522.0 parentNode.layoutHeight: 583.0
06-11 10:35:19.833  4650  4650 D SizeContentQuery: real minWidth: 522.0 SizeContentQuery: cqPercent: 100.0 unitMode: 1  hashCode: 246763769}
06-11 10:35:19.833  4650  4650 D SizeContentQuery: paddingLeft: 0.0 paddingRight: 0.0 paddingTop: 0.0 paddingBottom: 0.0 parentNode.layoutWidth: 522.0 parentNode.layoutHeight: 583.0
06-11 10:35:19.833  4650  4650 D SizeContentQuery: real minWidth: 522.0 SizeContentQuery: cqPercent: 100.0 unitMode: 1  hashCode: 192251966}
06-11 10:35:19.834  4650  4650 D SizeContentQuery: paddingLeft: 0.0 paddingRight: 0.0 paddingTop: 0.0 paddingBottom: 0.0 parentNode.layoutWidth: 522.0 parentNode.layoutHeight: 583.0
06-11 10:35:19.834  4650  4650 D SizeContentQuery: real minWidth: 522.0 SizeContentQuery: cqPercent: 100.0 unitMode: 1  hashCode: 246763769}
06-11 10:35:19.834  4650  4650 D SizeContentQuery: paddingLeft: 0.0 paddingRight: 0.0 paddingTop: 0.0 paddingBottom: 0.0 parentNode.layoutWidth: 522.0 parentNode.layoutHeight: 583.0
06-11 10:35:19.834  4650  4650 D SizeContentQuery: real minWidth: 522.0 SizeContentQuery: cqPercent: 100.0 unitMode: 1  hashCode: 192251966}
06-11 10:35:20.030  1667 15952 I sensors-hal: handle_oplus_wise_rgb_event:230, wise_rgb:algo_type = 3
06-11 10:35:20.030  1667 15952 I sensors-hal: handle_oplus_wise_rgb_event:285, wise_rgb: raw_lux 528.333252, raw_cct 6440.764648, r/g/b/c: 40787.687500/36139.136719/20422.808594/91661.007812, R/G/B: 0.000000/0.000000/0.000000, brl 1529.000000, lux: 528.333252, cct: 6440.764648, ts 242717346583332, cnt 4247
06-11 10:35:20.066  4639  8246 D CommonApp-194-10602: transport layer data is invalid
06-11 10:35:20.067  4639  8246 D ScorePolicy: handleScoreChanged: []
06-11 10:35:20.067  4639  8246 D ScorePolicy: handleScoreChanged: []
06-11 10:35:20.067  4639  8246 D ScorePolicy: handleScoreChanged: []
06-11 10:35:20.230  1667 15952 I sensors-hal: handle_oplus_wise_rgb_event:230, wise_rgb:algo_type = 3
06-11 10:35:20.230  1667 15952 I sensors-hal: handle_oplus_wise_rgb_event:285, wise_rgb: raw_lux 537.766479, raw_cct 6495.732422, r/g/b/c: 40679.207031/36139.410156/20422.875000/91635.296875, R/G/B: 0.000000/0.000000/0.000000, brl 1529.000000, lux: 537.766479, cct: 6495.732422, ts 242717546400311, cnt 4248
06-11 10:35:20.307  3189  4433 I OplusHansManager : uid=10136, pkg=com.baidu.input_oppo cannot transition from R to M, importance=input
06-11 10:35:20.308  3189  4433 I OplusHansManager : uid=10370, pkg=com.tencent.android.qqdownloader cannot transition from R to M, importance=screenRecorder
06-11 10:35:20.360  1800  1924 D BatteryChargeControl: bcc get no support from charging protocol
06-11 10:35:20.429  1667 15952 I sensors-hal: handle_oplus_wise_rgb_event:230, wise_rgb:algo_type = 3
06-11 10:35:20.429  1667 15988 I sensors-hal: get_brightness:1652, light_iface: get_brightness, brl 1529, pwm_turbo_on 0/0, hbm_dc 0
06-11 10:35:20.429  1667 15952 I sensors-hal: handle_oplus_wise_rgb_event:285, wise_rgb: raw_lux 527.778320, raw_cct 6534.789062, r/g/b/c: 40847.761719/36069.839844/20528.814453/91553.195312, R/G/B: 0.000000/0.000000/0.000000, brl 1529.000000, lux: 527.778320, cct: 6534.789062, ts 242717746185520, cnt 4249
06-11 10:35:20.447  3189  4244 I Osense-BaseDecisionMaker: notifySceneToAthenaPolicy: SCENE_IDLE_RECOVER, bundle: Bundle[{scene=SCENE_IDLE_RECOVER}]
06-11 10:35:20.448  3189  4244 I Osense-BaseDecisionMaker: scene: SCENE_IDLE_RECOVER, excutingPolicy: respreload
06-11 10:35:20.448  3189  4244 D Osense-BaseDecisionMaker: invoke process preload policy
06-11 10:35:20.448  3189  4244 I Osense-BaseDecisionMaker: scene: SCENE_IDLE_RECOVER, excutingPolicy: clear
06-11 10:35:20.448  3189  4244 D Osense-BaseDecisionMaker: invoke clear policy,type: unforbid
06-11 10:35:20.449  3189  4244 I OsenseKillAction: KillAction: skip reason: non-low-mem-req, req_id=12453, enable=true, scene=SCENE_IDLE_RECOVER, type=unforbid, cchOnly=false, appcare=0, bloM=false, bloP=false
06-11 10:35:20.629  1667 15952 I sensors-hal: handle_oplus_wise_rgb_event:230, wise_rgb:algo_type = 3
06-11 10:35:20.630  1667 15952 I sensors-hal: handle_oplus_wise_rgb_event:285, wise_rgb: raw_lux 518.384766, raw_cct 6431.068359, r/g/b/c: 41028.199219/36140.652344/20468.277344/91255.648438, R/G/B: 0.000000/0.000000/0.000000, brl 1529.000000, lux: 518.384766, cct: 6431.068359, ts 242717945929478, cnt 4250
06-11 10:35:20.661  3189  3992 D OplusNetKit: interface name from LP: [rmnet_data1]
06-11 10:35:20.662  3189  3992 D OplusNetKit: interface name from LP: [wlan0]
06-11 10:35:20.662  3189  3992 D OplusNetKit: in getLpByInterface name from LP: [rmnet_data1]
06-11 10:35:20.662  3189  3992 D OplusNetKit: in getLpByInterface name from LP: [wlan0]
06-11 10:35:20.662  3189  3992 D OplusNetKit: in getLpByInterface name from LP: [rmnet_data1]
06-11 10:35:20.662  3189  3992 D OplusNetKit: in getLpByInterface name from LP: [wlan0]
06-11 10:35:20.696  3189  3819 W Binder  : Outgoing transactions from this process must be FLAG_ONEWAY
06-11 10:35:20.696  3189  3819 W Binder  : java.lang.Throwable
06-11 10:35:20.696  3189  3819 W Binder  : 	at android.os.BinderProxy.transact(BinderProxy.java:639)
06-11 10:35:20.696  3189  3819 W Binder  : 	at android.content.ContentProviderProxy.insert(ContentProviderNative.java:587)
06-11 10:35:20.696  3189  3819 W Binder  : 	at android.content.ContentProviderClient.insert(ContentProviderClient.java:347)
06-11 10:35:20.696  3189  3819 W Binder  : 	at android.content.ContentProviderClient.insert(ContentProviderClient.java:336)
06-11 10:35:20.696  3189  3819 W Binder  : 	at com.oplus.util.OplusStatisticsImpl.insert(OplusStatisticsImpl.java:307)
06-11 10:35:20.696  3189  3819 W Binder  : 	at com.oplus.util.OplusStatisticsImpl.sendDataToDCS(OplusStatisticsImpl.java:287)
06-11 10:35:20.696  3189  3819 W Binder  : 	at com.oplus.util.OplusStatisticsImpl.flushInternal(OplusStatisticsImpl.java:264)
06-11 10:35:20.696  3189  3819 W Binder  : 	at com.oplus.util.OplusStatisticsImpl.lambda$setDelayFlushJobIfNeed$4(OplusStatisticsImpl.java:211)
06-11 10:35:20.696  3189  3819 W Binder  : 	at com.oplus.util.OplusStatisticsImpl.$r8$lambda$4UYTp2NCu6Rml69JNqEuK7o54SI(Unknown Source:0)
06-11 10:35:20.696  3189  3819 W Binder  : 	at com.oplus.util.OplusStatisticsImpl$$ExternalSyntheticLambda5.run(D8$$SyntheticClass:0)
06-11 10:35:20.696  3189  3819 W Binder  : 	at java.util.concurrent.Executors$RunnableAdapter.call(Executors.java:524)
06-11 10:35:20.696  3189  3819 W Binder  : 	at java.util.concurrent.FutureTask.run(FutureTask.java:343)
06-11 10:35:20.696  3189  3819 W Binder  : 	at java.util.concurrent.ScheduledThreadPoolExecutor$ScheduledFutureTask.run(ScheduledThreadPoolExecutor.java:348)
06-11 10:35:20.696  3189  3819 W Binder  : 	at java.util.concurrent.ThreadPoolExecutor.runWorker(ThreadPoolExecutor.java:1156)
06-11 10:35:20.696  3189  3819 W Binder  : 	at java.util.concurrent.ThreadPoolExecutor$Worker.run(ThreadPoolExecutor.java:651)
06-11 10:35:20.696  3189  3819 W Binder  : 	at java.lang.Thread.run(Thread.java:1119)
06-11 10:35:20.699 25958 26007 I MMKV    : <MMKV_IO.cpp:456::writeActualSize> [mmkv.default] increase sequence to 350517, crc 3623910653, actualSize 769
06-11 10:35:20.711  3189  3992 D OplusArpKit: sendGatewayMacAddress ifaceName=wlan0 gatewayMac=60:**:**:**:83:d8 gatewayIp=192.168.100.***
06-11 10:35:20.712  3189  3990 D OplusNetKit: in getLpByInterface name from LP: [rmnet_data1]
06-11 10:35:20.713  3189  3990 D OplusNetKit: in getLpByInterface name from LP: [wlan0]
06-11 10:35:20.762  8852  9153 D SmartSidebar.ShortcutEntryHelper: (Sidebar_HandlerThread)loadShortcuts
06-11 10:35:20.773  4650 19955 W OPLUS_LOG_LOAD: ==LOGS PROG INFO, prog(com.android.launcher) ==
06-11 10:35:20.773  4650 19955 E CursorWindow: Failed alloc newOffset: 2087976mAllocOffset: 2047084mSlotsOffset: 2069792: No such file or directory
06-11 10:35:20.773  4650 19955 E CursorWindow: Failed NO_MEMORY: No such file or directory
06-11 10:35:20.794  4650 25293 E CursorWindow: Failed alloc newOffset: 2092576mAllocOffset: 2048116mSlotsOffset: 2064032: No such file or directory
06-11 10:35:20.794  4650 25293 E CursorWindow: Failed NO_MEMORY: No such file or directory
06-11 10:35:20.805  4650 19955 E CursorWindow: Failed alloc newOffset: 2087976mAllocOffset: 2047084mSlotsOffset: 2069792: No such file or directory
06-11 10:35:20.805  4650 19955 E CursorWindow: Failed NO_MEMORY: No such file or directory
06-11 10:35:20.809  4650 23082 E CursorWindow: Failed alloc newOffset: 2092576mAllocOffset: 2048116mSlotsOffset: 2064032: No such file or directory
06-11 10:35:20.809  4650 23082 E CursorWindow: Failed NO_MEMORY: No such file or directory
06-11 10:35:20.811  4650 23082 W libc    : Access denied finding property "vendor.display.enable_optimal_refresh_rate"
06-11 10:35:20.811  4650 23082 D BufferQueueConsumer: [](id:122a00000596,api:0,p:-1,c:4650) connect: controlledByApp=true
06-11 10:35:20.811  4650 23082 D BufferQueueConsumer: [unnamed-4650-1430](id:122a00000596,api:0,p:-1,c:4650) setMaxAcquiredBufferCount: 2
06-11 10:35:20.812  4650  4900 D skia    : setRusSupported enable 1
06-11 10:35:20.812  4650  4900 D HWUI    : createSurface new attribs array
06-11 10:35:20.813  4650  4900 D libEGL  : this is from skia gles
06-11 10:35:20.813  4650  4900 D BufferQueueProducer: [ImageReader-210x210f1u2816m2-4650-1290](id:122a00000596,api:1,p:4650,c:4650) connect: api=1 producerControlledByApp=true
06-11 10:35:20.820  4650  4900 D HWUI    : SkiaOpenGLPipeline::setSurface: this=0xb400007950129940, surface=NULL
06-11 10:35:20.823  4650  4900 D BufferQueueProducer: [ImageReader-210x210f1u2816m2-4650-1290](id:122a00000596,api:1,p:4650,c:4650) disconnect: api 1
06-11 10:35:20.823  4650 23082 D BufferQueueConsumer: [ImageReader-210x210f1u2816m2-4650-1290](id:122a00000596,api:0,p:-1,c:4650) disconnect
06-11 10:35:20.828  1667 15952 I sensors-hal: handle_oplus_wise_rgb_event:230, wise_rgb:algo_type = 3
06-11 10:35:20.828  1667 15952 I sensors-hal: handle_oplus_wise_rgb_event:285, wise_rgb: raw_lux 507.731445, raw_cct 6415.569336, r/g/b/c: 41149.847656/36226.343750/20438.470703/91207.281250, R/G/B: 0.000000/0.000000/0.000000, brl 1529.000000, lux: 507.731445, cct: 6415.569336, ts 242718145701561, cnt 4251
06-11 10:35:20.830  3189  6314 I AICCTModule: SensorFilter: findSecondNearestValue, sensorValue: 6391.8965 nearestMaxValue:6400.431 secondNearestValue: 6415.5693
06-11 10:35:20.830  3189  6314 I AICCTModule: SensorFilter: findSecondNearestValue, sensorValue: 526.34656 nearestMaxValue:2.1474836E9 secondNearestValue: 507.73145
06-11 10:35:20.830  3189  6314 I AICCTModule: AICurveModel: findPointByX x:13.409724, rightPoint:Point:(13.41, 6855.932, 6855.932)
06-11 10:35:20.830  3189  6314 I AICCTModule: AICurveModel: StablePoints has no dragSplineLine
06-11 10:35:20.831  3189  6314 I AICCTModule: AICurveModel: findPointByY y:6847.0044, rightPoint:Point:(13.4, 6847.0044, 6847.0044)
06-11 10:35:20.831  3189  6314 I AICCTModule: AICurveModel: findPointByY y:6847.0044, rightPoint:Point:(13.4, 6847.0044, 6847.0044)
06-11 10:35:20.831  3189  6314 I AICCTModule: AICurveModel: findPointByY y:6847.0044, rightPoint:Point:(13.4, 6847.0044, 6847.0044)
06-11 10:35:20.831  3189  6314 I AICCTModule: AICurveModel: StablePoints y1Left:6847.0044, y2Left:0.0, leftY:6847.0044
06-11 10:35:20.831  3189  6314 I AICCTModule: AICurveModel: findPointByY y:6847.0044, rightPoint:Point:(13.4, 6847.0044, 6847.0044)
06-11 10:35:20.831  3189  6314 I AICCTModule: AICurveModel: findPointByY y:6847.0044, rightPoint:Point:(13.4, 6847.0044, 6847.0044)
06-11 10:35:20.831  3189  6314 I AICCTModule: AICurveModel: getNextPoint isLargeChange, 6416.0107, 6855.932
06-11 10:35:20.832  3189  6314 I AICCTModule: AICurveModel: handleUpdateCCT cct change from:(6400.000000,6847.004395)->(6416.010742,6855.932129),curPoint(6416.010742,6855.932129),stablePoint=LeftLarge(6400.0,6847.0044)-RightLarge(6400.0,6847.0044),LeftSmall(6400.0,6847.0044)-RightSmall(6400.0,6847.0044),TLSmall(6400.0,6847.0044)-TRSmall(6400.0,6847.0044)
06-11 10:35:20.832  3189  6314 I AICCTModule: AICurveModel: onTargetCCTChange cct change to 6855.932
06-11 10:35:20.926  1699  1958 D IRIS_LOG_SERV: panelReadWrite: type 255 set color matrix
06-11 10:35:20.928  1699  2116 D IRIS_LOG_SERV: InternalConfig: 191 0
06-11 10:35:20.928  1699  2116 D IRIS_LOG_SERV: InternalConfig: 191 0 ret: 0
06-11 10:35:20.932  4650 25293 W libc    : Access denied finding property "vendor.display.enable_optimal_refresh_rate"
06-11 10:35:20.932  4650 25293 D BufferQueueConsumer: [](id:122a00000597,api:0,p:-1,c:4650) connect: controlledByApp=true
06-11 10:35:20.932  4650 25293 D BufferQueueConsumer: [unnamed-4650-1431](id:122a00000597,api:0,p:-1,c:4650) setMaxAcquiredBufferCount: 2
06-11 10:35:20.932  4650  4900 D skia    : setRusSupported enable 1
06-11 10:35:20.932  4650  4900 D HWUI    : createSurface new attribs array
06-11 10:35:20.933  4650  4900 D libEGL  : this is from skia gles
06-11 10:35:20.933  4650  4900 D BufferQueueProducer: [ImageReader-210x210f1u2816m2-4650-1291](id:122a00000597,api:1,p:4650,c:4650) connect: api=1 producerControlledByApp=true
06-11 10:35:20.938  4650  4900 D HWUI    : SkiaOpenGLPipeline::setSurface: this=0xb400007949216380, surface=NULL
06-11 10:35:20.941  4650  4900 D BufferQueueProducer: [ImageReader-210x210f1u2816m2-4650-1291](id:122a00000597,api:1,p:4650,c:4650) disconnect: api 1
06-11 10:35:20.941  4650 25293 D BufferQueueConsumer: [ImageReader-210x210f1u2816m2-4650-1291](id:122a00000597,api:0,p:-1,c:4650) disconnect
06-11 10:35:20.970  8852  9153 D SmartSidebar.ShortcutEntryHelper: (Sidebar_HandlerThread)loadShortcuts: mShortcuts=[Title = 逍遥剧场, itemType = 1, userId = 0, platform = com.*****.android.ugc.aweme, shortcutId = dHQyMjQ5NTRmNGJkN2FlYTA2MDE=, isValid = true, icon's hash = -1675194546, Title = 游戏助手, itemType = 1, userId = 0, platform = com.*****.games, shortcutId = Z2FtZV9hc3Npc3RhbnRfcGlubmVkX3Nob3J0Y3V0X2lk, isValid = true, icon's hash = 552289295, Title = 小布记忆, itemType = 1, userId = 0, platform = com.*****.aimemory, shortcutId = Y29tLm9wbHVzLmFpbWVtb3J5X2R5bmFtaWM=, isValid = true, icon's hash = 1403481772, Title = 小布扫一扫, itemType = 1, userId = 0, platform = com.*****.ocrscanner, shortcutId = 5bCP5biD5omr5LiA5omr, isValid = true, icon's hash = -335026558]
06-11 10:35:20.977  3189  3251 W SettingsProvider: notifyForSettingsChange delay for eyeprotect_display_cct, value: 6856, delta: 0, lastNotifyTimestamp: 200814699, minInterval: 10
06-11 10:35:21.028  1667 15952 I sensors-hal: handle_oplus_wise_rgb_event:230, wise_rgb:algo_type = 3
06-11 10:35:21.028  1667 15988 I sensors-hal: handle_oplus_wise_rgb_event:301, oplus wise_rgb sample: (4252)(cct, lux, ir_ratio, r, g, b, c)[6461, 514, 34, 41053, 36286, 20542, 91498]
06-11 10:35:21.029  1667 15952 I sensors-hal: handle_oplus_wise_rgb_event:285, wise_rgb: raw_lux 514.445557, raw_cct 6461.319824, r/g/b/c: 41053.925781/36286.992188/20542.888672/91498.664062, R/G/B: 0.000000/0.000000/0.000000, brl 1529.000000, lux: 514.445557, cct: 6461.319824, ts 242718345462343, cnt 4252
06-11 10:35:21.048  3189  4000 I ServiceConnector.Impl: unbindJobThread: connection = ServiceConnector@804(Intent { act=android.permission.PermissionControllerService xflg=0x4 cmp=com.android.permissioncontroller/.permission.service.PermissionControllerServiceImpl mCallingUid=1000 }, user: 0)[Unbinding...]service = android.permission.IPermissionController$Stub$Proxy@2d0720b mBinding = false
06-11 10:35:21.050  7809  7809 D PermissionControllerLifecycleService: onUnbind
06-11 10:35:21.051  7809  7809 D ServiceLifecycleDispatcher: move state from: 'CREATED' to: 'CREATED'
06-11 10:35:21.051  7809  7809 D PermissionControllerLifecycleService: onDestroy
06-11 10:35:21.051  7809  7809 D ServiceLifecycleDispatcher: move state from: 'CREATED' to: 'CREATED'
06-11 10:35:21.052  7809  7809 D ServiceLifecycleDispatcher: move state from: 'CREATED' to: 'DESTROYED'
06-11 10:35:21.052  3189  3606 D ActivityManager: Async freezing 7809 com.android.permissioncontroller
06-11 10:35:21.089  4639  8246 D CommonApp-194-10602: transport layer data is invalid
06-11 10:35:21.090  4639  8246 D ScorePolicy: handleScoreChanged: []
06-11 10:35:21.090  4639  8246 D ScorePolicy: handleScoreChanged: []
06-11 10:35:21.090  4639  8246 D ScorePolicy: handleScoreChanged: []
06-11 10:35:21.191  3189  6097 I OGuardManager_ModuleUsageUpdateHelper: UsingResourceUids:{10096, 10122, 10224, 10249, 10333, 10334}, notUsingUids:[10125, 10141, 10169, 10288, 10370]
06-11 10:35:21.191  3189  6097 I OGuardManager_AppUsagePowerMonitor: runAppUsageMonitor, last and new map is null.
06-11 10:35:21.228  1667 15952 I sensors-hal: handle_oplus_wise_rgb_event:230, wise_rgb:algo_type = 3
06-11 10:35:21.229  1667 15952 I sensors-hal: handle_oplus_wise_rgb_event:285, wise_rgb: raw_lux 521.381470, raw_cct 6456.937500, r/g/b/c: 40946.253906/36298.378906/20482.880859/91651.523438, R/G/B: 0.000000/0.000000/0.000000, brl 1529.000000, lux: 521.381470, cct: 6456.937500, ts 242718545239843, cnt 4253
06-11 10:35:21.246 12732 13406 D ShellSubscriberWorkerThread: the first 8 bytes empty, and RestData length > 8 
06-11 10:35:21.253  4329  4513 W OPLUS_LOG_LOAD: ==LOGS PROG INFO, prog(com.android.systemui) ==
06-11 10:35:21.253  4329  4513 I SystemUi--Statusbar: OplusNetworkSpeedControllExImpl-->updateNetworkSpeed: isConnected:true,isSwitchOn:true,isSuspend:false,isPause:false
06-11 10:35:21.256  4329  4513 I SystemUi--Statusbar: OplusNetworkSpeedControllExImpl-->getTotalByte: totalRxBytes:11578964337,totalTxBytes:3541714041,loopbackTxBytes:2982614719,loopbackRxBytes:2982614239 ,totalBytes:9155449420
06-11 10:35:21.286  6716 14981 I CardConfig.CardConfigRepository: subscribePackageChange4Ocs, check ocs [base|com.oplus.pantanal.ums|2.0.44-25e9612]
06-11 10:35:21.349  3189  3610 D osense.compress: com.tencent.mm do shrink, target ratio = 80, final ratio = 90, cur ratio = 71
06-11 10:35:21.362  1800  1924 D BatteryChargeControl: bcc get no support from charging protocol
06-11 10:35:21.384  3189  3841 D WifiStaIfaceHidlImpl: getCachedScanData is not implemented by HIDL
06-11 10:35:21.395  4639  4639 D VendorWifiService: onEvent event:9,action:1
06-11 10:35:21.403  3189  3960 D ScorerUtils: isLowTraffic: txTputKBps=2, rxTputKBps=6
06-11 10:35:21.403  3189  3960 D OplusWifiPower_TriggerCenter: mComponentCallback: wifistat
06-11 10:35:21.418  3189  3765 V AlarmManager: sending alarm Alarm{783dda6 type 1 origWhen 1781145321418 whenElapsed 242718744 android} uid 1000 whenElapsed 242718744 windowLength 0 maxWhenElapsed 242718744 repeatInterval 0 action null component null tag StorgaeBandInfoAlarmTag flags 0x9 procName system_server
06-11 10:35:21.418  3189 27614 E OplusStorageUFSBandwidth: storage_io_metrics_path is /proc/oplus_storage/io_metrics/forever/
06-11 10:35:21.419  3189 27614 E OplusStorageUFSBandwidth: Bandwidth - Read: 0.50 MB/s, Write: 0.00 MB/s
06-11 10:35:21.419  3189 27614 E OplusStorageUFSBandwidth: Task time: 1ms
06-11 10:35:21.424  3189 27614 E OplusStorageUFSBandwidth: Alarm set to trigger in 10 seconds
06-11 10:35:21.427  1667 15952 I sensors-hal: handle_oplus_wise_rgb_event:230, wise_rgb:algo_type = 3
06-11 10:35:21.427  1667 15988 I sensors-hal: get_brightness:1652, light_iface: get_brightness, brl 1529, pwm_turbo_on 0/0, hbm_dc 0
06-11 10:35:21.427  1667 15952 I sensors-hal: handle_oplus_wise_rgb_event:285, wise_rgb: raw_lux 525.421143, raw_cct 6417.342285, r/g/b/c: 41020.714844/36287.339844/20375.556641/91644.195312, R/G/B: 0.000000/0.000000/0.000000, brl 1529.000000, lux: 525.421143, cct: 6417.342285, ts 242718744857134, cnt 4254
06-11 10:35:21.434  6716  6716 I 6716UMS[16056002][b33855b].weather-DataRequestHelper_Travel: getRemoteWeatherDataIfNeed requestWeatherSummaryWithUpdate
06-11 10:35:21.434  6716  6716 I WeatherS_WeatherBaseDataTask: Service has not started, bind update Service.
06-11 10:35:21.434  6716  6716 I WeatherS_WeatherServiceManager: bindUpdateService false
06-11 10:35:21.438 26764 26802 W OplusExSystemServiceHelper: checkOplusExSystemService intent getComponent is null
06-11 10:35:21.439  6716  6716 I 6716UMS[16056002][b33855b].weather-DataRequestHelper_Travel: getLocalWeatherDataIfNeed isMustRequest=false
06-11 10:35:21.440  6716  6716 I WeatherS_WeatherBaseDataTask: Service has not started, bind update Service.
06-11 10:35:21.440  6716  6716 I WeatherS_WeatherServiceManager: bindUpdateService false
06-11 10:35:21.441  6716  6716 I WeatherS_WeatherServiceManager: onServiceConnected
06-11 10:35:21.442  6716 29327 I WeatherS_WeatherBaseDataTask: executeRequest requestWeatherSummaryWithUpdate
06-11 10:35:21.444 26764 27355 E WeatherS_PrivacyStatementExport: isAgreed1
06-11 10:35:21.444  6716  6716 I WeatherS_WeatherServiceManager: onServiceConnected
06-11 10:35:21.444 26764 27355 W WeatherS_ApkSignedCheck: checkCertificateWhiteList: has safe componentcom.oplus.pantanal.ums
06-11 10:35:21.444  6716 15169 I WeatherS_WeatherBaseDataTask: executeRequest requestWeatherSummary
06-11 10:35:21.445 26764 26800 E WeatherS_PrivacyStatementExport: isAgreed1
06-11 10:35:21.445 26764 26800 W WeatherS_ApkSignedCheck: checkCertificateWhiteList: has safe componentcom.oplus.pantanal.ums
06-11 10:35:21.446 26764 27326 E WeatherS_LocalUtils: startAutoGetLocalCity bg location permission:true
06-11 10:35:21.447 26764 27233 E WeatherS_StatisticsUtils: recordLocateInterfaceCalled err:java.lang.NumberFormatException: For input string: "com.coloros.alarmclock"
06-11 10:35:21.447 26764 27233 E WeatherS_StatisticsUtils: recordLocateInterfaceCalled err:java.lang.NumberFormatException: For input string: "com.coloros.alarmclock"
06-11 10:35:21.448 26764 27324 I WeatherS_SharedUtil: tryCheckLocWeatherAndSend sLastSendResult is 202.
06-11 10:35:21.450  6716 29327 I WeatherS_WeatherBaseDataTask: after doRequestFromWeatherService requestWeatherSummaryWithUpdate result true
06-11 10:35:21.450  6716 29327 I WeatherS_WeatherServiceManager: unBindUpdateService true
06-11 10:35:21.450 26764 26764 I WeatherS_AutoGetLocationService: onStartCommand intent: true flags: 0 startId: 1
06-11 10:35:21.451 26764 30807 I WeatherS_AutoGetLocationService: start locate force: false needCityFromNet: true
06-11 10:35:21.452 26764 30807 E WeatherS_PrivacyStatementExport: isAgreed1
06-11 10:35:21.453 26764 30807 E WeatherS_PrivacyStatementExport: isAgreed1
06-11 10:35:21.454 26764 30807 W WeatherS_ApkSignedCheck: checkCertificateWhiteList: not in inWhiteListcom.coloros.weather.service
06-11 10:35:21.455 26764 30807 I WeatherS_WeatherProvider: query option: 1,callingUid: 10169,name: com.coloros.weather.service
06-11 10:35:21.457 26764 30807 I Weather_Location_LocationController: startLocationWithTimeOut, forceLocation:false, needCityFromNet:true
06-11 10:35:21.457 26764 30807 W Weather_Location_LocationController: start isStartPassiveLocation true
06-11 10:35:21.458 26764 30807 W Weather_Location_LocationController: isLocationPermissionGranted:true
06-11 10:35:21.458 26764 30807 W Weather_Location_LocationController: isPassiveLocationServiceEnable:true
06-11 10:35:21.458 26764 30807 W Weather_Location_LocationController: isStartPassiveLocation true
06-11 10:35:21.458 26764 30807 W Weather_Location_LocationController: not have permission not canPassiveLocation
06-11 10:35:21.458 26764 30807 I WeatherS_AutoGetLocationService: onLocationSdkCall for scene:[14] at step:[4] by extra:[check location environment start]
06-11 10:35:21.458 26764 30807 W Weather_Location_LocationController: isLocationServiceEnable:true
06-11 10:35:21.459 26764 30807 W Weather_Location_LocationController: isLocationPermissionGranted:true
06-11 10:35:21.460 26764 30807 W Weather_Location_LocationController: isNetAvailable:true
06-11 10:35:21.460 26764 30807 W Weather_Location_LocationController: meetLocationInterval:false
06-11 10:35:21.460 26764 30807 I WeatherS_AutoGetLocationService: onLocationSdkCall for scene:[14] at step:[4] by extra:[location interval no meet]
06-11 10:35:21.460 26764 30807 I WeatherS_AutoGetLocationService: location interval no meet,call update city weather.
06-11 10:35:21.460 26764 30807 I WeatherS_LocalUtils: notifyChange errorCode: 410000 uri: content://com.oplus.weather.provider.locationCallBack?errorCode=410000
06-11 10:35:21.462 26764 30807 I WeatherS_AutoGetLocationService: onLocationResult, count:0
06-11 10:35:21.462 26764 30807 W WeatherS_AutoGetLocationService: onLocationResult, cityInfo is null!
06-11 10:35:21.462 26764 30807 I WeatherS_AbsLocationHelper: getLocalId begin :service lct. 
06-11 10:35:21.462 26764 30807 I WeatherS_AbsLocationHelper: dealWithLocalCity same location city, onlyUpdateWeather
06-11 10:35:21.462 26764 30807 I WeatherS_AbsLocationHelper: endWithResult(): result=0null
06-11 10:35:21.463 26764 30807 E WeatherS_PrivacyStatementExport: isAgreed1
06-11 10:35:21.464 26764 30807 W WeatherS_ApkSignedCheck: checkCertificateWhiteList: not in inWhiteListcom.coloros.weather.service
06-11 10:35:21.464 26764 30807 I WeatherS_WeatherProvider: query option: 1,callingUid: 10169,name: com.coloros.weather.service
06-11 10:35:21.466 26764 30807 I WeatherS_AbsLocationHelper: endWithResult(): needFullWeatherData=true
06-11 10:35:21.466 26764 30807 I WeatherS_LocalUtils: updateWeatherStart:false;false;false;false
06-11 10:35:21.467  6716 15169 I WeatherS_WeatherBaseDataTask: after doRequestFromWeatherService requestWeatherSummary result true
06-11 10:35:21.471 26764 30807 W Weather_Location_LocationController: location condition not met, return!
06-11 10:35:21.474 26764 26764 I WeatherS_UpdateWeatherService: onStartCommand intent: true flags: 0 startId: 1
06-11 10:35:21.474 26764 26764 I WeatherS_UpdateWeatherService: setUpdateWeather: ,currentUpdateAttendId:41,isUpdateAll:false,isWeatherLight:false,isForceRefresh:false,updateScene:20100,callingPkg:com.oplus.pantanal.ums,weatherType:[1, 2, 6, 3, 4, 7, 5, 9, 8]
06-11 10:35:21.474 26764 26764 I WeatherS_UpdateWeatherService: registerBroadcast mHasRegisterBroadcast: false
06-11 10:35:21.475 26764  1170 I WeatherS_UpdateWeatherService: onStartCommand callUidId: 10169 nameForUid: com.coloros.weather.service
06-11 10:35:21.477 26764  1170 E WeatherS_PrivacyStatementExport: isAgreed1
06-11 10:35:21.477 26764  1170 W WeatherS_ApkSignedCheck: checkCertificateWhiteList: not in inWhiteListcom.coloros.weather.service
06-11 10:35:21.477 26764  1170 I WeatherS_WeatherProvider: query option: 1,callingUid: 10169,name: com.coloros.weather.service
06-11 10:35:21.478 26764  1170 E WeatherS_WeatherExpireTimeUtils: hasExpireTimeByCityId:41;00296510106578
06-11 10:35:21.478 26764  1170 I WeatherS_AttentCityDataHelper: hasWeatherInfo query weather info provider id: 41
06-11 10:35:21.479 26764  1170 E WeatherS_PrivacyStatementExport: isAgreed1
06-11 10:35:21.480 26764  1170 W WeatherS_ApkSignedCheck: checkCertificateWhiteList: not in inWhiteListcom.coloros.weather.service
06-11 10:35:21.480 26764  1170 I WeatherS_WeatherProvider: query option: 4,callingUid: 10169,name: com.coloros.weather.service
06-11 10:35:21.482 26764  1170 I WeatherS_WeatherExpireTimeUtils: has expire time by city id:41, result:true
06-11 10:35:21.482 26764  1170 I WeatherS_AttentCityDataHelper: hasWeatherInfo query weather info provider id: -10000
06-11 10:35:21.482  6716 15169 I WeatherS_WeatherBaseDataTask:  doRequestFromWeatherService requestWeatherSummary response data true
06-11 10:35:21.483 26764  1170 E WeatherS_PrivacyStatementExport: isAgreed1
06-11 10:35:21.483 26764  1170 W WeatherS_ApkSignedCheck: checkCertificateWhiteList: not in inWhiteListcom.coloros.weather.service
06-11 10:35:21.483 26764  1170 I WeatherS_WeatherProvider: query option: 4,callingUid: 10169,name: com.coloros.weather.service
06-11 10:35:21.484  6716 15169 I 6716UMS[16056002][b33855b].weather-DataRequestHelper_Travel: getLocalWeatherDataIfNeed onSuccess alerts = 0
06-11 10:35:21.485 26764  1170 I WeatherS_UpdateWeatherService: hasWeatherInfoInDb:true;hasResidentCityWeatherInfoInDb:true
06-11 10:35:21.485 26764  1170 I WeatherS_UpdateWeatherService: dataSource is WeatherInfoDataSource
06-11 10:35:21.504  1259  1259 E KeymasterUtils: rsp_header->status: -28
06-11 10:35:21.504  1259  1259 E KeyMasterHalDevice: abort_operation
06-11 10:35:21.504  1259  1259 E KeyMasterHalDevice: ret: -28
06-11 10:35:21.512  6716 15169 E 6716UMS[16056002][b33855b].weather-DataParseHelper_Travel: handleMinutelyRain ignore, because 两江新区_1781144687 already handled
06-11 10:35:21.515  6716 15169 I WeatherS_WeatherServiceManager: unBindUpdateService true
06-11 10:35:21.515  4329  4329 D OplusPrivacyDotViewController: scheduleUpdate: 
06-11 10:35:21.516  4329  4806 D OplusPrivacyDotViewController: processNextViewState: 
06-11 10:35:21.516  4329  4806 D OplusPrivacyDotViewController: resolveState ViewState(systemPrivacyEventIsActive=false, shadeExpanded=false, needShow=true, rtl=false, rotation=0, height=14, x=51, y=67, cornerIndex=1, designatedCorner=android.widget.FrameLayout{b698602 G.E...... ......I. 0,0-14,14 #7f0a0606 app:id/icons_container alpha=0.0 viewInfo = }, contentDescription=null, chipAnimationStart=false, preDraw=false) shouldShowDot false
06-11 10:35:21.516  4329  4806 W SystemUi--Common: OplusSysUiSchedMgr-->schedForPrivacyIconShowing not showing, no need release
06-11 10:35:21.629  1667 15952 I sensors-hal: handle_oplus_wise_rgb_event:230, wise_rgb:algo_type = 3
06-11 10:35:21.629  1667 15952 I sensors-hal: handle_oplus_wise_rgb_event:285, wise_rgb: raw_lux 524.211548, raw_cct 6486.070312, r/g/b/c: 41000.609375/36216.820312/20584.855469/91855.085938, R/G/B: 0.000000/0.000000/0.000000, brl 1529.000000, lux: 524.211548, cct: 6486.070312, ts 242718944865676, cnt 4255
06-11 10:35:21.646  3189  3759 D ActivityManager: freezing 20034 com.tencent.soter.soterserver
06-11 10:35:21.648  3189  3759 D ActivityManager: Freeze process 20034, not check file locks
06-11 10:35:21.648  3189  3759 D ActivityManager: reportOneUidFrozenStateChanged uid 10230 frozen = true
06-11 10:35:21.652  3189  3848 D InetDiagMessage: Destroyed 0 sockets, proto=IPPROTO_TCP, family=AF_INET, states=14
06-11 10:35:21.656  3189  3848 D InetDiagMessage: Destroyed 0 sockets, proto=IPPROTO_TCP, family=AF_INET6, states=14
06-11 10:35:21.656  3189  3848 D InetDiagMessage: Destroyed live tcp sockets for uids={10230} in 7ms
06-11 10:35:21.671 19629 19629 D WM-DelayedWorkTracker: Scheduling work 675087d5-7bd7-4a03-b1ec-4fdab0fb571a
06-11 10:35:21.671 19629 19629 D WM-GreedyScheduler: Starting tracking for 675087d5-7bd7-4a03-b1ec-4fdab0fb571a
06-11 10:35:21.671 19629 19710 D WM-ConstraintTracker: c: initial state = true
06-11 10:35:21.671 19629 19710 D WM-BrdcstRcvrCnstrntTrc: c: registering receiver
06-11 10:35:21.672 19629 19710 D WM-GreedyScheduler: Constraints met: Scheduling work ID WorkGenerationalId(workSpecId=675087d5-7bd7-4a03-b1ec-4fdab0fb571a, generation=0)
06-11 10:35:21.673 19629 19710 D WM-Processor: s: processing WorkGenerationalId(workSpecId=675087d5-7bd7-4a03-b1ec-4fdab0fb571a, generation=0)
06-11 10:35:21.674 19629 19629 D WM-WorkerWrapper: Starting work for com.oplus.oss.bussiness.localapp.work.LocalAppOneTimeWorker
06-11 10:35:21.674 19629 26839 I DMP-AppInitializer: isAppAvailable for work, caller: null
06-11 10:35:21.674 19629 26839 I DMP-OFreezeProtectWorker: takeProtectionFromFrozen, no need to protect
06-11 10:35:21.675 19629 26839 I DMP-AbstractWorker: parseData, resource: localApp, method1:onReceive, work: onReceiveWork, extras: Bundle[{action=android.intent.action.PACKAGE_REPLACED, package=com.earthengine.minimalglobe}], initIndexCount:5000
06-11 10:35:21.675 19629 26839 I DMP-AbstractWorker: doWork started, resource: localApp, method3:onReceive, work:Work{mWorkName=onReceiveWork, mWorkTerm=long, mReportId=false, mCreate=Create{mIndexStatus=null, mQueryTime=0, mInterval=0, mDeletedDocs=null, mNeedRebuildFlag=0, mIndexCheckFlag=false, mDrop=null, mHighTemperature=50, mMinPower=null, mScreen=null, mDeletedConditions=null}, mEntry=null, mMoreBatch=null, mChained=true, mInitialDelay=10, mWorkOneTimeLimit=0}
06-11 10:35:21.677 19629 26839 I DMP-PowerUtils: getHoraeTemperature:36
06-11 10:35:21.677 19629 26839 I DMP-AbstractWorker: dispatchWork: onReceiveWork for [localApp]
06-11 10:35:21.677 19629 26839 I DMP-SAUWorkConfigManager: sau work config not found
06-11 10:35:21.678 19629 26839 I DMP-PowerUtils: getHoraeTemperature:36
06-11 10:35:21.678 19629 26839 I DMP-PowerUtils: battery status: BATTERY_STATUS_FULL(5)
06-11 10:35:21.678 19629 26839 I DMP-AbstractDataCollector: getQuotaRecord ignored
06-11 10:35:21.689  3189  3606 D ShortcutService: Getting shortcuts for launcher= androiduserId=0 pkg=com.earthengine.minimalglobe
06-11 10:35:21.689  3189  3606 D ShortcutService: getShortcutsInnerLocked() returned empty results because com.earthengine.minimalglobe isn't loaded
06-11 10:35:21.689 19629 26839 W DMP-SqliteStoreFieldHandler: HighlightHandler no config
06-11 10:35:21.690 19629 26839 I DMP-IndexWriter: update records size:1
06-11 10:35:21.690 19629 26839 I DMP-IndexWriter: add records size:1
06-11 10:35:21.690 19629 26839 I DMP-FileReader: createCache resId:6
06-11 10:35:21.690 19629 26839 I DMP-SqliteIndexBuilder: save
06-11 10:35:21.697  3189  3992 E OplusArpPeer_euclid_psw: ARP read failure: android.system.ErrnoException: read failed: EAGAIN (Try again)
06-11 10:35:21.700 19629 26839 I DMP-DeletedMetaInfoTableAdapter: add number of docs:276, docIDs:[1271, 1372, 1373, 1374, 1375, 1376, 1377, 1378, 1379, 1380, 1381, 1382, 1383, 1384, 1385, 1386, 1387, 1388, 1389, 1390, 1391, 1392, 1393, 1394, 1395, 1396, 1397, 1398, 1399, 1400, 1401, 1402, 1403, 1404, 1405, 1406, 1407, 1408, 1409, 1410, 1411, 1412, 1413, 1414, 1415, 1416, 1417, 1418, 1419, 1420, 1421, 1422, 1423, 1424, 1425, 1426, 1427, 1428, 1429, 1430, 1432, 1433, 1434, 1435, 1436, 1437, 1438, 1439, 1440, 1441, 1442, 1443, 1444, 1445, 1446, 1447, 1448, 1449, 1450, 1451, 1452, 1453, 1454, 1455, 1456, 1457, 1458, 1459, 1460, 1461, 1462, 1463, 1464, 1465, 1466, 1467, 1468, 1469, 1470, 1471, 1472, 1473, 1474, 1475, 1476, 1477, 1478, 1479, 1480, 1481, 1482, 1483, 1484, 1485, 1486, 1487, 1488, 1489, 1490, 1491, 1492, 1493, 1494, 1495, 1496, 1497, 1498, 1499, 1500, 1501, 1502, 1503, 1504, 1505, 1506, 1507, 1508, 1509, 1510, 1511, 1512, 1513, 1514, 1515, 1516, 1517, 1518, 1519, 1520, 1521, 1522, 1523, 1524, 1525, 1526, 1527, 1528, 1529, 1530, 1531, 1532, 1533, 1534, 1535, 1536, 1537, 1538, 1539, 1540, 1542, 1543, 1544, 1545, 1546, 1547, 1548, 1549, 1550, 1551, 1552, 1553, 1554, 1555, 1556, 1557, 1558, 1559, 1560, 1561, 1562, 1563, 1564, 1565, 1566, 1567, 1568, 1569, 1570, 1571, 1572, 1573, 1574, 1575, 1576, 1577, 1578, 1579, 1580, 1581, 1582, 1583, 1584, 1585, 1586, 1587, 1588, 1589, 1590, 1591, 1592, 1593, 1594, 1595, 1596, 1597, 1598, 1599, 1600, 1601, 1602, 1603, 1604, 1605, 1606, 1607, 1608, 1609, 1610, 1611, 1612, 1613, 1614, 1615, 1616, 1617, 1618, 1619, 1620, 1621, 1622, 1623, 1624, 1625, 1626, 1627, 1628, 1629, 1630, 1631, 1632, 1633, 1634, 1635, 1636, 1637, 1638, 1639, 1640, 1641, 1642, 1643, 1644, 1645, 1646, 1647, 1648]
06-11 10:35:21.700  3189  3992 E OplusArpPeer_euclid_psw:  OplusArpPeer close
06-11 10:35:21.706 19629 26839 I DMP-FileReader: clearCache resId:6
06-11 10:35:21.706 19629 26839 I DMP-FileReader: clearCache resId:6
06-11 10:35:21.721 19629 26839 I DMP-AbstractWorker: setIndexFailCount method:onReceive, count:0, all:initResource=0,onReceive=0,rearrange=0,dailyTask=0
06-11 10:35:21.722 19629 26839 I DMP-AbstractWorker: doWork finished, resource: localApp, method5:onReceive, work:Work{mWorkName=onReceiveWork, mWorkTerm=long, mReportId=false, mCreate=Create{mIndexStatus=null, mQueryTime=0, mInterval=0, mDeletedDocs=null, mNeedRebuildFlag=0, mIndexCheckFlag=false, mDrop=null, mHighTemperature=50, mMinPower=null, mScreen=null, mDeletedConditions=null}, mEntry=null, mMoreBatch=null, mChained=true, mInitialDelay=10, mWorkOneTimeLimit=0}
06-11 10:35:21.722 19629 26839 I DMP-IndexEventManager: addEvent:InternalIndexEvent{mEvent=null, mEventTime=null, mEventData=null, mEventDropReason=null, mResource=null, mWork=null, mWorkId=675087d5-7bd7-4a03-b1ec-4fdab0fb571a, mWorkTime=1781145321, mCursorSize=null, mResult=0}
06-11 10:35:21.722 19629 26839 I DMP-IndexEventManager: addInternalEvent:result=0 workId=675087d5-7bd7-4a03-b1ec-4fdab0fb571a workTime=1781145321
06-11 10:35:21.723 19629 26839 I DMP-IndexEventManager: addInternalEvent update:0
06-11 10:35:21.723 19629 26839 I DMP-IndexEventManager: addInternalEvent insert:6534
06-11 10:35:21.723 19629 26839 I DMP-FrozenHelper: deleteKeepRequest, no more quest
06-11 10:35:21.725 19629 19735 I WM-WorkerWrapper: Worker result SUCCESS for Work [ id=675087d5-7bd7-4a03-b1ec-4fdab0fb571a, tags={ com.oplus.oss.bussiness.localapp.work.LocalAppOneTimeWorker,localApp_onReceive__OneTimeWork,onReceiveWork } ]
06-11 10:35:21.731 19629 19735 I WM-WorkerWrapper: Setting status to enqueued for 7f4b60a9-d795-4ea0-9c94-7119070ac9c2
06-11 10:35:21.734 19629 19629 D WM-Processor: s 675087d5-7bd7-4a03-b1ec-4fdab0fb571a executed; reschedule = false
06-11 10:35:21.734 19629 19629 D WM-GreedyScheduler: Stopping tracking for WorkGenerationalId(workSpecId=675087d5-7bd7-4a03-b1ec-4fdab0fb571a, generation=0)
06-11 10:35:21.737 19629 19728 D WM-GreedyScheduler: Cancelling work ID 675087d5-7bd7-4a03-b1ec-4fdab0fb571a
06-11 10:35:21.739 26764  1170 E WeatherS_PrivacyStatementExport: isAgreed1
06-11 10:35:21.739 19629 19728 D WM-SystemJobScheduler: Scheduling work ID 7f4b60a9-d795-4ea0-9c94-7119070ac9c2Job ID 4797
06-11 10:35:21.739 26764  1170 W WeatherS_ApkSignedCheck: checkCertificateWhiteList: not in inWhiteListcom.coloros.weather.service
06-11 10:35:21.740 26764  1170 I WeatherS_WeatherProvider: query option: 2,callingUid: 10169,name: com.coloros.weather.service
06-11 10:35:21.740 19629 19728 D WM-BrdcstRcvrCnstrntTrc: c: unregistering receiver
06-11 10:35:21.742 26764  1170 E WeatherS_PrivacyStatementExport: isAgreed1
06-11 10:35:21.742 26764  1170 W WeatherS_ApkSignedCheck: checkCertificateWhiteList: not in inWhiteListcom.coloros.weather.service
06-11 10:35:21.742 26764  1170 I WeatherS_WeatherProvider: query option: 46,callingUid: 10169,name: com.coloros.weather.service
06-11 10:35:21.743 26764  1170 W WeatherS_WeatherInfoBaseDataSource: interceptLocationPlaceIdRequestWeather, need to intercept location city request weather!
06-11 10:35:21.744 26764  6560 I WeatherS_ResidentCityApi: update resident city success:false
06-11 10:35:21.745 26764  1170 E WeatherS_PrivacyStatementExport: isAgreed1
06-11 10:35:21.746 26764  1170 W WeatherS_ApkSignedCheck: checkCertificateWhiteList: not in inWhiteListcom.coloros.weather.service
06-11 10:35:21.746 26764  1170 I WeatherS_WeatherProvider: query option: 1,callingUid: 10169,name: com.coloros.weather.service
06-11 10:35:21.833  1667 15952 I sensors-hal: handle_oplus_wise_rgb_event:230, wise_rgb:algo_type = 3
06-11 10:35:21.834  1667 15952 I sensors-hal: handle_oplus_wise_rgb_event:285, wise_rgb: raw_lux 521.072021, raw_cct 6488.689941, r/g/b/c: 41123.675781/36268.488281/20598.867188/91717.328125, R/G/B: 0.000000/0.000000/0.000000, brl 1529.000000, lux: 521.072021, cct: 6488.689941, ts 242719144534738, cnt 4256
06-11 10:35:21.892 19629 19629 D WM-DelayedWorkTracker: Scheduling work c5273a52-bcf6-411b-a5ec-14d8954e5259
06-11 10:35:21.892 19629 19629 D WM-GreedyScheduler: Starting tracking for c5273a52-bcf6-411b-a5ec-14d8954e5259
06-11 10:35:21.892  3189  3765 V AlarmManager: sending alarm Alarm{b63313a type 3 origWhen 242719218 whenElapsed 242719218 android} uid 1000 whenElapsed 242719218 windowLength 0 maxWhenElapsed 242719218 repeatInterval 0 action null component null tag *job.delay* flags 0x0 procName system_server
06-11 10:35:21.894 19629 19731 D WM-ConstraintTracker: c: initial state = true
06-11 10:35:21.895 19629 19731 D WM-BrdcstRcvrCnstrntTrc: c: registering receiver
06-11 10:35:21.898 19629 19710 D WM-GreedyScheduler: Constraints met: Scheduling work ID WorkGenerationalId(workSpecId=c5273a52-bcf6-411b-a5ec-14d8954e5259, generation=0)
06-11 10:35:21.899 19629 19710 D WM-Processor: s: processing WorkGenerationalId(workSpecId=c5273a52-bcf6-411b-a5ec-14d8954e5259, generation=0)
06-11 10:35:21.900 19629 19629 D WM-WorkerWrapper: Starting work for com.oplus.oss.bussiness.unifiedserviceinvocation.work.UnifiedServiceInvocationOneTimeWorker
06-11 10:35:21.901 19629 26839 I DMP-AppInitializer: isAppAvailable for work, caller: null
06-11 10:35:21.901 19629 26839 I DMP-OFreezeProtectWorker: takeProtectionFromFrozen, no need to protect
06-11 10:35:21.901 19629 26839 I DMP-AbstractWorker: parseData, resource: standard_data#unified_service_invocation, method1:onReceive, work: onReceiveWork, extras: Bundle[{action=android.intent.action.PACKAGE_REPLACED, package=com.earthengine.minimalglobe}], initIndexCount:5000
06-11 10:35:21.901 19629 26839 I DMP-AbstractWorker: doWork started, resource: standard_data#unified_service_invocation, method3:onReceive, work:Work{mWorkName=onReceiveWork, mWorkTerm=long, mReportId=false, mCreate=Create{mIndexStatus=null, mQueryTime=0, mInterval=0, mDeletedDocs=null, mNeedRebuildFlag=0, mIndexCheckFlag=false, mDrop=null, mHighTemperature=50, mMinPower=null, mScreen=null, mDeletedConditions=null}, mEntry=null, mMoreBatch=null, mChained=true, mInitialDelay=10, mWorkOneTimeLimit=0}
06-11 10:35:21.902 19629 26839 I DMP-PowerUtils: getHoraeTemperature:36
06-11 10:35:21.902 19629 26839 I DMP-AbstractWorker: dispatchWork: onReceiveWork for [standard_data#unified_service_invocation]
06-11 10:35:21.902 19629 26839 I DMP-SAUWorkConfigManager: sau work config not found
06-11 10:35:21.902 19629 26839 I DMP-PowerUtils: getHoraeTemperature:36
06-11 10:35:21.902 19629 26839 I DMP-PowerUtils: battery status: BATTERY_STATUS_FULL(5)
06-11 10:35:21.902 19629 26839 I DMP-AbstractDataCollector: getQuotaRecord ignored
06-11 10:35:21.903 19629 26839 W DMP-UnifiedServiceInvocationDataCollector: collectOnDiff no data:com.oplus.oss.bussiness.general.datacollector.b@4b4e4d5
06-11 10:35:21.903 19629 26839 I DMP-AbstractWorker: size of addDataRecords: 0
06-11 10:35:21.903 19629 26839 I DMP-AbstractWorker: size of updateDataRecords: 0
06-11 10:35:21.903 19629 26839 I DMP-AbstractWorker: setIndexFailCount method:onReceive, count:0, all:initResource=0,onReceive=0,dailyTask=0
06-11 10:35:21.906 19629 26839 I DMP-AbstractWorker: doWork finished, resource: standard_data#unified_service_invocation, method5:onReceive, work:Work{mWorkName=onReceiveWork, mWorkTerm=long, mReportId=false, mCreate=Create{mIndexStatus=null, mQueryTime=0, mInterval=0, mDeletedDocs=null, mNeedRebuildFlag=0, mIndexCheckFlag=false, mDrop=null, mHighTemperature=50, mMinPower=null, mScreen=null, mDeletedConditions=null}, mEntry=null, mMoreBatch=null, mChained=true, mInitialDelay=10, mWorkOneTimeLimit=0}
06-11 10:35:21.906 19629 26839 I DMP-IndexEventManager: addEvent:InternalIndexEvent{mEvent=null, mEventTime=null, mEventData=null, mEventDropReason=null, mResource=null, mWork=null, mWorkId=c5273a52-bcf6-411b-a5ec-14d8954e5259, mWorkTime=1781145321, mCursorSize=null, mResult=0}
06-11 10:35:21.906 19629 26839 I DMP-IndexEventManager: addInternalEvent:result=0 workId=c5273a52-bcf6-411b-a5ec-14d8954e5259 workTime=1781145321
06-11 10:35:21.906 19629 26839 I DMP-IndexEventManager: addInternalEvent update:0
06-11 10:35:21.907 19629 26839 I DMP-IndexEventManager: addInternalEvent insert:6535
06-11 10:35:21.907 19629 26839 I DMP-FrozenHelper: deleteKeepRequest, no more quest
06-11 10:35:21.909 19629 19735 I WM-WorkerWrapper: Worker result SUCCESS for Work [ id=c5273a52-bcf6-411b-a5ec-14d8954e5259, tags={ com.oplus.oss.bussiness.unifiedserviceinvocation.work.UnifiedServiceInvocationOneTimeWorker,standard_data#unified_service_invocation_onReceive__OneTimeWork,onReceiveWork } ]
06-11 10:35:21.911 19629 19735 I WM-WorkerWrapper: Setting status to enqueued for d00dd8f1-4510-4895-aad5-9066b7b51055
06-11 10:35:21.912 19629 19629 D WM-Processor: s c5273a52-bcf6-411b-a5ec-14d8954e5259 executed; reschedule = false
06-11 10:35:21.912 19629 19629 D WM-GreedyScheduler: Stopping tracking for WorkGenerationalId(workSpecId=c5273a52-bcf6-411b-a5ec-14d8954e5259, generation=0)
06-11 10:35:21.918 26764  1170 I WeatherS_WeatherInfoBaseDataSource: weather data size: 1
06-11 10:35:21.918 26764  1170 I WeatherS_WeatherInfoBaseDataSource: start handler weather cityId: -10000
06-11 10:35:21.918 26764  1170 I WeatherS_WeatherInfoBaseDataSource: current handler hasResidentCity
06-11 10:35:21.918 19629 19735 D WM-GreedyScheduler: Cancelling work ID c5273a52-bcf6-411b-a5ec-14d8954e5259
06-11 10:35:21.919 26764  1170 I WeatherS_WeatherInfoDataSource: WeatherSdk weatherInfos.size()0; newDb:true
06-11 10:35:21.922 26764  1170 E WeatherS_PrivacyStatementExport: isAgreed1
06-11 10:35:21.923 26764  1170 W WeatherS_ApkSignedCheck: checkCertificateWhiteList: not in inWhiteListcom.coloros.weather.service
06-11 10:35:21.923 26764  1170 I WeatherS_WeatherProvider: query option: -1,callingUid: 10169,name: com.coloros.weather.service
06-11 10:35:21.923 26764  1170 E SQLiteLog: (1) near "WHERE": syntax error in "SELECT * FROM  WHERE (weather_index=0) ORDER BY date ASC"
06-11 10:35:21.926  3189  3189 W JobScheduler: Job didn't exist in JobStore: #com.oplus.dmp/4796
06-11 10:35:21.927 26764  1170 E WeatherS_WeatherProvider: query failed.
06-11 10:35:21.927 26764  1170 E WeatherS_WeatherProvider: android.database.sqlite.SQLiteException: near "WHERE": syntax error (code 1 SQLITE_ERROR): , while compiling: SELECT * FROM  WHERE (weather_index=0) ORDER BY date ASC
06-11 10:35:21.927 26764  1170 E WeatherS_WeatherProvider: 	at android.database.sqlite.SQLiteConnection.nativePrepareStatement(Native Method)
06-11 10:35:21.927 26764  1170 E WeatherS_WeatherProvider: 	at android.database.sqlite.SQLiteConnection.-$$Nest$smnativePrepareStatement(Unknown Source:0)
06-11 10:35:21.927 26764  1170 E WeatherS_WeatherProvider: 	at android.database.sqlite.SQLiteConnection$PreparedStatementCache.createStatement(SQLiteConnection.java:1590)
06-11 10:35:21.927 26764  1170 E WeatherS_WeatherProvider: 	at android.database.sqlite.SQLiteConnection.acquirePreparedStatementLI(SQLiteConnection.java:1123)
06-11 10:35:21.927 26764  1170 E WeatherS_WeatherProvider: 	at android.database.sqlite.SQLiteConnection.acquirePreparedStatement(SQLiteConnection.java:1151)
06-11 10:35:21.927 26764  1170 E WeatherS_WeatherProvider: 	at android.database.sqlite.SQLiteConnection.prepare(SQLiteConnection.java:711)
06-11 10:35:21.927 26764  1170 E WeatherS_WeatherProvider: 	at android.database.sqlite.SQLiteSession.prepare(SQLiteSession.java:625)
06-11 10:35:21.927 26764  1170 E WeatherS_WeatherProvider: 	at android.database.sqlite.SQLiteProgram.<init>(SQLiteProgram.java:62)
06-11 10:35:21.927 26764  1170 E WeatherS_WeatherProvider: 	at android.database.sqlite.SQLiteQuery.<init>(SQLiteQuery.java:37)
06-11 10:35:21.927 26764  1170 E WeatherS_WeatherProvider: 	at android.database.sqlite.SQLiteDirectCursorDriver.query(SQLiteDirectCursorDriver.java:46)
06-11 10:35:21.927 26764  1170 E WeatherS_WeatherProvider: 	at android.database.sqlite.SQLiteDatabase.rawQueryWithFactory(SQLiteDatabase.java:1851)
06-11 10:35:21.927 26764  1170 E WeatherS_WeatherProvider: 	at android.database.sqlite.SQLiteDatabase.rawQueryWithFactory(SQLiteDatabase.java:1823)
06-11 10:35:21.927 26764  1170 E WeatherS_WeatherProvider: 	at l1.a.g(Unknown Source:14)
06-11 10:35:21.927 26764  1170 E WeatherS_WeatherProvider: 	at l1.a.o(Unknown Source:5)
06-11 10:35:21.927 26764  1170 E WeatherS_WeatherProvider: 	at com.oplus.weather.provider.WeatherProvider.query(Unknown Source:2154)
06-11 10:35:21.927 26764  1170 E WeatherS_WeatherProvider: 	at android.content.ContentProvider.query(ContentProvider.java:1683)
06-11 10:35:21.927 26764  1170 E WeatherS_WeatherProvider: 	at android.content.ContentProvider.query(ContentProvider.java:1779)
06-11 10:35:21.927 26764  1170 E WeatherS_WeatherProvider: 	at android.content.ContentProvider$Transport.query(ContentProvider.java:309)
06-11 10:35:21.927 26764  1170 E WeatherS_WeatherProvider: 	at android.content.ContentResolver.query(ContentResolver.java:1278)
06-11 10:35:21.927 26764  1170 E WeatherS_WeatherProvider: 	at android.content.ContentResolver.query(ContentResolver.java:1198)
06-11 10:35:21.927 26764  1170 E WeatherS_WeatherProvider: 	at android.content.ContentResolver.query(ContentResolver.java:1154)
06-11 10:35:21.927 26764  1170 E WeatherS_WeatherProvider: 	at fa.a.e(Unknown Source:7)
06-11 10:35:21.927 26764  1170 E WeatherS_WeatherProvider: 	at fa.b.h(Unknown Source:20)
06-11 10:35:21.927 26764  1170 E WeatherS_WeatherProvider: 	at com.oplus.weather.datasource.service.WeatherInfoDataSource.saveWeatherInfo2DataBase(Unknown Source:337)
06-11 10:35:21.927 26764  1170 E WeatherS_WeatherProvider: 	at com.oplus.weather.datasource.service.WeatherInfoDataSource.updateWeatherInfo2DataBase(SourceFile:8)
06-11 10:35:21.927 26764  1170 E WeatherS_WeatherProvider: 	at com.oplus.weather.datasource.service.WeatherInfoDataSource.updateWeatherInfo2DataBase(SourceFile:1)
06-11 10:35:21.927 26764  1170 E WeatherS_WeatherProvider: 	at com.oplus.weather.datasource.service.WeatherInfoBaseDataSource.startWeatherInfoNetWorkRequest(Unknown Source:1019)
06-11 10:35:21.927 26764  1170 E WeatherS_WeatherProvider: 	at com.oplus.weather.datasource.service.WeatherInfoBaseDataSource.h(Unknown Source:0)
06-11 10:35:21.927 26764  1170 E WeatherS_WeatherProvider: 	at com.oplus.weather.datasource.service.WeatherInfoBaseDataSource$a.safeRun(Unknown Source:111)
06-11 10:35:21.927 26764  1170 E WeatherS_WeatherProvider: 	at ca.b.run(Unknown Source:0)
06-11 10:35:21.927 26764  1170 E WeatherS_WeatherProvider: 	at java.util.concurrent.ThreadPoolExecutor.runWorker(ThreadPoolExecutor.java:1156)
06-11 10:35:21.927 26764  1170 E WeatherS_WeatherProvider: 	at java.util.concurrent.ThreadPoolExecutor$Worker.run(ThreadPoolExecutor.java:651)
06-11 10:35:21.927 26764  1170 E WeatherS_WeatherProvider: 	at java.lang.Thread.run(Thread.java:1119)
06-11 10:35:21.927 26764  1170 I WeatherS_WeatherInfoDataSource: saveWeatherInfo2DataBase result：-1
06-11 10:35:21.927 19629 19735 D WM-SystemJobScheduler: Scheduling work ID d00dd8f1-4510-4895-aad5-9066b7b51055Job ID 4798
06-11 10:35:21.928 26764  1170 E WeatherS_WeatherInfoDataSource: saveHourlyWeather fail, result is null!
06-11 10:35:21.930 19629 19735 D WM-BrdcstRcvrCnstrntTrc: c: unregistering receiver
06-11 10:35:21.931 26764  1170 E WeatherS_WeatherInfoDataSource: saveMinutelyWeather, err:
06-11 10:35:21.931 26764  1170 E WeatherS_WeatherInfoDataSource: android.database.sqlite.SQLiteConstraintException: FOREIGN KEY constraint failed (code 787 SQLITE_CONSTRAINT_FOREIGNKEY)
06-11 10:35:21.931 26764  1170 E WeatherS_WeatherInfoDataSource: 	at android.database.sqlite.SQLiteConnection.nativeExecuteForLastInsertedRowId(Native Method)
06-11 10:35:21.931 26764  1170 E WeatherS_WeatherInfoDataSource: 	at android.database.sqlite.SQLiteConnection.executeForLastInsertedRowId(SQLiteConnection.java:999)
06-11 10:35:21.931 26764  1170 E WeatherS_WeatherInfoDataSource: 	at android.database.sqlite.SQLiteSession.executeForLastInsertedRowId(SQLiteSession.java:825)
06-11 10:35:21.931 26764  1170 E WeatherS_WeatherInfoDataSource: 	at android.database.sqlite.SQLiteStatement.executeInsert(SQLiteStatement.java:89)
06-11 10:35:21.931 26764  1170 E WeatherS_WeatherInfoDataSource: 	at l1.e.r0(Unknown Source:2)
06-11 10:35:21.931 26764  1170 E WeatherS_WeatherInfoDataSource: 	at h1.s.insertAndReturnId(Unknown Source:7)
06-11 10:35:21.931 26764  1170 E WeatherS_WeatherInfoDataSource: 	at com.oplus.weather.datasource.database.dao.MinutelyRainDao_Impl.insert(SourceFile:3)
06-11 10:35:21.931 26764  1170 E WeatherS_WeatherInfoDataSource: 	at com.oplus.weather.datasource.database.dao.MinutelyRainDao.deleteAndInsertDataInTransaction(Unknown Source:3)
06-11 10:35:21.931 26764  1170 E WeatherS_WeatherInfoDataSource: 	at com.oplus.weather.datasource.database.dao.MinutelyRainDao_Impl.access$001(Unknown Source:0)
06-11 10:35:21.931 26764  1170 E WeatherS_WeatherInfoDataSource: 	at com.oplus.weather.datasource.database.dao.MinutelyRainDao_Impl.deleteAndInsertDataInTransaction(Unknown Source:5)
06-11 10:35:21.931 26764  1170 E WeatherS_WeatherInfoDataSource: 	at com.oplus.weather.datasource.service.WeatherInfoDataSource.saveMinutelyWeather(Unknown Source:147)
06-11 10:35:21.931 26764  1170 E WeatherS_WeatherInfoDataSource: 	at com.oplus.weather.datasource.service.WeatherInfoDataSource.saveWeatherInfo2DataBase(Unknown Source:585)
06-11 10:35:21.931 26764  1170 E WeatherS_WeatherInfoDataSource: 	at com.oplus.weather.datasource.service.WeatherInfoDataSource.updateWeatherInfo2DataBase(SourceFile:8)
06-11 10:35:21.931 26764  1170 E WeatherS_WeatherInfoDataSource: 	at com.oplus.weather.datasource.service.WeatherInfoDataSource.updateWeatherInfo2DataBase(SourceFile:1)
06-11 10:35:21.931 26764  1170 E WeatherS_WeatherInfoDataSource: 	at com.oplus.weather.datasource.service.WeatherInfoBaseDataSource.startWeatherInfoNetWorkRequest(Unknown Source:1019)
06-11 10:35:21.931 26764  1170 E WeatherS_WeatherInfoDataSource: 	at com.oplus.weather.datasource.service.WeatherInfoBaseDataSource.h(Unknown Source:0)
06-11 10:35:21.931 26764  1170 E WeatherS_WeatherInfoDataSource: 	at com.oplus.weather.datasource.service.WeatherInfoBaseDataSource$a.safeRun(Unknown Source:111)
06-11 10:35:21.931 26764  1170 E WeatherS_WeatherInfoDataSource: 	at ca.b.run(Unknown Source:0)
06-11 10:35:21.931 26764  1170 E WeatherS_WeatherInfoDataSource: 	at java.util.concurrent.ThreadPoolExecutor.runWorker(ThreadPoolExecutor.java:1156)
06-11 10:35:21.931 26764  1170 E WeatherS_WeatherInfoDataSource: 	at java.util.concurrent.ThreadPoolExecutor$Worker.run(ThreadPoolExecutor.java:651)
06-11 10:35:21.931 26764  1170 E WeatherS_WeatherInfoDataSource: 	at java.lang.Thread.run(Thread.java:1119)
06-11 10:35:21.931 26764  1170 I WeatherS_WeatherInfoDataSource: WeatherSdk weatherInfos.size()0; newDb:false
06-11 10:35:21.932 26764  1170 E WeatherS_PrivacyStatementExport: isAgreed1
06-11 10:35:21.933 26764  1170 W WeatherS_ApkSignedCheck: checkCertificateWhiteList: not in inWhiteListcom.coloros.weather.service
06-11 10:35:21.933 26764  1170 I WeatherS_WeatherProvider: query option: 4,callingUid: 10169,name: com.coloros.weather.service
06-11 10:35:21.936 26764  1170 E CursorWindow: Failed to read row 0, column 4294967295 from a window with 15 rows, 85 columns
06-11 10:35:21.937 26764  1170 E CursorWindow: Failed to getString at row=0, column=-1
06-11 10:35:21.937 26764  1170 E CursorWindow: java.lang.IllegalStateException: Couldn't read row 0, col -1 from CursorWindow.  Make sure the Cursor is initialized correctly before accessing data from it.
06-11 10:35:21.937 26764  1170 E CursorWindow: 	at android.database.CursorWindow.nativeGetString(Native Method)
06-11 10:35:21.937 26764  1170 E CursorWindow: 	at android.database.CursorWindow.getString(CursorWindow.java:503)
06-11 10:35:21.937 26764  1170 E CursorWindow: 	at android.database.AbstractWindowedCursor.getString(AbstractWindowedCursor.java:54)
06-11 10:35:21.937 26764  1170 E CursorWindow: 	at android.database.CursorWrapper.getString(CursorWrapper.java:142)
06-11 10:35:21.937 26764  1170 E CursorWindow: 	at fa.j.o(Unknown Source:170)
06-11 10:35:21.937 26764  1170 E CursorWindow: 	at fa.b.i(Unknown Source:30)
06-11 10:35:21.937 26764  1170 E CursorWindow: 	at com.oplus.weather.datasource.service.WeatherInfoDataSource.saveWeatherInfo2DataBase(Unknown Source:408)
06-11 10:35:21.937 26764  1170 E CursorWindow: 	at com.oplus.weather.datasource.service.WeatherInfoDataSource.updateWeatherInfo2DataBase(SourceFile:8)
06-11 10:35:21.937 26764  1170 E CursorWindow: 	at com.oplus.weather.datasource.service.WeatherInfoDataSource.updateWeatherInfo2DataBase(SourceFile:1)
06-11 10:35:21.937 26764  1170 E CursorWindow: 	at com.oplus.weather.datasource.service.WeatherInfoBaseDataSource.startWeatherInfoNetWorkRequest(Unknown Source:1061)
06-11 10:35:21.937 26764  1170 E CursorWindow: 	at com.oplus.weather.datasource.service.WeatherInfoBaseDataSource.h(Unknown Source:0)
06-11 10:35:21.937 26764  1170 E CursorWindow: 	at com.oplus.weather.datasource.service.WeatherInfoBaseDataSource$a.safeRun(Unknown Source:111)
06-11 10:35:21.937 26764  1170 E CursorWindow: 	at ca.b.run(Unknown Source:0)
06-11 10:35:21.937 26764  1170 E CursorWindow: 	at java.util.concurrent.ThreadPoolExecutor.runWorker(ThreadPoolExecutor.java:1156)
06-11 10:35:21.937 26764  1170 E CursorWindow: 	at java.util.concurrent.ThreadPoolExecutor$Worker.run(ThreadPoolExecutor.java:651)
06-11 10:35:21.937 26764  1170 E CursorWindow: 	at java.lang.Thread.run(Thread.java:1119)
06-11 10:35:21.944 26764  1170 I WeatherS_WeatherInfoDataSource: saveWeatherInfo2DataBase result：1
06-11 10:35:21.945 26764  1170 E WeatherS_WeatherInfoDataSource: saveHourlyWeather fail, result is null!
06-11 10:35:21.947 26764  1170 E WeatherS_WeatherInfoDataSource: saveMinutelyWeather, err:
06-11 10:35:21.947 26764  1170 E WeatherS_WeatherInfoDataSource: android.database.sqlite.SQLiteConstraintException: FOREIGN KEY constraint failed (code 787 SQLITE_CONSTRAINT_FOREIGNKEY)
06-11 10:35:21.947 26764  1170 E WeatherS_WeatherInfoDataSource: 	at android.database.sqlite.SQLiteConnection.nativeExecuteForLastInsertedRowId(Native Method)
06-11 10:35:21.947 26764  1170 E WeatherS_WeatherInfoDataSource: 	at android.database.sqlite.SQLiteConnection.executeForLastInsertedRowId(SQLiteConnection.java:999)
06-11 10:35:21.947 26764  1170 E WeatherS_WeatherInfoDataSource: 	at android.database.sqlite.SQLiteSession.executeForLastInsertedRowId(SQLiteSession.java:825)
06-11 10:35:21.947 26764  1170 E WeatherS_WeatherInfoDataSource: 	at android.database.sqlite.SQLiteStatement.executeInsert(SQLiteStatement.java:89)
06-11 10:35:21.947 26764  1170 E WeatherS_WeatherInfoDataSource: 	at l1.e.r0(Unknown Source:2)
06-11 10:35:21.947 26764  1170 E WeatherS_WeatherInfoDataSource: 	at h1.s.insertAndReturnId(Unknown Source:7)
06-11 10:35:21.947 26764  1170 E WeatherS_WeatherInfoDataSource: 	at com.oplus.weather.datasource.database.dao.MinutelyRainDao_Impl.insert(SourceFile:3)
06-11 10:35:21.947 26764  1170 E WeatherS_WeatherInfoDataSource: 	at com.oplus.weather.datasource.database.dao.MinutelyRainDao.deleteAndInsertDataInTransaction(Unknown Source:3)
06-11 10:35:21.947 26764  1170 E WeatherS_WeatherInfoDataSource: 	at com.oplus.weather.datasource.database.dao.MinutelyRainDao_Impl.access$001(Unknown Source:0)
06-11 10:35:21.947 26764  1170 E WeatherS_WeatherInfoDataSource: 	at com.oplus.weather.datasource.database.dao.MinutelyRainDao_Impl.deleteAndInsertDataInTransaction(Unknown Source:5)
06-11 10:35:21.947 26764  1170 E WeatherS_WeatherInfoDataSource: 	at com.oplus.weather.datasource.service.WeatherInfoDataSource.saveMinutelyWeather(Unknown Source:147)
06-11 10:35:21.947 26764  1170 E WeatherS_WeatherInfoDataSource: 	at com.oplus.weather.datasource.service.WeatherInfoDataSource.saveWeatherInfo2DataBase(Unknown Source:585)
06-11 10:35:21.947 26764  1170 E WeatherS_WeatherInfoDataSource: 	at com.oplus.weather.datasource.service.WeatherInfoDataSource.updateWeatherInfo2DataBase(SourceFile:8)
06-11 10:35:21.947 26764  1170 E WeatherS_WeatherInfoDataSource: 	at com.oplus.weather.datasource.service.WeatherInfoDataSource.updateWeatherInfo2DataBase(SourceFile:1)
06-11 10:35:21.947 26764  1170 E WeatherS_WeatherInfoDataSource: 	at com.oplus.weather.datasource.service.WeatherInfoBaseDataSource.startWeatherInfoNetWorkRequest(Unknown Source:1061)
06-11 10:35:21.947 26764  1170 E WeatherS_WeatherInfoDataSource: 	at com.oplus.weather.datasource.service.WeatherInfoBaseDataSource.h(Unknown Source:0)
06-11 10:35:21.947 26764  1170 E WeatherS_WeatherInfoDataSource: 	at com.oplus.weather.datasource.service.WeatherInfoBaseDataSource$a.safeRun(Unknown Source:111)
06-11 10:35:21.947 26764  1170 E WeatherS_WeatherInfoDataSource: 	at ca.b.run(Unknown Source:0)
06-11 10:35:21.947 26764  1170 E WeatherS_WeatherInfoDataSource: 	at java.util.concurrent.ThreadPoolExecutor.runWorker(ThreadPoolExecutor.java:1156)
06-11 10:35:21.947 26764  1170 E WeatherS_WeatherInfoDataSource: 	at java.util.concurrent.ThreadPoolExecutor$Worker.run(ThreadPoolExecutor.java:651)
06-11 10:35:21.947 26764  1170 E WeatherS_WeatherInfoDataSource: 	at java.lang.Thread.run(Thread.java:1119)
06-11 10:35:21.948 26764  1170 I WeatherS_SyncDataToWeatherApp: syncResidentToWeatherApp return last data same.
06-11 10:35:21.948 26764  1170 I WeatherS_WeatherInfoBaseDataSource: flag: 1 oplusFlag: -1
06-11 10:35:21.949 26764  1170 E WeatherS_PrivacyStatementExport: isAgreed1
06-11 10:35:21.950 26764  1170 W WeatherS_ApkSignedCheck: checkCertificateWhiteList: not in inWhiteListcom.coloros.weather.service
06-11 10:35:21.950 26764  1170 I WeatherS_WeatherProvider: query option: 1,callingUid: 10169,name: com.coloros.weather.service
06-11 10:35:21.952 26764  1170 E WeatherS_PrivacyStatementExport: isAgreed1
06-11 10:35:21.952 26764  1170 W WeatherS_ApkSignedCheck: checkCertificateWhiteList: not in inWhiteListcom.coloros.weather.service
06-11 10:35:21.953 26764  1170 I WeatherS_WeatherProvider: update option: 13,callingUid: 10169,name: com.coloros.weather.service
06-11 10:35:21.954 26764  1170 E WeatherS_PrivacyStatementExport: isAgreed1
06-11 10:35:21.955 26764  1170 W WeatherS_ApkSignedCheck: checkCertificateWhiteList: not in inWhiteListcom.coloros.weather.service
06-11 10:35:21.955 26764  1170 I WeatherS_WeatherProvider: update option: 13,callingUid: 10169,name: com.coloros.weather.service
06-11 10:35:21.957 26764  1170 E WeatherS_PrivacyStatementExport: isAgreed1
06-11 10:35:21.957 26764  1170 W WeatherS_ApkSignedCheck: checkCertificateWhiteList: not in inWhiteListcom.coloros.weather.service
06-11 10:35:21.958 26764  1170 I WeatherS_WeatherProvider: update option: 13,callingUid: 10169,name: com.coloros.weather.service
06-11 10:35:21.959 26764  1170 E WeatherS_PrivacyStatementExport: isAgreed1
06-11 10:35:21.959 26764  1170 W WeatherS_ApkSignedCheck: checkCertificateWhiteList: not in inWhiteListcom.coloros.weather.service
06-11 10:35:21.959 26764  1170 I WeatherS_WeatherProvider: update option: 13,callingUid: 10169,name: com.coloros.weather.service
06-11 10:35:21.960 26764  1170 E WeatherS_PrivacyStatementExport: isAgreed1
06-11 10:35:21.961 26764  1170 W WeatherS_ApkSignedCheck: checkCertificateWhiteList: not in inWhiteListcom.coloros.weather.service
06-11 10:35:21.961 26764  1170 I WeatherS_WeatherProvider: update option: 13,callingUid: 10169,name: com.coloros.weather.service
06-11 10:35:21.962 26764  1170 E WeatherS_PrivacyStatementExport: isAgreed1
06-11 10:35:21.962 26764  1170 W WeatherS_ApkSignedCheck: checkCertificateWhiteList: not in inWhiteListcom.coloros.weather.service
06-11 10:35:21.963 26764  1170 I WeatherS_WeatherProvider: update option: 13,callingUid: 10169,name: com.coloros.weather.service
06-11 10:35:21.966 26764  1170 I WeatherS_OplusFreezeUtil: cancelFreezeDelay result:true
06-11 10:35:21.967 26764 26764 I WeatherS_AutoGetLocationService: AutoGetLctService onReceive: com.oplus.weather.action.deal_location
06-11 10:35:21.969 26764 26764 I WeatherS_AutoGetLocationService: onReceive:AutoGetLctService.stopSelf() end
06-11 10:35:21.970 26764 26764 I WeatherS_UpdateWeatherService: mUpdateResultReceiver OnReceive ACTION_UPDATE_COMPLETE
06-11 10:35:21.971 26764 26764 I WeatherS_AutoGetLocationService: onDestroy
06-11 10:35:21.972 26764 26764 I Weather_Location_LocationController: stopAndClear
06-11 10:35:21.972 26764 26764 I Weather_Location_SystemLocation: stopLocalLocation remove listener:224447924
06-11 10:35:21.980 26764 26764 I WeatherS_UpdateWeatherService: onDestroy
06-11 10:35:21.981 26764 26764 I WeatherS_OplusFreezeUtil: cancelFreezeDelay result:false
06-11 10:35:22.024  1656  5403 I vendor.qti.bluetooth@1.0-ibs_handler: [ibs_handler.cpp:778] ProcessIbsCmd: Received IBS_WAKE_IND: 0xFD
06-11 10:35:22.025  1656  5403 D vendor.qti.bluetooth@1.0-ibs_handler: [ibs_handler.cpp:372] SerialClockVote: vote for UART CLK ON
06-11 10:35:22.026  1656  5403 D vendor.qti.bluetooth@1.0-wake_lock: [wake_lock.cpp:135] Acquire wakelock is acquired 
06-11 10:35:22.026  1656  5403 I vendor.qti.bluetooth@1.0-ibs_handler: [ibs_handler.cpp:795] ProcessIbsCmd: Writing IBS_WAKE_ACK
06-11 10:35:22.028  1667 15952 I sensors-hal: handle_oplus_wise_rgb_event:230, wise_rgb:algo_type = 3
06-11 10:35:22.028  1667 15952 I sensors-hal: handle_oplus_wise_rgb_event:285, wise_rgb: raw_lux 515.539551, raw_cct 6488.654785, r/g/b/c: 41158.843750/36206.535156/20554.787109/91524.539062, R/G/B: 0.000000/0.000000/0.000000, brl 1529.000000, lux: 515.539551, cct: 6488.654785, ts 242719344485936, cnt 4257
06-11 10:35:22.067  1656  5403 I vendor.qti.bluetooth@1.0-ibs_handler: [ibs_handler.cpp:825] ProcessIbsCmd: Received IBS_SLEEP_IND: 0xFE
06-11 10:35:22.067  1656  5403 D vendor.qti.bluetooth@1.0-ibs_handler: [ibs_handler.cpp:391] SerialClockVote: vote for UART CLK OFF
06-11 10:35:22.110  3189  3610 D osense.compress: com.coloros.shortcuts do shrink, target ratio = 80, final ratio = 90, cur ratio = 70
06-11 10:35:22.114  4639  8246 D CommonApp-194-10602: transport layer data is invalid
06-11 10:35:22.115  4639  8246 D ScorePolicy: handleScoreChanged: []
06-11 10:35:22.115  4639  8246 D ScorePolicy: handleScoreChanged: []
06-11 10:35:22.115  4639  8246 D ScorePolicy: handleScoreChanged: []
06-11 10:35:22.218  1656  5071 D vendor.qti.bluetooth@1.0-wake_lock: [wake_lock.cpp:158] Release wakelock is released 
06-11 10:35:22.227  1667 15952 I sensors-hal: handle_oplus_wise_rgb_event:230, wise_rgb:algo_type = 3
06-11 10:35:22.227  1667 15952 I sensors-hal: handle_oplus_wise_rgb_event:285, wise_rgb: raw_lux 519.101929, raw_cct 6368.513672, r/g/b/c: 41110.167969/36243.378906/20329.689453/91547.632812, R/G/B: 0.000000/0.000000/0.000000, brl 1529.000000, lux: 519.101929, cct: 6368.513672, ts 242719544238905, cnt 4258
